symbol,timeframe,slice_combination,window,diagnostic_status,window_start_utc,window_end_utc,window_rows,slice_n,slice_mean_ret_costadj,slice_win_rate,slice_t_stat_nw,slice_p_value_nw,slice_pass,baseline_n,baseline_mean_ret_costadj,excess_vs_baseline,best_parent_filter,best_parent_n,best_parent_mean_ret_costadj,excess_vs_best_parent,best_parent_p_value_nw
AAVE/USD,1d,cross_USO_state_slope=uptrend + cross_TLT_state_ext=neutral + state_ext=stretched_up,all,ok,2021-07-15 00:00:00+00:00,2026-07-18 00:00:00+00:00,1830.0,83.0,0.04708826023500763,0.6746987951807228,3.160807325412112,0.0015733253328593655,True,1830.0,-0.0038038282031588764,0.050892088438166505,cross_USO_state_slope=uptrend + state_ext=stretched_up,136.0,0.04295533939125402,0.004132920843753614,0.0009874093621096147
AAVE/USD,1d,cross_USO_state_slope=uptrend + cross_TLT_state_ext=neutral + state_ext=stretched_up,calendar_2024,ok,2024-01-01 00:00:00+00:00,2024-12-31 00:00:00+00:00,366.0,19.0,-0.003652523685344459,0.47368421052631576,-0.09252954268555494,0.9262773202285659,False,366.0,-0.022760187861961188,0.019107664176616728,cross_USO_state_slope=uptrend + state_ext=stretched_up,27.0,0.032839930128176174,-0.036492453813520634,0.4236094034673785
AAVE/USD,1d,cross_USO_state_slope=uptrend + cross_TLT_state_ext=neutral + state_ext=stretched_up,calendar_2025,ok,2025-01-01 00:00:00+00:00,2025-12-31 00:00:00+00:00,365.0,19.0,0.07245184245596635,0.7894736842105263,3.3626273628471273,0.0007720450274368851,True,365.0,0.0048426307881787485,0.0676092116677876,cross_USO_state_slope=uptrend + state_ext=stretched_up,28.0,0.06896529761451274,0.0034865448414536093,3.68007175495233e-05
AAVE/USD,1d,cross_USO_state_slope=uptrend + cross_TLT_state_ext=neutral + state_ext=stretched_up,calendar_2026_ytd,ok,2026-01-01 00:00:00+00:00,2026-07-18 00:00:00+00:00,199.0,21.0,0.08236273044178348,0.8571428571428571,5.198481889517008,2.0092269625848758e-07,True,199.0,0.009319355333214735,0.07304337510856874,cross_USO_state_slope=uptrend + state_ext=stretched_up,30.0,0.07582156078787958,0.006541169653903903,3.8620218134610695e-12
AAVE/USD,1d,cross_USO_state_slope=uptrend + cross_TLT_state_ext=neutral + state_ext=stretched_up,latest_12m,ok,2025-07-18 00:00:00+00:00,2026-07-18 00:00:00+00:00,366.0,22.0,0.08851833242805787,0.8636363636363636,6.151901603606347,7.655938105699533e-10,True,366.0,0.012262824996133374,0.0762555074319245,cross_USO_state_slope=uptrend + state_ext=stretched_up,31.0,0.08040105799278088,0.008117274435276989,6.661338147750939e-16
AAVE/USD,1d,cross_USO_state_slope=uptrend + cross_TLT_state_ext=neutral + state_ext=stretched_up,latest_6m,ok,2026-01-18 00:00:00+00:00,2026-07-18 00:00:00+00:00,182.0,15.0,0.09061215613523635,0.8666666666666667,4.773104268163168,1.8140781059550193e-06,True,182.0,0.010151582849706247,0.08046057328553011,cross_USO_state_slope=uptrend + state_ext=stretched_up,24.0,0.07934215943281166,0.011269996702424692,1.5366858896470603e-09
AAVE/USD,1d,cross_USO_state_slope=uptrend + state_ext=stretched_up,all,ok,2021-07-15 00:00:00+00:00,2026-07-18 00:00:00+00:00,1830.0,136.0,0.04295533939125402,0.6617647058823529,3.2940898327095844,0.0009874093621096147,True,1830.0,-0.0038038282031588764,0.04675916759441289,cross_USO_state_slope=uptrend,398.0,0.018706971134997762,0.024248368256256255,0.053880899247833014
AAVE/USD,1d,cross_USO_state_slope=uptrend + state_ext=stretched_up,calendar_2024,ok,2024-01-01 00:00:00+00:00,2024-12-31 00:00:00+00:00,366.0,27.0,0.032839930128176174,0.5555555555555556,0.8001750151105604,0.4236094034673785,False,366.0,-0.022760187861961188,0.055600117990137365,cross_USO_state_slope=uptrend,81.0,-0.005634395246706622,0.038474325374882795,0.8105939376855904
AAVE/USD,1d,cross_USO_state_slope=uptrend + state_ext=stretched_up,calendar_2025,ok,2025-01-01 00:00:00+00:00,2025-12-31 00:00:00+00:00,365.0,28.0,0.06896529761451274,0.7857142857142857,4.126699241359338,3.68007175495233e-05,True,365.0,0.0048426307881787485,0.064122666826334,cross_USO_state_slope=uptrend,78.0,0.030246754362499118,0.038718543252013626,0.09895235883966236
AAVE/USD,1d,cross_USO_state_slope=uptrend + state_ext=stretched_up,calendar_2026_ytd,ok,2026-01-01 00:00:00+00:00,2026-07-18 00:00:00+00:00,199.0,30.0,0.07582156078787958,0.9,6.942139235062809,3.8620218134610695e-12,True,199.0,0.009319355333214735,0.06650220545466484,cross_USO_state_slope=uptrend,123.0,0.022376770205511563,0.053444790582368014,0.08841814812683446
AAVE/USD,1d,cross_USO_state_slope=uptrend + state_ext=stretched_up,latest_12m,ok,2025-07-18 00:00:00+00:00,2026-07-18 00:00:00+00:00,366.0,31.0,0.08040105799278088,0.9032258064516129,8.072690959291984,6.661338147750939e-16,True,366.0,0.012262824996133374,0.06813823299664751,cross_USO_state_slope=uptrend,131.0,0.025530585081728417,0.054870472911052466,0.050233331121894764
AAVE/USD,1d,cross_USO_state_slope=uptrend + state_ext=stretched_up,latest_6m,ok,2026-01-18 00:00:00+00:00,2026-07-18 00:00:00+00:00,182.0,24.0,0.07934215943281166,0.9166666666666666,6.04046724103077,1.5366858896470603e-09,True,182.0,0.010151582849706247,0.06919057658310541,cross_USO_state_slope=uptrend,117.0,0.020358185795119776,0.05898397363769188,0.13411680087841882
AAVE/USD,1d,cross_USO_state_slope=uptrend + cross_TLT_state_slope=flat + state_ext=stretched_up,all,ok,2021-07-15 00:00:00+00:00,2026-07-18 00:00:00+00:00,1830.0,58.0,0.0550554718744708,0.7068965517241379,2.4389953762813033,0.014728156702348727,True,1830.0,-0.0038038282031588764,0.05885930007762968,cross_USO_state_slope=uptrend + state_ext=stretched_up,136.0,0.04295533939125402,0.012100132483216786,0.0009874093621096147
AAVE/USD,1d,cross_USO_state_slope=uptrend + cross_TLT_state_slope=flat + state_ext=stretched_up,calendar_2024,ok,2024-01-01 00:00:00+00:00,2024-12-31 00:00:00+00:00,366.0,16.0,0.03433136082706412,0.5,0.5041694702677727,0.6141422922317619,False,366.0,-0.022760187861961188,0.0570915486890253,cross_USO_state_slope=uptrend + state_ext=stretched_up,27.0,0.032839930128176174,0.0014914306988879425,0.4236094034673785
AAVE/USD,1d,cross_USO_state_slope=uptrend + cross_TLT_state_slope=flat + state_ext=stretched_up,calendar_2025,ok,2025-01-01 00:00:00+00:00,2025-12-31 00:00:00+00:00,365.0,11.0,0.07693011785771056,0.7272727272727273,2.7203708996953835,0.006520872908436726,False,365.0,0.0048426307881787485,0.07208748706953182,cross_USO_state_slope=uptrend + state_ext=stretched_up,28.0,0.06896529761451274,0.00796482024319782,3.68007175495233e-05
AAVE/USD,1d,cross_USO_state_slope=uptrend + cross_TLT_state_slope=flat + state_ext=stretched_up,calendar_2026_ytd,ok,2026-01-01 00:00:00+00:00,2026-07-18 00:00:00+00:00,199.0,17.0,0.0740894137042735,0.8235294117647058,5.141921312942551,2.719430169939585e-07,True,199.0,0.009319355333214735,0.06477005837105876,cross_USO_state_slope=uptrend + state_ext=stretched_up,30.0,0.07582156078787958,-0.0017321470836060837,3.8620218134610695e-12
AAVE/USD,1d,cross_USO_state_slope=uptrend + cross_TLT_state_slope=flat + state_ext=stretched_up,latest_12m,ok,2025-07-18 00:00:00+00:00,2026-07-18 00:00:00+00:00,366.0,18.0,0.08207255595069277,0.8333333333333334,6.4613676636404085,1.0376099979225728e-10,True,366.0,0.012262824996133374,0.06980973095455939,cross_USO_state_slope=uptrend + state_ext=stretched_up,31.0,0.08040105799278088,0.0016714979579118827,6.661338147750939e-16
AAVE/USD,1d,cross_USO_state_slope=uptrend + cross_TLT_state_slope=flat + state_ext=stretched_up,latest_6m,ok,2026-01-18 00:00:00+00:00,2026-07-18 00:00:00+00:00,182.0,11.0,0.080825912338522,0.8181818181818182,4.708878682687069,2.490832603285753e-06,False,182.0,0.010151582849706247,0.07067432948881576,cross_USO_state_slope=uptrend + state_ext=stretched_up,24.0,0.07934215943281166,0.001483752905710345,1.5366858896470603e-09
CRV/USD,1d,cross_TLT_state_slope=uptrend + state_slope=uptrend,all,ok,2023-08-18 00:00:00+00:00,2026-07-18 00:00:00+00:00,1066.0,66.0,0.023560665948867205,0.6666666666666666,1.0582771418565657,0.28992911088831264,False,1066.0,-0.0034415481086966953,0.0270022140575639,cross_TLT_state_slope=uptrend,419.0,0.006019906474611386,0.017540759474255818,0.5529054458525398
CRV/USD,1d,cross_TLT_state_slope=uptrend + state_slope=uptrend,calendar_2024,ok,2024-01-01 00:00:00+00:00,2024-12-31 00:00:00+00:00,366.0,43.0,0.025325529534821707,0.6744186046511628,0.8075811515730978,0.4193317407744952,False,366.0,-0.017895478617515517,0.043221008152337224,cross_TLT_state_slope=uptrend,153.0,0.0116909621964262,0.013634567338395508,0.5087408360832351
CRV/USD,1d,cross_TLT_state_slope=uptrend + state_slope=uptrend,calendar_2025,ok,2025-01-01 00:00:00+00:00,2025-12-31 00:00:00+00:00,365.0,7.0,-0.08645427777625976,0.0,-4.578396196887829,4.685545827110005e-06,False,365.0,0.004549795313506514,-0.09100407308976627,cross_TLT_state_slope=uptrend,144.0,0.007919456565931215,-0.09437373434219097,0.6475667850443134
CRV/USD,1d,cross_TLT_state_slope=uptrend + state_slope=uptrend,calendar_2026_ytd,ok,2026-01-01 00:00:00+00:00,2026-07-18 00:00:00+00:00,199.0,16.0,0.06694913294135751,0.9375,5.150978420815003,2.591310066524244e-07,True,199.0,0.013277055994760112,0.053672076946597404,state_slope=uptrend,73.0,0.01953869724197102,0.047410435699386494,0.16092914072296138
CRV/USD,1d,cross_TLT_state_slope=uptrend + state_slope=uptrend,latest_12m,ok,2025-07-18 00:00:00+00:00,2026-07-18 00:00:00+00:00,366.0,18.0,0.05149224677915146,0.8333333333333334,2.7903836273981306,0.00526456218932525,True,366.0,0.016386681983368043,0.03510556479578342,state_slope=uptrend,91.0,0.020999558981878125,0.03049268779727333,0.09293998569676498
CRV/USD,1d,cross_TLT_state_slope=uptrend + state_slope=uptrend,latest_6m,ok,2026-01-18 00:00:00+00:00,2026-07-18 00:00:00+00:00,182.0,16.0,0.06694913294135751,0.9375,5.150978420815003,2.591310066524244e-07,True,182.0,0.01210382280821652,0.05484531013314099,state_slope=uptrend,56.0,0.017626544764321943,0.04932258817703557,0.2558901858730205
CRV/USD,1d,cross_TLT_state_slope=uptrend + state_ext=stretched_up,all,ok,2023-08-18 00:00:00+00:00,2026-07-18 00:00:00+00:00,1066.0,129.0,0.02672325909569034,0.6356589147286822,1.8702760830575473,0.061445489032490475,False,1066.0,-0.0034415481086966953,0.030164807204387037,cross_TLT_state_slope=uptrend,419.0,0.006019906474611386,0.020703352621078953,0.5529054458525398
CRV/USD,1d,cross_TLT_state_slope=uptrend + state_ext=stretched_up,calendar_2024,ok,2024-01-01 00:00:00+00:00,2024-12-31 00:00:00+00:00,366.0,62.0,0.024288003911518023,0.5483870967741935,0.9466860904329476,0.3437987603589494,False,366.0,-0.017895478617515517,0.04218348252903354,cross_TLT_state_slope=uptrend,153.0,0.0116909621964262,0.012597041715091824,0.5087408360832351
CRV/USD,1d,cross_TLT_state_slope=uptrend + state_ext=stretched_up,calendar_2025,ok,2025-01-01 00:00:00+00:00,2025-12-31 00:00:00+00:00,365.0,13.0,0.025929203901068027,0.6153846153846154,0.5289492104598489,0.5968406831956339,False,365.0,0.004549795313506514,0.021379408587561512,cross_TLT_state_slope=uptrend,144.0,0.007919456565931215,0.018009747335136814,0.6475667850443134
CRV/USD,1d,cross_TLT_state_slope=uptrend + state_ext=stretched_up,calendar_2026_ytd,ok,2026-01-01 00:00:00+00:00,2026-07-18 00:00:00+00:00,199.0,21.0,0.052672402188320436,0.9523809523809523,5.16268864925143,2.4342784521458327e-07,True,199.0,0.013277055994760112,0.039395346193560325,state_ext=stretched_up,73.0,0.023842625246102235,0.0288297769422182,0.0817932559915735
CRV/USD,1d,cross_TLT_state_slope=uptrend + state_ext=stretched_up,latest_12m,ok,2025-07-18 00:00:00+00:00,2026-07-18 00:00:00+00:00,366.0,29.0,0.07040706735429098,0.9655172413793104,6.5197012996145896,7.044764771535483e-11,True,366.0,0.016386681983368043,0.054020385370922935,state_ext=stretched_up,109.0,0.04100863104535837,0.02939843630893261,0.005002593494686902
CRV/USD,1d,cross_TLT_state_slope=uptrend + state_ext=stretched_up,latest_6m,ok,2026-01-18 00:00:00+00:00,2026-07-18 00:00:00+00:00,182.0,21.0,0.052672402188320436,0.9523809523809523,5.16268864925143,2.4342784521458327e-07,True,182.0,0.01210382280821652,0.040568579380103914,state_ext=stretched_up,58.0,0.020142705014863548,0.032529697173456884,0.19479124484491628
XRP/USD,1d,state_ext=neutral + state_vol=mid_vol,all,ok,2024-01-01 00:00:00+00:00,2026-07-18 00:00:00+00:00,930.0,52.0,0.03447388478048821,0.8076923076923077,3.9366328677013587,8.263287723564439e-05,True,930.0,-0.00813339438822198,0.04260727916871019,state_ext=neutral,176.0,0.01913092643770421,0.015342958342784003,0.016469903698859145
XRP/USD,1d,state_ext=neutral + state_vol=mid_vol,calendar_2024,ok,2024-01-01 00:00:00+00:00,2024-12-31 00:00:00+00:00,366.0,8.0,0.036246465591645224,0.875,3.5897919481810043,0.00033094199456651374,False,366.0,-0.025896079263533826,0.06214254485517905,state_ext=neutral,62.0,0.02678485527791536,0.009461610313729864,0.06339556871225338
XRP/USD,1d,state_ext=neutral + state_vol=mid_vol,calendar_2025,ok,2025-01-01 00:00:00+00:00,2025-12-31 00:00:00+00:00,365.0,34.0,0.02876341991505251,0.7352941176470589,2.176077104479729,0.02954949559865594,True,365.0,-0.001952040629345084,0.030715460544397596,state_ext=neutral,67.0,0.026738254301098552,0.0020251656139539595,0.026022979149367576
XRP/USD,1d,state_ext=neutral + state_vol=mid_vol,calendar_2026_ytd,ok,2026-01-01 00:00:00+00:00,2026-07-18 00:00:00+00:00,199.0,10.0,0.052471400674043975,1.0,6.590415384790904,4.385980467702666e-11,False,199.0,0.01319800532220049,0.03927339535184349,state_vol=mid_vol,63.0,0.03151967353473113,0.020951727139312842,0.006601618214888916
XRP/USD,1d,state_ext=neutral + state_vol=mid_vol,latest_12m,ok,2025-07-18 00:00:00+00:00,2026-07-18 00:00:00+00:00,366.0,28.0,0.04849555241975447,0.9285714285714286,6.462792809371816,1.0278800033347579e-10,True,366.0,0.013082288879176444,0.03541326354057803,state_vol=mid_vol,155.0,0.026046841380262455,0.022448711039492017,0.0010395708643140544
XRP/USD,1d,state_ext=neutral + state_vol=mid_vol,latest_6m,ok,2026-01-18 00:00:00+00:00,2026-07-18 00:00:00+00:00,182.0,8.0,0.04981158639981584,1.0,4.915934848959077,8.835978184684734e-07,False,182.0,0.013145945888878638,0.0366656405109372,state_vol=mid_vol,48.0,0.0317381450233131,0.01807344137650274,0.0268144920410891
SUSHI/USD,1d,cross_USO_state_vol=low_vol + state_ext=stretched_up,all,ok,2021-07-23 00:00:00+00:00,2026-07-18 00:00:00+00:00,1822.0,209.0,0.026697672102742646,0.6411483253588517,1.469257244153278,0.1417630289399865,False,1822.0,0.002489867830105468,0.02420780427263718,cross_USO_state_vol=low_vol,617.0,0.01832986405308955,0.008367808049653095,0.031235834777556537
SUSHI/USD,1d,cross_USO_state_vol=low_vol + state_ext=stretched_up,calendar_2024,ok,2024-01-01 00:00:00+00:00,2024-12-31 00:00:00+00:00,366.0,91.0,-0.028257936070228487,0.45054945054945056,-0.9051738761103881,0.36537327931168107,False,366.0,-0.013848739857466172,-0.014409196212762316,cross_USO_state_vol=low_vol,232.0,0.0006159497189780205,-0.028873885789206508,0.9710917255102303
SUSHI/USD,1d,cross_USO_state_vol=low_vol + state_ext=stretched_up,calendar_2025,ok,2025-01-01 00:00:00+00:00,2025-12-31 00:00:00+00:00,365.0,42.0,0.11851732577240412,0.9285714285714286,7.554146770939392,4.218847493575595e-14,True,365.0,0.014850030023750602,0.10366729574865352,state_ext=stretched_up,88.0,0.04505184419797911,0.073465481574425,0.06456281520520069
SUSHI/USD,1d,cross_USO_state_vol=low_vol + state_ext=stretched_up,calendar_2026_ytd,ok,2026-01-01 00:00:00+00:00,2026-07-18 00:00:00+00:00,199.0,5.0,-0.01184051984635746,0.6,-0.3180922474203545,0.7504149641301512,False,199.0,0.01316434378584555,-0.02500486363220301,state_ext=stretched_up,59.0,0.025499996297212408,-0.03734051614356987,0.10342791289392483
SUSHI/USD,1d,cross_USO_state_vol=low_vol + state_ext=stretched_up,latest_12m,ok,2025-07-18 00:00:00+00:00,2026-07-18 00:00:00+00:00,366.0,28.0,0.08083595041089253,0.8928571428571429,3.867034251821546,0.0001101669596303978,True,366.0,0.01971434758742714,0.06112160282346539,state_ext=stretched_up,88.0,0.049193247491649814,0.03164270291924272,0.0002361938188033541
SUSHI/USD,1d,cross_USO_state_vol=low_vol + state_ext=stretched_up,latest_6m,ok,2026-01-18 00:00:00+00:00,2026-07-18 00:00:00+00:00,182.0,0.0,,,,,False,182.0,0.012944148904155696,,state_ext=stretched_up,44.0,0.027121794449319014,,0.15796967028801157
CRV/USD,1h,state_weekpart=weekend + state_ext=stretched_up + state_vol=low_vol,all,ok,2025-07-11 10:00:00+00:00,2026-07-24 18:00:00+00:00,9072.0,178.0,0.002548553193834859,0.601123595505618,1.1624236895637026,0.2450634052360261,False,9072.0,0.00019551873813968769,0.002353034455695171,state_weekpart=weekend + state_ext=stretched_up,395.0,0.0025691670779531793,-2.0613884118320276e-05,0.12666268534476588
CRV/USD,1h,state_weekpart=weekend + state_ext=stretched_up + state_vol=low_vol,calendar_2024,empty_window,,,,,,,,,,,,,,,,,
CRV/USD,1h,state_weekpart=weekend + state_ext=stretched_up + state_vol=low_vol,calendar_2025,ok,2025-07-11 10:00:00+00:00,2025-12-31 23:00:00+00:00,4158.0,109.0,-0.0015577542084575522,0.5045871559633027,-0.5430036559625355,0.5871272852448715,False,4158.0,0.00018120968019573849,-0.0017389638886532908,state_ext=stretched_up + state_vol=low_vol,299.0,0.003922039304117852,-0.005479793512575404,0.02477667391856686
CRV/USD,1h,state_weekpart=weekend + state_ext=stretched_up + state_vol=low_vol,calendar_2026_ytd,ok,2026-01-01 00:00:00+00:00,2026-07-24 18:00:00+00:00,4914.0,69.0,0.00903532865542722,0.7536231884057971,3.6401915775214735,0.0002724352636980232,True,4914.0,0.0002076264025537983,0.008827702252873422,state_weekpart=weekend + state_ext=stretched_up,168.0,0.005440342499474873,0.003594986155952347,0.01321610110196958
CRV/USD,1h,state_weekpart=weekend + state_ext=stretched_up + state_vol=low_vol,latest_12m,ok,2025-07-24 18:00:00+00:00,2026-07-24 18:00:00+00:00,8752.0,178.0,0.002548553193834859,0.601123595505618,1.1624236895637026,0.2450634052360261,False,8752.0,0.0004700034806193697,0.002078549713215489,state_weekpart=weekend + state_ext=stretched_up,363.0,0.0030274803752494044,-0.00047892718141454536,0.08308548559166429
CRV/USD,1h,state_weekpart=weekend + state_ext=stretched_up + state_vol=low_vol,latest_6m,ok,2026-01-24 18:00:00+00:00,2026-07-24 18:00:00+00:00,4344.0,63.0,0.009088204380048441,0.7619047619047619,3.48847103584006,0.00048579145011262703,True,4344.0,0.00028344632417100164,0.00880475805587744,state_weekpart=weekend + state_ext=stretched_up,142.0,0.004875345004293029,0.004212859375755412,0.021282169118041594
AAVE/USD,1d,cross_USO_state_slope=uptrend + cross_TLT_state_slope=uptrend + state_ext=stretched_up,all,ok,2021-07-15 00:00:00+00:00,2026-07-18 00:00:00+00:00,1830.0,44.0,0.05737416116661975,0.7045454545454546,3.2441557173618585,0.001177993277498235,True,1830.0,-0.0038038282031588764,0.061177989369778626,cross_USO_state_slope=uptrend + state_ext=stretched_up,136.0,0.04295533939125402,0.014418821775365735,0.0009874093621096147
AAVE/USD,1d,cross_USO_state_slope=uptrend + cross_TLT_state_slope=uptrend + state_ext=stretched_up,calendar_2024,ok,2024-01-01 00:00:00+00:00,2024-12-31 00:00:00+00:00,366.0,6.0,0.06290444840517566,0.6666666666666666,1.204935710913695,0.22822812127545133,False,366.0,-0.022760187861961188,0.08566463626713684,cross_USO_state_slope=uptrend + state_ext=stretched_up,27.0,0.032839930128176174,0.030064518276999484,0.4236094034673785
AAVE/USD,1d,cross_USO_state_slope=uptrend + cross_TLT_state_slope=uptrend + state_ext=stretched_up,calendar_2025,ok,2025-01-01 00:00:00+00:00,2025-12-31 00:00:00+00:00,365.0,7.0,0.08156184957289969,1.0,5.441932855712522,5.270554259695359e-08,False,365.0,0.0048426307881787485,0.07671921878472095,cross_USO_state_slope=uptrend + state_ext=stretched_up,28.0,0.06896529761451274,0.01259655195838695,3.68007175495233e-05
AAVE/USD,1d,cross_USO_state_slope=uptrend + cross_TLT_state_slope=uptrend + state_ext=stretched_up,calendar_2026_ytd,ok,2026-01-01 00:00:00+00:00,2026-07-18 00:00:00+00:00,199.0,9.0,0.07818847816611785,1.0,4.916750269066761,8.799268484960265e-07,False,199.0,0.009319355333214735,0.06886912283290311,cross_USO_state_slope=uptrend + state_ext=stretched_up,30.0,0.07582156078787958,0.00236691737823827,3.8620218134610695e-12
AAVE/USD,1d,cross_USO_state_slope=uptrend + cross_TLT_state_slope=uptrend + state_ext=stretched_up,latest_12m,ok,2025-07-18 00:00:00+00:00,2026-07-18 00:00:00+00:00,366.0,9.0,0.07818847816611785,1.0,4.916750269066761,8.799268484960265e-07,False,366.0,0.012262824996133374,0.06592565316998447,cross_USO_state_slope=uptrend + state_ext=stretched_up,31.0,0.08040105799278088,-0.002212579826663036,6.661338147750939e-16
AAVE/USD,1d,cross_USO_state_slope=uptrend + cross_TLT_state_slope=uptrend + state_ext=stretched_up,latest_6m,ok,2026-01-18 00:00:00+00:00,2026-07-18 00:00:00+00:00,182.0,9.0,0.07818847816611785,1.0,4.916750269066761,8.799268484960265e-07,False,182.0,0.010151582849706247,0.0680368953164116,cross_USO_state_slope=uptrend + state_ext=stretched_up,24.0,0.07934215943281166,-0.0011536812666938095,1.5366858896470603e-09
SOL/USD,1d,cross_USO_state_slope=uptrend + state_slope=uptrend,all,ok,2021-07-13 00:00:00+00:00,2026-07-18 00:00:00+00:00,1414.0,63.0,0.05099572495028119,0.7142857142857143,4.731989572938397,2.2232983649672633e-06,True,1414.0,-0.02675543787870287,0.07775116282898406,cross_USO_state_slope=uptrend,274.0,0.01205330351981383,0.03894242143046736,0.24506728580080916
SOL/USD,1d,cross_USO_state_slope=uptrend + state_slope=uptrend,calendar_2024,ok,2024-08-26 00:00:00+00:00,2024-12-31 00:00:00+00:00,128.0,2.0,-0.010201532130171019,0.5,-0.5469598024478753,0.5844063488386542,False,128.0,-0.01817604305672444,0.007974510926553421,state_slope=uptrend,72.0,-0.0072038241625544,-0.0029977079676166193,0.6155744597614781
SOL/USD,1d,cross_USO_state_slope=uptrend + state_slope=uptrend,calendar_2025,ok,2025-01-01 00:00:00+00:00,2025-12-31 00:00:00+00:00,365.0,19.0,0.056384898496764396,0.8421052631578947,3.8967191200232305,9.750459048607496e-05,True,365.0,0.001966645914358717,0.05441825258240568,cross_USO_state_slope=uptrend,78.0,0.019463250207841606,0.03692164828892279,0.34740712821146325
SOL/USD,1d,cross_USO_state_slope=uptrend + state_slope=uptrend,calendar_2026_ytd,ok,2026-01-01 00:00:00+00:00,2026-07-18 00:00:00+00:00,199.0,23.0,0.04630128166102971,0.6956521739130435,3.5718003350169187,0.00035453566746057597,True,199.0,0.010576641500550241,0.035724640160479465,state_slope=uptrend,46.0,0.021332112896149388,0.024969168764880322,0.08064819785142419
SOL/USD,1d,cross_USO_state_slope=uptrend + state_slope=uptrend,latest_12m,ok,2025-07-18 00:00:00+00:00,2026-07-18 00:00:00+00:00,366.0,23.0,0.04630128166102971,0.6956521739130435,3.5718003350169187,0.00035453566746057597,True,366.0,0.008923515606133633,0.03737776605489608,cross_USO_state_slope=uptrend,131.0,0.02058639866959845,0.02571488299143126,0.08439421996772745
SOL/USD,1d,cross_USO_state_slope=uptrend + state_slope=uptrend,latest_6m,ok,2026-01-18 00:00:00+00:00,2026-07-18 00:00:00+00:00,182.0,17.0,0.03682623100158851,0.6470588235294118,2.9970744363759256,0.0027258414642172824,True,182.0,0.011392027953118148,0.025434203048470362,state_slope=uptrend,34.0,0.022719435695925664,0.014106795305662844,0.030462987622482895
DOT/USD,1d,state_ext=stretched_up + state_vol=low_vol,all,ok,2023-08-18 00:00:00+00:00,2026-07-18 00:00:00+00:00,1066.0,47.0,0.047969266792683,0.7446808510638298,3.24869117993775,0.0011593727131868903,True,1066.0,0.0033786206883847474,0.04459064610429825,state_vol=low_vol,211.0,0.017190325457466973,0.030778941335216026,0.07502874251782843
DOT/USD,1d,state_ext=stretched_up + state_vol=low_vol,calendar_2024,ok,2024-01-01 00:00:00+00:00,2024-12-31 00:00:00+00:00,366.0,18.0,0.031070178751397098,0.6666666666666666,1.0577060237484377,0.2901894881502991,False,366.0,-0.004460828339857393,0.03553100709125449,state_vol=low_vol,78.0,0.015415588073445138,0.01565459067795196,0.3387138975599826
DOT/USD,1d,state_ext=stretched_up + state_vol=low_vol,calendar_2025,ok,2025-01-01 00:00:00+00:00,2025-12-31 00:00:00+00:00,365.0,18.0,0.07222258684284873,0.8333333333333334,4.30480644764872,1.6713179320726468e-05,True,365.0,0.012580249761879448,0.05964233708096928,state_ext=stretched_up,101.0,0.03528277329009223,0.036939813552756495,0.008441295453992304
DOT/USD,1d,state_ext=stretched_up + state_vol=low_vol,calendar_2026_ytd,ok,2026-01-01 00:00:00+00:00,2026-07-18 00:00:00+00:00,199.0,11.0,0.03593506895997058,0.7272727272727273,2.2630092310259546,0.02363512025367598,False,199.0,0.020207372732075967,0.015727696227894616,state_ext=stretched_up,48.0,0.029201039568512003,0.00673402939145858,0.011121300722704675
DOT/USD,1d,state_ext=stretched_up + state_vol=low_vol,latest_12m,ok,2025-07-18 00:00:00+00:00,2026-07-18 00:00:00+00:00,366.0,22.0,0.04861903901258724,0.7272727272727273,3.6433609217737417,0.0002691010841440189,True,366.0,0.01887266533512046,0.02974637367746678,state_ext=stretched_up,91.0,0.04344940856962519,0.00516963044296205,2.0579034824219633e-05
DOT/USD,1d,state_ext=stretched_up + state_vol=low_vol,latest_6m,ok,2026-01-18 00:00:00+00:00,2026-07-18 00:00:00+00:00,182.0,11.0,0.03593506895997058,0.7272727272727273,2.2630092310259546,0.02363512025367598,False,182.0,0.02031260209561343,0.015622466864357153,state_ext=stretched_up,31.0,0.034750848613132365,0.0011842203468382176,0.0029395241752530055
UNI/USD,1d,cross_TLT_state_slope=downtrend + state_ext=stretched_up,all,ok,2021-07-13 00:00:00+00:00,2026-07-20 00:00:00+00:00,1834.0,115.0,0.030481500409804456,0.6782608695652174,2.4737916372186337,0.01336876410730925,True,1834.0,-0.0020150847869148114,0.03249658519671927,state_ext=stretched_up,701.0,0.0002102785042604326,0.030271221905544023,0.9791052876681416
UNI/USD,1d,cross_TLT_state_slope=downtrend + state_ext=stretched_up,calendar_2024,ok,2024-01-01 00:00:00+00:00,2024-12-31 00:00:00+00:00,366.0,19.0,0.006911371085934071,0.6842105263157895,0.24594584405776598,0.8057241550995871,False,366.0,-0.01850122254141336,0.02541259362734743,cross_TLT_state_slope=downtrend,78.0,-0.02203014320105968,0.028941514286993753,0.19678419976132444
UNI/USD,1d,cross_TLT_state_slope=downtrend + state_ext=stretched_up,calendar_2025,ok,2025-01-01 00:00:00+00:00,2025-12-31 00:00:00+00:00,365.0,26.0,0.0740881495654345,0.8846153846153846,4.9755952916884505,6.504742473545377e-07,True,365.0,0.00529875806344602,0.06878939150198848,state_ext=stretched_up,117.0,0.031809718221025025,0.04227843134440947,0.0225550368848344
UNI/USD,1d,cross_TLT_state_slope=downtrend + state_ext=stretched_up,calendar_2026_ytd,ok,2026-01-01 00:00:00+00:00,2026-07-20 00:00:00+00:00,201.0,16.0,0.029158746595917988,0.5,1.063301850363139,0.28764508632732433,False,201.0,0.007678919043851807,0.02147982755206618,cross_TLT_state_slope=downtrend,38.0,0.04211311839087109,-0.012954371794953103,0.006419067714925175
UNI/USD,1d,cross_TLT_state_slope=downtrend + state_ext=stretched_up,latest_12m,ok,2025-07-20 00:00:00+00:00,2026-07-20 00:00:00+00:00,366.0,25.0,0.05001886178076614,0.64,2.215702763351875,0.02671186553188054,True,366.0,0.00885477803303001,0.04116408374773613,cross_TLT_state_slope=downtrend,48.0,0.04786134018845884,0.002157521592307296,0.0005661766962807846
UNI/USD,1d,cross_TLT_state_slope=downtrend + state_ext=stretched_up,latest_6m,ok,2026-01-20 00:00:00+00:00,2026-07-20 00:00:00+00:00,182.0,16.0,0.029158746595917988,0.5,1.063301850363139,0.28764508632732433,False,182.0,0.00320523005241335,0.025953516543504637,cross_TLT_state_slope=downtrend,38.0,0.04211311839087109,-0.012954371794953103,0.006419067714925175
DOGE/USD,1h,state_weekpart=weekday + state_ext=stretched_up + state_vol=high_vol,all,ok,2025-07-11 10:00:00+00:00,2026-07-24 18:00:00+00:00,9077.0,291.0,0.003136935719468354,0.5738831615120275,1.2638618844178617,0.20627960453678895,False,9077.0,0.00021648863840732888,0.0029204470810610247,state_ext=stretched_up + state_vol=high_vol,400.0,0.0024250025826934364,0.0007119331367749174,0.25354584013801906
DOGE/USD,1h,state_weekpart=weekday + state_ext=stretched_up + state_vol=high_vol,calendar_2024,empty_window,,,,,,,,,,,,,,,,,
DOGE/USD,1h,state_weekpart=weekday + state_ext=stretched_up + state_vol=high_vol,calendar_2025,ok,2025-07-11 10:00:00+00:00,2025-12-31 23:00:00+00:00,4163.0,162.0,-7.225112345028106e-06,0.48148148148148145,-0.003340704124822333,0.9973345087145435,False,4163.0,0.00021055334239245417,-0.00021777845473748228,state_weekpart=weekday + state_ext=stretched_up,596.0,0.00136798238473895,-0.001375207497083978,0.31549793331775344
DOGE/USD,1h,state_weekpart=weekday + state_ext=stretched_up + state_vol=high_vol,calendar_2026_ytd,ok,2026-01-01 00:00:00+00:00,2026-07-24 18:00:00+00:00,4914.0,129.0,0.007085416764071206,0.689922480620155,1.6125555994028347,0.10684109138808573,False,4914.0,0.0002215168511281105,0.006863899912943096,state_ext=stretched_up + state_vol=high_vol,183.0,0.004860126301352561,0.002225290462718645,0.2023110776744188
DOGE/USD,1h,state_weekpart=weekday + state_ext=stretched_up + state_vol=high_vol,latest_12m,ok,2025-07-24 18:00:00+00:00,2026-07-24 18:00:00+00:00,8757.0,281.0,0.003179729133017702,0.5729537366548043,1.2392283255078504,0.21526095348627594,False,8757.0,0.0003420254085027067,0.0028377037245149953,state_ext=stretched_up + state_vol=high_vol,382.0,0.0025586813561121954,0.0006210477769055065,0.2480975241647556
DOGE/USD,1h,state_weekpart=weekday + state_ext=stretched_up + state_vol=high_vol,latest_6m,ok,2026-01-24 18:00:00+00:00,2026-07-24 18:00:00+00:00,4344.0,103.0,0.0120205584151109,0.7475728155339806,2.7335467485690343,0.006265622823210082,True,4344.0,0.00035226230952838155,0.011668296105582518,state_ext=stretched_up + state_vol=high_vol,150.0,0.007824330357014698,0.004196228058096201,0.05858529068063256
DOGE/USD,1h,state_ext=stretched_up + state_vol=high_vol,all,ok,2025-07-11 10:00:00+00:00,2026-07-24 18:00:00+00:00,9077.0,400.0,0.0024250025826934364,0.57,1.1417791282213727,0.25354584013801906,False,9077.0,0.00021648863840732888,0.0022085139442861073,state_vol=high_vol,1700.0,0.0010445682022615086,0.0013804343804319278,0.3090480947533383
DOGE/USD,1h,state_ext=stretched_up + state_vol=high_vol,calendar_2024,empty_window,,,,,,,,,,,,,,,,,
DOGE/USD,1h,state_ext=stretched_up + state_vol=high_vol,calendar_2025,ok,2025-07-11 10:00:00+00:00,2025-12-31 23:00:00+00:00,4163.0,217.0,0.00037141898585186926,0.5023041474654378,0.20738822838621987,0.835706675150709,False,4163.0,0.00021055334239245417,0.0001608656434594151,state_vol=high_vol,892.0,0.0009855260409173208,-0.0006141070550654516,0.510675670096296
DOGE/USD,1h,state_ext=stretched_up + state_vol=high_vol,calendar_2026_ytd,ok,2026-01-01 00:00:00+00:00,2026-07-24 18:00:00+00:00,4914.0,183.0,0.004860126301352561,0.6502732240437158,1.2749948137167681,0.2023110776744188,False,4914.0,0.0002215168511281105,0.004638609450224451,state_vol=high_vol,808.0,0.0011097484100820736,0.0037503778912704876,0.408453789920032
DOGE/USD,1h,state_ext=stretched_up + state_vol=high_vol,latest_12m,ok,2025-07-24 18:00:00+00:00,2026-07-24 18:00:00+00:00,8757.0,382.0,0.0025586813561121954,0.5680628272251309,1.154982667829709,0.2480975241647556,False,8757.0,0.0003420254085027067,0.002216655947609489,state_vol=high_vol,1635.0,0.0011249177178604467,0.0014337636382517488,0.2849911477933631
DOGE/USD,1h,state_ext=stretched_up + state_vol=high_vol,latest_6m,ok,2026-01-24 18:00:00+00:00,2026-07-24 18:00:00+00:00,4344.0,150.0,0.007824330357014698,0.68,1.8912926397333847,0.05858529068063256,False,4344.0,0.00035226230952838155,0.007472068047486317,state_vol=high_vol,683.0,0.0018286142679209054,0.005995716089093793,0.22016283989901342
SUSHI/USD,1d,cross_USO_state_ext=stretched_up + state_ext=stretched_up,all,ok,2021-07-23 00:00:00+00:00,2026-07-18 00:00:00+00:00,1822.0,257.0,0.02551294851616985,0.5953307392996109,1.7568971037727694,0.0789353494031888,False,1822.0,0.002489867830105468,0.023023080686064384,cross_USO_state_ext=stretched_up,731.0,0.013785288761810186,0.011727659754359665,0.08642926368162085
SUSHI/USD,1d,cross_USO_state_ext=stretched_up + state_ext=stretched_up,calendar_2024,ok,2024-01-01 00:00:00+00:00,2024-12-31 00:00:00+00:00,366.0,49.0,-0.025881432507439385,0.40816326530612246,-0.692759093899299,0.48846074717909227,False,366.0,-0.013848739857466172,-0.012032692649973213,cross_USO_state_ext=stretched_up,140.0,0.0017406593205684352,-0.02762209182800782,0.9356845115442953
SUSHI/USD,1d,cross_USO_state_ext=stretched_up + state_ext=stretched_up,calendar_2025,ok,2025-01-01 00:00:00+00:00,2025-12-31 00:00:00+00:00,365.0,20.0,0.14270911905493625,0.95,9.582895170981809,0.0,True,365.0,0.014850030023750602,0.12785908903118565,state_ext=stretched_up,88.0,0.04505184419797911,0.09765727485695713,0.06456281520520069
SUSHI/USD,1d,cross_USO_state_ext=stretched_up + state_ext=stretched_up,calendar_2026_ytd,ok,2026-01-01 00:00:00+00:00,2026-07-18 00:00:00+00:00,199.0,34.0,0.03315325545397438,0.6176470588235294,2.2757197963890152,0.02286278572759226,True,199.0,0.01316434378584555,0.019988911668128828,state_ext=stretched_up,59.0,0.025499996297212408,0.0076532591567619705,0.10342791289392483
SUSHI/USD,1d,cross_USO_state_ext=stretched_up + state_ext=stretched_up,latest_12m,ok,2025-07-18 00:00:00+00:00,2026-07-18 00:00:00+00:00,366.0,36.0,0.03874564898242433,0.6388888888888888,2.870076813239677,0.004103720960021651,True,366.0,0.01971434758742714,0.01903130139499719,state_ext=stretched_up,88.0,0.049193247491649814,-0.010447598509225484,0.0002361938188033541
SUSHI/USD,1d,cross_USO_state_ext=stretched_up + state_ext=stretched_up,latest_6m,ok,2026-01-18 00:00:00+00:00,2026-07-18 00:00:00+00:00,182.0,26.0,0.03568225197189331,0.6538461538461539,2.19736136312104,0.02799464837429877,True,182.0,0.012944148904155696,0.02273810306773761,state_ext=stretched_up,44.0,0.027121794449319014,0.008560457522574293,0.15796967028801157
UNI/USD,1d,cross_USO_state_vol=low_vol + state_ext=stretched_up,all,ok,2021-07-13 00:00:00+00:00,2026-07-20 00:00:00+00:00,1834.0,207.0,0.004532278434905207,0.642512077294686,0.28075969757401276,0.778894717391529,False,1834.0,-0.0020150847869148114,0.006547363221820019,cross_USO_state_vol=low_vol,617.0,0.009204654993602249,-0.0046723765586970415,0.24753480108737835
UNI/USD,1d,cross_USO_state_vol=low_vol + state_ext=stretched_up,calendar_2024,ok,2024-01-01 00:00:00+00:00,2024-12-31 00:00:00+00:00,366.0,82.0,-0.05090076964161832,0.45121951219512196,-1.5894550645722352,0.11195769129244604,False,366.0,-0.01850122254141336,-0.032399547100204956,cross_USO_state_vol=low_vol,232.0,-0.01017092184612828,-0.04072984779549004,0.5320539079507058
UNI/USD,1d,cross_USO_state_vol=low_vol + state_ext=stretched_up,calendar_2025,ok,2025-01-01 00:00:00+00:00,2025-12-31 00:00:00+00:00,365.0,55.0,0.051326024145173746,0.7818181818181819,4.4549964699982905,8.389457511359666e-06,True,365.0,0.00529875806344602,0.046027266081727726,state_ext=stretched_up,117.0,0.031809718221025025,0.01951630592414872,0.0225550368848344
UNI/USD,1d,cross_USO_state_vol=low_vol + state_ext=stretched_up,calendar_2026_ytd,ok,2026-01-01 00:00:00+00:00,2026-07-20 00:00:00+00:00,201.0,4.0,0.04757322948154519,0.75,1.5556699015709579,0.11978660726135626,False,201.0,0.007678919043851807,0.039894310437693384,cross_USO_state_vol=low_vol,5.0,0.05134485241796986,-0.003771622936424676,0.03616716787163998
UNI/USD,1d,cross_USO_state_vol=low_vol + state_ext=stretched_up,latest_12m,ok,2025-07-20 00:00:00+00:00,2026-07-20 00:00:00+00:00,366.0,39.0,0.03929155943914816,0.7435897435897436,2.9850667211102615,0.0028351647529720747,True,366.0,0.00885477803303001,0.03043678140611815,cross_USO_state_vol=low_vol,117.0,0.021453033625370578,0.01783852581377758,0.08750038073099065
UNI/USD,1d,cross_USO_state_vol=low_vol + state_ext=stretched_up,latest_6m,ok,2026-01-20 00:00:00+00:00,2026-07-20 00:00:00+00:00,182.0,0.0,,,,,False,182.0,0.00320523005241335,,state_ext=stretched_up,72.0,-0.0005243170727349263,,0.9673590378203674
DOT/USD,1d,cross_USO_state_slope=downtrend + state_slope=flat,all,ok,2023-08-18 00:00:00+00:00,2026-07-18 00:00:00+00:00,1066.0,89.0,0.02684872159217251,0.6404494382022472,1.919984355749405,0.05485987551149929,False,1066.0,0.0033786206883847474,0.023470100903787764,state_slope=flat,303.0,0.019932161808117875,0.006916559784054636,0.0298418365094808
DOT/USD,1d,cross_USO_state_slope=downtrend + state_slope=flat,calendar_2024,ok,2024-01-01 00:00:00+00:00,2024-12-31 00:00:00+00:00,366.0,39.0,0.016919963489465555,0.6410256410256411,1.0243431613480674,0.30567321830563077,False,366.0,-0.004460828339857393,0.021380791829322947,state_slope=flat,100.0,0.02305697700584134,-0.006137013516375786,0.024242020329755753
DOT/USD,1d,cross_USO_state_slope=downtrend + state_slope=flat,calendar_2025,ok,2025-01-01 00:00:00+00:00,2025-12-31 00:00:00+00:00,365.0,32.0,0.015044435561642705,0.59375,0.5798230912078988,0.5620339241104038,False,365.0,0.012580249761879448,0.0024641857997632563,state_slope=flat,122.0,0.02310175778883275,-0.008057322227190045,0.14751709779626765
DOT/USD,1d,cross_USO_state_slope=downtrend + state_slope=flat,calendar_2026_ytd,ok,2026-01-01 00:00:00+00:00,2026-07-18 00:00:00+00:00,199.0,18.0,0.0693464282023128,0.7222222222222222,2.7339344526922895,0.006258250135428467,True,199.0,0.020207372732075967,0.04913905547023682,cross_USO_state_slope=downtrend,48.0,0.032911754732763907,0.03643467346954889,0.06108577182517916
DOT/USD,1d,cross_USO_state_slope=downtrend + state_slope=flat,latest_12m,ok,2025-07-18 00:00:00+00:00,2026-07-18 00:00:00+00:00,366.0,29.0,0.06786304640296481,0.7586206896551724,3.745295193086679,0.00018018178801382234,True,366.0,0.01887266533512046,0.048990381067844355,cross_USO_state_slope=downtrend,106.0,0.021516033199092982,0.04634701320387183,0.053237828321641256
DOT/USD,1d,cross_USO_state_slope=downtrend + state_slope=flat,latest_6m,ok,2026-01-18 00:00:00+00:00,2026-07-18 00:00:00+00:00,182.0,18.0,0.0693464282023128,0.7222222222222222,2.7339344526922895,0.006258250135428467,True,182.0,0.02031260209561343,0.04903382610669936,cross_USO_state_slope=downtrend,48.0,0.032911754732763907,0.03643467346954889,0.06108577182517916
DOT/USD,1d,cross_TLT_state_slope=downtrend + state_slope=flat,all,ok,2023-08-18 00:00:00+00:00,2026-07-18 00:00:00+00:00,1066.0,68.0,0.03426837126713107,0.6911764705882353,2.6396940593134897,0.008298089988356683,True,1066.0,0.0033786206883847474,0.030889750578746326,state_slope=flat,303.0,0.019932161808117875,0.014336209459013198,0.0298418365094808
DOT/USD,1d,cross_TLT_state_slope=downtrend + state_slope=flat,calendar_2024,ok,2024-01-01 00:00:00+00:00,2024-12-31 00:00:00+00:00,366.0,18.0,0.011724998375672945,0.6666666666666666,0.7188965619285831,0.4722046549734764,False,366.0,-0.004460828339857393,0.016185826715530337,state_slope=flat,100.0,0.02305697700584134,-0.011331978630168396,0.024242020329755753
DOT/USD,1d,cross_TLT_state_slope=downtrend + state_slope=flat,calendar_2025,ok,2025-01-01 00:00:00+00:00,2025-12-31 00:00:00+00:00,365.0,25.0,0.037010453224655765,0.64,1.322198043375115,0.18610221246150171,False,365.0,0.012580249761879448,0.024430203462776315,cross_TLT_state_slope=downtrend,50.0,0.028099865372192633,0.008910587852463132,0.1472434594176073
DOT/USD,1d,cross_TLT_state_slope=downtrend + state_slope=flat,calendar_2026_ytd,ok,2026-01-01 00:00:00+00:00,2026-07-18 00:00:00+00:00,199.0,25.0,0.04775751779145625,0.76,3.3620530443067334,0.0007736526029598068,True,199.0,0.020207372732075967,0.02755014505938028,cross_TLT_state_slope=downtrend,36.0,0.03285848778657121,0.014899030004885037,0.015111967531831416
DOT/USD,1d,cross_TLT_state_slope=downtrend + state_slope=flat,latest_12m,ok,2025-07-18 00:00:00+00:00,2026-07-18 00:00:00+00:00,366.0,31.0,0.06251666345468859,0.8064516129032258,4.385229881244904,1.1586335384450308e-05,True,366.0,0.01887266533512046,0.043643998119568136,cross_TLT_state_slope=downtrend,46.0,0.04436121060914007,0.018155452845548523,0.002429518904616401
DOT/USD,1d,cross_TLT_state_slope=downtrend + state_slope=flat,latest_6m,ok,2026-01-18 00:00:00+00:00,2026-07-18 00:00:00+00:00,182.0,25.0,0.04775751779145625,0.76,3.3620530443067334,0.0007736526029598068,True,182.0,0.02031260209561343,0.027444915695842818,cross_TLT_state_slope=downtrend,36.0,0.03285848778657121,0.014899030004885037,0.015111967531831416
DOT/USD,1d,state_ext=stretched_up + state_vol=high_vol,all,ok,2023-08-18 00:00:00+00:00,2026-07-18 00:00:00+00:00,1066.0,97.0,0.0062117073013343025,0.6494845360824743,0.2573374412241454,0.7969182915017556,False,1066.0,0.0033786206883847474,0.002833086612949555,state_vol=high_vol,305.0,0.012242437602172166,-0.006030730300837864,0.27543826573440366
DOT/USD,1d,state_ext=stretched_up + state_vol=high_vol,calendar_2024,ok,2024-01-01 00:00:00+00:00,2024-12-31 00:00:00+00:00,366.0,43.0,-0.06161598339348598,0.37209302325581395,-1.3993867514424954,0.1616970376152358,False,366.0,-0.004460828339857393,-0.05715515505362859,state_vol=high_vol,104.0,-0.021930910273629683,-0.03968507311985629,0.353264492935244
DOT/USD,1d,state_ext=stretched_up + state_vol=high_vol,calendar_2025,ok,2025-01-01 00:00:00+00:00,2025-12-31 00:00:00+00:00,365.0,30.0,0.0735061436606001,0.8666666666666667,4.785241972403621,1.7078145833071545e-06,True,365.0,0.012580249761879448,0.06092589389872065,state_vol=high_vol,149.0,0.04115055234073461,0.03235559131986549,3.9313025431031434e-05
DOT/USD,1d,state_ext=stretched_up + state_vol=high_vol,calendar_2026_ytd,ok,2026-01-01 00:00:00+00:00,2026-07-18 00:00:00+00:00,199.0,24.0,0.043618274347138386,0.875,3.458451359147934,0.0005432903642388354,True,199.0,0.020207372732075967,0.02341090161506242,state_ext=stretched_up,48.0,0.029201039568512003,0.014417234778626383,0.011121300722704675
DOT/USD,1d,state_ext=stretched_up + state_vol=high_vol,latest_12m,ok,2025-07-18 00:00:00+00:00,2026-07-18 00:00:00+00:00,366.0,32.0,0.05753834414814804,0.90625,4.45249551084918,8.487801533174633e-06,True,366.0,0.01887266533512046,0.038665678813027585,state_ext=stretched_up,91.0,0.04344940856962519,0.014088935578522851,2.0579034824219633e-05
DOT/USD,1d,state_ext=stretched_up + state_vol=high_vol,latest_6m,ok,2026-01-18 00:00:00+00:00,2026-07-18 00:00:00+00:00,182.0,14.0,0.030408464397431816,0.7857142857142857,2.2081087687411283,0.027236691895911713,False,182.0,0.02031260209561343,0.010095862301818387,state_ext=stretched_up,31.0,0.034750848613132365,-0.004342384215700549,0.0029395241752530055
DOT/USD,1d,cross_USO_state_slope=uptrend + cross_TLT_state_ext=neutral + state_ext=stretched_up,all,ok,2023-08-18 00:00:00+00:00,2026-07-18 00:00:00+00:00,1066.0,47.0,0.02197872187874875,0.6595744680851063,1.0339519174669127,0.30115864207469323,False,1066.0,0.0033786206883847474,0.018600101190364003,cross_USO_state_slope=uptrend + state_ext=stretched_up,63.0,0.03125904605968525,-0.009280324180936498,0.07532912337434938
DOT/USD,1d,cross_USO_state_slope=uptrend + cross_TLT_state_ext=neutral + state_ext=stretched_up,calendar_2024,ok,2024-01-01 00:00:00+00:00,2024-12-31 00:00:00+00:00,366.0,13.0,-0.07174499486362027,0.23076923076923078,-1.9556363102416594,0.05050801232683888,False,366.0,-0.004460828339857393,-0.06728416652376287,cross_USO_state_slope=uptrend,81.0,-0.008534358970295097,-0.06321063589332516,0.607120979421981
DOT/USD,1d,cross_USO_state_slope=uptrend + cross_TLT_state_ext=neutral + state_ext=stretched_up,calendar_2025,ok,2025-01-01 00:00:00+00:00,2025-12-31 00:00:00+00:00,365.0,8.0,0.11227594404895638,1.0,19.11242706563411,0.0,False,365.0,0.012580249761879448,0.09969569428707693,cross_USO_state_slope=uptrend + state_ext=stretched_up,13.0,0.11604777264730474,-0.003771828598348362,0.0
DOT/USD,1d,cross_USO_state_slope=uptrend + cross_TLT_state_ext=neutral + state_ext=stretched_up,calendar_2026_ytd,ok,2026-01-01 00:00:00+00:00,2026-07-18 00:00:00+00:00,199.0,26.0,0.041056819582177065,0.7692307692307693,3.1874816132226322,0.0014351758245698676,True,199.0,0.020207372732075967,0.020849446850101098,cross_USO_state_slope=uptrend + state_ext=stretched_up,34.0,0.03894211794892765,0.002114701633249415,0.0015374166893629138
DOT/USD,1d,cross_USO_state_slope=uptrend + cross_TLT_state_ext=neutral + state_ext=stretched_up,latest_12m,ok,2025-07-18 00:00:00+00:00,2026-07-18 00:00:00+00:00,366.0,31.0,0.05293269030719021,0.8064516129032258,3.849936085421463,0.00011814865163795041,True,366.0,0.01887266533512046,0.03406002497206975,cross_TLT_state_ext=neutral + state_ext=stretched_up,70.0,0.05416300482528239,-0.0012303145180921835,9.914010572487086e-07
DOT/USD,1d,cross_USO_state_slope=uptrend + cross_TLT_state_ext=neutral + state_ext=stretched_up,latest_6m,ok,2026-01-18 00:00:00+00:00,2026-07-18 00:00:00+00:00,182.0,20.0,0.03238803655843228,0.75,2.463697367799994,0.013751216325365023,True,182.0,0.02031260209561343,0.012075434462818852,state_ext=stretched_up,31.0,0.034750848613132365,-0.0023628120547000836,0.0029395241752530055
CRV/USD,1d,cross_TLT_state_slope=downtrend + state_slope=flat,all,ok,2023-08-18 00:00:00+00:00,2026-07-18 00:00:00+00:00,1066.0,60.0,0.03762178815357465,0.7166666666666667,3.0752641174806303,0.0021031621715730253,True,1066.0,-0.0034415481086966953,0.04106333626227134,cross_TLT_state_slope=downtrend,203.0,0.006042791441923574,0.031578996711651076,0.5365735897572503
CRV/USD,1d,cross_TLT_state_slope=downtrend + state_slope=flat,calendar_2024,ok,2024-01-01 00:00:00+00:00,2024-12-31 00:00:00+00:00,366.0,22.0,0.009946237461761355,0.5454545454545454,0.4291103714854833,0.6678429048798824,False,366.0,-0.017895478617515517,0.027841716079276872,cross_TLT_state_slope=downtrend,78.0,-0.007163688775868637,0.017109926237629993,0.6404895131114046
CRV/USD,1d,cross_TLT_state_slope=downtrend + state_slope=flat,calendar_2025,ok,2025-01-01 00:00:00+00:00,2025-12-31 00:00:00+00:00,365.0,17.0,0.061999104663441974,0.7647058823529411,1.9961874763722534,0.04591352011499206,True,365.0,0.004549795313506514,0.05744930934993546,state_slope=flat,132.0,0.011706650477567885,0.05029245418587409,0.5587430689116168
CRV/USD,1d,cross_TLT_state_slope=downtrend + state_slope=flat,calendar_2026_ytd,ok,2026-01-01 00:00:00+00:00,2026-07-18 00:00:00+00:00,199.0,21.0,0.04688120408462929,0.8571428571428571,3.8121980418907535,0.00013773644544112784,True,199.0,0.013277055994760112,0.03360414808986918,cross_TLT_state_slope=downtrend,36.0,0.031680570552206716,0.015200633532422576,0.000988489250993485
CRV/USD,1d,cross_TLT_state_slope=downtrend + state_slope=flat,latest_12m,ok,2025-07-18 00:00:00+00:00,2026-07-18 00:00:00+00:00,366.0,23.0,0.05002191551939922,0.8695652173913043,4.382427000300478,1.173644969387766e-05,True,366.0,0.016386681983368043,0.03363523353603118,state_slope=flat,146.0,0.026894426253365425,0.023127489266033793,0.012151045332398969
CRV/USD,1d,cross_TLT_state_slope=downtrend + state_slope=flat,latest_6m,ok,2026-01-18 00:00:00+00:00,2026-07-18 00:00:00+00:00,182.0,21.0,0.04688120408462929,0.8571428571428571,3.8121980418907535,0.00013773644544112784,True,182.0,0.01210382280821652,0.03477738127641277,cross_TLT_state_slope=downtrend,36.0,0.031680570552206716,0.015200633532422576,0.000988489250993485
LINK/USD,1d,cross_USO_state_vol=low_vol + state_ext=neutral,all,ok,2021-07-13 00:00:00+00:00,2026-07-18 00:00:00+00:00,1832.0,81.0,0.026616930379950627,0.691358024691358,2.3524749734394956,0.018648944658836264,True,1832.0,-0.00351857451094862,0.030135504890899247,cross_USO_state_vol=low_vol,617.0,0.00417382687144472,0.022443103508505906,0.5272442567013813
LINK/USD,1d,cross_USO_state_vol=low_vol + state_ext=neutral,calendar_2024,ok,2024-01-01 00:00:00+00:00,2024-12-31 00:00:00+00:00,366.0,34.0,0.021508475396967496,0.7058823529411765,1.244824139121868,0.21319640092890313,False,366.0,-0.011834333293090854,0.03334280869005835,state_ext=neutral,49.0,0.008772869303772236,0.01273560609319526,0.5242582349778353
LINK/USD,1d,cross_USO_state_vol=low_vol + state_ext=neutral,calendar_2025,ok,2025-01-01 00:00:00+00:00,2025-12-31 00:00:00+00:00,365.0,22.0,0.060035793690703866,0.7727272727272727,3.7569068948873436,0.00017202646209724115,True,365.0,0.002476009289937611,0.057559784400766256,state_ext=neutral,40.0,0.027010226333194658,0.03302556735750921,0.18744721942241527
LINK/USD,1d,cross_USO_state_vol=low_vol + state_ext=neutral,calendar_2026_ytd,ok,2026-01-01 00:00:00+00:00,2026-07-18 00:00:00+00:00,199.0,1.0,-0.1143078714596302,0.0,,,False,199.0,0.008722157942409025,-0.12303002940203922,cross_USO_state_vol=low_vol,5.0,-0.009526481862010954,-0.10478138959761925,0.7352891568145972
LINK/USD,1d,cross_USO_state_vol=low_vol + state_ext=neutral,latest_12m,ok,2025-07-18 00:00:00+00:00,2026-07-18 00:00:00+00:00,366.0,17.0,0.04581155530268997,0.7058823529411765,2.539082082974706,0.01111437434955187,True,366.0,0.007565101320617946,0.03824645398207202,state_ext=neutral,56.0,0.012917296991678862,0.0328942583110111,0.29890226204337633
LINK/USD,1d,cross_USO_state_vol=low_vol + state_ext=neutral,latest_6m,ok,2026-01-18 00:00:00+00:00,2026-07-18 00:00:00+00:00,182.0,0.0,,,,,False,182.0,0.008303168004264385,,state_ext=neutral,34.0,-0.011634044936311427,,0.25114440917353487
DOT/USD,1d,cross_USO_state_slope=uptrend + state_ext=stretched_up,all,ok,2023-08-18 00:00:00+00:00,2026-07-18 00:00:00+00:00,1066.0,63.0,0.03125904605968525,0.6984126984126984,1.7784552013761752,0.07532912337434938,False,1066.0,0.0033786206883847474,0.0278804253713005,cross_USO_state_slope=uptrend,304.0,0.015774809082030467,0.015484236977654782,0.06936706030839512
DOT/USD,1d,cross_USO_state_slope=uptrend + state_ext=stretched_up,calendar_2024,ok,2024-01-01 00:00:00+00:00,2024-12-31 00:00:00+00:00,366.0,16.0,-0.0539583220573957,0.3125,-1.5629698065385758,0.11805969679900552,False,366.0,-0.004460828339857393,-0.04949749371753831,cross_USO_state_slope=uptrend,81.0,-0.008534358970295097,-0.0454239630871006,0.607120979421981
DOT/USD,1d,cross_USO_state_slope=uptrend + state_ext=stretched_up,calendar_2025,ok,2025-01-01 00:00:00+00:00,2025-12-31 00:00:00+00:00,365.0,13.0,0.11604777264730474,1.0,20.623819378007802,0.0,False,365.0,0.012580249761879448,0.1034675228854253,cross_USO_state_slope=uptrend,78.0,0.045157164690381994,0.07089060795692276,0.00022235854855789938
DOT/USD,1d,cross_USO_state_slope=uptrend + state_ext=stretched_up,calendar_2026_ytd,ok,2026-01-01 00:00:00+00:00,2026-07-18 00:00:00+00:00,199.0,34.0,0.03894211794892765,0.7647058823529411,3.1675265540671305,0.0015374166893629138,True,199.0,0.020207372732075967,0.018734745216851683,state_ext=stretched_up,48.0,0.029201039568512003,0.009741078380415647,0.011121300722704675
DOT/USD,1d,cross_USO_state_slope=uptrend + state_ext=stretched_up,latest_12m,ok,2025-07-18 00:00:00+00:00,2026-07-18 00:00:00+00:00,366.0,39.0,0.048653028221790594,0.7948717948717948,3.8614671457398515,0.00011270817015240908,True,366.0,0.01887266533512046,0.029780362886670134,state_ext=stretched_up,91.0,0.04344940856962519,0.005203619652165405,2.0579034824219633e-05
DOT/USD,1d,cross_USO_state_slope=uptrend + state_ext=stretched_up,latest_6m,ok,2026-01-18 00:00:00+00:00,2026-07-18 00:00:00+00:00,182.0,28.0,0.03229697972484223,0.75,2.572969635674369,0.010083005346350316,True,182.0,0.02031260209561343,0.011984377629228802,state_ext=stretched_up,31.0,0.034750848613132365,-0.002453868888290134,0.0029395241752530055
AVAX/USD,1d,cross_USO_state_slope=uptrend + state_slope=uptrend,all,ok,2021-11-18 00:00:00+00:00,2026-07-18 00:00:00+00:00,1704.0,91.0,0.02687210412104492,0.6373626373626373,2.4687613628409313,0.013558160109358841,True,1704.0,0.002266710160130235,0.024605393960914688,cross_USO_state_slope=uptrend,398.0,0.021462445777753848,0.005409658343291074,0.0031981013986306372
AVAX/USD,1d,cross_USO_state_slope=uptrend + state_slope=uptrend,calendar_2024,ok,2024-01-01 00:00:00+00:00,2024-12-31 00:00:00+00:00,366.0,15.0,0.0035397182268757216,0.4666666666666667,0.1311818406969077,0.8956314608352238,False,366.0,-0.007093229194667706,0.010632947421543427,cross_USO_state_slope=uptrend,81.0,0.008263202878771253,-0.004723484651895531,0.6371181030580235
AVAX/USD,1d,cross_USO_state_slope=uptrend + state_slope=uptrend,calendar_2025,ok,2025-01-01 00:00:00+00:00,2025-12-31 00:00:00+00:00,365.0,10.0,0.06694731147175625,0.9,4.8607928622342005,1.1691653960532733e-06,False,365.0,0.009329605647915918,0.057617705823840334,cross_USO_state_slope=uptrend,78.0,0.04253883417103892,0.024408477300717338,0.0009598179972218901
AVAX/USD,1d,cross_USO_state_slope=uptrend + state_slope=uptrend,calendar_2026_ytd,ok,2026-01-01 00:00:00+00:00,2026-07-18 00:00:00+00:00,199.0,31.0,0.0372324404622683,0.7096774193548387,3.150849041401077,0.0016279660834612741,True,199.0,0.016732382243115015,0.020500058219153284,state_slope=uptrend,49.0,0.027146153148148132,0.010086287314120167,0.0028849050145463018
AVAX/USD,1d,cross_USO_state_slope=uptrend + state_slope=uptrend,latest_12m,ok,2025-07-18 00:00:00+00:00,2026-07-18 00:00:00+00:00,366.0,31.0,0.0372324404622683,0.7096774193548387,3.150849041401077,0.0016279660834612741,True,366.0,0.01472794861861402,0.02250449184365428,cross_USO_state_slope=uptrend,131.0,0.01658014098256092,0.020652299479707377,0.10733433491117039
AVAX/USD,1d,cross_USO_state_slope=uptrend + state_slope=uptrend,latest_6m,ok,2026-01-18 00:00:00+00:00,2026-07-18 00:00:00+00:00,182.0,25.0,0.023922469848174838,0.68,2.2283064865951108,0.025860084085378432,True,182.0,0.015379529402008409,0.008542940446166429,state_slope=uptrend,33.0,0.021928113566907156,0.001994356281267682,0.008725238018187031
BTC/USD,1d,cross_TLT_state_vol=high_vol + state_ext=stretched_up,all,ok,2021-07-13 00:00:00+00:00,2026-07-18 00:00:00+00:00,1832.0,134.0,0.021728563752101845,0.6791044776119403,2.4451260738388734,0.01448015144503323,True,1832.0,0.0036437518002276777,0.01808481195187417,cross_TLT_state_vol=high_vol,276.0,0.01807948129971903,0.0036490824523828166,0.009069581516665703
BTC/USD,1d,cross_TLT_state_vol=high_vol + state_ext=stretched_up,calendar_2024,ok,2024-01-01 00:00:00+00:00,2024-12-31 00:00:00+00:00,366.0,3.0,0.015599653530471042,1.0,4.12004157023434,3.788040485863675e-05,False,366.0,0.01251793429046719,0.003081719240003852,cross_TLT_state_vol=high_vol,3.0,0.015599653530471042,0.0,3.788040485863675e-05
BTC/USD,1d,cross_TLT_state_vol=high_vol + state_ext=stretched_up,calendar_2025,ok,2025-01-01 00:00:00+00:00,2025-12-31 00:00:00+00:00,365.0,22.0,0.04133984247872993,0.8636363636363636,2.9916441089967942,0.002774795382393336,True,365.0,-0.00011000233949370749,0.04144984481822364,cross_TLT_state_vol=high_vol,26.0,0.038211304554207445,0.003128537924522487,0.001746781966541544
BTC/USD,1d,cross_TLT_state_vol=high_vol + state_ext=stretched_up,calendar_2026_ytd,ok,2026-01-01 00:00:00+00:00,2026-07-18 00:00:00+00:00,199.0,0.0,,,,,False,199.0,-0.0071067321184187186,,state_ext=stretched_up,73.0,-0.0004623563456576962,,0.9404519201983634
BTC/USD,1d,cross_TLT_state_vol=high_vol + state_ext=stretched_up,latest_12m,ok,2025-07-18 00:00:00+00:00,2026-07-18 00:00:00+00:00,366.0,0.0,,,,,False,366.0,-0.007123875282296532,,state_ext=stretched_up,112.0,-0.008112540992809014,,0.12684945269765313
BTC/USD,1d,cross_TLT_state_vol=high_vol + state_ext=stretched_up,latest_6m,ok,2026-01-18 00:00:00+00:00,2026-07-18 00:00:00+00:00,182.0,0.0,,,,,False,182.0,-0.0077694341886581164,,state_ext=stretched_up,60.0,0.003359078793513624,,0.5905461282724735
AVAX/USD,1d,cross_USO_state_vol=mid_vol + state_ext=stretched_down,all,ok,2021-11-18 00:00:00+00:00,2026-07-18 00:00:00+00:00,1704.0,303.0,0.00990656220457522,0.5841584158415841,1.0887597226020806,0.27625985748785276,False,1704.0,0.002266710160130235,0.007639852044444985,state_ext=stretched_down,905.0,0.0102428814139881,-0.00033631920941287925,0.11312883765404536
AVAX/USD,1d,cross_USO_state_vol=mid_vol + state_ext=stretched_down,calendar_2024,ok,2024-01-01 00:00:00+00:00,2024-12-31 00:00:00+00:00,366.0,44.0,-0.028626408745168152,0.45454545454545453,-1.3009615954666276,0.19327160060997128,False,366.0,-0.007093229194667706,-0.021533179550500447,state_ext=stretched_down,181.0,-0.001361467051274556,-0.027264941693893596,0.9231016681224413
AVAX/USD,1d,cross_USO_state_vol=mid_vol + state_ext=stretched_down,calendar_2025,ok,2025-01-01 00:00:00+00:00,2025-12-31 00:00:00+00:00,365.0,69.0,0.04444572247785976,0.7101449275362319,2.649624026903492,0.008058138915259416,True,365.0,0.009329605647915918,0.03511611682994384,cross_USO_state_vol=mid_vol,96.0,0.03831160640080802,0.006134116077051742,0.0047621121576924
AVAX/USD,1d,cross_USO_state_vol=mid_vol + state_ext=stretched_down,calendar_2026_ytd,ok,2026-01-01 00:00:00+00:00,2026-07-18 00:00:00+00:00,199.0,25.0,0.0533769183689039,0.84,2.6526853691930588,0.007985426718379651,True,199.0,0.016732382243115015,0.036644536125788885,cross_USO_state_vol=mid_vol,40.0,0.04471030429679411,0.008666614072109793,0.011093547446831442
AVAX/USD,1d,cross_USO_state_vol=mid_vol + state_ext=stretched_down,latest_12m,ok,2025-07-18 00:00:00+00:00,2026-07-18 00:00:00+00:00,366.0,69.0,0.03670794353243945,0.7101449275362319,2.3951025026976436,0.01661571947822882,True,366.0,0.01472794861861402,0.021979994913825435,cross_USO_state_vol=mid_vol,91.0,0.03422978270116034,0.002478160831279115,0.00806585158064288
AVAX/USD,1d,cross_USO_state_vol=mid_vol + state_ext=stretched_down,latest_6m,ok,2026-01-18 00:00:00+00:00,2026-07-18 00:00:00+00:00,182.0,25.0,0.0533769183689039,0.84,2.6526853691930588,0.007985426718379651,True,182.0,0.015379529402008409,0.037997388966895494,cross_USO_state_vol=mid_vol,28.0,0.04466927687097621,0.008707641497927694,0.036860511865943746
LINK/USD,1d,cross_USO_state_slope=uptrend + state_slope=uptrend,all,ok,2021-07-13 00:00:00+00:00,2026-07-18 00:00:00+00:00,1832.0,84.0,0.023089352898513507,0.6666666666666666,1.6203152898210171,0.10516456611900415,False,1832.0,-0.00351857451094862,0.026607927409462127,cross_USO_state_slope=uptrend,398.0,0.0049285303590547395,0.01816082253945877,0.5447924347837112
LINK/USD,1d,cross_USO_state_slope=uptrend + state_slope=uptrend,calendar_2024,ok,2024-01-01 00:00:00+00:00,2024-12-31 00:00:00+00:00,366.0,2.0,-0.007763695061966413,0.5,-1.5456332872223575,0.12219315729340696,False,366.0,-0.011834333293090854,0.004070638231124441,cross_USO_state_slope=uptrend,81.0,-0.007997205796137765,0.00023351073417135233,0.6559772343689705
LINK/USD,1d,cross_USO_state_slope=uptrend + state_slope=uptrend,calendar_2025,ok,2025-01-01 00:00:00+00:00,2025-12-31 00:00:00+00:00,365.0,13.0,0.05078063018884524,0.8461538461538461,4.680522366404535,2.8614489009370914e-06,False,365.0,0.002476009289937611,0.04830462089890763,cross_USO_state_slope=uptrend,78.0,0.021718025017738604,0.029062605171106634,0.223722562210118
LINK/USD,1d,cross_USO_state_slope=uptrend + state_slope=uptrend,calendar_2026_ytd,ok,2026-01-01 00:00:00+00:00,2026-07-18 00:00:00+00:00,199.0,23.0,0.03376571625991822,0.6956521739130435,2.3250273199295832,0.02007049940549388,True,199.0,0.008722157942409025,0.025043558317509193,state_slope=uptrend,34.0,0.015333083684681063,0.018432632575237157,0.29896655016313267
LINK/USD,1d,cross_USO_state_slope=uptrend + state_slope=uptrend,latest_12m,ok,2025-07-18 00:00:00+00:00,2026-07-18 00:00:00+00:00,366.0,23.0,0.03376571625991822,0.6956521739130435,2.3250273199295832,0.02007049940549388,True,366.0,0.007565101320617946,0.026200614939300274,state_slope=uptrend,72.0,0.01873131723268252,0.0150343990272357,0.13063309262850376
LINK/USD,1d,cross_USO_state_slope=uptrend + state_slope=uptrend,latest_6m,ok,2026-01-18 00:00:00+00:00,2026-07-18 00:00:00+00:00,182.0,17.0,0.021234126177313708,0.6470588235294118,1.5037017386459932,0.13265818136361185,False,182.0,0.008303168004264385,0.012930958173049322,state_slope=uptrend,22.0,0.011325435554810174,0.009908690622503534,0.39165767833178955
XRP/USD,1d,state_volume=vol_quiet + state_ext=stretched_up,all,ok,2024-01-01 00:00:00+00:00,2026-07-18 00:00:00+00:00,930.0,76.0,0.0012593177724286384,0.7631578947368421,0.05302780717691368,0.9577097519539126,False,930.0,-0.00813339438822198,0.009392712160650617,state_volume=vol_quiet,303.0,0.0021257594747023222,-0.0008664417022736838,0.7939530302663158
XRP/USD,1d,state_volume=vol_quiet + state_ext=stretched_up,calendar_2024,ok,2024-01-01 00:00:00+00:00,2024-12-31 00:00:00+00:00,366.0,16.0,-0.07141896512863759,0.75,-0.8101382476087788,0.41786072406636743,False,366.0,-0.025896079263533826,-0.045522885865103765,state_volume=vol_quiet,114.0,-0.016591687224815077,-0.05482727790382251,0.30069385588117714
XRP/USD,1d,state_volume=vol_quiet + state_ext=stretched_up,calendar_2025,ok,2025-01-01 00:00:00+00:00,2025-12-31 00:00:00+00:00,365.0,48.0,0.01908681938234121,0.7291666666666666,1.029007381042531,0.3034762064440928,False,365.0,-0.001952040629345084,0.021038860011686294,state_volume=vol_quiet,132.0,0.015333365290514154,0.0037534540918270545,0.13541565278086187
XRP/USD,1d,state_volume=vol_quiet + state_ext=stretched_up,calendar_2026_ytd,ok,2026-01-01 00:00:00+00:00,2026-07-18 00:00:00+00:00,199.0,12.0,0.026853688534199966,0.9166666666666666,3.486079178277563,0.0004901559038594794,False,199.0,0.01319800532220049,0.013655683211999475,state_ext=stretched_up,47.0,0.022339323011360126,0.00451436552283984,0.0031225921544038027
XRP/USD,1d,state_volume=vol_quiet + state_ext=stretched_up,latest_12m,ok,2025-07-18 00:00:00+00:00,2026-07-18 00:00:00+00:00,366.0,28.0,0.04120842248832548,0.9642857142857143,7.406822346928799,1.2922996006636822e-13,True,366.0,0.013082288879176444,0.028126133609149034,state_ext=stretched_up,86.0,0.03355565106142237,0.007652771426903106,1.1073378880510631e-07
XRP/USD,1d,state_volume=vol_quiet + state_ext=stretched_up,latest_6m,ok,2026-01-18 00:00:00+00:00,2026-07-18 00:00:00+00:00,182.0,9.0,0.02500474883178799,0.8888888888888888,2.6073252159724545,0.00912526446087325,False,182.0,0.013145945888878638,0.011858802942909351,state_ext=stretched_up,33.0,0.02167074576665699,0.003334003065131,0.01092809094056646
LTC/USD,1d,cross_USO_state_vol=low_vol + state_ext=stretched_up,all,ok,2021-07-13 00:00:00+00:00,2026-07-18 00:00:00+00:00,1832.0,218.0,0.022793995503210394,0.6697247706422018,2.4602818585726602,0.013882793894308243,True,1832.0,-0.0011226563144548438,0.023916651817665238,cross_USO_state_vol=low_vol,617.0,0.009663036069889134,0.01313095943332126,0.09079668540587038
LTC/USD,1d,cross_USO_state_vol=low_vol + state_ext=stretched_up,calendar_2024,ok,2024-01-01 00:00:00+00:00,2024-12-31 00:00:00+00:00,366.0,86.0,0.012911827233317803,0.627906976744186,0.7888443766846069,0.43020296909145084,False,366.0,-0.010215911990831463,0.023127739224149266,cross_USO_state_vol=low_vol,232.0,0.00011832740528995625,0.012793499828027848,0.9901207867270523
LTC/USD,1d,cross_USO_state_vol=low_vol + state_ext=stretched_up,calendar_2025,ok,2025-01-01 00:00:00+00:00,2025-12-31 00:00:00+00:00,365.0,77.0,0.04146121266519048,0.7142857142857143,3.250092570470257,0.0011536744814200084,True,365.0,0.00030214604676089403,0.041159066618429586,state_ext=stretched_up,138.0,0.015843834454148432,0.02561737821104205,0.18191974789574172
LTC/USD,1d,cross_USO_state_vol=low_vol + state_ext=stretched_up,calendar_2026_ytd,ok,2026-01-01 00:00:00+00:00,2026-07-18 00:00:00+00:00,199.0,5.0,-0.00032494825825604007,0.8,-0.025669916244445205,0.9795206193057044,False,199.0,0.012341371924605118,-0.012666320182861159,state_ext=stretched_up,51.0,0.017428480403630896,-0.017753428661886936,0.018294627695590204
LTC/USD,1d,cross_USO_state_vol=low_vol + state_ext=stretched_up,latest_12m,ok,2025-07-18 00:00:00+00:00,2026-07-18 00:00:00+00:00,366.0,47.0,0.041194191127398964,0.8085106382978723,2.80855310181347,0.004976467455550804,True,366.0,0.009742205817121548,0.03145198531027742,state_ext=stretched_up,107.0,0.030113672299976916,0.011080518827422049,0.0006224401516354838
LTC/USD,1d,cross_USO_state_vol=low_vol + state_ext=stretched_up,latest_6m,ok,2026-01-18 00:00:00+00:00,2026-07-18 00:00:00+00:00,182.0,0.0,,,,,False,182.0,0.009112122461187604,,state_ext=stretched_up,41.0,0.013507094094007235,,0.06581237147783536
DOT/USD,1d,state_ext=neutral + state_vol=low_vol,all,ok,2023-08-18 00:00:00+00:00,2026-07-18 00:00:00+00:00,1066.0,38.0,0.013107430116594682,0.6052631578947368,1.0403019821243666,0.29819962360710006,False,1066.0,0.0033786206883847474,0.009728809428209934,state_vol=low_vol,211.0,0.017190325457466973,-0.004082895340872292,0.07502874251782843
DOT/USD,1d,state_ext=neutral + state_vol=low_vol,calendar_2024,ok,2024-01-01 00:00:00+00:00,2024-12-31 00:00:00+00:00,366.0,17.0,0.021537910769749632,0.5882352941176471,1.0122873723998056,0.31140067076583344,False,366.0,-0.004460828339857393,0.025998739109607025,state_vol=low_vol,78.0,0.015415588073445138,0.0061223226963044945,0.3387138975599826
DOT/USD,1d,state_ext=neutral + state_vol=low_vol,calendar_2025,ok,2025-01-01 00:00:00+00:00,2025-12-31 00:00:00+00:00,365.0,5.0,-0.06008819367058443,0.4,-1.1096853554852277,0.2671346356205184,False,365.0,0.012580249761879448,-0.07266844343246388,state_vol=low_vol,59.0,0.013759955358366325,-0.07384814902895076,0.5391493124683615
DOT/USD,1d,state_ext=neutral + state_vol=low_vol,calendar_2026_ytd,ok,2026-01-01 00:00:00+00:00,2026-07-18 00:00:00+00:00,199.0,16.0,0.027023676856111015,0.6875,2.5398284622319434,0.011090684987429267,True,199.0,0.020207372732075967,0.006816304124035048,state_vol=low_vol,74.0,0.02179601940071888,0.005227657455392134,0.06600695315649618
DOT/USD,1d,state_ext=neutral + state_vol=low_vol,latest_12m,ok,2025-07-18 00:00:00+00:00,2026-07-18 00:00:00+00:00,366.0,19.0,0.027455587972848732,0.6842105263157895,3.016468135873403,0.0025573809489563004,True,366.0,0.01887266533512046,0.008582922637728273,state_vol=low_vol,105.0,0.01914154203190998,0.008314045940938753,0.06402443513375822
DOT/USD,1d,state_ext=neutral + state_vol=low_vol,latest_6m,ok,2026-01-18 00:00:00+00:00,2026-07-18 00:00:00+00:00,182.0,16.0,0.027023676856111015,0.6875,2.5398284622319434,0.011090684987429267,True,182.0,0.02031260209561343,0.006711074760497586,state_vol=low_vol,74.0,0.02179601940071888,0.005227657455392134,0.06600695315649618
SUSHI/USD,1d,cross_USO_state_slope=flat + cross_TLT_state_ext=neutral + state_ext=stretched_up,all,ok,2021-07-23 00:00:00+00:00,2026-07-18 00:00:00+00:00,1822.0,132.0,0.0051957261456599705,0.6439393939393939,0.22982292400377502,0.818229370689934,False,1822.0,0.002489867830105468,0.0027058583155545025,cross_TLT_state_ext=neutral + state_ext=stretched_up,323.0,0.01577895279791471,-0.010583226652254737,0.237491619689002
SUSHI/USD,1d,cross_USO_state_slope=flat + cross_TLT_state_ext=neutral + state_ext=stretched_up,calendar_2024,ok,2024-01-01 00:00:00+00:00,2024-12-31 00:00:00+00:00,366.0,48.0,-0.0053157217711683425,0.6041666666666666,-0.15834748120059544,0.8741829954769511,False,366.0,-0.013848739857466172,0.00853301808629783,cross_TLT_state_ext=neutral,169.0,-0.013853890302703419,0.008538168531535075,0.3752854251913669
SUSHI/USD,1d,cross_USO_state_slope=flat + cross_TLT_state_ext=neutral + state_ext=stretched_up,calendar_2025,ok,2025-01-01 00:00:00+00:00,2025-12-31 00:00:00+00:00,365.0,29.0,0.08728886765701872,0.8620689655172413,3.8166411766117228,0.0001352806843262222,True,365.0,0.014850030023750602,0.07243883763326812,cross_USO_state_slope=flat + state_ext=stretched_up,40.0,0.07138479101474181,0.015904076642276915,0.0025038144716595934
SUSHI/USD,1d,cross_USO_state_slope=flat + cross_TLT_state_ext=neutral + state_ext=stretched_up,calendar_2026_ytd,ok,2026-01-01 00:00:00+00:00,2026-07-18 00:00:00+00:00,199.0,18.0,0.010010922186097533,0.5555555555555556,0.5340477241865491,0.5933085159578222,False,199.0,0.01316434378584555,-0.003153421599748017,state_ext=stretched_up,59.0,0.025499996297212408,-0.015489074111114874,0.10342791289392483
SUSHI/USD,1d,cross_USO_state_slope=flat + cross_TLT_state_ext=neutral + state_ext=stretched_up,latest_12m,ok,2025-07-18 00:00:00+00:00,2026-07-18 00:00:00+00:00,366.0,35.0,0.059546105099740905,0.7428571428571429,3.2216759394568633,0.0012744318929047704,True,366.0,0.01971434758742714,0.03983175751231377,cross_USO_state_slope=flat + state_ext=stretched_up,45.0,0.05490934413153194,0.004636760968208968,0.00041866373573795634
SUSHI/USD,1d,cross_USO_state_slope=flat + cross_TLT_state_ext=neutral + state_ext=stretched_up,latest_6m,ok,2026-01-18 00:00:00+00:00,2026-07-18 00:00:00+00:00,182.0,7.0,0.03530199530834702,0.7142857142857143,1.9629077039987386,0.0496568994432629,False,182.0,0.012944148904155696,0.02235784640419132,cross_USO_state_slope=flat + cross_TLT_state_ext=neutral,13.0,0.0290362001074476,0.006265795200899416,0.028525817234404283
DOT/USD,1d,cross_USO_state_ext=stretched_down + cross_TLT_state_slope=flat + state_ext=stretched_down,all,ok,2023-08-18 00:00:00+00:00,2026-07-18 00:00:00+00:00,1066.0,46.0,0.02322529492568148,0.6086956521739131,1.0479758057293893,0.2946497540464432,False,1066.0,0.0033786206883847474,0.019846674237296733,cross_TLT_state_slope=flat + state_ext=stretched_down,207.0,0.013840787785250778,0.009384507140430702,0.1612040206486698
DOT/USD,1d,cross_USO_state_ext=stretched_down + cross_TLT_state_slope=flat + state_ext=stretched_down,calendar_2024,ok,2024-01-01 00:00:00+00:00,2024-12-31 00:00:00+00:00,366.0,2.0,0.004071865519851975,0.5,0.09672400315193107,0.9229455774436206,False,366.0,-0.004460828339857393,0.008532693859709367,cross_TLT_state_slope=flat + state_ext=stretched_down,46.0,0.018022550719947916,-0.01395068520009594,0.3512671883949414
DOT/USD,1d,cross_USO_state_ext=stretched_down + cross_TLT_state_slope=flat + state_ext=stretched_down,calendar_2025,ok,2025-01-01 00:00:00+00:00,2025-12-31 00:00:00+00:00,365.0,33.0,0.003199853071273138,0.5151515151515151,0.12345875567467494,0.9017438325774805,False,365.0,0.012580249761879448,-0.009380396690606311,cross_TLT_state_slope=flat,171.0,0.01821666847652822,-0.015016815405255084,0.10928675818678757
DOT/USD,1d,cross_USO_state_ext=stretched_down + cross_TLT_state_slope=flat + state_ext=stretched_down,calendar_2026_ytd,ok,2026-01-01 00:00:00+00:00,2026-07-18 00:00:00+00:00,199.0,11.0,0.08678406219905732,0.9090909090909091,3.245562517811757,0.0011721882328465938,False,199.0,0.020207372732075967,0.06657668946698135,cross_USO_state_ext=stretched_down + cross_TLT_state_slope=flat,12.0,0.08306860124812597,0.0037154609509313513,0.0010562681686545616
DOT/USD,1d,cross_USO_state_ext=stretched_down + cross_TLT_state_slope=flat + state_ext=stretched_down,latest_12m,ok,2025-07-18 00:00:00+00:00,2026-07-18 00:00:00+00:00,366.0,33.0,0.051021294332789034,0.7575757575757576,2.862285331157959,0.00420598072620515,True,366.0,0.01887266533512046,0.03214862899766857,cross_USO_state_ext=stretched_down + cross_TLT_state_slope=flat,46.0,0.04623755699868336,0.004783737334105677,0.025397164096655267
DOT/USD,1d,cross_USO_state_ext=stretched_down + cross_TLT_state_slope=flat + state_ext=stretched_down,latest_6m,ok,2026-01-18 00:00:00+00:00,2026-07-18 00:00:00+00:00,182.0,11.0,0.08678406219905732,0.9090909090909091,3.245562517811757,0.0011721882328465938,False,182.0,0.02031260209561343,0.06647146010344389,cross_USO_state_ext=stretched_down + cross_TLT_state_slope=flat,11.0,0.08678406219905732,0.0,0.0011721882328465938
AAVE/USD,1d,state_ext=stretched_up + state_slope=flat,all,ok,2021-07-15 00:00:00+00:00,2026-07-18 00:00:00+00:00,1830.0,186.0,0.004809089424935444,0.543010752688172,0.38551225141315965,0.6998579313000208,False,1830.0,-0.0038038282031588764,0.00861291762809432,state_slope=flat,613.0,0.000535268668168951,0.0042738207567664934,0.9440292865784021
AAVE/USD,1d,state_ext=stretched_up + state_slope=flat,calendar_2024,ok,2024-01-01 00:00:00+00:00,2024-12-31 00:00:00+00:00,366.0,55.0,-0.0164150815819708,0.4727272727272727,-0.6185496366634242,0.5362130887498937,False,366.0,-0.022760187861961188,0.006345106279990388,state_ext=stretched_up,191.0,-0.011706199176920078,-0.0047088824050507214,0.47300723353238316
AAVE/USD,1d,state_ext=stretched_up + state_slope=flat,calendar_2025,ok,2025-01-01 00:00:00+00:00,2025-12-31 00:00:00+00:00,365.0,27.0,0.060071817836747456,0.7407407407407407,2.0819505240694793,0.03734698914585177,True,365.0,0.0048426307881787485,0.055229187048568704,state_slope=flat,107.0,0.04747854371091389,0.012593274125833567,0.006699604750966648
AAVE/USD,1d,state_ext=stretched_up + state_slope=flat,calendar_2026_ytd,ok,2026-01-01 00:00:00+00:00,2026-07-18 00:00:00+00:00,199.0,26.0,0.05351289231592231,0.8076923076923077,3.4310521020430356,0.0006012451091153004,True,199.0,0.009319355333214735,0.044193536982707574,state_slope=flat,73.0,0.028747046850908484,0.024765845465013824,0.0026267366673817794
AAVE/USD,1d,state_ext=stretched_up + state_slope=flat,latest_12m,ok,2025-07-18 00:00:00+00:00,2026-07-18 00:00:00+00:00,366.0,34.0,0.056078903031028735,0.8235294117647058,4.383963529774092,1.1653929180122091e-05,True,366.0,0.012262824996133374,0.04381607803489536,state_slope=flat,129.0,0.04247975350220462,0.013599149528824114,3.52727866514968e-06
AAVE/USD,1d,state_ext=stretched_up + state_slope=flat,latest_6m,ok,2026-01-18 00:00:00+00:00,2026-07-18 00:00:00+00:00,182.0,22.0,0.06239278228469518,0.8181818181818182,3.7760885657538554,0.00015931036502436768,True,182.0,0.010151582849706247,0.05224119943498893,state_slope=flat,69.0,0.030142614929936713,0.03225016735475847,0.0024842521442052234
AVAX/USD,1d,cross_USO_state_ext=stretched_up + state_ext=stretched_up,all,ok,2021-11-18 00:00:00+00:00,2026-07-18 00:00:00+00:00,1704.0,213.0,0.018900467796303447,0.5821596244131455,1.7128874976166846,0.08673323878965178,False,1704.0,0.002266710160130235,0.016633757636173214,cross_USO_state_ext=stretched_up,670.0,0.017848056629575722,0.001052411166727725,0.012861617013477655
AVAX/USD,1d,cross_USO_state_ext=stretched_up + state_ext=stretched_up,calendar_2024,ok,2024-01-01 00:00:00+00:00,2024-12-31 00:00:00+00:00,366.0,56.0,0.008464931296871809,0.5714285714285714,0.42161059417477226,0.6733092721980909,False,366.0,-0.007093229194667706,0.015558160491539515,cross_USO_state_ext=stretched_up,140.0,-0.0002348941069439408,0.00869982540381575,0.9880792127780362
AVAX/USD,1d,cross_USO_state_ext=stretched_up + state_ext=stretched_up,calendar_2025,ok,2025-01-01 00:00:00+00:00,2025-12-31 00:00:00+00:00,365.0,24.0,0.09199983768592869,0.875,5.213640569965,1.851700921484678e-07,True,365.0,0.009329605647915918,0.08267023203801277,cross_USO_state_ext=stretched_up,92.0,0.03541273752677526,0.05658710015915343,0.00579717600975993
AVAX/USD,1d,cross_USO_state_ext=stretched_up + state_ext=stretched_up,calendar_2026_ytd,ok,2026-01-01 00:00:00+00:00,2026-07-18 00:00:00+00:00,199.0,29.0,0.021370424160905958,0.6896551724137931,1.3358422771329428,0.1816008312067119,False,199.0,0.016732382243115015,0.004638041917790943,state_ext=stretched_up,58.0,0.016393094508699742,0.004977329652206215,0.06277742237845096
AVAX/USD,1d,cross_USO_state_ext=stretched_up + state_ext=stretched_up,latest_12m,ok,2025-07-18 00:00:00+00:00,2026-07-18 00:00:00+00:00,366.0,35.0,0.02522087537237509,0.6857142857142857,1.6597409786429544,0.09696657177235757,False,366.0,0.01472794861861402,0.010492926753761069,cross_USO_state_ext=stretched_up,142.0,0.016106213336986964,0.009114662035388126,0.07707764125176109
AVAX/USD,1d,cross_USO_state_ext=stretched_up + state_ext=stretched_up,latest_6m,ok,2026-01-18 00:00:00+00:00,2026-07-18 00:00:00+00:00,182.0,23.0,0.02155623842344323,0.7391304347826086,1.3504188719433732,0.17688166070835143,False,182.0,0.015379529402008409,0.006176709021434822,state_ext=stretched_up,45.0,0.016181459083911474,0.0053747793395317565,0.09229735974375597
XRP/USD,1d,cross_TLT_state_slope=uptrend + state_ext=stretched_up,all,ok,2024-01-01 00:00:00+00:00,2026-07-18 00:00:00+00:00,930.0,120.0,0.014237357433532171,0.6083333333333333,1.1737166296695054,0.2405085470534507,False,930.0,-0.00813339438822198,0.022370751821754152,cross_TLT_state_slope=uptrend,357.0,-0.0007012740611824402,0.01493863149471461,0.9174785865678923
XRP/USD,1d,cross_TLT_state_slope=uptrend + state_ext=stretched_up,calendar_2024,ok,2024-01-01 00:00:00+00:00,2024-12-31 00:00:00+00:00,366.0,66.0,0.014087925693199735,0.5454545454545454,1.1495146998994763,0.2503438088371752,False,366.0,-0.025896079263533826,0.03998400495673356,cross_TLT_state_slope=uptrend,153.0,0.0025283942420711333,0.011559531451128601,0.7386315015632774
XRP/USD,1d,cross_TLT_state_slope=uptrend + state_ext=stretched_up,calendar_2025,ok,2025-01-01 00:00:00+00:00,2025-12-31 00:00:00+00:00,365.0,45.0,0.011733823683979717,0.6666666666666666,0.478547081774359,0.6322608723825986,False,365.0,-0.001952040629345084,0.0136858643133248,state_ext=stretched_up,129.0,0.002029261512306062,0.009704562171673656,0.9053368255961065
XRP/USD,1d,cross_TLT_state_slope=uptrend + state_ext=stretched_up,calendar_2026_ytd,ok,2026-01-01 00:00:00+00:00,2026-07-18 00:00:00+00:00,199.0,9.0,0.027850858943732255,0.7777777777777778,2.2080027532297484,0.027244081239779616,False,199.0,0.01319800532220049,0.014652853621531764,state_ext=stretched_up,47.0,0.022339323011360126,0.005511535932372129,0.0031225921544038027
XRP/USD,1d,cross_TLT_state_slope=uptrend + state_ext=stretched_up,latest_12m,ok,2025-07-18 00:00:00+00:00,2026-07-18 00:00:00+00:00,366.0,33.0,0.030042684102183356,0.8484848484848485,3.8840426316488053,0.000102733882271,True,366.0,0.013082288879176444,0.01696039522300691,state_ext=stretched_up,86.0,0.03355565106142237,-0.0035129669592390174,1.1073378880510631e-07
XRP/USD,1d,cross_TLT_state_slope=uptrend + state_ext=stretched_up,latest_6m,ok,2026-01-18 00:00:00+00:00,2026-07-18 00:00:00+00:00,182.0,9.0,0.027850858943732255,0.7777777777777778,2.2080027532297484,0.027244081239779616,False,182.0,0.013145945888878638,0.014704913054853616,state_ext=stretched_up,33.0,0.02167074576665699,0.006180113177075265,0.01092809094056646
SUSHI/USD,1d,cross_TLT_state_ext=neutral + state_ext=stretched_up,all,ok,2021-07-23 00:00:00+00:00,2026-07-18 00:00:00+00:00,1822.0,323.0,0.01577895279791471,0.6191950464396285,1.1812797231244183,0.237491619689002,False,1822.0,0.002489867830105468,0.01328908496780924,cross_TLT_state_ext=neutral,907.0,0.007468083233589091,0.008310869564325618,0.3102469816664981
SUSHI/USD,1d,cross_TLT_state_ext=neutral + state_ext=stretched_up,calendar_2024,ok,2024-01-01 00:00:00+00:00,2024-12-31 00:00:00+00:00,366.0,75.0,-0.027902389903010465,0.48,-1.1036752342902338,0.26973404241221877,False,366.0,-0.013848739857466172,-0.014053650045544293,cross_TLT_state_ext=neutral,169.0,-0.013853890302703419,-0.014048499600307046,0.3752854251913669
SUSHI/USD,1d,cross_TLT_state_ext=neutral + state_ext=stretched_up,calendar_2025,ok,2025-01-01 00:00:00+00:00,2025-12-31 00:00:00+00:00,365.0,59.0,0.06096178396839587,0.7627118644067796,2.7231142959003,0.006466968018554509,True,365.0,0.014850030023750602,0.04611175394464527,state_ext=stretched_up,88.0,0.04505184419797911,0.015909939770416756,0.06456281520520069
SUSHI/USD,1d,cross_TLT_state_ext=neutral + state_ext=stretched_up,calendar_2026_ytd,ok,2026-01-01 00:00:00+00:00,2026-07-18 00:00:00+00:00,199.0,50.0,0.02528633513552631,0.58,1.3972731618990102,0.16233144320273585,False,199.0,0.01316434378584555,0.012121991349680759,state_ext=stretched_up,59.0,0.025499996297212408,-0.00021366116168609894,0.10342791289392483
SUSHI/USD,1d,cross_TLT_state_ext=neutral + state_ext=stretched_up,latest_12m,ok,2025-07-18 00:00:00+00:00,2026-07-18 00:00:00+00:00,366.0,72.0,0.05198709900682755,0.6944444444444444,3.289366156610915,0.0010041330107837254,True,366.0,0.01971434758742714,0.032272751419400406,state_ext=stretched_up,88.0,0.049193247491649814,0.0027938515151777338,0.0002361938188033541
SUSHI/USD,1d,cross_TLT_state_ext=neutral + state_ext=stretched_up,latest_6m,ok,2026-01-18 00:00:00+00:00,2026-07-18 00:00:00+00:00,182.0,35.0,0.027233598028880573,0.5714285714285714,1.1778122227336534,0.23887147476764348,False,182.0,0.012944148904155696,0.014289449124724877,state_ext=stretched_up,44.0,0.027121794449319014,0.00011180357956155906,0.15796967028801157
LTC/USD,1d,cross_USO_state_ext=stretched_up + state_ext=stretched_up,all,ok,2021-07-13 00:00:00+00:00,2026-07-18 00:00:00+00:00,1832.0,240.0,0.009210635225461934,0.5583333333333333,1.239362371978051,0.21521132977847346,False,1832.0,-0.0011226563144548438,0.010333291539916778,cross_USO_state_ext=stretched_up,731.0,0.003529668396552083,0.005680966828909851,0.5414114471393385
LTC/USD,1d,cross_USO_state_ext=stretched_up + state_ext=stretched_up,calendar_2024,ok,2024-01-01 00:00:00+00:00,2024-12-31 00:00:00+00:00,366.0,46.0,-0.002404644288747207,0.5652173913043478,-0.11726591548373017,0.9066493341415343,False,366.0,-0.010215911990831463,0.0078112677020842555,state_ext=stretched_up,147.0,-0.003827422530498859,0.0014227782417516517,0.7952275600100085
LTC/USD,1d,cross_USO_state_ext=stretched_up + state_ext=stretched_up,calendar_2025,ok,2025-01-01 00:00:00+00:00,2025-12-31 00:00:00+00:00,365.0,27.0,0.03366043459559482,0.7407407407407407,2.928039783003644,0.0034110639671665055,True,365.0,0.00030214604676089403,0.03335828854883392,state_ext=stretched_up,138.0,0.015843834454148432,0.017816600141446388,0.18191974789574172
LTC/USD,1d,cross_USO_state_ext=stretched_up + state_ext=stretched_up,calendar_2026_ytd,ok,2026-01-01 00:00:00+00:00,2026-07-18 00:00:00+00:00,199.0,29.0,0.023047500311565654,0.7586206896551724,2.495966594741496,0.012561443037896192,True,199.0,0.012341371924605118,0.010706128386960535,state_ext=stretched_up,51.0,0.017428480403630896,0.005619019907934758,0.018294627695590204
LTC/USD,1d,cross_USO_state_ext=stretched_up + state_ext=stretched_up,latest_12m,ok,2025-07-18 00:00:00+00:00,2026-07-18 00:00:00+00:00,366.0,36.0,0.020722417341352398,0.7222222222222222,2.4647269883146796,0.013711768314546902,True,366.0,0.009742205817121548,0.01098021152423085,state_ext=stretched_up,107.0,0.030113672299976916,-0.009391254958624518,0.0006224401516354838
LTC/USD,1d,cross_USO_state_ext=stretched_up + state_ext=stretched_up,latest_6m,ok,2026-01-18 00:00:00+00:00,2026-07-18 00:00:00+00:00,182.0,26.0,0.017801880088182287,0.7307692307692307,2.0233593416049156,0.04303611286072995,True,182.0,0.009112122461187604,0.008689757626994683,state_ext=stretched_up,41.0,0.013507094094007235,0.004294785994175052,0.06581237147783536
LTC/USD,1d,cross_USO_state_slope=uptrend + state_ext=stretched_up,all,ok,2021-07-13 00:00:00+00:00,2026-07-18 00:00:00+00:00,1832.0,104.0,0.013219602099757364,0.6057692307692307,1.2173035428692724,0.22348874683736852,False,1832.0,-0.0011226563144548438,0.014342258414212208,cross_USO_state_slope=uptrend,398.0,0.005345729184306668,0.007873872915450697,0.45978839500956514
LTC/USD,1d,cross_USO_state_slope=uptrend + state_ext=stretched_up,calendar_2024,ok,2024-01-01 00:00:00+00:00,2024-12-31 00:00:00+00:00,366.0,26.0,-0.0005031880795877317,0.5,-0.018329804027227465,0.9853757512820807,False,366.0,-0.010215911990831463,0.009712723911243731,state_ext=stretched_up,147.0,-0.003827422530498859,0.003324234450911127,0.7952275600100085
LTC/USD,1d,cross_USO_state_slope=uptrend + state_ext=stretched_up,calendar_2025,ok,2025-01-01 00:00:00+00:00,2025-12-31 00:00:00+00:00,365.0,23.0,0.03815369230065926,0.782608695652174,2.5929107853817976,0.009516745395981019,True,365.0,0.00030214604676089403,0.03785154625389836,state_ext=stretched_up,138.0,0.015843834454148432,0.022309857846510826,0.18191974789574172
LTC/USD,1d,cross_USO_state_slope=uptrend + state_ext=stretched_up,calendar_2026_ytd,ok,2026-01-01 00:00:00+00:00,2026-07-18 00:00:00+00:00,199.0,25.0,0.020036410288517232,0.72,2.6389391062938286,0.008316591793425143,True,199.0,0.012341371924605118,0.0076950383639121135,state_ext=stretched_up,51.0,0.017428480403630896,0.0026079298848863362,0.018294627695590204
LTC/USD,1d,cross_USO_state_slope=uptrend + state_ext=stretched_up,latest_12m,ok,2025-07-18 00:00:00+00:00,2026-07-18 00:00:00+00:00,366.0,30.0,0.02724409565410806,0.7666666666666667,3.284171090877554,0.0010228280879216456,True,366.0,0.009742205817121548,0.01750188983698651,state_ext=stretched_up,107.0,0.030113672299976916,-0.002869576645868857,0.0006224401516354838
LTC/USD,1d,cross_USO_state_slope=uptrend + state_ext=stretched_up,latest_6m,ok,2026-01-18 00:00:00+00:00,2026-07-18 00:00:00+00:00,182.0,25.0,0.020036410288517232,0.72,2.6389391062938286,0.008316591793425143,True,182.0,0.009112122461187604,0.010924287827329628,state_ext=stretched_up,41.0,0.013507094094007235,0.006529316194509997,0.06581237147783536
BCH/USD,1h,cross_USO_state_ext=stretched_down + cross_TLT_state_slope=downtrend + state_ext=neutral,all,ok,2025-07-11 10:00:00+00:00,2026-07-24 18:00:00+00:00,9077.0,66.0,0.0017966775314766092,0.5303030303030303,0.9394105067129948,0.34752002066486387,False,9077.0,-0.0005773649729195155,0.0023740425043961245,cross_USO_state_ext=stretched_down + cross_TLT_state_slope=downtrend,117.0,0.00030561039834333536,0.001491067133133274,0.8192991962148648
BCH/USD,1h,cross_USO_state_ext=stretched_down + cross_TLT_state_slope=downtrend + state_ext=neutral,calendar_2024,empty_window,,,,,,,,,,,,,,,,,
BCH/USD,1h,cross_USO_state_ext=stretched_down + cross_TLT_state_slope=downtrend + state_ext=neutral,calendar_2025,ok,2025-07-11 10:00:00+00:00,2025-12-31 23:00:00+00:00,4166.0,7.0,-0.0011229505971020286,0.42857142857142855,-0.6899810120174843,0.49020612827245325,False,4166.0,9.297925525055522e-05,-0.0012159298523525838,cross_USO_state_ext=stretched_down + state_ext=neutral,376.0,0.0011358258300353577,-0.0022587764271373863,0.42640594077394245
BCH/USD,1h,cross_USO_state_ext=stretched_down + cross_TLT_state_slope=downtrend + state_ext=neutral,calendar_2026_ytd,ok,2026-01-01 00:00:00+00:00,2026-07-24 18:00:00+00:00,4911.0,59.0,0.0021430740891045835,0.5423728813559322,1.0142311200887997,0.31047248240382386,False,4911.0,-0.0011460178042281114,0.003289091893332695,cross_USO_state_ext=stretched_down + cross_TLT_state_slope=downtrend,99.0,0.0009233943005636532,0.0012196797885409305,0.5374693517216462
BCH/USD,1h,cross_USO_state_ext=stretched_down + cross_TLT_state_slope=downtrend + state_ext=neutral,latest_12m,ok,2025-07-24 18:00:00+00:00,2026-07-24 18:00:00+00:00,8757.0,66.0,0.0017966775314766092,0.5303030303030303,0.9394105067129948,0.34752002066486387,False,8757.0,-0.0005857358356898017,0.002382413367166411,cross_USO_state_ext=stretched_down + cross_TLT_state_slope=downtrend,117.0,0.00030561039834333536,0.001491067133133274,0.8192991962148648
BCH/USD,1h,cross_USO_state_ext=stretched_down + cross_TLT_state_slope=downtrend + state_ext=neutral,latest_6m,ok,2026-01-24 18:00:00+00:00,2026-07-24 18:00:00+00:00,4341.0,56.0,0.001080411368155825,0.5178571428571429,0.5119213329269245,0.6087060672523756,False,4341.0,-0.0012718926175535347,0.0023523039857093597,cross_USO_state_ext=stretched_down + cross_TLT_state_slope=downtrend,96.0,0.00026539271995163995,0.000815018648204185,0.8524355331965503
DOT/USD,1h,state_utc_session=utc_us + state_ext=stretched_up + state_slope=uptrend,all,ok,2025-07-11 10:00:00+00:00,2026-07-24 18:00:00+00:00,9072.0,408.0,0.0017524417491329893,0.5833333333333334,1.256256487619254,0.20902299235898147,False,9072.0,0.0005013843361691994,0.00125105741296379,state_utc_session=utc_us + state_slope=uptrend,827.0,0.0021571560337993153,-0.0004047142846663259,0.019476985009670322
DOT/USD,1h,state_utc_session=utc_us + state_ext=stretched_up + state_slope=uptrend,calendar_2024,empty_window,,,,,,,,,,,,,,,,,
DOT/USD,1h,state_utc_session=utc_us + state_ext=stretched_up + state_slope=uptrend,calendar_2025,ok,2025-07-11 10:00:00+00:00,2025-12-31 23:00:00+00:00,4158.0,215.0,0.0006236492543371208,0.5255813953488372,0.36234507658742543,0.7170941772093093,False,4158.0,0.0005651550521867175,5.849420215040327e-05,state_slope=uptrend,1099.0,0.0010744294358558466,-0.00045078018151872585,0.37829428017716626
DOT/USD,1h,state_utc_session=utc_us + state_ext=stretched_up + state_slope=uptrend,calendar_2026_ytd,ok,2026-01-01 00:00:00+00:00,2026-07-24 18:00:00+00:00,4914.0,193.0,0.003009904891004036,0.6476683937823834,1.405877153086144,0.15976060666200054,False,4914.0,0.00044742449953899126,0.0025624803914650446,state_utc_session=utc_us + state_slope=uptrend,456.0,0.0034133076513523995,-0.00040340276034836345,0.002843592947176621
DOT/USD,1h,state_utc_session=utc_us + state_ext=stretched_up + state_slope=uptrend,latest_12m,ok,2025-07-24 18:00:00+00:00,2026-07-24 18:00:00+00:00,8752.0,404.0,0.0016881372106404197,0.5792079207920792,1.1982851821120348,0.23080601325643446,False,8752.0,0.0005436998730650825,0.0011444373375753374,state_utc_session=utc_us + state_slope=uptrend,819.0,0.0021325966368106134,-0.00044445942617019367,0.022108282498843668
DOT/USD,1h,state_utc_session=utc_us + state_ext=stretched_up + state_slope=uptrend,latest_6m,ok,2026-01-24 18:00:00+00:00,2026-07-24 18:00:00+00:00,4344.0,156.0,0.004851935652457498,0.6923076923076923,2.2427206246077196,0.024914835794318968,True,4344.0,0.0006467321329748779,0.0042052035194826195,state_utc_session=utc_us + state_slope=uptrend,402.0,0.004125616894041712,0.000726318758415786,0.0003247757101951798
LTC/USD,1h,state_ext=stretched_up + state_slope=flat,all,ok,2025-07-11 10:00:00+00:00,2026-07-24 18:00:00+00:00,9079.0,121.0,0.005825776844895829,0.6694214876033058,2.7428891354518847,0.006090124308064215,True,9079.0,7.452678622030896e-05,0.0057512500586755205,state_ext=stretched_up,1003.0,0.001099382179406752,0.004726394665489077,0.2850361048709842
LTC/USD,1h,state_ext=stretched_up + state_slope=flat,calendar_2024,empty_window,,,,,,,,,,,,,,,,,
LTC/USD,1h,state_ext=stretched_up + state_slope=flat,calendar_2025,ok,2025-07-11 10:00:00+00:00,2025-12-31 23:00:00+00:00,4165.0,81.0,0.007174103266734352,0.6419753086419753,2.4871344148158543,0.012877673341071816,True,4165.0,-0.00012239106105308732,0.007296494327787439,state_slope=flat,1430.0,0.0012141966149343526,0.0059599066517999994,0.08336974903271788
LTC/USD,1h,state_ext=stretched_up + state_slope=flat,calendar_2026_ytd,ok,2026-01-01 00:00:00+00:00,2026-07-24 18:00:00+00:00,4914.0,40.0,0.0030954158406728246,0.725,1.2666470571582271,0.20528151840264464,False,4914.0,0.00024143008982097927,0.0028539857508518454,state_ext=stretched_up,389.0,0.00115528521370362,0.0019401306269692046,0.4008362845585407
LTC/USD,1h,state_ext=stretched_up + state_slope=flat,latest_12m,ok,2025-07-24 18:00:00+00:00,2026-07-24 18:00:00+00:00,8759.0,114.0,0.005565716456370728,0.6666666666666666,2.5047458264973277,0.012253941801955603,True,8759.0,0.00018882294395437666,0.005376893512416351,state_ext=stretched_up,911.0,0.0014480452596812184,0.004117671196689509,0.165638942462063
LTC/USD,1h,state_ext=stretched_up + state_slope=flat,latest_6m,ok,2026-01-24 18:00:00+00:00,2026-07-24 18:00:00+00:00,4344.0,35.0,0.002956612073574706,0.7142857142857143,1.0322791956245874,0.3019413442053329,False,4344.0,0.00016807993416358496,0.0027885321394111214,state_ext=stretched_up,342.0,0.0012648066019983544,0.0016918054715763518,0.40855736572882906
BCH/USD,1d,cross_USO_state_slope=flat + cross_TLT_state_slope=flat + state_ext=neutral,all,ok,2021-07-13 00:00:00+00:00,2026-07-18 00:00:00+00:00,1832.0,32.0,0.033903924996297165,0.5,1.586416049276321,0.1126449620926997,False,1832.0,0.0024043808129730337,0.03149954418332413,cross_USO_state_slope=flat + state_ext=neutral,80.0,0.018626907708828955,0.01527701728746821,0.1788693971462174
BCH/USD,1d,cross_USO_state_slope=flat + cross_TLT_state_slope=flat + state_ext=neutral,calendar_2024,ok,2024-01-01 00:00:00+00:00,2024-12-31 00:00:00+00:00,366.0,6.0,0.05319422631546004,0.5,1.2110804159095514,0.22586458631263295,False,366.0,0.014728176657587345,0.03846604965787269,cross_TLT_state_slope=flat,135.0,0.04310639842900467,0.010087827886455368,0.047084080439619314
BCH/USD,1d,cross_USO_state_slope=flat + cross_TLT_state_slope=flat + state_ext=neutral,calendar_2025,ok,2025-01-01 00:00:00+00:00,2025-12-31 00:00:00+00:00,365.0,13.0,0.08396818485472526,0.8461538461538461,3.321775958509516,0.0008944648350919238,False,365.0,0.0067498598096023075,0.07721832504512295,cross_TLT_state_slope=flat + state_ext=neutral,29.0,0.039437873792234276,0.04453031106249099,0.03631606011162347
BCH/USD,1d,cross_USO_state_slope=flat + cross_TLT_state_slope=flat + state_ext=neutral,calendar_2026_ytd,ok,2026-01-01 00:00:00+00:00,2026-07-18 00:00:00+00:00,199.0,2.0,0.033686527100992486,0.5,1.5581741853377478,0.11919196264363618,False,199.0,-0.023558684953890588,0.057245212054883074,cross_USO_state_slope=flat + state_ext=neutral,3.0,0.01754011884031175,0.016146408260680735,0.43631009938349075
BCH/USD,1d,cross_USO_state_slope=flat + cross_TLT_state_slope=flat + state_ext=neutral,latest_12m,ok,2025-07-18 00:00:00+00:00,2026-07-18 00:00:00+00:00,366.0,8.0,0.04929398782526617,0.625,2.0879651450881584,0.03680097890767353,False,366.0,-0.00939537388144043,0.058689361706706605,cross_USO_state_slope=flat + state_ext=neutral,18.0,0.019128792471626868,0.030165195353639304,0.44022933403559783
BCH/USD,1d,cross_USO_state_slope=flat + cross_TLT_state_slope=flat + state_ext=neutral,latest_6m,ok,2026-01-18 00:00:00+00:00,2026-07-18 00:00:00+00:00,182.0,1.0,-0.009551934192974643,0.0,,,False,182.0,-0.023933269677521015,0.014381335484546372,state_ext=neutral,25.0,0.008258063516805147,-0.01780999770977979,0.5867523061231201
LTC/USD,1d,cross_USO_state_slope=flat + cross_TLT_state_slope=uptrend + state_ext=stretched_down,all,ok,2021-07-13 00:00:00+00:00,2026-07-18 00:00:00+00:00,1832.0,56.0,0.04067184344822881,0.6785714285714286,2.9231485059417803,0.003465112064409137,True,1832.0,0.0007226563144548451,0.03994918713377396,cross_TLT_state_slope=uptrend + state_ext=stretched_down,230.0,0.021891437923044692,0.018780405525184115,0.0036835471325289415
LTC/USD,1d,cross_USO_state_slope=flat + cross_TLT_state_slope=uptrend + state_ext=stretched_down,calendar_2024,ok,2024-01-01 00:00:00+00:00,2024-12-31 00:00:00+00:00,366.0,26.0,0.005469304920720712,0.5,0.3565230794500621,0.7214488712055502,False,366.0,0.009815911990831459,-0.004346607070110747,state_ext=stretched_down,134.0,0.0228226433195102,-0.017353338398789487,0.0042020015484629525
LTC/USD,1d,cross_USO_state_slope=flat + cross_TLT_state_slope=uptrend + state_ext=stretched_down,calendar_2025,ok,2025-01-01 00:00:00+00:00,2025-12-31 00:00:00+00:00,365.0,15.0,0.06386193518298523,0.7333333333333333,3.0855515692623765,0.002031749880588407,True,365.0,-0.0007021460467608924,0.06456408122974612,cross_USO_state_slope=flat + state_ext=stretched_down,49.0,0.026953513263694658,0.03690842191929057,0.03333978705908036
LTC/USD,1d,cross_USO_state_slope=flat + cross_TLT_state_slope=uptrend + state_ext=stretched_down,calendar_2026_ytd,ok,2026-01-01 00:00:00+00:00,2026-07-18 00:00:00+00:00,199.0,0.0,,,,,False,199.0,-0.012741371924605116,,cross_TLT_state_slope=uptrend + state_ext=stretched_down,32.0,0.014731032095667115,,0.16799850244636017
LTC/USD,1d,cross_USO_state_slope=flat + cross_TLT_state_slope=uptrend + state_ext=stretched_down,latest_12m,ok,2025-07-18 00:00:00+00:00,2026-07-18 00:00:00+00:00,366.0,11.0,0.07685994817395693,0.8181818181818182,3.491205308148713,0.0004808465957681918,False,366.0,-0.010142205817121549,0.08700215399107848,cross_TLT_state_slope=uptrend + state_ext=stretched_down,55.0,0.02816370113099604,0.04869624704296089,0.0019053264752022514
LTC/USD,1d,cross_USO_state_slope=flat + cross_TLT_state_slope=uptrend + state_ext=stretched_down,latest_6m,ok,2026-01-18 00:00:00+00:00,2026-07-18 00:00:00+00:00,182.0,0.0,,,,,False,182.0,-0.00951212246118761,,cross_TLT_state_slope=uptrend + state_ext=stretched_down,32.0,0.014731032095667115,,0.16799850244636017
DOT/USD,1d,cross_TLT_state_ext=neutral + state_ext=stretched_up,all,ok,2023-08-18 00:00:00+00:00,2026-07-18 00:00:00+00:00,1066.0,186.0,0.005665037188324398,0.6021505376344086,0.39640413741105135,0.6918069143461392,False,1066.0,0.0033786206883847474,0.0022864164999396508,cross_TLT_state_ext=neutral,604.0,0.009826108578021816,-0.004161071389697418,0.16179936753207125
DOT/USD,1d,cross_TLT_state_ext=neutral + state_ext=stretched_up,calendar_2024,ok,2024-01-01 00:00:00+00:00,2024-12-31 00:00:00+00:00,366.0,74.0,-0.03433784820222773,0.44594594594594594,-1.2632977646447738,0.20648218927541517,False,366.0,-0.004460828339857393,-0.02987701986237034,cross_TLT_state_ext=neutral,169.0,-0.01424617795614439,-0.02009167024608334,0.35889108065429953
DOT/USD,1d,cross_TLT_state_ext=neutral + state_ext=stretched_up,calendar_2025,ok,2025-01-01 00:00:00+00:00,2025-12-31 00:00:00+00:00,365.0,68.0,0.04472984637760829,0.7647058823529411,3.0309556905589017,0.0024378101981645806,True,365.0,0.012580249761879448,0.03214959661572884,state_ext=stretched_up,101.0,0.03528277329009223,0.009447073087516057,0.008441295453992304
DOT/USD,1d,cross_TLT_state_ext=neutral + state_ext=stretched_up,calendar_2026_ytd,ok,2026-01-01 00:00:00+00:00,2026-07-18 00:00:00+00:00,199.0,38.0,0.026476038571612747,0.7105263157894737,2.0783122310782347,0.03768061064040751,True,199.0,0.020207372732075967,0.00626866583953678,state_ext=stretched_up,48.0,0.029201039568512003,-0.002725000996899256,0.011121300722704675
DOT/USD,1d,cross_TLT_state_ext=neutral + state_ext=stretched_up,latest_12m,ok,2025-07-18 00:00:00+00:00,2026-07-18 00:00:00+00:00,366.0,70.0,0.05416300482528239,0.8285714285714286,4.893337640795714,9.914010572487086e-07,True,366.0,0.01887266533512046,0.03529033949016193,state_ext=stretched_up,91.0,0.04344940856962519,0.010713596255657203,2.0579034824219633e-05
DOT/USD,1d,cross_TLT_state_ext=neutral + state_ext=stretched_up,latest_6m,ok,2026-01-18 00:00:00+00:00,2026-07-18 00:00:00+00:00,182.0,21.0,0.03246266063999102,0.7619047619047619,2.589461739178155,0.009612610435678848,True,182.0,0.02031260209561343,0.012150058544377593,state_ext=stretched_up,31.0,0.034750848613132365,-0.0022881879731413424,0.0029395241752530055
BTC/USD,1d,cross_USO_state_slope=downtrend + cross_TLT_state_slope=uptrend + state_ext=neutral,all,ok,2021-07-13 00:00:00+00:00,2026-07-18 00:00:00+00:00,1832.0,61.0,0.007616929860138049,0.6065573770491803,0.6014203940847263,0.547560018566269,False,1832.0,-0.0040437518002276775,0.011660681660365727,cross_USO_state_slope=downtrend + state_ext=neutral,115.0,0.002014642640327956,0.005602287219810093,0.8261834116968254
BTC/USD,1d,cross_USO_state_slope=downtrend + cross_TLT_state_slope=uptrend + state_ext=neutral,calendar_2024,ok,2024-01-01 00:00:00+00:00,2024-12-31 00:00:00+00:00,366.0,12.0,0.019903027870645237,0.6666666666666666,0.7747148839749785,0.4385081540383551,False,366.0,-0.012917934290467198,0.03282096216111244,cross_TLT_state_slope=uptrend,153.0,0.0009167667156953375,0.018986261154949897,0.9039967687210892
BTC/USD,1d,cross_USO_state_slope=downtrend + cross_TLT_state_slope=uptrend + state_ext=neutral,calendar_2025,ok,2025-01-01 00:00:00+00:00,2025-12-31 00:00:00+00:00,365.0,14.0,0.053894955651208,0.9285714285714286,3.0981228017339335,0.0019475071094179341,False,365.0,-0.0002899976605062953,0.054184953311714294,cross_USO_state_slope=downtrend + state_ext=neutral,31.0,0.024468788478806316,0.029426167172401683,0.08692546128517842
BTC/USD,1d,cross_USO_state_slope=downtrend + cross_TLT_state_slope=uptrend + state_ext=neutral,calendar_2026_ytd,ok,2026-01-01 00:00:00+00:00,2026-07-18 00:00:00+00:00,199.0,8.0,0.03428987452482256,0.875,2.7109173318634947,0.006709735250495008,False,199.0,0.006706732118418719,0.02758314240640384,cross_USO_state_slope=downtrend + state_ext=neutral,10.0,0.023294443591904433,0.010995430932918125,0.12473877714156867
BTC/USD,1d,cross_USO_state_slope=downtrend + cross_TLT_state_slope=uptrend + state_ext=neutral,latest_12m,ok,2025-07-18 00:00:00+00:00,2026-07-18 00:00:00+00:00,366.0,14.0,0.030845198421156603,0.9285714285714286,3.8079330448801225,0.00014013320089478754,False,366.0,0.006723875282296531,0.024121323138860073,cross_USO_state_slope=downtrend + state_ext=neutral,26.0,0.02185854248499697,0.008986655936159632,0.010438078249611848
BTC/USD,1d,cross_USO_state_slope=downtrend + cross_TLT_state_slope=uptrend + state_ext=neutral,latest_6m,ok,2026-01-18 00:00:00+00:00,2026-07-18 00:00:00+00:00,182.0,8.0,0.03428987452482256,0.875,2.7109173318634947,0.006709735250495008,False,182.0,0.007369434188658112,0.026920440336164447,cross_USO_state_slope=downtrend + state_ext=neutral,10.0,0.023294443591904433,0.010995430932918125,0.12473877714156867
UNI/USD,1d,cross_TLT_state_slope=downtrend + state_slope=flat,all,ok,2021-07-13 00:00:00+00:00,2026-07-20 00:00:00+00:00,1834.0,174.0,0.0059101162703261755,0.5632183908045977,0.5594599252671951,0.5758478738189248,False,1834.0,-0.0020150847869148114,0.007925201057240986,cross_TLT_state_slope=downtrend,343.0,-6.914144670668134e-05,0.005979257717032857,0.9938226425837242
UNI/USD,1d,cross_TLT_state_slope=downtrend + state_slope=flat,calendar_2024,ok,2024-01-01 00:00:00+00:00,2024-12-31 00:00:00+00:00,366.0,30.0,-0.0446695966919782,0.36666666666666664,-1.3844577140062988,0.1662183474554042,False,366.0,-0.01850122254141336,-0.026168374150564843,cross_TLT_state_slope=downtrend,78.0,-0.02203014320105968,-0.02263945349091852,0.19678419976132444
UNI/USD,1d,cross_TLT_state_slope=downtrend + state_slope=flat,calendar_2025,ok,2025-01-01 00:00:00+00:00,2025-12-31 00:00:00+00:00,365.0,22.0,0.015856165969167117,0.6363636363636364,0.965418080836393,0.33433544886322153,False,365.0,0.00529875806344602,0.010557407905721097,cross_TLT_state_slope=downtrend,50.0,0.015085261811230854,0.0007709041579362624,0.4047226939780626
UNI/USD,1d,cross_TLT_state_slope=downtrend + state_slope=flat,calendar_2026_ytd,ok,2026-01-01 00:00:00+00:00,2026-07-20 00:00:00+00:00,201.0,15.0,0.05816244308600592,0.7333333333333333,3.093264099371688,0.0019796787326455956,True,201.0,0.007678919043851807,0.050483524042154115,cross_TLT_state_slope=downtrend,38.0,0.04211311839087109,0.01604932469513483,0.006419067714925175
UNI/USD,1d,cross_TLT_state_slope=downtrend + state_slope=flat,latest_12m,ok,2025-07-20 00:00:00+00:00,2026-07-20 00:00:00+00:00,366.0,18.0,0.05554142724115704,0.7777777777777778,3.724826061562873,0.00019544993905729058,True,366.0,0.00885477803303001,0.04668664920812703,cross_TLT_state_slope=downtrend,48.0,0.04786134018845884,0.007680087052698202,0.0005661766962807846
UNI/USD,1d,cross_TLT_state_slope=downtrend + state_slope=flat,latest_6m,ok,2026-01-20 00:00:00+00:00,2026-07-20 00:00:00+00:00,182.0,15.0,0.05816244308600592,0.7333333333333333,3.093264099371688,0.0019796787326455956,True,182.0,0.00320523005241335,0.05495721303359257,cross_TLT_state_slope=downtrend,38.0,0.04211311839087109,0.01604932469513483,0.006419067714925175
SOL/USD,1d,cross_USO_state_ext=stretched_down + cross_TLT_state_slope=uptrend + state_ext=stretched_down,all,ok,2021-07-13 00:00:00+00:00,2026-07-18 00:00:00+00:00,1414.0,97.0,0.014425632703033073,0.5567010309278351,0.9361853515512735,0.34917776389654653,False,1414.0,0.02635543787870287,-0.011929805175669796,cross_TLT_state_slope=uptrend,426.0,0.06345827982948575,-0.04903264712645268,0.25169270922118736
SOL/USD,1d,cross_USO_state_ext=stretched_down + cross_TLT_state_slope=uptrend + state_ext=stretched_down,calendar_2024,ok,2024-08-26 00:00:00+00:00,2024-12-31 00:00:00+00:00,128.0,3.0,0.10218389889879655,1.0,6.237933484786122,4.43389103210734e-10,False,128.0,0.01777604305672445,0.0844078558420721,cross_USO_state_ext=stretched_down + state_ext=stretched_down,4.0,0.13473326133511906,-0.03254936243632252,6.332249391505229e-09
SOL/USD,1d,cross_USO_state_ext=stretched_down + cross_TLT_state_slope=uptrend + state_ext=stretched_down,calendar_2025,ok,2025-01-01 00:00:00+00:00,2025-12-31 00:00:00+00:00,365.0,51.0,-0.01785437242268015,0.45098039215686275,-0.9365262047697994,0.3490023269822613,False,365.0,-0.002366645914358717,-0.015487726508321434,cross_USO_state_ext=stretched_down,132.0,0.005444740486877636,-0.023299112909557787,0.6861305027830813
SOL/USD,1d,cross_USO_state_ext=stretched_down + cross_TLT_state_slope=uptrend + state_ext=stretched_down,calendar_2026_ytd,ok,2026-01-01 00:00:00+00:00,2026-07-18 00:00:00+00:00,199.0,11.0,0.05662547265965981,0.8181818181818182,2.9881754794577344,0.002806483671636384,False,199.0,-0.010976641500550239,0.06760211416021004,cross_TLT_state_slope=uptrend + state_ext=stretched_down,25.0,0.03146815461822731,0.0251573180414325,0.053219315150560886
SOL/USD,1d,cross_USO_state_ext=stretched_down + cross_TLT_state_slope=uptrend + state_ext=stretched_down,latest_12m,ok,2025-07-18 00:00:00+00:00,2026-07-18 00:00:00+00:00,366.0,22.0,0.04172014051680492,0.7727272727272727,2.947188428232993,0.0032067773208184214,True,366.0,-0.009323515606133632,0.051043656122938555,cross_USO_state_ext=stretched_down + cross_TLT_state_slope=uptrend,58.0,0.027357707477216317,0.014362433039588604,0.030442061631950956
SOL/USD,1d,cross_USO_state_ext=stretched_down + cross_TLT_state_slope=uptrend + state_ext=stretched_down,latest_6m,ok,2026-01-18 00:00:00+00:00,2026-07-18 00:00:00+00:00,182.0,11.0,0.05662547265965981,0.8181818181818182,2.9881754794577344,0.002806483671636384,False,182.0,-0.011792027953118147,0.06841750061277796,cross_TLT_state_slope=uptrend + state_ext=stretched_down,25.0,0.03146815461822731,0.0251573180414325,0.053219315150560886
XRP/USD,1d,state_ext=neutral + state_slope=uptrend,all,ok,2024-01-01 00:00:00+00:00,2026-07-18 00:00:00+00:00,930.0,35.0,0.046689853251703814,0.8,3.0282619170294924,0.0024596480471588134,True,930.0,-0.00813339438822198,0.05482324763992579,state_ext=neutral,176.0,0.01913092643770421,0.027558926813999605,0.016469903698859145
XRP/USD,1d,state_ext=neutral + state_slope=uptrend,calendar_2024,ok,2024-01-01 00:00:00+00:00,2024-12-31 00:00:00+00:00,366.0,4.0,0.0579013200214849,1.0,4.752979673131946,2.0044050641487843e-06,False,366.0,-0.025896079263533826,0.08379739928501873,state_ext=neutral,62.0,0.02678485527791536,0.031116464743569543,0.06339556871225338
XRP/USD,1d,state_ext=neutral + state_slope=uptrend,calendar_2025,ok,2025-01-01 00:00:00+00:00,2025-12-31 00:00:00+00:00,365.0,17.0,0.05704200785786306,0.7647058823529411,1.9431679649119404,0.05199586734403372,False,365.0,-0.001952040629345084,0.05899404848720814,state_ext=neutral,67.0,0.026738254301098552,0.030303753556764505,0.026022979149367576
XRP/USD,1d,state_ext=neutral + state_slope=uptrend,calendar_2026_ytd,ok,2026-01-01 00:00:00+00:00,2026-07-18 00:00:00+00:00,199.0,14.0,0.030916103581430154,0.7857142857142857,2.5491539300395245,0.010798462583233137,False,199.0,0.01319800532220049,0.017718098259229664,state_slope=uptrend,51.0,0.029717436617905636,0.0011986669635245181,3.32854600215704e-05
XRP/USD,1d,state_ext=neutral + state_slope=uptrend,latest_12m,ok,2025-07-18 00:00:00+00:00,2026-07-18 00:00:00+00:00,366.0,20.0,0.04784351258922975,0.85,3.803377843078893,0.0001427363938135695,True,366.0,0.013082288879176444,0.03476122371005331,state_slope=uptrend,78.0,0.03943487018921139,0.00840864240001836,2.134683541044069e-10
XRP/USD,1d,state_ext=neutral + state_slope=uptrend,latest_6m,ok,2026-01-18 00:00:00+00:00,2026-07-18 00:00:00+00:00,182.0,12.0,0.025550344549842424,0.75,1.9841182440490635,0.047242659753385485,False,182.0,0.013145945888878638,0.012404398660963786,state_slope=uptrend,37.0,0.024982923755515658,0.0005674207943267666,0.000600976313962942
SOL/USD,1d,cross_USO_state_slope=uptrend + cross_TLT_state_ext=neutral + state_ext=stretched_up,all,ok,2021-07-13 00:00:00+00:00,2026-07-18 00:00:00+00:00,1414.0,55.0,0.021824419370510377,0.6545454545454545,1.4857662073305002,0.1373409714281777,False,1414.0,-0.02675543787870287,0.04857985724921325,cross_USO_state_slope=uptrend + state_ext=stretched_up,88.0,0.02499159635353029,-0.0031671769830199127,0.04189527178147401
SOL/USD,1d,cross_USO_state_slope=uptrend + cross_TLT_state_ext=neutral + state_ext=stretched_up,calendar_2024,ok,2024-08-26 00:00:00+00:00,2024-12-31 00:00:00+00:00,128.0,1.0,-0.07711559389085257,0.0,,,False,128.0,-0.01817604305672444,-0.05893955083412813,cross_TLT_state_ext=neutral + state_ext=stretched_up,38.0,0.011909636663248546,-0.08902523055410111,0.4937911707700515
SOL/USD,1d,cross_USO_state_slope=uptrend + cross_TLT_state_ext=neutral + state_ext=stretched_up,calendar_2025,ok,2025-01-01 00:00:00+00:00,2025-12-31 00:00:00+00:00,365.0,15.0,7.791531553431318e-05,0.6,0.002111011534700667,0.9983156577397942,False,365.0,0.001966645914358717,-0.001888730598824404,cross_USO_state_slope=uptrend + state_ext=stretched_up,28.0,0.036808893784360856,-0.036730978468826544,0.1274928116190568
SOL/USD,1d,cross_USO_state_slope=uptrend + cross_TLT_state_ext=neutral + state_ext=stretched_up,calendar_2026_ytd,ok,2026-01-01 00:00:00+00:00,2026-07-18 00:00:00+00:00,199.0,28.0,0.03881572338952609,0.7857142857142857,2.5153781300839477,0.011890477821952405,True,199.0,0.010576641500550241,0.028239081888975847,cross_USO_state_slope=uptrend + state_ext=stretched_up,38.0,0.030036416101410973,0.008779307288115115,0.05217454942834143
SOL/USD,1d,cross_USO_state_slope=uptrend + cross_TLT_state_ext=neutral + state_ext=stretched_up,latest_12m,ok,2025-07-18 00:00:00+00:00,2026-07-18 00:00:00+00:00,366.0,28.0,0.03881572338952609,0.7857142857142857,2.5153781300839477,0.011890477821952405,True,366.0,0.008923515606133633,0.029892207783392456,cross_USO_state_slope=uptrend + state_ext=stretched_up,38.0,0.030036416101410973,0.008779307288115115,0.05217454942834143
SOL/USD,1d,cross_USO_state_slope=uptrend + cross_TLT_state_ext=neutral + state_ext=stretched_up,latest_6m,ok,2026-01-18 00:00:00+00:00,2026-07-18 00:00:00+00:00,182.0,22.0,0.029452577442275085,0.7727272727272727,1.9226823531674797,0.054519954383575264,False,182.0,0.011392027953118148,0.01806054948915694,cross_TLT_state_ext=neutral + state_ext=stretched_up,40.0,0.022629929939884302,0.006822647502390783,0.023249481536024685
AAVE/USD,1d,cross_TLT_state_slope=flat + state_slope=flat,all,ok,2021-07-15 00:00:00+00:00,2026-07-18 00:00:00+00:00,1830.0,232.0,0.016020579574930714,0.5905172413793104,1.4702020338054143,0.14150704405568448,False,1830.0,-0.0038038282031588764,0.01982440777808959,cross_TLT_state_slope=flat,580.0,0.005729201009754233,0.010291378565176482,0.4891174254355737
AAVE/USD,1d,cross_TLT_state_slope=flat + state_slope=flat,calendar_2024,ok,2024-01-01 00:00:00+00:00,2024-12-31 00:00:00+00:00,366.0,58.0,-0.005236253673269602,0.4827586206896552,-0.19267655295611347,0.8472122873883576,False,366.0,-0.022760187861961188,0.017523934188691585,cross_TLT_state_slope=flat,135.0,-0.019166333897735678,0.013930080224466075,0.308759828874146
AAVE/USD,1d,cross_TLT_state_slope=flat + state_slope=flat,calendar_2025,ok,2025-01-01 00:00:00+00:00,2025-12-31 00:00:00+00:00,365.0,54.0,0.04730657909993968,0.7592592592592593,2.33409931395054,0.019590522220753304,True,365.0,0.0048426307881787485,0.04246394831176094,state_slope=flat,107.0,0.04747854371091389,-0.0001719646109742054,0.006699604750966648
AAVE/USD,1d,cross_TLT_state_slope=flat + state_slope=flat,calendar_2026_ytd,ok,2026-01-01 00:00:00+00:00,2026-07-18 00:00:00+00:00,199.0,37.0,0.023505078366036006,0.6486486486486487,1.7226641769477222,0.08494927204593994,False,199.0,0.009319355333214735,0.01418572303282127,state_slope=flat,73.0,0.028747046850908484,-0.005241968484872479,0.0026267366673817794
AAVE/USD,1d,cross_TLT_state_slope=flat + state_slope=flat,latest_12m,ok,2025-07-18 00:00:00+00:00,2026-07-18 00:00:00+00:00,366.0,69.0,0.03822222455094603,0.7101449275362319,3.074084850462018,0.0021114936914670146,True,366.0,0.012262824996133374,0.025959399554812655,state_slope=flat,129.0,0.04247975350220462,-0.004257528951258589,3.52727866514968e-06
AAVE/USD,1d,cross_TLT_state_slope=flat + state_slope=flat,latest_6m,ok,2026-01-18 00:00:00+00:00,2026-07-18 00:00:00+00:00,182.0,33.0,0.025787694230080187,0.6363636363636364,1.7177152125060973,0.08584857321566597,False,182.0,0.010151582849706247,0.015636111380373942,state_slope=flat,69.0,0.030142614929936713,-0.004354920699856525,0.0024842521442052234
DOT/USD,1h,state_ret_day=ret_day_up + state_ext=stretched_down,all,ok,2025-07-11 10:00:00+00:00,2026-07-24 18:00:00+00:00,9072.0,45.0,0.004618936125384502,0.6666666666666666,1.4834576164950497,0.1379528692064973,False,9072.0,0.0005013843361691994,0.004117551789215303,state_ret_day=ret_day_up,2473.0,0.0009397387449978855,0.0036791973803866167,0.26996422329498326
DOT/USD,1h,state_ret_day=ret_day_up + state_ext=stretched_down,calendar_2024,empty_window,,,,,,,,,,,,,,,,,
DOT/USD,1h,state_ret_day=ret_day_up + state_ext=stretched_down,calendar_2025,ok,2025-07-11 10:00:00+00:00,2025-12-31 23:00:00+00:00,4158.0,12.0,-0.008869889773111551,0.25,-2.6078917876792542,0.009110174927843495,False,4158.0,0.0005651550521867175,-0.009435044825298269,state_ret_day=ret_day_up,1040.0,0.0007402468175025995,-0.009610136590614151,0.5410746305953682
DOT/USD,1h,state_ret_day=ret_day_up + state_ext=stretched_down,calendar_2026_ytd,ok,2026-01-01 00:00:00+00:00,2026-07-24 18:00:00+00:00,4914.0,33.0,0.009523963724837615,0.8181818181818182,3.591765310031239,0.00032844557162015064,True,4914.0,0.00044742449953899126,0.009076539225298623,state_ret_day=ret_day_up,1433.0,0.0010845200461807863,0.008439443678656828,0.3338510390335143
DOT/USD,1h,state_ret_day=ret_day_up + state_ext=stretched_down,latest_12m,ok,2025-07-24 18:00:00+00:00,2026-07-24 18:00:00+00:00,8752.0,45.0,0.004618936125384502,0.6666666666666666,1.4834576164950497,0.1379528692064973,False,8752.0,0.0005436998730650825,0.004075236252319419,state_ret_day=ret_day_up,2467.0,0.0009272821905316899,0.003691653934852812,0.2774851379447991
DOT/USD,1h,state_ret_day=ret_day_up + state_ext=stretched_down,latest_6m,ok,2026-01-24 18:00:00+00:00,2026-07-24 18:00:00+00:00,4344.0,32.0,0.009545690881923703,0.8125,3.4991521587761314,0.0004667401483964273,True,4344.0,0.0006467321329748779,0.008898958748948825,state_ret_day=ret_day_up,1263.0,0.0014896220162318042,0.0080560688656919,0.2100414098946266
SUSHI/USD,1d,cross_USO_state_ext=stretched_up + cross_TLT_state_slope=flat + state_ext=stretched_up,all,ok,2021-07-23 00:00:00+00:00,2026-07-18 00:00:00+00:00,1822.0,95.0,0.019033066889978557,0.5684210526315789,0.860451938446048,0.38953996595451557,False,1822.0,0.002489867830105468,0.01654319905987309,cross_USO_state_ext=stretched_up + state_ext=stretched_up,257.0,0.02551294851616985,-0.006479881626191293,0.0789353494031888
SUSHI/USD,1d,cross_USO_state_ext=stretched_up + cross_TLT_state_slope=flat + state_ext=stretched_up,calendar_2024,ok,2024-01-01 00:00:00+00:00,2024-12-31 00:00:00+00:00,366.0,26.0,-0.11495334033926183,0.15384615384615385,-4.107937938116455,3.9920733440723666e-05,False,366.0,-0.013848739857466172,-0.10110460048179566,cross_USO_state_ext=stretched_up,140.0,0.0017406593205684352,-0.11669399965983027,0.9356845115442953
SUSHI/USD,1d,cross_USO_state_ext=stretched_up + cross_TLT_state_slope=flat + state_ext=stretched_up,calendar_2025,ok,2025-01-01 00:00:00+00:00,2025-12-31 00:00:00+00:00,365.0,14.0,0.13127429405293162,0.9285714285714286,7.198227531715144,6.09956529729061e-13,False,365.0,0.014850030023750602,0.11642426402918102,cross_USO_state_ext=stretched_up + state_ext=stretched_up,20.0,0.14270911905493625,-0.011434825002004628,0.0
SUSHI/USD,1d,cross_USO_state_ext=stretched_up + cross_TLT_state_slope=flat + state_ext=stretched_up,calendar_2026_ytd,ok,2026-01-01 00:00:00+00:00,2026-07-18 00:00:00+00:00,199.0,24.0,0.030009576986917433,0.5833333333333334,1.633994530115798,0.10225999913755723,False,199.0,0.01316434378584555,0.016845233201071882,cross_USO_state_ext=stretched_up + state_ext=stretched_up,34.0,0.03315325545397438,-0.0031436784670569456,0.02286278572759226
SUSHI/USD,1d,cross_USO_state_ext=stretched_up + cross_TLT_state_slope=flat + state_ext=stretched_up,latest_12m,ok,2025-07-18 00:00:00+00:00,2026-07-18 00:00:00+00:00,366.0,26.0,0.03799471252377559,0.6153846153846154,2.194149660552717,0.028224652127369687,True,366.0,0.01971434758742714,0.018280364936348454,cross_TLT_state_slope=flat + state_ext=stretched_up,57.0,0.053613396380389984,-0.015618683856614392,0.0014731882551490827
SUSHI/USD,1d,cross_USO_state_ext=stretched_up + cross_TLT_state_slope=flat + state_ext=stretched_up,latest_6m,ok,2026-01-18 00:00:00+00:00,2026-07-18 00:00:00+00:00,182.0,16.0,0.03254735709500723,0.625,1.4598542983037657,0.14433012183680782,False,182.0,0.012944148904155696,0.019603208190851533,cross_USO_state_ext=stretched_up + state_ext=stretched_up,26.0,0.03568225197189331,-0.003134894876886077,0.02799464837429877
BCH/USD,1d,state_ext=neutral + state_slope=uptrend,all,ok,2021-07-13 00:00:00+00:00,2026-07-18 00:00:00+00:00,1832.0,76.0,0.009057886879925937,0.4342105263157895,0.6887131385003132,0.4910038065038047,False,1832.0,0.0024043808129730337,0.006653506066952903,state_ext=neutral,263.0,0.008841036333845056,0.00021685054608088124,0.16485790270984335
BCH/USD,1d,state_ext=neutral + state_slope=uptrend,calendar_2024,ok,2024-01-01 00:00:00+00:00,2024-12-31 00:00:00+00:00,366.0,17.0,0.028604402813257587,0.5294117647058824,0.9448414437344536,0.3447398299842801,False,366.0,0.014728176657587345,0.013876226155670243,state_ext=neutral,44.0,0.01435002162342832,0.014254381189829267,0.3753288725538637
BCH/USD,1d,state_ext=neutral + state_slope=uptrend,calendar_2025,ok,2025-01-01 00:00:00+00:00,2025-12-31 00:00:00+00:00,365.0,20.0,0.06483273344445598,0.85,3.559079432650121,0.00037215697119052926,True,365.0,0.0067498598096023075,0.05808287363485367,state_ext=neutral,55.0,0.02733774147458257,0.03749499196987341,0.06766997369702255
BCH/USD,1d,state_ext=neutral + state_slope=uptrend,calendar_2026_ytd,ok,2026-01-01 00:00:00+00:00,2026-07-18 00:00:00+00:00,199.0,4.0,-0.005898029370302005,0.25,-0.26077314034260013,0.7942674588480618,False,199.0,-0.023558684953890588,0.017660655583588585,state_ext=neutral,28.0,0.0070575774328560815,-0.012955606803158087,0.6046782022404951
BCH/USD,1d,state_ext=neutral + state_slope=uptrend,latest_12m,ok,2025-07-18 00:00:00+00:00,2026-07-18 00:00:00+00:00,366.0,14.0,0.033060288799275465,0.6428571428571429,1.6292594487757484,0.10325810671925773,False,366.0,-0.00939537388144043,0.04245566268071589,state_ext=neutral,53.0,0.011508130387322972,0.021552158411952495,0.3734180072456885
BCH/USD,1d,state_ext=neutral + state_slope=uptrend,latest_6m,ok,2026-01-18 00:00:00+00:00,2026-07-18 00:00:00+00:00,182.0,1.0,-0.01475269768104972,0.0,,,False,182.0,-0.023933269677521015,0.009180571996471295,state_ext=neutral,25.0,0.008258063516805147,-0.02301076119785487,0.5867523061231201
SOL/USD,1d,cross_TLT_state_slope=downtrend + state_ext=stretched_up,all,ok,2021-07-13 00:00:00+00:00,2026-07-18 00:00:00+00:00,1414.0,95.0,0.0018936536559422258,0.5684210526315789,0.118267958310676,0.9058553447482454,False,1414.0,-0.02675543787870287,0.028649091534645097,cross_TLT_state_slope=downtrend,255.0,-0.017383880011482233,0.01927753366742446,0.14075114279223744
SOL/USD,1d,cross_TLT_state_slope=downtrend + state_ext=stretched_up,calendar_2024,ok,2024-08-26 00:00:00+00:00,2024-12-31 00:00:00+00:00,128.0,18.0,-0.018926315927521323,0.3888888888888889,-0.8064601916300778,0.4199775525783773,False,128.0,-0.01817604305672444,-0.0007502728707968823,state_ext=stretched_up,73.0,-0.0101294916724317,-0.008796824255089623,0.4649001618872677
SOL/USD,1d,cross_TLT_state_slope=downtrend + state_ext=stretched_up,calendar_2025,ok,2025-01-01 00:00:00+00:00,2025-12-31 00:00:00+00:00,365.0,30.0,0.002676840516244653,0.6333333333333333,0.10074914674770424,0.9197495963589477,False,365.0,0.001966645914358717,0.000710194601885936,state_ext=stretched_up,145.0,0.008847143939613184,-0.0061703034233685315,0.46623387192843424
SOL/USD,1d,cross_TLT_state_slope=downtrend + state_ext=stretched_up,calendar_2026_ytd,ok,2026-01-01 00:00:00+00:00,2026-07-18 00:00:00+00:00,199.0,10.0,0.044561056222252184,0.6,2.39657798830488,0.016548971348611108,False,199.0,0.010576641500550241,0.03398441472170194,cross_TLT_state_slope=downtrend,36.0,0.021196823083022474,0.02336423313922971,0.01598933785518364
SOL/USD,1d,cross_TLT_state_slope=downtrend + state_ext=stretched_up,latest_12m,ok,2025-07-18 00:00:00+00:00,2026-07-18 00:00:00+00:00,366.0,10.0,0.044561056222252184,0.6,2.39657798830488,0.016548971348611108,False,366.0,0.008923515606133633,0.035637540616118554,cross_TLT_state_slope=downtrend,46.0,0.023506497043049017,0.021054559179203167,0.0009046502373872833
SOL/USD,1d,cross_TLT_state_slope=downtrend + state_ext=stretched_up,latest_6m,ok,2026-01-18 00:00:00+00:00,2026-07-18 00:00:00+00:00,182.0,10.0,0.044561056222252184,0.6,2.39657798830488,0.016548971348611108,False,182.0,0.011392027953118148,0.03316902826913404,cross_TLT_state_slope=downtrend,36.0,0.021196823083022474,0.02336423313922971,0.01598933785518364
SUSHI/USD,1d,state_volume=vol_quiet + state_ext=stretched_up,all,ok,2021-07-23 00:00:00+00:00,2026-07-18 00:00:00+00:00,1822.0,185.0,0.00799552828195289,0.6,0.556694586284575,0.5777361163928241,False,1822.0,0.002489867830105468,0.005505660451847421,state_ext=stretched_up,634.0,0.005089857587830283,0.0029056706941226066,0.6478373543605056
SUSHI/USD,1d,state_volume=vol_quiet + state_ext=stretched_up,calendar_2024,ok,2024-01-01 00:00:00+00:00,2024-12-31 00:00:00+00:00,366.0,59.0,-0.05337058175726963,0.4576271186440678,-1.664448590342739,0.09602281665125867,False,366.0,-0.013848739857466172,-0.039521841899803456,state_volume=vol_quiet,155.0,-0.028763931270934226,-0.024606650486335403,0.11509722010416001
SUSHI/USD,1d,state_volume=vol_quiet + state_ext=stretched_up,calendar_2025,ok,2025-01-01 00:00:00+00:00,2025-12-31 00:00:00+00:00,365.0,22.0,0.0813558868567375,0.9090909090909091,3.875967220154654,0.00010620198204591702,True,365.0,0.014850030023750602,0.0665058568329869,state_ext=stretched_up,88.0,0.04505184419797911,0.03630404265875839,0.06456281520520069
SUSHI/USD,1d,state_volume=vol_quiet + state_ext=stretched_up,calendar_2026_ytd,ok,2026-01-01 00:00:00+00:00,2026-07-18 00:00:00+00:00,199.0,20.0,0.021561925295643974,0.7,1.4088047896781937,0.1588928984947069,False,199.0,0.01316434378584555,0.008397581509798423,state_ext=stretched_up,59.0,0.025499996297212408,-0.003938071001568434,0.10342791289392483
SUSHI/USD,1d,state_volume=vol_quiet + state_ext=stretched_up,latest_12m,ok,2025-07-18 00:00:00+00:00,2026-07-18 00:00:00+00:00,366.0,27.0,0.03872366343332679,0.7777777777777778,2.5962252533797128,0.009425425190309866,True,366.0,0.01971434758742714,0.01900931584589965,state_ext=stretched_up,88.0,0.049193247491649814,-0.010469584058323024,0.0002361938188033541
SUSHI/USD,1d,state_volume=vol_quiet + state_ext=stretched_up,latest_6m,ok,2026-01-18 00:00:00+00:00,2026-07-18 00:00:00+00:00,182.0,17.0,0.010980023260388477,0.6470588235294118,0.7095654635379087,0.47797364274196985,False,182.0,0.012944148904155696,-0.001964125643767219,state_ext=stretched_up,44.0,0.027121794449319014,-0.016141771188930537,0.15796967028801157
AAVE/USD,1d,cross_USO_state_vol=low_vol + state_ext=stretched_up,all,ok,2021-07-15 00:00:00+00:00,2026-07-18 00:00:00+00:00,1830.0,231.0,0.011740700263522945,0.5844155844155844,0.9225790906336306,0.35622659631212517,False,1830.0,-0.0038038282031588764,0.01554452846668182,cross_USO_state_vol=low_vol,617.0,0.008427727987010655,0.0033129722765122896,0.24467080259229124
AAVE/USD,1d,cross_USO_state_vol=low_vol + state_ext=stretched_up,calendar_2024,ok,2024-01-01 00:00:00+00:00,2024-12-31 00:00:00+00:00,366.0,117.0,-0.01330930989548784,0.48717948717948717,-0.6187038107697402,0.536111499099942,False,366.0,-0.022760187861961188,0.009450877966473347,state_ext=stretched_up,191.0,-0.011706199176920078,-0.0016031107185677622,0.47300723353238316
AAVE/USD,1d,cross_USO_state_vol=low_vol + state_ext=stretched_up,calendar_2025,ok,2025-01-01 00:00:00+00:00,2025-12-31 00:00:00+00:00,365.0,49.0,0.052789875693481356,0.7346938775510204,3.2399492464345454,0.0011955097693259198,True,365.0,0.0048426307881787485,0.04794724490530261,cross_USO_state_vol=low_vol,200.0,0.0237229166155785,0.029066959077902854,0.027047637431940164
AAVE/USD,1d,cross_USO_state_vol=low_vol + state_ext=stretched_up,calendar_2026_ytd,ok,2026-01-01 00:00:00+00:00,2026-07-18 00:00:00+00:00,199.0,2.0,0.013522265512554678,0.5,1.1874978176886473,0.23503131687825563,False,199.0,0.009319355333214735,0.004202910179339943,state_ext=stretched_up,69.0,0.014451313458231996,-0.0009290479456773183,0.44896606610858836
AAVE/USD,1d,cross_USO_state_vol=low_vol + state_ext=stretched_up,latest_12m,ok,2025-07-18 00:00:00+00:00,2026-07-18 00:00:00+00:00,366.0,33.0,0.02576418692444245,0.6363636363636364,1.4111314127981507,0.15820586912806833,False,366.0,0.012262824996133374,0.013501361928309077,state_ext=stretched_up,111.0,0.02217347766875625,0.0035907092556862023,0.11715548952271515
AAVE/USD,1d,cross_USO_state_vol=low_vol + state_ext=stretched_up,latest_6m,ok,2026-01-18 00:00:00+00:00,2026-07-18 00:00:00+00:00,182.0,0.0,,,,,False,182.0,0.010151582849706247,,state_ext=stretched_up,55.0,0.014229540069527384,,0.5331449716816421
BCH/USD,1d,state_volume=vol_normal + state_ext=neutral,all,ok,2021-07-13 00:00:00+00:00,2026-07-18 00:00:00+00:00,1832.0,84.0,0.007654963774896465,0.5,0.8550051293610603,0.3925483081154135,False,1832.0,0.0024043808129730337,0.005250582961923431,state_ext=neutral,263.0,0.008841036333845056,-0.0011860725589485912,0.16485790270984335
BCH/USD,1d,state_volume=vol_normal + state_ext=neutral,calendar_2024,ok,2024-01-01 00:00:00+00:00,2024-12-31 00:00:00+00:00,366.0,7.0,0.01423579444649748,0.5714285714285714,0.5932778088527133,0.5529952473906632,False,366.0,0.014728176657587345,-0.0004923822110898656,state_volume=vol_normal,76.0,0.025374762670939695,-0.011138968224442216,0.15036004607596376
BCH/USD,1d,state_volume=vol_normal + state_ext=neutral,calendar_2025,ok,2025-01-01 00:00:00+00:00,2025-12-31 00:00:00+00:00,365.0,18.0,0.03764033356779807,0.7222222222222222,2.8658575269825004,0.004158813671079731,True,365.0,0.0067498598096023075,0.030890473758195765,state_ext=neutral,55.0,0.02733774147458257,0.0103025920932155,0.06766997369702255
BCH/USD,1d,state_volume=vol_normal + state_ext=neutral,calendar_2026_ytd,ok,2026-01-01 00:00:00+00:00,2026-07-18 00:00:00+00:00,199.0,9.0,0.03179280010636776,0.5555555555555556,1.5213699186105656,0.1281670333120002,False,199.0,-0.023558684953890588,0.055351485060258346,state_ext=neutral,28.0,0.0070575774328560815,0.024735222673511678,0.6046782022404951
BCH/USD,1d,state_volume=vol_normal + state_ext=neutral,latest_12m,ok,2025-07-18 00:00:00+00:00,2026-07-18 00:00:00+00:00,366.0,19.0,0.027442459613302373,0.631578947368421,1.9868031503618369,0.04694421538214,True,366.0,-0.00939537388144043,0.0368378334947428,state_ext=neutral,53.0,0.011508130387322972,0.0159343292259794,0.3734180072456885
BCH/USD,1d,state_volume=vol_normal + state_ext=neutral,latest_6m,ok,2026-01-18 00:00:00+00:00,2026-07-18 00:00:00+00:00,182.0,8.0,0.04095962928734423,0.625,1.7944232361996928,0.07274564089408497,False,182.0,-0.023933269677521015,0.06489289896486525,state_ext=neutral,25.0,0.008258063516805147,0.03270156577053908,0.5867523061231201
SUSHI/USD,1d,state_ext=stretched_up + state_vol=high_vol,all,ok,2021-07-23 00:00:00+00:00,2026-07-18 00:00:00+00:00,1822.0,137.0,0.0035254827547444864,0.5693430656934306,0.12766811316733007,0.8984116255543677,False,1822.0,0.002489867830105468,0.0010356149246390184,state_ext=stretched_up,634.0,0.005089857587830283,-0.0015643748330857968,0.6478373543605056
SUSHI/USD,1d,state_ext=stretched_up + state_vol=high_vol,calendar_2024,ok,2024-01-01 00:00:00+00:00,2024-12-31 00:00:00+00:00,366.0,39.0,-0.10442973086941805,0.358974358974359,-1.5853900120358457,0.11287774908151427,False,366.0,-0.013848739857466172,-0.09058099101195188,state_ext=stretched_up,148.0,-0.03487800463730406,-0.06955172623211399,0.15944194459421968
SUSHI/USD,1d,state_ext=stretched_up + state_vol=high_vol,calendar_2025,ok,2025-01-01 00:00:00+00:00,2025-12-31 00:00:00+00:00,365.0,30.0,0.1021768306123465,0.8333333333333334,4.5264713528959,5.997672530844156e-06,True,365.0,0.014850030023750602,0.0873268005885959,state_ext=stretched_up,88.0,0.04505184419797911,0.05712498641436739,0.06456281520520069
SUSHI/USD,1d,state_ext=stretched_up + state_vol=high_vol,calendar_2026_ytd,ok,2026-01-01 00:00:00+00:00,2026-07-18 00:00:00+00:00,199.0,2.0,0.10270099219381493,1.0,1726.6522236552519,0.0,False,199.0,0.01316434378584555,0.08953664840796938,state_ext=stretched_up,59.0,0.025499996297212408,0.07720099589660252,0.10342791289392483
SUSHI/USD,1d,state_ext=stretched_up + state_vol=high_vol,latest_12m,ok,2025-07-18 00:00:00+00:00,2026-07-18 00:00:00+00:00,366.0,8.0,0.11890224286975058,1.0,18.607582535747355,0.0,False,366.0,0.01971434758742714,0.09918789528232344,state_ext=stretched_up,88.0,0.049193247491649814,0.06970899537810077,0.0002361938188033541
SUSHI/USD,1d,state_ext=stretched_up + state_vol=high_vol,latest_6m,ok,2026-01-18 00:00:00+00:00,2026-07-18 00:00:00+00:00,182.0,2.0,0.10270099219381493,1.0,1726.6522236552519,0.0,False,182.0,0.012944148904155696,0.08975684328965923,state_ext=stretched_up,44.0,0.027121794449319014,0.07557919774449591,0.15796967028801157
CRV/USD,1d,state_ext=stretched_up + state_slope=flat,all,ok,2023-08-18 00:00:00+00:00,2026-07-18 00:00:00+00:00,1066.0,87.0,0.02436395883613977,0.6206896551724138,1.2448038384321134,0.21320386486257847,False,1066.0,-0.0034415481086966953,0.027805506944836467,state_slope=flat,286.0,0.004769442341206693,0.019594516494933076,0.6641130985285286
CRV/USD,1d,state_ext=stretched_up + state_slope=flat,calendar_2024,ok,2024-01-01 00:00:00+00:00,2024-12-31 00:00:00+00:00,366.0,24.0,-0.006295754749883577,0.375,-0.29530255879277834,0.7677627620035288,False,366.0,-0.017895478617515517,0.011599723867631941,state_slope=flat,88.0,-0.008791145342787243,0.0024953905929036664,0.5663692637259414
CRV/USD,1d,state_ext=stretched_up + state_slope=flat,calendar_2025,ok,2025-01-01 00:00:00+00:00,2025-12-31 00:00:00+00:00,365.0,45.0,0.03795158119658116,0.6888888888888889,1.0814465175825352,0.2794985388922324,False,365.0,0.004549795313506514,0.033401785883074644,state_slope=flat,132.0,0.011706650477567885,0.026244930719013272,0.5587430689116168
CRV/USD,1d,state_ext=stretched_up + state_slope=flat,calendar_2026_ytd,ok,2026-01-01 00:00:00+00:00,2026-07-18 00:00:00+00:00,199.0,18.0,0.031274521049734084,0.7777777777777778,1.8522777139925761,0.06398595422013464,False,199.0,0.013277055994760112,0.017997465054973974,state_ext=stretched_up,73.0,0.023842625246102235,0.007431895803631849,0.0817932559915735
CRV/USD,1d,state_ext=stretched_up + state_slope=flat,latest_12m,ok,2025-07-18 00:00:00+00:00,2026-07-18 00:00:00+00:00,366.0,39.0,0.07178085449127074,0.8461538461538461,3.1900154029829357,0.001422652110585343,True,366.0,0.016386681983368043,0.0553941725079027,state_ext=stretched_up,109.0,0.04100863104535837,0.03077222344591237,0.005002593494686902
CRV/USD,1d,state_ext=stretched_up + state_slope=flat,latest_6m,ok,2026-01-18 00:00:00+00:00,2026-07-18 00:00:00+00:00,182.0,18.0,0.031274521049734084,0.7777777777777778,1.8522777139925761,0.06398595422013464,False,182.0,0.01210382280821652,0.019170698241517563,state_ext=stretched_up,58.0,0.020142705014863548,0.011131816034870536,0.19479124484491628
SOL/USD,1d,cross_USO_state_slope=uptrend + cross_TLT_state_slope=downtrend + state_ext=stretched_up,all,ok,2021-07-13 00:00:00+00:00,2026-07-18 00:00:00+00:00,1414.0,30.0,0.016735771954960628,0.6,0.6849401087012404,0.4933817148793904,False,1414.0,-0.02675543787870287,0.0434912098336635,cross_USO_state_slope=uptrend + state_ext=stretched_up,88.0,0.02499159635353029,-0.008255824398569662,0.04189527178147401
SOL/USD,1d,cross_USO_state_slope=uptrend + cross_TLT_state_slope=downtrend + state_ext=stretched_up,calendar_2024,ok,2024-08-26 00:00:00+00:00,2024-12-31 00:00:00+00:00,128.0,4.0,-0.07136349512300608,0.0,-4.076568586669981,4.570517838065058e-05,False,128.0,-0.01817604305672444,-0.053187452066281636,state_ext=stretched_up,73.0,-0.0101294916724317,-0.06123400345057438,0.4649001618872677
SOL/USD,1d,cross_USO_state_slope=uptrend + cross_TLT_state_slope=downtrend + state_ext=stretched_up,calendar_2025,ok,2025-01-01 00:00:00+00:00,2025-12-31 00:00:00+00:00,365.0,14.0,0.045238099343080755,0.8571428571428571,1.25028850132826,0.21119417732845047,False,365.0,0.001966645914358717,0.04327145342872204,cross_USO_state_slope=uptrend + state_ext=stretched_up,28.0,0.036808893784360856,0.008429205558719899,0.1274928116190568
SOL/USD,1d,cross_USO_state_slope=uptrend + cross_TLT_state_slope=downtrend + state_ext=stretched_up,calendar_2026_ytd,ok,2026-01-01 00:00:00+00:00,2026-07-18 00:00:00+00:00,199.0,10.0,0.044561056222252184,0.6,2.39657798830488,0.016548971348611108,False,199.0,0.010576641500550241,0.03398441472170194,cross_TLT_state_slope=downtrend + state_ext=stretched_up,10.0,0.044561056222252184,0.0,0.016548971348611108
SOL/USD,1d,cross_USO_state_slope=uptrend + cross_TLT_state_slope=downtrend + state_ext=stretched_up,latest_12m,ok,2025-07-18 00:00:00+00:00,2026-07-18 00:00:00+00:00,366.0,10.0,0.044561056222252184,0.6,2.39657798830488,0.016548971348611108,False,366.0,0.008923515606133633,0.035637540616118554,cross_TLT_state_slope=downtrend + state_ext=stretched_up,10.0,0.044561056222252184,0.0,0.016548971348611108
SOL/USD,1d,cross_USO_state_slope=uptrend + cross_TLT_state_slope=downtrend + state_ext=stretched_up,latest_6m,ok,2026-01-18 00:00:00+00:00,2026-07-18 00:00:00+00:00,182.0,10.0,0.044561056222252184,0.6,2.39657798830488,0.016548971348611108,False,182.0,0.011392027953118148,0.03316902826913404,cross_TLT_state_slope=downtrend + state_ext=stretched_up,10.0,0.044561056222252184,0.0,0.016548971348611108
CRV/USD,1d,cross_USO_state_slope=flat + state_slope=flat,all,ok,2023-08-18 00:00:00+00:00,2026-07-18 00:00:00+00:00,1066.0,88.0,0.015544570395724953,0.5568181818181818,0.7928066134530318,0.4278905027695221,False,1066.0,-0.0034415481086966953,0.01898611850442165,state_slope=flat,286.0,0.004769442341206693,0.01077512805451826,0.6641130985285286
CRV/USD,1d,cross_USO_state_slope=flat + state_slope=flat,calendar_2024,ok,2024-01-01 00:00:00+00:00,2024-12-31 00:00:00+00:00,366.0,20.0,0.00023553979853119695,0.5,0.010670591824191809,0.9914862610937107,False,366.0,-0.017895478617515517,0.018131018416046713,state_slope=flat,88.0,-0.008791145342787243,0.009026685141318441,0.5663692637259414
CRV/USD,1d,cross_USO_state_slope=flat + state_slope=flat,calendar_2025,ok,2025-01-01 00:00:00+00:00,2025-12-31 00:00:00+00:00,365.0,63.0,0.018094910226117453,0.5555555555555556,0.7012702036473544,0.4831344050418176,False,365.0,0.004549795313506514,0.013545114912610939,state_slope=flat,132.0,0.011706650477567885,0.006388259748549568,0.5587430689116168
CRV/USD,1d,cross_USO_state_slope=flat + state_slope=flat,calendar_2026_ytd,ok,2026-01-01 00:00:00+00:00,2026-07-18 00:00:00+00:00,199.0,5.0,0.04464641092155443,0.8,2.5201434776871148,0.011730700720336884,False,199.0,0.013277055994760112,0.03136935492679432,state_slope=flat,66.0,0.008975809647142898,0.03567060127441153,0.4102957661002522
CRV/USD,1d,cross_USO_state_slope=flat + state_slope=flat,latest_12m,ok,2025-07-18 00:00:00+00:00,2026-07-18 00:00:00+00:00,366.0,57.0,0.05034579083162527,0.6666666666666666,2.5196623241676965,0.011746746402195196,True,366.0,0.016386681983368043,0.03395910884825723,state_slope=flat,146.0,0.026894426253365425,0.023451364578259845,0.012151045332398969
CRV/USD,1d,cross_USO_state_slope=flat + state_slope=flat,latest_6m,ok,2026-01-18 00:00:00+00:00,2026-07-18 00:00:00+00:00,182.0,5.0,0.04464641092155443,0.8,2.5201434776871148,0.011730700720336884,False,182.0,0.01210382280821652,0.032542588113337906,cross_USO_state_slope=flat,17.0,0.009781312588006985,0.034865098333547444,0.4532946269289386
UNI/USD,1d,cross_USO_state_ext=stretched_up + state_ext=stretched_up,all,ok,2021-07-13 00:00:00+00:00,2026-07-20 00:00:00+00:00,1834.0,272.0,0.014938291748205823,0.5919117647058824,1.1301915779978162,0.25839550778540543,False,1834.0,-0.0020150847869148114,0.016953376535120634,cross_USO_state_ext=stretched_up,733.0,0.009556772062330767,0.005381519685875056,0.19895373849543407
UNI/USD,1d,cross_USO_state_ext=stretched_up + state_ext=stretched_up,calendar_2024,ok,2024-01-01 00:00:00+00:00,2024-12-31 00:00:00+00:00,366.0,52.0,-0.0615814962232089,0.4230769230769231,-1.3643110769922993,0.17246968109937733,False,366.0,-0.01850122254141336,-0.04308027368179554,cross_USO_state_ext=stretched_up,140.0,-0.01400338113443658,-0.04757811508877232,0.5467972810935287
UNI/USD,1d,cross_USO_state_ext=stretched_up + state_ext=stretched_up,calendar_2025,ok,2025-01-01 00:00:00+00:00,2025-12-31 00:00:00+00:00,365.0,34.0,0.08453555681912256,0.9117647058823529,6.1333373514667375,8.605440804387854e-10,True,365.0,0.00529875806344602,0.07923679875567655,state_ext=stretched_up,117.0,0.031809718221025025,0.052725838598097534,0.0225550368848344
UNI/USD,1d,cross_USO_state_ext=stretched_up + state_ext=stretched_up,calendar_2026_ytd,ok,2026-01-01 00:00:00+00:00,2026-07-20 00:00:00+00:00,201.0,38.0,0.009041038590859913,0.47368421052631576,0.6076338910565597,0.5434303178008608,False,201.0,0.007678919043851807,0.0013621195470081057,cross_USO_state_ext=stretched_up,119.0,0.016730582697762425,-0.007689544106902512,0.15354612753582475
UNI/USD,1d,cross_USO_state_ext=stretched_up + state_ext=stretched_up,latest_12m,ok,2025-07-20 00:00:00+00:00,2026-07-20 00:00:00+00:00,366.0,41.0,0.01824158961235269,0.5121951219512195,1.1953007519872707,0.23196954608701148,False,366.0,0.00885477803303001,0.009386811579322678,state_ext=stretched_up,126.0,0.020470342139710704,-0.0022287525273580154,0.04843104120734032
UNI/USD,1d,cross_USO_state_ext=stretched_up + state_ext=stretched_up,latest_6m,ok,2026-01-20 00:00:00+00:00,2026-07-20 00:00:00+00:00,182.0,38.0,0.009041038590859913,0.47368421052631576,0.6076338910565597,0.5434303178008608,False,182.0,0.00320523005241335,0.005835808538446563,cross_USO_state_ext=stretched_up,107.0,0.013575433329384663,-0.004534394738524751,0.2791057724628305
LTC/USD,1d,cross_USO_state_ext=stretched_up + cross_TLT_state_slope=flat + state_ext=stretched_up,all,ok,2021-07-13 00:00:00+00:00,2026-07-18 00:00:00+00:00,1832.0,83.0,0.021617586539843362,0.7108433734939759,1.8617803339750985,0.06263405962795088,False,1832.0,-0.0011226563144548438,0.022740242854298206,cross_USO_state_ext=stretched_up + cross_TLT_state_slope=flat,250.0,0.017877544695699816,0.0037400418441435462,0.03492953885591299
LTC/USD,1d,cross_USO_state_ext=stretched_up + cross_TLT_state_slope=flat + state_ext=stretched_up,calendar_2024,ok,2024-01-01 00:00:00+00:00,2024-12-31 00:00:00+00:00,366.0,34.0,-0.0038370378531535827,0.5882352941176471,-0.17044880984929678,0.8646571889930925,False,366.0,-0.010215911990831463,0.006378874137677881,cross_USO_state_ext=stretched_up + state_ext=stretched_up,46.0,-0.002404644288747207,-0.0014323935644063755,0.9066493341415343
LTC/USD,1d,cross_USO_state_ext=stretched_up + cross_TLT_state_slope=flat + state_ext=stretched_up,calendar_2025,ok,2025-01-01 00:00:00+00:00,2025-12-31 00:00:00+00:00,365.0,18.0,0.021514308272114886,0.7222222222222222,1.598109052321906,0.11001870936701286,False,365.0,0.00030214604676089403,0.021212162225353992,cross_USO_state_ext=stretched_up + state_ext=stretched_up,27.0,0.03366043459559482,-0.012146126323479934,0.0034110639671665055
LTC/USD,1d,cross_USO_state_ext=stretched_up + cross_TLT_state_slope=flat + state_ext=stretched_up,calendar_2026_ytd,ok,2026-01-01 00:00:00+00:00,2026-07-18 00:00:00+00:00,199.0,12.0,0.03810715564443829,0.9166666666666666,3.5979891723552977,0.0003206869658658462,False,199.0,0.012341371924605118,0.025765783719833173,cross_TLT_state_slope=flat,103.0,0.02421097829102633,0.013896177353411962,0.022020218907300215
LTC/USD,1d,cross_USO_state_ext=stretched_up + cross_TLT_state_slope=flat + state_ext=stretched_up,latest_12m,ok,2025-07-18 00:00:00+00:00,2026-07-18 00:00:00+00:00,366.0,16.0,0.025543229616902526,0.8125,2.014838928129347,0.04392152873105415,True,366.0,0.009742205817121548,0.01580102379978098,cross_TLT_state_slope=flat + state_ext=stretched_up,56.0,0.03819643650720973,-0.012653206890307207,0.0017915308492217896
LTC/USD,1d,cross_USO_state_ext=stretched_up + cross_TLT_state_slope=flat + state_ext=stretched_up,latest_6m,ok,2026-01-18 00:00:00+00:00,2026-07-18 00:00:00+00:00,182.0,9.0,0.027973026776732784,0.8888888888888888,2.7629054606943764,0.0057289357378209615,False,182.0,0.009112122461187604,0.018860904315545178,cross_TLT_state_slope=flat,86.0,0.019723302778086493,0.008249723998646291,0.07583686966929237
SOL/USD,1d,cross_USO_state_vol=high_vol + state_ext=neutral,all,ok,2021-07-13 00:00:00+00:00,2026-07-18 00:00:00+00:00,1414.0,48.0,0.04384541662764107,0.625,2.382633125275105,0.017189315603709954,True,1414.0,0.02635543787870287,0.0174899787489382,cross_USO_state_vol=high_vol,318.0,0.01881798583895405,0.02502743078868702,0.022594100258654715
SOL/USD,1d,cross_USO_state_vol=high_vol + state_ext=neutral,calendar_2024,ok,2024-08-26 00:00:00+00:00,2024-12-31 00:00:00+00:00,128.0,6.0,0.11776151257109212,1.0,2.6947292240868603,0.007044585300601369,False,128.0,0.01777604305672445,0.09998546951436767,cross_USO_state_vol=high_vol,38.0,0.05199678626468919,0.06576472630640293,0.03855379322042696
SOL/USD,1d,cross_USO_state_vol=high_vol + state_ext=neutral,calendar_2025,ok,2025-01-01 00:00:00+00:00,2025-12-31 00:00:00+00:00,365.0,7.0,0.14053734454333439,1.0,4.379042543460171,1.1920186209213313e-05,False,365.0,-0.002366645914358717,0.14290399045769311,cross_USO_state_vol=high_vol,69.0,0.05527880502045909,0.08525853952287529,1.151178258673724e-05
SOL/USD,1d,cross_USO_state_vol=high_vol + state_ext=neutral,calendar_2026_ytd,ok,2026-01-01 00:00:00+00:00,2026-07-18 00:00:00+00:00,199.0,26.0,0.014957982928964404,0.5384615384615384,1.5736040300032885,0.11557902099538309,False,199.0,-0.010976641500550239,0.025934624429514642,state_ext=neutral,30.0,0.016326028492677554,-0.0013680455637131508,0.031077948743068795
SOL/USD,1d,cross_USO_state_vol=high_vol + state_ext=neutral,latest_12m,ok,2025-07-18 00:00:00+00:00,2026-07-18 00:00:00+00:00,366.0,26.0,0.014957982928964404,0.5384615384615384,1.5736040300032885,0.11557902099538309,False,366.0,-0.009323515606133632,0.024281498535098034,state_ext=neutral,51.0,0.01397115874122965,0.0009868241877347538,0.3287260375402399
SOL/USD,1d,cross_USO_state_vol=high_vol + state_ext=neutral,latest_6m,ok,2026-01-18 00:00:00+00:00,2026-07-18 00:00:00+00:00,182.0,26.0,0.014957982928964404,0.5384615384615384,1.5736040300032885,0.11557902099538309,False,182.0,-0.011792027953118147,0.02675001088208255,state_ext=neutral,29.0,0.013002479317392294,0.0019555036115721097,0.10685944693522664
CRV/USD,1d,cross_USO_state_slope=uptrend + state_slope=downtrend,all,ok,2023-08-18 00:00:00+00:00,2026-07-18 00:00:00+00:00,1066.0,125.0,0.03896647228415045,0.68,2.6984026513557784,0.0069673112183712416,True,1066.0,-0.0034415481086966953,0.04240802039284714,cross_USO_state_slope=uptrend,304.0,0.018878459748365294,0.020088012535785155,0.05678940657071663
CRV/USD,1d,cross_USO_state_slope=uptrend + state_slope=downtrend,calendar_2024,ok,2024-01-01 00:00:00+00:00,2024-12-31 00:00:00+00:00,366.0,48.0,0.0311317861223446,0.5416666666666666,1.2051159787934158,0.22815853210419457,False,366.0,-0.017895478617515517,0.04902726473986012,state_slope=downtrend,110.0,0.006647824768680186,0.024483961353664416,0.7225406356619168
CRV/USD,1d,cross_USO_state_slope=uptrend + state_slope=downtrend,calendar_2025,ok,2025-01-01 00:00:00+00:00,2025-12-31 00:00:00+00:00,365.0,42.0,0.038990713903024166,0.8095238095238095,1.9709524539414893,0.04872931448252826,True,365.0,0.004549795313506514,0.03444091858951765,cross_USO_state_slope=uptrend,78.0,0.04488007029491467,-0.0058893563918905045,0.009089497772768684
CRV/USD,1d,cross_USO_state_slope=uptrend + state_slope=downtrend,calendar_2026_ytd,ok,2026-01-01 00:00:00+00:00,2026-07-18 00:00:00+00:00,199.0,35.0,0.049682094791978576,0.7142857142857143,2.1721557998702723,0.029843913310399373,True,199.0,0.013277055994760112,0.036405038797218466,cross_USO_state_slope=uptrend,123.0,0.023749695662947955,0.02593239912903062,0.051725488027825506
CRV/USD,1d,cross_USO_state_slope=uptrend + state_slope=downtrend,latest_12m,ok,2025-07-18 00:00:00+00:00,2026-07-18 00:00:00+00:00,366.0,43.0,0.0470730475581193,0.7209302325581395,2.21624354943117,0.026674826807747687,True,366.0,0.016386681983368043,0.030686365574751257,cross_USO_state_slope=uptrend,131.0,0.024476948807805172,0.02259609875031413,0.04014807108548757
CRV/USD,1d,cross_USO_state_slope=uptrend + state_slope=downtrend,latest_6m,ok,2026-01-18 00:00:00+00:00,2026-07-18 00:00:00+00:00,182.0,35.0,0.049682094791978576,0.7142857142857143,2.1721557998702723,0.029843913310399373,True,182.0,0.01210382280821652,0.037578271983762054,cross_USO_state_slope=uptrend,117.0,0.02037275869783733,0.029309336094141245,0.09566331778848913
ETH/USD,1d,cross_USO_state_vol=low_vol + state_ext=stretched_up,all,ok,2021-07-13 00:00:00+00:00,2026-07-18 00:00:00+00:00,1832.0,213.0,0.013443329950240812,0.596244131455399,1.4830675373540354,0.13805646786315595,False,1832.0,-0.0034974734376106583,0.01694080338785147,cross_USO_state_vol=low_vol,617.0,0.006465861110768313,0.006977468839472499,0.2171229523201923
ETH/USD,1d,cross_USO_state_vol=low_vol + state_ext=stretched_up,calendar_2024,ok,2024-01-01 00:00:00+00:00,2024-12-31 00:00:00+00:00,366.0,104.0,-0.007508432739310335,0.4423076923076923,-0.5144562063938732,0.6069330711746599,False,366.0,-0.009215561770698898,0.0017071290313885627,cross_USO_state_vol=low_vol,232.0,-0.006004132390356566,-0.0015043003489537687,0.5249887385070944
ETH/USD,1d,cross_USO_state_vol=low_vol + state_ext=stretched_up,calendar_2025,ok,2025-01-01 00:00:00+00:00,2025-12-31 00:00:00+00:00,365.0,58.0,0.03947214058647677,0.7413793103448276,2.800134329882942,0.005108134497368244,True,365.0,-0.002051161338220393,0.041523301924697165,cross_USO_state_vol=low_vol,200.0,0.01342123521700107,0.026050905369475703,0.07763141273780638
ETH/USD,1d,cross_USO_state_vol=low_vol + state_ext=stretched_up,calendar_2026_ytd,ok,2026-01-01 00:00:00+00:00,2026-07-18 00:00:00+00:00,199.0,4.0,0.014164774563553618,0.75,1.2447138175269143,0.21323696502869405,False,199.0,0.009631165845100863,0.004533608718452755,state_ext=stretched_up,70.0,0.0024020913352417734,0.011762683228311845,0.8054319804050698
ETH/USD,1d,cross_USO_state_vol=low_vol + state_ext=stretched_up,latest_12m,ok,2025-07-18 00:00:00+00:00,2026-07-18 00:00:00+00:00,366.0,47.0,0.020112152281274352,0.6808510638297872,1.4977739707743443,0.13419198571863267,False,366.0,0.006171485886224338,0.013940666395050014,state_ext=stretched_up,128.0,0.007116260158962464,0.012995892122311888,0.41922257334644986
ETH/USD,1d,cross_USO_state_vol=low_vol + state_ext=stretched_up,latest_6m,ok,2026-01-18 00:00:00+00:00,2026-07-18 00:00:00+00:00,182.0,0.0,,,,,False,182.0,0.010241353560863056,,state_ext=stretched_up,57.0,-0.0038159490636794128,,0.700453226763947
CRV/USD,1h,cross_USO_state_vol=low_vol + state_ext=stretched_up,all,ok,2025-07-11 10:00:00+00:00,2026-07-24 18:00:00+00:00,9072.0,347.0,0.003047885836160274,0.5446685878962536,1.301011041333692,0.19325467539663377,False,9072.0,0.00019551873813968769,0.002852367098020586,state_ext=stretched_up,1799.0,0.0018312786989118032,0.0012166071372484708,0.07166331088979261
CRV/USD,1h,cross_USO_state_vol=low_vol + state_ext=stretched_up,calendar_2024,empty_window,,,,,,,,,,,,,,,,,
CRV/USD,1h,cross_USO_state_vol=low_vol + state_ext=stretched_up,calendar_2025,ok,2025-07-11 10:00:00+00:00,2025-12-31 23:00:00+00:00,4158.0,202.0,0.005230206607981775,0.5742574257425742,1.8833890704157366,0.059647660438991945,False,4158.0,0.00018120968019573849,0.005048996927786037,state_ext=stretched_up,942.0,0.0022841531894953215,0.002946053418486454,0.12990707527859424
CRV/USD,1h,cross_USO_state_vol=low_vol + state_ext=stretched_up,calendar_2026_ytd,ok,2026-01-01 00:00:00+00:00,2026-07-24 18:00:00+00:00,4914.0,145.0,7.687243691698903e-06,0.503448275862069,0.0021049197087616477,0.9983205183028592,False,4914.0,0.0002076264025537983,-0.0001999391588620994,state_ext=stretched_up,857.0,0.0013334866684221011,-0.0013257994247304022,0.3046664347967645
CRV/USD,1h,cross_USO_state_vol=low_vol + state_ext=stretched_up,latest_12m,ok,2025-07-24 18:00:00+00:00,2026-07-24 18:00:00+00:00,8752.0,347.0,0.003047885836160274,0.5446685878962536,1.301011041333692,0.19325467539663377,False,8752.0,0.0004700034806193697,0.002577882355540904,state_ext=stretched_up,1667.0,0.0026417943136774866,0.0004060915224827874,0.0071999529355364356
CRV/USD,1h,cross_USO_state_vol=low_vol + state_ext=stretched_up,latest_6m,ok,2026-01-24 18:00:00+00:00,2026-07-24 18:00:00+00:00,4344.0,84.0,0.004222012541434385,0.6309523809523809,0.8410380813336936,0.4003266009632833,False,4344.0,0.00028344632417100164,0.003938566217263384,state_ext=stretched_up,751.0,0.0014631356854457557,0.0027588768559886293,0.275888216512326
SUSHI/USD,1d,state_volume=vol_normal + state_ext=stretched_up,all,ok,2021-07-23 00:00:00+00:00,2026-07-18 00:00:00+00:00,1822.0,156.0,0.03696106109057149,0.6538461538461539,2.7976467554298603,0.005147637618071466,True,1822.0,0.002489867830105468,0.03447119326046602,state_ext=stretched_up,634.0,0.005089857587830283,0.03187120350274121,0.6478373543605056
SUSHI/USD,1d,state_volume=vol_normal + state_ext=stretched_up,calendar_2024,ok,2024-01-01 00:00:00+00:00,2024-12-31 00:00:00+00:00,366.0,18.0,0.007436106222469707,0.5,0.20181740761117412,0.8400594722565815,False,366.0,-0.013848739857466172,0.02128484607993588,state_volume=vol_normal,43.0,-0.01298431900813801,0.02042042523060772,0.5093537869222446
SUSHI/USD,1d,state_volume=vol_normal + state_ext=stretched_up,calendar_2025,ok,2025-01-01 00:00:00+00:00,2025-12-31 00:00:00+00:00,365.0,26.0,0.06808099243695605,0.7692307692307693,2.3610721955272207,0.01822218276755838,True,365.0,0.014850030023750602,0.05323096241320545,state_ext=stretched_up,88.0,0.04505184419797911,0.023029148238976935,0.06456281520520069
SUSHI/USD,1d,state_volume=vol_normal + state_ext=stretched_up,calendar_2026_ytd,ok,2026-01-01 00:00:00+00:00,2026-07-18 00:00:00+00:00,199.0,7.0,0.06338006067237659,0.7142857142857143,2.849181149642062,0.004383191587371771,False,199.0,0.01316434378584555,0.05021571688653104,state_ext=stretched_up,59.0,0.025499996297212408,0.03788006437516418,0.10342791289392483
SUSHI/USD,1d,state_volume=vol_normal + state_ext=stretched_up,latest_12m,ok,2025-07-18 00:00:00+00:00,2026-07-18 00:00:00+00:00,366.0,14.0,0.09126971543035696,0.8571428571428571,4.3644422060396275,1.2744753716820156e-05,False,366.0,0.01971434758742714,0.07155536784292982,state_ext=stretched_up,88.0,0.049193247491649814,0.042076467938707146,0.0002361938188033541
SUSHI/USD,1d,state_volume=vol_normal + state_ext=stretched_up,latest_6m,ok,2026-01-18 00:00:00+00:00,2026-07-18 00:00:00+00:00,182.0,5.0,0.0863912855455069,0.8,3.93732404206085,8.239530857978572e-05,False,182.0,0.012944148904155696,0.0734471366413512,state_ext=stretched_up,44.0,0.027121794449319014,0.059269491096187885,0.15796967028801157
SUSHI/USD,1d,cross_USO_state_slope=downtrend + state_ext=neutral,all,ok,2021-07-23 00:00:00+00:00,2026-07-18 00:00:00+00:00,1822.0,52.0,0.0012349497541451417,0.5,0.06131697453496206,0.951106772514162,False,1822.0,0.002489867830105468,-0.0012549180759603264,cross_USO_state_slope=downtrend,540.0,-0.00262299238019041,0.003857942134335552,0.74671694816392
SUSHI/USD,1d,cross_USO_state_slope=downtrend + state_ext=neutral,calendar_2024,ok,2024-01-01 00:00:00+00:00,2024-12-31 00:00:00+00:00,366.0,13.0,0.007723432131768794,0.46153846153846156,0.2661002776996412,0.7901619811340796,False,366.0,-0.013848739857466172,0.021572171989234966,state_ext=neutral,41.0,0.0007229120307057493,0.007000520101063045,0.9757920085431502
SUSHI/USD,1d,cross_USO_state_slope=downtrend + state_ext=neutral,calendar_2025,ok,2025-01-01 00:00:00+00:00,2025-12-31 00:00:00+00:00,365.0,11.0,0.04235018583991071,0.6363636363636364,1.9792480864722966,0.04778808132880341,False,365.0,0.014850030023750602,0.027500155816160107,state_ext=neutral,29.0,0.004200625349155279,0.03814956049075543,0.8601461716934433
SUSHI/USD,1d,cross_USO_state_slope=downtrend + state_ext=neutral,calendar_2026_ytd,ok,2026-01-01 00:00:00+00:00,2026-07-18 00:00:00+00:00,199.0,8.0,0.042517948086774976,0.5,1.0246052879973961,0.30554946839115593,False,199.0,0.01316434378584555,0.029353604300929426,cross_USO_state_slope=downtrend,48.0,0.014465634160981426,0.02805231392579355,0.5159616416796682
SUSHI/USD,1d,cross_USO_state_slope=downtrend + state_ext=neutral,latest_12m,ok,2025-07-18 00:00:00+00:00,2026-07-18 00:00:00+00:00,366.0,15.0,0.04820625687465011,0.6,2.241800038556122,0.024974298752798774,True,366.0,0.01971434758742714,0.028491909287222974,cross_USO_state_slope=downtrend,106.0,0.020492486625018333,0.02771377024963178,0.11006448451011686
SUSHI/USD,1d,cross_USO_state_slope=downtrend + state_ext=neutral,latest_6m,ok,2026-01-18 00:00:00+00:00,2026-07-18 00:00:00+00:00,182.0,8.0,0.042517948086774976,0.5,1.0246052879973961,0.30554946839115593,False,182.0,0.012944148904155696,0.02957379918261928,cross_USO_state_slope=downtrend,48.0,0.014465634160981426,0.02805231392579355,0.5159616416796682
BCH/USD,1d,state_ext=neutral + state_vol=mid_vol,all,ok,2021-07-13 00:00:00+00:00,2026-07-18 00:00:00+00:00,1832.0,74.0,0.009793001772612895,0.4594594594594595,0.7923911760753896,0.4281326229043687,False,1832.0,0.0024043808129730337,0.007388620959639861,state_ext=neutral,263.0,0.008841036333845056,0.0009519654387678388,0.16485790270984335
BCH/USD,1d,state_ext=neutral + state_vol=mid_vol,calendar_2024,ok,2024-01-01 00:00:00+00:00,2024-12-31 00:00:00+00:00,366.0,21.0,0.0043951617890142436,0.38095238095238093,0.1914681189598771,0.8481588558316462,False,366.0,0.014728176657587345,-0.0103330148685731,state_ext=neutral,44.0,0.01435002162342832,-0.009954859834414076,0.3753288725538637
BCH/USD,1d,state_ext=neutral + state_vol=mid_vol,calendar_2025,ok,2025-01-01 00:00:00+00:00,2025-12-31 00:00:00+00:00,365.0,30.0,0.029038427889307383,0.6666666666666666,2.1413430931116477,0.032246380399952645,True,365.0,0.0067498598096023075,0.022288568079705078,state_ext=neutral,55.0,0.02733774147458257,0.0017006864147248134,0.06766997369702255
BCH/USD,1d,state_ext=neutral + state_vol=mid_vol,calendar_2026_ytd,ok,2026-01-01 00:00:00+00:00,2026-07-18 00:00:00+00:00,199.0,4.0,0.11614997303826574,0.75,2.4620948068617285,0.013812814906454918,False,199.0,-0.023558684953890588,0.13970865799215632,state_vol=mid_vol,30.0,0.03458676910206349,0.08156320393620226,0.16227577271652605
BCH/USD,1d,state_ext=neutral + state_vol=mid_vol,latest_12m,ok,2025-07-18 00:00:00+00:00,2026-07-18 00:00:00+00:00,366.0,19.0,0.046797013501670585,0.7368421052631579,2.534073249268899,0.011274516133675139,True,366.0,-0.00939537388144043,0.05619238738311101,state_vol=mid_vol,132.0,0.014625175490951343,0.03217183801071924,0.1476077218086469
BCH/USD,1d,state_ext=neutral + state_vol=mid_vol,latest_6m,ok,2026-01-18 00:00:00+00:00,2026-07-18 00:00:00+00:00,182.0,3.0,0.12922496791936777,0.6666666666666666,2.328009430241169,0.01991160292966443,False,182.0,-0.023933269677521015,0.1531582375968888,state_vol=mid_vol,23.0,0.04235378923622515,0.08687117868314262,0.1439619036903652
LTC/USD,1h,cross_TLT_state_slope=uptrend + state_ext=stretched_down,all,ok,2025-07-11 10:00:00+00:00,2026-07-24 18:00:00+00:00,9079.0,306.0,0.002452754930331983,0.6568627450980392,0.8459570557305188,0.397576701546573,False,9079.0,-0.0004745267862203084,0.0029272817165522914,state_ext=stretched_down,1197.0,0.0007034696313520158,0.0017492852989799672,0.5254843153420448
LTC/USD,1h,cross_TLT_state_slope=uptrend + state_ext=stretched_down,calendar_2024,empty_window,,,,,,,,,,,,,,,,,
LTC/USD,1h,cross_TLT_state_slope=uptrend + state_ext=stretched_down,calendar_2025,ok,2025-07-11 10:00:00+00:00,2025-12-31 23:00:00+00:00,4165.0,144.0,-0.0022258510149033746,0.5763888888888888,-0.40139464590962043,0.6881295906889675,False,4165.0,-0.00027760893894691305,-0.0019482420759564616,state_ext=stretched_down,683.0,-2.8138656089745555e-05,-0.002197712358813629,0.9859332375181036
LTC/USD,1h,cross_TLT_state_slope=uptrend + state_ext=stretched_down,calendar_2026_ytd,ok,2026-01-01 00:00:00+00:00,2026-07-24 18:00:00+00:00,4914.0,162.0,0.006611515770541189,0.7283950617283951,3.4606762396648314,0.0005388204082552583,True,4914.0,-0.0006414300898209788,0.007252945860362168,state_ext=stretched_down,514.0,0.001675626168944863,0.004935889601596326,0.23432938673718873
LTC/USD,1h,cross_TLT_state_slope=uptrend + state_ext=stretched_down,latest_12m,ok,2025-07-24 18:00:00+00:00,2026-07-24 18:00:00+00:00,8759.0,306.0,0.002452754930331983,0.6568627450980392,0.8459570557305188,0.397576701546573,False,8759.0,-0.000588822943954376,0.0030415778742863588,state_ext=stretched_down,1139.0,0.0004433513988526111,0.0020094035314793717,0.6984569649534171
LTC/USD,1h,cross_TLT_state_slope=uptrend + state_ext=stretched_down,latest_6m,ok,2026-01-24 18:00:00+00:00,2026-07-24 18:00:00+00:00,4344.0,134.0,0.008157632469603514,0.7611940298507462,4.044351987093761,5.246804281644479e-05,True,4344.0,-0.0005680799341635846,0.008725712403767098,state_ext=stretched_down,431.0,0.0018471821578150876,0.006310450311788426,0.2494061393098972
DOGE/USD,1d,cross_USO_state_vol=low_vol + state_ext=stretched_up,all,ok,2021-07-13 00:00:00+00:00,2026-07-18 00:00:00+00:00,1832.0,199.0,0.007303015549745049,0.5979899497487438,0.4114195626788598,0.6807649117573411,False,1832.0,-0.003562128076265565,0.010865143626010614,cross_USO_state_vol=low_vol,617.0,0.009103525667623883,-0.0018005101178788334,0.27091067429192695
DOGE/USD,1d,cross_USO_state_vol=low_vol + state_ext=stretched_up,calendar_2024,ok,2024-01-01 00:00:00+00:00,2024-12-31 00:00:00+00:00,366.0,98.0,-0.02521544966645906,0.47959183673469385,-0.8700178981368316,0.38429062315112095,False,366.0,-0.029819365813415714,0.004603916146956655,cross_USO_state_vol=low_vol,232.0,-0.009566768244570176,-0.015648681421888883,0.5680029032741822
DOGE/USD,1d,cross_USO_state_vol=low_vol + state_ext=stretched_up,calendar_2025,ok,2025-01-01 00:00:00+00:00,2025-12-31 00:00:00+00:00,365.0,50.0,0.05710432769865266,0.82,2.75577303300667,0.005855361221342781,True,365.0,0.007040626508879594,0.05006370118977307,cross_USO_state_vol=low_vol,200.0,0.021132205702613215,0.03597212199603944,0.07144034072535166
DOGE/USD,1d,cross_USO_state_vol=low_vol + state_ext=stretched_up,calendar_2026_ytd,ok,2026-01-01 00:00:00+00:00,2026-07-18 00:00:00+00:00,199.0,4.0,0.029188325217189955,0.75,1.1703074802892364,0.24187725270224392,False,199.0,0.014897611483390832,0.014290713733799122,state_ext=stretched_up,55.0,0.012504055826332527,0.016684269390857428,0.36762355192113216
DOGE/USD,1d,cross_USO_state_vol=low_vol + state_ext=stretched_up,latest_12m,ok,2025-07-18 00:00:00+00:00,2026-07-18 00:00:00+00:00,366.0,37.0,0.03912941547136277,0.7567567567567568,1.5698337286790622,0.11645379852701865,False,366.0,0.014094766830481434,0.025034648640881334,state_ext=stretched_up,95.0,0.026528530185585028,0.012600885285777741,0.039726474519039545
DOGE/USD,1d,cross_USO_state_vol=low_vol + state_ext=stretched_up,latest_6m,ok,2026-01-18 00:00:00+00:00,2026-07-18 00:00:00+00:00,182.0,0.0,,,,,False,182.0,0.013502242560817255,,state_ext=stretched_up,42.0,0.003916190139104235,,0.7970855365695881
BCH/USD,1d,cross_USO_state_slope=downtrend + state_ext=neutral,all,ok,2021-07-13 00:00:00+00:00,2026-07-18 00:00:00+00:00,1832.0,88.0,0.011155894831821401,0.45454545454545453,1.0917164012528902,0.27495777387418907,False,1832.0,0.0024043808129730337,0.008751514018848367,state_ext=neutral,263.0,0.008841036333845056,0.0023148584979763454,0.16485790270984335
BCH/USD,1d,cross_USO_state_slope=downtrend + state_ext=neutral,calendar_2024,ok,2024-01-01 00:00:00+00:00,2024-12-31 00:00:00+00:00,366.0,15.0,0.02370787583614386,0.4666666666666667,0.766068251730076,0.44363569247144063,False,366.0,0.014728176657587345,0.008979699178556514,state_ext=neutral,44.0,0.01435002162342832,0.009357854212715538,0.3753288725538637
BCH/USD,1d,cross_USO_state_slope=downtrend + state_ext=neutral,calendar_2025,ok,2025-01-01 00:00:00+00:00,2025-12-31 00:00:00+00:00,365.0,18.0,0.03294320318442531,0.7222222222222222,1.8977724885419645,0.05772605881033055,False,365.0,0.0067498598096023075,0.026193343374823007,state_ext=neutral,55.0,0.02733774147458257,0.005605461709842743,0.06766997369702255
BCH/USD,1d,cross_USO_state_slope=downtrend + state_ext=neutral,calendar_2026_ytd,ok,2026-01-01 00:00:00+00:00,2026-07-18 00:00:00+00:00,199.0,2.0,0.19820962922001636,1.0,16.33711449656995,0.0,False,199.0,-0.023558684953890588,0.22176831417390697,state_ext=neutral,28.0,0.0070575774328560815,0.19115205178716027,0.6046782022404951
BCH/USD,1d,cross_USO_state_slope=downtrend + state_ext=neutral,latest_12m,ok,2025-07-18 00:00:00+00:00,2026-07-18 00:00:00+00:00,366.0,10.0,0.05554084743581034,0.8,1.5168632017698884,0.1293012259974382,False,366.0,-0.00939537388144043,0.06493622131725077,state_ext=neutral,53.0,0.011508130387322972,0.044032717048487366,0.3734180072456885
BCH/USD,1d,cross_USO_state_slope=downtrend + state_ext=neutral,latest_6m,ok,2026-01-18 00:00:00+00:00,2026-07-18 00:00:00+00:00,182.0,2.0,0.19820962922001636,1.0,16.33711449656995,0.0,False,182.0,-0.023933269677521015,0.22214289889753738,state_ext=neutral,25.0,0.008258063516805147,0.18995156570321123,0.5867523061231201
ETH/USD,1d,cross_USO_state_vol=high_vol + state_ext=stretched_up,all,ok,2021-07-13 00:00:00+00:00,2026-07-18 00:00:00+00:00,1832.0,152.0,0.034485079478974945,0.631578947368421,2.6910224722645903,0.007123339634674597,True,1832.0,0.0030974734376106594,0.031387606041364285,cross_USO_state_vol=high_vol,328.0,0.02462019748868445,0.009864881990290494,0.00463641777109558
ETH/USD,1d,cross_USO_state_vol=high_vol + state_ext=stretched_up,calendar_2024,ok,2024-01-01 00:00:00+00:00,2024-12-31 00:00:00+00:00,366.0,17.0,-0.004822096542826969,0.5294117647058824,-0.2415334633606644,0.809141684045029,False,366.0,0.0088155617706989,-0.013637658313525869,cross_USO_state_vol=high_vol,38.0,0.038636915630505454,-0.04345901217333242,0.15031057788666802
ETH/USD,1d,cross_USO_state_vol=high_vol + state_ext=stretched_up,calendar_2025,ok,2025-01-01 00:00:00+00:00,2025-12-31 00:00:00+00:00,365.0,36.0,0.10494918205788993,0.8611111111111112,3.3776707363415275,0.000731025555566589,True,365.0,0.0016511613382203985,0.10329802071966954,cross_USO_state_vol=high_vol,69.0,0.0649673229784314,0.03998185907945853,0.0010094740952522052
ETH/USD,1d,cross_USO_state_vol=high_vol + state_ext=stretched_up,calendar_2026_ytd,ok,2026-01-01 00:00:00+00:00,2026-07-18 00:00:00+00:00,199.0,56.0,0.005277646003513742,0.5,0.5388806581119339,0.5899692040797049,False,199.0,-0.01003116584510086,0.015308811848614602,cross_USO_state_vol=high_vol,154.0,-0.0010717244350831546,0.006349370438596897,0.8988706412431404
ETH/USD,1d,cross_USO_state_vol=high_vol + state_ext=stretched_up,latest_12m,ok,2025-07-18 00:00:00+00:00,2026-07-18 00:00:00+00:00,366.0,60.0,0.005586951954824782,0.5,0.6090599513876734,0.542484701851234,False,366.0,-0.006571485886224337,0.01215843784104912,cross_USO_state_vol=high_vol,158.0,-0.0007935229234815705,0.006380474878306353,0.9230890392336675
ETH/USD,1d,cross_USO_state_vol=high_vol + state_ext=stretched_up,latest_6m,ok,2026-01-18 00:00:00+00:00,2026-07-18 00:00:00+00:00,182.0,56.0,0.005277646003513742,0.5,0.5388806581119339,0.5899692040797049,False,182.0,-0.010641353560863057,0.0159189995643768,state_ext=stretched_up,57.0,0.003415949063679409,0.0018616969398343327,0.7305587766753066
CRV/USD,1d,cross_USO_state_vol=mid_vol + state_ext=stretched_down,all,ok,2023-08-18 00:00:00+00:00,2026-07-18 00:00:00+00:00,1066.0,173.0,0.00892463802267501,0.5433526011560693,0.6230956869659778,0.5332216438343276,False,1066.0,-0.0034415481086966953,0.012366186131371705,state_ext=stretched_down,568.0,-0.0016126731194276657,0.010537311142102676,0.8305061834072651
CRV/USD,1d,cross_USO_state_vol=mid_vol + state_ext=stretched_down,calendar_2024,ok,2024-01-01 00:00:00+00:00,2024-12-31 00:00:00+00:00,366.0,48.0,-0.013778628470070206,0.4791666666666667,-0.5441694895445865,0.5863248452675205,False,366.0,-0.017895478617515517,0.004116850147445311,state_ext=stretched_down,205.0,-0.002621482714050587,-0.011157145756019619,0.8287521491568353
CRV/USD,1d,cross_USO_state_vol=mid_vol + state_ext=stretched_down,calendar_2025,ok,2025-01-01 00:00:00+00:00,2025-12-31 00:00:00+00:00,365.0,75.0,0.025130859065622926,0.5733333333333334,1.2050449453489975,0.2281859514825233,False,365.0,0.004549795313506514,0.02058106375211641,cross_USO_state_vol=mid_vol,96.0,0.03941844666888796,-0.014287587603265036,0.02189252947612852
CRV/USD,1d,cross_USO_state_vol=mid_vol + state_ext=stretched_down,calendar_2026_ytd,ok,2026-01-01 00:00:00+00:00,2026-07-18 00:00:00+00:00,199.0,26.0,0.06583203903867779,0.8461538461538461,2.821339728255677,0.004782352750041241,True,199.0,0.013277055994760112,0.05255498304391768,cross_USO_state_vol=mid_vol,40.0,0.053449299549142515,0.012382739489535277,0.014585968171014319
CRV/USD,1d,cross_USO_state_vol=mid_vol + state_ext=stretched_down,latest_12m,ok,2025-07-18 00:00:00+00:00,2026-07-18 00:00:00+00:00,366.0,73.0,0.03385240432602621,0.6575342465753424,2.11023601728583,0.034838031626469146,True,366.0,0.016386681983368043,0.017465722342658165,cross_USO_state_vol=mid_vol,91.0,0.03797935490061187,-0.004126950574585661,0.009425163348877774
CRV/USD,1d,cross_USO_state_vol=mid_vol + state_ext=stretched_down,latest_6m,ok,2026-01-18 00:00:00+00:00,2026-07-18 00:00:00+00:00,182.0,25.0,0.07119849582115564,0.88,2.991201848882306,0.0027788174704945767,True,182.0,0.01210382280821652,0.05909467301293912,cross_USO_state_vol=mid_vol,28.0,0.06147544417179387,0.009723051649361776,0.013425768553233297
AAVE/USD,1d,cross_USO_state_slope=downtrend + state_slope=uptrend,all,ok,2021-07-15 00:00:00+00:00,2026-07-18 00:00:00+00:00,1830.0,174.0,0.01830519713833919,0.5114942528735632,1.4593367828942998,0.1444724361935028,False,1830.0,0.0034038282031588814,0.014901368935180308,cross_USO_state_slope=downtrend,540.0,0.014178278082096976,0.004126919056242214,0.08076189110447607
AAVE/USD,1d,cross_USO_state_slope=downtrend + state_slope=uptrend,calendar_2024,ok,2024-01-01 00:00:00+00:00,2024-12-31 00:00:00+00:00,366.0,32.0,0.026359222172025645,0.53125,1.135889312384981,0.2560028917905057,False,366.0,0.022360187861961187,0.003999034310064459,cross_USO_state_slope=downtrend,93.0,0.04530801071981679,-0.018948788547791147,0.04052061283568742
AAVE/USD,1d,cross_USO_state_slope=downtrend + state_slope=uptrend,calendar_2025,ok,2025-01-01 00:00:00+00:00,2025-12-31 00:00:00+00:00,365.0,39.0,0.038870898756881614,0.5897435897435898,1.6170006078032297,0.10587814971060339,False,365.0,-0.00524263078817875,0.04411352954506036,state_slope=uptrend,105.0,0.013777634882213233,0.02509326387466838,0.38934315467982517
AAVE/USD,1d,cross_USO_state_slope=downtrend + state_slope=uptrend,calendar_2026_ytd,ok,2026-01-01 00:00:00+00:00,2026-07-18 00:00:00+00:00,199.0,23.0,0.048178182193600524,0.6956521739130435,1.466558249474056,0.1424962645354626,False,199.0,-0.009719355333214733,0.05789753752681526,cross_USO_state_slope=downtrend,48.0,0.019685003158893478,0.028493179034707047,0.5016476975508408
AAVE/USD,1d,cross_USO_state_slope=downtrend + state_slope=uptrend,latest_12m,ok,2025-07-18 00:00:00+00:00,2026-07-18 00:00:00+00:00,366.0,38.0,0.03458322468375015,0.6052631578947368,1.2979842360829108,0.19429275196192552,False,366.0,-0.012662824996133373,0.04724604967988352,cross_USO_state_slope=downtrend,106.0,0.004335555212610648,0.0302476694711395,0.8087704751436655
AAVE/USD,1d,cross_USO_state_slope=downtrend + state_slope=uptrend,latest_6m,ok,2026-01-18 00:00:00+00:00,2026-07-18 00:00:00+00:00,182.0,23.0,0.048178182193600524,0.6956521739130435,1.466558249474056,0.1424962645354626,False,182.0,-0.010551582849706248,0.05872976504330677,state_slope=uptrend,38.0,0.021770768096764037,0.026407414096836487,0.3869565539765629
CRV/USD,1d,cross_USO_state_slope=uptrend + cross_TLT_state_ext=neutral + state_ext=stretched_down,all,ok,2023-08-18 00:00:00+00:00,2026-07-18 00:00:00+00:00,1066.0,120.0,0.029091010578050854,0.6416666666666667,2.306475301149278,0.021084088667284284,True,1066.0,-0.0034415481086966953,0.03253255868674755,cross_USO_state_slope=uptrend + cross_TLT_state_ext=neutral,191.0,0.020867515515609548,0.008223495062441306,0.07164995577364186
CRV/USD,1d,cross_USO_state_slope=uptrend + cross_TLT_state_ext=neutral + state_ext=stretched_down,calendar_2024,ok,2024-01-01 00:00:00+00:00,2024-12-31 00:00:00+00:00,366.0,37.0,0.0009542979432325984,0.4594594594594595,0.04043463132761288,0.9677466210089132,False,366.0,-0.017895478617515517,0.018849776560748117,cross_USO_state_slope=uptrend + state_ext=stretched_down,71.0,0.01434242459773894,-0.013388126654506342,0.44019407285987056
CRV/USD,1d,cross_USO_state_slope=uptrend + cross_TLT_state_ext=neutral + state_ext=stretched_down,calendar_2025,ok,2025-01-01 00:00:00+00:00,2025-12-31 00:00:00+00:00,365.0,34.0,0.0578364588207258,0.8823529411764706,5.890763543778714,3.844152773879728e-09,True,365.0,0.004549795313506514,0.053286663507219285,cross_USO_state_slope=uptrend + cross_TLT_state_ext=neutral,47.0,0.06315476289489494,-0.005318304074169139,2.2850478842428856e-08
CRV/USD,1d,cross_USO_state_slope=uptrend + cross_TLT_state_ext=neutral + state_ext=stretched_down,calendar_2026_ytd,ok,2026-01-01 00:00:00+00:00,2026-07-18 00:00:00+00:00,199.0,40.0,0.04111119415560681,0.675,1.9059272895290722,0.05665963989152756,False,199.0,0.013277055994760112,0.0278341381608467,cross_USO_state_slope=uptrend + cross_TLT_state_ext=neutral,86.0,0.030312696499743566,0.010798497655863243,0.04081951383564597
CRV/USD,1d,cross_USO_state_slope=uptrend + cross_TLT_state_ext=neutral + state_ext=stretched_down,latest_12m,ok,2025-07-18 00:00:00+00:00,2026-07-18 00:00:00+00:00,366.0,46.0,0.0423854801685687,0.6956521739130435,2.220330014064422,0.026396373960650976,True,366.0,0.016386681983368043,0.025998798185200653,cross_USO_state_slope=uptrend + cross_TLT_state_ext=neutral,93.0,0.033203839588729626,0.00918164057983907,0.018289104327579464
CRV/USD,1d,cross_USO_state_slope=uptrend + cross_TLT_state_ext=neutral + state_ext=stretched_down,latest_6m,ok,2026-01-18 00:00:00+00:00,2026-07-18 00:00:00+00:00,182.0,39.0,0.04391736273711642,0.6923076923076923,1.983695929005885,0.04728974767790417,True,182.0,0.01210382280821652,0.031813539928899896,cross_USO_state_slope=uptrend + state_ext=stretched_down,69.0,0.02592907980916544,0.017988282927950978,0.08836542015151316
DOGE/USD,1d,cross_USO_state_slope=uptrend + cross_TLT_state_slope=flat + state_ext=stretched_down,all,ok,2021-07-13 00:00:00+00:00,2026-07-18 00:00:00+00:00,1832.0,95.0,0.02609110615907284,0.6105263157894737,1.6583053968041919,0.09725584027674161,False,1832.0,-0.003562128076265565,0.029653234235338406,cross_USO_state_slope=uptrend + cross_TLT_state_slope=flat,200.0,0.014661777941656119,0.011429328217416723,0.26680867224361515
DOGE/USD,1d,cross_USO_state_slope=uptrend + cross_TLT_state_slope=flat + state_ext=stretched_down,calendar_2024,ok,2024-01-01 00:00:00+00:00,2024-12-31 00:00:00+00:00,366.0,20.0,-0.03865754718534046,0.35,-1.4105122485662405,0.1583884822997832,False,366.0,-0.029819365813415714,-0.008838181371924745,state_ext=stretched_down,159.0,-0.004869444228183767,-0.033788102957156695,0.6905902574482987
DOGE/USD,1d,cross_USO_state_slope=uptrend + cross_TLT_state_slope=flat + state_ext=stretched_down,calendar_2025,ok,2025-01-01 00:00:00+00:00,2025-12-31 00:00:00+00:00,365.0,24.0,0.05631355156597848,0.8333333333333334,4.401277216030126,1.076155267742962e-05,True,365.0,0.007040626508879594,0.04927292505709889,cross_USO_state_slope=uptrend + cross_TLT_state_slope=flat,32.0,0.0663145309895955,-0.010000979423617017,1.8155388303853215e-10
DOGE/USD,1d,cross_USO_state_slope=uptrend + cross_TLT_state_slope=flat + state_ext=stretched_down,calendar_2026_ytd,ok,2026-01-01 00:00:00+00:00,2026-07-18 00:00:00+00:00,199.0,31.0,0.023115358017498467,0.5806451612903226,0.9120047672733834,0.3617662079958821,False,199.0,0.014897611483390832,0.008217746534107635,cross_TLT_state_slope=flat + state_ext=stretched_down,45.0,0.03406560589947516,-0.010950247881976693,0.09114980191734023
DOGE/USD,1d,cross_USO_state_slope=uptrend + cross_TLT_state_slope=flat + state_ext=stretched_down,latest_12m,ok,2025-07-18 00:00:00+00:00,2026-07-18 00:00:00+00:00,366.0,38.0,0.02604245000901444,0.6052631578947368,1.1814855707211611,0.23740988224218929,False,366.0,0.014094766830481434,0.011947683178533007,cross_USO_state_slope=uptrend + cross_TLT_state_slope=flat,78.0,0.019228685373185953,0.006813764635828487,0.15584950114772367
DOGE/USD,1d,cross_USO_state_slope=uptrend + cross_TLT_state_slope=flat + state_ext=stretched_down,latest_6m,ok,2026-01-18 00:00:00+00:00,2026-07-18 00:00:00+00:00,182.0,31.0,0.023115358017498467,0.5806451612903226,0.9120047672733834,0.3617662079958821,False,182.0,0.013502242560817255,0.009613115456681212,cross_TLT_state_slope=flat + state_ext=stretched_down,45.0,0.03406560589947516,-0.010950247881976693,0.09114980191734023
AAVE/USD,1d,cross_USO_state_slope=uptrend + state_slope=uptrend,all,ok,2021-07-15 00:00:00+00:00,2026-07-18 00:00:00+00:00,1830.0,107.0,0.03052833021336457,0.616822429906542,1.8020115388413014,0.07154359014540801,False,1830.0,-0.0038038282031588764,0.03433215841652344,cross_USO_state_slope=uptrend,398.0,0.018706971134997762,0.011821359078366806,0.053880899247833014
AAVE/USD,1d,cross_USO_state_slope=uptrend + state_slope=uptrend,calendar_2024,ok,2024-01-01 00:00:00+00:00,2024-12-31 00:00:00+00:00,366.0,17.0,-0.032090616316087485,0.35294117647058826,-0.725774740330355,0.4679768744436634,False,366.0,-0.022760187861961188,-0.009330428454126297,cross_USO_state_slope=uptrend,81.0,-0.005634395246706622,-0.026456221069380864,0.8105939376855904
AAVE/USD,1d,cross_USO_state_slope=uptrend + state_slope=uptrend,calendar_2025,ok,2025-01-01 00:00:00+00:00,2025-12-31 00:00:00+00:00,365.0,25.0,0.03891556947975392,0.68,2.468166861070184,0.013580699734576207,True,365.0,0.0048426307881787485,0.03407293869157517,cross_USO_state_slope=uptrend,78.0,0.030246754362499118,0.008668815117254803,0.09895235883966236
AAVE/USD,1d,cross_USO_state_slope=uptrend + state_slope=uptrend,calendar_2026_ytd,ok,2026-01-01 00:00:00+00:00,2026-07-18 00:00:00+00:00,199.0,18.0,0.02982024687668013,0.6666666666666666,1.3586978328625525,0.17424235911509456,False,199.0,0.009319355333214735,0.020500891543465394,cross_USO_state_slope=uptrend,123.0,0.022376770205511563,0.007443476671168566,0.08841814812683446
AAVE/USD,1d,cross_USO_state_slope=uptrend + state_slope=uptrend,latest_12m,ok,2025-07-18 00:00:00+00:00,2026-07-18 00:00:00+00:00,366.0,18.0,0.02982024687668013,0.6666666666666666,1.3586978328625525,0.17424235911509456,False,366.0,0.012262824996133374,0.017557421880546757,cross_USO_state_slope=uptrend,131.0,0.025530585081728417,0.004289661794951712,0.050233331121894764
AAVE/USD,1d,cross_USO_state_slope=uptrend + state_slope=uptrend,latest_6m,ok,2026-01-18 00:00:00+00:00,2026-07-18 00:00:00+00:00,182.0,12.0,0.013860787210944548,0.5833333333333334,0.529215839152992,0.5966557302371385,False,182.0,0.010151582849706247,0.0037092043612383004,cross_USO_state_slope=uptrend,117.0,0.020358185795119776,-0.006497398584175229,0.13411680087841882
SUSHI/USD,1d,cross_USO_state_slope=uptrend + cross_TLT_state_ext=neutral + state_ext=stretched_down,all,ok,2021-07-23 00:00:00+00:00,2026-07-18 00:00:00+00:00,1822.0,124.0,0.013359117894192227,0.5241935483870968,0.9729556665484933,0.3305753365065276,False,1822.0,0.002489867830105468,0.010869250064086759,cross_USO_state_slope=uptrend,398.0,0.017048036383547693,-0.0036889184893554652,0.07367666887876423
SUSHI/USD,1d,cross_USO_state_slope=uptrend + cross_TLT_state_ext=neutral + state_ext=stretched_down,calendar_2024,ok,2024-01-01 00:00:00+00:00,2024-12-31 00:00:00+00:00,366.0,29.0,-0.0064737230023245084,0.27586206896551724,-0.2368223601015043,0.8127946040786544,False,366.0,-0.013848739857466172,0.007375016855141663,cross_USO_state_slope=uptrend + state_ext=stretched_down,51.0,0.019161246538091613,-0.025634969540416122,0.5271055312577362
SUSHI/USD,1d,cross_USO_state_slope=uptrend + cross_TLT_state_ext=neutral + state_ext=stretched_down,calendar_2025,ok,2025-01-01 00:00:00+00:00,2025-12-31 00:00:00+00:00,365.0,40.0,0.04216766155930942,0.8,3.092003611706614,0.001988104302335536,True,365.0,0.014850030023750602,0.027317631535558818,cross_USO_state_slope=uptrend + cross_TLT_state_ext=neutral,47.0,0.055691496546084206,-0.013523834986774785,6.286927010390464e-05
SUSHI/USD,1d,cross_USO_state_slope=uptrend + cross_TLT_state_ext=neutral + state_ext=stretched_down,calendar_2026_ytd,ok,2026-01-01 00:00:00+00:00,2026-07-18 00:00:00+00:00,199.0,41.0,0.02598724417931377,0.5853658536585366,1.0311122399003223,0.30248818861326265,False,199.0,0.01316434378584555,0.012822900393468218,cross_USO_state_slope=uptrend + state_ext=stretched_down,68.0,0.017940771106255776,0.008046473073057992,0.2569510103224084
SUSHI/USD,1d,cross_USO_state_slope=uptrend + cross_TLT_state_ext=neutral + state_ext=stretched_down,latest_12m,ok,2025-07-18 00:00:00+00:00,2026-07-18 00:00:00+00:00,366.0,46.0,0.02607945526242741,0.6086956521739131,1.1453978148375423,0.252044403113306,False,366.0,0.01971434758742714,0.006365107675000273,cross_TLT_state_ext=neutral,274.0,0.026093363413097845,-1.3908150670434438e-05,0.004181365517803126
SUSHI/USD,1d,cross_USO_state_slope=uptrend + cross_TLT_state_ext=neutral + state_ext=stretched_down,latest_6m,ok,2026-01-18 00:00:00+00:00,2026-07-18 00:00:00+00:00,182.0,41.0,0.02598724417931377,0.5853658536585366,1.0311122399003223,0.30248818861326265,False,182.0,0.012944148904155696,0.013043095275158073,cross_USO_state_slope=uptrend + state_ext=stretched_down,68.0,0.017940771106255776,0.008046473073057992,0.2569510103224084
DOGE/USD,1d,cross_USO_state_slope=uptrend + cross_TLT_state_ext=neutral + state_ext=stretched_down,all,ok,2021-07-13 00:00:00+00:00,2026-07-18 00:00:00+00:00,1832.0,121.0,0.011808318197091227,0.5537190082644629,0.9309286308297675,0.35189048320567773,False,1832.0,-0.003562128076265565,0.015370446273356791,cross_TLT_state_ext=neutral + state_ext=stretched_down,477.0,0.010282600532258983,0.0015257176648322442,0.09912201194050052
DOGE/USD,1d,cross_USO_state_slope=uptrend + cross_TLT_state_ext=neutral + state_ext=stretched_down,calendar_2024,ok,2024-01-01 00:00:00+00:00,2024-12-31 00:00:00+00:00,366.0,22.0,-0.04926591824854523,0.3181818181818182,-1.3662553738167431,0.17185882262582353,False,366.0,-0.029819365813415714,-0.019446552435129518,state_ext=stretched_down,159.0,-0.004869444228183767,-0.04439647402036147,0.6905902574482987
DOGE/USD,1d,cross_USO_state_slope=uptrend + cross_TLT_state_ext=neutral + state_ext=stretched_down,calendar_2025,ok,2025-01-01 00:00:00+00:00,2025-12-31 00:00:00+00:00,365.0,36.0,0.04698180691480253,0.7777777777777778,3.3795370262995634,0.000726080264496165,True,365.0,0.007040626508879594,0.03994118040592294,cross_USO_state_slope=uptrend + cross_TLT_state_ext=neutral,47.0,0.05522260568274095,-0.008240798767938415,2.0718742135272805e-06
DOGE/USD,1d,cross_USO_state_slope=uptrend + cross_TLT_state_ext=neutral + state_ext=stretched_down,calendar_2026_ytd,ok,2026-01-01 00:00:00+00:00,2026-07-18 00:00:00+00:00,199.0,44.0,0.017586706847255565,0.5454545454545454,1.0092766699926696,0.3128419656256467,False,199.0,0.014897611483390832,0.0026890953638647325,cross_TLT_state_ext=neutral + state_ext=stretched_down,82.0,0.022391117220268018,-0.004804410373012453,0.0546618877837719
DOGE/USD,1d,cross_USO_state_slope=uptrend + cross_TLT_state_ext=neutral + state_ext=stretched_down,latest_12m,ok,2025-07-18 00:00:00+00:00,2026-07-18 00:00:00+00:00,366.0,50.0,0.02267195506735853,0.58,1.3942341644390048,0.1632469042591871,False,366.0,0.014094766830481434,0.008577188236877096,cross_TLT_state_ext=neutral,274.0,0.020154186690143447,0.002517768377215082,0.011871145217267287
DOGE/USD,1d,cross_USO_state_slope=uptrend + cross_TLT_state_ext=neutral + state_ext=stretched_down,latest_6m,ok,2026-01-18 00:00:00+00:00,2026-07-18 00:00:00+00:00,182.0,44.0,0.017586706847255565,0.5454545454545454,1.0092766699926696,0.3128419656256467,False,182.0,0.013502242560817255,0.00408446428643831,cross_TLT_state_ext=neutral + state_ext=stretched_down,82.0,0.022391117220268018,-0.004804410373012453,0.0546618877837719
LTC/USD,1d,state_ret_day=ret_day_up + state_ext=stretched_up,all,ok,2021-07-13 00:00:00+00:00,2026-07-18 00:00:00+00:00,1832.0,254.0,0.013728821769154175,0.5984251968503937,1.9133374744085578,0.05570486322729851,False,1832.0,-0.0011226563144548438,0.014851478083609019,state_ret_day=ret_day_up,480.0,0.004278821039823176,0.009450000729330998,0.38129882100375934
LTC/USD,1d,state_ret_day=ret_day_up + state_ext=stretched_up,calendar_2024,ok,2024-01-01 00:00:00+00:00,2024-12-31 00:00:00+00:00,366.0,68.0,0.003617015794484724,0.5735294117647058,0.20102020281785593,0.8406827769385794,False,366.0,-0.010215911990831463,0.013832927785316187,state_ext=stretched_up,147.0,-0.003827422530498859,0.007444438324983583,0.7952275600100085
LTC/USD,1d,state_ret_day=ret_day_up + state_ext=stretched_up,calendar_2025,ok,2025-01-01 00:00:00+00:00,2025-12-31 00:00:00+00:00,365.0,63.0,0.035423161357354065,0.6825396825396826,2.559984723915887,0.010467676440039764,True,365.0,0.00030214604676089403,0.03512101531059317,state_ext=stretched_up,138.0,0.015843834454148432,0.019579326903205633,0.18191974789574172
LTC/USD,1d,state_ret_day=ret_day_up + state_ext=stretched_up,calendar_2026_ytd,ok,2026-01-01 00:00:00+00:00,2026-07-18 00:00:00+00:00,199.0,19.0,0.016528302400664246,0.7894736842105263,2.09768224378355,0.03593322444161706,True,199.0,0.012341371924605118,0.004186930476059128,state_ext=stretched_up,51.0,0.017428480403630896,-0.0009001780029666492,0.018294627695590204
LTC/USD,1d,state_ret_day=ret_day_up + state_ext=stretched_up,latest_12m,ok,2025-07-18 00:00:00+00:00,2026-07-18 00:00:00+00:00,366.0,44.0,0.039536851006108875,0.8409090909090909,3.0619435807588467,0.002199048970309647,True,366.0,0.009742205817121548,0.029794645188987327,state_ext=stretched_up,107.0,0.030113672299976916,0.00942317870613196,0.0006224401516354838
LTC/USD,1d,state_ret_day=ret_day_up + state_ext=stretched_up,latest_6m,ok,2026-01-18 00:00:00+00:00,2026-07-18 00:00:00+00:00,182.0,16.0,0.020958417424964508,0.8125,2.701019465894909,0.006912729250259986,True,182.0,0.009112122461187604,0.011846294963776904,state_ext=stretched_up,41.0,0.013507094094007235,0.007451323330957273,0.06581237147783536
LTC/USD,1d,cross_USO_state_slope=flat + cross_TLT_state_ext=neutral + state_ext=stretched_down,all,ok,2021-07-13 00:00:00+00:00,2026-07-18 00:00:00+00:00,1832.0,98.0,0.00930979501209238,0.5,0.7551720206305088,0.45014577429722324,False,1832.0,0.0007226563144548451,0.008587138697637536,cross_USO_state_slope=flat + state_ext=stretched_down,194.0,0.016873200834686793,-0.007563405822594413,0.04295019103120845
LTC/USD,1d,cross_USO_state_slope=flat + cross_TLT_state_ext=neutral + state_ext=stretched_down,calendar_2024,ok,2024-01-01 00:00:00+00:00,2024-12-31 00:00:00+00:00,366.0,18.0,0.03830376800013621,0.7777777777777778,2.841951442811163,0.004483832020464096,True,366.0,0.009815911990831459,0.028487856009304754,cross_TLT_state_ext=neutral + state_ext=stretched_down,54.0,0.039034552915358754,-0.0007307849152225418,9.930260467871932e-05
LTC/USD,1d,cross_USO_state_slope=flat + cross_TLT_state_ext=neutral + state_ext=stretched_down,calendar_2025,ok,2025-01-01 00:00:00+00:00,2025-12-31 00:00:00+00:00,365.0,41.0,0.03328707187829283,0.6585365853658537,2.5941264221110636,0.009483160954738334,True,365.0,-0.0007021460467608924,0.03398921792505372,cross_USO_state_slope=flat + state_ext=stretched_down,49.0,0.026953513263694658,0.0063335586145981705,0.03333978705908036
LTC/USD,1d,cross_USO_state_slope=flat + cross_TLT_state_ext=neutral + state_ext=stretched_down,calendar_2026_ytd,ok,2026-01-01 00:00:00+00:00,2026-07-18 00:00:00+00:00,199.0,5.0,-0.013540504050745538,0.2,-2.411795955055624,0.015874162606140274,False,199.0,-0.012741371924605116,-0.000799132126140422,cross_USO_state_slope=flat + state_ext=stretched_down,5.0,-0.013540504050745538,0.0,0.015874162606140274
LTC/USD,1d,cross_USO_state_slope=flat + cross_TLT_state_ext=neutral + state_ext=stretched_down,latest_12m,ok,2025-07-18 00:00:00+00:00,2026-07-18 00:00:00+00:00,366.0,37.0,0.027763695165158787,0.6216216216216216,1.881383523796464,0.05991976649946129,False,366.0,-0.010142205817121549,0.03790590098228033,cross_USO_state_slope=flat + state_ext=stretched_down,43.0,0.021327246899783776,0.006436448265375011,0.15208096126450243
LTC/USD,1d,cross_USO_state_slope=flat + cross_TLT_state_ext=neutral + state_ext=stretched_down,latest_6m,ok,2026-01-18 00:00:00+00:00,2026-07-18 00:00:00+00:00,182.0,5.0,-0.013540504050745538,0.2,-2.411795955055624,0.015874162606140274,False,182.0,-0.00951212246118761,-0.004028381589557928,cross_USO_state_slope=flat,17.0,-0.0059616867888995706,-0.0075788172618459675,0.3661630488235086
BTC/USD,1d,cross_USO_state_vol=low_vol + state_ext=stretched_up,all,ok,2021-07-13 00:00:00+00:00,2026-07-18 00:00:00+00:00,1832.0,231.0,5.2362765801230634e-05,0.5497835497835498,0.008119013247133341,0.9935220358507162,False,1832.0,-0.0040437518002276775,0.004096114566028908,cross_USO_state_vol=low_vol,617.0,-0.0009567689877232167,0.0010091317535244474,0.8274902815333671
BTC/USD,1d,cross_USO_state_vol=low_vol + state_ext=stretched_up,calendar_2024,ok,2024-01-01 00:00:00+00:00,2024-12-31 00:00:00+00:00,366.0,119.0,-0.014405043548405138,0.4369747899159664,-1.3325663802022603,0.18267414418288652,False,366.0,-0.012917934290467198,-0.0014871092579379405,cross_USO_state_vol=low_vol,232.0,-0.010286874492749832,-0.004118169055655306,0.1639328735886445
BTC/USD,1d,cross_USO_state_vol=low_vol + state_ext=stretched_up,calendar_2025,ok,2025-01-01 00:00:00+00:00,2025-12-31 00:00:00+00:00,365.0,54.0,0.020028576686840188,0.7037037037037037,3.269174440996165,0.0010786178172765837,True,365.0,-0.0002899976605062953,0.020318574347346484,cross_USO_state_vol=low_vol,200.0,0.0028590573815809608,0.01716951930525923,0.5782382074173036
BTC/USD,1d,cross_USO_state_vol=low_vol + state_ext=stretched_up,calendar_2026_ytd,ok,2026-01-01 00:00:00+00:00,2026-07-18 00:00:00+00:00,199.0,4.0,0.006939089037724477,0.5,0.642104499693774,0.5208053345022927,False,199.0,0.006706732118418719,0.0002323569193057578,state_ext=stretched_up,73.0,6.235634565769632e-05,0.006876732692066781,0.9919616295200886
BTC/USD,1d,cross_USO_state_vol=low_vol + state_ext=stretched_up,latest_12m,ok,2025-07-18 00:00:00+00:00,2026-07-18 00:00:00+00:00,366.0,36.0,0.021620249032423714,0.6666666666666666,2.9803416311493525,0.0028792707504825543,True,366.0,0.006723875282296531,0.014896373750127184,state_ext=stretched_up,112.0,0.007712540992809008,0.013907708039614705,0.14667654583486867
BTC/USD,1d,cross_USO_state_vol=low_vol + state_ext=stretched_up,latest_6m,ok,2026-01-18 00:00:00+00:00,2026-07-18 00:00:00+00:00,182.0,0.0,,,,,False,182.0,0.007369434188658112,,state_ext=stretched_up,60.0,-0.003759078793513624,,0.5470973874382989
BTC/USD,1d,cross_USO_state_vol=high_vol + state_ext=stretched_up,all,ok,2021-07-13 00:00:00+00:00,2026-07-18 00:00:00+00:00,1832.0,165.0,0.011680557385998758,0.6303030303030303,2.242396561414187,0.024935753849744557,True,1832.0,0.0036437518002276777,0.00803680558577108,cross_USO_state_vol=high_vol,328.0,0.011987808415499462,-0.00030725102950070367,0.01401834918985756
BTC/USD,1d,cross_USO_state_vol=high_vol + state_ext=stretched_up,calendar_2024,ok,2024-01-01 00:00:00+00:00,2024-12-31 00:00:00+00:00,366.0,25.0,0.016363527249596374,0.52,1.2554078625475031,0.20933073655819245,False,366.0,0.01251793429046719,0.003845592959129184,cross_USO_state_vol=high_vol,38.0,0.034869493740094196,-0.01850596649049782,0.024429217342607723
BTC/USD,1d,cross_USO_state_vol=high_vol + state_ext=stretched_up,calendar_2025,ok,2025-01-01 00:00:00+00:00,2025-12-31 00:00:00+00:00,365.0,46.0,0.032179477853282464,0.7608695652173914,3.2909415376615083,0.0009985266267562576,True,365.0,-0.00011000233949370749,0.03228948019277617,cross_USO_state_vol=high_vol,69.0,0.029032717235925702,0.0031467606173567614,4.219283760953374e-05
BTC/USD,1d,cross_USO_state_vol=high_vol + state_ext=stretched_up,calendar_2026_ytd,ok,2026-01-01 00:00:00+00:00,2026-07-18 00:00:00+00:00,199.0,59.0,0.004169359768728289,0.6271186440677966,0.6757549249916621,0.49919625737831974,False,199.0,-0.0071067321184187186,0.011276091887147007,state_ext=stretched_up,73.0,-0.0004623563456576962,0.004631716114385984,0.9404519201983634
BTC/USD,1d,cross_USO_state_vol=high_vol + state_ext=stretched_up,latest_12m,ok,2025-07-18 00:00:00+00:00,2026-07-18 00:00:00+00:00,366.0,63.0,0.004172980308231043,0.6507936507936508,0.7219662859629731,0.4703152056815423,False,366.0,-0.007123875282296532,0.011296855590527575,cross_USO_state_vol=high_vol,158.0,-0.001972477495248436,0.006145457803479479,0.7544215639796517
BTC/USD,1d,cross_USO_state_vol=high_vol + state_ext=stretched_up,latest_6m,ok,2026-01-18 00:00:00+00:00,2026-07-18 00:00:00+00:00,182.0,59.0,0.004169359768728289,0.6271186440677966,0.6757549249916621,0.49919625737831974,False,182.0,-0.0077694341886581164,0.011938793957386406,state_ext=stretched_up,60.0,0.003359078793513624,0.0008102809752146647,0.5905461282724735
ADA/USD,1h,cross_TLT_state_slope=uptrend + state_ext=stretched_down,all,ok,2026-02-13 12:00:00+00:00,2026-07-24 18:00:00+00:00,3870.0,184.0,0.003633446448853875,0.5706521739130435,1.741084976891722,0.0816686842975427,False,3870.0,-0.0006984116262160301,0.004331858075069905,cross_TLT_state_slope=uptrend,1106.0,7.841708237272513e-05,0.0035550293664811496,0.9387007649789492
ADA/USD,1h,cross_TLT_state_slope=uptrend + state_ext=stretched_down,calendar_2024,empty_window,,,,,,,,,,,,,,,,,
ADA/USD,1h,cross_TLT_state_slope=uptrend + state_ext=stretched_down,calendar_2025,empty_window,,,,,,,,,,,,,,,,,
ADA/USD,1h,cross_TLT_state_slope=uptrend + state_ext=stretched_down,calendar_2026_ytd,ok,2026-02-13 12:00:00+00:00,2026-07-24 18:00:00+00:00,3870.0,184.0,0.003633446448853875,0.5706521739130435,1.741084976891722,0.0816686842975427,False,3870.0,-0.0006984116262160301,0.004331858075069905,cross_TLT_state_slope=uptrend,1106.0,7.841708237272513e-05,0.0035550293664811496,0.9387007649789492
ADA/USD,1h,cross_TLT_state_slope=uptrend + state_ext=stretched_down,latest_12m,ok,2026-02-13 12:00:00+00:00,2026-07-24 18:00:00+00:00,3870.0,184.0,0.003633446448853875,0.5706521739130435,1.741084976891722,0.0816686842975427,False,3870.0,-0.0006984116262160301,0.004331858075069905,cross_TLT_state_slope=uptrend,1106.0,7.841708237272513e-05,0.0035550293664811496,0.9387007649789492
ADA/USD,1h,cross_TLT_state_slope=uptrend + state_ext=stretched_down,latest_6m,ok,2026-02-13 12:00:00+00:00,2026-07-24 18:00:00+00:00,3870.0,184.0,0.003633446448853875,0.5706521739130435,1.741084976891722,0.0816686842975427,False,3870.0,-0.0006984116262160301,0.004331858075069905,cross_TLT_state_slope=uptrend,1106.0,7.841708237272513e-05,0.0035550293664811496,0.9387007649789492
LTC/USD,1h,cross_USO_state_ext=stretched_down + cross_TLT_state_slope=downtrend + state_ext=neutral,all,ok,2025-07-11 10:00:00+00:00,2026-07-24 18:00:00+00:00,9079.0,82.0,0.0026287815598640255,0.6707317073170732,1.662492082914501,0.09641414946623472,False,9079.0,-0.0004745267862203084,0.003103308346084334,cross_USO_state_ext=stretched_down + cross_TLT_state_slope=downtrend,117.0,0.001006880679024229,0.0016219008808397966,0.4127448716733073
LTC/USD,1h,cross_USO_state_ext=stretched_down + cross_TLT_state_slope=downtrend + state_ext=neutral,calendar_2024,empty_window,,,,,,,,,,,,,,,,,
LTC/USD,1h,cross_USO_state_ext=stretched_down + cross_TLT_state_slope=downtrend + state_ext=neutral,calendar_2025,ok,2025-07-11 10:00:00+00:00,2025-12-31 23:00:00+00:00,4165.0,7.0,0.004693359291495021,0.7142857142857143,0.7322468211209687,0.46401793119536405,False,4165.0,-0.00027760893894691305,0.004970968230441934,cross_USO_state_ext=stretched_down + state_ext=neutral,370.0,0.0016801300010913908,0.00301322929040363,0.23894536199822758
LTC/USD,1h,cross_USO_state_ext=stretched_down + cross_TLT_state_slope=downtrend + state_ext=neutral,calendar_2026_ytd,ok,2026-01-01 00:00:00+00:00,2026-07-24 18:00:00+00:00,4914.0,75.0,0.002436087638245132,0.6666666666666666,1.5196248998107942,0.12860527617401152,False,4914.0,-0.0006414300898209788,0.003077517728066111,cross_USO_state_ext=stretched_down + cross_TLT_state_slope=downtrend,99.0,0.0011090784517080567,0.0013270091865370754,0.42979688917640746
LTC/USD,1h,cross_USO_state_ext=stretched_down + cross_TLT_state_slope=downtrend + state_ext=neutral,latest_12m,ok,2025-07-24 18:00:00+00:00,2026-07-24 18:00:00+00:00,8759.0,82.0,0.0026287815598640255,0.6707317073170732,1.662492082914501,0.09641414946623472,False,8759.0,-0.000588822943954376,0.0032176045038184017,cross_USO_state_ext=stretched_down + cross_TLT_state_slope=downtrend,117.0,0.001006880679024229,0.0016219008808397966,0.4127448716733073
LTC/USD,1h,cross_USO_state_ext=stretched_down + cross_TLT_state_slope=downtrend + state_ext=neutral,latest_6m,ok,2026-01-24 18:00:00+00:00,2026-07-24 18:00:00+00:00,4344.0,73.0,0.002247357337179384,0.6575342465753424,1.3715465955790969,0.1702046286111647,False,4344.0,-0.0005680799341635846,0.0028154372713429686,cross_USO_state_ext=stretched_down + cross_TLT_state_slope=downtrend,96.0,0.0009088372670286411,0.001338520070150743,0.5298488622211939
CRV/USD,1d,cross_USO_state_vol=low_vol + state_ext=stretched_up,all,ok,2023-08-18 00:00:00+00:00,2026-07-18 00:00:00+00:00,1066.0,154.0,0.0026731266683271263,0.551948051948052,0.10732580942464141,0.914530509836039,False,1066.0,-0.0034415481086966953,0.006114674777023822,cross_USO_state_vol=low_vol,493.0,0.00755358933191837,-0.004880462663591243,0.44137813348021115
CRV/USD,1d,cross_USO_state_vol=low_vol + state_ext=stretched_up,calendar_2024,ok,2024-01-01 00:00:00+00:00,2024-12-31 00:00:00+00:00,366.0,80.0,-0.038566183711347145,0.425,-1.020336551688987,0.30756887382383646,False,366.0,-0.017895478617515517,-0.020670705093831628,cross_USO_state_vol=low_vol,232.0,-0.004274577065778136,-0.03429160664556901,0.8013969902433311
CRV/USD,1d,cross_USO_state_vol=low_vol + state_ext=stretched_up,calendar_2025,ok,2025-01-01 00:00:00+00:00,2025-12-31 00:00:00+00:00,365.0,54.0,0.06868336068065714,0.7407407407407407,2.711213882367902,0.006703736880008471,True,365.0,0.004549795313506514,0.06413356536715063,cross_USO_state_vol=low_vol,200.0,0.02056234427274128,0.048121016407915856,0.07869294929182358
CRV/USD,1d,cross_USO_state_vol=low_vol + state_ext=stretched_up,calendar_2026_ytd,ok,2026-01-01 00:00:00+00:00,2026-07-18 00:00:00+00:00,199.0,5.0,0.004515769341276661,0.6,0.14686546670474715,0.8832382098751772,False,199.0,0.013277055994760112,-0.008761286653483451,state_ext=stretched_up,73.0,0.023842625246102235,-0.019326855904825573,0.0817932559915735
CRV/USD,1d,cross_USO_state_vol=low_vol + state_ext=stretched_up,latest_12m,ok,2025-07-18 00:00:00+00:00,2026-07-18 00:00:00+00:00,366.0,35.0,0.0763423514729149,0.7714285714285715,2.907736540056889,0.003640549030505369,True,366.0,0.016386681983368043,0.059955669489546864,state_ext=stretched_up,109.0,0.04100863104535837,0.03533372042755654,0.005002593494686902
CRV/USD,1d,cross_USO_state_vol=low_vol + state_ext=stretched_up,latest_6m,ok,2026-01-18 00:00:00+00:00,2026-07-18 00:00:00+00:00,182.0,0.0,,,,,False,182.0,0.01210382280821652,,state_ext=stretched_up,58.0,0.020142705014863548,,0.19479124484491628
AAVE/USD,1d,cross_TLT_state_vol=high_vol + state_ext=stretched_up,all,ok,2021-07-15 00:00:00+00:00,2026-07-18 00:00:00+00:00,1830.0,137.0,0.03392041534996974,0.583941605839416,2.1403870945882897,0.03232349660781786,True,1830.0,0.0034038282031588814,0.03051658714681086,cross_TLT_state_vol=high_vol,276.0,0.031110119130904952,0.002810296219064791,0.014236303101940795
AAVE/USD,1d,cross_TLT_state_vol=high_vol + state_ext=stretched_up,calendar_2024,ok,2024-01-01 00:00:00+00:00,2024-12-31 00:00:00+00:00,366.0,3.0,0.2702209160865751,1.0,10.01598815323899,0.0,False,366.0,0.022360187861961187,0.2478607282246139,cross_TLT_state_vol=high_vol,3.0,0.2702209160865751,0.0,0.0
AAVE/USD,1d,cross_TLT_state_vol=high_vol + state_ext=stretched_up,calendar_2025,ok,2025-01-01 00:00:00+00:00,2025-12-31 00:00:00+00:00,365.0,15.0,0.07666284491436315,0.6666666666666666,2.3517183402792217,0.018686918895722382,True,365.0,-0.00524263078817875,0.0819054757025419,cross_TLT_state_vol=high_vol,26.0,0.07491595404254804,0.0017468908718151072,0.004567903599204559
AAVE/USD,1d,cross_TLT_state_vol=high_vol + state_ext=stretched_up,calendar_2026_ytd,ok,2026-01-01 00:00:00+00:00,2026-07-18 00:00:00+00:00,199.0,0.0,,,,,False,199.0,-0.009719355333214733,,state_ext=stretched_up,69.0,-0.014851313458231995,,0.43651191331447303
AAVE/USD,1d,cross_TLT_state_vol=high_vol + state_ext=stretched_up,latest_12m,ok,2025-07-18 00:00:00+00:00,2026-07-18 00:00:00+00:00,366.0,0.0,,,,,False,366.0,-0.012662824996133373,,state_ext=stretched_up,111.0,-0.022573477668756243,,0.1106920354741947
AAVE/USD,1d,cross_TLT_state_vol=high_vol + state_ext=stretched_up,latest_6m,ok,2026-01-18 00:00:00+00:00,2026-07-18 00:00:00+00:00,182.0,0.0,,,,,False,182.0,-0.010551582849706248,,state_ext=stretched_up,55.0,-0.014629540069527389,,0.5216973348136975
BCH/USD,1d,cross_USO_state_ext=stretched_down + state_ext=neutral,all,ok,2021-07-13 00:00:00+00:00,2026-07-18 00:00:00+00:00,1832.0,81.0,0.02050096904433224,0.5432098765432098,1.8587420469217284,0.06306371048208437,False,1832.0,0.0024043808129730337,0.018096588231359206,state_ext=neutral,263.0,0.008841036333845056,0.011659932710487184,0.16485790270984335
BCH/USD,1d,cross_USO_state_ext=stretched_down + state_ext=neutral,calendar_2024,ok,2024-01-01 00:00:00+00:00,2024-12-31 00:00:00+00:00,366.0,16.0,0.018720747946592405,0.5625,0.6129833800085354,0.539887329169354,False,366.0,0.014728176657587345,0.00399257128900506,state_ext=neutral,44.0,0.01435002162342832,0.004370726323164084,0.3753288725538637
BCH/USD,1d,cross_USO_state_ext=stretched_down + state_ext=neutral,calendar_2025,ok,2025-01-01 00:00:00+00:00,2025-12-31 00:00:00+00:00,365.0,14.0,0.04676127058461048,0.7857142857142857,1.5239581313248054,0.1275191704808174,False,365.0,0.0067498598096023075,0.04001141077500817,state_ext=neutral,55.0,0.02733774147458257,0.01942352911002791,0.06766997369702255
BCH/USD,1d,cross_USO_state_ext=stretched_down + state_ext=neutral,calendar_2026_ytd,ok,2026-01-01 00:00:00+00:00,2026-07-18 00:00:00+00:00,199.0,4.0,0.11379895721414804,1.0,2.3398316726161577,0.019292432875803955,False,199.0,-0.023558684953890588,0.13735764216803864,state_ext=neutral,28.0,0.0070575774328560815,0.10674137978129196,0.6046782022404951
BCH/USD,1d,cross_USO_state_ext=stretched_down + state_ext=neutral,latest_12m,ok,2025-07-18 00:00:00+00:00,2026-07-18 00:00:00+00:00,366.0,10.0,0.06171881620242475,0.9,2.1690532691714104,0.030078639932134,False,366.0,-0.00939537388144043,0.07111419008386519,state_ext=neutral,53.0,0.011508130387322972,0.05021068581510178,0.3734180072456885
BCH/USD,1d,cross_USO_state_ext=stretched_down + state_ext=neutral,latest_6m,ok,2026-01-18 00:00:00+00:00,2026-07-18 00:00:00+00:00,182.0,4.0,0.11379895721414804,1.0,2.3398316726161577,0.019292432875803955,False,182.0,-0.023933269677521015,0.13773222689166906,state_ext=neutral,25.0,0.008258063516805147,0.10554089369734289,0.5867523061231201
DOT/USD,1d,state_weekpart=weekday + state_ext=neutral,all,ok,2023-08-18 00:00:00+00:00,2026-07-18 00:00:00+00:00,1066.0,93.0,0.014506179496243736,0.6666666666666666,1.3625357185517246,0.1730288797060291,False,1066.0,0.0033786206883847474,0.011127558807858989,state_ext=neutral,129.0,0.008803635403558857,0.005702544092684879,0.3158551011662589
DOT/USD,1d,state_weekpart=weekday + state_ext=neutral,calendar_2024,ok,2024-01-01 00:00:00+00:00,2024-12-31 00:00:00+00:00,366.0,37.0,0.0039810891265897605,0.5945945945945946,0.21195195322932295,0.8321445184157867,False,366.0,-0.004460828339857393,0.008441917466447154,state_ext=neutral,42.0,0.005739816981050065,-0.0017587278544603045,0.7525057161117661
DOT/USD,1d,state_weekpart=weekday + state_ext=neutral,calendar_2025,ok,2025-01-01 00:00:00+00:00,2025-12-31 00:00:00+00:00,365.0,25.0,0.015705675206030004,0.6,0.6082027217481404,0.5430530296804306,False,365.0,0.012580249761879448,0.003125425444150556,state_weekpart=weekday,261.0,0.011054552954224698,0.004651122251805306,0.24531222667119357
DOT/USD,1d,state_weekpart=weekday + state_ext=neutral,calendar_2026_ytd,ok,2026-01-01 00:00:00+00:00,2026-07-18 00:00:00+00:00,199.0,17.0,0.03597090189619804,0.8823529411764706,2.676576181314534,0.007437865447643244,True,199.0,0.020207372732075967,0.015763529164122072,state_weekpart=weekday,142.0,0.021828671500353888,0.014142230395844151,0.03320210648171784
DOT/USD,1d,state_weekpart=weekday + state_ext=neutral,latest_12m,ok,2025-07-18 00:00:00+00:00,2026-07-18 00:00:00+00:00,366.0,31.0,0.03373890653824988,0.7419354838709677,1.7203520175958573,0.085368473319678,False,366.0,0.01887266533512046,0.014866241203129422,state_weekpart=weekday,261.0,0.017707660823044428,0.016031245715205453,0.041414677240413145
DOT/USD,1d,state_weekpart=weekday + state_ext=neutral,latest_6m,ok,2026-01-18 00:00:00+00:00,2026-07-18 00:00:00+00:00,182.0,17.0,0.03597090189619804,0.8823529411764706,2.676576181314534,0.007437865447643244,True,182.0,0.02031260209561343,0.01565829980058461,state_weekpart=weekday,130.0,0.022218826287018358,0.013752075609179681,0.04294704167207741
SUSHI/USD,1d,cross_USO_state_slope=uptrend + cross_TLT_state_slope=flat + state_ext=stretched_down,all,ok,2021-07-23 00:00:00+00:00,2026-07-18 00:00:00+00:00,1822.0,121.0,0.03523815245235833,0.5537190082644629,1.948145938501996,0.05139750337408189,False,1822.0,0.002489867830105468,0.03274828462225286,cross_USO_state_slope=uptrend + cross_TLT_state_slope=flat,200.0,0.03095114031799622,0.0042870121343621115,0.028301763986537054
SUSHI/USD,1d,cross_USO_state_slope=uptrend + cross_TLT_state_slope=flat + state_ext=stretched_down,calendar_2024,ok,2024-01-01 00:00:00+00:00,2024-12-31 00:00:00+00:00,366.0,35.0,0.03175276592493611,0.37142857142857144,0.8149515188378331,0.4151000616195153,False,366.0,-0.013848739857466172,0.04560150578240228,cross_USO_state_slope=uptrend + cross_TLT_state_slope=flat,49.0,0.028814333029181936,0.0029384328957541735,0.4392578616588245
SUSHI/USD,1d,cross_USO_state_slope=uptrend + cross_TLT_state_slope=flat + state_ext=stretched_down,calendar_2025,ok,2025-01-01 00:00:00+00:00,2025-12-31 00:00:00+00:00,365.0,28.0,0.05202891050583027,0.8571428571428571,2.598763747736484,0.009356014023367276,True,365.0,0.014850030023750602,0.037178880482079665,cross_USO_state_slope=uptrend + cross_TLT_state_slope=flat,32.0,0.06320893338303372,-0.011180022877203454,0.0004966657287717169
SUSHI/USD,1d,cross_USO_state_slope=uptrend + cross_TLT_state_slope=flat + state_ext=stretched_down,calendar_2026_ytd,ok,2026-01-01 00:00:00+00:00,2026-07-18 00:00:00+00:00,199.0,36.0,0.03225571632141335,0.5833333333333334,1.162370010180256,0.24508519966610054,False,199.0,0.01316434378584555,0.0190913725355678,cross_TLT_state_slope=flat + state_ext=stretched_down,43.0,0.025145490883092095,0.0071102254383212556,0.3094125956751057
SUSHI/USD,1d,cross_USO_state_slope=uptrend + cross_TLT_state_slope=flat + state_ext=stretched_down,latest_12m,ok,2025-07-18 00:00:00+00:00,2026-07-18 00:00:00+00:00,366.0,42.0,0.023817841828116516,0.5952380952380952,0.9139638431565686,0.3607358448346307,False,366.0,0.01971434758742714,0.004103494240689377,cross_TLT_state_slope=flat,199.0,0.024488952301285137,-0.0006711104731686214,0.033717264081728926
SUSHI/USD,1d,cross_USO_state_slope=uptrend + cross_TLT_state_slope=flat + state_ext=stretched_down,latest_6m,ok,2026-01-18 00:00:00+00:00,2026-07-18 00:00:00+00:00,182.0,36.0,0.03225571632141335,0.5833333333333334,1.162370010180256,0.24508519966610054,False,182.0,0.012944148904155696,0.019311567417257654,cross_TLT_state_slope=flat + state_ext=stretched_down,43.0,0.025145490883092095,0.0071102254383212556,0.3094125956751057
AVAX/USD,1d,cross_TLT_state_slope=downtrend + state_ext=neutral,all,ok,2021-11-18 00:00:00+00:00,2026-07-18 00:00:00+00:00,1704.0,37.0,0.01297622063963409,0.5675675675675675,0.9346871750429063,0.3499495381741977,False,1704.0,0.002266710160130235,0.010709510479503855,cross_TLT_state_slope=downtrend,341.0,0.0006680204971742341,0.012308200142459856,0.9377667889507437
AVAX/USD,1d,cross_TLT_state_slope=downtrend + state_ext=neutral,calendar_2024,ok,2024-01-01 00:00:00+00:00,2024-12-31 00:00:00+00:00,366.0,5.0,-0.014302672594965987,0.2,-0.6424515494618126,0.520580038228736,False,366.0,-0.007093229194667706,-0.007209443400298281,state_ext=neutral,31.0,-0.002644995655747919,-0.011657676939218068,0.8685123300303881
AVAX/USD,1d,cross_TLT_state_slope=downtrend + state_ext=neutral,calendar_2025,ok,2025-01-01 00:00:00+00:00,2025-12-31 00:00:00+00:00,365.0,8.0,0.04313317881066725,0.625,1.464028189631093,0.14318624623750154,False,365.0,0.009329605647915918,0.03380357316275133,cross_TLT_state_slope=downtrend,50.0,0.01763287167094935,0.0255003071397179,0.3731380541922913
AVAX/USD,1d,cross_TLT_state_slope=downtrend + state_ext=neutral,calendar_2026_ytd,ok,2026-01-01 00:00:00+00:00,2026-07-18 00:00:00+00:00,199.0,11.0,0.03531474099876395,0.7272727272727273,2.463326233496078,0.013765460207387115,False,199.0,0.016732382243115015,0.018582358755648936,cross_TLT_state_slope=downtrend,36.0,0.020276795252157018,0.015037945746606933,0.02781547945761842
AVAX/USD,1d,cross_TLT_state_slope=downtrend + state_ext=neutral,latest_12m,ok,2025-07-18 00:00:00+00:00,2026-07-18 00:00:00+00:00,366.0,11.0,0.03531474099876395,0.7272727272727273,2.463326233496078,0.013765460207387115,False,366.0,0.01472794861861402,0.020586792380149932,cross_TLT_state_slope=downtrend,46.0,0.026228955038269646,0.009085785960494305,0.007033735301123389
AVAX/USD,1d,cross_TLT_state_slope=downtrend + state_ext=neutral,latest_6m,ok,2026-01-18 00:00:00+00:00,2026-07-18 00:00:00+00:00,182.0,11.0,0.03531474099876395,0.7272727272727273,2.463326233496078,0.013765460207387115,False,182.0,0.015379529402008409,0.019935211596755542,cross_TLT_state_slope=downtrend,36.0,0.020276795252157018,0.015037945746606933,0.02781547945761842
SOL/USD,1d,cross_USO_state_slope=downtrend + cross_TLT_state_slope=uptrend + state_ext=stretched_down,all,ok,2021-07-13 00:00:00+00:00,2026-07-18 00:00:00+00:00,1414.0,99.0,0.006394233613944177,0.5151515151515151,0.4143393447544602,0.6786256033281075,False,1414.0,0.02635543787870287,-0.019961204264758694,cross_TLT_state_slope=uptrend,426.0,0.06345827982948575,-0.05706404621554157,0.25169270922118736
SOL/USD,1d,cross_USO_state_slope=downtrend + cross_TLT_state_slope=uptrend + state_ext=stretched_down,calendar_2024,ok,2024-08-26 00:00:00+00:00,2024-12-31 00:00:00+00:00,128.0,3.0,0.10218389889879655,1.0,6.237933484786122,4.43389103210734e-10,False,128.0,0.01777604305672445,0.0844078558420721,cross_USO_state_slope=downtrend + state_ext=stretched_down,5.0,0.16141477561857373,-0.059230876719777184,1.0639356062824845e-10
SOL/USD,1d,cross_USO_state_slope=downtrend + cross_TLT_state_slope=uptrend + state_ext=stretched_down,calendar_2025,ok,2025-01-01 00:00:00+00:00,2025-12-31 00:00:00+00:00,365.0,52.0,-0.029680905539478233,0.4230769230769231,-1.6691218945091653,0.09509322502881679,False,365.0,-0.002366645914358717,-0.027314259625119516,cross_USO_state_slope=downtrend,144.0,0.006028337507580889,-0.03570924304705912,0.5832220761571234
SOL/USD,1d,cross_USO_state_slope=downtrend + cross_TLT_state_slope=uptrend + state_ext=stretched_down,calendar_2026_ytd,ok,2026-01-01 00:00:00+00:00,2026-07-18 00:00:00+00:00,199.0,11.0,0.05662547265965981,0.8181818181818182,2.9881754794577344,0.002806483671636384,False,199.0,-0.010976641500550239,0.06760211416021004,cross_USO_state_slope=downtrend + cross_TLT_state_slope=uptrend,32.0,0.031778605922935896,0.024846866736723913,0.09638193444927667
SOL/USD,1d,cross_USO_state_slope=downtrend + cross_TLT_state_slope=uptrend + state_ext=stretched_down,latest_12m,ok,2025-07-18 00:00:00+00:00,2026-07-18 00:00:00+00:00,366.0,23.0,0.03229988965577304,0.7391304347826086,2.159321921963926,0.030825200562156763,True,366.0,-0.009323515606133632,0.04162340526190667,cross_TLT_state_slope=uptrend + state_ext=stretched_down,56.0,0.024045987649391958,0.00825390200638108,0.11048891420476536
SOL/USD,1d,cross_USO_state_slope=downtrend + cross_TLT_state_slope=uptrend + state_ext=stretched_down,latest_6m,ok,2026-01-18 00:00:00+00:00,2026-07-18 00:00:00+00:00,182.0,11.0,0.05662547265965981,0.8181818181818182,2.9881754794577344,0.002806483671636384,False,182.0,-0.011792027953118147,0.06841750061277796,cross_USO_state_slope=downtrend + cross_TLT_state_slope=uptrend,32.0,0.031778605922935896,0.024846866736723913,0.09638193444927667
AVAX/USD,1d,cross_USO_state_slope=uptrend + cross_TLT_state_ext=neutral + state_ext=stretched_up,all,ok,2021-11-18 00:00:00+00:00,2026-07-18 00:00:00+00:00,1704.0,74.0,0.01740846011355264,0.6756756756756757,1.5578246503848272,0.11927482087790642,False,1704.0,0.002266710160130235,0.015141749953422405,cross_USO_state_slope=uptrend + state_ext=stretched_up,103.0,0.02447740340866147,-0.007068943295108831,0.03202708423819689
AVAX/USD,1d,cross_USO_state_slope=uptrend + cross_TLT_state_ext=neutral + state_ext=stretched_up,calendar_2024,ok,2024-01-01 00:00:00+00:00,2024-12-31 00:00:00+00:00,366.0,23.0,0.004106035448751574,0.6086956521739131,0.23883130895868,0.811236391602359,False,366.0,-0.007093229194667706,0.01119926464341928,cross_USO_state_slope=uptrend + cross_TLT_state_ext=neutral,45.0,0.01286504657386924,-0.008759011125117667,0.4254818284425492
AVAX/USD,1d,cross_USO_state_slope=uptrend + cross_TLT_state_ext=neutral + state_ext=stretched_up,calendar_2025,ok,2025-01-01 00:00:00+00:00,2025-12-31 00:00:00+00:00,365.0,4.0,0.10021135226140074,1.0,12.651675167392943,0.0,False,365.0,0.009329605647915918,0.09088174661348482,cross_USO_state_slope=uptrend + state_ext=stretched_up,9.0,0.11566744980697224,-0.015456097545571507,0.0
AVAX/USD,1d,cross_USO_state_slope=uptrend + cross_TLT_state_ext=neutral + state_ext=stretched_up,calendar_2026_ytd,ok,2026-01-01 00:00:00+00:00,2026-07-18 00:00:00+00:00,199.0,26.0,0.028525436532744898,0.7307692307692307,2.3389391634035737,0.019338582257568016,True,199.0,0.016732382243115015,0.011793054289629883,cross_TLT_state_ext=neutral,146.0,0.024740550651719997,0.0037848858810249006,0.012879022478840207
AVAX/USD,1d,cross_USO_state_slope=uptrend + cross_TLT_state_ext=neutral + state_ext=stretched_up,latest_12m,ok,2025-07-18 00:00:00+00:00,2026-07-18 00:00:00+00:00,366.0,26.0,0.028525436532744898,0.7307692307692307,2.3389391634035737,0.019338582257568016,True,366.0,0.01472794861861402,0.013797487914130878,cross_TLT_state_ext=neutral + state_ext=stretched_up,80.0,0.032300156957581025,-0.003774720424836127,0.00011542813763032456
AVAX/USD,1d,cross_USO_state_slope=uptrend + cross_TLT_state_ext=neutral + state_ext=stretched_up,latest_6m,ok,2026-01-18 00:00:00+00:00,2026-07-18 00:00:00+00:00,182.0,24.0,0.02056472225880039,0.7083333333333334,1.940857038414964,0.05227562026536203,False,182.0,0.015379529402008409,0.005185192856791983,cross_TLT_state_ext=neutral,129.0,0.02388721457315319,-0.003322492314352797,0.0259809380449203
SOL/USD,1d,cross_TLT_state_slope=uptrend + state_slope=downtrend,all,ok,2021-07-13 00:00:00+00:00,2026-07-18 00:00:00+00:00,1414.0,139.0,0.0034958593025788054,0.539568345323741,0.2717299400483013,0.7858296783512038,False,1414.0,0.02635543787870287,-0.022859578576124064,cross_TLT_state_slope=uptrend,426.0,0.06345827982948575,-0.059962420526906944,0.25169270922118736
SOL/USD,1d,cross_TLT_state_slope=uptrend + state_slope=downtrend,calendar_2024,ok,2024-08-26 00:00:00+00:00,2024-12-31 00:00:00+00:00,128.0,2.0,-0.0009010721083031678,0.5,-0.0374526605361362,0.9701240850603026,False,128.0,0.01777604305672445,-0.018677115165027618,state_slope=downtrend,16.0,0.031173020729777106,-0.03207409283808027,0.17115562170907284
SOL/USD,1d,cross_TLT_state_slope=uptrend + state_slope=downtrend,calendar_2025,ok,2025-01-01 00:00:00+00:00,2025-12-31 00:00:00+00:00,365.0,72.0,-0.0038081479445257146,0.5555555555555556,-0.213394421137217,0.831019331584752,False,365.0,-0.002366645914358717,-0.0014415020301669977,state_slope=downtrend,125.0,0.00028001578596179716,-0.004088163730487511,0.9841440540734743
SOL/USD,1d,cross_TLT_state_slope=uptrend + state_slope=downtrend,calendar_2026_ytd,ok,2026-01-01 00:00:00+00:00,2026-07-18 00:00:00+00:00,199.0,22.0,0.014286342857075907,0.45454545454545453,0.8207747776247825,0.41177456790389133,False,199.0,-0.010976641500550239,0.025262984357626146,cross_TLT_state_slope=uptrend,60.0,0.01819696360009631,-0.003910620743020402,0.13187657038400213
SOL/USD,1d,cross_TLT_state_slope=uptrend + state_slope=downtrend,latest_12m,ok,2025-07-18 00:00:00+00:00,2026-07-18 00:00:00+00:00,366.0,42.0,0.03015028255960796,0.6428571428571429,2.104537922745548,0.035331550197113426,True,366.0,-0.009323515606133632,0.03947379816574159,cross_TLT_state_slope=uptrend,121.0,0.009484840947998138,0.020665441611609825,0.4356462748633947
SOL/USD,1d,cross_TLT_state_slope=uptrend + state_slope=downtrend,latest_6m,ok,2026-01-18 00:00:00+00:00,2026-07-18 00:00:00+00:00,182.0,22.0,0.014286342857075907,0.45454545454545453,0.8207747776247825,0.41177456790389133,False,182.0,-0.011792027953118147,0.026078370810194054,cross_TLT_state_slope=uptrend,60.0,0.01819696360009631,-0.003910620743020402,0.13187657038400213
LTC/USD,1d,cross_USO_state_slope=uptrend + cross_TLT_state_ext=neutral + state_ext=stretched_up,all,ok,2021-07-13 00:00:00+00:00,2026-07-18 00:00:00+00:00,1832.0,70.0,0.0013811556895027962,0.5857142857142857,0.11691184896456841,0.9069299084324798,False,1832.0,-0.0011226563144548438,0.00250381200395764,cross_USO_state_slope=uptrend + state_ext=stretched_up,104.0,0.013219602099757364,-0.011838446410254569,0.22348874683736852
LTC/USD,1d,cross_USO_state_slope=uptrend + cross_TLT_state_ext=neutral + state_ext=stretched_up,calendar_2024,ok,2024-01-01 00:00:00+00:00,2024-12-31 00:00:00+00:00,366.0,17.0,-0.036821979983184955,0.35294117647058826,-1.3374844704656,0.18106454806364658,False,366.0,-0.010215911990831463,-0.02660606799235349,cross_USO_state_slope=uptrend + state_ext=stretched_up,26.0,-0.0005031880795877317,-0.03631879190359722,0.9853757512820807
LTC/USD,1d,cross_USO_state_slope=uptrend + cross_TLT_state_ext=neutral + state_ext=stretched_up,calendar_2025,ok,2025-01-01 00:00:00+00:00,2025-12-31 00:00:00+00:00,365.0,18.0,0.026141101565243085,0.7222222222222222,1.5605185850259204,0.11863738154457204,False,365.0,0.00030214604676089403,0.02583895551848219,cross_USO_state_slope=uptrend + state_ext=stretched_up,23.0,0.03815369230065926,-0.012012590735416172,0.009516745395981019
LTC/USD,1d,cross_USO_state_slope=uptrend + cross_TLT_state_ext=neutral + state_ext=stretched_up,calendar_2026_ytd,ok,2026-01-01 00:00:00+00:00,2026-07-18 00:00:00+00:00,199.0,19.0,0.0207599789436134,0.7368421052631579,2.0211968727626255,0.04325938931490114,True,199.0,0.012341371924605118,0.008418607019008283,cross_USO_state_slope=uptrend + state_ext=stretched_up,25.0,0.020036410288517232,0.0007235686550961691,0.008316591793425143
LTC/USD,1d,cross_USO_state_slope=uptrend + cross_TLT_state_ext=neutral + state_ext=stretched_up,latest_12m,ok,2025-07-18 00:00:00+00:00,2026-07-18 00:00:00+00:00,366.0,24.0,0.029618842180790222,0.7916666666666666,2.8210609411077563,0.004786510905537611,True,366.0,0.009742205817121548,0.019876636363668675,cross_TLT_state_ext=neutral + state_ext=stretched_up,85.0,0.03438506426434125,-0.004766222083551028,0.0003878916145945155
LTC/USD,1d,cross_USO_state_slope=uptrend + cross_TLT_state_ext=neutral + state_ext=stretched_up,latest_6m,ok,2026-01-18 00:00:00+00:00,2026-07-18 00:00:00+00:00,182.0,19.0,0.0207599789436134,0.7368421052631579,2.0211968727626255,0.04325938931490114,True,182.0,0.009112122461187604,0.011647856482425797,cross_USO_state_slope=uptrend + state_ext=stretched_up,25.0,0.020036410288517232,0.0007235686550961691,0.008316591793425143
ETH/USD,1h,cross_USO_state_slope=flat + cross_TLT_state_slope=flat + state_ext=stretched_up,all,ok,2025-07-11 10:00:00+00:00,2026-07-24 18:00:00+00:00,9079.0,75.0,0.0016341190387331444,0.6533333333333333,0.7114765084264659,0.4767890030264854,False,9079.0,-5.301672281620602e-05,0.0016871357615493505,cross_USO_state_slope=flat + cross_TLT_state_slope=flat,802.0,0.001660894270867536,-2.677523213439172e-05,0.09297143846465672
ETH/USD,1h,cross_USO_state_slope=flat + cross_TLT_state_slope=flat + state_ext=stretched_up,calendar_2024,empty_window,,,,,,,,,,,,,,,,,
ETH/USD,1h,cross_USO_state_slope=flat + cross_TLT_state_slope=flat + state_ext=stretched_up,calendar_2025,ok,2025-07-11 10:00:00+00:00,2025-12-31 23:00:00+00:00,4165.0,49.0,-0.0018468817264552131,0.5510204081632653,-0.6917477309015101,0.4890957665060012,False,4165.0,-0.00032455164186218554,-0.0015223300845930276,cross_TLT_state_slope=flat + state_ext=stretched_up,168.0,0.0014038845445337555,-0.0032507662709889687,0.3488162353137536
ETH/USD,1h,cross_USO_state_slope=flat + cross_TLT_state_slope=flat + state_ext=stretched_up,calendar_2026_ytd,ok,2026-01-01 00:00:00+00:00,2026-07-24 18:00:00+00:00,4914.0,26.0,0.00819446663466505,0.8461538461538461,3.3589652337190268,0.0007823490927414412,True,4914.0,0.0001771303951786052,0.008017336239486446,cross_USO_state_slope=flat + cross_TLT_state_slope=flat,443.0,0.0022533987452045237,0.005941067889460527,0.027051230280508154
ETH/USD,1h,cross_USO_state_slope=flat + cross_TLT_state_slope=flat + state_ext=stretched_up,latest_12m,ok,2025-07-24 18:00:00+00:00,2026-07-24 18:00:00+00:00,8759.0,75.0,0.0016341190387331444,0.6533333333333333,0.7114765084264659,0.4767890030264854,False,8759.0,8.259165138803145e-05,0.0015515273873451128,cross_USO_state_slope=flat + cross_TLT_state_slope=flat,802.0,0.001660894270867536,-2.677523213439172e-05,0.09297143846465672
ETH/USD,1h,cross_USO_state_slope=flat + cross_TLT_state_slope=flat + state_ext=stretched_up,latest_6m,ok,2026-01-24 18:00:00+00:00,2026-07-24 18:00:00+00:00,4344.0,25.0,0.008034453075863542,0.84,3.1792954155287463,0.0014763354471625245,True,4344.0,0.00022585119193734121,0.0078086018839262005,cross_TLT_state_slope=flat + state_ext=stretched_up,158.0,0.002159800112757507,0.005874652963106035,0.2034215967281936
AVAX/USD,1d,state_ext=stretched_down + state_slope=uptrend,all,ok,2021-11-18 00:00:00+00:00,2026-07-18 00:00:00+00:00,1704.0,62.0,0.020164796609210837,0.5967741935483871,1.1464840101256304,0.25159493959818846,False,1704.0,-0.0026667101601302295,0.022831506769341064,state_slope=uptrend,520.0,0.012877241499474919,0.007287555109735918,0.20047197694146557
AVAX/USD,1d,state_ext=stretched_down + state_slope=uptrend,calendar_2024,ok,2024-01-01 00:00:00+00:00,2024-12-31 00:00:00+00:00,366.0,19.0,-0.016266556938200828,0.5263157894736842,-0.6133768727651929,0.5396271744912673,False,366.0,0.006693229194667706,-0.02295978613286853,state_slope=uptrend,143.0,0.004262365109851202,-0.02052892204805203,0.815924203181617
AVAX/USD,1d,state_ext=stretched_down + state_slope=uptrend,calendar_2025,ok,2025-01-01 00:00:00+00:00,2025-12-31 00:00:00+00:00,365.0,12.0,0.06311944736696572,0.6666666666666666,2.121865566780657,0.03384902871468243,False,365.0,-0.00972960564791592,0.07284905301488163,state_slope=uptrend,88.0,0.002568366503238988,0.06055108086372673,0.8730003861980113
AVAX/USD,1d,state_ext=stretched_down + state_slope=uptrend,calendar_2026_ytd,ok,2026-01-01 00:00:00+00:00,2026-07-18 00:00:00+00:00,199.0,5.0,0.010461681820333048,0.6,2.5545350703319927,0.010632971767036814,False,199.0,-0.017132382243115012,0.02759406406344806,state_ext=stretched_down,101.0,-0.02244779873454161,0.03290948055487466,0.0987277429878124
AVAX/USD,1d,state_ext=stretched_down + state_slope=uptrend,latest_12m,ok,2025-07-18 00:00:00+00:00,2026-07-18 00:00:00+00:00,366.0,12.0,0.03913421438109891,0.75,3.0556073234870524,0.00224605202203354,False,366.0,-0.015127948618614022,0.05426216299971293,state_slope=uptrend,87.0,-0.01669500618663351,0.055829220567732415,0.16275069444772194
AVAX/USD,1d,state_ext=stretched_down + state_slope=uptrend,latest_6m,ok,2026-01-18 00:00:00+00:00,2026-07-18 00:00:00+00:00,182.0,5.0,0.010461681820333048,0.6,2.5545350703319927,0.010632971767036814,False,182.0,-0.015779529402008413,0.02624121122234146,state_slope=uptrend,33.0,-0.022328113566907153,0.0327897953872402,0.007574359728677038
ETH/USD,1d,cross_USO_state_slope=uptrend + cross_TLT_state_slope=flat + state_ext=stretched_down,all,ok,2021-07-13 00:00:00+00:00,2026-07-18 00:00:00+00:00,1832.0,112.0,0.03153192849024132,0.5267857142857143,1.86674736737388,0.06193687561791528,False,1832.0,-0.0034974734376106583,0.03502940192785198,cross_USO_state_slope=uptrend + cross_TLT_state_slope=flat,200.0,0.024425010048431096,0.007106918441810224,0.0275455864214047
ETH/USD,1d,cross_USO_state_slope=uptrend + cross_TLT_state_slope=flat + state_ext=stretched_down,calendar_2024,ok,2024-01-01 00:00:00+00:00,2024-12-31 00:00:00+00:00,366.0,33.0,-0.025759388350327404,0.21212121212121213,-1.9689528430708167,0.0489585065293614,False,366.0,-0.009215561770698898,-0.016543826579628506,cross_USO_state_slope=uptrend + cross_TLT_state_slope=flat,49.0,-0.01110498306593135,-0.014654405284396054,0.5528673881413861
ETH/USD,1d,cross_USO_state_slope=uptrend + cross_TLT_state_slope=flat + state_ext=stretched_down,calendar_2025,ok,2025-01-01 00:00:00+00:00,2025-12-31 00:00:00+00:00,365.0,22.0,0.0466255660536628,0.6818181818181818,2.5056367052953687,0.012223113734021851,True,365.0,-0.002051161338220393,0.04867672739188319,cross_USO_state_slope=uptrend + cross_TLT_state_slope=flat,32.0,0.04465844083308093,0.0019671252205818654,0.0005163868380937409
ETH/USD,1d,cross_USO_state_slope=uptrend + cross_TLT_state_slope=flat + state_ext=stretched_down,calendar_2026_ytd,ok,2026-01-01 00:00:00+00:00,2026-07-18 00:00:00+00:00,199.0,34.0,0.04751363269716474,0.7058823529411765,1.7127075610893712,0.08676635341785222,False,199.0,0.009631165845100863,0.03788246685206388,cross_TLT_state_slope=flat + state_ext=stretched_down,44.0,0.05932221018415665,-0.011808577486991906,0.011133006222567188
ETH/USD,1d,cross_USO_state_slope=uptrend + cross_TLT_state_slope=flat + state_ext=stretched_down,latest_12m,ok,2025-07-18 00:00:00+00:00,2026-07-18 00:00:00+00:00,366.0,42.0,0.04877864394802059,0.7142857142857143,2.095965362051951,0.036085263737347884,True,366.0,0.006171485886224338,0.042607158061796255,cross_USO_state_slope=uptrend + state_ext=stretched_down,67.0,0.026983775821272905,0.021794868126747684,0.10821446543711266
ETH/USD,1d,cross_USO_state_slope=uptrend + cross_TLT_state_slope=flat + state_ext=stretched_down,latest_6m,ok,2026-01-18 00:00:00+00:00,2026-07-18 00:00:00+00:00,182.0,34.0,0.04751363269716474,0.7058823529411765,1.7127075610893712,0.08676635341785222,False,182.0,0.010241353560863056,0.037272279136301684,cross_TLT_state_slope=flat + state_ext=stretched_down,44.0,0.05932221018415665,-0.011808577486991906,0.011133006222567188
LINK/USD,1d,cross_USO_state_slope=uptrend + cross_TLT_state_slope=flat + state_ext=stretched_down,all,ok,2021-07-13 00:00:00+00:00,2026-07-18 00:00:00+00:00,1832.0,90.0,0.0324010619233034,0.6444444444444445,2.1638034158528585,0.030479439881329506,True,1832.0,-0.00351857451094862,0.03591963643425202,cross_USO_state_slope=uptrend + cross_TLT_state_slope=flat,200.0,0.02180595277667374,0.010595109146629662,0.05833964811349901
LINK/USD,1d,cross_USO_state_slope=uptrend + cross_TLT_state_slope=flat + state_ext=stretched_down,calendar_2024,ok,2024-01-01 00:00:00+00:00,2024-12-31 00:00:00+00:00,366.0,28.0,0.02167475304814134,0.5,0.666190633986549,0.5052892587273763,False,366.0,-0.011834333293090854,0.033509086341232196,cross_USO_state_slope=uptrend + cross_TLT_state_slope=flat,49.0,0.018288761033069693,0.003385992015071646,0.3862024490466629
LINK/USD,1d,cross_USO_state_slope=uptrend + cross_TLT_state_slope=flat + state_ext=stretched_down,calendar_2025,ok,2025-01-01 00:00:00+00:00,2025-12-31 00:00:00+00:00,365.0,18.0,0.06104458929742448,0.8888888888888888,3.1951381682231546,0.0013976391255579035,True,365.0,0.002476009289937611,0.05856858000748687,cross_USO_state_slope=uptrend + cross_TLT_state_slope=flat,32.0,0.05380400612873397,0.007240583168690508,0.00032483858650089736
LINK/USD,1d,cross_USO_state_slope=uptrend + cross_TLT_state_slope=flat + state_ext=stretched_down,calendar_2026_ytd,ok,2026-01-01 00:00:00+00:00,2026-07-18 00:00:00+00:00,199.0,33.0,0.03225770390903639,0.6363636363636364,1.202578410126613,0.2291395065576316,False,199.0,0.008722157942409025,0.023535545966627366,cross_TLT_state_slope=flat + state_ext=stretched_down,43.0,0.04329706153078127,-0.011039357621744877,0.054036790072546914
LINK/USD,1d,cross_USO_state_slope=uptrend + cross_TLT_state_slope=flat + state_ext=stretched_down,latest_12m,ok,2025-07-18 00:00:00+00:00,2026-07-18 00:00:00+00:00,366.0,41.0,0.03747208177434533,0.6585365853658537,1.6153862846659455,0.1062270685112896,False,366.0,0.007565101320617946,0.02990698045372738,cross_USO_state_slope=uptrend + state_ext=stretched_down,63.0,0.02323920021025194,0.01423288156409339,0.1502256299315856
LINK/USD,1d,cross_USO_state_slope=uptrend + cross_TLT_state_slope=flat + state_ext=stretched_down,latest_6m,ok,2026-01-18 00:00:00+00:00,2026-07-18 00:00:00+00:00,182.0,33.0,0.03225770390903639,0.6363636363636364,1.202578410126613,0.2291395065576316,False,182.0,0.008303168004264385,0.023954535904772006,cross_TLT_state_slope=flat + state_ext=stretched_down,43.0,0.04329706153078127,-0.011039357621744877,0.054036790072546914
CRV/USD,1d,state_ret_day=ret_day_flat + state_ext=stretched_up,all,ok,2023-08-18 00:00:00+00:00,2026-07-18 00:00:00+00:00,1066.0,84.0,0.008780016777047674,0.5476190476190477,0.49070593324167433,0.6236344494355412,False,1066.0,-0.0034415481086966953,0.01222156488574437,state_ret_day=ret_day_flat,270.0,0.006384655601551096,0.0023953611754965786,0.43837702649287147
CRV/USD,1d,state_ret_day=ret_day_flat + state_ext=stretched_up,calendar_2024,ok,2024-01-01 00:00:00+00:00,2024-12-31 00:00:00+00:00,366.0,22.0,-0.027983080750589365,0.4090909090909091,-0.5119226661285455,0.608705134149794,False,366.0,-0.017895478617515517,-0.010087602133073848,state_ret_day=ret_day_flat,82.0,-0.002893682558659909,-0.025089398191929457,0.8628670111273089
CRV/USD,1d,state_ret_day=ret_day_flat + state_ext=stretched_up,calendar_2025,ok,2025-01-01 00:00:00+00:00,2025-12-31 00:00:00+00:00,365.0,32.0,0.016729123866771115,0.5625,0.611588775057967,0.5408098665913306,False,365.0,0.004549795313506514,0.0121793285532646,state_ret_day=ret_day_flat,112.0,0.00827104502993078,0.008458078836840336,0.5681326645685292
CRV/USD,1d,state_ret_day=ret_day_flat + state_ext=stretched_up,calendar_2026_ytd,ok,2026-01-01 00:00:00+00:00,2026-07-18 00:00:00+00:00,199.0,30.0,0.02726057406827648,0.6333333333333333,1.7064893236953607,0.0879170124128339,False,199.0,0.013277055994760112,0.013983518073516369,state_ext=stretched_up,73.0,0.023842625246102235,0.003417948822174246,0.0817932559915735
CRV/USD,1d,state_ret_day=ret_day_flat + state_ext=stretched_up,latest_12m,ok,2025-07-18 00:00:00+00:00,2026-07-18 00:00:00+00:00,366.0,43.0,0.03518904538978367,0.627906976744186,1.9897162409111007,0.04662220260544636,True,366.0,0.016386681983368043,0.01880236340641563,state_ext=stretched_up,109.0,0.04100863104535837,-0.005819585655574694,0.005002593494686902
CRV/USD,1d,state_ret_day=ret_day_flat + state_ext=stretched_up,latest_6m,ok,2026-01-18 00:00:00+00:00,2026-07-18 00:00:00+00:00,182.0,24.0,0.027749608906991144,0.625,1.5026305498512036,0.13293434092312717,False,182.0,0.01210382280821652,0.015645786098774622,state_ext=stretched_up,58.0,0.020142705014863548,0.007606903892127596,0.19479124484491628
LTC/USD,1d,state_ext=stretched_up + state_vol=high_vol,all,ok,2021-07-13 00:00:00+00:00,2026-07-18 00:00:00+00:00,1832.0,147.0,0.013444430662420103,0.5714285714285714,0.8786676419899233,0.3795815082019627,False,1832.0,-0.0011226563144548438,0.014567086976874947,state_ext=stretched_up,689.0,0.0025796859363716837,0.01086474472604842,0.6671600058097029
LTC/USD,1d,state_ext=stretched_up + state_vol=high_vol,calendar_2024,ok,2024-01-01 00:00:00+00:00,2024-12-31 00:00:00+00:00,366.0,49.0,-0.008834406696128753,0.4897959183673469,-0.2520234432657072,0.8010229434268088,False,366.0,-0.010215911990831463,0.00138150529470271,state_ext=stretched_up,147.0,-0.003827422530498859,-0.005006984165629894,0.7952275600100085
LTC/USD,1d,state_ext=stretched_up + state_vol=high_vol,calendar_2025,ok,2025-01-01 00:00:00+00:00,2025-12-31 00:00:00+00:00,365.0,47.0,0.04464532408724659,0.6382978723404256,3.147526367606108,0.0016465825455538319,True,365.0,0.00030214604676089403,0.044343178040485695,state_ext=stretched_up,138.0,0.015843834454148432,0.02880148963309816,0.18191974789574172
LTC/USD,1d,state_ext=stretched_up + state_vol=high_vol,calendar_2026_ytd,ok,2026-01-01 00:00:00+00:00,2026-07-18 00:00:00+00:00,199.0,0.0,,,,,False,199.0,0.012341371924605118,,state_ext=stretched_up,51.0,0.017428480403630896,,0.018294627695590204
LTC/USD,1d,state_ext=stretched_up + state_vol=high_vol,latest_12m,ok,2025-07-18 00:00:00+00:00,2026-07-18 00:00:00+00:00,366.0,8.0,0.08240295626417396,1.0,10.41035150624486,0.0,False,366.0,0.009742205817121548,0.07266075044705242,state_ext=stretched_up,107.0,0.030113672299976916,0.05228928396419705,0.0006224401516354838
LTC/USD,1d,state_ext=stretched_up + state_vol=high_vol,latest_6m,ok,2026-01-18 00:00:00+00:00,2026-07-18 00:00:00+00:00,182.0,0.0,,,,,False,182.0,0.009112122461187604,,state_ext=stretched_up,41.0,0.013507094094007235,,0.06581237147783536
SUSHI/USD,1d,state_ret_day=ret_day_up + state_ext=stretched_up,all,ok,2021-07-23 00:00:00+00:00,2026-07-18 00:00:00+00:00,1822.0,267.0,0.005063495443231925,0.5692883895131086,0.3663574949009953,0.7140983323966283,False,1822.0,0.002489867830105468,0.0025736276131264565,state_ret_day=ret_day_up,495.0,0.010789309349545037,-0.005725813906313113,0.20212688049736194
SUSHI/USD,1d,state_ret_day=ret_day_up + state_ext=stretched_up,calendar_2024,ok,2024-01-01 00:00:00+00:00,2024-12-31 00:00:00+00:00,366.0,72.0,-0.04598556141289915,0.4722222222222222,-1.478125073155672,0.13937430410858243,False,366.0,-0.013848739857466172,-0.03213682155543297,state_ret_day=ret_day_up,120.0,-0.019117755988623544,-0.026867805424275602,0.38373562044462695
SUSHI/USD,1d,state_ret_day=ret_day_up + state_ext=stretched_up,calendar_2025,ok,2025-01-01 00:00:00+00:00,2025-12-31 00:00:00+00:00,365.0,47.0,0.05746134304761104,0.723404255319149,2.041753596553419,0.04117597933099493,True,365.0,0.014850030023750602,0.04261131302386044,state_ext=stretched_up,88.0,0.04505184419797911,0.012409498849631925,0.06456281520520069
SUSHI/USD,1d,state_ret_day=ret_day_up + state_ext=stretched_up,calendar_2026_ytd,ok,2026-01-01 00:00:00+00:00,2026-07-18 00:00:00+00:00,199.0,29.0,0.030418671852332407,0.6206896551724138,1.5813391765707814,0.11380050650330409,False,199.0,0.01316434378584555,0.017254328066486857,state_ret_day=ret_day_up,57.0,0.03021118450044883,0.0002074873518835771,0.03922497923438262
SUSHI/USD,1d,state_ret_day=ret_day_up + state_ext=stretched_up,latest_12m,ok,2025-07-18 00:00:00+00:00,2026-07-18 00:00:00+00:00,366.0,44.0,0.06026116152636003,0.7272727272727273,3.5195409459127713,0.0004322943028278736,True,366.0,0.01971434758742714,0.04054681393893289,state_ext=stretched_up,88.0,0.049193247491649814,0.011067914034710219,0.0002361938188033541
SUSHI/USD,1d,state_ret_day=ret_day_up + state_ext=stretched_up,latest_6m,ok,2026-01-18 00:00:00+00:00,2026-07-18 00:00:00+00:00,182.0,22.0,0.026713638794816367,0.5909090909090909,1.146745439128952,0.25148684478588357,False,182.0,0.012944148904155696,0.013769489890660671,state_ret_day=ret_day_up,50.0,0.028551921725878074,-0.001838282931061707,0.06039793306203434
BCH/USD,1d,state_ret_day=ret_day_down + state_ext=neutral,all,ok,2021-07-13 00:00:00+00:00,2026-07-18 00:00:00+00:00,1832.0,61.0,0.009888464446325403,0.4918032786885246,0.8313497614112175,0.40577607099573143,False,1832.0,0.0024043808129730337,0.0074840836333523696,state_ext=neutral,263.0,0.008841036333845056,0.0010474281124803475,0.16485790270984335
BCH/USD,1d,state_ret_day=ret_day_down + state_ext=neutral,calendar_2024,ok,2024-01-01 00:00:00+00:00,2024-12-31 00:00:00+00:00,366.0,13.0,0.01839254611975256,0.5384615384615384,1.605303965158538,0.1084269269907896,False,366.0,0.014728176657587345,0.0036643694621652165,state_ext=neutral,44.0,0.01435002162342832,0.004042524496324241,0.3753288725538637
BCH/USD,1d,state_ret_day=ret_day_down + state_ext=neutral,calendar_2025,ok,2025-01-01 00:00:00+00:00,2025-12-31 00:00:00+00:00,365.0,18.0,0.057336483399593755,0.7222222222222222,2.7134084130504825,0.006659497403129322,True,365.0,0.0067498598096023075,0.05058662358999145,state_ext=neutral,55.0,0.02733774147458257,0.029998741925011185,0.06766997369702255
BCH/USD,1d,state_ret_day=ret_day_down + state_ext=neutral,calendar_2026_ytd,ok,2026-01-01 00:00:00+00:00,2026-07-18 00:00:00+00:00,199.0,10.0,-0.0031825458224912445,0.4,-0.2793879231770114,0.7799471381423213,False,199.0,-0.023558684953890588,0.020376139131399344,state_ext=neutral,28.0,0.0070575774328560815,-0.010240123255347327,0.6046782022404951
BCH/USD,1d,state_ret_day=ret_day_down + state_ext=neutral,latest_12m,ok,2025-07-18 00:00:00+00:00,2026-07-18 00:00:00+00:00,366.0,21.0,0.023402683015840225,0.5714285714285714,1.3781183342207837,0.1681667557946107,False,366.0,-0.00939537388144043,0.03279805689728066,state_ext=neutral,53.0,0.011508130387322972,0.011894552628517253,0.3734180072456885
BCH/USD,1d,state_ret_day=ret_day_down + state_ext=neutral,latest_6m,ok,2026-01-18 00:00:00+00:00,2026-07-18 00:00:00+00:00,182.0,9.0,0.0013774574031957152,0.4444444444444444,0.1067051628320622,0.915022886647453,False,182.0,-0.023933269677521015,0.02531072708071673,state_ext=neutral,25.0,0.008258063516805147,-0.006880606113609432,0.5867523061231201
ETH/USD,1d,cross_USO_state_slope=flat + cross_TLT_state_slope=flat + state_ext=stretched_down,all,ok,2021-07-13 00:00:00+00:00,2026-07-18 00:00:00+00:00,1832.0,54.0,0.018782312376859973,0.5555555555555556,1.6543905141167876,0.09804819258695519,False,1832.0,0.0030974734376106594,0.015684838939249313,cross_USO_state_slope=flat + cross_TLT_state_slope=flat,240.0,0.010357189646599532,0.00842512273026044,0.23997424336139872
ETH/USD,1d,cross_USO_state_slope=flat + cross_TLT_state_slope=flat + state_ext=stretched_down,calendar_2024,ok,2024-01-01 00:00:00+00:00,2024-12-31 00:00:00+00:00,366.0,6.0,0.024038638236487542,0.6666666666666666,1.1289602224551472,0.25891461410471606,False,366.0,0.0088155617706989,0.015223076465788642,cross_TLT_state_slope=flat + state_ext=stretched_down,43.0,0.028545850563290728,-0.004507212326803185,0.023759255414439462
ETH/USD,1d,cross_USO_state_slope=flat + cross_TLT_state_slope=flat + state_ext=stretched_down,calendar_2025,ok,2025-01-01 00:00:00+00:00,2025-12-31 00:00:00+00:00,365.0,19.0,0.038149431734081564,0.7368421052631579,2.4865820597951065,0.012897682052699366,True,365.0,0.0016511613382203985,0.03649827039586116,cross_USO_state_slope=flat + state_ext=stretched_down,52.0,0.009788739216031489,0.028360692518050075,0.586744911788295
ETH/USD,1d,cross_USO_state_slope=flat + cross_TLT_state_slope=flat + state_ext=stretched_down,calendar_2026_ytd,ok,2026-01-01 00:00:00+00:00,2026-07-18 00:00:00+00:00,199.0,1.0,-0.032261870607838715,0.0,,,False,199.0,-0.01003116584510086,-0.022230704762737856,cross_USO_state_slope=flat + cross_TLT_state_slope=flat,20.0,0.006132546760723665,-0.03839441736856238,0.659657345584034
ETH/USD,1d,cross_USO_state_slope=flat + cross_TLT_state_slope=flat + state_ext=stretched_down,latest_12m,ok,2025-07-18 00:00:00+00:00,2026-07-18 00:00:00+00:00,366.0,17.0,0.022426632965146607,0.6470588235294118,1.7556739528750909,0.07914409679307144,False,366.0,-0.006571485886224337,0.028998118851370942,cross_USO_state_slope=flat + state_ext=stretched_down,47.0,0.0075387846909745196,0.014887848274172086,0.6688934680738587
ETH/USD,1d,cross_USO_state_slope=flat + cross_TLT_state_slope=flat + state_ext=stretched_down,latest_6m,ok,2026-01-18 00:00:00+00:00,2026-07-18 00:00:00+00:00,182.0,1.0,-0.032261870607838715,0.0,,,False,182.0,-0.010641353560863057,-0.02162051704697566,cross_USO_state_slope=flat + cross_TLT_state_slope=flat,9.0,-0.01446802628657152,-0.017793844321267197,0.010432074115947376
BTC/USD,1d,cross_USO_state_slope=uptrend + cross_TLT_state_slope=flat + state_ext=stretched_down,all,ok,2021-07-13 00:00:00+00:00,2026-07-18 00:00:00+00:00,1832.0,88.0,0.02149869712207811,0.5909090909090909,1.5723653647873557,0.11586584188775095,False,1832.0,-0.0040437518002276775,0.025542448922305786,cross_USO_state_slope=uptrend + cross_TLT_state_slope=flat,200.0,0.013200690998865087,0.008298006123213022,0.1405759485297886
BTC/USD,1d,cross_USO_state_slope=uptrend + cross_TLT_state_slope=flat + state_ext=stretched_down,calendar_2024,ok,2024-01-01 00:00:00+00:00,2024-12-31 00:00:00+00:00,366.0,19.0,-0.024412392503032492,0.3684210526315789,-1.0806421139042515,0.2798563415060138,False,366.0,-0.012917934290467198,-0.011494458212565294,state_ext=stretched_down,125.0,-0.01039884224808305,-0.014013550254949441,0.18087436737408957
BTC/USD,1d,cross_USO_state_slope=uptrend + cross_TLT_state_slope=flat + state_ext=stretched_down,calendar_2025,ok,2025-01-01 00:00:00+00:00,2025-12-31 00:00:00+00:00,365.0,15.0,0.032546269323435344,0.6,2.0165424966682535,0.04374327910450848,True,365.0,-0.0002899976605062953,0.03283626698394164,cross_USO_state_slope=uptrend + cross_TLT_state_slope=flat,32.0,0.021936091464437157,0.010610177858998187,0.020209270077887975
BTC/USD,1d,cross_USO_state_slope=uptrend + cross_TLT_state_slope=flat + state_ext=stretched_down,calendar_2026_ytd,ok,2026-01-01 00:00:00+00:00,2026-07-18 00:00:00+00:00,199.0,29.0,0.03570587533356943,0.7586206896551724,1.6592229150632347,0.09707088169327127,False,199.0,0.006706732118418719,0.028999143215150708,cross_TLT_state_slope=flat + state_ext=stretched_down,39.0,0.04808942234606904,-0.012383547012499614,0.009236316642295073
BTC/USD,1d,cross_USO_state_slope=uptrend + cross_TLT_state_slope=flat + state_ext=stretched_down,latest_12m,ok,2025-07-18 00:00:00+00:00,2026-07-18 00:00:00+00:00,366.0,37.0,0.038240890678707076,0.7567567567567568,2.162198328815089,0.03060289231366653,True,366.0,0.006723875282296531,0.031517015396410546,cross_TLT_state_slope=flat + state_ext=stretched_down,87.0,0.023330640973208132,0.014910249705498944,0.0298974530420828
BTC/USD,1d,cross_USO_state_slope=uptrend + cross_TLT_state_slope=flat + state_ext=stretched_down,latest_6m,ok,2026-01-18 00:00:00+00:00,2026-07-18 00:00:00+00:00,182.0,29.0,0.03570587533356943,0.7586206896551724,1.6592229150632347,0.09707088169327127,False,182.0,0.007369434188658112,0.028336441144911316,cross_TLT_state_slope=flat + state_ext=stretched_down,39.0,0.04808942234606904,-0.012383547012499614,0.009236316642295073
SOL/USD,1d,cross_USO_state_slope=uptrend + state_ext=stretched_up,all,ok,2021-07-13 00:00:00+00:00,2026-07-18 00:00:00+00:00,1414.0,88.0,0.02499159635353029,0.6590909090909091,2.0345589458996325,0.04189527178147401,True,1414.0,-0.02675543787870287,0.05174703423223316,cross_USO_state_slope=uptrend,274.0,0.01205330351981383,0.01293829283371646,0.24506728580080916
SOL/USD,1d,cross_USO_state_slope=uptrend + state_ext=stretched_up,calendar_2024,ok,2024-08-26 00:00:00+00:00,2024-12-31 00:00:00+00:00,128.0,4.0,-0.07136349512300608,0.0,-4.076568586669981,4.570517838065058e-05,False,128.0,-0.01817604305672444,-0.053187452066281636,state_ext=stretched_up,73.0,-0.0101294916724317,-0.06123400345057438,0.4649001618872677
SOL/USD,1d,cross_USO_state_slope=uptrend + state_ext=stretched_up,calendar_2025,ok,2025-01-01 00:00:00+00:00,2025-12-31 00:00:00+00:00,365.0,28.0,0.036808893784360856,0.7857142857142857,1.5240636513216612,0.1274928116190568,False,365.0,0.001966645914358717,0.03484224787000214,cross_USO_state_slope=uptrend,78.0,0.019463250207841606,0.01734564357651925,0.34740712821146325
SOL/USD,1d,cross_USO_state_slope=uptrend + state_ext=stretched_up,calendar_2026_ytd,ok,2026-01-01 00:00:00+00:00,2026-07-18 00:00:00+00:00,199.0,38.0,0.030036416101410973,0.6842105263157895,1.941690747951605,0.05217454942834143,False,199.0,0.010576641500550241,0.019459774600860732,cross_USO_state_slope=uptrend,123.0,0.016307259146420824,0.013729156954990149,0.17688531501983618
SOL/USD,1d,cross_USO_state_slope=uptrend + state_ext=stretched_up,latest_12m,ok,2025-07-18 00:00:00+00:00,2026-07-18 00:00:00+00:00,366.0,38.0,0.030036416101410973,0.6842105263157895,1.941690747951605,0.05217454942834143,False,366.0,0.008923515606133633,0.02111290049527734,cross_USO_state_slope=uptrend,131.0,0.02058639866959845,0.009450017431812525,0.08439421996772745
SOL/USD,1d,cross_USO_state_slope=uptrend + state_ext=stretched_up,latest_6m,ok,2026-01-18 00:00:00+00:00,2026-07-18 00:00:00+00:00,182.0,32.0,0.02195313314615432,0.65625,1.3689349684960788,0.17101960382956483,False,182.0,0.011392027953118148,0.010561105193036173,cross_USO_state_slope=uptrend,117.0,0.013392387383188742,0.00856074576296558,0.27595729984726525
XRP/USD,1d,cross_USO_state_slope=downtrend + state_ext=neutral,all,ok,2024-01-01 00:00:00+00:00,2026-07-18 00:00:00+00:00,930.0,59.0,0.022446346015895773,0.6271186440677966,2.0612571631732783,0.03927851260889126,True,930.0,-0.00813339438822198,0.030579740404117754,state_ext=neutral,176.0,0.01913092643770421,0.003315419578191564,0.016469903698859145
XRP/USD,1d,cross_USO_state_slope=downtrend + state_ext=neutral,calendar_2024,ok,2024-01-01 00:00:00+00:00,2024-12-31 00:00:00+00:00,366.0,20.0,0.01619389380416964,0.55,1.145662694506628,0.25193474532402416,False,366.0,-0.025896079263533826,0.04208997306770347,state_ext=neutral,62.0,0.02678485527791536,-0.01059096147374572,0.06339556871225338
XRP/USD,1d,cross_USO_state_slope=downtrend + state_ext=neutral,calendar_2025,ok,2025-01-01 00:00:00+00:00,2025-12-31 00:00:00+00:00,365.0,30.0,0.025335181592435852,0.6666666666666666,1.4029468578800177,0.1606326864367722,False,365.0,-0.001952040629345084,0.027287222221780937,state_ext=neutral,67.0,0.026738254301098552,-0.0014030727086626997,0.026022979149367576
XRP/USD,1d,cross_USO_state_slope=downtrend + state_ext=neutral,calendar_2026_ytd,ok,2026-01-01 00:00:00+00:00,2026-07-18 00:00:00+00:00,199.0,9.0,0.02671123234237576,0.6666666666666666,1.626703799933522,0.10380002132348154,False,199.0,0.01319800532220049,0.01351322702017527,cross_USO_state_slope=downtrend,48.0,0.01698047577034803,0.00973075657202773,0.2781820013270817
XRP/USD,1d,cross_USO_state_slope=downtrend + state_ext=neutral,latest_12m,ok,2025-07-18 00:00:00+00:00,2026-07-18 00:00:00+00:00,366.0,22.0,0.0313090703008378,0.7727272727272727,3.6674515937614913,0.0002449799090387117,True,366.0,0.013082288879176444,0.018226781421661356,state_ext=neutral,77.0,0.016508852396121564,0.014800217904716237,0.08110859029798378
XRP/USD,1d,cross_USO_state_slope=downtrend + state_ext=neutral,latest_6m,ok,2026-01-18 00:00:00+00:00,2026-07-18 00:00:00+00:00,182.0,9.0,0.02671123234237576,0.6666666666666666,1.626703799933522,0.10380002132348154,False,182.0,0.013145945888878638,0.013565286453497123,cross_USO_state_slope=downtrend,48.0,0.01698047577034803,0.00973075657202773,0.2781820013270817
AVAX/USD,1d,state_volume=vol_surge + state_ext=neutral,all,ok,2021-11-18 00:00:00+00:00,2026-07-18 00:00:00+00:00,1704.0,43.0,0.00910984505201138,0.6511627906976745,0.62678347515517,0.5308011769871244,False,1704.0,0.002266710160130235,0.006843134891881144,state_volume=vol_surge,502.0,-0.0015584260686669928,0.010668271120678372,0.855753405949677
AVAX/USD,1d,state_volume=vol_surge + state_ext=neutral,calendar_2024,ok,2024-01-01 00:00:00+00:00,2024-12-31 00:00:00+00:00,366.0,9.0,0.007116528419951902,0.5555555555555556,0.2484336969021909,0.8037988642617808,False,366.0,-0.007093229194667706,0.014209757614619609,state_ext=neutral,31.0,-0.002644995655747919,0.00976152407569982,0.8685123300303881
AVAX/USD,1d,state_volume=vol_surge + state_ext=neutral,calendar_2025,ok,2025-01-01 00:00:00+00:00,2025-12-31 00:00:00+00:00,365.0,10.0,0.05278096287111338,0.9,3.1793116068527594,0.0014762529755567577,False,365.0,0.009329605647915918,0.043451357223197457,state_volume=vol_surge,120.0,0.01617866519669716,0.036602297674416216,0.13879225803111517
AVAX/USD,1d,state_volume=vol_surge + state_ext=neutral,calendar_2026_ytd,ok,2026-01-01 00:00:00+00:00,2026-07-18 00:00:00+00:00,199.0,16.0,0.01794912911617733,0.6875,1.4867895027150677,0.1370704148503259,False,199.0,0.016732382243115015,0.0012167468730623146,state_volume=vol_surge,70.0,0.016444212827308857,0.0015049162888684728,0.06937392444359247
AVAX/USD,1d,state_volume=vol_surge + state_ext=neutral,latest_12m,ok,2025-07-18 00:00:00+00:00,2026-07-18 00:00:00+00:00,366.0,21.0,0.018175535113286054,0.7142857142857143,1.7781007088798668,0.07538731605556981,False,366.0,0.01472794861861402,0.0034475864946720332,state_volume=vol_surge,116.0,0.019203598260104343,-0.0010280631468182894,0.010332227918555148
AVAX/USD,1d,state_volume=vol_surge + state_ext=neutral,latest_6m,ok,2026-01-18 00:00:00+00:00,2026-07-18 00:00:00+00:00,182.0,16.0,0.01794912911617733,0.6875,1.4867895027150677,0.1370704148503259,False,182.0,0.015379529402008409,0.0025695997141689207,state_volume=vol_surge,65.0,0.015693937630568776,0.0022551914856085535,0.10197600853699407
SOL/USD,1d,cross_TLT_state_ext=stretched_down + state_ext=stretched_down,all,ok,2021-07-13 00:00:00+00:00,2026-07-18 00:00:00+00:00,1414.0,229.0,0.00588925289724633,0.5327510917030568,0.3606102976298488,0.7183907902126621,False,1414.0,-0.02675543787870287,0.0326446907759492,state_ext=stretched_down,682.0,0.0025116508950597865,0.003377602002186544,0.7512042678108435
SOL/USD,1d,cross_TLT_state_ext=stretched_down + state_ext=stretched_down,calendar_2024,ok,2024-08-26 00:00:00+00:00,2024-12-31 00:00:00+00:00,128.0,26.0,-0.014080116310421812,0.34615384615384615,-0.4950940803868788,0.6205337121818293,False,128.0,-0.01817604305672444,0.004095926746302629,state_ext=stretched_down,36.0,-0.02528246774637527,0.011202351435953458,0.3548097850747223
SOL/USD,1d,cross_TLT_state_ext=stretched_down + state_ext=stretched_down,calendar_2025,ok,2025-01-01 00:00:00+00:00,2025-12-31 00:00:00+00:00,365.0,18.0,-0.08487007868616399,0.3333333333333333,-1.7030256284946261,0.08856327238035866,False,365.0,0.001966645914358717,-0.0868367246005227,state_ext=stretched_down,181.0,-0.0007352733281802385,-0.08413480535798375,0.9474993718625948
SOL/USD,1d,cross_TLT_state_ext=stretched_down + state_ext=stretched_down,calendar_2026_ytd,ok,2026-01-01 00:00:00+00:00,2026-07-18 00:00:00+00:00,199.0,9.0,0.014683070930129737,0.6666666666666666,1.7493020908054686,0.08023881475748262,False,199.0,0.010576641500550241,0.004106429429579495,state_ext=stretched_down,95.0,0.01791322594132842,-0.003230155011198683,0.23584045081267324
SOL/USD,1d,cross_TLT_state_ext=stretched_down + state_ext=stretched_down,latest_12m,ok,2025-07-18 00:00:00+00:00,2026-07-18 00:00:00+00:00,366.0,16.0,0.025882309352128915,0.75,2.3737736512617826,0.017607340449847797,True,366.0,0.008923515606133633,0.016958793745995283,cross_TLT_state_ext=stretched_down,31.0,0.018151169715388854,0.0077311396367400614,0.09916652247891866
SOL/USD,1d,cross_TLT_state_ext=stretched_down + state_ext=stretched_down,latest_6m,ok,2026-01-18 00:00:00+00:00,2026-07-18 00:00:00+00:00,182.0,9.0,0.014683070930129737,0.6666666666666666,1.7493020908054686,0.08023881475748262,False,182.0,0.011392027953118148,0.003291042977011589,state_ext=stretched_down,95.0,0.01791322594132842,-0.003230155011198683,0.23584045081267324
LTC/USD,1d,state_ext=stretched_up + state_slope=flat,all,ok,2021-07-13 00:00:00+00:00,2026-07-18 00:00:00+00:00,1832.0,225.0,0.0041368462760955505,0.5866666666666667,0.5373826082918158,0.591003354144479,False,1832.0,-0.0011226563144548438,0.005259502590550394,state_ext=stretched_up,689.0,0.0025796859363716837,0.0015571603397238668,0.6671600058097029
LTC/USD,1d,state_ext=stretched_up + state_slope=flat,calendar_2024,ok,2024-01-01 00:00:00+00:00,2024-12-31 00:00:00+00:00,366.0,49.0,-0.007636933868905031,0.5102040816326531,-0.4172837259072892,0.6764708906378338,False,366.0,-0.010215911990831463,0.0025789781219264325,state_ext=stretched_up,147.0,-0.003827422530498859,-0.003809511338406172,0.7952275600100085
LTC/USD,1d,state_ext=stretched_up + state_slope=flat,calendar_2025,ok,2025-01-01 00:00:00+00:00,2025-12-31 00:00:00+00:00,365.0,42.0,0.030104260412747566,0.6428571428571429,1.893241125572175,0.05832581060106001,False,365.0,0.00030214604676089403,0.029802114365986673,state_ext=stretched_up,138.0,0.015843834454148432,0.014260425958599134,0.18191974789574172
LTC/USD,1d,state_ext=stretched_up + state_slope=flat,calendar_2026_ytd,ok,2026-01-01 00:00:00+00:00,2026-07-18 00:00:00+00:00,199.0,35.0,0.015845101186501058,0.7714285714285715,3.178883337983146,0.0014784358215911286,True,199.0,0.012341371924605118,0.0035037292618959395,state_ext=stretched_up,51.0,0.017428480403630896,-0.0015833792171298378,0.018294627695590204
LTC/USD,1d,state_ext=stretched_up + state_slope=flat,latest_12m,ok,2025-07-18 00:00:00+00:00,2026-07-18 00:00:00+00:00,366.0,61.0,0.02812648033175814,0.7704918032786885,2.974540163418353,0.0029342804074141693,True,366.0,0.009742205817121548,0.018384274514636593,state_ext=stretched_up,107.0,0.030113672299976916,-0.0019871919682187753,0.0006224401516354838
LTC/USD,1d,state_ext=stretched_up + state_slope=flat,latest_6m,ok,2026-01-18 00:00:00+00:00,2026-07-18 00:00:00+00:00,182.0,32.0,0.01860116851181478,0.78125,3.8678472742471524,0.00010980039532060282,True,182.0,0.009112122461187604,0.009489046050627175,state_ext=stretched_up,41.0,0.013507094094007235,0.005094074417807544,0.06581237147783536
XRP/USD,1d,cross_USO_state_slope=uptrend + state_slope=flat,all,ok,2024-01-01 00:00:00+00:00,2026-07-18 00:00:00+00:00,930.0,86.0,0.008867730480933683,0.6046511627906976,1.4006399369903324,0.16132177201033704,False,930.0,0.007733394388221978,0.0011343360927117043,state_slope=flat,217.0,0.003480392279297996,0.005387338201635687,0.6218598878048334
XRP/USD,1d,cross_USO_state_slope=uptrend + state_slope=flat,calendar_2024,ok,2024-01-01 00:00:00+00:00,2024-12-31 00:00:00+00:00,366.0,2.0,-0.0007342501591303327,0.5,-0.08170189955359011,0.9348837677865889,False,366.0,0.02549607926353382,-0.026230329422664154,state_slope=flat,30.0,0.01596759399700499,-0.016701844156135324,0.4684900285949216
XRP/USD,1d,cross_USO_state_slope=uptrend + state_slope=flat,calendar_2025,ok,2025-01-01 00:00:00+00:00,2025-12-31 00:00:00+00:00,365.0,29.0,-0.0027112337559752476,0.5172413793103449,-0.2288516640157234,0.8189842100800091,False,365.0,0.0015520406293450832,-0.00426327438532033,cross_USO_state_slope=uptrend,78.0,0.004715764302876469,-0.007426998058851716,0.7911464495159135
XRP/USD,1d,cross_USO_state_slope=uptrend + state_slope=flat,calendar_2026_ytd,ok,2026-01-01 00:00:00+00:00,2026-07-18 00:00:00+00:00,199.0,55.0,0.01532216546548799,0.6545454545454545,2.103452655462423,0.035426219737646036,True,199.0,-0.013598005322200488,0.02892017078768848,state_slope=flat,75.0,0.007874970937868452,0.007447194527619539,0.35083563802364814
XRP/USD,1d,cross_USO_state_slope=uptrend + state_slope=flat,latest_12m,ok,2025-07-18 00:00:00+00:00,2026-07-18 00:00:00+00:00,366.0,57.0,0.017572522014967815,0.6666666666666666,2.4941098308565404,0.012627346564918707,True,366.0,-0.013482288879176449,0.031054810894144264,state_slope=flat,127.0,-0.002040850898155037,0.019613372913122852,0.8106372977231171
XRP/USD,1d,cross_USO_state_slope=uptrend + state_slope=flat,latest_6m,ok,2026-01-18 00:00:00+00:00,2026-07-18 00:00:00+00:00,182.0,55.0,0.01532216546548799,0.6545454545454545,2.103452655462423,0.035426219737646036,True,182.0,-0.013545945888878641,0.02886811135436663,state_slope=flat,72.0,0.0032561477655973724,0.012066017699890618,0.6771144951660508
XRP/USD,1h,cross_USO_state_ext=stretched_up + cross_TLT_state_slope=uptrend + state_ext=stretched_down,all,ok,2024-01-01 06:00:00+00:00,2026-07-24 18:00:00+00:00,22416.0,37.0,0.007236597526104141,0.7297297297297297,3.2823723276263044,0.0010293758808312958,True,22416.0,0.0001098032862860299,0.007126794239818111,cross_TLT_state_slope=uptrend + state_ext=stretched_down,327.0,0.003069168496018655,0.0041674290300854865,0.21227694411061204
XRP/USD,1h,cross_USO_state_ext=stretched_up + cross_TLT_state_slope=uptrend + state_ext=stretched_down,calendar_2024,ok,2024-01-01 06:00:00+00:00,2024-12-31 23:00:00+00:00,8771.0,0.0,,,,,False,8771.0,0.0007132871038035504,,state_ext=stretched_down,1116.0,0.002778904255426504,,0.04757592185738768
XRP/USD,1h,cross_USO_state_ext=stretched_up + cross_TLT_state_slope=uptrend + state_ext=stretched_down,calendar_2025,ok,2025-01-01 00:00:00+00:00,2025-12-31 23:00:00+00:00,8731.0,3.0,0.011804802602834391,1.0,3.4281848026996253,0.0006076316758707456,False,8731.0,-8.249667953820791e-05,0.0118872992823726,state_ext=stretched_down,1469.0,-0.0003036246336904576,0.01210842723652485,0.7945913546433705
XRP/USD,1h,cross_USO_state_ext=stretched_up + cross_TLT_state_slope=uptrend + state_ext=stretched_down,calendar_2026_ytd,ok,2026-01-01 00:00:00+00:00,2026-07-24 18:00:00+00:00,4914.0,34.0,0.006833520607569116,0.7058823529411765,2.874105248196898,0.004051739176726077,True,4914.0,-0.0006256842110348393,0.007459204818603955,cross_TLT_state_slope=uptrend + state_ext=stretched_down,196.0,0.005485657205787919,0.0013478634017811963,0.00480141057759198
XRP/USD,1h,cross_USO_state_ext=stretched_up + cross_TLT_state_slope=uptrend + state_ext=stretched_down,latest_12m,ok,2025-07-24 18:00:00+00:00,2026-07-24 18:00:00+00:00,8759.0,37.0,0.007236597526104141,0.7297297297297297,3.2823723276263044,0.0010293758808312958,True,8759.0,-0.0006964635270990338,0.007933061053203174,cross_TLT_state_slope=uptrend + state_ext=stretched_down,327.0,0.003069168496018655,0.0041674290300854865,0.21227694411061204
XRP/USD,1h,cross_USO_state_ext=stretched_up + cross_TLT_state_slope=uptrend + state_ext=stretched_down,latest_6m,ok,2026-01-24 18:00:00+00:00,2026-07-24 18:00:00+00:00,4344.0,34.0,0.006833520607569116,0.7058823529411765,2.874105248196898,0.004051739176726077,True,4344.0,-0.0007457143316454445,0.00757923493921456,cross_TLT_state_slope=uptrend + state_ext=stretched_down,168.0,0.006469705395199019,0.0003638152123700963,0.0013905552664552623
BTC/USD,1d,cross_USO_state_slope=downtrend + cross_TLT_state_slope=downtrend + state_ext=stretched_up,all,ok,2021-07-13 00:00:00+00:00,2026-07-18 00:00:00+00:00,1832.0,37.0,0.008867666776177398,0.4864864864864865,0.4912396395063788,0.6232569658365406,False,1832.0,0.0036437518002276777,0.00522391497594972,cross_TLT_state_slope=downtrend + state_ext=stretched_up,103.0,0.010191535876808749,-0.0013238691006313506,0.2905002369264349
BTC/USD,1d,cross_USO_state_slope=downtrend + cross_TLT_state_slope=downtrend + state_ext=stretched_up,calendar_2024,ok,2024-01-01 00:00:00+00:00,2024-12-31 00:00:00+00:00,366.0,5.0,-0.0101352404443118,0.2,-0.42774124051650736,0.6688395210752134,False,366.0,0.01251793429046719,-0.02265317473477899,cross_USO_state_slope=downtrend + cross_TLT_state_slope=downtrend,14.0,0.019554468271055416,-0.029689708715367216,0.455249346986597
BTC/USD,1d,cross_USO_state_slope=downtrend + cross_TLT_state_slope=downtrend + state_ext=stretched_up,calendar_2025,ok,2025-01-01 00:00:00+00:00,2025-12-31 00:00:00+00:00,365.0,13.0,0.044791819583124885,0.8461538461538461,2.317516287006368,0.020475624479805443,False,365.0,-0.00011000233949370749,0.044901821922618594,cross_USO_state_slope=downtrend + cross_TLT_state_slope=downtrend,18.0,0.0308947283832033,0.013897091199921587,0.05986251612677762
BTC/USD,1d,cross_USO_state_slope=downtrend + cross_TLT_state_slope=downtrend + state_ext=stretched_up,calendar_2026_ytd,ok,2026-01-01 00:00:00+00:00,2026-07-18 00:00:00+00:00,199.0,2.0,0.001165231743385986,1.0,2.218964613472564,0.026489132057207154,False,199.0,-0.0071067321184187186,0.008271963861804704,cross_USO_state_slope=downtrend + cross_TLT_state_slope=downtrend,3.0,0.014210719365360351,-0.013045487621974366,0.1505485935550661
BTC/USD,1d,cross_USO_state_slope=downtrend + cross_TLT_state_slope=downtrend + state_ext=stretched_up,latest_12m,ok,2025-07-18 00:00:00+00:00,2026-07-18 00:00:00+00:00,366.0,2.0,0.001165231743385986,1.0,2.218964613472564,0.026489132057207154,False,366.0,-0.007123875282296532,0.008289107025682517,cross_USO_state_slope=downtrend + cross_TLT_state_slope=downtrend,7.0,-6.2169845584847e-05,0.0012274015889708332,0.9936026390726711
BTC/USD,1d,cross_USO_state_slope=downtrend + cross_TLT_state_slope=downtrend + state_ext=stretched_up,latest_6m,ok,2026-01-18 00:00:00+00:00,2026-07-18 00:00:00+00:00,182.0,2.0,0.001165231743385986,1.0,2.218964613472564,0.026489132057207154,False,182.0,-0.0077694341886581164,0.008934665932044103,cross_USO_state_slope=downtrend + cross_TLT_state_slope=downtrend,3.0,0.014210719365360351,-0.013045487621974366,0.1505485935550661
AAVE/USD,1d,cross_USO_state_ext=stretched_up + state_ext=stretched_up,all,ok,2021-07-15 00:00:00+00:00,2026-07-18 00:00:00+00:00,1830.0,272.0,0.019463598205324655,0.5845588235294118,1.561589860989527,0.1183846395260546,False,1830.0,-0.0038038282031588764,0.023267426408483532,cross_USO_state_ext=stretched_up,731.0,0.006041455840886569,0.013422142364438085,0.45374524225612634
AAVE/USD,1d,cross_USO_state_ext=stretched_up + state_ext=stretched_up,calendar_2024,ok,2024-01-01 00:00:00+00:00,2024-12-31 00:00:00+00:00,366.0,59.0,0.013123405396351573,0.5423728813559322,0.47066575768322905,0.6378794409997073,False,366.0,-0.022760187861961188,0.03588359325831276,state_ext=stretched_up,191.0,-0.011706199176920078,0.02482960457327165,0.47300723353238316
AAVE/USD,1d,cross_USO_state_ext=stretched_up + state_ext=stretched_up,calendar_2025,ok,2025-01-01 00:00:00+00:00,2025-12-31 00:00:00+00:00,365.0,37.0,0.03557239767412595,0.6216216216216216,1.6545197582493472,0.09802195216968435,False,365.0,0.0048426307881787485,0.0307297668859472,cross_USO_state_ext=stretched_up,92.0,0.013728794686857077,0.02184360298726887,0.41544617202559886
AAVE/USD,1d,cross_USO_state_ext=stretched_up + state_ext=stretched_up,calendar_2026_ytd,ok,2026-01-01 00:00:00+00:00,2026-07-18 00:00:00+00:00,199.0,25.0,0.05207902789988841,0.8,2.8485132841116245,0.00439240196082924,True,199.0,0.009319355333214735,0.04275967256667367,cross_USO_state_ext=stretched_up,117.0,0.02298461957213495,0.02909440832775346,0.04128599660196186
AAVE/USD,1d,cross_USO_state_ext=stretched_up + state_ext=stretched_up,latest_12m,ok,2025-07-18 00:00:00+00:00,2026-07-18 00:00:00+00:00,366.0,29.0,0.042421996926416565,0.7241379310344828,2.021553302199787,0.04322252049039621,True,366.0,0.012262824996133374,0.03015917193028319,cross_USO_state_ext=stretched_up,142.0,0.022652030941737393,0.019769965984679172,0.023932416927780586
AAVE/USD,1d,cross_USO_state_ext=stretched_up + state_ext=stretched_up,latest_6m,ok,2026-01-18 00:00:00+00:00,2026-07-18 00:00:00+00:00,182.0,15.0,0.07857491429416577,1.0,13.871187174389648,0.0,True,182.0,0.010151582849706247,0.06842333144445953,cross_USO_state_ext=stretched_up,107.0,0.023979892587430513,0.05459502170673526,0.03984417983364086
ETH/USD,1d,cross_USO_state_vol=mid_vol + state_ext=stretched_down,all,ok,2021-07-13 00:00:00+00:00,2026-07-18 00:00:00+00:00,1832.0,265.0,0.0054342130967254074,0.5132075471698113,0.7253183878295528,0.46825672766994453,False,1832.0,-0.0034974734376106583,0.008931686534336066,cross_USO_state_vol=mid_vol,572.0,-0.0017020782434807352,0.007136291340206142,0.7656043287920216
ETH/USD,1d,cross_USO_state_vol=mid_vol + state_ext=stretched_down,calendar_2024,ok,2024-01-01 00:00:00+00:00,2024-12-31 00:00:00+00:00,366.0,54.0,-0.001953218249197481,0.5185185185185185,-0.17568842366302,0.8605387304199927,False,366.0,-0.009215561770698898,0.007262343521501417,cross_USO_state_vol=mid_vol,96.0,-0.005172230203686109,0.003219011954488628,0.6047751883396024
ETH/USD,1d,cross_USO_state_vol=mid_vol + state_ext=stretched_down,calendar_2025,ok,2025-01-01 00:00:00+00:00,2025-12-31 00:00:00+00:00,365.0,50.0,0.02312194523669616,0.7,1.4065507687184697,0.15956064023574967,False,365.0,-0.002051161338220393,0.025173106574916553,cross_USO_state_vol=mid_vol,96.0,0.011223170350636533,0.011898774886059628,0.38272679104587914
ETH/USD,1d,cross_USO_state_vol=mid_vol + state_ext=stretched_down,calendar_2026_ytd,ok,2026-01-01 00:00:00+00:00,2026-07-18 00:00:00+00:00,199.0,25.0,0.06563127028659682,0.76,2.2510188878869983,0.024384341108475427,True,199.0,0.009631165845100863,0.05600010444149596,cross_USO_state_vol=mid_vol,40.0,0.046371657483648,0.01925961280294882,0.06321117523289255
ETH/USD,1d,cross_USO_state_vol=mid_vol + state_ext=stretched_down,latest_12m,ok,2025-07-18 00:00:00+00:00,2026-07-18 00:00:00+00:00,366.0,60.0,0.0333617922517346,0.7,1.687083091789098,0.09158737576038378,False,366.0,0.006171485886224338,0.027190306365510262,cross_USO_state_vol=mid_vol,91.0,0.022142615473972053,0.011219176777762546,0.1867138427906292
ETH/USD,1d,cross_USO_state_vol=mid_vol + state_ext=stretched_down,latest_6m,ok,2026-01-18 00:00:00+00:00,2026-07-18 00:00:00+00:00,182.0,25.0,0.06563127028659682,0.76,2.2510188878869983,0.024384341108475427,True,182.0,0.010241353560863056,0.05538991672573376,cross_USO_state_vol=mid_vol,28.0,0.06287431375265252,0.0027569565339442964,0.03512910610939901
SUSHI/USD,1d,state_ret_day=ret_day_flat + state_ext=neutral,all,ok,2021-07-23 00:00:00+00:00,2026-07-18 00:00:00+00:00,1822.0,71.0,0.02418261245363594,0.6338028169014085,1.888795634829205,0.05891921792883004,False,1822.0,-0.0028898678301054605,0.0270724802837414,state_ext=neutral,177.0,0.00897053629439399,0.015212076159241951,0.3895260717940854
SUSHI/USD,1d,state_ret_day=ret_day_flat + state_ext=neutral,calendar_2024,ok,2024-01-01 00:00:00+00:00,2024-12-31 00:00:00+00:00,366.0,19.0,-0.012209681394704451,0.5263157894736842,-0.6531944851188098,0.513630905141093,False,366.0,0.013448739857466176,-0.025658421252170625,state_ret_day=ret_day_flat,126.0,0.007161900764675746,-0.0193715821593802,0.561185025629213
SUSHI/USD,1d,state_ret_day=ret_day_flat + state_ext=neutral,calendar_2025,ok,2025-01-01 00:00:00+00:00,2025-12-31 00:00:00+00:00,365.0,9.0,0.06090687268723833,0.7777777777777778,1.5724120287298458,0.11585502642011924,False,365.0,-0.015250030023750593,0.07615690271098892,state_ret_day=ret_day_flat,117.0,0.0024050743673702363,0.05850179831986809,0.8818053410323099
SUSHI/USD,1d,state_ret_day=ret_day_flat + state_ext=neutral,calendar_2026_ytd,ok,2026-01-01 00:00:00+00:00,2026-07-18 00:00:00+00:00,199.0,20.0,0.021960986594046866,0.65,1.58565544872904,0.11281749056857082,False,199.0,-0.01356434378584555,0.03552533037989242,state_ext=neutral,34.0,0.0029718537903744317,0.018989132803672433,0.8467392355653769
SUSHI/USD,1d,state_ret_day=ret_day_flat + state_ext=neutral,latest_12m,ok,2025-07-18 00:00:00+00:00,2026-07-18 00:00:00+00:00,366.0,25.0,0.022040002856317596,0.64,1.5862268849345964,0.11268785115868418,False,366.0,-0.020114347587427132,0.04215435044374473,state_ret_day=ret_day_flat,139.0,-0.010625297562825316,0.03266530041914291,0.2524387037475351
SUSHI/USD,1d,state_ret_day=ret_day_flat + state_ext=neutral,latest_6m,ok,2026-01-18 00:00:00+00:00,2026-07-18 00:00:00+00:00,182.0,19.0,0.016507937868522407,0.631578947368421,1.161225636356053,0.24555015180041773,False,182.0,-0.013344148904155695,0.029852086772678102,state_ext=neutral,32.0,0.0017053598729425933,0.014802577995579814,0.9156122076157986
DOT/USD,1d,cross_USO_state_ext=stretched_down + state_ext=stretched_down,all,ok,2023-08-18 00:00:00+00:00,2026-07-18 00:00:00+00:00,1066.0,184.0,0.0074362565641755566,0.5108695652173914,0.6774646087042094,0.4981112176709179,False,1066.0,0.0033786206883847474,0.004057635875790809,state_ext=stretched_down,578.0,0.0056009336367441745,0.001835322927431382,0.3912380817028396
DOT/USD,1d,cross_USO_state_ext=stretched_down + state_ext=stretched_down,calendar_2024,ok,2024-01-01 00:00:00+00:00,2024-12-31 00:00:00+00:00,366.0,48.0,-0.005564424843524316,0.4166666666666667,-0.34599687856127986,0.7293450605813978,False,366.0,-0.004460828339857393,-0.0011035965036669225,cross_USO_state_ext=stretched_down,100.0,0.009837803940715343,-0.01540222878423966,0.4374867707169472
DOT/USD,1d,cross_USO_state_ext=stretched_down + state_ext=stretched_down,calendar_2025,ok,2025-01-01 00:00:00+00:00,2025-12-31 00:00:00+00:00,365.0,90.0,0.0023567178258312445,0.4777777777777778,0.13645485784352193,0.8914617088978929,False,365.0,0.012580249761879448,-0.010223531936048203,state_ext=stretched_down,229.0,0.0035826331941319883,-0.0012259153683007438,0.724804325507157
DOT/USD,1d,cross_USO_state_ext=stretched_down + state_ext=stretched_down,calendar_2026_ytd,ok,2026-01-01 00:00:00+00:00,2026-07-18 00:00:00+00:00,199.0,41.0,0.035634469371672396,0.6829268292682927,1.8039356657122845,0.07124139298312171,False,199.0,0.020207372732075967,0.01542709663959643,cross_USO_state_ext=stretched_down,48.0,0.033926935992472824,0.0017075333791995717,0.04540263320314253
DOT/USD,1d,cross_USO_state_ext=stretched_down + state_ext=stretched_down,latest_12m,ok,2025-07-18 00:00:00+00:00,2026-07-18 00:00:00+00:00,366.0,77.0,0.02735419142220202,0.6363636363636364,2.163272288754679,0.030520243142967196,True,366.0,0.01887266533512046,0.00848152608708156,cross_USO_state_ext=stretched_down,107.0,0.02574697468574277,0.0016072167364592493,0.037290911193373244
DOT/USD,1d,cross_USO_state_ext=stretched_down + state_ext=stretched_down,latest_6m,ok,2026-01-18 00:00:00+00:00,2026-07-18 00:00:00+00:00,182.0,41.0,0.035634469371672396,0.6829268292682927,1.8039356657122845,0.07124139298312171,False,182.0,0.02031260209561343,0.015321867276058967,cross_USO_state_ext=stretched_down,47.0,0.03375094461384711,0.0018835247578252862,0.05130226244001146
LTC/USD,1d,cross_USO_state_slope=uptrend + state_slope=downtrend,all,ok,2021-07-13 00:00:00+00:00,2026-07-18 00:00:00+00:00,1832.0,108.0,0.019358256541489306,0.5555555555555556,1.5129278584860286,0.13029798462805475,False,1832.0,-0.0011226563144548438,0.02048091285594415,cross_USO_state_slope=uptrend,398.0,0.005345729184306668,0.014012527357182638,0.45978839500956514
LTC/USD,1d,cross_USO_state_slope=uptrend + state_slope=downtrend,calendar_2024,ok,2024-01-01 00:00:00+00:00,2024-12-31 00:00:00+00:00,366.0,21.0,-0.02817575832085762,0.23809523809523808,-1.143076417259235,0.25300686466171474,False,366.0,-0.010215911990831463,-0.017959846330026157,cross_USO_state_slope=uptrend,81.0,-0.016467579849514552,-0.011708178471343068,0.3433323693482886
LTC/USD,1d,cross_USO_state_slope=uptrend + state_slope=downtrend,calendar_2025,ok,2025-01-01 00:00:00+00:00,2025-12-31 00:00:00+00:00,365.0,24.0,0.022915482844359934,0.625,1.3023330328716076,0.19280256414962538,False,365.0,0.00030214604676089403,0.02261333679759904,cross_USO_state_slope=uptrend,78.0,0.008735498611802797,0.014179984232557136,0.5723058332133315
LTC/USD,1d,cross_USO_state_slope=uptrend + state_slope=downtrend,calendar_2026_ytd,ok,2026-01-01 00:00:00+00:00,2026-07-18 00:00:00+00:00,199.0,37.0,0.03324733292359013,0.6216216216216216,2.1283085484731874,0.033311509807642414,True,199.0,0.012341371924605118,0.020905960998985014,state_slope=downtrend,67.0,0.030557688027620766,0.002689644895969366,0.015792736104498495
LTC/USD,1d,cross_USO_state_slope=uptrend + state_slope=downtrend,latest_12m,ok,2025-07-18 00:00:00+00:00,2026-07-18 00:00:00+00:00,366.0,37.0,0.03324733292359013,0.6216216216216216,2.1283085484731874,0.033311509807642414,True,366.0,0.009742205817121548,0.023505127106468585,cross_USO_state_slope=uptrend,131.0,0.011458647449679627,0.021788685473910503,0.138157903568501
LTC/USD,1d,cross_USO_state_slope=uptrend + state_slope=downtrend,latest_6m,ok,2026-01-18 00:00:00+00:00,2026-07-18 00:00:00+00:00,182.0,36.0,0.03168763342083012,0.6111111111111112,1.9873869919709126,0.046879528074678545,True,182.0,0.009112122461187604,0.022575510959642518,state_slope=downtrend,66.0,0.029666190648903655,0.0020214427719264655,0.020495257847057413
LTC/USD,1d,cross_USO_state_slope=uptrend + cross_TLT_state_ext=neutral + state_ext=stretched_down,all,ok,2021-07-13 00:00:00+00:00,2026-07-18 00:00:00+00:00,1832.0,117.0,0.005368409481029921,0.5555555555555556,0.5226368854334287,0.6012269670102117,False,1832.0,-0.0011226563144548438,0.006491065795484765,cross_USO_state_slope=uptrend + state_ext=stretched_down,206.0,0.0057566260687968674,-0.0003882165877669465,0.575496808649965
LTC/USD,1d,cross_USO_state_slope=uptrend + cross_TLT_state_ext=neutral + state_ext=stretched_down,calendar_2024,ok,2024-01-01 00:00:00+00:00,2024-12-31 00:00:00+00:00,366.0,20.0,-0.05703768458611598,0.2,-3.4006034200257296,0.0006723729644357856,False,366.0,-0.010215911990831463,-0.046821772595284514,cross_USO_state_slope=uptrend,81.0,-0.016467579849514552,-0.04057010473660143,0.3433323693482886
LTC/USD,1d,cross_USO_state_slope=uptrend + cross_TLT_state_ext=neutral + state_ext=stretched_down,calendar_2025,ok,2025-01-01 00:00:00+00:00,2025-12-31 00:00:00+00:00,365.0,24.0,0.01552558088469784,0.7916666666666666,1.073313148715164,0.2831306376469427,False,365.0,0.00030214604676089403,0.015223434837936946,cross_USO_state_slope=uptrend + cross_TLT_state_ext=neutral,47.0,0.018844452518368908,-0.003318871633671068,0.05081328528143825
LTC/USD,1d,cross_USO_state_slope=uptrend + cross_TLT_state_ext=neutral + state_ext=stretched_down,calendar_2026_ytd,ok,2026-01-01 00:00:00+00:00,2026-07-18 00:00:00+00:00,199.0,41.0,0.03378889068472192,0.6097560975609756,2.128204613735257,0.033320122472636715,True,199.0,0.012341371924605118,0.0214475187601168,cross_TLT_state_ext=neutral + state_ext=stretched_down,68.0,0.030044798656430904,0.0037440920282910163,0.023263881940601916
LTC/USD,1d,cross_USO_state_slope=uptrend + cross_TLT_state_ext=neutral + state_ext=stretched_down,latest_12m,ok,2025-07-18 00:00:00+00:00,2026-07-18 00:00:00+00:00,366.0,42.0,0.029516228833331673,0.5952380952380952,1.8507245346716659,0.0642091925553725,False,366.0,0.009742205817121548,0.019774023016210125,cross_USO_state_slope=uptrend + state_ext=stretched_down,61.0,0.019855810559596707,0.009660418273734966,0.11069595234489205
LTC/USD,1d,cross_USO_state_slope=uptrend + cross_TLT_state_ext=neutral + state_ext=stretched_down,latest_6m,ok,2026-01-18 00:00:00+00:00,2026-07-18 00:00:00+00:00,182.0,35.0,0.02768699773022944,0.5428571428571428,1.5619379770687185,0.11830260080282695,False,182.0,0.009112122461187604,0.018574875269041835,cross_TLT_state_ext=neutral + state_ext=stretched_down,62.0,0.02623785017938281,0.00144914755084663,0.0634814492590472
LTC/USD,1d,cross_USO_state_slope=uptrend + state_ext=stretched_down,all,ok,2021-07-13 00:00:00+00:00,2026-07-18 00:00:00+00:00,1832.0,206.0,0.0057566260687968674,0.529126213592233,0.5599745329972923,0.575496808649965,False,1832.0,-0.0011226563144548438,0.006879282383251711,cross_USO_state_slope=uptrend,398.0,0.005345729184306668,0.00041089688449019984,0.45978839500956514
LTC/USD,1d,cross_USO_state_slope=uptrend + state_ext=stretched_down,calendar_2024,ok,2024-01-01 00:00:00+00:00,2024-12-31 00:00:00+00:00,366.0,35.0,-0.050880738805122484,0.2,-4.614968152487102,3.931555995428937e-06,False,366.0,-0.010215911990831463,-0.040664826814291025,cross_USO_state_slope=uptrend,81.0,-0.016467579849514552,-0.03441315895560793,0.3433323693482886
LTC/USD,1d,cross_USO_state_slope=uptrend + state_ext=stretched_down,calendar_2025,ok,2025-01-01 00:00:00+00:00,2025-12-31 00:00:00+00:00,365.0,44.0,0.0032251979205054643,0.6818181818181818,0.14881815128174303,0.8816971274798515,False,365.0,0.00030214604676089403,0.0029230518737445705,cross_USO_state_slope=uptrend,78.0,0.008735498611802797,-0.005510300691297333,0.5723058332133315
LTC/USD,1d,cross_USO_state_slope=uptrend + state_ext=stretched_down,calendar_2026_ytd,ok,2026-01-01 00:00:00+00:00,2026-07-18 00:00:00+00:00,199.0,59.0,0.02580839828805294,0.6101694915254238,2.201282907286621,0.02771600215282355,True,199.0,0.012341371924605118,0.01346702636344782,state_ext=stretched_down,94.0,0.021566233758505093,0.004242164529547846,0.03994449507130837
LTC/USD,1d,cross_USO_state_slope=uptrend + state_ext=stretched_down,latest_12m,ok,2025-07-18 00:00:00+00:00,2026-07-18 00:00:00+00:00,366.0,61.0,0.019855810559596707,0.5901639344262295,1.5950728214517234,0.11069595234489205,False,366.0,0.009742205817121548,0.01011360474247516,cross_USO_state_slope=uptrend,131.0,0.011458647449679627,0.00839716310991708,0.138157903568501
LTC/USD,1d,cross_USO_state_slope=uptrend + state_ext=stretched_down,latest_6m,ok,2026-01-18 00:00:00+00:00,2026-07-18 00:00:00+00:00,182.0,53.0,0.020875394367538776,0.5660377358490566,1.6994006021597148,0.08924372860012952,False,182.0,0.009112122461187604,0.011763271906351172,state_ext=stretched_down,88.0,0.018305981542998992,0.0025694128245397838,0.09179720289843685
BTC/USD,1d,state_ext=neutral + state_vol=mid_vol,all,ok,2021-07-13 00:00:00+00:00,2026-07-18 00:00:00+00:00,1832.0,87.0,0.008505263454046072,0.5517241379310345,0.9248199478996451,0.35505957254815823,False,1832.0,-0.0040437518002276775,0.01254901525427375,state_vol=mid_vol,468.0,-0.0008777988968306144,0.009383062350876686,0.8696157906672448
BTC/USD,1d,state_ext=neutral + state_vol=mid_vol,calendar_2024,ok,2024-01-01 00:00:00+00:00,2024-12-31 00:00:00+00:00,366.0,22.0,-0.0022626813173405387,0.5,-0.15469312183046904,0.8770632527038962,False,366.0,-0.012917934290467198,0.01065525297312666,state_ext=neutral,53.0,-0.013525641402374779,0.01126296008503424,0.2925394099511842
BTC/USD,1d,state_ext=neutral + state_vol=mid_vol,calendar_2025,ok,2025-01-01 00:00:00+00:00,2025-12-31 00:00:00+00:00,365.0,23.0,0.01923345967059562,0.782608695652174,2.0580727449267457,0.039583150872863015,True,365.0,-0.0002899976605062953,0.019523457331101914,state_ext=neutral,102.0,0.008578202676405383,0.010655256994190235,0.17837197623940115
BTC/USD,1d,state_ext=neutral + state_vol=mid_vol,calendar_2026_ytd,ok,2026-01-01 00:00:00+00:00,2026-07-18 00:00:00+00:00,199.0,15.0,0.020373187182420042,0.6,1.3268396597570506,0.18456172808956728,False,199.0,0.006706732118418719,0.013666455064001323,state_vol=mid_vol,70.0,0.01024447550501851,0.010128711677401531,0.3124593996995433
BTC/USD,1d,state_ext=neutral + state_vol=mid_vol,latest_12m,ok,2025-07-18 00:00:00+00:00,2026-07-18 00:00:00+00:00,366.0,29.0,0.02087068478427139,0.7241379310344828,2.022721221012164,0.04310189773859685,True,366.0,0.006723875282296531,0.01414680950197486,state_vol=mid_vol,133.0,0.011354872542726043,0.009515812241545348,0.11232972479561143
BTC/USD,1d,state_ext=neutral + state_vol=mid_vol,latest_6m,ok,2026-01-18 00:00:00+00:00,2026-07-18 00:00:00+00:00,182.0,15.0,0.020373187182420042,0.6,1.3268396597570506,0.18456172808956728,False,182.0,0.007369434188658112,0.01300375299376193,state_vol=mid_vol,70.0,0.01024447550501851,0.010128711677401531,0.3124593996995433
BTC/USD,1d,state_ext=neutral + state_slope=flat,all,ok,2021-07-13 00:00:00+00:00,2026-07-18 00:00:00+00:00,1832.0,214.0,-0.0001800940790840671,0.5373831775700935,-0.03179626937617912,0.9746345217403141,False,1832.0,-0.0040437518002276775,0.0038636577211436105,state_ext=neutral,372.0,-0.0018531034063872086,0.0016730093273031417,0.6799958958121461
BTC/USD,1d,state_ext=neutral + state_slope=flat,calendar_2024,ok,2024-01-01 00:00:00+00:00,2024-12-31 00:00:00+00:00,366.0,26.0,-0.023178318243651852,0.46153846153846156,-1.4543470222513046,0.14585011986287655,False,366.0,-0.012917934290467198,-0.010260383953184654,state_slope=flat,102.0,-0.004843537743731973,-0.018334780499919878,0.5489312868132066
BTC/USD,1d,state_ext=neutral + state_slope=flat,calendar_2025,ok,2025-01-01 00:00:00+00:00,2025-12-31 00:00:00+00:00,365.0,59.0,0.014733915289627725,0.6610169491525424,1.6533290135588175,0.09826392126035088,False,365.0,-0.0002899976605062953,0.01502391295013402,state_ext=neutral,102.0,0.008578202676405383,0.006155712613222342,0.17837197623940115
BTC/USD,1d,state_ext=neutral + state_slope=flat,calendar_2026_ytd,ok,2026-01-01 00:00:00+00:00,2026-07-18 00:00:00+00:00,199.0,13.0,0.021822852243703065,0.6153846153846154,1.2519001477520952,0.21060625093254304,False,199.0,0.006706732118418719,0.015116120125284346,state_slope=flat,55.0,0.0017686911357120846,0.02005416110799098,0.8046049065835854
BTC/USD,1d,state_ext=neutral + state_slope=flat,latest_12m,ok,2025-07-18 00:00:00+00:00,2026-07-18 00:00:00+00:00,366.0,39.0,0.019056716273465224,0.717948717948718,2.237587791465647,0.02524794842919409,True,366.0,0.006723875282296531,0.012332840991168693,state_slope=flat,117.0,0.005972391480920071,0.013084324792545152,0.24603711106882598
BTC/USD,1d,state_ext=neutral + state_slope=flat,latest_6m,ok,2026-01-18 00:00:00+00:00,2026-07-18 00:00:00+00:00,182.0,12.0,0.028330399571232307,0.6666666666666666,1.6591653196631093,0.09708248382433493,False,182.0,0.007369434188658112,0.020960965382574196,state_slope=flat,50.0,0.002515787439998291,0.025814612131234017,0.7424560620196416
LTC/USD,1d,cross_USO_state_slope=uptrend + cross_TLT_state_slope=uptrend + state_ext=neutral,all,ok,2021-07-13 00:00:00+00:00,2026-07-18 00:00:00+00:00,1832.0,22.0,0.008227563823205617,0.8181818181818182,0.6069142634353212,0.5439078118115501,False,1832.0,0.0007226563144548451,0.0075049075087507714,cross_USO_state_slope=uptrend + cross_TLT_state_slope=uptrend,88.0,0.005560822636576249,0.0026667411866293676,0.563156757284498
LTC/USD,1d,cross_USO_state_slope=uptrend + cross_TLT_state_slope=uptrend + state_ext=neutral,calendar_2024,ok,2024-01-01 00:00:00+00:00,2024-12-31 00:00:00+00:00,366.0,2.0,-0.15220167389450404,0.0,-12.060295990748713,0.0,False,366.0,0.009815911990831459,-0.1620175858853355,cross_USO_state_slope=uptrend,81.0,0.01606757984951455,-0.16826925374401858,0.3551822852901667
LTC/USD,1d,cross_USO_state_slope=uptrend + cross_TLT_state_slope=uptrend + state_ext=neutral,calendar_2025,ok,2025-01-01 00:00:00+00:00,2025-12-31 00:00:00+00:00,365.0,5.0,0.026326357866975438,1.0,9.836406626498256,0.0,False,365.0,-0.0007021460467608924,0.02702850391373633,cross_USO_state_slope=uptrend + state_ext=neutral,11.0,0.0303340672451623,-0.004007709378186862,0.15733091803113775
LTC/USD,1d,cross_USO_state_slope=uptrend + cross_TLT_state_slope=uptrend + state_ext=neutral,calendar_2026_ytd,ok,2026-01-01 00:00:00+00:00,2026-07-18 00:00:00+00:00,199.0,11.0,0.013976370031412992,0.8181818181818182,1.6385720113929405,0.10130242530566447,False,199.0,-0.012741371924605116,0.026717741956018108,cross_USO_state_slope=uptrend + state_ext=neutral,39.0,0.014807543186746526,-0.0008311731553335335,0.02776681205548215
LTC/USD,1d,cross_USO_state_slope=uptrend + cross_TLT_state_slope=uptrend + state_ext=neutral,latest_12m,ok,2025-07-18 00:00:00+00:00,2026-07-18 00:00:00+00:00,366.0,11.0,0.013976370031412992,0.8181818181818182,1.6385720113929405,0.10130242530566447,False,366.0,-0.010142205817121549,0.02411857584853454,cross_USO_state_slope=uptrend + state_ext=neutral,40.0,0.01278611244626524,0.0011902575851477516,0.05866152566604921
LTC/USD,1d,cross_USO_state_slope=uptrend + cross_TLT_state_slope=uptrend + state_ext=neutral,latest_6m,ok,2026-01-18 00:00:00+00:00,2026-07-18 00:00:00+00:00,182.0,11.0,0.013976370031412992,0.8181818181818182,1.6385720113929405,0.10130242530566447,False,182.0,-0.00951212246118761,0.023488492492600602,cross_USO_state_slope=uptrend + state_ext=neutral,39.0,0.014807543186746526,-0.0008311731553335335,0.02776681205548215
DOT/USD,1h,state_ret_day=ret_day_flat + state_ext=stretched_up + state_slope=uptrend,all,ok,2025-07-11 10:00:00+00:00,2026-07-24 18:00:00+00:00,9072.0,120.0,0.003746582579219465,0.5833333333333334,1.5903356965596436,0.111759156402361,False,9072.0,0.0005013843361691994,0.0032451982430502656,state_ret_day=ret_day_flat + state_slope=uptrend,646.0,0.0025549939820324473,0.0011915885971870177,0.027520139424589196
DOT/USD,1h,state_ret_day=ret_day_flat + state_ext=stretched_up + state_slope=uptrend,calendar_2024,empty_window,,,,,,,,,,,,,,,,,
DOT/USD,1h,state_ret_day=ret_day_flat + state_ext=stretched_up + state_slope=uptrend,calendar_2025,ok,2025-07-11 10:00:00+00:00,2025-12-31 23:00:00+00:00,4158.0,81.0,0.0038796016716775633,0.5679012345679012,1.4543814819113816,0.14584057111221327,False,4158.0,0.0005651550521867175,0.0033144466194908457,state_ret_day=ret_day_flat + state_slope=uptrend,309.0,0.003927956703061062,-4.8355031383499024e-05,0.02773440562597096
DOT/USD,1h,state_ret_day=ret_day_flat + state_ext=stretched_up + state_slope=uptrend,calendar_2026_ytd,ok,2026-01-01 00:00:00+00:00,2026-07-24 18:00:00+00:00,4914.0,39.0,0.0034703121564218756,0.6153846153846154,0.7591597740090295,0.4477569859352186,False,4914.0,0.00044742449953899126,0.003022887656882884,state_ret_day=ret_day_flat,1904.0,0.0014623045183864442,0.0020080076380354314,0.023960759193025094
DOT/USD,1h,state_ret_day=ret_day_flat + state_ext=stretched_up + state_slope=uptrend,latest_12m,ok,2025-07-24 18:00:00+00:00,2026-07-24 18:00:00+00:00,8752.0,118.0,0.003652145210118246,0.576271186440678,1.5226768326612738,0.1278395768473808,False,8752.0,0.0005436998730650825,0.0031084453370531636,state_ret_day=ret_day_flat + state_slope=uptrend,639.0,0.002482673230987748,0.001169471979130498,0.034011174157075885
DOT/USD,1h,state_ret_day=ret_day_flat + state_ext=stretched_up + state_slope=uptrend,latest_6m,ok,2026-01-24 18:00:00+00:00,2026-07-24 18:00:00+00:00,4344.0,34.0,0.006147690210528878,0.6764705882352942,1.954192626655393,0.050678440983863204,False,4344.0,0.0006467321329748779,0.005500958077554,state_ret_day=ret_day_flat + state_ext=stretched_up,67.0,0.0015821212102970139,0.004565569000231864,0.5302005059722008
XRP/USD,1h,cross_USO_state_slope=uptrend + cross_TLT_state_slope=uptrend + state_ext=stretched_down,all,ok,2024-01-01 06:00:00+00:00,2026-07-24 18:00:00+00:00,22416.0,85.0,0.005044871136796893,0.6,2.2667850113114074,0.023403362200272282,True,22416.0,0.0001098032862860299,0.004935067850510863,cross_TLT_state_slope=uptrend + state_ext=stretched_down,327.0,0.003069168496018655,0.0019757026407782375,0.21227694411061204
XRP/USD,1h,cross_USO_state_slope=uptrend + cross_TLT_state_slope=uptrend + state_ext=stretched_down,calendar_2024,ok,2024-01-01 06:00:00+00:00,2024-12-31 23:00:00+00:00,8771.0,0.0,,,,,False,8771.0,0.0007132871038035504,,state_ext=stretched_down,1116.0,0.002778904255426504,,0.04757592185738768
XRP/USD,1h,cross_USO_state_slope=uptrend + cross_TLT_state_slope=uptrend + state_ext=stretched_down,calendar_2025,ok,2025-01-01 00:00:00+00:00,2025-12-31 23:00:00+00:00,8731.0,39.0,0.003187641733461092,0.5384615384615384,0.8479574888962115,0.39646164621365343,False,8731.0,-8.249667953820791e-05,0.0032701384129993,cross_USO_state_slope=uptrend + state_ext=stretched_down,177.0,0.00026856839559901346,0.0029190733378620785,0.8596398195848232
XRP/USD,1h,cross_USO_state_slope=uptrend + cross_TLT_state_slope=uptrend + state_ext=stretched_down,calendar_2026_ytd,ok,2026-01-01 00:00:00+00:00,2026-07-24 18:00:00+00:00,4914.0,46.0,0.00661947867440768,0.6521739130434783,2.6315111351619827,0.008500608146815747,True,4914.0,-0.0006256842110348393,0.007245162885442519,cross_TLT_state_slope=uptrend + state_ext=stretched_down,196.0,0.005485657205787919,0.0011338214686197603,0.00480141057759198
XRP/USD,1h,cross_USO_state_slope=uptrend + cross_TLT_state_slope=uptrend + state_ext=stretched_down,latest_12m,ok,2025-07-24 18:00:00+00:00,2026-07-24 18:00:00+00:00,8759.0,85.0,0.005044871136796893,0.6,2.2667850113114074,0.023403362200272282,True,8759.0,-0.0006964635270990338,0.005741334663895927,cross_TLT_state_slope=uptrend + state_ext=stretched_down,327.0,0.003069168496018655,0.0019757026407782375,0.21227694411061204
XRP/USD,1h,cross_USO_state_slope=uptrend + cross_TLT_state_slope=uptrend + state_ext=stretched_down,latest_6m,ok,2026-01-24 18:00:00+00:00,2026-07-24 18:00:00+00:00,4344.0,43.0,0.006740673124290438,0.6511627906976745,2.505006330225039,0.012244920183485775,True,4344.0,-0.0007457143316454445,0.0074863874559358825,cross_TLT_state_slope=uptrend + state_ext=stretched_down,168.0,0.006469705395199019,0.00027096772909141875,0.0013905552664552623
BCH/USD,1d,cross_USO_state_slope=downtrend + cross_TLT_state_ext=neutral + state_ext=stretched_down,all,ok,2021-07-13 00:00:00+00:00,2026-07-18 00:00:00+00:00,1832.0,111.0,0.012598585170793573,0.5675675675675675,0.9188306545788809,0.3581841557799439,False,1832.0,-0.002804380812973031,0.015402965983766604,cross_USO_state_slope=downtrend + cross_TLT_state_ext=neutral,234.0,0.013298487283207445,-0.0006999021124138721,0.10989981671563198
BCH/USD,1d,cross_USO_state_slope=downtrend + cross_TLT_state_ext=neutral + state_ext=stretched_down,calendar_2024,ok,2024-01-01 00:00:00+00:00,2024-12-31 00:00:00+00:00,366.0,17.0,-0.04006996465503208,0.5294117647058824,-1.3295929973017442,0.18365240661555138,False,366.0,-0.015128176657587344,-0.02494178799744473,cross_USO_state_slope=downtrend,93.0,-0.01060219142872692,-0.029467773226305158,0.5510252839334147
BCH/USD,1d,cross_USO_state_slope=downtrend + cross_TLT_state_ext=neutral + state_ext=stretched_down,calendar_2025,ok,2025-01-01 00:00:00+00:00,2025-12-31 00:00:00+00:00,365.0,32.0,0.009262016582122754,0.625,0.6291706271260675,0.5292373563919617,False,365.0,-0.007149859809602307,0.01641187639172506,cross_USO_state_slope=downtrend + cross_TLT_state_ext=neutral,97.0,0.012122803694072384,-0.00286078711194963,0.15878754242181037
BCH/USD,1d,cross_USO_state_slope=downtrend + cross_TLT_state_ext=neutral + state_ext=stretched_down,calendar_2026_ytd,ok,2026-01-01 00:00:00+00:00,2026-07-18 00:00:00+00:00,199.0,23.0,0.08862257913260137,0.8695652173913043,2.725493830379274,0.006420537637983337,True,199.0,0.023158684953890587,0.06546389417871078,cross_USO_state_slope=downtrend + cross_TLT_state_ext=neutral,36.0,0.05176848703439363,0.03685409209820774,0.09653811865023698
BCH/USD,1d,cross_USO_state_slope=downtrend + cross_TLT_state_ext=neutral + state_ext=stretched_down,latest_12m,ok,2025-07-18 00:00:00+00:00,2026-07-18 00:00:00+00:00,366.0,36.0,0.04858296453706858,0.7222222222222222,1.6648374492430396,0.0959451902943429,False,366.0,0.008995373881440429,0.039587590655628155,cross_USO_state_slope=downtrend + cross_TLT_state_ext=neutral,83.0,0.021537089698430056,0.027045874838638528,0.1766753906203853
BCH/USD,1d,cross_USO_state_slope=downtrend + cross_TLT_state_ext=neutral + state_ext=stretched_down,latest_6m,ok,2026-01-18 00:00:00+00:00,2026-07-18 00:00:00+00:00,182.0,23.0,0.08862257913260137,0.8695652173913043,2.725493830379274,0.006420537637983337,True,182.0,0.023533269677521014,0.06508930945508035,cross_USO_state_slope=downtrend + cross_TLT_state_ext=neutral,36.0,0.05176848703439363,0.03685409209820774,0.09653811865023698
SUSHI/USD,1d,state_ret_day=ret_day_down + state_ext=stretched_up,all,ok,2021-07-23 00:00:00+00:00,2026-07-18 00:00:00+00:00,1822.0,111.0,0.003443348507770001,0.5675675675675675,0.17533127409512006,0.8608193391952645,False,1822.0,0.002489867830105468,0.000953480677664533,state_ext=stretched_up,634.0,0.005089857587830283,-0.0016465090800602822,0.6478373543605056
SUSHI/USD,1d,state_ret_day=ret_day_down + state_ext=stretched_up,calendar_2024,ok,2024-01-01 00:00:00+00:00,2024-12-31 00:00:00+00:00,366.0,34.0,-0.03956771978394778,0.4411764705882353,-0.8647951465538184,0.3871512355134974,False,366.0,-0.013848739857466172,-0.02571897992648161,state_ret_day=ret_day_down,120.0,-0.015180904773738747,-0.024386815010209034,0.4777014026848523
SUSHI/USD,1d,state_ret_day=ret_day_down + state_ext=stretched_up,calendar_2025,ok,2025-01-01 00:00:00+00:00,2025-12-31 00:00:00+00:00,365.0,16.0,0.06689337938213218,0.8125,3.957303129592812,7.580071437374158e-05,True,365.0,0.014850030023750602,0.05204334935838158,state_ext=stretched_up,88.0,0.04505184419797911,0.021841535184153063,0.06456281520520069
SUSHI/USD,1d,state_ret_day=ret_day_down + state_ext=stretched_up,calendar_2026_ytd,ok,2026-01-01 00:00:00+00:00,2026-07-18 00:00:00+00:00,199.0,10.0,0.018253454432405954,0.6,0.7263492725030916,0.4676246805989346,False,199.0,0.01316434378584555,0.005089110646560403,state_ext=stretched_up,59.0,0.025499996297212408,-0.007246541864806454,0.10342791289392483
SUSHI/USD,1d,state_ret_day=ret_day_down + state_ext=stretched_up,latest_12m,ok,2025-07-18 00:00:00+00:00,2026-07-18 00:00:00+00:00,366.0,15.0,0.03383056505693922,0.7333333333333333,1.682039372084185,0.09256120546661872,False,366.0,0.01971434758742714,0.014116217469512079,state_ext=stretched_up,88.0,0.049193247491649814,-0.015362682434710596,0.0002361938188033541
SUSHI/USD,1d,state_ret_day=ret_day_down + state_ext=stretched_up,latest_6m,ok,2026-01-18 00:00:00+00:00,2026-07-18 00:00:00+00:00,182.0,7.0,0.014623189130273911,0.5714285714285714,0.3943331888732662,0.693335063102777,False,182.0,0.012944148904155696,0.0016790402261182159,state_ext=stretched_up,44.0,0.027121794449319014,-0.012498605319045102,0.15796967028801157
DOT/USD,1d,state_ret_day=ret_day_up + state_ext=stretched_up,all,ok,2023-08-18 00:00:00+00:00,2026-07-18 00:00:00+00:00,1066.0,118.0,0.011130256262712078,0.5847457627118644,0.7659528972583219,0.4437043295091758,False,1066.0,0.0033786206883847474,0.00775163557432733,state_ret_day=ret_day_up,265.0,0.011490382373734386,-0.0003601261110223082,0.1658885602269995
DOT/USD,1d,state_ret_day=ret_day_up + state_ext=stretched_up,calendar_2024,ok,2024-01-01 00:00:00+00:00,2024-12-31 00:00:00+00:00,366.0,49.0,-0.013144161386233394,0.5102040816326531,-0.5010747374719489,0.616318525291087,False,366.0,-0.004460828339857393,-0.008683333046376002,state_ret_day=ret_day_up,97.0,-0.00407717908617249,-0.009066982300060904,0.8136632109416335
DOT/USD,1d,state_ret_day=ret_day_up + state_ext=stretched_up,calendar_2025,ok,2025-01-01 00:00:00+00:00,2025-12-31 00:00:00+00:00,365.0,50.0,0.02664451717322565,0.58,1.5653889136160433,0.1174917463145504,False,365.0,0.012580249761879448,0.0140642674113462,state_ext=stretched_up,101.0,0.03528277329009223,-0.008638256116866583,0.008441295453992304
DOT/USD,1d,state_ret_day=ret_day_up + state_ext=stretched_up,calendar_2026_ytd,ok,2026-01-01 00:00:00+00:00,2026-07-18 00:00:00+00:00,199.0,19.0,0.03290569938232522,0.7894736842105263,1.8983991715424726,0.05764351867925899,False,199.0,0.020207372732075967,0.01269832665024925,state_ext=stretched_up,48.0,0.029201039568512003,0.0037046598138132138,0.011121300722704675
DOT/USD,1d,state_ret_day=ret_day_up + state_ext=stretched_up,latest_12m,ok,2025-07-18 00:00:00+00:00,2026-07-18 00:00:00+00:00,366.0,40.0,0.04500699630127225,0.75,3.309318107041641,0.0009352351216507238,True,366.0,0.01887266533512046,0.02613433096615179,state_ext=stretched_up,91.0,0.04344940856962519,0.0015575877316470615,2.0579034824219633e-05
DOT/USD,1d,state_ret_day=ret_day_up + state_ext=stretched_up,latest_6m,ok,2026-01-18 00:00:00+00:00,2026-07-18 00:00:00+00:00,182.0,14.0,0.03374237039747447,0.7857142857142857,2.089406250204069,0.03667116908116563,False,182.0,0.02031260209561343,0.013429768301861041,state_ext=stretched_up,31.0,0.034750848613132365,-0.0010084782156578945,0.0029395241752530055
DOGE/USD,1d,state_volume=vol_quiet + state_ext=stretched_down,all,ok,2021-07-13 00:00:00+00:00,2026-07-18 00:00:00+00:00,1832.0,390.0,0.010892691960247747,0.5564102564102564,1.7566309936030686,0.07898072657191113,False,1832.0,-0.003562128076265565,0.014454820036513312,state_ext=stretched_down,922.0,0.006295393567099682,0.004597298393148065,0.2037722760077214
DOGE/USD,1d,state_volume=vol_quiet + state_ext=stretched_down,calendar_2024,ok,2024-01-01 00:00:00+00:00,2024-12-31 00:00:00+00:00,366.0,72.0,0.0035859035889528722,0.5,0.235204168153548,0.814050271019453,False,366.0,-0.029819365813415714,0.033405269402368584,state_ext=stretched_down,159.0,-0.004869444228183767,0.008455347817136638,0.6905902574482987
DOGE/USD,1d,state_volume=vol_quiet + state_ext=stretched_down,calendar_2025,ok,2025-01-01 00:00:00+00:00,2025-12-31 00:00:00+00:00,365.0,91.0,0.01996164229349555,0.5934065934065934,1.4825824143135968,0.1381853922720473,False,365.0,0.007040626508879594,0.012921015784615955,state_volume=vol_quiet,126.0,0.014158082386038731,0.005803559907456818,0.30570411388738883
DOGE/USD,1d,state_volume=vol_quiet + state_ext=stretched_down,calendar_2026_ytd,ok,2026-01-01 00:00:00+00:00,2026-07-18 00:00:00+00:00,199.0,45.0,0.030806064917908976,0.6444444444444445,2.000891018942689,0.045404135638826615,True,199.0,0.014897611483390832,0.015908453434518143,state_ext=stretched_down,111.0,0.018492969876101797,0.012313095041807179,0.07563321670865175
DOGE/USD,1d,state_volume=vol_quiet + state_ext=stretched_down,latest_12m,ok,2025-07-18 00:00:00+00:00,2026-07-18 00:00:00+00:00,366.0,88.0,0.024217956553922726,0.6363636363636364,2.2922705179916636,0.02189003796155986,True,366.0,0.014094766830481434,0.010123189723441292,state_volume=vol_quiet,130.0,0.020436606639333072,0.003781349914589654,0.0209481806479479
DOGE/USD,1d,state_volume=vol_quiet + state_ext=stretched_down,latest_6m,ok,2026-01-18 00:00:00+00:00,2026-07-18 00:00:00+00:00,182.0,45.0,0.030806064917908976,0.6444444444444445,2.000891018942689,0.045404135638826615,True,182.0,0.013502242560817255,0.01730382235709172,state_ext=stretched_down,111.0,0.018492969876101797,0.012313095041807179,0.07563321670865175
XRP/USD,1d,cross_TLT_state_slope=uptrend + state_slope=flat,all,ok,2024-01-01 00:00:00+00:00,2026-07-18 00:00:00+00:00,930.0,94.0,0.0004104564002204681,0.5106382978723404,0.04650987183311817,0.9629038660174316,False,930.0,-0.00813339438822198,0.008543850788442447,cross_TLT_state_slope=uptrend,357.0,-0.0007012740611824402,0.0011117304614029083,0.9174785865678923
XRP/USD,1d,cross_TLT_state_slope=uptrend + state_slope=flat,calendar_2024,ok,2024-01-01 00:00:00+00:00,2024-12-31 00:00:00+00:00,366.0,11.0,0.0007394791774703383,0.5454545454545454,0.03227898869144001,0.9742495650675318,False,366.0,-0.025896079263533826,0.026635558441004164,cross_TLT_state_slope=uptrend,153.0,0.0025283942420711333,-0.001788915064600795,0.7386315015632774
XRP/USD,1d,cross_TLT_state_slope=uptrend + state_slope=flat,calendar_2025,ok,2025-01-01 00:00:00+00:00,2025-12-31 00:00:00+00:00,365.0,57.0,-0.007536493489694367,0.43859649122807015,-0.5993665499417621,0.5489284779959052,False,365.0,-0.001952040629345084,-0.0055844528603492824,state_slope=flat,112.0,0.002407192103951951,-0.009943685593646317,0.8170720946650829
XRP/USD,1d,cross_TLT_state_slope=uptrend + state_slope=flat,calendar_2026_ytd,ok,2026-01-01 00:00:00+00:00,2026-07-18 00:00:00+00:00,199.0,26.0,0.01769341383004344,0.6538461538461539,1.9590032087726212,0.050112411002873,False,199.0,0.01319800532220049,0.004495408507842948,cross_TLT_state_slope=uptrend,60.0,0.005912477112546793,0.011780936717496644,0.5589221492809933
XRP/USD,1d,cross_TLT_state_slope=uptrend + state_slope=flat,latest_12m,ok,2025-07-18 00:00:00+00:00,2026-07-18 00:00:00+00:00,366.0,49.0,0.016377867543434173,0.673469387755102,2.310716111668297,0.020848540714465846,True,366.0,0.013082288879176444,0.003295578664257729,cross_TLT_state_slope=uptrend,121.0,0.004200417137541744,0.01217745040589243,0.6266191030771293
XRP/USD,1d,cross_TLT_state_slope=uptrend + state_slope=flat,latest_6m,ok,2026-01-18 00:00:00+00:00,2026-07-18 00:00:00+00:00,182.0,26.0,0.01769341383004344,0.6538461538461539,1.9590032087726212,0.050112411002873,False,182.0,0.013145945888878638,0.0045474679411648,cross_TLT_state_slope=uptrend,60.0,0.005912477112546793,0.011780936717496644,0.5589221492809933
CRV/USD,1d,state_ext=stretched_up + state_vol=mid_vol,all,ok,2023-08-18 00:00:00+00:00,2026-07-18 00:00:00+00:00,1066.0,98.0,0.0003037013103701608,0.5714285714285714,0.012556361448706834,0.9899817363111785,False,1066.0,-0.0034415481086966953,0.0037452494190668563,state_vol=mid_vol,283.0,0.009494059777640822,-0.009190358467270662,0.4251990203846765
CRV/USD,1d,state_ext=stretched_up + state_vol=mid_vol,calendar_2024,ok,2024-01-01 00:00:00+00:00,2024-12-31 00:00:00+00:00,366.0,29.0,-0.02225501075161097,0.41379310344827586,-0.9113495448362589,0.362111229174535,False,366.0,-0.017895478617515517,-0.004359532134095453,state_vol=mid_vol,73.0,0.021523196593171878,-0.04377820734478285,0.31231048772931524
CRV/USD,1d,state_ext=stretched_up + state_vol=mid_vol,calendar_2025,ok,2025-01-01 00:00:00+00:00,2025-12-31 00:00:00+00:00,365.0,61.0,0.00989215450885631,0.639344262295082,0.26806112037716184,0.7886522723605172,False,365.0,0.004549795313506514,0.005342359195349796,state_vol=mid_vol,170.0,0.008114297473356605,0.0017778570354997046,0.6181595729183991
CRV/USD,1d,state_ext=stretched_up + state_vol=mid_vol,calendar_2026_ytd,ok,2026-01-01 00:00:00+00:00,2026-07-18 00:00:00+00:00,199.0,8.0,0.008967076896594874,0.625,0.3784489756728603,0.70509709144145,False,199.0,0.013277055994760112,-0.004309979098165238,state_ext=stretched_up,73.0,0.023842625246102235,-0.014875548349507361,0.0817932559915735
CRV/USD,1d,state_ext=stretched_up + state_vol=mid_vol,latest_12m,ok,2025-07-18 00:00:00+00:00,2026-07-18 00:00:00+00:00,366.0,27.0,0.07032857008690158,0.7407407407407407,2.3919835108026604,0.01675759522043707,True,366.0,0.016386681983368043,0.053941888103533536,state_ext=stretched_up,109.0,0.04100863104535837,0.02931993904154321,0.005002593494686902
CRV/USD,1d,state_ext=stretched_up + state_vol=mid_vol,latest_6m,ok,2026-01-18 00:00:00+00:00,2026-07-18 00:00:00+00:00,182.0,6.0,0.0333622241899205,0.8333333333333334,2.1062874959825644,0.035179386800770374,False,182.0,0.01210382280821652,0.021258401381703977,state_ext=stretched_up,58.0,0.020142705014863548,0.01321951917505695,0.19479124484491628
AVAX/USD,1d,cross_USO_state_ext=stretched_up + cross_TLT_state_slope=flat + state_ext=stretched_up,all,ok,2021-11-18 00:00:00+00:00,2026-07-18 00:00:00+00:00,1704.0,87.0,0.03505038677856165,0.6436781609195402,2.319870729258359,0.020347871441938725,True,1704.0,0.002266710160130235,0.032783676618431415,cross_USO_state_ext=stretched_up + cross_TLT_state_slope=flat,250.0,0.034183707265273866,0.0008666795132877825,0.001571493330054352
AVAX/USD,1d,cross_USO_state_ext=stretched_up + cross_TLT_state_slope=flat + state_ext=stretched_up,calendar_2024,ok,2024-01-01 00:00:00+00:00,2024-12-31 00:00:00+00:00,366.0,31.0,-0.008308686839205976,0.4838709677419355,-0.39376408545169095,0.693755222287022,False,366.0,-0.007093229194667706,-0.0012154576445382705,cross_USO_state_ext=stretched_up + cross_TLT_state_slope=flat,65.0,0.011078507611704126,-0.019387194450910104,0.6414656105668919
AVAX/USD,1d,cross_USO_state_ext=stretched_up + cross_TLT_state_slope=flat + state_ext=stretched_up,calendar_2025,ok,2025-01-01 00:00:00+00:00,2025-12-31 00:00:00+00:00,365.0,16.0,0.09435771831767431,0.875,5.712056601218698,1.1161894963862551e-08,True,365.0,0.009329605647915918,0.08502811266975839,cross_USO_state_ext=stretched_up + state_ext=stretched_up,24.0,0.09199983768592869,0.002357880631745621,1.851700921484678e-07
AVAX/USD,1d,cross_USO_state_ext=stretched_up + cross_TLT_state_slope=flat + state_ext=stretched_up,calendar_2026_ytd,ok,2026-01-01 00:00:00+00:00,2026-07-18 00:00:00+00:00,199.0,17.0,0.014112247352620544,0.5882352941176471,0.67960281356129,0.49675598768509666,False,199.0,0.016732382243115015,-0.0026201348904944712,cross_TLT_state_slope=flat,103.0,0.027032332715523803,-0.012920085362903259,0.04922341456328372
AVAX/USD,1d,cross_USO_state_ext=stretched_up + cross_TLT_state_slope=flat + state_ext=stretched_up,latest_12m,ok,2025-07-18 00:00:00+00:00,2026-07-18 00:00:00+00:00,366.0,21.0,0.02587509714213369,0.6190476190476191,1.2641774052586048,0.20616635875071565,False,366.0,0.01472794861861402,0.01114714852351967,cross_USO_state_ext=stretched_up + state_ext=stretched_up,35.0,0.02522087537237509,0.0006542217697586006,0.09696657177235757
AVAX/USD,1d,cross_USO_state_ext=stretched_up + cross_TLT_state_slope=flat + state_ext=stretched_up,latest_6m,ok,2026-01-18 00:00:00+00:00,2026-07-18 00:00:00+00:00,182.0,11.0,0.010541762551588263,0.6363636363636364,0.40479955321659483,0.6856248572342836,False,182.0,0.015379529402008409,-0.004837766850420146,cross_TLT_state_slope=flat,86.0,0.02620535528470458,-0.015663592733116315,0.06923488571079317
SUSHI/USD,1d,cross_USO_state_vol=mid_vol + state_ext=stretched_up,all,ok,2021-07-23 00:00:00+00:00,2026-07-18 00:00:00+00:00,1822.0,207.0,0.0005113686477535175,0.5314009661835749,0.03641834667544796,0.9709487853511043,False,1822.0,0.002489867830105468,-0.0019784991823519507,state_ext=stretched_up,634.0,0.005089857587830283,-0.004578488940076766,0.6478373543605056
SUSHI/USD,1d,cross_USO_state_vol=mid_vol + state_ext=stretched_up,calendar_2024,ok,2024-01-01 00:00:00+00:00,2024-12-31 00:00:00+00:00,366.0,46.0,-0.05639471321820541,0.45652173913043476,-1.4949418975483193,0.13492960649473495,False,366.0,-0.013848739857466172,-0.04254597336073924,state_ext=stretched_up,148.0,-0.03487800463730406,-0.02151670858090135,0.15944194459421968
SUSHI/USD,1d,cross_USO_state_vol=mid_vol + state_ext=stretched_up,calendar_2025,ok,2025-01-01 00:00:00+00:00,2025-12-31 00:00:00+00:00,365.0,14.0,0.05749298110062447,0.7857142857142857,2.1169790293144395,0.034261627612735435,False,365.0,0.014850030023750602,0.04264295107687387,state_ext=stretched_up,88.0,0.04505184419797911,0.01244113690264536,0.06456281520520069
SUSHI/USD,1d,cross_USO_state_vol=mid_vol + state_ext=stretched_up,calendar_2026_ytd,ok,2026-01-01 00:00:00+00:00,2026-07-18 00:00:00+00:00,199.0,11.0,0.035333905063046185,0.6363636363636364,1.3964000942528738,0.16259404674070366,False,199.0,0.01316434378584555,0.022169561277200635,cross_USO_state_vol=mid_vol,40.0,0.04721194531806184,-0.011878040255015654,0.024295610266792833
SUSHI/USD,1d,cross_USO_state_vol=mid_vol + state_ext=stretched_up,latest_12m,ok,2025-07-18 00:00:00+00:00,2026-07-18 00:00:00+00:00,366.0,13.0,0.043338611011321346,0.6923076923076923,1.8540661767949929,0.06372969292643282,False,366.0,0.01971434758742714,0.023624263423894207,state_ext=stretched_up,88.0,0.049193247491649814,-0.005854636480328468,0.0002361938188033541
SUSHI/USD,1d,cross_USO_state_vol=mid_vol + state_ext=stretched_up,latest_6m,ok,2026-01-18 00:00:00+00:00,2026-07-18 00:00:00+00:00,182.0,1.0,0.018329530696225206,1.0,,,False,182.0,0.012944148904155696,0.0053853817920695105,cross_USO_state_vol=mid_vol,28.0,0.05590735359513423,-0.03757782289890902,0.030867573574860474
LINK/USD,1d,cross_USO_state_ext=stretched_up + cross_TLT_state_slope=flat + state_ext=stretched_up,all,ok,2021-07-13 00:00:00+00:00,2026-07-18 00:00:00+00:00,1832.0,116.0,0.021659716464104636,0.5948275862068966,1.3610752393219567,0.17348991359053612,False,1832.0,-0.00351857451094862,0.025178290975053256,cross_USO_state_ext=stretched_up + cross_TLT_state_slope=flat,250.0,0.016771219982251697,0.004888496481852939,0.1196263738388117
LINK/USD,1d,cross_USO_state_ext=stretched_up + cross_TLT_state_slope=flat + state_ext=stretched_up,calendar_2024,ok,2024-01-01 00:00:00+00:00,2024-12-31 00:00:00+00:00,366.0,21.0,-0.021793478171592367,0.47619047619047616,-0.774363998520776,0.4387155672097902,False,366.0,-0.011834333293090854,-0.009959144878501512,cross_USO_state_ext=stretched_up + state_ext=stretched_up,36.0,0.008874092075048206,-0.030667570246640574,0.7607834008638881
LINK/USD,1d,cross_USO_state_ext=stretched_up + cross_TLT_state_slope=flat + state_ext=stretched_up,calendar_2025,ok,2025-01-01 00:00:00+00:00,2025-12-31 00:00:00+00:00,365.0,24.0,0.049654062677960215,0.75,2.885111368074171,0.003912752205335046,True,365.0,0.002476009289937611,0.047178053388022605,cross_USO_state_ext=stretched_up + state_ext=stretched_up,29.0,0.046847735869345805,0.0028063268086144094,0.02600290603289368
LINK/USD,1d,cross_USO_state_ext=stretched_up + cross_TLT_state_slope=flat + state_ext=stretched_up,calendar_2026_ytd,ok,2026-01-01 00:00:00+00:00,2026-07-18 00:00:00+00:00,199.0,26.0,0.01598127931781175,0.6153846153846154,0.9382740794892379,0.34810357689913163,False,199.0,0.008722157942409025,0.007259121375402725,cross_USO_state_ext=stretched_up + state_ext=stretched_up,44.0,0.02095593858729317,-0.004974659269481419,0.11564680044241538
LINK/USD,1d,cross_USO_state_ext=stretched_up + cross_TLT_state_slope=flat + state_ext=stretched_up,latest_12m,ok,2025-07-18 00:00:00+00:00,2026-07-18 00:00:00+00:00,366.0,32.0,0.02058205612658981,0.625,1.3283830116156357,0.18405160877144455,False,366.0,0.007565101320617946,0.013016954805971863,cross_TLT_state_slope=flat + state_ext=stretched_up,76.0,0.02677167647992183,-0.00618962035333202,0.007527879450152097
LINK/USD,1d,cross_USO_state_ext=stretched_up + cross_TLT_state_slope=flat + state_ext=stretched_up,latest_6m,ok,2026-01-18 00:00:00+00:00,2026-07-18 00:00:00+00:00,182.0,17.0,0.01053982572623718,0.6470588235294118,0.5993243349870009,0.5489566231643588,False,182.0,0.008303168004264385,0.0022366577219727953,cross_USO_state_ext=stretched_up + state_ext=stretched_up,35.0,0.019592144940680744,-0.009052319214443563,0.12578382676693378
BCH/USD,1d,cross_USO_state_slope=uptrend + state_slope=flat,all,ok,2021-07-13 00:00:00+00:00,2026-07-18 00:00:00+00:00,1832.0,182.0,0.00995398722236363,0.554945054945055,0.9229229852291743,0.3560473413593326,False,1832.0,-0.002804380812973031,0.012758368035336662,cross_USO_state_slope=uptrend,398.0,0.0026786268745315465,0.007275360347832084,0.7763505286102692
BCH/USD,1d,cross_USO_state_slope=uptrend + state_slope=flat,calendar_2024,ok,2024-01-01 00:00:00+00:00,2024-12-31 00:00:00+00:00,366.0,20.0,-0.05994156936274235,0.3,-1.6716302756650214,0.09459725085815895,False,366.0,-0.015128176657587344,-0.044813392705155004,state_slope=flat,97.0,-0.024012713790673754,-0.035928855572068596,0.14765170593243293
BCH/USD,1d,cross_USO_state_slope=uptrend + state_slope=flat,calendar_2025,ok,2025-01-01 00:00:00+00:00,2025-12-31 00:00:00+00:00,365.0,43.0,0.014713784133296978,0.6744186046511628,1.3960947468718723,0.16268596551545356,False,365.0,-0.007149859809602307,0.021863643942899285,state_slope=flat,144.0,0.009348024884238755,0.005365759249058223,0.2909380813942768
BCH/USD,1d,cross_USO_state_slope=uptrend + state_slope=flat,calendar_2026_ytd,ok,2026-01-01 00:00:00+00:00,2026-07-18 00:00:00+00:00,199.0,56.0,0.016524361847879192,0.5714285714285714,1.6379688748899652,0.10142818679793697,False,199.0,0.023158684953890587,-0.006634323106011395,cross_USO_state_slope=uptrend,123.0,0.017878726279941637,-0.0013543644320624451,0.050069713606484934
BCH/USD,1d,cross_USO_state_slope=uptrend + state_slope=flat,latest_12m,ok,2025-07-18 00:00:00+00:00,2026-07-18 00:00:00+00:00,366.0,61.0,0.016844745599266842,0.5901639344262295,1.8077133470188513,0.0706511262012679,False,366.0,0.008995373881440429,0.007849371717826414,cross_USO_state_slope=uptrend,131.0,0.016849283655262896,-4.538055996053392e-06,0.052524568928144166
BCH/USD,1d,cross_USO_state_slope=uptrend + state_slope=flat,latest_6m,ok,2026-01-18 00:00:00+00:00,2026-07-18 00:00:00+00:00,182.0,52.0,0.0164496169063523,0.5576923076923077,1.5186202455245996,0.12885811210251918,False,182.0,0.023533269677521014,-0.007083652771168715,cross_USO_state_slope=uptrend,117.0,0.017471237093049465,-0.0010216201866971655,0.06799604077367949
