symbol,timeframe,slice_combination,regime,regime_symbol,diagnostic_status,regime_window_rows,slice_n,slice_mean_ret_costadj,slice_win_rate,slice_t_stat_nw,slice_p_value_nw,slice_pass,baseline_mean_ret_costadj,excess_vs_baseline,best_parent_filter,best_parent_mean_ret_costadj,excess_vs_best_parent
AAVE/USD,1d,cross_USO_state_slope=uptrend + cross_TLT_state_ext=neutral + state_ext=stretched_up,all,BTC/USD,ok,1830,83,0.04708826023500763,0.6746987951807228,3.160807325412112,0.0015733253328593655,True,-0.0038038282031588764,0.050892088438166505,cross_USO_state_slope=uptrend + state_ext=stretched_up,0.04295533939125402,0.004132920843753614
AAVE/USD,1d,cross_USO_state_slope=uptrend + cross_TLT_state_ext=neutral + state_ext=stretched_up,bull,BTC/USD,ok,515,42,0.035649301334335186,0.6428571428571429,1.513523513253506,0.13014673314105418,False,-0.006850746648017595,0.04250004798235278,cross_USO_state_slope=uptrend + state_ext=stretched_up,0.04794692912125718,-0.012297627786921991
AAVE/USD,1d,cross_USO_state_slope=uptrend + cross_TLT_state_ext=neutral + state_ext=stretched_up,bear,BTC/USD,ok,481,9,0.04901533103554426,0.6666666666666666,1.4660495005650769,0.14263480185230915,False,-0.009803211926236514,0.05881854296178077,cross_USO_state_slope=uptrend + cross_TLT_state_ext=neutral,0.02121961462418734,0.02779571641135692
AAVE/USD,1d,cross_USO_state_slope=uptrend + cross_TLT_state_ext=neutral + state_ext=stretched_up,neutral,BTC/USD,ok,637,32,0.06155990512948925,0.71875,3.6963398552696054,0.00021873012520456925,True,0.0009862562402196836,0.06057364888926957,cross_USO_state_slope=uptrend + state_ext=stretched_up,0.0537334524332822,0.007826452696207048
AAVE/USD,1d,cross_USO_state_slope=uptrend + cross_TLT_state_ext=neutral + state_ext=stretched_up,regime_warmup,BTC/USD,ok,197,0,,,,,False,0.003320957479432192,,cross_TLT_state_ext=neutral + state_ext=stretched_up,0.03521275423191212,
AAVE/USD,1d,cross_USO_state_slope=uptrend + state_ext=stretched_up,all,BTC/USD,ok,1830,136,0.04295533939125402,0.6617647058823529,3.2940898327095844,0.0009874093621096147,True,-0.0038038282031588764,0.04675916759441289,cross_USO_state_slope=uptrend,0.018706971134997762,0.024248368256256255
AAVE/USD,1d,cross_USO_state_slope=uptrend + state_ext=stretched_up,bull,BTC/USD,ok,515,60,0.04794692912125718,0.65,2.048502124563887,0.04051082413483553,True,-0.006850746648017595,0.05479767576927477,cross_USO_state_slope=uptrend,0.027992144473579297,0.01995478464767788
AAVE/USD,1d,cross_USO_state_slope=uptrend + state_ext=stretched_up,bear,BTC/USD,ok,481,30,0.016445719933471162,0.5666666666666667,0.6731179144001098,0.5008722777738877,False,-0.009803211926236514,0.026248931859707676,cross_USO_state_slope=uptrend,0.01913964976378902,-0.0026939298303178573
AAVE/USD,1d,cross_USO_state_slope=uptrend + state_ext=stretched_up,neutral,BTC/USD,ok,637,46,0.0537334524332822,0.7391304347826086,3.446572387959665,0.0005677464409301614,True,0.0009862562402196836,0.05274719619306252,cross_USO_state_slope=uptrend,0.011202678274583298,0.04253077415869891
AAVE/USD,1d,cross_USO_state_slope=uptrend + state_ext=stretched_up,regime_warmup,BTC/USD,ok,197,0,,,,,False,0.003320957479432192,,state_ext=stretched_up,0.03109459430005056,
AAVE/USD,1d,cross_USO_state_slope=uptrend + cross_TLT_state_slope=flat + state_ext=stretched_up,all,BTC/USD,ok,1830,58,0.0550554718744708,0.7068965517241379,2.4389953762813033,0.014728156702348727,True,-0.0038038282031588764,0.05885930007762968,cross_USO_state_slope=uptrend + state_ext=stretched_up,0.04295533939125402,0.012100132483216786
AAVE/USD,1d,cross_USO_state_slope=uptrend + cross_TLT_state_slope=flat + state_ext=stretched_up,bull,BTC/USD,ok,515,30,0.05844725105721245,0.7,1.5641216723321243,0.1177889972790207,False,-0.006850746648017595,0.06529799770523004,cross_USO_state_slope=uptrend + state_ext=stretched_up,0.04794692912125718,0.010500321935955272
AAVE/USD,1d,cross_USO_state_slope=uptrend + cross_TLT_state_slope=flat + state_ext=stretched_up,bear,BTC/USD,ok,481,5,-0.02183170105203039,0.4,-0.8507912787002861,0.39488530716389336,False,-0.009803211926236514,-0.012028489125793875,cross_USO_state_slope=uptrend + cross_TLT_state_slope=flat,0.051956186859666076,-0.07378788791169646
AAVE/USD,1d,cross_USO_state_slope=uptrend + cross_TLT_state_slope=flat + state_ext=stretched_up,neutral,BTC/USD,ok,637,23,0.06734601488100367,0.782608695652174,4.7947989752418465,1.628380398521756e-06,True,0.0009862562402196836,0.06635975864078399,cross_USO_state_slope=uptrend + state_ext=stretched_up,0.0537334524332822,0.013612562447721466
AAVE/USD,1d,cross_USO_state_slope=uptrend + cross_TLT_state_slope=flat + state_ext=stretched_up,regime_warmup,BTC/USD,ok,197,0,,,,,False,0.003320957479432192,,state_ext=stretched_up,0.03109459430005056,
CRV/USD,1d,cross_TLT_state_slope=uptrend + state_slope=uptrend,all,BTC/USD,ok,1066,66,0.023560665948867205,0.6666666666666666,1.0582771418565657,0.28992911088831264,False,-0.0034415481086966953,0.0270022140575639,cross_TLT_state_slope=uptrend,0.006019906474611386,0.017540759474255818
CRV/USD,1d,cross_TLT_state_slope=uptrend + state_slope=uptrend,bull,BTC/USD,ok,395,25,0.012550032016816117,0.68,0.26865499601416293,0.7881951868243924,False,-0.007950843229596606,0.020500875246412725,cross_TLT_state_slope=uptrend,0.01774821960150869,-0.005198187584692572
CRV/USD,1d,cross_TLT_state_slope=uptrend + state_slope=uptrend,bear,BTC/USD,ok,223,24,0.044788788187805455,0.75,2.0762086665484634,0.037874656079225355,True,-0.0061788542615246475,0.0509676424493301,state_slope=uptrend,0.0274479832225001,0.017340804965305354
CRV/USD,1d,cross_TLT_state_slope=uptrend + state_slope=uptrend,neutral,BTC/USD,ok,448,17,0.009783660923382446,0.5294117647058824,0.3044784631987231,0.7607633982169308,False,0.0018968243128124538,0.007886836610569993,state_slope=uptrend,0.011860958099483959,-0.0020772971761015124
CRV/USD,1d,cross_TLT_state_slope=uptrend + state_ext=stretched_up,all,BTC/USD,ok,1066,129,0.02672325909569034,0.6356589147286822,1.8702760830575473,0.061445489032490475,False,-0.0034415481086966953,0.030164807204387037,cross_TLT_state_slope=uptrend,0.006019906474611386,0.020703352621078953
CRV/USD,1d,cross_TLT_state_slope=uptrend + state_ext=stretched_up,bull,BTC/USD,ok,395,80,0.02839005273283681,0.6375,1.4845457242178695,0.13766420223949583,False,-0.007950843229596606,0.036340895962433416,cross_TLT_state_slope=uptrend,0.01774821960150869,0.010641833131328122
CRV/USD,1d,cross_TLT_state_slope=uptrend + state_ext=stretched_up,bear,BTC/USD,ok,223,29,0.027952953763469134,0.6896551724137931,1.573315707119162,0.11564573411643986,False,-0.0061788542615246475,0.034131808024993784,state_ext=stretched_up,-2.885642543339289e-05,0.02798181018890253
CRV/USD,1d,cross_TLT_state_slope=uptrend + state_ext=stretched_up,neutral,BTC/USD,ok,448,20,0.018273027278825193,0.55,0.6294376493523695,0.5290625762773635,False,0.0018968243128124538,0.016376202966012738,state_ext=stretched_up,0.01145713647604017,0.006815890802785022
XRP/USD,1d,state_ext=neutral + state_vol=mid_vol,all,BTC/USD,ok,930,52,0.03447388478048821,0.8076923076923077,3.9366328677013587,8.263287723564439e-05,True,-0.00813339438822198,0.04260727916871019,state_ext=neutral,0.01913092643770421,0.015342958342784003
XRP/USD,1d,state_ext=neutral + state_vol=mid_vol,bull,BTC/USD,ok,332,15,0.028015066283502706,0.7333333333333333,2.31411047196551,0.02066166314092266,True,-0.01867915717188282,0.04669422345538553,state_ext=neutral,0.035019896314982625,-0.0070048300314799194
XRP/USD,1d,state_ext=neutral + state_vol=mid_vol,bear,BTC/USD,ok,207,16,0.03891688492666992,0.875,5.038800497156146,4.6845847267995566e-07,True,0.004051566326740499,0.03486531859992942,state_vol=mid_vol,0.015918718732157056,0.022998166194512865
XRP/USD,1d,state_ext=neutral + state_vol=mid_vol,neutral,BTC/USD,ok,391,21,0.03570218359552989,0.8095238095238095,1.8071044568589514,0.07074599388358349,False,-0.0056297975182010886,0.04133198111373097,state_ext=neutral,0.015398846559486933,0.020303337036042955
SUSHI/USD,1d,cross_USO_state_vol=low_vol + state_ext=stretched_up,all,BTC/USD,ok,1822,209,0.026697672102742646,0.6411483253588517,1.469257244153278,0.1417630289399865,False,0.002489867830105468,0.02420780427263718,cross_USO_state_vol=low_vol,0.01832986405308955,0.008367808049653095
SUSHI/USD,1d,cross_USO_state_vol=low_vol + state_ext=stretched_up,bull,BTC/USD,ok,515,143,0.021629113100603118,0.6293706293706294,0.8573690257660993,0.39124097181849526,False,0.004339228921362992,0.017289884179240128,cross_USO_state_vol=low_vol,0.028007970747788616,-0.006378857647185498
SUSHI/USD,1d,cross_USO_state_vol=low_vol + state_ext=stretched_up,bear,BTC/USD,ok,481,9,0.004127664515895514,0.6666666666666666,0.21405249341602348,0.8305061218796366,False,0.0029078217429439196,0.0012198427729515947,state_ext=stretched_up,0.01584677048356844,-0.011719105967672925
SUSHI/USD,1d,cross_USO_state_vol=low_vol + state_ext=stretched_up,neutral,BTC/USD,ok,637,57,0.04297721606041942,0.6666666666666666,2.595279227663274,0.00945141004268546,True,-0.000297869323747281,0.043275085384166696,cross_USO_state_vol=low_vol,0.01012124119839219,0.03285597486202723
SUSHI/USD,1d,cross_USO_state_vol=low_vol + state_ext=stretched_up,regime_warmup,BTC/USD,ok,189,0,,,,,False,0.005782628533445588,,state_ext=stretched_up,0.03739847542737802,
CRV/USD,1h,state_weekpart=weekend + state_ext=stretched_up + state_vol=low_vol,all,BTC/USD,ok,9072,178,0.002548553193834859,0.601123595505618,1.1624236895637026,0.2450634052360261,False,0.00019551873813968769,0.002353034455695171,state_weekpart=weekend + state_ext=stretched_up,0.0025691670779531793,-2.0613884118320276e-05
CRV/USD,1h,state_weekpart=weekend + state_ext=stretched_up + state_vol=low_vol,bull,BTC/USD,ok,2307,75,0.0011480915758971437,0.6,0.33448358499445785,0.7380146756005037,False,0.0014433108531442967,-0.00029521927724715296,state_ext=stretched_up,0.00429973444349838,-0.003151642867601236
CRV/USD,1h,state_weekpart=weekend + state_ext=stretched_up + state_vol=low_vol,bear,BTC/USD,ok,2785,34,0.0013908251481228391,0.5588235294117647,0.38124616729278105,0.7030205947296384,False,0.0001891084825125637,0.0012017166656102755,state_weekpart=weekend + state_vol=low_vol,0.0015676019228334527,-0.0001767767747106136
CRV/USD,1h,state_weekpart=weekend + state_ext=stretched_up + state_vol=low_vol,neutral,BTC/USD,ok,3781,69,0.004641268772089028,0.6231884057971014,1.2999337185487836,0.19362368726790002,False,3.0726246645722614e-05,0.004610542525443305,state_weekpart=weekend + state_ext=stretched_up,0.004482076411994121,0.00015919236009490686
CRV/USD,1h,state_weekpart=weekend + state_ext=stretched_up + state_vol=low_vol,regime_warmup,BTC/USD,ok,199,0,,,,,False,-0.011049322654098564,,state_weekpart=weekend + state_ext=stretched_up,-0.0052535272016317565,
AAVE/USD,1d,cross_USO_state_slope=uptrend + cross_TLT_state_slope=uptrend + state_ext=stretched_up,all,BTC/USD,ok,1830,44,0.05737416116661975,0.7045454545454546,3.2441557173618585,0.001177993277498235,True,-0.0038038282031588764,0.061177989369778626,cross_USO_state_slope=uptrend + state_ext=stretched_up,0.04295533939125402,0.014418821775365735
AAVE/USD,1d,cross_USO_state_slope=uptrend + cross_TLT_state_slope=uptrend + state_ext=stretched_up,bull,BTC/USD,ok,515,19,0.03603965485444377,0.5789473684210527,1.339005443977563,0.18056890064817122,False,-0.006850746648017595,0.042890401502461366,cross_USO_state_slope=uptrend + state_ext=stretched_up,0.04794692912125718,-0.011907274266813407
AAVE/USD,1d,cross_USO_state_slope=uptrend + cross_TLT_state_slope=uptrend + state_ext=stretched_up,bear,BTC/USD,ok,481,12,0.09918291256216889,1.0,5.493999315413559,3.929320113726931e-08,False,-0.009803211926236514,0.1089861244884054,cross_USO_state_slope=uptrend + cross_TLT_state_slope=uptrend,0.031069847366186617,0.06811306519598227
AAVE/USD,1d,cross_USO_state_slope=uptrend + cross_TLT_state_slope=uptrend + state_ext=stretched_up,neutral,BTC/USD,ok,637,13,0.04996266910390853,0.6153846153846154,1.4380436658930589,0.15042166497535536,False,0.0009862562402196836,0.04897641286368885,cross_USO_state_slope=uptrend + state_ext=stretched_up,0.0537334524332822,-0.003770783329373674
AAVE/USD,1d,cross_USO_state_slope=uptrend + cross_TLT_state_slope=uptrend + state_ext=stretched_up,regime_warmup,BTC/USD,ok,197,0,,,,,False,0.003320957479432192,,state_ext=stretched_up,0.03109459430005056,
SOL/USD,1d,cross_USO_state_slope=uptrend + state_slope=uptrend,all,BTC/USD,ok,1414,63,0.05099572495028119,0.7142857142857143,4.731989572938397,2.2232983649672633e-06,True,-0.02675543787870287,0.07775116282898406,cross_USO_state_slope=uptrend,0.01205330351981383,0.03894242143046736
SOL/USD,1d,cross_USO_state_slope=uptrend + state_slope=uptrend,bull,BTC/USD,ok,289,25,0.05182680524187004,0.76,3.521168839954356,0.0004296489536295134,True,-0.11127433325793668,0.16310113849980673,cross_USO_state_slope=uptrend,0.013920863171907544,0.0379059420699625
SOL/USD,1d,cross_USO_state_slope=uptrend + state_slope=uptrend,bear,BTC/USD,ok,452,2,0.2190638319776187,0.5,1.8244299202071197,0.06808710207292434,False,0.00548090682985157,0.2135829251477671,cross_USO_state_slope=uptrend,0.023044835480267836,0.19601899649735086
SOL/USD,1d,cross_USO_state_slope=uptrend + state_slope=uptrend,neutral,BTC/USD,ok,474,36,0.04108146880182575,0.6944444444444444,4.264227699565229,2.0059480513534567e-05,True,0.0021374891144601018,0.03894397968736565,state_slope=uptrend,0.0026719589627433966,0.038409509839082354
SOL/USD,1d,cross_USO_state_slope=uptrend + state_slope=uptrend,regime_warmup,BTC/USD,ok,199,0,,,,,False,-0.04605249535823696,,,,
DOT/USD,1d,state_ext=stretched_up + state_vol=low_vol,all,BTC/USD,ok,1066,47,0.047969266792683,0.7446808510638298,3.24869117993775,0.0011593727131868903,True,0.0033786206883847474,0.04459064610429825,state_vol=low_vol,0.017190325457466973,0.030778941335216026
DOT/USD,1d,state_ext=stretched_up + state_vol=low_vol,bull,BTC/USD,ok,395,11,0.061303009065203896,0.7272727272727273,2.7799203052286057,0.005437224034118948,False,0.0018012901822515531,0.059501718882952345,state_vol=low_vol,0.05347661591380073,0.007826393151403169
DOT/USD,1d,state_ext=stretched_up + state_vol=low_vol,bear,BTC/USD,ok,223,2,0.023238549852694614,1.0,4.336928931371933,1.4448731625371636e-05,False,0.011264956948685099,0.011973592904009515,state_ext=stretched_up,0.01865981073668315,0.004578739116011463
DOT/USD,1d,state_ext=stretched_up + state_vol=low_vol,neutral,BTC/USD,ok,448,34,0.04511015705392556,0.7352941176470589,2.3559848969769264,0.018473668774038554,True,0.0008437826613214319,0.044266374392604134,state_ext=stretched_up,0.027676916325211895,0.01743324072871367
UNI/USD,1d,cross_TLT_state_slope=downtrend + state_ext=stretched_up,all,BTC/USD,ok,1834,115,0.030481500409804456,0.6782608695652174,2.4737916372186337,0.01336876410730925,True,-0.0020150847869148114,0.03249658519671927,state_ext=stretched_up,0.0002102785042604326,0.030271221905544023
UNI/USD,1d,cross_TLT_state_slope=downtrend + state_ext=stretched_up,bull,BTC/USD,ok,515,17,0.06415145676715295,0.8823529411764706,3.500451458928938,0.0004644708195113978,True,-0.012337877889713977,0.07648933465686693,cross_TLT_state_slope=downtrend,0.00926777349968022,0.05488368326747273
UNI/USD,1d,cross_TLT_state_slope=downtrend + state_ext=stretched_up,bear,BTC/USD,ok,481,39,0.038593138066967105,0.6923076923076923,2.139024928855718,0.0324336494833215,True,-0.005108010175154697,0.043701148242121804,state_ext=stretched_up,-0.005747391110747529,0.04434052917771463
UNI/USD,1d,cross_TLT_state_slope=downtrend + state_ext=stretched_up,neutral,BTC/USD,ok,639,59,0.015418057584308387,0.6101694915254238,1.0633232678716193,0.2876353768680915,False,0.007010803325728942,0.008407254258579445,state_ext=stretched_up,0.024160993641743844,-0.008742936057435457
UNI/USD,1d,cross_TLT_state_slope=downtrend + state_ext=stretched_up,regime_warmup,BTC/USD,ok,199,0,,,,,False,0.0031929205181384064,,state_ext=stretched_up,0.023748274424410704,
DOGE/USD,1h,state_weekpart=weekday + state_ext=stretched_up + state_vol=high_vol,all,BTC/USD,ok,9077,291,0.003136935719468354,0.5738831615120275,1.2638618844178617,0.20627960453678895,False,0.00021648863840732888,0.0029204470810610247,state_ext=stretched_up + state_vol=high_vol,0.0024250025826934364,0.0007119331367749174
DOGE/USD,1h,state_weekpart=weekday + state_ext=stretched_up + state_vol=high_vol,bull,BTC/USD,ok,2308,100,0.002466327351547366,0.54,0.5419164917223089,0.5878760352209009,False,0.0011407447908734106,0.0013255825606739552,state_ext=stretched_up + state_vol=high_vol,0.005382103993183942,-0.0029157766416365765
DOGE/USD,1h,state_weekpart=weekday + state_ext=stretched_up + state_vol=high_vol,bear,BTC/USD,ok,2789,51,-0.0003233046459407547,0.5882352941176471,-0.057138656355642664,0.954434743389575,False,0.0003007367676985631,-0.0006240414136393178,state_weekpart=weekday + state_ext=stretched_up,0.001956234150457905,-0.00227953879639866
DOGE/USD,1h,state_weekpart=weekday + state_ext=stretched_up + state_vol=high_vol,neutral,BTC/USD,ok,3781,140,0.004876457829668095,0.5928571428571429,1.811079636421863,0.07012852521607615,False,-0.00012645183254790852,0.005002909662216004,state_weekpart=weekday + state_vol=high_vol,0.0019933326256823753,0.00288312520398572
DOGE/USD,1h,state_weekpart=weekday + state_ext=stretched_up + state_vol=high_vol,regime_warmup,BTC/USD,ok,199,0,,,,,False,-0.005167899863116376,,state_ext=stretched_up,-0.003670576632235888,
DOGE/USD,1h,state_ext=stretched_up + state_vol=high_vol,all,BTC/USD,ok,9077,400,0.0024250025826934364,0.57,1.1417791282213727,0.25354584013801906,False,0.00021648863840732888,0.0022085139442861073,state_vol=high_vol,0.0010445682022615086,0.0013804343804319278
DOGE/USD,1h,state_ext=stretched_up + state_vol=high_vol,bull,BTC/USD,ok,2308,126,0.005382103993183942,0.5793650793650794,1.3056432726153575,0.19167389744036134,False,0.0011407447908734106,0.004241359202310531,state_vol=high_vol,0.004221079574479384,0.001161024418704558
DOGE/USD,1h,state_ext=stretched_up + state_vol=high_vol,bear,BTC/USD,ok,2789,60,0.00021689019963869896,0.6333333333333333,0.044632301274657414,0.9644003956117893,False,0.0003007367676985631,-8.384656805986415e-05,state_ext=stretched_up,0.0019029678331845936,-0.0016860776335458946
DOGE/USD,1h,state_ext=stretched_up + state_vol=high_vol,neutral,BTC/USD,ok,3781,214,0.0013030024203639083,0.5467289719626168,0.5436844033365237,0.5866586669623604,False,-0.00012645183254790852,0.0014294542529118168,state_vol=high_vol,0.0013600379427824597,-5.703552241855133e-05
DOGE/USD,1h,state_ext=stretched_up + state_vol=high_vol,regime_warmup,BTC/USD,ok,199,0,,,,,False,-0.005167899863116376,,state_ext=stretched_up,-0.003670576632235888,
SUSHI/USD,1d,cross_USO_state_ext=stretched_up + state_ext=stretched_up,all,BTC/USD,ok,1822,257,0.02551294851616985,0.5953307392996109,1.7568971037727694,0.0789353494031888,False,0.002489867830105468,0.023023080686064384,cross_USO_state_ext=stretched_up,0.013785288761810186,0.011727659754359665
SUSHI/USD,1d,cross_USO_state_ext=stretched_up + state_ext=stretched_up,bull,BTC/USD,ok,515,79,0.0157653410003299,0.5443037974683544,0.5529561973796687,0.5802934045440997,False,0.004339228921362992,0.01142611207896691,cross_USO_state_ext=stretched_up,0.019355184080964503,-0.003589843080634602
SUSHI/USD,1d,cross_USO_state_ext=stretched_up + state_ext=stretched_up,bear,BTC/USD,ok,481,35,0.020836541142800286,0.6857142857142857,1.0006701510454037,0.31698630266455785,False,0.0029078217429439196,0.017928719399856366,state_ext=stretched_up,0.01584677048356844,0.004989770659231847
SUSHI/USD,1d,cross_USO_state_ext=stretched_up + state_ext=stretched_up,neutral,BTC/USD,ok,637,107,0.024298004617231497,0.5420560747663551,1.3383938099082584,0.18076809569745023,False,-0.000297869323747281,0.02459587394097878,state_ext=stretched_up,0.0076950986005762095,0.01660290601665529
SUSHI/USD,1d,cross_USO_state_ext=stretched_up + state_ext=stretched_up,regime_warmup,BTC/USD,ok,189,36,0.05506112209966136,0.7777777777777778,1.1143233455082013,0.2651404951626857,False,0.005782628533445588,0.049278493566215775,state_ext=stretched_up,0.03739847542737802,0.017662646672283337
UNI/USD,1d,cross_USO_state_vol=low_vol + state_ext=stretched_up,all,BTC/USD,ok,1834,207,0.004532278434905207,0.642512077294686,0.28075969757401276,0.778894717391529,False,-0.0020150847869148114,0.006547363221820019,cross_USO_state_vol=low_vol,0.009204654993602249,-0.0046723765586970415
UNI/USD,1d,cross_USO_state_vol=low_vol + state_ext=stretched_up,bull,BTC/USD,ok,515,153,-0.008145748001237286,0.5882352941176471,-0.38802934446800047,0.6979943179140466,False,-0.012337877889713977,0.004192129888476691,cross_USO_state_vol=low_vol,0.004803477892385152,-0.012949225893622438
UNI/USD,1d,cross_USO_state_vol=low_vol + state_ext=stretched_up,bear,BTC/USD,ok,481,12,0.005561182281202062,0.6666666666666666,0.4045755896687683,0.685789504587925,False,-0.005108010175154697,0.010669192456356759,cross_USO_state_vol=low_vol,-0.004433921045605853,0.009995103326807916
UNI/USD,1d,cross_USO_state_vol=low_vol + state_ext=stretched_up,neutral,BTC/USD,ok,639,42,0.05042254506762518,0.8333333333333334,3.791176551707679,0.0001499353202105702,True,0.007010803325728942,0.04341174174189624,state_ext=stretched_up,0.024160993641743844,0.026261551425881338
UNI/USD,1d,cross_USO_state_vol=low_vol + state_ext=stretched_up,regime_warmup,BTC/USD,ok,199,0,,,,,False,0.0031929205181384064,,state_ext=stretched_up,0.023748274424410704,
DOT/USD,1d,cross_USO_state_slope=downtrend + state_slope=flat,all,BTC/USD,ok,1066,89,0.02684872159217251,0.6404494382022472,1.919984355749405,0.05485987551149929,False,0.0033786206883847474,0.023470100903787764,state_slope=flat,0.019932161808117875,0.006916559784054636
DOT/USD,1d,cross_USO_state_slope=downtrend + state_slope=flat,bull,BTC/USD,ok,395,26,0.04321841124552464,0.7307692307692307,2.3284376227383263,0.01988887785011295,True,0.0018012901822515531,0.04141712106327309,state_slope=flat,0.047350813627287415,-0.0041324023817627745
DOT/USD,1d,cross_USO_state_slope=downtrend + state_slope=flat,bear,BTC/USD,ok,223,19,0.06635566658293965,0.7368421052631579,2.7415350414904953,0.006115283754324352,True,0.011264956948685099,0.05509070963425455,state_slope=flat,0.030580432754195305,0.03577523382874434
DOT/USD,1d,cross_USO_state_slope=downtrend + state_slope=flat,neutral,BTC/USD,ok,448,44,0.00011590600554224883,0.5454545454545454,0.006118798270803243,0.9951179357929081,False,0.0008437826613214319,-0.000727876655779183,state_slope=flat,0.003327222061765742,-0.0032113160562234934
DOT/USD,1d,cross_TLT_state_slope=downtrend + state_slope=flat,all,BTC/USD,ok,1066,68,0.03426837126713107,0.6911764705882353,2.6396940593134897,0.008298089988356683,True,0.0033786206883847474,0.030889750578746326,state_slope=flat,0.019932161808117875,0.014336209459013198
DOT/USD,1d,cross_TLT_state_slope=downtrend + state_slope=flat,bull,BTC/USD,ok,395,11,0.09226286934784719,1.0,14.014520465930902,0.0,False,0.0018012901822515531,0.09046157916559563,state_slope=flat,0.047350813627287415,0.04491205572055978
DOT/USD,1d,cross_TLT_state_slope=downtrend + state_slope=flat,bear,BTC/USD,ok,223,14,0.06278010539095978,0.7142857142857143,2.6899862650673363,0.007145495991556672,False,0.011264956948685099,0.051515148442274686,state_slope=flat,0.030580432754195305,0.03219967263676447
DOT/USD,1d,cross_TLT_state_slope=downtrend + state_slope=flat,neutral,BTC/USD,ok,448,43,0.01014967925267809,0.6046511627906976,0.6323256999392439,0.5271740735043278,False,0.0008437826613214319,0.009305896591356659,state_slope=flat,0.003327222061765742,0.006822457190912348
DOT/USD,1d,state_ext=stretched_up + state_vol=high_vol,all,BTC/USD,ok,1066,97,0.0062117073013343025,0.6494845360824743,0.2573374412241454,0.7969182915017556,False,0.0033786206883847474,0.002833086612949555,state_vol=high_vol,0.012242437602172166,-0.006030730300837864
DOT/USD,1d,state_ext=stretched_up + state_vol=high_vol,bull,BTC/USD,ok,395,41,-0.04996487746132022,0.4146341463414634,-0.9962341736895677,0.3191363787914936,False,0.0018012901822515531,-0.051766167643571774,state_vol=high_vol,0.018098596773871486,-0.06806347423519171
DOT/USD,1d,state_ext=stretched_up + state_vol=high_vol,bear,BTC/USD,ok,223,15,0.027316626803704797,0.8,1.8120346830706624,0.06998083761360907,False,0.011264956948685099,0.0160516698550197,state_ext=stretched_up,0.01865981073668315,0.008656816067021646
DOT/USD,1d,state_ext=stretched_up + state_vol=high_vol,neutral,BTC/USD,ok,448,41,0.054666980050926454,0.8292682926829268,4.719542217974221,2.3637598631776058e-06,True,0.0008437826613214319,0.053823197389605025,state_ext=stretched_up,0.027676916325211895,0.02699006372571456
DOT/USD,1d,cross_USO_state_slope=uptrend + cross_TLT_state_ext=neutral + state_ext=stretched_up,all,BTC/USD,ok,1066,47,0.02197872187874875,0.6595744680851063,1.0339519174669127,0.30115864207469323,False,0.0033786206883847474,0.018600101190364003,cross_USO_state_slope=uptrend + state_ext=stretched_up,0.03125904605968525,-0.009280324180936498
DOT/USD,1d,cross_USO_state_slope=uptrend + cross_TLT_state_ext=neutral + state_ext=stretched_up,bull,BTC/USD,ok,395,10,-0.06281513599921097,0.3,-1.1351585580792327,0.2563088898150696,False,0.0018012901822515531,-0.06461642618146253,cross_USO_state_slope=uptrend,0.03766546085311525,-0.10048059685232621
DOT/USD,1d,cross_USO_state_slope=uptrend + cross_TLT_state_ext=neutral + state_ext=stretched_up,bear,BTC/USD,ok,223,6,0.030106540607161905,0.8333333333333334,3.4908472595200193,0.00048149143468245725,False,0.011264956948685099,0.018841583658476806,cross_USO_state_slope=uptrend + cross_TLT_state_ext=neutral,0.03494653497670011,-0.004839994369538206
DOT/USD,1d,cross_USO_state_slope=uptrend + cross_TLT_state_ext=neutral + state_ext=stretched_up,neutral,BTC/USD,ok,448,31,0.04775845305323642,0.7419354838709677,3.3117357946086683,0.0009271906625942794,True,0.0008437826613214319,0.04691467039191499,cross_USO_state_slope=uptrend + state_ext=stretched_up,0.04879680068966639,-0.0010383476364299662
CRV/USD,1d,cross_TLT_state_slope=downtrend + state_slope=flat,all,BTC/USD,ok,1066,60,0.03762178815357465,0.7166666666666667,3.0752641174806303,0.0021031621715730253,True,-0.0034415481086966953,0.04106333626227134,cross_TLT_state_slope=downtrend,0.006042791441923574,0.031578996711651076
CRV/USD,1d,cross_TLT_state_slope=downtrend + state_slope=flat,bull,BTC/USD,ok,395,18,0.06827936344318611,0.8333333333333334,2.3616476475532093,0.018193925399633937,True,-0.007950843229596606,0.07623020667278271,cross_TLT_state_slope=downtrend,0.03282314922775512,0.035456214215430985
CRV/USD,1d,cross_TLT_state_slope=downtrend + state_slope=flat,bear,BTC/USD,ok,223,11,0.025265287176518048,0.7272727272727273,1.974893593638455,0.04828022457191228,False,-0.0061788542615246475,0.031444141438042694,cross_TLT_state_slope=downtrend,-0.0030859945349052498,0.028351281711423298
CRV/USD,1d,cross_TLT_state_slope=downtrend + state_slope=flat,neutral,BTC/USD,ok,448,31,0.024205180267594523,0.6451612903225806,1.1807257896033934,0.23771167294252527,False,0.0018968243128124538,0.022308355954782068,cross_TLT_state_slope=downtrend,0.0015972103937303,0.022607969873864223
LINK/USD,1d,cross_USO_state_vol=low_vol + state_ext=neutral,all,BTC/USD,ok,1832,81,0.026616930379950627,0.691358024691358,2.3524749734394956,0.018648944658836264,True,-0.00351857451094862,0.030135504890899247,cross_USO_state_vol=low_vol,0.00417382687144472,0.022443103508505906
LINK/USD,1d,cross_USO_state_vol=low_vol + state_ext=neutral,bull,BTC/USD,ok,515,46,0.02029940977647005,0.6739130434782609,1.3580366403947175,0.1744520580507214,False,-0.007206504969108993,0.027505914745579042,cross_USO_state_vol=low_vol,0.012275277299028818,0.00802413247744123
LINK/USD,1d,cross_USO_state_vol=low_vol + state_ext=neutral,bear,BTC/USD,ok,481,6,-0.009167120363139963,0.5,-0.32903583002211273,0.7421286060580747,False,-0.0007248121954760898,-0.008442308167663873,state_ext=neutral,-0.0075094243125808525,-0.0016576960505591109
LINK/USD,1d,cross_USO_state_vol=low_vol + state_ext=neutral,neutral,BTC/USD,ok,637,29,0.04404142183576614,0.7586206896551724,2.7352937876393195,0.006232462302143471,True,-0.0006624040027303436,0.04470382583849648,state_ext=neutral,0.009026976653787393,0.03501444518197875
LINK/USD,1d,cross_USO_state_vol=low_vol + state_ext=neutral,regime_warmup,BTC/USD,ok,199,0,,,,,False,-0.00986981120202769,,state_ext=neutral,-0.0884472682743902,
DOT/USD,1d,cross_USO_state_slope=uptrend + state_ext=stretched_up,all,BTC/USD,ok,1066,63,0.03125904605968525,0.6984126984126984,1.7784552013761752,0.07532912337434938,False,0.0033786206883847474,0.0278804253713005,cross_USO_state_slope=uptrend,0.015774809082030467,0.015484236977654782
DOT/USD,1d,cross_USO_state_slope=uptrend + state_ext=stretched_up,bull,BTC/USD,ok,395,15,-0.001182524531253254,0.5333333333333333,-0.02207147926843522,0.982390937178979,False,0.0018012901822515531,-0.002983814713504807,cross_USO_state_slope=uptrend,0.03766546085311525,-0.038847985384368504
DOT/USD,1d,cross_USO_state_slope=uptrend + state_ext=stretched_up,bear,BTC/USD,ok,223,11,0.016506922201028486,0.7272727272727273,0.9496077000233778,0.3423116244848199,False,0.011264956948685099,0.005241965252343387,state_ext=stretched_up,0.01865981073668315,-0.002152888535654665
DOT/USD,1d,cross_USO_state_slope=uptrend + state_ext=stretched_up,neutral,BTC/USD,ok,448,37,0.04879680068966639,0.7567567567567568,3.556312383593935,0.0003760968461536951,True,0.0008437826613214319,0.04795301802834496,state_ext=stretched_up,0.027676916325211895,0.021119884364454493
AVAX/USD,1d,cross_USO_state_slope=uptrend + state_slope=uptrend,all,BTC/USD,ok,1704,91,0.02687210412104492,0.6373626373626373,2.4687613628409313,0.013558160109358841,True,0.002266710160130235,0.024605393960914688,cross_USO_state_slope=uptrend,0.021462445777753848,0.005409658343291074
AVAX/USD,1d,cross_USO_state_slope=uptrend + state_slope=uptrend,bull,BTC/USD,ok,515,40,0.024695907757465628,0.625,1.2973225334141374,0.19452023435005406,False,-0.0045968182826128245,0.029292726040078453,cross_USO_state_slope=uptrend,0.04218300246044,-0.017487094702974375
AVAX/USD,1d,cross_USO_state_slope=uptrend + state_slope=uptrend,bear,BTC/USD,ok,481,7,0.02024096776098125,0.5714285714285714,0.87373399534258,0.3822631329876889,False,0.004908754160857508,0.01533221360012374,cross_USO_state_slope=uptrend,0.016837240943355838,0.003403726817625411
AVAX/USD,1d,cross_USO_state_slope=uptrend + state_slope=uptrend,neutral,BTC/USD,ok,637,44,0.02990541796339985,0.6590909090909091,1.9665168742707062,0.04923893507165955,True,0.0031482472067648776,0.026757170756634974,state_slope=uptrend,0.013181935828713635,0.016723482134686215
AVAX/USD,1d,cross_USO_state_slope=uptrend + state_slope=uptrend,regime_warmup,BTC/USD,ok,71,0,,,,,False,0.026243539525715957,,,,
BTC/USD,1d,cross_TLT_state_vol=high_vol + state_ext=stretched_up,all,BTC/USD,ok,1832,134,0.021728563752101845,0.6791044776119403,2.4451260738388734,0.01448015144503323,True,0.0036437518002276777,0.01808481195187417,cross_TLT_state_vol=high_vol,0.01807948129971903,0.0036490824523828166
BTC/USD,1d,cross_TLT_state_vol=high_vol + state_ext=stretched_up,bull,BTC/USD,ok,515,37,0.02078678708283709,0.6756756756756757,2.09952518526313,0.03577063007381387,True,0.006445659532854977,0.014341127549982112,cross_TLT_state_vol=high_vol,0.022346007129516527,-0.0015592200466794381
BTC/USD,1d,cross_TLT_state_vol=high_vol + state_ext=stretched_up,bear,BTC/USD,ok,481,30,-0.014434259047590181,0.43333333333333335,-0.9715366418569855,0.3312811156977249,False,-0.0010290702691403912,-0.013405188778449791,cross_TLT_state_vol=high_vol,0.002468404165470666,-0.01690266321306085
BTC/USD,1d,cross_TLT_state_vol=high_vol + state_ext=stretched_up,neutral,BTC/USD,ok,637,67,0.03844095809170718,0.7910447761194029,2.9668944780934123,0.003008241839170145,True,0.003788929927939635,0.03465202816376754,cross_TLT_state_vol=high_vol,0.04262559459681168,-0.004184636505104498
BTC/USD,1d,cross_TLT_state_vol=high_vol + state_ext=stretched_up,regime_warmup,BTC/USD,ok,199,0,,,,,False,0.007222477758571707,,state_ext=stretched_up,0.014216613011483577,
AVAX/USD,1d,cross_USO_state_vol=mid_vol + state_ext=stretched_down,all,BTC/USD,ok,1704,303,0.00990656220457522,0.5841584158415841,1.0887597226020806,0.27625985748785276,False,0.002266710160130235,0.007639852044444985,state_ext=stretched_down,0.0102428814139881,-0.00033631920941287925
AVAX/USD,1d,cross_USO_state_vol=mid_vol + state_ext=stretched_down,bull,BTC/USD,ok,515,53,0.04409143811237402,0.6792452830188679,2.3348034262973263,0.019553692134717915,True,-0.0045968182826128245,0.04868825639498685,state_ext=stretched_down,0.03749030884038242,0.0066011292719916
AVAX/USD,1d,cross_USO_state_vol=mid_vol + state_ext=stretched_down,bear,BTC/USD,ok,481,151,0.004405350899948463,0.5827814569536424,0.3247466188697045,0.7453728484770552,False,0.004908754160857508,-0.0005034032609090456,state_ext=stretched_down,0.008758449909059192,-0.0043530990091107296
AVAX/USD,1d,cross_USO_state_vol=mid_vol + state_ext=stretched_down,neutral,BTC/USD,ok,637,99,-3.6955339570521525e-06,0.5353535353535354,-0.0003427885111172692,0.9997264943447153,False,0.0031482472067648776,-0.00315194274072193,state_ext=stretched_down,-0.00262273040851944,0.0026190348745623875
AVAX/USD,1d,cross_USO_state_vol=mid_vol + state_ext=stretched_down,regime_warmup,BTC/USD,ok,71,0,,,,,False,0.026243539525715957,,state_ext=stretched_down,0.002597419358818176,
LINK/USD,1d,cross_USO_state_slope=uptrend + state_slope=uptrend,all,BTC/USD,ok,1832,84,0.023089352898513507,0.6666666666666666,1.6203152898210171,0.10516456611900415,False,-0.00351857451094862,0.026607927409462127,cross_USO_state_slope=uptrend,0.0049285303590547395,0.01816082253945877
LINK/USD,1d,cross_USO_state_slope=uptrend + state_slope=uptrend,bull,BTC/USD,ok,515,30,0.014008190518421,0.6666666666666666,0.5653031309539701,0.5718675994720572,False,-0.007206504969108993,0.021214695487529994,cross_USO_state_slope=uptrend,0.01592245082141412,-0.0019142603029931177
LINK/USD,1d,cross_USO_state_slope=uptrend + state_slope=uptrend,bear,BTC/USD,ok,481,18,0.0199675119867343,0.4444444444444444,0.4583801676128603,0.6466793375045823,False,-0.0007248121954760898,0.020692324182210387,state_slope=uptrend,0.030384466601413734,-0.010416954614679435
LINK/USD,1d,cross_USO_state_slope=uptrend + state_slope=uptrend,neutral,BTC/USD,ok,637,36,0.03221790867114686,0.7777777777777778,3.42180986868056,0.0006220579691378347,True,-0.0006624040027303436,0.0328803126738772,state_slope=uptrend,0.01370579622360535,0.018512112447541508
LINK/USD,1d,cross_USO_state_slope=uptrend + state_slope=uptrend,regime_warmup,BTC/USD,ok,199,0,,,,,False,-0.00986981120202769,,,,
XRP/USD,1d,state_volume=vol_quiet + state_ext=stretched_up,all,BTC/USD,ok,930,76,0.0012593177724286384,0.7631578947368421,0.05302780717691368,0.9577097519539126,False,-0.00813339438822198,0.009392712160650617,state_volume=vol_quiet,0.0021257594747023222,-0.0008664417022736838
XRP/USD,1d,state_volume=vol_quiet + state_ext=stretched_up,bull,BTC/USD,ok,332,39,-0.007891240940368234,0.7692307692307693,-0.1963882611789498,0.8443062835836139,False,-0.01867915717188282,0.010787916231514585,state_volume=vol_quiet,0.006608356217398859,-0.014499597157767092
XRP/USD,1d,state_volume=vol_quiet + state_ext=stretched_up,bear,BTC/USD,ok,207,5,0.046668491498389544,1.0,18.061323315594873,0.0,False,0.004051566326740499,0.04261692517164904,state_ext=stretched_up,0.016432989594342976,0.030235501904046568
XRP/USD,1d,state_volume=vol_quiet + state_ext=stretched_up,neutral,BTC/USD,ok,391,32,0.005316377808968429,0.71875,0.24529884408191216,0.806225046704488,False,-0.0056297975182010886,0.010946175327169518,state_ext=stretched_up,0.010309217548555237,-0.004992839739586807
LTC/USD,1d,cross_USO_state_vol=low_vol + state_ext=stretched_up,all,BTC/USD,ok,1832,218,0.022793995503210394,0.6697247706422018,2.4602818585726602,0.013882793894308243,True,-0.0011226563144548438,0.023916651817665238,cross_USO_state_vol=low_vol,0.009663036069889134,0.01313095943332126
LTC/USD,1d,cross_USO_state_vol=low_vol + state_ext=stretched_up,bull,BTC/USD,ok,515,152,0.02718112860545481,0.6907894736842105,2.40182033536367,0.01631371862085884,True,-0.0012940744843032126,0.02847520308975802,cross_USO_state_vol=low_vol,0.01648748544470077,0.010693643160754041
LTC/USD,1d,cross_USO_state_vol=low_vol + state_ext=stretched_up,bear,BTC/USD,ok,481,11,-0.012802065069966905,0.5454545454545454,-1.0581699965877132,0.28997794727445503,False,-0.0015229865555246454,-0.01127907851444226,state_ext=stretched_up,0.002609029466530294,-0.0154110945364972
LTC/USD,1d,cross_USO_state_vol=low_vol + state_ext=stretched_up,neutral,BTC/USD,ok,637,55,0.017788767044370365,0.6363636363636364,1.1209963897798594,0.26228939914453986,False,-1.1776639470967778e-05,0.017800543683841333,cross_USO_state_vol=low_vol,0.008346570687787852,0.009442196356582513
LTC/USD,1d,cross_USO_state_vol=low_vol + state_ext=stretched_up,regime_warmup,BTC/USD,ok,199,0,,,,,False,-0.003267335457863115,,state_ext=stretched_up,-0.005332467478549157,
DOT/USD,1d,state_ext=neutral + state_vol=low_vol,all,BTC/USD,ok,1066,38,0.013107430116594682,0.6052631578947368,1.0403019821243666,0.29819962360710006,False,0.0033786206883847474,0.009728809428209934,state_vol=low_vol,0.017190325457466973,-0.004082895340872292
DOT/USD,1d,state_ext=neutral + state_vol=low_vol,bull,BTC/USD,ok,395,7,0.097833616513135,1.0,13.562000245204233,0.0,False,0.0018012901822515531,0.09603232633088345,state_vol=low_vol,0.05347661591380073,0.04435700059933428
DOT/USD,1d,state_ext=neutral + state_vol=low_vol,bear,BTC/USD,ok,223,9,-0.003153342510439807,0.4444444444444444,-0.5108433850049805,0.6094607270839307,False,0.011264956948685099,-0.014418299459124906,state_vol=low_vol,0.012755119820137495,-0.015908462330577303
DOT/USD,1d,state_ext=neutral + state_vol=low_vol,neutral,BTC/USD,ok,448,22,-0.007198767662154034,0.5454545454545454,-0.3329333988606704,0.7391845576012037,False,0.0008437826613214319,-0.008042550323475466,state_ext=neutral,0.007762766225760488,-0.014961533887914522
SUSHI/USD,1d,cross_USO_state_slope=flat + cross_TLT_state_ext=neutral + state_ext=stretched_up,all,BTC/USD,ok,1822,132,0.0051957261456599705,0.6439393939393939,0.22982292400377502,0.818229370689934,False,0.002489867830105468,0.0027058583155545025,cross_TLT_state_ext=neutral + state_ext=stretched_up,0.01577895279791471,-0.010583226652254737
SUSHI/USD,1d,cross_USO_state_slope=flat + cross_TLT_state_ext=neutral + state_ext=stretched_up,bull,BTC/USD,ok,515,75,0.02067156221655789,0.68,0.8339682970057702,0.40429884905262625,False,0.004339228921362992,0.0163323332951949,cross_TLT_state_ext=neutral,0.016070404364150172,0.004601157852407719
SUSHI/USD,1d,cross_USO_state_slope=flat + cross_TLT_state_ext=neutral + state_ext=stretched_up,bear,BTC/USD,ok,481,5,0.0334781074344762,0.8,0.6275571343143099,0.5302940970031897,False,0.0029078217429439196,0.03057028569153228,cross_TLT_state_ext=neutral + state_ext=stretched_up,0.041550851184987796,-0.008072743750511598
SUSHI/USD,1d,cross_USO_state_slope=flat + cross_TLT_state_ext=neutral + state_ext=stretched_up,neutral,BTC/USD,ok,637,52,-0.019844651003598203,0.5769230769230769,-0.4546435474110919,0.6493657003115072,False,-0.000297869323747281,-0.01954678167985092,state_ext=stretched_up,0.0076950986005762095,-0.027539749604174414
SUSHI/USD,1d,cross_USO_state_slope=flat + cross_TLT_state_ext=neutral + state_ext=stretched_up,regime_warmup,BTC/USD,ok,189,0,,,,,False,0.005782628533445588,,cross_TLT_state_ext=neutral + state_ext=stretched_up,0.04236526643486481,
DOT/USD,1d,cross_USO_state_ext=stretched_down + cross_TLT_state_slope=flat + state_ext=stretched_down,all,BTC/USD,ok,1066,46,0.02322529492568148,0.6086956521739131,1.0479758057293893,0.2946497540464432,False,0.0033786206883847474,0.019846674237296733,cross_TLT_state_slope=flat + state_ext=stretched_down,0.013840787785250778,0.009384507140430702
DOT/USD,1d,cross_USO_state_ext=stretched_down + cross_TLT_state_slope=flat + state_ext=stretched_down,bull,BTC/USD,ok,395,3,0.10898311512909205,1.0,10.850805946086274,0.0,False,0.0018012901822515531,0.10718182494684049,cross_USO_state_ext=stretched_down + state_ext=stretched_down,0.05058328730051765,0.0583998278285744
DOT/USD,1d,cross_USO_state_ext=stretched_down + cross_TLT_state_slope=flat + state_ext=stretched_down,bear,BTC/USD,ok,223,32,0.03589504000806578,0.625,1.8089916015084488,0.07045230812587788,False,0.011264956948685099,0.02463008305938068,cross_USO_state_ext=stretched_down + cross_TLT_state_slope=flat,0.033444410659455484,0.002450629348610296
DOT/USD,1d,cross_USO_state_ext=stretched_down + cross_TLT_state_slope=flat + state_ext=stretched_down,neutral,BTC/USD,ok,448,11,-0.03702064173309393,0.45454545454545453,-0.6994021724564053,0.4843007305579252,False,0.0008437826613214319,-0.03786442439441536,cross_TLT_state_slope=flat,0.00783043042519186,-0.04485107215828579
AAVE/USD,1d,state_ext=stretched_up + state_slope=flat,all,BTC/USD,ok,1830,186,0.004809089424935444,0.543010752688172,0.38551225141315965,0.6998579313000208,False,-0.0038038282031588764,0.00861291762809432,state_slope=flat,0.000535268668168951,0.0042738207567664934
AAVE/USD,1d,state_ext=stretched_up + state_slope=flat,bull,BTC/USD,ok,515,89,0.020612071099506454,0.550561797752809,1.2553311204182065,0.2093585823874764,False,-0.006850746648017595,0.02746281774752405,state_slope=flat,0.009512073832901253,0.011099997266605202
AAVE/USD,1d,state_ext=stretched_up + state_slope=flat,bear,BTC/USD,ok,481,41,-0.03839295913040975,0.3902439024390244,-1.3168310464050836,0.1878952636591369,False,-0.009803211926236514,-0.028589747204173236,state_ext=stretched_up,-0.022268455313169032,-0.016124503817240718
AAVE/USD,1d,state_ext=stretched_up + state_slope=flat,neutral,BTC/USD,ok,637,56,0.011323707670155678,0.6428571428571429,0.6270716176675717,0.5306122907783994,False,0.0009862562402196836,0.010337451429935994,state_slope=flat,0.011232240460659858,9.146720949581959e-05
AAVE/USD,1d,state_ext=stretched_up + state_slope=flat,regime_warmup,BTC/USD,ok,197,0,,,,,False,0.003320957479432192,,state_ext=stretched_up,0.03109459430005056,
AVAX/USD,1d,cross_USO_state_ext=stretched_up + state_ext=stretched_up,all,BTC/USD,ok,1704,213,0.018900467796303447,0.5821596244131455,1.7128874976166846,0.08673323878965178,False,0.002266710160130235,0.016633757636173214,cross_USO_state_ext=stretched_up,0.017848056629575722,0.001052411166727725
AVAX/USD,1d,cross_USO_state_ext=stretched_up + state_ext=stretched_up,bull,BTC/USD,ok,515,88,0.017298824936674815,0.5909090909090909,1.0308901182184425,0.30259235112372584,False,-0.0045968182826128245,0.02189564321928764,cross_USO_state_ext=stretched_up,0.024759220251002186,-0.007460395314327371
AVAX/USD,1d,cross_USO_state_ext=stretched_up + state_ext=stretched_up,bear,BTC/USD,ok,481,21,-0.022567146059687432,0.42857142857142855,-0.8466535384465136,0.397188262877618,False,0.004908754160857508,-0.02747590022054494,cross_USO_state_ext=stretched_up,0.02246067727456258,-0.04502782333425001
AVAX/USD,1d,cross_USO_state_ext=stretched_up + state_ext=stretched_up,neutral,BTC/USD,ok,637,94,0.02250001974689006,0.5851063829787234,1.3764138881791217,0.168693530640613,False,0.0031482472067648776,0.019351772540125184,state_ext=stretched_up,0.013015175084495765,0.009484844662394295
AVAX/USD,1d,cross_USO_state_ext=stretched_up + state_ext=stretched_up,regime_warmup,BTC/USD,ok,71,10,0.08624112572310214,0.8,2.857691143228115,0.004267355315413557,False,0.026243539525715957,0.05999758619738618,cross_USO_state_ext=stretched_up,0.0585147793815094,0.027726346341592732
XRP/USD,1d,cross_TLT_state_slope=uptrend + state_ext=stretched_up,all,BTC/USD,ok,930,120,0.014237357433532171,0.6083333333333333,1.1737166296695054,0.2405085470534507,False,-0.00813339438822198,0.022370751821754152,cross_TLT_state_slope=uptrend,-0.0007012740611824402,0.01493863149471461
XRP/USD,1d,cross_TLT_state_slope=uptrend + state_ext=stretched_up,bull,BTC/USD,ok,332,72,0.006715970249554785,0.625,0.3982662471081074,0.6904339378763003,False,-0.01867915717188282,0.025395127421437604,cross_TLT_state_slope=uptrend,0.007470250060524308,-0.0007542798109695234
XRP/USD,1d,cross_TLT_state_slope=uptrend + state_ext=stretched_up,bear,BTC/USD,ok,207,11,0.022130744234384575,0.6363636363636364,1.9964294584059434,0.04588719697529875,False,0.004051566326740499,0.018079177907644076,state_ext=stretched_up,0.016432989594342976,0.005697754640041599
XRP/USD,1d,cross_TLT_state_slope=uptrend + state_ext=stretched_up,neutral,BTC/USD,ok,391,37,0.026526887769667173,0.5675675675675675,1.598778368798026,0.10986985706759711,False,-0.0056297975182010886,0.03215668528786826,state_ext=stretched_up,0.010309217548555237,0.016217670221111938
SUSHI/USD,1d,cross_TLT_state_ext=neutral + state_ext=stretched_up,all,BTC/USD,ok,1822,323,0.01577895279791471,0.6191950464396285,1.1812797231244183,0.237491619689002,False,0.002489867830105468,0.01328908496780924,cross_TLT_state_ext=neutral,0.007468083233589091,0.008310869564325618
SUSHI/USD,1d,cross_TLT_state_ext=neutral + state_ext=stretched_up,bull,BTC/USD,ok,515,121,0.013846914699555754,0.6198347107438017,0.6769360780243645,0.4984465122020434,False,0.004339228921362992,0.009507685778192762,cross_TLT_state_ext=neutral,0.016070404364150172,-0.002223489664594418
SUSHI/USD,1d,cross_TLT_state_ext=neutral + state_ext=stretched_up,bear,BTC/USD,ok,481,30,0.041550851184987796,0.7333333333333333,2.42825647590158,0.015171610093919208,True,0.0029078217429439196,0.038643029442043876,state_ext=stretched_up,0.01584677048356844,0.025704080701419357
SUSHI/USD,1d,cross_TLT_state_ext=neutral + state_ext=stretched_up,neutral,BTC/USD,ok,637,129,0.0027356052932665416,0.5581395348837209,0.12568469617227104,0.8999815164798062,False,-0.000297869323747281,0.0030334746170138224,state_ext=stretched_up,0.0076950986005762095,-0.004959493307309668
SUSHI/USD,1d,cross_TLT_state_ext=neutral + state_ext=stretched_up,regime_warmup,BTC/USD,ok,189,43,0.04236526643486481,0.7209302325581395,1.0302456948687515,0.3028946842355724,False,0.005782628533445588,0.03658263790141922,state_ext=stretched_up,0.03739847542737802,0.004966791007486787
LTC/USD,1d,cross_USO_state_ext=stretched_up + state_ext=stretched_up,all,BTC/USD,ok,1832,240,0.009210635225461934,0.5583333333333333,1.239362371978051,0.21521132977847346,False,-0.0011226563144548438,0.010333291539916778,cross_USO_state_ext=stretched_up,0.003529668396552083,0.005680966828909851
LTC/USD,1d,cross_USO_state_ext=stretched_up + state_ext=stretched_up,bull,BTC/USD,ok,515,83,0.00889216615793268,0.5903614457831325,0.6865643320102128,0.4923573116036284,False,-0.0012940744843032126,0.010186240642235894,cross_USO_state_ext=stretched_up,0.006697161618297924,0.0021950045396347566
LTC/USD,1d,cross_USO_state_ext=stretched_up + state_ext=stretched_up,bear,BTC/USD,ok,481,25,0.0009137185560001063,0.6,0.06218330512144545,0.9504168573416643,False,-0.0015229865555246454,0.0024367051115247516,cross_USO_state_ext=stretched_up,0.003713757763595121,-0.002800039207595015
LTC/USD,1d,cross_USO_state_ext=stretched_up + state_ext=stretched_up,neutral,BTC/USD,ok,637,94,0.0049145464890811615,0.5531914893617021,0.44923508851192234,0.6532620778868887,False,-1.1776639470967778e-05,0.00492632312855213,state_ext=stretched_up,0.00789125356816454,-0.002976707079083379
LTC/USD,1d,cross_USO_state_ext=stretched_up + state_ext=stretched_up,regime_warmup,BTC/USD,ok,199,38,0.025991903398126806,0.47368421052631576,1.081607480012919,0.27942697938954164,False,-0.003267335457863115,0.02925923885598992,cross_USO_state_ext=stretched_up,0.006804413489704057,0.01918748990842275
LTC/USD,1d,cross_USO_state_slope=uptrend + state_ext=stretched_up,all,BTC/USD,ok,1832,104,0.013219602099757364,0.6057692307692307,1.2173035428692724,0.22348874683736852,False,-0.0011226563144548438,0.014342258414212208,cross_USO_state_slope=uptrend,0.005345729184306668,0.007873872915450697
LTC/USD,1d,cross_USO_state_slope=uptrend + state_ext=stretched_up,bull,BTC/USD,ok,515,51,0.015728704833714316,0.5882352941176471,0.9211487089571533,0.35697279261334147,False,-0.0012940744843032126,0.017022779318017527,cross_USO_state_slope=uptrend,0.009568566365800953,0.006160138467913363
LTC/USD,1d,cross_USO_state_slope=uptrend + state_ext=stretched_up,bear,BTC/USD,ok,481,13,0.005163702416918285,0.6153846153846154,0.8040074829041287,0.4213926534404069,False,-0.0015229865555246454,0.00668668897244293,cross_USO_state_slope=uptrend,0.004282173253112073,0.0008815291638062115
LTC/USD,1d,cross_USO_state_slope=uptrend + state_ext=stretched_up,neutral,BTC/USD,ok,637,40,0.012638663510884935,0.625,0.9165626077722621,0.359371885971405,False,-1.1776639470967778e-05,0.012650440150355902,state_ext=stretched_up,0.00789125356816454,0.004747409942720394
LTC/USD,1d,cross_USO_state_slope=uptrend + state_ext=stretched_up,regime_warmup,BTC/USD,ok,199,0,,,,,False,-0.003267335457863115,,state_ext=stretched_up,-0.005332467478549157,
BCH/USD,1h,cross_USO_state_ext=stretched_down + cross_TLT_state_slope=downtrend + state_ext=neutral,all,BTC/USD,ok,9077,66,0.0017966775314766092,0.5303030303030303,0.9394105067129948,0.34752002066486387,False,-0.0005773649729195155,0.0023740425043961245,cross_USO_state_ext=stretched_down + cross_TLT_state_slope=downtrend,0.00030561039834333536,0.001491067133133274
BCH/USD,1h,cross_USO_state_ext=stretched_down + cross_TLT_state_slope=downtrend + state_ext=neutral,bull,BTC/USD,ok,2308,8,0.009762155710658922,0.875,2.074010726252902,0.03807831469873335,False,-0.000561486160671658,0.01032364187133058,cross_USO_state_ext=stretched_down + cross_TLT_state_slope=downtrend,0.0026187078021573823,0.00714344790850154
BCH/USD,1h,cross_USO_state_ext=stretched_down + cross_TLT_state_slope=downtrend + state_ext=neutral,bear,BTC/USD,ok,2789,5,0.0035202760722247593,0.6,1.2612482097597764,0.20721943417048272,False,-0.0005456474209068121,0.004065923493131571,cross_USO_state_ext=stretched_down + cross_TLT_state_slope=downtrend,0.0035777881918726026,-5.75121196478433e-05
BCH/USD,1h,cross_USO_state_ext=stretched_down + cross_TLT_state_slope=downtrend + state_ext=neutral,neutral,BTC/USD,ok,3781,53,0.00043173756662379353,0.4716981132075472,0.18600924569209318,0.8524375108497251,False,-0.0005974059741918808,0.0010291435408156743,cross_TLT_state_slope=downtrend,-0.00036172297729404347,0.0007934605439178369
BCH/USD,1h,cross_USO_state_ext=stretched_down + cross_TLT_state_slope=downtrend + state_ext=neutral,regime_warmup,BTC/USD,ok,199,0,,,,,False,-0.0008252721358374724,,cross_USO_state_ext=stretched_down,0.00898764698480007,
DOT/USD,1h,state_utc_session=utc_us + state_ext=stretched_up + state_slope=uptrend,all,BTC/USD,ok,9072,408,0.0017524417491329893,0.5833333333333334,1.256256487619254,0.20902299235898147,False,0.0005013843361691994,0.00125105741296379,state_utc_session=utc_us + state_slope=uptrend,0.0021571560337993153,-0.0004047142846663259
DOT/USD,1h,state_utc_session=utc_us + state_ext=stretched_up + state_slope=uptrend,bull,BTC/USD,ok,2307,180,0.004168303834960617,0.5888888888888889,2.198067556675118,0.02794429207814164,True,0.001278900315619634,0.002889403519340983,state_utc_session=utc_us + state_slope=uptrend,0.0034883626043726267,0.0006799412305879904
DOT/USD,1h,state_utc_session=utc_us + state_ext=stretched_up + state_slope=uptrend,bear,BTC/USD,ok,2785,32,-0.0064662597915523335,0.40625,-1.3911718263029889,0.16417332843015164,False,0.0003225903269501033,-0.006788850118502437,state_utc_session=utc_us + state_slope=uptrend,0.0015579534553094732,-0.008024213246861808
DOT/USD,1h,state_utc_session=utc_us + state_ext=stretched_up + state_slope=uptrend,neutral,BTC/USD,ok,3781,196,0.0008756217177705282,0.6071428571428571,0.44450026444627266,0.656680937706609,False,0.00031560974139790553,0.0005600119763726226,state_utc_session=utc_us + state_slope=uptrend,0.001126373647751022,-0.0002507519299804939
DOT/USD,1h,state_utc_session=utc_us + state_ext=stretched_up + state_slope=uptrend,regime_warmup,BTC/USD,ok,199,0,,,,,False,-0.002480396096427341,,state_ext=stretched_up,0.001111834979908644,
LTC/USD,1h,state_ext=stretched_up + state_slope=flat,all,BTC/USD,ok,9079,121,0.005825776844895829,0.6694214876033058,2.7428891354518847,0.006090124308064215,True,7.452678622030896e-05,0.0057512500586755205,state_ext=stretched_up,0.001099382179406752,0.004726394665489077
LTC/USD,1h,state_ext=stretched_up + state_slope=flat,bull,BTC/USD,ok,2307,42,0.005886279229810172,0.6190476190476191,1.9625001346110122,0.04970428495509771,True,0.0010712996628385778,0.004814979566971594,state_ext=stretched_up,0.0030667333194748176,0.0028195459103353545
LTC/USD,1h,state_ext=stretched_up + state_slope=flat,bear,BTC/USD,ok,2792,27,0.003293016597745015,0.6666666666666666,0.7567890700343903,0.4491762420652339,False,4.489311633955794e-05,0.003248123481405457,state_ext=stretched_up,0.0002548370956782279,0.0030381795020667872
LTC/USD,1h,state_ext=stretched_up + state_slope=flat,neutral,BTC/USD,ok,3781,52,0.00709199658540871,0.7115384615384616,1.971781944317558,0.04863450438470851,True,-0.00032650651272498417,0.007418503098133694,state_slope=flat,0.0006734870284718407,0.006418509556936869
LTC/USD,1h,state_ext=stretched_up + state_slope=flat,regime_warmup,BTC/USD,ok,199,0,,,,,False,-0.0034456285742778645,,state_ext=stretched_up,-0.0012478267549566313,
BCH/USD,1d,cross_USO_state_slope=flat + cross_TLT_state_slope=flat + state_ext=neutral,all,BTC/USD,ok,1832,32,0.033903924996297165,0.5,1.586416049276321,0.1126449620926997,False,0.0024043808129730337,0.03149954418332413,cross_USO_state_slope=flat + state_ext=neutral,0.018626907708828955,0.01527701728746821
BCH/USD,1d,cross_USO_state_slope=flat + cross_TLT_state_slope=flat + state_ext=neutral,bull,BTC/USD,ok,515,11,0.061817161213775625,0.7272727272727273,2.261071208465595,0.023754847923688205,False,0.011064795148448993,0.05075236606532663,cross_USO_state_slope=flat + cross_TLT_state_slope=flat,0.03263574921684485,0.02918141199693077
BCH/USD,1d,cross_USO_state_slope=flat + cross_TLT_state_slope=flat + state_ext=neutral,bear,BTC/USD,ok,481,3,0.10443876663217307,1.0,10.389695371453413,0.0,False,-0.0016414836365081275,0.10608025026868119,cross_TLT_state_slope=flat + state_ext=neutral,0.0534300163178288,0.051008750314344264
BCH/USD,1d,cross_USO_state_slope=flat + cross_TLT_state_slope=flat + state_ext=neutral,neutral,BTC/USD,ok,637,18,0.005090029257414345,0.2777777777777778,0.1821655497413869,0.8554528079272568,False,0.0013447062529965096,0.003745323004417836,cross_USO_state_slope=flat + state_ext=neutral,0.016221807829815554,-0.011131778572401208
BCH/USD,1d,cross_USO_state_slope=flat + cross_TLT_state_slope=flat + state_ext=neutral,regime_warmup,BTC/USD,ok,199,0,,,,,False,-0.006837025658708564,,state_ext=neutral,0.009295734935783635,
LTC/USD,1d,cross_USO_state_slope=flat + cross_TLT_state_slope=uptrend + state_ext=stretched_down,all,BTC/USD,ok,1832,56,0.04067184344822881,0.6785714285714286,2.9231485059417803,0.003465112064409137,True,0.0007226563144548451,0.03994918713377396,cross_TLT_state_slope=uptrend + state_ext=stretched_down,0.021891437923044692,0.018780405525184115
LTC/USD,1d,cross_USO_state_slope=flat + cross_TLT_state_slope=uptrend + state_ext=stretched_down,bull,BTC/USD,ok,515,20,0.03037764083143375,0.65,1.595717477015565,0.11055188483655298,False,0.0008940744843032163,0.029483566347130532,cross_USO_state_slope=flat + state_ext=stretched_down,0.015190147170846694,0.015187493660587055
LTC/USD,1d,cross_USO_state_slope=flat + cross_TLT_state_slope=uptrend + state_ext=stretched_down,bear,BTC/USD,ok,481,14,0.05136361468337143,0.8571428571428571,4.259459527636452,2.0492179783060394e-05,False,0.0011229865555246444,0.050240628127846784,cross_USO_state_slope=flat + cross_TLT_state_slope=uptrend,0.02953717723218896,0.02182643745118247
LTC/USD,1d,cross_USO_state_slope=flat + cross_TLT_state_slope=uptrend + state_ext=stretched_down,neutral,BTC/USD,ok,637,22,0.04322635504113358,0.5909090909090909,1.9027257607731252,0.057076338718253794,False,-0.0003882233605290345,0.043614578401662614,cross_TLT_state_slope=uptrend + state_ext=stretched_down,0.02624097964167771,0.016985375399455868
LTC/USD,1d,cross_USO_state_slope=flat + cross_TLT_state_slope=uptrend + state_ext=stretched_down,regime_warmup,BTC/USD,ok,199,0,,,,,False,0.0028673354578631124,,state_ext=stretched_down,-0.005425330396484847,
DOT/USD,1d,cross_TLT_state_ext=neutral + state_ext=stretched_up,all,BTC/USD,ok,1066,186,0.005665037188324398,0.6021505376344086,0.39640413741105135,0.6918069143461392,False,0.0033786206883847474,0.0022864164999396508,cross_TLT_state_ext=neutral,0.009826108578021816,-0.004161071389697418
DOT/USD,1d,cross_TLT_state_ext=neutral + state_ext=stretched_up,bull,BTC/USD,ok,395,86,-0.016024268402028544,0.5232558139534884,-0.6307820944617207,0.5281830125453972,False,0.0018012901822515531,-0.0178255585842801,cross_TLT_state_ext=neutral,0.0085131164611409,-0.02453738486316944
DOT/USD,1d,cross_TLT_state_ext=neutral + state_ext=stretched_up,bear,BTC/USD,ok,223,9,0.017808138077300237,0.7777777777777778,1.5314008099169438,0.12567036405943544,False,0.011264956948685099,0.006543181128615138,cross_TLT_state_ext=neutral,0.026625230913470393,-0.008817092836170156
DOT/USD,1d,cross_TLT_state_ext=neutral + state_ext=stretched_up,neutral,BTC/USD,ok,448,91,0.02496165666930869,0.6593406593406593,2.2576967847603826,0.023964569832108484,True,0.0008437826613214319,0.024117874007987258,state_ext=stretched_up,0.027676916325211895,-0.0027152596559032044
BTC/USD,1d,cross_USO_state_slope=downtrend + cross_TLT_state_slope=uptrend + state_ext=neutral,all,BTC/USD,ok,1832,61,0.007616929860138049,0.6065573770491803,0.6014203940847263,0.547560018566269,False,-0.0040437518002276775,0.011660681660365727,cross_USO_state_slope=downtrend + state_ext=neutral,0.002014642640327956,0.005602287219810093
BTC/USD,1d,cross_USO_state_slope=downtrend + cross_TLT_state_slope=uptrend + state_ext=neutral,bull,BTC/USD,ok,515,21,0.023744779883715577,0.7619047619047619,1.3769842767285911,0.1685171090958404,False,-0.006845659532854978,0.030590439416570553,cross_USO_state_slope=downtrend + state_ext=neutral,0.012313794682282915,0.011430985201432662
BTC/USD,1d,cross_USO_state_slope=downtrend + cross_TLT_state_slope=uptrend + state_ext=neutral,bear,BTC/USD,ok,481,23,-0.01785878847637051,0.4782608695652174,-1.0127653790340674,0.31117224108317476,False,0.0006290702691403881,-0.0184878587455109,cross_USO_state_slope=downtrend,-0.005953727088583858,-0.011905061387786652
BTC/USD,1d,cross_USO_state_slope=downtrend + cross_TLT_state_slope=uptrend + state_ext=neutral,neutral,BTC/USD,ok,637,17,0.022161439933347987,0.5882352941176471,0.9041183692549045,0.3659326389897879,False,-0.004188929927939639,0.026350369861287627,cross_USO_state_slope=downtrend + state_ext=neutral,0.011046914300879304,0.011114525632468683
BTC/USD,1d,cross_USO_state_slope=downtrend + cross_TLT_state_slope=uptrend + state_ext=neutral,regime_warmup,BTC/USD,ok,199,0,,,,,False,-0.00762247775857171,,state_ext=neutral,0.00685683651653602,
UNI/USD,1d,cross_TLT_state_slope=downtrend + state_slope=flat,all,BTC/USD,ok,1834,174,0.0059101162703261755,0.5632183908045977,0.5594599252671951,0.5758478738189248,False,-0.0020150847869148114,0.007925201057240986,cross_TLT_state_slope=downtrend,-6.914144670668134e-05,0.005979257717032857
UNI/USD,1d,cross_TLT_state_slope=downtrend + state_slope=flat,bull,BTC/USD,ok,515,28,0.00412340739742014,0.6785714285714286,0.12517463744008298,0.900385295688837,False,-0.012337877889713977,0.016461285287134118,cross_TLT_state_slope=downtrend,0.00926777349968022,-0.005144366102260081
UNI/USD,1d,cross_TLT_state_slope=downtrend + state_slope=flat,bear,BTC/USD,ok,481,55,-0.015320079677551779,0.4,-1.0113026062906527,0.3118716190361088,False,-0.005108010175154697,-0.010212069502397083,cross_TLT_state_slope=downtrend,-0.008403082633993107,-0.006916997043558672
UNI/USD,1d,cross_TLT_state_slope=downtrend + state_slope=flat,neutral,BTC/USD,ok,639,91,0.019291309957959763,0.6263736263736264,1.4451291335299914,0.1484216171288164,False,0.007010803325728942,0.01228050663223082,state_slope=flat,0.0170560980457338,0.0022352119122259623
UNI/USD,1d,cross_TLT_state_slope=downtrend + state_slope=flat,regime_warmup,BTC/USD,ok,199,0,,,,,False,0.0031929205181384064,,,,
SOL/USD,1d,cross_USO_state_ext=stretched_down + cross_TLT_state_slope=uptrend + state_ext=stretched_down,all,BTC/USD,ok,1414,97,0.014425632703033073,0.5567010309278351,0.9361853515512735,0.34917776389654653,False,0.02635543787870287,-0.011929805175669796,cross_TLT_state_slope=uptrend,0.06345827982948575,-0.04903264712645268
SOL/USD,1d,cross_USO_state_ext=stretched_down + cross_TLT_state_slope=uptrend + state_ext=stretched_down,bull,BTC/USD,ok,289,9,0.04985666472907418,0.7777777777777778,1.6008073548435828,0.109419594103491,False,0.11087433325793665,-0.06101766852886247,cross_TLT_state_slope=uptrend,0.21801177135943473,-0.16815510663036054
SOL/USD,1d,cross_USO_state_ext=stretched_down + cross_TLT_state_slope=uptrend + state_ext=stretched_down,bear,BTC/USD,ok,452,37,0.055967820613659784,0.6486486486486487,2.578499434807309,0.009923046207748198,True,-0.005880906829851569,0.06184872744351135,cross_USO_state_ext=stretched_down + state_ext=stretched_down,0.033947692182803586,0.022020128430856198
SOL/USD,1d,cross_USO_state_ext=stretched_down + cross_TLT_state_slope=uptrend + state_ext=stretched_down,neutral,BTC/USD,ok,474,51,-0.021965352413193563,0.45098039215686275,-1.3691659783160484,0.17094739810934056,False,-0.0025374891144601015,-0.01942786329873346,cross_USO_state_ext=stretched_down,0.008229879457119237,-0.0301952318703128
SOL/USD,1d,cross_USO_state_ext=stretched_down + cross_TLT_state_slope=uptrend + state_ext=stretched_down,regime_warmup,BTC/USD,ok,199,0,,,,,False,0.04565249535823697,,cross_USO_state_ext=stretched_down,0.04833085380530275,
XRP/USD,1d,state_ext=neutral + state_slope=uptrend,all,BTC/USD,ok,930,35,0.046689853251703814,0.8,3.0282619170294924,0.0024596480471588134,True,-0.00813339438822198,0.05482324763992579,state_ext=neutral,0.01913092643770421,0.027558926813999605
XRP/USD,1d,state_ext=neutral + state_slope=uptrend,bull,BTC/USD,ok,332,5,0.10527025931471468,1.0,3.8724927027273983,0.00010772790230362261,False,-0.01867915717188282,0.12394941648659749,state_ext=neutral,0.035019896314982625,0.07025036299973206
XRP/USD,1d,state_ext=neutral + state_slope=uptrend,bear,BTC/USD,ok,207,5,-0.004009554122521462,0.4,-0.3379502420351803,0.7354006849525592,False,0.004051566326740499,-0.00806112044926196,state_slope=uptrend,0.00801066659726694,-0.012020220719788402
XRP/USD,1d,state_ext=neutral + state_slope=uptrend,neutral,BTC/USD,ok,391,25,0.045113653513946715,0.84,2.3724973370663687,0.01766829049478158,True,-0.0056297975182010886,0.05074345103214781,state_slope=uptrend,0.01770776154011756,0.027405891973829154
SOL/USD,1d,cross_USO_state_slope=uptrend + cross_TLT_state_ext=neutral + state_ext=stretched_up,all,BTC/USD,ok,1414,55,0.021824419370510377,0.6545454545454545,1.4857662073305002,0.1373409714281777,False,-0.02675543787870287,0.04857985724921325,cross_USO_state_slope=uptrend + state_ext=stretched_up,0.02499159635353029,-0.0031671769830199127
SOL/USD,1d,cross_USO_state_slope=uptrend + cross_TLT_state_ext=neutral + state_ext=stretched_up,bull,BTC/USD,ok,289,21,0.00808365107517335,0.5714285714285714,0.2996640436931366,0.7644334278154257,False,-0.11127433325793668,0.11935798433311003,cross_USO_state_slope=uptrend + state_ext=stretched_up,0.03988101025114997,-0.03179735917597662
SOL/USD,1d,cross_USO_state_slope=uptrend + cross_TLT_state_ext=neutral + state_ext=stretched_up,bear,BTC/USD,ok,452,5,0.024482221777418878,0.8,1.0584761083425787,0.28983843744603677,False,0.00548090682985157,0.019001314947567308,cross_TLT_state_ext=neutral + state_ext=stretched_up,0.04619556273042218,-0.0217133409530033
SOL/USD,1d,cross_USO_state_slope=uptrend + cross_TLT_state_ext=neutral + state_ext=stretched_up,neutral,BTC/USD,ok,474,29,0.031316389100425376,0.6896551724137931,1.8296769244855398,0.06729826341981293,False,0.0021374891144601018,0.029178899985965276,cross_USO_state_slope=uptrend + state_ext=stretched_up,0.022731107222178353,0.008585281878247024
SOL/USD,1d,cross_USO_state_slope=uptrend + cross_TLT_state_ext=neutral + state_ext=stretched_up,regime_warmup,BTC/USD,ok,199,0,,,,,False,-0.04605249535823696,,cross_TLT_state_ext=neutral,-0.061310314895441614,
AAVE/USD,1d,cross_TLT_state_slope=flat + state_slope=flat,all,BTC/USD,ok,1830,232,0.016020579574930714,0.5905172413793104,1.4702020338054143,0.14150704405568448,False,-0.0038038282031588764,0.01982440777808959,cross_TLT_state_slope=flat,0.005729201009754233,0.010291378565176482
AAVE/USD,1d,cross_TLT_state_slope=flat + state_slope=flat,bull,BTC/USD,ok,515,99,0.023016384586691238,0.5656565656565656,1.2331622523797148,0.217515235501748,False,-0.006850746648017595,0.029867131234708834,state_slope=flat,0.009512073832901253,0.013504310753789986
AAVE/USD,1d,cross_TLT_state_slope=flat + state_slope=flat,bear,BTC/USD,ok,481,36,-0.014179213934368261,0.4166666666666667,-0.511820392133617,0.6087767171667506,False,-0.009803211926236514,-0.004376002008131747,cross_TLT_state_slope=flat,0.015933384350326457,-0.030112598284694717
AAVE/USD,1d,cross_TLT_state_slope=flat + state_slope=flat,neutral,BTC/USD,ok,637,97,0.02008870194782216,0.6804123711340206,1.5274381249342543,0.12665210225575052,False,0.0009862562402196836,0.01910244570760248,state_slope=flat,0.011232240460659858,0.008856461487162303
AAVE/USD,1d,cross_TLT_state_slope=flat + state_slope=flat,regime_warmup,BTC/USD,ok,197,0,,,,,False,0.003320957479432192,,,,
DOT/USD,1h,state_ret_day=ret_day_up + state_ext=stretched_down,all,BTC/USD,ok,9072,45,0.004618936125384502,0.6666666666666666,1.4834576164950497,0.1379528692064973,False,0.0005013843361691994,0.004117551789215303,state_ret_day=ret_day_up,0.0009397387449978855,0.0036791973803866167
DOT/USD,1h,state_ret_day=ret_day_up + state_ext=stretched_down,bull,BTC/USD,ok,2307,10,-0.003571697164875731,0.4,-0.667424433989035,0.5045010628871163,False,0.001278900315619634,-0.004850597480495366,state_ext=stretched_down,0.0011383406079477814,-0.004710037772823512
DOT/USD,1h,state_ret_day=ret_day_up + state_ext=stretched_down,bear,BTC/USD,ok,2785,8,0.007898423334203118,0.625,0.9866763454673366,0.3238013298570803,False,0.0003225903269501033,0.007575833007253015,state_ret_day=ret_day_up,0.0011705570014349934,0.006727866332768125
DOT/USD,1h,state_ret_day=ret_day_up + state_ext=stretched_down,neutral,BTC/USD,ok,3781,27,0.006680804096942035,0.7777777777777778,2.0275300939786844,0.042608230000335645,True,0.00031560974139790553,0.00636519435554413,state_ret_day=ret_day_up,0.0010469262022140752,0.00563387789472796
DOT/USD,1h,state_ret_day=ret_day_up + state_ext=stretched_down,regime_warmup,BTC/USD,ok,199,0,,,,,False,-0.002480396096427341,,state_ext=stretched_down,3.276683451605122e-05,
SUSHI/USD,1d,cross_USO_state_ext=stretched_up + cross_TLT_state_slope=flat + state_ext=stretched_up,all,BTC/USD,ok,1822,95,0.019033066889978557,0.5684210526315789,0.860451938446048,0.38953996595451557,False,0.002489867830105468,0.01654319905987309,cross_USO_state_ext=stretched_up + state_ext=stretched_up,0.02551294851616985,-0.006479881626191293
SUSHI/USD,1d,cross_USO_state_ext=stretched_up + cross_TLT_state_slope=flat + state_ext=stretched_up,bull,BTC/USD,ok,515,45,-0.035948456556777045,0.4222222222222222,-1.1440818632186516,0.25258968853531005,False,0.004339228921362992,-0.04028768547814004,cross_USO_state_ext=stretched_up,0.019355184080964503,-0.05530364063774155
SUSHI/USD,1d,cross_USO_state_ext=stretched_up + cross_TLT_state_slope=flat + state_ext=stretched_up,bear,BTC/USD,ok,481,9,0.0182336360010551,0.6666666666666666,1.628530809488139,0.10341238188804125,False,0.0029078217429439196,0.015325814258111182,cross_USO_state_ext=stretched_up + cross_TLT_state_slope=flat,0.05589489012144205,-0.03766125412038694
SUSHI/USD,1d,cross_USO_state_ext=stretched_up + cross_TLT_state_slope=flat + state_ext=stretched_up,neutral,BTC/USD,ok,637,41,0.07955412623398621,0.7073170731707317,2.7873410165779013,0.005314252302562661,True,-0.000297869323747281,0.0798519955577335,cross_USO_state_ext=stretched_up + cross_TLT_state_slope=flat,0.036253055597447126,0.04330107063653908
SUSHI/USD,1d,cross_USO_state_ext=stretched_up + cross_TLT_state_slope=flat + state_ext=stretched_up,regime_warmup,BTC/USD,ok,189,0,,,,,False,0.005782628533445588,,cross_USO_state_ext=stretched_up + state_ext=stretched_up,0.05506112209966136,
BCH/USD,1d,state_ext=neutral + state_slope=uptrend,all,BTC/USD,ok,1832,76,0.009057886879925937,0.4342105263157895,0.6887131385003132,0.4910038065038047,False,0.0024043808129730337,0.006653506066952903,state_ext=neutral,0.008841036333845056,0.00021685054608088124
BCH/USD,1d,state_ext=neutral + state_slope=uptrend,bull,BTC/USD,ok,515,35,0.0071627971825947824,0.42857142857142855,0.40560544594463616,0.6850325267475157,False,0.011064795148448993,-0.0039019979658542108,state_ext=neutral,0.016222774983718373,-0.009059977801123591
BCH/USD,1d,state_ext=neutral + state_slope=uptrend,bear,BTC/USD,ok,481,16,0.0047033790328547265,0.375,0.1577650361317245,0.8746419506861007,False,-0.0016414836365081275,0.006344862669362854,state_slope=uptrend,0.0009082017339923859,0.0037951772988623405
BCH/USD,1d,state_ext=neutral + state_slope=uptrend,neutral,BTC/USD,ok,637,25,0.01449789747831514,0.48,0.6906575601746183,0.48978076570302154,False,0.0013447062529965096,0.01315319122531863,state_ext=neutral,0.006775888010144066,0.007722009468171074
BCH/USD,1d,state_ext=neutral + state_slope=uptrend,regime_warmup,BTC/USD,ok,199,0,,,,,False,-0.006837025658708564,,state_ext=neutral,0.009295734935783635,
SOL/USD,1d,cross_TLT_state_slope=downtrend + state_ext=stretched_up,all,BTC/USD,ok,1414,95,0.0018936536559422258,0.5684210526315789,0.118267958310676,0.9058553447482454,False,-0.02675543787870287,0.028649091534645097,cross_TLT_state_slope=downtrend,-0.017383880011482233,0.01927753366742446
SOL/USD,1d,cross_TLT_state_slope=downtrend + state_ext=stretched_up,bull,BTC/USD,ok,289,21,0.053135169907235685,0.9047619047619048,2.2913273090805646,0.021944490282402862,True,-0.11127433325793668,0.16440950316517236,cross_TLT_state_slope=downtrend,0.019028201101174248,0.03410696880606144
SOL/USD,1d,cross_TLT_state_slope=downtrend + state_ext=stretched_up,bear,BTC/USD,ok,452,20,0.04216882388017392,0.7,1.6544147531693993,0.09804327090817866,False,0.00548090682985157,0.03668791705032235,state_ext=stretched_up,0.016385079335717496,0.025783744544456425
SOL/USD,1d,cross_TLT_state_slope=downtrend + state_ext=stretched_up,neutral,BTC/USD,ok,474,54,-0.03295033237668363,0.3888888888888889,-1.732791072073109,0.08313281027747088,False,0.0021374891144601018,-0.03508782149114373,state_ext=stretched_up,0.0013303618882091303,-0.03428069426489276
SOL/USD,1d,cross_TLT_state_slope=downtrend + state_ext=stretched_up,regime_warmup,BTC/USD,ok,199,0,,,,,False,-0.04605249535823696,,state_ext=stretched_up,-0.08949534749505973,
SUSHI/USD,1d,state_volume=vol_quiet + state_ext=stretched_up,all,BTC/USD,ok,1822,185,0.00799552828195289,0.6,0.556694586284575,0.5777361163928241,False,0.002489867830105468,0.005505660451847421,state_ext=stretched_up,0.005089857587830283,0.0029056706941226066
SUSHI/USD,1d,state_volume=vol_quiet + state_ext=stretched_up,bull,BTC/USD,ok,515,84,-0.03253003846407062,0.4642857142857143,-1.3590120146163662,0.17414278154382234,False,0.004339228921362992,-0.03686926738543361,state_ext=stretched_up,-0.009503197733101792,-0.023026840730968827
SUSHI/USD,1d,state_volume=vol_quiet + state_ext=stretched_up,bear,BTC/USD,ok,481,19,0.016952228095394102,0.7368421052631579,1.2222096304534105,0.22162836292792143,False,0.0029078217429439196,0.014044406352450182,state_ext=stretched_up,0.01584677048356844,0.0011054576118256637
SUSHI/USD,1d,state_volume=vol_quiet + state_ext=stretched_up,neutral,BTC/USD,ok,637,70,0.03801310689674332,0.6714285714285714,2.894002965833423,0.0038036456927077467,True,-0.000297869323747281,0.0383109762204906,state_ext=stretched_up,0.0076950986005762095,0.030318008296167112
SUSHI/USD,1d,state_volume=vol_quiet + state_ext=stretched_up,regime_warmup,BTC/USD,ok,189,12,0.10239051221322458,0.9166666666666666,2.321203003952742,0.020275890142600783,False,0.005782628533445588,0.09660788367977899,state_volume=vol_quiet,0.037414113337513474,0.0649763988757111
AAVE/USD,1d,cross_USO_state_vol=low_vol + state_ext=stretched_up,all,BTC/USD,ok,1830,231,0.011740700263522945,0.5844155844155844,0.9225790906336306,0.35622659631212517,False,-0.0038038282031588764,0.01554452846668182,cross_USO_state_vol=low_vol,0.008427727987010655,0.0033129722765122896
AAVE/USD,1d,cross_USO_state_vol=low_vol + state_ext=stretched_up,bull,BTC/USD,ok,515,160,0.006196340939706828,0.56875,0.3629840276826147,0.7166168158541879,False,-0.006850746648017595,0.013047087587724424,cross_USO_state_vol=low_vol,0.0055989807285542394,0.0005973602111525884
AAVE/USD,1d,cross_USO_state_vol=low_vol + state_ext=stretched_up,bear,BTC/USD,ok,481,23,-0.019519807774124483,0.43478260869565216,-0.9065728036454469,0.36463274900926645,False,-0.009803211926236514,-0.00971659584788797,cross_USO_state_vol=low_vol,-0.009331485860866866,-0.010188321913257617
AAVE/USD,1d,cross_USO_state_vol=low_vol + state_ext=stretched_up,neutral,BTC/USD,ok,637,48,0.04520089144428272,0.7083333333333334,3.3829259549308235,0.0007171796567932986,True,0.0009862562402196836,0.04421463520406304,cross_USO_state_vol=low_vol,0.016488288268731565,0.028712603175551157
AAVE/USD,1d,cross_USO_state_vol=low_vol + state_ext=stretched_up,regime_warmup,BTC/USD,ok,197,0,,,,,False,0.003320957479432192,,state_ext=stretched_up,0.03109459430005056,
BCH/USD,1d,state_volume=vol_normal + state_ext=neutral,all,BTC/USD,ok,1832,84,0.007654963774896465,0.5,0.8550051293610603,0.3925483081154135,False,0.0024043808129730337,0.005250582961923431,state_ext=neutral,0.008841036333845056,-0.0011860725589485912
BCH/USD,1d,state_volume=vol_normal + state_ext=neutral,bull,BTC/USD,ok,515,24,0.0046115288460723295,0.4583333333333333,0.31851753503437136,0.7500923956944026,False,0.011064795148448993,-0.006453266302376664,state_ext=neutral,0.016222774983718373,-0.011611246137646043
BCH/USD,1d,state_volume=vol_normal + state_ext=neutral,bear,BTC/USD,ok,481,20,-0.005649332587241994,0.45,-0.2814938489231903,0.7783316452821714,False,-0.0016414836365081275,-0.004007848950733866,state_volume=vol_normal,0.00323143403523348,-0.008880766622475474
BCH/USD,1d,state_volume=vol_normal + state_ext=neutral,neutral,BTC/USD,ok,637,31,0.014530480004062084,0.5161290322580645,0.9965105423054482,0.31900214738175303,False,0.0013447062529965096,0.013185773751065574,state_ext=neutral,0.006775888010144066,0.007754591993918018
BCH/USD,1d,state_volume=vol_normal + state_ext=neutral,regime_warmup,BTC/USD,ok,199,9,0.02165355960049807,0.6666666666666666,0.5807895748683483,0.5613822821347139,False,-0.006837025658708564,0.028490585259206634,state_ext=neutral,0.009295734935783635,0.012357824664714436
SUSHI/USD,1d,state_ext=stretched_up + state_vol=high_vol,all,BTC/USD,ok,1822,137,0.0035254827547444864,0.5693430656934306,0.12766811316733007,0.8984116255543677,False,0.002489867830105468,0.0010356149246390184,state_ext=stretched_up,0.005089857587830283,-0.0015643748330857968
SUSHI/USD,1d,state_ext=stretched_up + state_vol=high_vol,bull,BTC/USD,ok,515,89,-0.029777071297115248,0.48314606741573035,-0.8314949637410004,0.40569407214577957,False,0.004339228921362992,-0.03411630021847824,state_vol=high_vol,-0.00706433107049283,-0.022712740226622417
SUSHI/USD,1d,state_ext=stretched_up + state_vol=high_vol,bear,BTC/USD,ok,481,17,0.0675146623376143,0.7647058823529411,2.452581573115404,0.014183521646185415,True,0.0029078217429439196,0.06460684059467038,state_vol=high_vol,0.02002580687449684,0.04748885546311746
SUSHI/USD,1d,state_ext=stretched_up + state_vol=high_vol,neutral,BTC/USD,ok,637,31,0.06404520074528414,0.7096774193548387,2.086430874810336,0.03693961068971641,True,-0.000297869323747281,0.06434307006903142,state_ext=stretched_up,0.0076950986005762095,0.056350102144707925
SUSHI/USD,1d,state_ext=stretched_up + state_vol=high_vol,regime_warmup,BTC/USD,ok,189,0,,,,,False,0.005782628533445588,,state_ext=stretched_up,0.03739847542737802,
CRV/USD,1d,state_ext=stretched_up + state_slope=flat,all,BTC/USD,ok,1066,87,0.02436395883613977,0.6206896551724138,1.2448038384321134,0.21320386486257847,False,-0.0034415481086966953,0.027805506944836467,state_slope=flat,0.004769442341206693,0.019594516494933076
CRV/USD,1d,state_ext=stretched_up + state_slope=flat,bull,BTC/USD,ok,395,41,0.05174905328137298,0.7073170731707317,1.477571691825165,0.13952245600468194,False,-0.007950843229596606,0.05969989651096958,state_slope=flat,0.029357818354551816,0.02239123492682116
CRV/USD,1d,state_ext=stretched_up + state_slope=flat,bear,BTC/USD,ok,223,22,0.01057483877382407,0.6363636363636364,0.6758412278350107,0.4991414557629017,False,-0.0061788542615246475,0.016753693035348717,state_ext=stretched_up,-2.885642543339289e-05,0.010603695199257463
CRV/USD,1d,state_ext=stretched_up + state_slope=flat,neutral,BTC/USD,ok,448,24,-0.009778884117344224,0.4583333333333333,-0.39457490004349444,0.6931566404569458,False,0.0018968243128124538,-0.011675708430156678,state_ext=stretched_up,0.01145713647604017,-0.021236020593384395
SOL/USD,1d,cross_USO_state_slope=uptrend + cross_TLT_state_slope=downtrend + state_ext=stretched_up,all,BTC/USD,ok,1414,30,0.016735771954960628,0.6,0.6849401087012404,0.4933817148793904,False,-0.02675543787870287,0.0434912098336635,cross_USO_state_slope=uptrend + state_ext=stretched_up,0.02499159635353029,-0.008255824398569662
SOL/USD,1d,cross_USO_state_slope=uptrend + cross_TLT_state_slope=downtrend + state_ext=stretched_up,bull,BTC/USD,ok,289,13,0.04349041902170398,0.8461538461538461,1.199358574046372,0.23038854827404776,False,-0.11127433325793668,0.15476475227964065,cross_TLT_state_slope=downtrend + state_ext=stretched_up,0.053135169907235685,-0.009644750885531704
SOL/USD,1d,cross_USO_state_slope=uptrend + cross_TLT_state_slope=downtrend + state_ext=stretched_up,bear,BTC/USD,ok,452,3,-0.037472340370505834,0.0,-2.1854262052334867,0.028857611207695033,False,0.00548090682985157,-0.042953247200357404,cross_TLT_state_slope=downtrend + state_ext=stretched_up,0.04216882388017392,-0.07964116425067976
SOL/USD,1d,cross_USO_state_slope=uptrend + cross_TLT_state_slope=downtrend + state_ext=stretched_up,neutral,BTC/USD,ok,474,14,0.0035081951770131797,0.5,0.11038605293005839,0.9121032136805807,False,0.0021374891144601018,0.001370706062553078,cross_USO_state_slope=uptrend + state_ext=stretched_up,0.022731107222178353,-0.019222912045165172
SOL/USD,1d,cross_USO_state_slope=uptrend + cross_TLT_state_slope=downtrend + state_ext=stretched_up,regime_warmup,BTC/USD,ok,199,0,,,,,False,-0.04605249535823696,,state_ext=stretched_up,-0.08949534749505973,
CRV/USD,1d,cross_USO_state_slope=flat + state_slope=flat,all,BTC/USD,ok,1066,88,0.015544570395724953,0.5568181818181818,0.7928066134530318,0.4278905027695221,False,-0.0034415481086966953,0.01898611850442165,state_slope=flat,0.004769442341206693,0.01077512805451826
CRV/USD,1d,cross_USO_state_slope=flat + state_slope=flat,bull,BTC/USD,ok,395,35,0.030231427669916985,0.5714285714285714,0.831514001639542,0.40568332177282374,False,-0.007950843229596606,0.03818227089951359,state_slope=flat,0.029357818354551816,0.0008736093153651689
CRV/USD,1d,cross_USO_state_slope=flat + state_slope=flat,bear,BTC/USD,ok,223,25,0.003527256012598796,0.6,0.1579750625763195,0.8744764491264319,False,-0.0061788542615246475,0.009706110274123443,cross_USO_state_slope=flat,0.005414002574199942,-0.0018867465616011461
CRV/USD,1d,cross_USO_state_slope=flat + state_slope=flat,neutral,BTC/USD,ok,448,28,0.007915743787918974,0.5,0.29813778910250693,0.7655980007432805,False,0.0018968243128124538,0.00601891947510652,cross_USO_state_slope=flat,0.010325832631871586,-0.002410088843952612
UNI/USD,1d,cross_USO_state_ext=stretched_up + state_ext=stretched_up,all,BTC/USD,ok,1834,272,0.014938291748205823,0.5919117647058824,1.1301915779978162,0.25839550778540543,False,-0.0020150847869148114,0.016953376535120634,cross_USO_state_ext=stretched_up,0.009556772062330767,0.005381519685875056
UNI/USD,1d,cross_USO_state_ext=stretched_up + state_ext=stretched_up,bull,BTC/USD,ok,515,97,-0.012055016691523365,0.5876288659793815,-0.43598668100442184,0.6628463930600725,False,-0.012337877889713977,0.00028286119819061206,cross_USO_state_ext=stretched_up,-0.004932639503039458,-0.0071223771884839065
UNI/USD,1d,cross_USO_state_ext=stretched_up + state_ext=stretched_up,bear,BTC/USD,ok,481,30,0.018737847815213392,0.5333333333333333,0.9899276241316373,0.32220949621677386,False,-0.005108010175154697,0.023845857990368088,cross_USO_state_ext=stretched_up,0.01596364076456822,0.002774207050645173
UNI/USD,1d,cross_USO_state_ext=stretched_up + state_ext=stretched_up,neutral,BTC/USD,ok,639,98,0.025404106307332315,0.5714285714285714,1.6527191127950718,0.09838804272739021,False,0.007010803325728942,0.018393302981603372,state_ext=stretched_up,0.024160993641743844,0.0012431126655884708
UNI/USD,1d,cross_USO_state_ext=stretched_up + state_ext=stretched_up,regime_warmup,BTC/USD,ok,199,47,0.04640030046839958,0.6808510638297872,2.1616951068364045,0.03064168505938092,True,0.0031929205181384064,0.04320737995026117,state_ext=stretched_up,0.023748274424410704,0.022652026043988877
LTC/USD,1d,cross_USO_state_ext=stretched_up + cross_TLT_state_slope=flat + state_ext=stretched_up,all,BTC/USD,ok,1832,83,0.021617586539843362,0.7108433734939759,1.8617803339750985,0.06263405962795088,False,-0.0011226563144548438,0.022740242854298206,cross_USO_state_ext=stretched_up + cross_TLT_state_slope=flat,0.017877544695699816,0.0037400418441435462
LTC/USD,1d,cross_USO_state_ext=stretched_up + cross_TLT_state_slope=flat + state_ext=stretched_up,bull,BTC/USD,ok,515,49,0.0035857909212613196,0.5918367346938775,0.23502742148133526,0.8141874499868367,False,-0.0012940744843032126,0.004879865405564532,cross_USO_state_ext=stretched_up + state_ext=stretched_up,0.00889216615793268,-0.005306375236671362
LTC/USD,1d,cross_USO_state_ext=stretched_up + cross_TLT_state_slope=flat + state_ext=stretched_up,bear,BTC/USD,ok,481,5,0.01201125907272287,1.0,5.963950961155184,2.4621065186636315e-09,False,-0.0015229865555246454,0.013534245628247515,cross_USO_state_ext=stretched_up + cross_TLT_state_slope=flat,0.02766837930767459,-0.01565712023495172
LTC/USD,1d,cross_USO_state_ext=stretched_up + cross_TLT_state_slope=flat + state_ext=stretched_up,neutral,BTC/USD,ok,637,29,0.05374136663108896,0.8620689655172413,3.8311462361290287,0.00012754766547562468,True,-1.1776639470967778e-05,0.053753143270559925,cross_USO_state_ext=stretched_up + cross_TLT_state_slope=flat,0.030296878090701345,0.023444488540387613
LTC/USD,1d,cross_USO_state_ext=stretched_up + cross_TLT_state_slope=flat + state_ext=stretched_up,regime_warmup,BTC/USD,ok,199,0,,,,,False,-0.003267335457863115,,cross_USO_state_ext=stretched_up + state_ext=stretched_up,0.025991903398126806,
SOL/USD,1d,cross_USO_state_vol=high_vol + state_ext=neutral,all,BTC/USD,ok,1414,48,0.04384541662764107,0.625,2.382633125275105,0.017189315603709954,True,0.02635543787870287,0.0174899787489382,cross_USO_state_vol=high_vol,0.01881798583895405,0.02502743078868702
SOL/USD,1d,cross_USO_state_vol=high_vol + state_ext=neutral,bull,BTC/USD,ok,289,8,0.10784129148710166,0.75,2.9659389719444205,0.003017603624848153,False,0.11087433325793665,-0.0030330417708349933,cross_USO_state_vol=high_vol,0.0637249829631926,0.04411630852390906
SOL/USD,1d,cross_USO_state_vol=high_vol + state_ext=neutral,bear,BTC/USD,ok,452,19,0.009749340980484108,0.47368421052631576,0.7628273837101358,0.44556634768418046,False,-0.005880906829851569,0.015630247810335677,cross_USO_state_vol=high_vol,0.013521764730896908,-0.0037724237504128
SOL/USD,1d,cross_USO_state_vol=high_vol + state_ext=neutral,neutral,BTC/USD,ok,474,21,0.05031486607622664,0.7142857142857143,2.0843424998529514,0.037129024093551566,True,-0.0025374891144601015,0.05285235519068675,state_ext=neutral,0.015613929431663391,0.03470093664456325
SOL/USD,1d,cross_USO_state_vol=high_vol + state_ext=neutral,regime_warmup,BTC/USD,ok,199,0,,,,,False,0.04565249535823697,,state_ext=neutral,0.05198796334052043,
CRV/USD,1d,cross_USO_state_slope=uptrend + state_slope=downtrend,all,BTC/USD,ok,1066,125,0.03896647228415045,0.68,2.6984026513557784,0.0069673112183712416,True,-0.0034415481086966953,0.04240802039284714,cross_USO_state_slope=uptrend,0.018878459748365294,0.020088012535785155
CRV/USD,1d,cross_USO_state_slope=uptrend + state_slope=downtrend,bull,BTC/USD,ok,395,41,0.08466238602605279,0.8780487804878049,4.087174856774591,4.3665801514158886e-05,True,-0.007950843229596606,0.0926132292556494,state_slope=downtrend,0.052864001706565696,0.031798384319487095
CRV/USD,1d,cross_USO_state_slope=uptrend + state_slope=downtrend,bear,BTC/USD,ok,223,36,0.047325130757661746,0.6944444444444444,2.130879262525832,0.033099090221113237,True,-0.0061788542615246475,0.05350398501918639,cross_USO_state_slope=uptrend,0.008403627902806741,0.038921502854855
CRV/USD,1d,cross_USO_state_slope=uptrend + state_slope=downtrend,neutral,BTC/USD,ok,448,48,-0.006334447892191275,0.5,-0.3289033204593735,0.7422287644618448,False,0.0018968243128124538,-0.008231272205003729,cross_USO_state_slope=uptrend,0.004256521945852608,-0.010590969838043883
ETH/USD,1d,cross_USO_state_vol=low_vol + state_ext=stretched_up,all,BTC/USD,ok,1832,213,0.013443329950240812,0.596244131455399,1.4830675373540354,0.13805646786315595,False,-0.0034974734376106583,0.01694080338785147,cross_USO_state_vol=low_vol,0.006465861110768313,0.006977468839472499
ETH/USD,1d,cross_USO_state_vol=low_vol + state_ext=stretched_up,bull,BTC/USD,ok,515,168,0.008365246548570585,0.5654761904761905,0.7927929352591249,0.42789847325803887,False,-0.010054556231654565,0.018419802780225147,cross_USO_state_vol=low_vol,0.004144284955488421,0.004220961593082164
ETH/USD,1d,cross_USO_state_vol=low_vol + state_ext=stretched_up,bear,BTC/USD,ok,481,8,-0.002085979434516938,0.5,-0.06479412924729379,0.9483379158116225,False,-0.0002810016380972383,-0.0018049777964196996,cross_USO_state_vol=low_vol,0.002362933017994349,-0.004448912452511286
ETH/USD,1d,cross_USO_state_vol=low_vol + state_ext=stretched_up,neutral,BTC/USD,ok,637,37,0.039858262019393756,0.7567567567567568,2.7327050967912414,0.006281654820355254,True,0.002260803281474415,0.037597458737919344,cross_USO_state_vol=low_vol,0.010170037184474002,0.029688224834919754
ETH/USD,1d,cross_USO_state_vol=low_vol + state_ext=stretched_up,regime_warmup,BTC/USD,ok,199,0,,,,,False,-0.01273489839585455,,state_ext=stretched_up,-0.018166321201861454,
CRV/USD,1h,cross_USO_state_vol=low_vol + state_ext=stretched_up,all,BTC/USD,ok,9072,347,0.003047885836160274,0.5446685878962536,1.301011041333692,0.19325467539663377,False,0.00019551873813968769,0.002852367098020586,state_ext=stretched_up,0.0018312786989118032,0.0012166071372484708
CRV/USD,1h,cross_USO_state_vol=low_vol + state_ext=stretched_up,bull,BTC/USD,ok,2307,148,0.005212057909002778,0.5540540540540541,1.4357365206201247,0.15107732902617932,False,0.0014433108531442967,0.0037687470558584817,state_ext=stretched_up,0.00429973444349838,0.0009123234655043985
CRV/USD,1h,cross_USO_state_vol=low_vol + state_ext=stretched_up,bear,BTC/USD,ok,2785,56,-0.0019483229692506443,0.4642857142857143,-0.5208433946117397,0.6024758706314106,False,0.0001891084825125637,-0.002137431451763208,state_ext=stretched_up,-0.0006659817162593201,-0.0012823412529913243
CRV/USD,1h,cross_USO_state_vol=low_vol + state_ext=stretched_up,neutral,BTC/USD,ok,3781,143,0.0027646007055471323,0.5664335664335665,0.8094587166557766,0.4182513399315442,False,3.0726246645722614e-05,0.0027338744589014098,state_ext=stretched_up,0.0023828056674210603,0.00038179503812607206
CRV/USD,1h,cross_USO_state_vol=low_vol + state_ext=stretched_up,regime_warmup,BTC/USD,ok,199,0,,,,,False,-0.011049322654098564,,state_ext=stretched_up,-0.0128698582289425,
SUSHI/USD,1d,state_volume=vol_normal + state_ext=stretched_up,all,BTC/USD,ok,1822,156,0.03696106109057149,0.6538461538461539,2.7976467554298603,0.005147637618071466,True,0.002489867830105468,0.03447119326046602,state_ext=stretched_up,0.005089857587830283,0.03187120350274121
SUSHI/USD,1d,state_volume=vol_normal + state_ext=stretched_up,bull,BTC/USD,ok,515,44,0.04826675768572801,0.7272727272727273,1.8714698556233287,0.061279984305382396,False,0.004339228921362992,0.043927528764365016,state_volume=vol_normal,0.033615627519786064,0.014651130165941946
SUSHI/USD,1d,state_volume=vol_normal + state_ext=stretched_up,bear,BTC/USD,ok,481,26,0.023621302294282984,0.6153846153846154,0.6965795866985912,0.48606593452069946,False,0.0029078217429439196,0.020713480551339064,state_ext=stretched_up,0.01584677048356844,0.007774531810714545
SUSHI/USD,1d,state_volume=vol_normal + state_ext=stretched_up,neutral,BTC/USD,ok,637,60,0.03501516027716305,0.5833333333333334,1.8428410273691846,0.06535222464989632,False,-0.000297869323747281,0.03531302960091033,state_ext=stretched_up,0.0076950986005762095,0.027320061676586842
SUSHI/USD,1d,state_volume=vol_normal + state_ext=stretched_up,regime_warmup,BTC/USD,ok,189,26,0.03565864291061458,0.7307692307692307,1.0647710803888844,0.28697953510040763,False,0.005782628533445588,0.029876014377168993,state_ext=stretched_up,0.03739847542737802,-0.0017398325167634413
SUSHI/USD,1d,cross_USO_state_slope=downtrend + state_ext=neutral,all,BTC/USD,ok,1822,52,0.0012349497541451417,0.5,0.06131697453496206,0.951106772514162,False,0.002489867830105468,-0.0012549180759603264,cross_USO_state_slope=downtrend,-0.00262299238019041,0.003857942134335552
SUSHI/USD,1d,cross_USO_state_slope=downtrend + state_ext=neutral,bull,BTC/USD,ok,515,19,0.04325003534605707,0.7368421052631579,1.469242016626872,0.14176715765468284,False,0.004339228921362992,0.03891080642469408,state_ext=neutral,0.01110587245720114,0.03214416288885593
SUSHI/USD,1d,cross_USO_state_slope=downtrend + state_ext=neutral,bear,BTC/USD,ok,481,22,-0.041914757994193426,0.36363636363636365,-1.256300267168857,0.2090071251005028,False,0.0029078217429439196,-0.044822579737137346,cross_USO_state_slope=downtrend,-0.0004474178374368454,-0.04146734015675658
SUSHI/USD,1d,cross_USO_state_slope=downtrend + state_ext=neutral,neutral,BTC/USD,ok,637,11,0.014962853773883506,0.36363636363636365,0.6780297891259456,0.49775280572276737,False,-0.000297869323747281,0.015260723097630787,cross_USO_state_slope=downtrend,-0.0023669235539716493,0.017329777327855154
SUSHI/USD,1d,cross_USO_state_slope=downtrend + state_ext=neutral,regime_warmup,BTC/USD,ok,189,0,,,,,False,0.005782628533445588,,state_ext=neutral,-0.02257602318933261,
BCH/USD,1d,state_ext=neutral + state_vol=mid_vol,all,BTC/USD,ok,1832,74,0.009793001772612895,0.4594594594594595,0.7923911760753896,0.4281326229043687,False,0.0024043808129730337,0.007388620959639861,state_ext=neutral,0.008841036333845056,0.0009519654387678388
BCH/USD,1d,state_ext=neutral + state_vol=mid_vol,bull,BTC/USD,ok,515,34,0.007605822482852972,0.38235294117647056,0.41103590085461683,0.6810462101543902,False,0.011064795148448993,-0.0034589726655960213,state_ext=neutral,0.016222774983718373,-0.008616952500865402
BCH/USD,1d,state_ext=neutral + state_vol=mid_vol,bear,BTC/USD,ok,481,15,0.022761821327277356,0.6,0.6622482366860244,0.5078121448842516,False,-0.0016414836365081275,0.024403304963785483,state_ext=neutral,-0.0004258270812331029,0.02318764840851046
BCH/USD,1d,state_ext=neutral + state_vol=mid_vol,neutral,BTC/USD,ok,637,25,0.004986273873887705,0.48,0.20870806412172918,0.8346761445165334,False,0.0013447062529965096,0.0036415676208911953,state_vol=mid_vol,0.0077104888563877755,-0.002724214982500071
BCH/USD,1d,state_ext=neutral + state_vol=mid_vol,regime_warmup,BTC/USD,ok,199,0,,,,,False,-0.006837025658708564,,state_ext=neutral,0.009295734935783635,
LTC/USD,1h,cross_TLT_state_slope=uptrend + state_ext=stretched_down,all,BTC/USD,ok,9079,306,0.002452754930331983,0.6568627450980392,0.8459570557305188,0.397576701546573,False,-0.0004745267862203084,0.0029272817165522914,state_ext=stretched_down,0.0007034696313520158,0.0017492852989799672
LTC/USD,1h,cross_TLT_state_slope=uptrend + state_ext=stretched_down,bull,BTC/USD,ok,2307,23,-0.0006033874100294745,0.5652173913043478,-0.1294475103036281,0.8970035561046645,False,-0.0014712996628385776,0.0008679122528091031,cross_TLT_state_slope=uptrend,-0.0015921801961010637,0.0009887927860715892
LTC/USD,1h,cross_TLT_state_slope=uptrend + state_ext=stretched_down,bear,BTC/USD,ok,2792,170,0.0011383864059686544,0.6470588235294118,0.2255061982366926,0.8215855040498761,False,-0.00044489311633955753,0.001583279522308212,cross_TLT_state_slope=uptrend,0.0012886605112680562,-0.00015027410529940173
LTC/USD,1h,cross_TLT_state_slope=uptrend + state_ext=stretched_down,neutral,BTC/USD,ok,3781,113,0.005052170177854806,0.6902654867256637,3.5450191908038056,0.0003925845020944507,True,-7.349348727501536e-05,0.005125663665129822,state_ext=stretched_down,0.0027112582911982875,0.002340911886656519
LTC/USD,1h,cross_TLT_state_slope=uptrend + state_ext=stretched_down,regime_warmup,BTC/USD,ok,199,0,,,,,False,0.0030456285742778656,,state_ext=stretched_down,0.005519966452312794,
DOGE/USD,1d,cross_USO_state_vol=low_vol + state_ext=stretched_up,all,BTC/USD,ok,1832,199,0.007303015549745049,0.5979899497487438,0.4114195626788598,0.6807649117573411,False,-0.003562128076265565,0.010865143626010614,cross_USO_state_vol=low_vol,0.009103525667623883,-0.0018005101178788334
DOGE/USD,1d,cross_USO_state_vol=low_vol + state_ext=stretched_up,bull,BTC/USD,ok,515,158,0.0014093892622359994,0.5759493670886076,0.06660965331628389,0.9468924605807238,False,-0.009313227039961937,0.010722616302197936,cross_USO_state_vol=low_vol,0.012568444651167522,-0.011159055388931523
DOGE/USD,1d,cross_USO_state_vol=low_vol + state_ext=stretched_up,bear,BTC/USD,ok,481,0,,,,,False,0.00568994070669353,,state_ext=stretched_up,0.03288017437896476,
DOGE/USD,1d,cross_USO_state_vol=low_vol + state_ext=stretched_up,neutral,BTC/USD,ok,637,41,0.030015038804048225,0.6829268292682927,1.3177473182137651,0.18758824874299562,False,-0.0074366223948553805,0.037451661198903606,cross_USO_state_vol=low_vol,0.00758907351514776,0.022425965288900465
DOGE/USD,1d,cross_USO_state_vol=low_vol + state_ext=stretched_up,regime_warmup,BTC/USD,ok,199,0,,,,,False,0.0013606043993224552,,state_ext=stretched_up,-0.005102844035334643,
BCH/USD,1d,cross_USO_state_slope=downtrend + state_ext=neutral,all,BTC/USD,ok,1832,88,0.011155894831821401,0.45454545454545453,1.0917164012528902,0.27495777387418907,False,0.0024043808129730337,0.008751514018848367,state_ext=neutral,0.008841036333845056,0.0023148584979763454
BCH/USD,1d,cross_USO_state_slope=downtrend + state_ext=neutral,bull,BTC/USD,ok,515,36,0.02317197168331614,0.4444444444444444,1.628297328025249,0.1034618557825775,False,0.011064795148448993,0.012107176534867146,state_ext=neutral,0.016222774983718373,0.006949196699597766
BCH/USD,1d,cross_USO_state_slope=downtrend + state_ext=neutral,bear,BTC/USD,ok,481,28,0.005807576397540598,0.5,0.280227669114017,0.7793028398478588,False,-0.0016414836365081275,0.007449060034048725,cross_USO_state_slope=downtrend,0.0030709102056076317,0.002736666191932966
BCH/USD,1d,cross_USO_state_slope=downtrend + state_ext=neutral,neutral,BTC/USD,ok,637,24,-0.0006285156054264366,0.4166666666666667,-0.029856598413810623,0.976181419852526,False,0.0013447062529965096,-0.0019732218584229463,state_ext=neutral,0.006775888010144066,-0.007404403615570503
BCH/USD,1d,cross_USO_state_slope=downtrend + state_ext=neutral,regime_warmup,BTC/USD,ok,199,0,,,,,False,-0.006837025658708564,,state_ext=neutral,0.009295734935783635,
ETH/USD,1d,cross_USO_state_vol=high_vol + state_ext=stretched_up,all,BTC/USD,ok,1832,152,0.034485079478974945,0.631578947368421,2.6910224722645903,0.007123339634674597,True,0.0030974734376106594,0.031387606041364285,cross_USO_state_vol=high_vol,0.02462019748868445,0.009864881990290494
ETH/USD,1d,cross_USO_state_vol=high_vol + state_ext=stretched_up,bull,BTC/USD,ok,515,36,0.06853341401304833,0.7777777777777778,3.2921593456731024,0.0009942126295088283,True,0.009654556231654565,0.05887885778139376,cross_USO_state_vol=high_vol,0.0644661014641873,0.0040673125488610296
ETH/USD,1d,cross_USO_state_vol=high_vol + state_ext=stretched_up,bear,BTC/USD,ok,481,37,0.043159532268260754,0.6486486486486487,2.0059974527431597,0.04485651976998972,True,-0.00011899836190276011,0.043278530630163514,cross_USO_state_vol=high_vol,0.021416946485714083,0.02174258578254667
ETH/USD,1d,cross_USO_state_vol=high_vol + state_ext=stretched_up,neutral,BTC/USD,ok,637,79,0.014906664334288632,0.5569620253164557,0.8619279158665601,0.38872718610435,False,-0.0026608032814744165,0.017567467615763048,cross_USO_state_vol=high_vol,0.012251564903963915,0.002655099430324716
ETH/USD,1d,cross_USO_state_vol=high_vol + state_ext=stretched_up,regime_warmup,BTC/USD,ok,199,0,,,,,False,0.012334898395854561,,state_ext=stretched_up,0.017766321201861453,
CRV/USD,1d,cross_USO_state_vol=mid_vol + state_ext=stretched_down,all,BTC/USD,ok,1066,173,0.00892463802267501,0.5433526011560693,0.6230956869659778,0.5332216438343276,False,-0.0034415481086966953,0.012366186131371705,state_ext=stretched_down,-0.0016126731194276657,0.010537311142102676
CRV/USD,1d,cross_USO_state_vol=mid_vol + state_ext=stretched_down,bull,BTC/USD,ok,395,46,0.021788875429303647,0.5,0.7525241539656687,0.4517359099606879,False,-0.007950843229596606,0.029739718658900252,state_ext=stretched_down,0.01098197339377945,0.010806902035524197
CRV/USD,1d,cross_USO_state_vol=mid_vol + state_ext=stretched_down,bear,BTC/USD,ok,223,44,0.03315018012898571,0.75,1.569781941396965,0.116465850217365,False,-0.0061788542615246475,0.03932903439051036,cross_USO_state_vol=mid_vol,0.01827279426380058,0.014877385865185132
CRV/USD,1d,cross_USO_state_vol=mid_vol + state_ext=stretched_down,neutral,BTC/USD,ok,448,83,-0.011047395391573036,0.4578313253012048,-0.6155636302073354,0.538182561434444,False,0.0018968243128124538,-0.012944219704385489,cross_USO_state_vol=mid_vol,0.013574438863086003,-0.02462183425465904
AAVE/USD,1d,cross_USO_state_slope=downtrend + state_slope=uptrend,all,BTC/USD,ok,1830,174,0.01830519713833919,0.5114942528735632,1.4593367828942998,0.1444724361935028,False,0.0034038282031588814,0.014901368935180308,cross_USO_state_slope=downtrend,0.014178278082096976,0.004126919056242214
AAVE/USD,1d,cross_USO_state_slope=downtrend + state_slope=uptrend,bull,BTC/USD,ok,515,52,0.0037460067602430158,0.4230769230769231,0.2162979925717526,0.8287554737276088,False,0.006450746648017597,-0.0027047398877745816,cross_USO_state_slope=downtrend,0.01844945144427083,-0.014703444684027815
AAVE/USD,1d,cross_USO_state_slope=downtrend + state_slope=uptrend,bear,BTC/USD,ok,481,52,0.04858277703149478,0.6538461538461539,2.130905124166554,0.033096959162846495,True,0.009403211926236525,0.03917956510525825,cross_USO_state_slope=downtrend,0.020557142818652237,0.028025634212842543
AAVE/USD,1d,cross_USO_state_slope=downtrend + state_slope=uptrend,neutral,BTC/USD,ok,637,70,0.0066286792128664885,0.4714285714285714,0.33178009599842484,0.7400553148668116,False,-0.0013862562402196805,0.008014935453086168,state_slope=uptrend,0.00532151033914948,0.0013071688737170085
AAVE/USD,1d,cross_USO_state_slope=downtrend + state_slope=uptrend,regime_warmup,BTC/USD,ok,197,0,,,,,False,-0.0037209574794321862,,,,
CRV/USD,1d,cross_USO_state_slope=uptrend + cross_TLT_state_ext=neutral + state_ext=stretched_down,all,BTC/USD,ok,1066,120,0.029091010578050854,0.6416666666666667,2.306475301149278,0.021084088667284284,True,-0.0034415481086966953,0.03253255868674755,cross_USO_state_slope=uptrend + cross_TLT_state_ext=neutral,0.020867515515609548,0.008223495062441306
CRV/USD,1d,cross_USO_state_slope=uptrend + cross_TLT_state_ext=neutral + state_ext=stretched_down,bull,BTC/USD,ok,395,45,0.044361535348561715,0.7555555555555555,2.915986913609151,0.0035456537229507923,True,-0.007950843229596606,0.05231237857815832,cross_USO_state_slope=uptrend,0.052453135964437424,-0.008091600615875709
CRV/USD,1d,cross_USO_state_slope=uptrend + cross_TLT_state_ext=neutral + state_ext=stretched_down,bear,BTC/USD,ok,223,37,0.03470837865526507,0.6216216216216216,1.4474675089306535,0.14776603002680444,False,-0.0061788542615246475,0.040887232916789716,cross_USO_state_slope=uptrend + cross_TLT_state_ext=neutral,0.025582167325370456,0.009126211329894614
CRV/USD,1d,cross_USO_state_slope=uptrend + cross_TLT_state_ext=neutral + state_ext=stretched_down,neutral,BTC/USD,ok,448,38,0.005537951800947826,0.5263157894736842,0.314422193434315,0.7532004023180936,False,0.0018968243128124538,0.0036411274881353716,cross_USO_state_slope=uptrend + cross_TLT_state_ext=neutral,0.011617359935657672,-0.006079408134709846
DOGE/USD,1d,cross_USO_state_slope=uptrend + cross_TLT_state_slope=flat + state_ext=stretched_down,all,BTC/USD,ok,1832,95,0.02609110615907284,0.6105263157894737,1.6583053968041919,0.09725584027674161,False,-0.003562128076265565,0.029653234235338406,cross_USO_state_slope=uptrend + cross_TLT_state_slope=flat,0.014661777941656119,0.011429328217416723
DOGE/USD,1d,cross_USO_state_slope=uptrend + cross_TLT_state_slope=flat + state_ext=stretched_down,bull,BTC/USD,ok,515,23,0.015267176027542075,0.6521739130434783,0.55248980480784,0.5806128175617067,False,-0.009313227039961937,0.02458040306750401,state_ext=stretched_down,0.02216425318861143,-0.0068970771610693555
DOGE/USD,1d,cross_USO_state_slope=uptrend + cross_TLT_state_slope=flat + state_ext=stretched_down,bear,BTC/USD,ok,481,41,0.04910102228604894,0.6585365853658537,1.7601674375642449,0.07837942126285302,False,0.00568994070669353,0.043411081579355415,cross_USO_state_slope=uptrend + cross_TLT_state_slope=flat,0.0383657037388863,0.010735318547162642
DOGE/USD,1d,cross_USO_state_slope=uptrend + cross_TLT_state_slope=flat + state_ext=stretched_down,neutral,BTC/USD,ok,637,31,0.003689294282272454,0.5161290322580645,0.202491666344345,0.8395323727671968,False,-0.0074366223948553805,0.011125916677127834,cross_USO_state_slope=uptrend + cross_TLT_state_slope=flat,0.0178075677755288,-0.014118273493256346
DOGE/USD,1d,cross_USO_state_slope=uptrend + cross_TLT_state_slope=flat + state_ext=stretched_down,regime_warmup,BTC/USD,ok,199,0,,,,,False,0.0013606043993224552,,state_ext=stretched_down,0.010275464397277716,
AAVE/USD,1d,cross_USO_state_slope=uptrend + state_slope=uptrend,all,BTC/USD,ok,1830,107,0.03052833021336457,0.616822429906542,1.8020115388413014,0.07154359014540801,False,-0.0038038282031588764,0.03433215841652344,cross_USO_state_slope=uptrend,0.018706971134997762,0.011821359078366806
AAVE/USD,1d,cross_USO_state_slope=uptrend + state_slope=uptrend,bull,BTC/USD,ok,515,53,0.017826052576741747,0.5849056603773585,0.9241298755524127,0.3554187002915685,False,-0.006850746648017595,0.024676799224759342,cross_USO_state_slope=uptrend,0.027992144473579297,-0.01016609189683755
AAVE/USD,1d,cross_USO_state_slope=uptrend + state_slope=uptrend,bear,BTC/USD,ok,481,23,0.06234162695815049,0.6956521739130435,1.356000674790618,0.17509895335087045,False,-0.009803211926236514,0.072144838884387,cross_USO_state_slope=uptrend,0.01913964976378902,0.04320197719436147
AAVE/USD,1d,cross_USO_state_slope=uptrend + state_slope=uptrend,neutral,BTC/USD,ok,637,31,0.028641713749201114,0.6129032258064516,1.2567372332676725,0.20884880093966451,False,0.0009862562402196836,0.02765545750898143,cross_USO_state_slope=uptrend,0.011202678274583298,0.017439035474617816
AAVE/USD,1d,cross_USO_state_slope=uptrend + state_slope=uptrend,regime_warmup,BTC/USD,ok,197,0,,,,,False,0.003320957479432192,,,,
SUSHI/USD,1d,cross_USO_state_slope=uptrend + cross_TLT_state_ext=neutral + state_ext=stretched_down,all,BTC/USD,ok,1822,124,0.013359117894192227,0.5241935483870968,0.9729556665484933,0.3305753365065276,False,0.002489867830105468,0.010869250064086759,cross_USO_state_slope=uptrend,0.017048036383547693,-0.0036889184893554652
SUSHI/USD,1d,cross_USO_state_slope=uptrend + cross_TLT_state_ext=neutral + state_ext=stretched_down,bull,BTC/USD,ok,515,48,0.01783547452393121,0.5,0.9903761875314753,0.3219902800556489,False,0.004339228921362992,0.01349624560256822,cross_USO_state_slope=uptrend,0.03641505543891517,-0.01857958091498396
SUSHI/USD,1d,cross_USO_state_slope=uptrend + cross_TLT_state_ext=neutral + state_ext=stretched_down,bear,BTC/USD,ok,481,36,0.023580325320682462,0.5833333333333334,0.8133111729717281,0.4160396727304676,False,0.0029078217429439196,0.020672503577738543,cross_USO_state_slope=uptrend + cross_TLT_state_ext=neutral,0.030701594735834316,-0.007121269415151853
SUSHI/USD,1d,cross_USO_state_slope=uptrend + cross_TLT_state_ext=neutral + state_ext=stretched_down,neutral,BTC/USD,ok,637,40,-0.001211596745335774,0.5,-0.06608027971273461,0.9473139110398834,False,-0.000297869323747281,-0.0009137274215884929,cross_TLT_state_ext=neutral + state_ext=stretched_down,0.003934307660872893,-0.005145904406208666
SUSHI/USD,1d,cross_USO_state_slope=uptrend + cross_TLT_state_ext=neutral + state_ext=stretched_down,regime_warmup,BTC/USD,ok,189,0,,,,,False,0.005782628533445588,,state_ext=stretched_down,0.01364286660337571,
DOGE/USD,1d,cross_USO_state_slope=uptrend + cross_TLT_state_ext=neutral + state_ext=stretched_down,all,BTC/USD,ok,1832,121,0.011808318197091227,0.5537190082644629,0.9309286308297675,0.35189048320567773,False,-0.003562128076265565,0.015370446273356791,cross_TLT_state_ext=neutral + state_ext=stretched_down,0.010282600532258983,0.0015257176648322442
DOGE/USD,1d,cross_USO_state_slope=uptrend + cross_TLT_state_ext=neutral + state_ext=stretched_down,bull,BTC/USD,ok,515,34,0.009457147094159467,0.6764705882352942,0.31443046304380984,0.7531941223557901,False,-0.009313227039961937,0.018770374134121404,state_ext=stretched_down,0.02216425318861143,-0.012707106094451963
DOGE/USD,1d,cross_USO_state_slope=uptrend + cross_TLT_state_ext=neutral + state_ext=stretched_down,bear,BTC/USD,ok,481,48,0.01784069788440761,0.5208333333333334,1.1049222049659042,0.269193299877136,False,0.00568994070669353,0.012150757177714078,cross_USO_state_slope=uptrend + cross_TLT_state_ext=neutral,0.01675637636089145,0.0010843215235161602
DOGE/USD,1d,cross_USO_state_slope=uptrend + cross_TLT_state_ext=neutral + state_ext=stretched_down,neutral,BTC/USD,ok,637,39,0.006433589799873101,0.48717948717948717,0.3892746927163597,0.6970729551087778,False,-0.0074366223948553805,0.013870212194728481,cross_USO_state_slope=uptrend + cross_TLT_state_ext=neutral,0.009064771053446014,-0.0026311812535729133
DOGE/USD,1d,cross_USO_state_slope=uptrend + cross_TLT_state_ext=neutral + state_ext=stretched_down,regime_warmup,BTC/USD,ok,199,0,,,,,False,0.0013606043993224552,,cross_TLT_state_ext=neutral + state_ext=stretched_down,0.01937320303206595,
LTC/USD,1d,state_ret_day=ret_day_up + state_ext=stretched_up,all,BTC/USD,ok,1832,254,0.013728821769154175,0.5984251968503937,1.9133374744085578,0.05570486322729851,False,-0.0011226563144548438,0.014851478083609019,state_ret_day=ret_day_up,0.004278821039823176,0.009450000729330998
LTC/USD,1d,state_ret_day=ret_day_up + state_ext=stretched_up,bull,BTC/USD,ok,515,117,0.012090968193624218,0.5982905982905983,0.9678424727642858,0.3331230483047538,False,-0.0012940744843032126,0.013385042677927431,state_ret_day=ret_day_up,0.006717942640626158,0.00537302555299806
LTC/USD,1d,state_ret_day=ret_day_up + state_ext=stretched_up,bear,BTC/USD,ok,481,38,0.002795832380614963,0.6052631578947368,0.2318566938799374,0.8166493212649852,False,-0.0015229865555246454,0.004318818936139609,state_ret_day=ret_day_up,0.003983807655950828,-0.0011879752753358652
LTC/USD,1d,state_ret_day=ret_day_up + state_ext=stretched_up,neutral,BTC/USD,ok,637,99,0.019860967881290482,0.5959595959595959,2.261409336975919,0.02373392111785888,True,-1.1776639470967778e-05,0.01987274452076145,state_ext=stretched_up,0.00789125356816454,0.011969714313125941
LTC/USD,1d,state_ret_day=ret_day_up + state_ext=stretched_up,regime_warmup,BTC/USD,ok,199,0,,,,,False,-0.003267335457863115,,state_ext=stretched_up,-0.005332467478549157,
LTC/USD,1d,cross_USO_state_slope=flat + cross_TLT_state_ext=neutral + state_ext=stretched_down,all,BTC/USD,ok,1832,98,0.00930979501209238,0.5,0.7551720206305088,0.45014577429722324,False,0.0007226563144548451,0.008587138697637536,cross_USO_state_slope=flat + state_ext=stretched_down,0.016873200834686793,-0.007563405822594413
LTC/USD,1d,cross_USO_state_slope=flat + cross_TLT_state_ext=neutral + state_ext=stretched_down,bull,BTC/USD,ok,515,23,0.03447507181120173,0.6086956521739131,2.579492253117736,0.009894567782982921,True,0.0008940744843032163,0.03358099732689851,cross_USO_state_slope=flat + state_ext=stretched_down,0.015190147170846694,0.019284924640355035
LTC/USD,1d,cross_USO_state_slope=flat + cross_TLT_state_ext=neutral + state_ext=stretched_down,bear,BTC/USD,ok,481,22,-0.0014365259006439229,0.5454545454545454,-0.12261973348623864,0.9024082273056742,False,0.0011229865555246444,-0.0025595124561685672,cross_USO_state_slope=flat + state_ext=stretched_down,0.027323786124869437,-0.02876031202551336
LTC/USD,1d,cross_USO_state_slope=flat + cross_TLT_state_ext=neutral + state_ext=stretched_down,neutral,BTC/USD,ok,637,53,0.002849751497010943,0.4339622641509434,0.14123405484227572,0.8876850438302528,False,-0.0003882233605290345,0.0032379748575399776,cross_USO_state_slope=flat + state_ext=stretched_down,0.011178004208271773,-0.00832825271126083
LTC/USD,1d,cross_USO_state_slope=flat + cross_TLT_state_ext=neutral + state_ext=stretched_down,regime_warmup,BTC/USD,ok,199,0,,,,,False,0.0028673354578631124,,cross_TLT_state_ext=neutral + state_ext=stretched_down,-0.0015254002863444637,
BTC/USD,1d,cross_USO_state_vol=low_vol + state_ext=stretched_up,all,BTC/USD,ok,1832,231,5.2362765801230634e-05,0.5497835497835498,0.008119013247133341,0.9935220358507162,False,-0.0040437518002276775,0.004096114566028908,cross_USO_state_vol=low_vol,-0.0009567689877232167,0.0010091317535244474
BTC/USD,1d,cross_USO_state_vol=low_vol + state_ext=stretched_up,bull,BTC/USD,ok,515,179,-0.0012079826832049976,0.553072625698324,-0.1550140991508097,0.8768102021490445,False,-0.006845659532854978,0.00563767684964998,cross_USO_state_vol=low_vol,-0.000853759099716638,-0.0003542235834883596
BTC/USD,1d,cross_USO_state_vol=low_vol + state_ext=stretched_up,bear,BTC/USD,ok,481,9,0.013973340713365673,0.5555555555555556,1.200933948224179,0.22977682423447554,False,0.0006290702691403881,0.013344270444225285,cross_USO_state_vol=low_vol,0.007795433841510374,0.006177906871855299
BTC/USD,1d,cross_USO_state_vol=low_vol + state_ext=stretched_up,neutral,BTC/USD,ok,637,43,0.002385224017988098,0.5348837209302325,0.268483260528559,0.7883273581994685,False,-0.004188929927939639,0.006574153945927737,cross_USO_state_vol=low_vol,-0.0035035621602124054,0.005888786178200503
BTC/USD,1d,cross_USO_state_vol=low_vol + state_ext=stretched_up,regime_warmup,BTC/USD,ok,199,0,,,,,False,-0.00762247775857171,,state_ext=stretched_up,-0.014616613011483587,
BTC/USD,1d,cross_USO_state_vol=high_vol + state_ext=stretched_up,all,BTC/USD,ok,1832,165,0.011680557385998758,0.6303030303030303,2.242396561414187,0.024935753849744557,True,0.0036437518002276777,0.00803680558577108,cross_USO_state_vol=high_vol,0.011987808415499462,-0.00030725102950070367
BTC/USD,1d,cross_USO_state_vol=high_vol + state_ext=stretched_up,bull,BTC/USD,ok,515,35,0.017059369129110963,0.6,1.6374719810173874,0.10153188875960595,False,0.006445659532854977,0.010613709596255986,cross_USO_state_vol=high_vol,0.02824074994227208,-0.011181380813161116
BTC/USD,1d,cross_USO_state_vol=high_vol + state_ext=stretched_up,bear,BTC/USD,ok,481,28,0.008135890344228878,0.6428571428571429,0.7346691837077002,0.4625409924163093,False,-0.0010290702691403912,0.009164960613369268,cross_USO_state_vol=high_vol,0.007938780854679438,0.00019710948954944005
BTC/USD,1d,cross_USO_state_vol=high_vol + state_ext=stretched_up,neutral,BTC/USD,ok,637,102,0.010807932544436304,0.6372549019607843,1.6318243104974863,0.10271650248594466,False,0.003788929927939635,0.00701900261649667,cross_USO_state_vol=high_vol,0.009606224805895021,0.0012017077385412835
BTC/USD,1d,cross_USO_state_vol=high_vol + state_ext=stretched_up,regime_warmup,BTC/USD,ok,199,0,,,,,False,0.007222477758571707,,state_ext=stretched_up,0.014216613011483577,
ADA/USD,1h,cross_TLT_state_slope=uptrend + state_ext=stretched_down,all,BTC/USD,ok,3870,184,0.003633446448853875,0.5706521739130435,1.741084976891722,0.0816686842975427,False,-0.0006984116262160301,0.004331858075069905,cross_TLT_state_slope=uptrend,7.841708237272513e-05,0.0035550293664811496
ADA/USD,1h,cross_TLT_state_slope=uptrend + state_ext=stretched_down,bull,BTC/USD,ok,1177,18,-0.0031633003440676155,0.3888888888888889,-0.63084170198242,0.5281440333296648,False,-0.000982501974907479,-0.0021807983691601368,cross_TLT_state_slope=uptrend,-0.0030874013612886826,-7.589898277893291e-05
ADA/USD,1h,cross_TLT_state_slope=uptrend + state_ext=stretched_down,bear,BTC/USD,ok,1014,69,0.007708109397561314,0.6666666666666666,2.428935454137633,0.015143227994767194,True,-0.001124858104966218,0.008832967502527532,cross_TLT_state_slope=uptrend,0.0017372432034874412,0.005970866194073873
ADA/USD,1h,cross_TLT_state_slope=uptrend + state_ext=stretched_down,neutral,BTC/USD,ok,1679,97,0.0019962268489752536,0.5360824742268041,0.6801445176945846,0.4964129588492914,False,-0.00024171652802512685,0.0022379433770003806,cross_TLT_state_slope=uptrend,0.0008421190218599227,0.0011541078271153308
LTC/USD,1h,cross_USO_state_ext=stretched_down + cross_TLT_state_slope=downtrend + state_ext=neutral,all,BTC/USD,ok,9079,82,0.0026287815598640255,0.6707317073170732,1.662492082914501,0.09641414946623472,False,-0.0004745267862203084,0.003103308346084334,cross_USO_state_ext=stretched_down + cross_TLT_state_slope=downtrend,0.001006880679024229,0.0016219008808397966
LTC/USD,1h,cross_USO_state_ext=stretched_down + cross_TLT_state_slope=downtrend + state_ext=neutral,bull,BTC/USD,ok,2307,4,0.007183042972243014,1.0,4.184012164063253,2.8640877518748553e-05,False,-0.0014712996628385776,0.008654342635081592,cross_TLT_state_slope=downtrend + state_ext=neutral,0.0006772738652423196,0.0065057691070006946
LTC/USD,1h,cross_USO_state_ext=stretched_down + cross_TLT_state_slope=downtrend + state_ext=neutral,bear,BTC/USD,ok,2792,11,0.01041319307654417,1.0,4.498974167533489,6.828215332266296e-06,False,-0.00044489311633955753,0.010858086192883728,cross_USO_state_ext=stretched_down + cross_TLT_state_slope=downtrend,0.005264413978630635,0.005148779097913535
LTC/USD,1h,cross_USO_state_ext=stretched_down + cross_TLT_state_slope=downtrend + state_ext=neutral,neutral,BTC/USD,ok,3781,67,0.0010788476444461507,0.5970149253731343,0.6617132478734302,0.5081550127783994,False,-7.349348727501536e-05,0.001152341131721166,cross_USO_state_ext=stretched_down,0.0008044553918920357,0.00027439225255411503
LTC/USD,1h,cross_USO_state_ext=stretched_down + cross_TLT_state_slope=downtrend + state_ext=neutral,regime_warmup,BTC/USD,ok,199,0,,,,,False,0.0030456285742778656,,cross_USO_state_ext=stretched_down,0.01676123796884136,
CRV/USD,1d,cross_USO_state_vol=low_vol + state_ext=stretched_up,all,BTC/USD,ok,1066,154,0.0026731266683271263,0.551948051948052,0.10732580942464141,0.914530509836039,False,-0.0034415481086966953,0.006114674777023822,cross_USO_state_vol=low_vol,0.00755358933191837,-0.004880462663591243
CRV/USD,1d,cross_USO_state_vol=low_vol + state_ext=stretched_up,bull,BTC/USD,ok,395,109,0.007334102654301778,0.5504587155963303,0.21722925201846746,0.8280296891159087,False,-0.007950843229596606,0.015284945883898384,cross_USO_state_vol=low_vol,0.020345754565588226,-0.013011651911286448
CRV/USD,1d,cross_USO_state_vol=low_vol + state_ext=stretched_up,bear,BTC/USD,ok,223,14,-0.04350933300381271,0.35714285714285715,-1.5727062228760305,0.1157868582691517,False,-0.0061788542615246475,-0.037330478742288065,state_ext=stretched_up,-2.885642543339289e-05,-0.04348047657837932
CRV/USD,1d,cross_USO_state_vol=low_vol + state_ext=stretched_up,neutral,BTC/USD,ok,448,31,0.007141128376027801,0.6451612903225806,0.25525259889688356,0.7985280081030568,False,0.0018968243128124538,0.005244304063215347,state_ext=stretched_up,0.01145713647604017,-0.0043160081000123696
AAVE/USD,1d,cross_TLT_state_vol=high_vol + state_ext=stretched_up,all,BTC/USD,ok,1830,137,0.03392041534996974,0.583941605839416,2.1403870945882897,0.03232349660781786,True,0.0034038282031588814,0.03051658714681086,cross_TLT_state_vol=high_vol,0.031110119130904952,0.002810296219064791
AAVE/USD,1d,cross_TLT_state_vol=high_vol + state_ext=stretched_up,bull,BTC/USD,ok,515,25,0.02770438469187794,0.48,0.8350304225406596,0.4037005794796653,False,0.006450746648017597,0.02125363804386034,cross_TLT_state_vol=high_vol,0.03285744761751619,-0.00515306292563825
AAVE/USD,1d,cross_TLT_state_vol=high_vol + state_ext=stretched_up,bear,BTC/USD,ok,481,48,0.021423548686711372,0.5625,0.8869768028771277,0.37509138966348754,False,0.009403211926236525,0.012020336760474848,state_ext=stretched_up,0.021868455313169034,-0.0004449066264576619
AAVE/USD,1d,cross_TLT_state_vol=high_vol + state_ext=stretched_up,neutral,BTC/USD,ok,637,64,0.04572120232323062,0.640625,2.077057198850834,0.03779628031638915,True,-0.0013862562402196805,0.0471074585634503,cross_TLT_state_vol=high_vol,0.05852321088375071,-0.012802008560520092
AAVE/USD,1d,cross_TLT_state_vol=high_vol + state_ext=stretched_up,regime_warmup,BTC/USD,ok,197,0,,,,,False,-0.0037209574794321862,,state_ext=stretched_up,-0.03149459430005057,
BCH/USD,1d,cross_USO_state_ext=stretched_down + state_ext=neutral,all,BTC/USD,ok,1832,81,0.02050096904433224,0.5432098765432098,1.8587420469217284,0.06306371048208437,False,0.0024043808129730337,0.018096588231359206,state_ext=neutral,0.008841036333845056,0.011659932710487184
BCH/USD,1d,cross_USO_state_ext=stretched_down + state_ext=neutral,bull,BTC/USD,ok,515,32,0.006713773099003148,0.4375,0.5542902631375051,0.5793802128909629,False,0.011064795148448993,-0.004351022049445845,state_ext=neutral,0.016222774983718373,-0.009509001884715224
BCH/USD,1d,cross_USO_state_ext=stretched_down + state_ext=neutral,bear,BTC/USD,ok,481,22,0.0163780396995324,0.5,0.7668829228270341,0.4431511279019693,False,-0.0016414836365081275,0.018019523336040528,cross_USO_state_ext=stretched_down,0.009393569834253684,0.006984469865278717
BCH/USD,1d,cross_USO_state_ext=stretched_down + state_ext=neutral,neutral,BTC/USD,ok,637,26,0.04002691801261911,0.6923076923076923,1.9675110961209397,0.04912431795792127,True,0.0013447062529965096,0.0386822117596226,state_ext=neutral,0.006775888010144066,0.03325103000247504
BCH/USD,1d,cross_USO_state_ext=stretched_down + state_ext=neutral,regime_warmup,BTC/USD,ok,199,1,0.04472101170500118,1.0,,,False,-0.006837025658708564,0.051558037363709744,state_ext=neutral,0.009295734935783635,0.03542527676921754
DOT/USD,1d,state_weekpart=weekday + state_ext=neutral,all,BTC/USD,ok,1066,93,0.014506179496243736,0.6666666666666666,1.3625357185517246,0.1730288797060291,False,0.0033786206883847474,0.011127558807858989,state_ext=neutral,0.008803635403558857,0.005702544092684879
DOT/USD,1d,state_weekpart=weekday + state_ext=neutral,bull,BTC/USD,ok,395,34,0.014964781104161433,0.6764705882352942,0.7180825760062213,0.4727063729063654,False,0.0018012901822515531,0.01316349092190988,state_ext=neutral,0.014468302731879056,0.0004964783722823767
DOT/USD,1d,state_weekpart=weekday + state_ext=neutral,bear,BTC/USD,ok,223,11,0.02213603507579121,0.6363636363636364,1.433620481284236,0.15168059550857738,False,0.011264956948685099,0.01087107812710611,state_weekpart=weekday,0.008021948350986153,0.014114086724805056
DOT/USD,1d,state_weekpart=weekday + state_ext=neutral,neutral,BTC/USD,ok,448,48,0.0124328281203224,0.6666666666666666,1.2415981899020065,0.2143848499611769,False,0.0008437826613214319,0.011589045459000968,state_ext=neutral,0.007762766225760488,0.004670061894561911
SUSHI/USD,1d,cross_USO_state_slope=uptrend + cross_TLT_state_slope=flat + state_ext=stretched_down,all,BTC/USD,ok,1822,121,0.03523815245235833,0.5537190082644629,1.948145938501996,0.05139750337408189,False,0.002489867830105468,0.03274828462225286,cross_USO_state_slope=uptrend + cross_TLT_state_slope=flat,0.03095114031799622,0.0042870121343621115
SUSHI/USD,1d,cross_USO_state_slope=uptrend + cross_TLT_state_slope=flat + state_ext=stretched_down,bull,BTC/USD,ok,515,46,0.03740872642949929,0.5,1.2536520992486748,0.2099684856634354,False,0.004339228921362992,0.03306949750813629,cross_USO_state_slope=uptrend + cross_TLT_state_slope=flat,0.03765558940319371,-0.00024686297369442417
SUSHI/USD,1d,cross_USO_state_slope=uptrend + cross_TLT_state_slope=flat + state_ext=stretched_down,bear,BTC/USD,ok,481,37,0.06378848738377627,0.6756756756756757,1.9552752674665261,0.050550588783228934,False,0.0029078217429439196,0.060880665640832346,cross_USO_state_slope=uptrend + cross_TLT_state_slope=flat,0.05536757629930147,0.008420911084474798
SUSHI/USD,1d,cross_USO_state_slope=uptrend + cross_TLT_state_slope=flat + state_ext=stretched_down,neutral,BTC/USD,ok,637,38,0.004811605204701763,0.5,0.24155790496503413,0.8091227431514527,False,-0.000297869323747281,0.005109474528449044,cross_USO_state_slope=uptrend + cross_TLT_state_slope=flat,0.008441386895824755,-0.0036297816911229916
SUSHI/USD,1d,cross_USO_state_slope=uptrend + cross_TLT_state_slope=flat + state_ext=stretched_down,regime_warmup,BTC/USD,ok,189,0,,,,,False,0.005782628533445588,,state_ext=stretched_down,0.01364286660337571,
AVAX/USD,1d,cross_TLT_state_slope=downtrend + state_ext=neutral,all,BTC/USD,ok,1704,37,0.01297622063963409,0.5675675675675675,0.9346871750429063,0.3499495381741977,False,0.002266710160130235,0.010709510479503855,cross_TLT_state_slope=downtrend,0.0006680204971742341,0.012308200142459856
AVAX/USD,1d,cross_TLT_state_slope=downtrend + state_ext=neutral,bull,BTC/USD,ok,515,6,0.042442458180427696,0.6666666666666666,1.0546809266405752,0.29157127786775305,False,-0.0045968182826128245,0.04703927646304052,cross_TLT_state_slope=downtrend,0.04631558891209668,-0.0038731307316689847
AVAX/USD,1d,cross_TLT_state_slope=downtrend + state_ext=neutral,bear,BTC/USD,ok,481,7,0.004426964776773757,0.5714285714285714,0.17425320079822895,0.8616664768313964,False,0.004908754160857508,-0.0004817893840837516,cross_TLT_state_slope=downtrend,-0.001093889712664796,0.005520854489438553
AVAX/USD,1d,cross_TLT_state_slope=downtrend + state_ext=neutral,neutral,BTC/USD,ok,637,24,0.008103194214436608,0.5416666666666666,0.5324488118565252,0.5944151857492057,False,0.0031482472067648776,0.004954947007671731,state_ext=neutral,-0.0039272724209215935,0.012030466635358202
AVAX/USD,1d,cross_TLT_state_slope=downtrend + state_ext=neutral,regime_warmup,BTC/USD,ok,71,0,,,,,False,0.026243539525715957,,state_ext=neutral,-0.18544143079998732,
SOL/USD,1d,cross_USO_state_slope=downtrend + cross_TLT_state_slope=uptrend + state_ext=stretched_down,all,BTC/USD,ok,1414,99,0.006394233613944177,0.5151515151515151,0.4143393447544602,0.6786256033281075,False,0.02635543787870287,-0.019961204264758694,cross_TLT_state_slope=uptrend,0.06345827982948575,-0.05706404621554157
SOL/USD,1d,cross_USO_state_slope=downtrend + cross_TLT_state_slope=uptrend + state_ext=stretched_down,bull,BTC/USD,ok,289,5,0.08089354617143772,0.8,2.6895142864765047,0.007155608408391689,False,0.11087433325793665,-0.029980787086498928,cross_TLT_state_slope=uptrend,0.21801177135943473,-0.137118225187997
SOL/USD,1d,cross_USO_state_slope=downtrend + cross_TLT_state_slope=uptrend + state_ext=stretched_down,bear,BTC/USD,ok,452,37,0.04080882374232806,0.5675675675675675,1.5907953625726186,0.111655636956691,False,-0.005880906829851569,0.04668973057217963,cross_USO_state_slope=downtrend + cross_TLT_state_slope=uptrend,0.020483567251657363,0.0203252564906707
SOL/USD,1d,cross_USO_state_slope=downtrend + cross_TLT_state_slope=uptrend + state_ext=stretched_down,neutral,BTC/USD,ok,474,57,-0.02248008914987463,0.45614035087719296,-1.3062396622054346,0.19147106885245302,False,-0.0025374891144601015,-0.019942600035414527,cross_TLT_state_slope=uptrend,-0.00619717348495606,-0.016282915664918567
SOL/USD,1d,cross_USO_state_slope=downtrend + cross_TLT_state_slope=uptrend + state_ext=stretched_down,regime_warmup,BTC/USD,ok,199,0,,,,,False,0.04565249535823697,,state_ext=stretched_down,-0.011806472650584921,
AVAX/USD,1d,cross_USO_state_slope=uptrend + cross_TLT_state_ext=neutral + state_ext=stretched_up,all,BTC/USD,ok,1704,74,0.01740846011355264,0.6756756756756757,1.5578246503848272,0.11927482087790642,False,0.002266710160130235,0.015141749953422405,cross_USO_state_slope=uptrend + state_ext=stretched_up,0.02447740340866147,-0.007068943295108831
AVAX/USD,1d,cross_USO_state_slope=uptrend + cross_TLT_state_ext=neutral + state_ext=stretched_up,bull,BTC/USD,ok,515,37,0.015366130435605386,0.7027027027027027,1.0369307945997188,0.29976811105662815,False,-0.0045968182826128245,0.01996294871821821,cross_USO_state_slope=uptrend,0.04218300246044,-0.02681687202483462
AVAX/USD,1d,cross_USO_state_slope=uptrend + cross_TLT_state_ext=neutral + state_ext=stretched_up,bear,BTC/USD,ok,481,5,-0.011446605921019669,0.4,-0.6346540694544738,0.5256540557141429,False,0.004908754160857508,-0.016355360081877178,cross_TLT_state_ext=neutral + state_ext=stretched_up,0.04853896593602167,-0.05998557185704134
AVAX/USD,1d,cross_USO_state_slope=uptrend + cross_TLT_state_ext=neutral + state_ext=stretched_up,neutral,BTC/USD,ok,637,32,0.024278507871581076,0.6875,1.4652480026305783,0.14285326731609316,False,0.0031482472067648776,0.0211302606648162,cross_USO_state_slope=uptrend + state_ext=stretched_up,0.024226532705959,5.1975165622074326e-05
AVAX/USD,1d,cross_USO_state_slope=uptrend + cross_TLT_state_ext=neutral + state_ext=stretched_up,regime_warmup,BTC/USD,ok,71,0,,,,,False,0.026243539525715957,,state_ext=stretched_up,0.049738116014393166,
SOL/USD,1d,cross_TLT_state_slope=uptrend + state_slope=downtrend,all,BTC/USD,ok,1414,139,0.0034958593025788054,0.539568345323741,0.2717299400483013,0.7858296783512038,False,0.02635543787870287,-0.022859578576124064,cross_TLT_state_slope=uptrend,0.06345827982948575,-0.059962420526906944
SOL/USD,1d,cross_TLT_state_slope=uptrend + state_slope=downtrend,bull,BTC/USD,ok,289,26,0.04943552097827856,0.7692307692307693,3.646900345850968,0.0002654228025131822,True,0.11087433325793665,-0.06143881227965809,cross_TLT_state_slope=uptrend,0.21801177135943473,-0.16857625038115617
SOL/USD,1d,cross_TLT_state_slope=uptrend + state_slope=downtrend,bear,BTC/USD,ok,452,51,-0.00360937426775603,0.43137254901960786,-0.1994892269634879,0.8418800696372883,False,-0.005880906829851569,0.0022715325620955395,cross_TLT_state_slope=uptrend,0.005007622476971541,-0.008616996744727571
SOL/USD,1d,cross_TLT_state_slope=uptrend + state_slope=downtrend,neutral,BTC/USD,ok,474,62,-0.009924532495503725,0.532258064516129,-0.49901434592210125,0.6177692776358674,False,-0.0025374891144601015,-0.007387043381043623,state_slope=downtrend,-0.001354292465683933,-0.008570240029819792
SOL/USD,1d,cross_TLT_state_slope=uptrend + state_slope=downtrend,regime_warmup,BTC/USD,ok,199,0,,,,,False,0.04565249535823697,,,,
LTC/USD,1d,cross_USO_state_slope=uptrend + cross_TLT_state_ext=neutral + state_ext=stretched_up,all,BTC/USD,ok,1832,70,0.0013811556895027962,0.5857142857142857,0.11691184896456841,0.9069299084324798,False,-0.0011226563144548438,0.00250381200395764,cross_USO_state_slope=uptrend + state_ext=stretched_up,0.013219602099757364,-0.011838446410254569
LTC/USD,1d,cross_USO_state_slope=uptrend + cross_TLT_state_ext=neutral + state_ext=stretched_up,bull,BTC/USD,ok,515,36,-0.007352309616765192,0.5,-0.4665577166310499,0.640816344819022,False,-0.0012940744843032126,-0.006058235132461979,cross_USO_state_slope=uptrend + state_ext=stretched_up,0.015728704833714316,-0.023081014450479508
LTC/USD,1d,cross_USO_state_slope=uptrend + cross_TLT_state_ext=neutral + state_ext=stretched_up,bear,BTC/USD,ok,481,7,0.012191586031013548,0.8571428571428571,1.6515654737216188,0.09862316326332587,False,-0.0015229865555246454,0.013714572586538194,cross_TLT_state_ext=neutral + state_ext=stretched_up,0.024333400856643816,-0.012141814825630268
LTC/USD,1d,cross_USO_state_slope=uptrend + cross_TLT_state_ext=neutral + state_ext=stretched_up,neutral,BTC/USD,ok,637,27,0.010223071935246216,0.6296296296296297,0.6529956790679604,0.5137590641543406,False,-1.1776639470967778e-05,0.010234848574717183,cross_USO_state_slope=uptrend + state_ext=stretched_up,0.012638663510884935,-0.002415591575638719
LTC/USD,1d,cross_USO_state_slope=uptrend + cross_TLT_state_ext=neutral + state_ext=stretched_up,regime_warmup,BTC/USD,ok,199,0,,,,,False,-0.003267335457863115,,cross_TLT_state_ext=neutral + state_ext=stretched_up,0.021464572710388617,
ETH/USD,1h,cross_USO_state_slope=flat + cross_TLT_state_slope=flat + state_ext=stretched_up,all,BTC/USD,ok,9079,75,0.0016341190387331444,0.6533333333333333,0.7114765084264659,0.4767890030264854,False,-5.301672281620602e-05,0.0016871357615493505,cross_USO_state_slope=flat + cross_TLT_state_slope=flat,0.001660894270867536,-2.677523213439172e-05
ETH/USD,1h,cross_USO_state_slope=flat + cross_TLT_state_slope=flat + state_ext=stretched_up,bull,BTC/USD,ok,2307,38,7.544767356154256e-05,0.5789473684210527,0.022611927121798076,0.981959829793527,False,-0.0001787153597351212,0.0002541630332966638,cross_USO_state_slope=flat + state_ext=stretched_up,0.0018742585627919272,-0.0017988108892303847
ETH/USD,1h,cross_USO_state_slope=flat + cross_TLT_state_slope=flat + state_ext=stretched_up,bear,BTC/USD,ok,2792,15,-0.005183891857044946,0.5333333333333333,-1.0747771127006673,0.2824745297294262,False,0.0002166123294830649,-0.0054005041865280105,cross_TLT_state_slope=flat,0.0024459516026970425,-0.007629843459741988
ETH/USD,1h,cross_USO_state_slope=flat + cross_TLT_state_slope=flat + state_ext=stretched_up,neutral,BTC/USD,ok,3781,22,0.008975013371150973,0.8636363636363636,2.6023258513483243,0.009259382828392893,True,6.872808594293736e-05,0.008906285285208036,cross_USO_state_slope=flat + cross_TLT_state_slope=flat,0.003423046640172862,0.005551966730978112
ETH/USD,1h,cross_USO_state_slope=flat + cross_TLT_state_slope=flat + state_ext=stretched_up,regime_warmup,BTC/USD,ok,199,0,,,,,False,-0.0046918844643536435,,state_ext=stretched_up,-0.006096875596746542,
AVAX/USD,1d,state_ext=stretched_down + state_slope=uptrend,all,BTC/USD,ok,1704,62,0.020164796609210837,0.5967741935483871,1.1464840101256304,0.25159493959818846,False,-0.0026667101601302295,0.022831506769341064,state_slope=uptrend,0.012877241499474919,0.007287555109735918
AVAX/USD,1d,state_ext=stretched_down + state_slope=uptrend,bull,BTC/USD,ok,515,23,-0.02113230427929616,0.5652173913043478,-1.047313649354018,0.2949549428631344,False,0.004196818282612833,-0.025329122561908994,state_slope=uptrend,0.03159703794942543,-0.05272934222872159
AVAX/USD,1d,state_ext=stretched_down + state_slope=uptrend,bear,BTC/USD,ok,481,13,0.07200559604904812,0.6923076923076923,1.5790035944206553,0.11433523259501666,False,-0.005308754160857506,0.07731435020990562,state_slope=uptrend,0.018873532370349146,0.05313206367869897
AVAX/USD,1d,state_ext=stretched_down + state_slope=uptrend,neutral,BTC/USD,ok,637,26,0.030776447675279157,0.5769230769230769,1.4088931296151321,0.15886677139066707,False,-0.003548247206764877,0.03432469488204404,state_ext=stretched_down,0.0022227304085194436,0.028553717266759714
AVAX/USD,1d,state_ext=stretched_down + state_slope=uptrend,regime_warmup,BTC/USD,ok,71,0,,,,,False,-0.026643539525715975,,state_ext=stretched_down,-0.0029974193588181795,
ETH/USD,1d,cross_USO_state_slope=uptrend + cross_TLT_state_slope=flat + state_ext=stretched_down,all,BTC/USD,ok,1832,112,0.03153192849024132,0.5267857142857143,1.86674736737388,0.06193687561791528,False,-0.0034974734376106583,0.03502940192785198,cross_USO_state_slope=uptrend + cross_TLT_state_slope=flat,0.024425010048431096,0.007106918441810224
ETH/USD,1d,cross_USO_state_slope=uptrend + cross_TLT_state_slope=flat + state_ext=stretched_down,bull,BTC/USD,ok,515,35,-0.012875099790570964,0.2571428571428571,-1.4333999361169172,0.1517435766541282,False,-0.010054556231654565,-0.0028205435589163993,cross_USO_state_slope=uptrend + cross_TLT_state_slope=flat,0.008413893920124465,-0.02128899371069543
ETH/USD,1d,cross_USO_state_slope=uptrend + cross_TLT_state_slope=flat + state_ext=stretched_down,bear,BTC/USD,ok,481,38,0.08705432676488045,0.7368421052631579,2.497163474498847,0.012519122871439858,True,-0.0002810016380972383,0.0873353284029777,cross_USO_state_slope=uptrend + cross_TLT_state_slope=flat,0.06288737209235877,0.02416695467252168
ETH/USD,1d,cross_USO_state_slope=uptrend + cross_TLT_state_slope=flat + state_ext=stretched_down,neutral,BTC/USD,ok,637,39,0.017285642731065472,0.5641025641025641,1.0705400103683453,0.2843763095371543,False,0.002260803281474415,0.015024839449591057,cross_USO_state_slope=uptrend + cross_TLT_state_slope=flat,0.016247177565378843,0.00103846516568663
ETH/USD,1d,cross_USO_state_slope=uptrend + cross_TLT_state_slope=flat + state_ext=stretched_down,regime_warmup,BTC/USD,ok,199,0,,,,,False,-0.01273489839585455,,state_ext=stretched_down,0.0038258721032413193,
LINK/USD,1d,cross_USO_state_slope=uptrend + cross_TLT_state_slope=flat + state_ext=stretched_down,all,BTC/USD,ok,1832,90,0.0324010619233034,0.6444444444444445,2.1638034158528585,0.030479439881329506,True,-0.00351857451094862,0.03591963643425202,cross_USO_state_slope=uptrend + cross_TLT_state_slope=flat,0.02180595277667374,0.010595109146629662
LINK/USD,1d,cross_USO_state_slope=uptrend + cross_TLT_state_slope=flat + state_ext=stretched_down,bull,BTC/USD,ok,515,26,0.04583112069931345,0.6923076923076923,1.5698524308655195,0.11644944648380262,False,-0.007206504969108993,0.05303762566842244,cross_USO_state_slope=uptrend + state_ext=stretched_down,0.0368454007677218,0.008985719931591647
LINK/USD,1d,cross_USO_state_slope=uptrend + cross_TLT_state_slope=flat + state_ext=stretched_down,bear,BTC/USD,ok,481,32,0.04733893759158718,0.6875,2.00944742963293,0.04448970453974388,True,-0.0007248121954760898,0.04806374978706327,cross_USO_state_slope=uptrend + cross_TLT_state_slope=flat,0.036254762965055115,0.011084174626532065
LINK/USD,1d,cross_USO_state_slope=uptrend + cross_TLT_state_slope=flat + state_ext=stretched_down,neutral,BTC/USD,ok,637,32,0.006551263499511452,0.5625,0.3286917700097319,0.7423886755937672,False,-0.0006624040027303436,0.007213667502241796,cross_TLT_state_slope=flat,0.013287539342333943,-0.006736275842822491
LINK/USD,1d,cross_USO_state_slope=uptrend + cross_TLT_state_slope=flat + state_ext=stretched_down,regime_warmup,BTC/USD,ok,199,0,,,,,False,-0.00986981120202769,,state_ext=stretched_down,-0.0016344565972546403,
CRV/USD,1d,state_ret_day=ret_day_flat + state_ext=stretched_up,all,BTC/USD,ok,1066,84,0.008780016777047674,0.5476190476190477,0.49070593324167433,0.6236344494355412,False,-0.0034415481086966953,0.01222156488574437,state_ret_day=ret_day_flat,0.006384655601551096,0.0023953611754965786
CRV/USD,1d,state_ret_day=ret_day_flat + state_ext=stretched_up,bull,BTC/USD,ok,395,29,0.020328522100268313,0.6206896551724138,0.4282262032812529,0.66848644070082,False,-0.007950843229596606,0.02827936532986492,state_ret_day=ret_day_flat,0.017482616625137455,0.0028459054751308575
CRV/USD,1d,state_ret_day=ret_day_flat + state_ext=stretched_up,bear,BTC/USD,ok,223,18,0.014259113604136306,0.5555555555555556,0.561190764058295,0.5746674984972269,False,-0.0061788542615246475,0.020437967865660954,state_ret_day=ret_day_flat,0.007097416388396316,0.00716169721573999
CRV/USD,1d,state_ret_day=ret_day_flat + state_ext=stretched_up,neutral,BTC/USD,ok,448,37,-0.00293702098676299,0.4864864864864865,-0.217728256590628,0.8276408462215334,False,0.0018968243128124538,-0.004833845299575444,state_ext=stretched_up,0.01145713647604017,-0.014394157462803162
LTC/USD,1d,state_ext=stretched_up + state_vol=high_vol,all,BTC/USD,ok,1832,147,0.013444430662420103,0.5714285714285714,0.8786676419899233,0.3795815082019627,False,-0.0011226563144548438,0.014567086976874947,state_ext=stretched_up,0.0025796859363716837,0.01086474472604842
LTC/USD,1d,state_ext=stretched_up + state_vol=high_vol,bull,BTC/USD,ok,515,88,0.012728569296386988,0.5681818181818182,0.5979497474076554,0.5498734645314434,False,-0.0012940744843032126,0.014022643780690201,state_vol=high_vol,0.009023680706954964,0.003704888589432024
LTC/USD,1d,state_ext=stretched_up + state_vol=high_vol,bear,BTC/USD,ok,481,31,-0.007588217090048672,0.5806451612903226,-0.29794791179785846,0.7657429193097627,False,-0.0015229865555246454,-0.006065230534524027,state_ext=stretched_up,0.002609029466530294,-0.010197246556578967
LTC/USD,1d,state_ext=stretched_up + state_vol=high_vol,neutral,BTC/USD,ok,637,28,0.03898042639590032,0.5714285714285714,1.7275135576392926,0.08407547243893387,False,-1.1776639470967778e-05,0.038992203035371285,state_ext=stretched_up,0.00789125356816454,0.031089172827735777
LTC/USD,1d,state_ext=stretched_up + state_vol=high_vol,regime_warmup,BTC/USD,ok,199,0,,,,,False,-0.003267335457863115,,state_ext=stretched_up,-0.005332467478549157,
SUSHI/USD,1d,state_ret_day=ret_day_up + state_ext=stretched_up,all,BTC/USD,ok,1822,267,0.005063495443231925,0.5692883895131086,0.3663574949009953,0.7140983323966283,False,0.002489867830105468,0.0025736276131264565,state_ret_day=ret_day_up,0.010789309349545037,-0.005725813906313113
SUSHI/USD,1d,state_ret_day=ret_day_up + state_ext=stretched_up,bull,BTC/USD,ok,515,114,-0.004719241895353937,0.5701754385964912,-0.1868470526392293,0.8517805538333088,False,0.004339228921362992,-0.00905847081671693,state_ret_day=ret_day_up,0.006387661684988991,-0.011106903580342928
SUSHI/USD,1d,state_ret_day=ret_day_up + state_ext=stretched_up,bear,BTC/USD,ok,481,44,0.014320182859637754,0.6136363636363636,0.7482456593040571,0.45431199493133967,False,0.0029078217429439196,0.011412361116693834,state_ext=stretched_up,0.01584677048356844,-0.0015265876239306843
SUSHI/USD,1d,state_ret_day=ret_day_up + state_ext=stretched_up,neutral,BTC/USD,ok,637,109,0.011558337739350576,0.5504587155963303,0.6355694999430547,0.5250570542469799,False,-0.000297869323747281,0.011856207063097857,state_ret_day=ret_day_up,0.013374340010022958,-0.0018160022706723827
SUSHI/USD,1d,state_ret_day=ret_day_up + state_ext=stretched_up,regime_warmup,BTC/USD,ok,189,0,,,,,False,0.005782628533445588,,state_ext=stretched_up,0.03739847542737802,
BCH/USD,1d,state_ret_day=ret_day_down + state_ext=neutral,all,BTC/USD,ok,1832,61,0.009888464446325403,0.4918032786885246,0.8313497614112175,0.40577607099573143,False,0.0024043808129730337,0.0074840836333523696,state_ext=neutral,0.008841036333845056,0.0010474281124803475
BCH/USD,1d,state_ret_day=ret_day_down + state_ext=neutral,bull,BTC/USD,ok,515,22,0.0016838527891170948,0.4090909090909091,0.116459006458965,0.9072887730795332,False,0.011064795148448993,-0.009380942359331899,state_ext=neutral,0.016222774983718373,-0.014538922194601279
BCH/USD,1d,state_ret_day=ret_day_down + state_ext=neutral,bear,BTC/USD,ok,481,13,0.04425478767620199,0.6923076923076923,2.006075613540728,0.04484818125139589,False,-0.0016414836365081275,0.04589627131271012,state_ret_day=ret_day_down,0.006532610633973642,0.03772217704222834
BCH/USD,1d,state_ret_day=ret_day_down + state_ext=neutral,neutral,BTC/USD,ok,637,26,-0.0003523334586674047,0.46153846153846156,-0.016981814215228947,0.9864511238350753,False,0.0013447062529965096,-0.0016970397116639142,state_ext=neutral,0.006775888010144066,-0.007128221468811471
BCH/USD,1d,state_ret_day=ret_day_down + state_ext=neutral,regime_warmup,BTC/USD,ok,199,0,,,,,False,-0.006837025658708564,,state_ext=neutral,0.009295734935783635,
ETH/USD,1d,cross_USO_state_slope=flat + cross_TLT_state_slope=flat + state_ext=stretched_down,all,BTC/USD,ok,1832,54,0.018782312376859973,0.5555555555555556,1.6543905141167876,0.09804819258695519,False,0.0030974734376106594,0.015684838939249313,cross_USO_state_slope=flat + cross_TLT_state_slope=flat,0.010357189646599532,0.00842512273026044
ETH/USD,1d,cross_USO_state_slope=flat + cross_TLT_state_slope=flat + state_ext=stretched_down,bull,BTC/USD,ok,515,9,0.036731467285269784,0.6666666666666666,1.2859842046089192,0.19844857429352625,False,0.009654556231654565,0.02707691105361522,cross_TLT_state_slope=flat + state_ext=stretched_down,0.027511299542962678,0.009220167742307106
ETH/USD,1d,cross_USO_state_slope=flat + cross_TLT_state_slope=flat + state_ext=stretched_down,bear,BTC/USD,ok,481,13,-0.006022680679929674,0.46153846153846156,-0.3933591484861996,0.6940542375690772,False,-0.00011899836190276011,-0.005903682318026914,cross_USO_state_slope=flat,0.002602558207278898,-0.008625238887208573
ETH/USD,1d,cross_USO_state_slope=flat + cross_TLT_state_slope=flat + state_ext=stretched_down,neutral,BTC/USD,ok,637,32,0.02381114098819051,0.5625,1.6523496793802765,0.09846328733284038,False,-0.0026608032814744165,0.026471944269664927,cross_USO_state_slope=flat + state_ext=stretched_down,0.009254164792922587,0.014556976195267923
ETH/USD,1d,cross_USO_state_slope=flat + cross_TLT_state_slope=flat + state_ext=stretched_down,regime_warmup,BTC/USD,ok,199,0,,,,,False,0.012334898395854561,,state_ext=stretched_down,-0.0042258721032413194,
BTC/USD,1d,cross_USO_state_slope=uptrend + cross_TLT_state_slope=flat + state_ext=stretched_down,all,BTC/USD,ok,1832,88,0.02149869712207811,0.5909090909090909,1.5723653647873557,0.11586584188775095,False,-0.0040437518002276775,0.025542448922305786,cross_USO_state_slope=uptrend + cross_TLT_state_slope=flat,0.013200690998865087,0.008298006123213022
BTC/USD,1d,cross_USO_state_slope=uptrend + cross_TLT_state_slope=flat + state_ext=stretched_down,bull,BTC/USD,ok,515,23,-0.021126782560096095,0.34782608695652173,-1.6996026548158647,0.08920569065964634,False,-0.006845659532854978,-0.014281123027241117,cross_USO_state_slope=uptrend,-0.00013646270097288264,-0.02099031985912321
BTC/USD,1d,cross_USO_state_slope=uptrend + cross_TLT_state_slope=flat + state_ext=stretched_down,bear,BTC/USD,ok,481,34,0.059109519515884924,0.7647058823529411,2.32994129029151,0.019809254313090552,True,0.0006290702691403881,0.05848044924674454,cross_USO_state_slope=uptrend + cross_TLT_state_slope=flat,0.0516946978883527,0.007414821627532223
BTC/USD,1d,cross_USO_state_slope=uptrend + cross_TLT_state_slope=flat + state_ext=stretched_down,neutral,BTC/USD,ok,637,31,0.011873473615645037,0.5806451612903226,0.7303839508069715,0.46515552571324603,False,-0.004188929927939639,0.016062403543584677,cross_USO_state_slope=uptrend + cross_TLT_state_slope=flat,0.0024119177215707194,0.009461555894074318
BTC/USD,1d,cross_USO_state_slope=uptrend + cross_TLT_state_slope=flat + state_ext=stretched_down,regime_warmup,BTC/USD,ok,199,0,,,,,False,-0.00762247775857171,,state_ext=stretched_down,0.007470495531503742,
SOL/USD,1d,cross_USO_state_slope=uptrend + state_ext=stretched_up,all,BTC/USD,ok,1414,88,0.02499159635353029,0.6590909090909091,2.0345589458996325,0.04189527178147401,True,-0.02675543787870287,0.05174703423223316,cross_USO_state_slope=uptrend,0.01205330351981383,0.01293829283371646
SOL/USD,1d,cross_USO_state_slope=uptrend + state_ext=stretched_up,bull,BTC/USD,ok,289,36,0.03988101025114997,0.75,1.9458421476809193,0.051673704023113665,False,-0.11127433325793668,0.15115534350908666,cross_USO_state_slope=uptrend,0.013920863171907544,0.025960147079242428
SOL/USD,1d,cross_USO_state_slope=uptrend + state_ext=stretched_up,bear,BTC/USD,ok,452,10,-0.01911623932622249,0.4,-0.7367424058191028,0.4612790135350955,False,0.00548090682985157,-0.02459714615607406,cross_USO_state_slope=uptrend,0.023044835480267836,-0.042161074806490326
SOL/USD,1d,cross_USO_state_slope=uptrend + state_ext=stretched_up,neutral,BTC/USD,ok,474,42,0.022731107222178353,0.6428571428571429,1.5003068488309033,0.13353493618286194,False,0.0021374891144601018,0.020593618107718252,state_ext=stretched_up,0.0013303618882091303,0.021400745333969223
SOL/USD,1d,cross_USO_state_slope=uptrend + state_ext=stretched_up,regime_warmup,BTC/USD,ok,199,0,,,,,False,-0.04605249535823696,,state_ext=stretched_up,-0.08949534749505973,
XRP/USD,1d,cross_USO_state_slope=downtrend + state_ext=neutral,all,BTC/USD,ok,930,59,0.022446346015895773,0.6271186440677966,2.0612571631732783,0.03927851260889126,True,-0.00813339438822198,0.030579740404117754,state_ext=neutral,0.01913092643770421,0.003315419578191564
XRP/USD,1d,cross_USO_state_slope=downtrend + state_ext=neutral,bull,BTC/USD,ok,332,17,0.027271970491715713,0.6470588235294118,1.533420750806391,0.12517221915672216,False,-0.01867915717188282,0.04595112766359853,state_ext=neutral,0.035019896314982625,-0.007747925823266912
XRP/USD,1d,cross_USO_state_slope=downtrend + state_ext=neutral,bear,BTC/USD,ok,207,21,0.024553759723919915,0.7142857142857143,2.760345581699609,0.005774024722102311,True,0.004051566326740499,0.020502193397179416,state_ext=neutral,0.0009168446587372412,0.023636915065182673
XRP/USD,1d,cross_USO_state_slope=downtrend + state_ext=neutral,neutral,BTC/USD,ok,391,21,0.01643247439887453,0.5238095238095238,0.6521335815488855,0.5143150021262164,False,-0.0056297975182010886,0.022062271917075618,state_ext=neutral,0.015398846559486933,0.0010336278393875964
AVAX/USD,1d,state_volume=vol_surge + state_ext=neutral,all,BTC/USD,ok,1704,43,0.00910984505201138,0.6511627906976745,0.62678347515517,0.5308011769871244,False,0.002266710160130235,0.006843134891881144,state_volume=vol_surge,-0.0015584260686669928,0.010668271120678372
AVAX/USD,1d,state_volume=vol_surge + state_ext=neutral,bull,BTC/USD,ok,515,14,0.03177077236036161,0.7142857142857143,1.0971127566474586,0.2725921044163262,False,-0.0045968182826128245,0.036367590642974436,state_ext=neutral,-0.004951086150689714,0.03672185851105132
AVAX/USD,1d,state_volume=vol_surge + state_ext=neutral,bear,BTC/USD,ok,481,8,0.002463668332050216,0.625,0.17664325591189092,0.8597886150072029,False,0.004908754160857508,-0.0024450858288072924,state_volume=vol_surge,0.019412598300793355,-0.01694892996874314
AVAX/USD,1d,state_volume=vol_surge + state_ext=neutral,neutral,BTC/USD,ok,637,19,0.01568979153342104,0.6842105263157895,1.3163500657905618,0.18805657402943665,False,0.0031482472067648776,0.012541544326656164,state_volume=vol_surge,0.0025212188665715953,0.013168572666849447
AVAX/USD,1d,state_volume=vol_surge + state_ext=neutral,regime_warmup,BTC/USD,ok,71,2,-0.18544143079998732,0.0,-5.34725517854706,8.929807737700912e-08,False,0.026243539525715957,-0.21168497032570327,state_volume=vol_surge,-0.08811422163264743,-0.09732720916733989
SOL/USD,1d,cross_TLT_state_ext=stretched_down + state_ext=stretched_down,all,BTC/USD,ok,1414,229,0.00588925289724633,0.5327510917030568,0.3606102976298488,0.7183907902126621,False,-0.02675543787870287,0.0326446907759492,state_ext=stretched_down,0.0025116508950597865,0.003377602002186544
SOL/USD,1d,cross_TLT_state_ext=stretched_down + state_ext=stretched_down,bull,BTC/USD,ok,289,26,-0.002858126446990226,0.46153846153846156,-0.10299561659059542,0.9179664499067568,False,-0.11127433325793668,0.10841620681094645,state_ext=stretched_down,-0.022726983650687562,0.019868857203697337
SOL/USD,1d,cross_TLT_state_ext=stretched_down + state_ext=stretched_down,bear,BTC/USD,ok,452,130,0.011424890563440223,0.5846153846153846,0.5243254134772497,0.6000522239240438,False,0.00548090682985157,0.005943983733588653,cross_TLT_state_ext=stretched_down,0.010279186455717852,0.0011457041077223718
SOL/USD,1d,cross_TLT_state_ext=stretched_down + state_ext=stretched_down,neutral,BTC/USD,ok,474,45,-0.01674965783765647,0.4222222222222222,-0.5318785596185354,0.5948101077697889,False,0.0021374891144601018,-0.01888714695211657,state_ext=stretched_down,0.008165439797618853,-0.024915097635275323
SOL/USD,1d,cross_TLT_state_ext=stretched_down + state_ext=stretched_down,regime_warmup,BTC/USD,ok,199,28,0.024694608233516636,0.5357142857142857,0.4429862726635597,0.6577756638711254,False,-0.04605249535823696,0.0707471035917536,state_ext=stretched_down,0.01140647265058492,0.013288135582931716
LTC/USD,1d,state_ext=stretched_up + state_slope=flat,all,BTC/USD,ok,1832,225,0.0041368462760955505,0.5866666666666667,0.5373826082918158,0.591003354144479,False,-0.0011226563144548438,0.005259502590550394,state_ext=stretched_up,0.0025796859363716837,0.0015571603397238668
LTC/USD,1d,state_ext=stretched_up + state_slope=flat,bull,BTC/USD,ok,515,85,-0.0024258154038778045,0.5529411764705883,-0.18068992084360783,0.8566109705672622,False,-0.0012940744843032126,-0.0011317409195745918,state_ext=stretched_up,-0.0001831951800276431,-0.0022426202238501614
LTC/USD,1d,state_ext=stretched_up + state_slope=flat,bear,BTC/USD,ok,481,44,-0.004259759284786655,0.5909090909090909,-0.23192015053751788,0.8166000333143535,False,-0.0015229865555246454,-0.00273677272926201,state_ext=stretched_up,0.002609029466530294,-0.006868788751316949
LTC/USD,1d,state_ext=stretched_up + state_slope=flat,neutral,BTC/USD,ok,637,96,0.013795980520642978,0.6145833333333334,1.5759540016461495,0.11503640436253004,False,-1.1776639470967778e-05,0.013807757160113945,state_ext=stretched_up,0.00789125356816454,0.005904726952478437
LTC/USD,1d,state_ext=stretched_up + state_slope=flat,regime_warmup,BTC/USD,ok,199,0,,,,,False,-0.003267335457863115,,state_ext=stretched_up,-0.005332467478549157,
XRP/USD,1d,cross_USO_state_slope=uptrend + state_slope=flat,all,BTC/USD,ok,930,86,0.008867730480933683,0.6046511627906976,1.4006399369903324,0.16132177201033704,False,0.007733394388221978,0.0011343360927117043,state_slope=flat,0.003480392279297996,0.005387338201635687
XRP/USD,1d,cross_USO_state_slope=uptrend + state_slope=flat,bull,BTC/USD,ok,332,21,-0.020099190699712444,0.38095238095238093,-1.8712422799775714,0.061311506900009416,False,0.01827915717188282,-0.03837834787159526,state_slope=flat,-0.019123786024606175,-0.0009754046751062687
XRP/USD,1d,cross_USO_state_slope=uptrend + state_slope=flat,bear,BTC/USD,ok,207,25,0.015084418203945092,0.64,1.3780448942996095,0.16818942759441313,False,-0.004451566326740498,0.019535984530685592,state_slope=flat,-1.603101590731863e-05,0.01510044921985241
XRP/USD,1d,cross_USO_state_slope=uptrend + state_slope=flat,neutral,BTC/USD,ok,391,40,0.020189934273890767,0.7,2.700036880504107,0.006933178985692345,True,0.005229797518201087,0.01496013675568968,state_slope=flat,0.019845390745412753,0.00034454352847801406
XRP/USD,1h,cross_USO_state_ext=stretched_up + cross_TLT_state_slope=uptrend + state_ext=stretched_down,all,BTC/USD,ok,22416,37,0.007236597526104141,0.7297297297297297,3.2823723276263044,0.0010293758808312958,True,0.0001098032862860299,0.007126794239818111,cross_TLT_state_slope=uptrend + state_ext=stretched_down,0.003069168496018655,0.0041674290300854865
XRP/USD,1h,cross_USO_state_ext=stretched_up + cross_TLT_state_slope=uptrend + state_ext=stretched_down,bull,BTC/USD,ok,2308,0,,,,,False,-0.0010822719371947802,,cross_TLT_state_slope=uptrend + state_ext=stretched_down,0.008901658865749442,
XRP/USD,1h,cross_USO_state_ext=stretched_up + cross_TLT_state_slope=uptrend + state_ext=stretched_down,bear,BTC/USD,ok,2791,16,0.014087997535871491,0.9375,4.124638234389034,3.713179272235578e-05,True,-0.0008324190624128295,0.01492041659828432,cross_USO_state_ext=stretched_up + cross_TLT_state_slope=uptrend,0.008159310354176295,0.0059286871816951955
XRP/USD,1h,cross_USO_state_ext=stretched_up + cross_TLT_state_slope=uptrend + state_ext=stretched_down,neutral,BTC/USD,ok,3781,21,0.0020164832329480596,0.5714285714285714,1.255996143993018,0.2091173681308378,False,-0.0004212912932529609,0.0024377745262010204,cross_TLT_state_slope=uptrend + state_ext=stretched_down,0.0011518258721093298,0.0008646573608387298
XRP/USD,1h,cross_USO_state_ext=stretched_up + cross_TLT_state_slope=uptrend + state_ext=stretched_down,regime_warmup,BTC/USD,ok,199,0,,,,,False,0.005844834358353264,,state_ext=stretched_down,0.005477177522700037,
XRP/USD,1h,cross_USO_state_ext=stretched_up + cross_TLT_state_slope=uptrend + state_ext=stretched_down,regime_unavailable,BTC/USD,ok,13337,0,,,,,False,0.000578263180783126,,state_ext=stretched_down,0.0014345825225807283,
BTC/USD,1d,cross_USO_state_slope=downtrend + cross_TLT_state_slope=downtrend + state_ext=stretched_up,all,BTC/USD,ok,1832,37,0.008867666776177398,0.4864864864864865,0.4912396395063788,0.6232569658365406,False,0.0036437518002276777,0.00522391497594972,cross_TLT_state_slope=downtrend + state_ext=stretched_up,0.010191535876808749,-0.0013238691006313506
BTC/USD,1d,cross_USO_state_slope=downtrend + cross_TLT_state_slope=downtrend + state_ext=stretched_up,bull,BTC/USD,ok,515,6,-0.013284476536641096,0.16666666666666666,-0.668474633983647,0.5038306684656038,False,0.006445659532854977,-0.01973013606949607,cross_USO_state_slope=downtrend + cross_TLT_state_slope=downtrend,0.02906678697494611,-0.0423512635115872
BTC/USD,1d,cross_USO_state_slope=downtrend + cross_TLT_state_slope=downtrend + state_ext=stretched_up,bear,BTC/USD,ok,481,7,-0.047276509241142795,0.2857142857142857,-2.673591687448442,0.0075043759161508294,False,-0.0010290702691403912,-0.046247438972002404,cross_USO_state_slope=downtrend,0.005553727088583856,-0.05283023632972665
BTC/USD,1d,cross_USO_state_slope=downtrend + cross_TLT_state_slope=downtrend + state_ext=stretched_up,neutral,BTC/USD,ok,637,24,0.03078108727610041,0.625,1.4258565001543317,0.15390976798277833,False,0.003788929927939635,0.026992157348160774,cross_USO_state_slope=downtrend + cross_TLT_state_slope=downtrend,0.028479159302839622,0.0023019279732607867
BTC/USD,1d,cross_USO_state_slope=downtrend + cross_TLT_state_slope=downtrend + state_ext=stretched_up,regime_warmup,BTC/USD,ok,199,0,,,,,False,0.007222477758571707,,state_ext=stretched_up,0.014216613011483577,
AAVE/USD,1d,cross_USO_state_ext=stretched_up + state_ext=stretched_up,all,BTC/USD,ok,1830,272,0.019463598205324655,0.5845588235294118,1.561589860989527,0.1183846395260546,False,-0.0038038282031588764,0.023267426408483532,cross_USO_state_ext=stretched_up,0.006041455840886569,0.013422142364438085
AAVE/USD,1d,cross_USO_state_ext=stretched_up + state_ext=stretched_up,bull,BTC/USD,ok,515,94,0.02385729794739728,0.574468085106383,1.2522339294603628,0.21048463598003764,False,-0.006850746648017595,0.030708044595414877,cross_USO_state_ext=stretched_up,0.007366157352049883,0.016491140595347398
AAVE/USD,1d,cross_USO_state_ext=stretched_up + state_ext=stretched_up,bear,BTC/USD,ok,481,36,0.0018426453287440714,0.5555555555555556,0.06796282536897573,0.9458152268903317,False,-0.009803211926236514,0.011645857254980584,cross_USO_state_ext=stretched_up,0.005852045037275919,-0.004009399708531847
AAVE/USD,1d,cross_USO_state_ext=stretched_up + state_ext=stretched_up,neutral,BTC/USD,ok,637,103,0.006140659161086434,0.5631067961165048,0.2931281845970157,0.7694241743005454,False,0.0009862562402196836,0.00515440292086675,state_ext=stretched_up,0.004139900155675867,0.0020007590054105665
AAVE/USD,1d,cross_USO_state_ext=stretched_up + state_ext=stretched_up,regime_warmup,BTC/USD,ok,197,39,0.060325373829904376,0.6923076923076923,1.96593089028694,0.04930659424655981,True,0.003320957479432192,0.05700441635047218,state_ext=stretched_up,0.03109459430005056,0.029230779529853815
ETH/USD,1d,cross_USO_state_vol=mid_vol + state_ext=stretched_down,all,BTC/USD,ok,1832,265,0.0054342130967254074,0.5132075471698113,0.7253183878295528,0.46825672766994453,False,-0.0034974734376106583,0.008931686534336066,cross_USO_state_vol=mid_vol,-0.0017020782434807352,0.007136291340206142
ETH/USD,1d,cross_USO_state_vol=mid_vol + state_ext=stretched_down,bull,BTC/USD,ok,515,30,-0.008043298165663149,0.5,-0.4110032424321927,0.6810701571503555,False,-0.010054556231654565,0.0020112580659914156,cross_USO_state_vol=mid_vol,-0.016346242728603858,0.00830294456294071
ETH/USD,1d,cross_USO_state_vol=mid_vol + state_ext=stretched_down,bear,BTC/USD,ok,481,153,0.011676423221525583,0.5228758169934641,1.1274835228183222,0.25953810320080906,False,-0.0002810016380972383,0.01195742485962282,cross_USO_state_vol=mid_vol,0.010813091181849565,0.0008633320396760173
ETH/USD,1d,cross_USO_state_vol=mid_vol + state_ext=stretched_down,neutral,BTC/USD,ok,637,82,-0.0012820406986742273,0.5,-0.13118322783938818,0.8956303635380072,False,0.002260803281474415,-0.0035428439801486423,cross_USO_state_vol=mid_vol,-0.0011560305940687598,-0.00012601010460546748
ETH/USD,1d,cross_USO_state_vol=mid_vol + state_ext=stretched_down,regime_warmup,BTC/USD,ok,199,0,,,,,False,-0.01273489839585455,,state_ext=stretched_down,0.0038258721032413193,
SUSHI/USD,1d,state_ret_day=ret_day_flat + state_ext=neutral,all,BTC/USD,ok,1822,71,0.02418261245363594,0.6338028169014085,1.888795634829205,0.05891921792883004,False,-0.0028898678301054605,0.0270724802837414,state_ext=neutral,0.00897053629439399,0.015212076159241951
SUSHI/USD,1d,state_ret_day=ret_day_flat + state_ext=neutral,bull,BTC/USD,ok,515,19,0.011199363033069265,0.5789473684210527,0.4793305932755303,0.6317034612074737,False,-0.004739228921362978,0.015938591954432244,state_ret_day=ret_day_flat,-0.002835189255302061,0.014034552288371326
SUSHI/USD,1d,state_ret_day=ret_day_flat + state_ext=neutral,bear,BTC/USD,ok,481,18,0.052095474671433634,0.6111111111111112,1.727073722102346,0.0841544242659249,False,-0.0033078217429439133,0.055403296414377544,state_ext=neutral,0.01894858739803525,0.03314688727339839
SUSHI/USD,1d,state_ret_day=ret_day_flat + state_ext=neutral,neutral,BTC/USD,ok,637,34,0.01666056007335383,0.6764705882352942,1.4266940854285648,0.15366809121798353,False,-0.00010213067625271434,0.016762690749606547,state_ext=neutral,0.014545139260073435,0.002115420813280396
SUSHI/USD,1d,state_ret_day=ret_day_flat + state_ext=neutral,regime_warmup,BTC/USD,ok,189,0,,,,,False,-0.006182628533445581,,state_ext=neutral,0.022176023189332605,
DOT/USD,1d,cross_USO_state_ext=stretched_down + state_ext=stretched_down,all,BTC/USD,ok,1066,184,0.0074362565641755566,0.5108695652173914,0.6774646087042094,0.4981112176709179,False,0.0033786206883847474,0.004057635875790809,state_ext=stretched_down,0.0056009336367441745,0.001835322927431382
DOT/USD,1d,cross_USO_state_ext=stretched_down + state_ext=stretched_down,bull,BTC/USD,ok,395,30,0.05058328730051765,0.7,2.0606842683683317,0.03933317143256687,True,0.0018012901822515531,0.0487819971182661,state_ext=stretched_down,0.031571386715978554,0.019011900584539096
DOT/USD,1d,cross_USO_state_ext=stretched_down + state_ext=stretched_down,bear,BTC/USD,ok,223,77,0.01537127689583903,0.5324675324675324,1.1468986386047475,0.2514235154230866,False,0.011264956948685099,0.004106319947153931,cross_USO_state_ext=stretched_down,0.014073461218164817,0.0012978156776742127
DOT/USD,1d,cross_USO_state_ext=stretched_down + state_ext=stretched_down,neutral,BTC/USD,ok,448,77,-0.017309295223205616,0.4155844155844156,-1.12368161575723,0.2611481182833757,False,0.0008437826613214319,-0.01815307788452705,cross_USO_state_ext=stretched_down,-0.005865848662586777,-0.011443446560618839
LTC/USD,1d,cross_USO_state_slope=uptrend + state_slope=downtrend,all,BTC/USD,ok,1832,108,0.019358256541489306,0.5555555555555556,1.5129278584860286,0.13029798462805475,False,-0.0011226563144548438,0.02048091285594415,cross_USO_state_slope=uptrend,0.005345729184306668,0.014012527357182638
LTC/USD,1d,cross_USO_state_slope=uptrend + state_slope=downtrend,bull,BTC/USD,ok,515,25,0.010973164111968931,0.64,1.2962565598163114,0.19488710926268027,False,-0.0012940744843032126,0.012267238596272144,cross_USO_state_slope=uptrend,0.009568566365800953,0.0014045977461679786
LTC/USD,1d,cross_USO_state_slope=uptrend + state_slope=downtrend,bear,BTC/USD,ok,481,41,0.019368145094558982,0.5609756097560976,1.0069069800737955,0.31397947737168463,False,-0.0015229865555246454,0.020891131650083626,state_slope=downtrend,0.005267649857228435,0.014100495237330547
LTC/USD,1d,cross_USO_state_slope=uptrend + state_slope=downtrend,neutral,BTC/USD,ok,637,42,0.02433972987630247,0.5,1.011924447442633,0.31157417908448926,False,-1.1776639470967778e-05,0.024351506515773436,cross_USO_state_slope=uptrend,0.0028308139696247444,0.021508915906677726
LTC/USD,1d,cross_USO_state_slope=uptrend + state_slope=downtrend,regime_warmup,BTC/USD,ok,199,0,,,,,False,-0.003267335457863115,,,,
LTC/USD,1d,cross_USO_state_slope=uptrend + cross_TLT_state_ext=neutral + state_ext=stretched_down,all,BTC/USD,ok,1832,117,0.005368409481029921,0.5555555555555556,0.5226368854334287,0.6012269670102117,False,-0.0011226563144548438,0.006491065795484765,cross_USO_state_slope=uptrend + state_ext=stretched_down,0.0057566260687968674,-0.0003882165877669465
LTC/USD,1d,cross_USO_state_slope=uptrend + cross_TLT_state_ext=neutral + state_ext=stretched_down,bull,BTC/USD,ok,515,40,-0.005036095279481857,0.6,-0.4195898779733933,0.6747850840282879,False,-0.0012940744843032126,-0.0037420207951786443,cross_USO_state_slope=uptrend,0.009568566365800953,-0.01460466164528281
LTC/USD,1d,cross_USO_state_slope=uptrend + cross_TLT_state_ext=neutral + state_ext=stretched_down,bear,BTC/USD,ok,481,39,0.02350250512518464,0.5128205128205128,1.2690449177854322,0.2044250441275719,False,-0.0015229865555246454,0.025025491680709284,cross_USO_state_slope=uptrend + cross_TLT_state_ext=neutral,0.01555899968199782,0.00794350544318682
LTC/USD,1d,cross_USO_state_slope=uptrend + cross_TLT_state_ext=neutral + state_ext=stretched_down,neutral,BTC/USD,ok,637,38,-0.002290788932169115,0.5526315789473685,-0.15293838123221362,0.8784468680896624,False,-1.1776639470967778e-05,-0.0022790122926981474,cross_USO_state_slope=uptrend + cross_TLT_state_ext=neutral,0.003591644968665613,-0.005882433900834728
LTC/USD,1d,cross_USO_state_slope=uptrend + cross_TLT_state_ext=neutral + state_ext=stretched_down,regime_warmup,BTC/USD,ok,199,0,,,,,False,-0.003267335457863115,,cross_TLT_state_ext=neutral,0.014565893294821582,
LTC/USD,1d,cross_USO_state_slope=uptrend + state_ext=stretched_down,all,BTC/USD,ok,1832,206,0.0057566260687968674,0.529126213592233,0.5599745329972923,0.575496808649965,False,-0.0011226563144548438,0.006879282383251711,cross_USO_state_slope=uptrend,0.005345729184306668,0.00041089688449019984
LTC/USD,1d,cross_USO_state_slope=uptrend + state_ext=stretched_down,bull,BTC/USD,ok,515,50,0.0017528239329712464,0.62,0.15809683959196608,0.8743804909343358,False,-0.0012940744843032126,0.003046898417274459,cross_USO_state_slope=uptrend,0.009568566365800953,-0.007815742432829707
LTC/USD,1d,cross_USO_state_slope=uptrend + state_ext=stretched_down,bear,BTC/USD,ok,481,75,0.013436365058754672,0.4666666666666667,0.7536242573250285,0.4510748743823987,False,-0.0015229865555246454,0.014959351614279318,cross_USO_state_slope=uptrend,0.004282173253112073,0.009154191805642599
LTC/USD,1d,cross_USO_state_slope=uptrend + state_ext=stretched_down,neutral,BTC/USD,ok,637,81,0.0011172394335431102,0.5308641975308642,0.0657597063836788,0.9475691364118211,False,-1.1776639470967778e-05,0.001129016073014078,cross_USO_state_slope=uptrend,0.0028308139696247444,-0.0017135745360816342
LTC/USD,1d,cross_USO_state_slope=uptrend + state_ext=stretched_down,regime_warmup,BTC/USD,ok,199,0,,,,,False,-0.003267335457863115,,state_ext=stretched_down,0.005025330396484844,
BTC/USD,1d,state_ext=neutral + state_vol=mid_vol,all,BTC/USD,ok,1832,87,0.008505263454046072,0.5517241379310345,0.9248199478996451,0.35505957254815823,False,-0.0040437518002276775,0.01254901525427375,state_vol=mid_vol,-0.0008777988968306144,0.009383062350876686
BTC/USD,1d,state_ext=neutral + state_vol=mid_vol,bull,BTC/USD,ok,515,28,0.006083817954470517,0.5,0.4616504826446873,0.6443319862503052,False,-0.006845659532854978,0.012929477487325494,state_ext=neutral,0.002336066503420395,0.0037477514510501223
BTC/USD,1d,state_ext=neutral + state_vol=mid_vol,bear,BTC/USD,ok,481,30,0.016317640515003267,0.5666666666666667,0.9075715242818656,0.36410464472040394,False,0.0006290702691403881,0.015688570245862878,state_vol=mid_vol,0.018395007094893636,-0.002077366579890369
BTC/USD,1d,state_ext=neutral + state_vol=mid_vol,neutral,BTC/USD,ok,637,29,0.002761441459542616,0.5862068965517241,0.1942022311707589,0.8460175359087414,False,-0.004188929927939639,0.006950371387482255,state_ext=neutral,-0.0013930727341732161,0.004154514193715832
BTC/USD,1d,state_ext=neutral + state_vol=mid_vol,regime_warmup,BTC/USD,ok,199,0,,,,,False,-0.00762247775857171,,state_ext=neutral,0.00685683651653602,
BTC/USD,1d,state_ext=neutral + state_slope=flat,all,BTC/USD,ok,1832,214,-0.0001800940790840671,0.5373831775700935,-0.03179626937617912,0.9746345217403141,False,-0.0040437518002276775,0.0038636577211436105,state_ext=neutral,-0.0018531034063872086,0.0016730093273031417
BTC/USD,1d,state_ext=neutral + state_slope=flat,bull,BTC/USD,ok,515,75,-0.001250150616779984,0.6133333333333333,-0.15449875368302954,0.8772164938381803,False,-0.006845659532854978,0.0055955089160749935,state_ext=neutral,0.002336066503420395,-0.003586217120200379
BTC/USD,1d,state_ext=neutral + state_slope=flat,bear,BTC/USD,ok,481,71,-0.008901213528626804,0.4084507042253521,-1.0445617511158136,0.29622556516587384,False,0.0006290702691403881,-0.009530283797767191,state_slope=flat,-3.303738898165473e-05,-0.008868176139645148
BTC/USD,1d,state_ext=neutral + state_slope=flat,neutral,BTC/USD,ok,637,68,0.010105990056867811,0.5882352941176471,0.8837336423609443,0.37684001496950903,False,-0.004188929927939639,0.01429491998480745,state_ext=neutral,-0.0013930727341732161,0.011499062791041027
BTC/USD,1d,state_ext=neutral + state_slope=flat,regime_warmup,BTC/USD,ok,199,0,,,,,False,-0.00762247775857171,,state_ext=neutral,0.00685683651653602,
LTC/USD,1d,cross_USO_state_slope=uptrend + cross_TLT_state_slope=uptrend + state_ext=neutral,all,BTC/USD,ok,1832,22,0.008227563823205617,0.8181818181818182,0.6069142634353212,0.5439078118115501,False,0.0007226563144548451,0.0075049075087507714,cross_USO_state_slope=uptrend + cross_TLT_state_slope=uptrend,0.005560822636576249,0.0026667411866293676
LTC/USD,1d,cross_USO_state_slope=uptrend + cross_TLT_state_slope=uptrend + state_ext=neutral,bull,BTC/USD,ok,515,9,0.036852186839332085,1.0,5.4396651427996146,5.338080777406162e-08,False,0.0008940744843032163,0.03595811235502887,cross_USO_state_slope=uptrend + cross_TLT_state_slope=uptrend,0.006850036804409334,0.03000215003492275
LTC/USD,1d,cross_USO_state_slope=uptrend + cross_TLT_state_slope=uptrend + state_ext=neutral,bear,BTC/USD,ok,481,9,0.009960224737272393,0.7777777777777778,1.0965320471030282,0.27284600674693316,False,0.0011229865555246444,0.008837238181747748,cross_USO_state_slope=uptrend + state_ext=neutral,0.022164913845067743,-0.01220468910779535
LTC/USD,1d,cross_USO_state_slope=uptrend + cross_TLT_state_slope=uptrend + state_ext=neutral,neutral,BTC/USD,ok,637,4,-0.06007632501972917,0.5,-1.2095557859624808,0.2264493926478961,False,-0.0003882233605290345,-0.05968810165920013,cross_USO_state_slope=uptrend + cross_TLT_state_slope=uptrend,0.014817918651583842,-0.074894243671313
LTC/USD,1d,cross_USO_state_slope=uptrend + cross_TLT_state_slope=uptrend + state_ext=neutral,regime_warmup,BTC/USD,ok,199,0,,,,,False,0.0028673354578631124,,state_ext=neutral,-0.002994097704608062,
DOT/USD,1h,state_ret_day=ret_day_flat + state_ext=stretched_up + state_slope=uptrend,all,BTC/USD,ok,9072,120,0.003746582579219465,0.5833333333333334,1.5903356965596436,0.111759156402361,False,0.0005013843361691994,0.0032451982430502656,state_ret_day=ret_day_flat + state_slope=uptrend,0.0025549939820324473,0.0011915885971870177
DOT/USD,1h,state_ret_day=ret_day_flat + state_ext=stretched_up + state_slope=uptrend,bull,BTC/USD,ok,2307,42,0.010038872842539811,0.6904761904761905,2.333240068317076,0.0196355489593516,True,0.001278900315619634,0.008759972526920177,state_ret_day=ret_day_flat + state_ext=stretched_up,0.005039418786094954,0.004999454056444857
DOT/USD,1h,state_ret_day=ret_day_flat + state_ext=stretched_up + state_slope=uptrend,bear,BTC/USD,ok,2785,37,0.0005230605090273309,0.4864864864864865,0.1387331104321471,0.8896610527527227,False,0.0003225903269501033,0.0002004701820772276,state_ret_day=ret_day_flat + state_slope=uptrend,0.004269680179737991,-0.00374661967071066
DOT/USD,1h,state_ret_day=ret_day_flat + state_ext=stretched_up + state_slope=uptrend,neutral,BTC/USD,ok,3781,41,0.0002098539337964039,0.5609756097560976,0.042902487600982205,0.9657792657593061,False,0.00031560974139790553,-0.00010575580760150164,state_ret_day=ret_day_flat + state_ext=stretched_up,0.00112414275955744,-0.0009142888257610361
DOT/USD,1h,state_ret_day=ret_day_flat + state_ext=stretched_up + state_slope=uptrend,regime_warmup,BTC/USD,ok,199,0,,,,,False,-0.002480396096427341,,state_ext=stretched_up,0.001111834979908644,
XRP/USD,1h,cross_USO_state_slope=uptrend + cross_TLT_state_slope=uptrend + state_ext=stretched_down,all,BTC/USD,ok,22416,85,0.005044871136796893,0.6,2.2667850113114074,0.023403362200272282,True,0.0001098032862860299,0.004935067850510863,cross_TLT_state_slope=uptrend + state_ext=stretched_down,0.003069168496018655,0.0019757026407782375
XRP/USD,1h,cross_USO_state_slope=uptrend + cross_TLT_state_slope=uptrend + state_ext=stretched_down,bull,BTC/USD,ok,2308,3,0.00488235822608812,0.6666666666666666,1.7739371370876715,0.07607354903123031,False,-0.0010822719371947802,0.0059646301632829005,cross_TLT_state_slope=uptrend + state_ext=stretched_down,0.008901658865749442,-0.004019300639661322
XRP/USD,1h,cross_USO_state_slope=uptrend + cross_TLT_state_slope=uptrend + state_ext=stretched_down,bear,BTC/USD,ok,2791,55,0.006297075205562732,0.5818181818181818,1.8772718675596263,0.060480841922606166,False,-0.0008324190624128295,0.007129494267975561,cross_TLT_state_slope=uptrend + state_ext=stretched_down,0.004222327905094267,0.0020747473004684653
XRP/USD,1h,cross_USO_state_slope=uptrend + cross_TLT_state_slope=uptrend + state_ext=stretched_down,neutral,BTC/USD,ok,3781,27,0.0025121420608711555,0.6296296296296297,2.0149562111962136,0.043909237415890257,True,-0.0004212912932529609,0.0029334333541241164,cross_TLT_state_slope=uptrend + state_ext=stretched_down,0.0011518258721093298,0.0013603161887618257
XRP/USD,1h,cross_USO_state_slope=uptrend + cross_TLT_state_slope=uptrend + state_ext=stretched_down,regime_warmup,BTC/USD,ok,199,0,,,,,False,0.005844834358353264,,state_ext=stretched_down,0.005477177522700037,
XRP/USD,1h,cross_USO_state_slope=uptrend + cross_TLT_state_slope=uptrend + state_ext=stretched_down,regime_unavailable,BTC/USD,ok,13337,0,,,,,False,0.000578263180783126,,state_ext=stretched_down,0.0014345825225807283,
BCH/USD,1d,cross_USO_state_slope=downtrend + cross_TLT_state_ext=neutral + state_ext=stretched_down,all,BTC/USD,ok,1832,111,0.012598585170793573,0.5675675675675675,0.9188306545788809,0.3581841557799439,False,-0.002804380812973031,0.015402965983766604,cross_USO_state_slope=downtrend + cross_TLT_state_ext=neutral,0.013298487283207445,-0.0006999021124138721
BCH/USD,1d,cross_USO_state_slope=downtrend + cross_TLT_state_ext=neutral + state_ext=stretched_down,bull,BTC/USD,ok,515,19,-0.009458694255289453,0.5263157894736842,-0.4143378913488879,0.6786266675882708,False,-0.011464795148448994,0.0020061008931595414,cross_USO_state_slope=downtrend + cross_TLT_state_ext=neutral,0.014350967614790383,-0.023809661870079837
BCH/USD,1d,cross_USO_state_slope=downtrend + cross_TLT_state_ext=neutral + state_ext=stretched_down,bear,BTC/USD,ok,481,35,0.06117580294134276,0.7428571428571429,2.179782369575022,0.02927359741306801,True,0.0012414836365081344,0.05993431930483463,cross_USO_state_slope=downtrend + cross_TLT_state_ext=neutral,0.023900645349617777,0.037275157591724985
BCH/USD,1d,cross_USO_state_slope=downtrend + cross_TLT_state_ext=neutral + state_ext=stretched_down,neutral,BTC/USD,ok,637,57,-0.009877104528744055,0.47368421052631576,-0.8221317502488982,0.4110019169681256,False,-0.001744706252996514,-0.00813239827574754,cross_USO_state_slope=downtrend + cross_TLT_state_ext=neutral,0.0056082469728854735,-0.015485351501629527
BCH/USD,1d,cross_USO_state_slope=downtrend + cross_TLT_state_ext=neutral + state_ext=stretched_down,regime_warmup,BTC/USD,ok,199,0,,,,,False,0.006437025658708567,,cross_TLT_state_ext=neutral,0.02200936652903086,
SUSHI/USD,1d,state_ret_day=ret_day_down + state_ext=stretched_up,all,BTC/USD,ok,1822,111,0.003443348507770001,0.5675675675675675,0.17533127409512006,0.8608193391952645,False,0.002489867830105468,0.000953480677664533,state_ext=stretched_up,0.005089857587830283,-0.0016465090800602822
SUSHI/USD,1d,state_ret_day=ret_day_down + state_ext=stretched_up,bull,BTC/USD,ok,515,58,-0.015161126478300651,0.5172413793103449,-0.47780583141660515,0.6327884102771715,False,0.004339228921362992,-0.019500355399663643,state_ret_day=ret_day_down,0.00426730467311402,-0.019428431151414672
SUSHI/USD,1d,state_ret_day=ret_day_down + state_ext=stretched_up,bear,BTC/USD,ok,481,9,-0.015708327139141363,0.6666666666666666,-0.5620251405079633,0.5740988903313542,False,0.0029078217429439196,-0.018616148882085282,state_ext=stretched_up,0.01584677048356844,-0.031555097622709805
SUSHI/USD,1d,state_ret_day=ret_day_down + state_ext=stretched_up,neutral,BTC/USD,ok,637,44,0.03188481737173135,0.6136363636363636,2.277056792807073,0.02278283440171669,True,-0.000297869323747281,0.03218268669547863,state_ext=stretched_up,0.0076950986005762095,0.02418971877115514
SUSHI/USD,1d,state_ret_day=ret_day_down + state_ext=stretched_up,regime_warmup,BTC/USD,ok,189,0,,,,,False,0.005782628533445588,,state_ext=stretched_up,0.03739847542737802,
DOT/USD,1d,state_ret_day=ret_day_up + state_ext=stretched_up,all,BTC/USD,ok,1066,118,0.011130256262712078,0.5847457627118644,0.7659528972583219,0.4437043295091758,False,0.0033786206883847474,0.00775163557432733,state_ret_day=ret_day_up,0.011490382373734386,-0.0003601261110223082
DOT/USD,1d,state_ret_day=ret_day_up + state_ext=stretched_up,bull,BTC/USD,ok,395,56,-0.006408238466235987,0.48214285714285715,-0.24522399227512306,0.806283000282727,False,0.0018012901822515531,-0.00820952864848754,state_ret_day=ret_day_up,0.012037559071162048,-0.018445797537398036
DOT/USD,1d,state_ret_day=ret_day_up + state_ext=stretched_up,bear,BTC/USD,ok,223,8,0.01712128038775117,0.75,0.8552528571389421,0.39241117990610563,False,0.011264956948685099,0.005856323439066072,state_ext=stretched_up,0.01865981073668315,-0.0015385303489319803
DOT/USD,1d,state_ret_day=ret_day_up + state_ext=stretched_up,neutral,BTC/USD,ok,448,54,0.028430765740874647,0.6666666666666666,2.69154601490754,0.007112168627652959,True,0.0008437826613214319,0.027586983079553214,state_ext=stretched_up,0.027676916325211895,0.0007538494156627516
DOGE/USD,1d,state_volume=vol_quiet + state_ext=stretched_down,all,BTC/USD,ok,1832,390,0.010892691960247747,0.5564102564102564,1.7566309936030686,0.07898072657191113,False,-0.003562128076265565,0.014454820036513312,state_ext=stretched_down,0.006295393567099682,0.004597298393148065
DOGE/USD,1d,state_volume=vol_quiet + state_ext=stretched_down,bull,BTC/USD,ok,515,65,0.03266915422333492,0.6923076923076923,2.024321599814566,0.04293707259765256,True,-0.009313227039961937,0.041982381263296856,state_ext=stretched_down,0.02216425318861143,0.010504901034723488
DOGE/USD,1d,state_volume=vol_quiet + state_ext=stretched_down,bear,BTC/USD,ok,481,154,0.007390772265988623,0.5714285714285714,0.8597027965638513,0.3899528928202085,False,0.00568994070669353,0.0017008315592950927,state_volume=vol_quiet,0.007143720887181905,0.00024705137880671763
DOGE/USD,1d,state_volume=vol_quiet + state_ext=stretched_down,neutral,BTC/USD,ok,637,131,0.005761578524714725,0.4732824427480916,0.5168316585919096,0.6052736780288237,False,-0.0074366223948553805,0.013198200919570104,state_ext=stretched_down,-0.0014854328711737515,0.007247011395888476
DOGE/USD,1d,state_volume=vol_quiet + state_ext=stretched_down,regime_warmup,BTC/USD,ok,199,40,0.0057927281069993924,0.55,0.24975545485354989,0.8027764700358011,False,0.0013606043993224552,0.0044321237076769375,state_volume=vol_quiet,0.011683838595283626,-0.005891110488284234
XRP/USD,1d,cross_TLT_state_slope=uptrend + state_slope=flat,all,BTC/USD,ok,930,94,0.0004104564002204681,0.5106382978723404,0.04650987183311817,0.9629038660174316,False,-0.00813339438822198,0.008543850788442447,cross_TLT_state_slope=uptrend,-0.0007012740611824402,0.0011117304614029083
XRP/USD,1d,cross_TLT_state_slope=uptrend + state_slope=flat,bull,BTC/USD,ok,332,32,0.011553974988834337,0.59375,0.890764798254295,0.3730553637490055,False,-0.01867915717188282,0.030233132160717158,state_slope=flat,0.018723786024606174,-0.007169811035771837
XRP/USD,1d,cross_TLT_state_slope=uptrend + state_slope=flat,bear,BTC/USD,ok,207,36,0.012567243287221728,0.6111111111111112,1.2724038957752193,0.2032296506090714,False,0.004051566326740499,0.008515676960481229,state_slope=flat,-0.0003839689840926858,0.012951212271314414
XRP/USD,1d,cross_TLT_state_slope=uptrend + state_slope=flat,neutral,BTC/USD,ok,391,26,-0.030137117552382957,0.2692307692307692,-1.5816391938831589,0.11373196120523432,False,-0.0056297975182010886,-0.024507320034181868,cross_TLT_state_slope=uptrend,-0.008025526940954989,-0.022111590611427968
CRV/USD,1d,state_ext=stretched_up + state_vol=mid_vol,all,BTC/USD,ok,1066,98,0.0003037013103701608,0.5714285714285714,0.012556361448706834,0.9899817363111785,False,-0.0034415481086966953,0.0037452494190668563,state_vol=mid_vol,0.009494059777640822,-0.009190358467270662
CRV/USD,1d,state_ext=stretched_up + state_vol=mid_vol,bull,BTC/USD,ok,395,53,-0.01161353522258253,0.5849056603773585,-0.2838929118374831,0.7764924486528431,False,-0.007950843229596606,-0.0036626919929859236,state_vol=mid_vol,0.023909481138836387,-0.03552301636141891
CRV/USD,1d,state_ext=stretched_up + state_vol=mid_vol,bear,BTC/USD,ok,223,9,0.029754862516294937,0.7777777777777778,1.7556092322948231,0.07915515473819656,False,-0.0061788542615246475,0.035933716777819584,state_ext=stretched_up,-2.885642543339289e-05,0.02978371894172833
CRV/USD,1d,state_ext=stretched_up + state_vol=mid_vol,neutral,BTC/USD,ok,448,36,0.010485731460180421,0.5,0.5263994747937439,0.598610680527937,False,0.0018968243128124538,0.008588907147367968,state_ext=stretched_up,0.01145713647604017,-0.0009714050158597491
AVAX/USD,1d,cross_USO_state_ext=stretched_up + cross_TLT_state_slope=flat + state_ext=stretched_up,all,BTC/USD,ok,1704,87,0.03505038677856165,0.6436781609195402,2.319870729258359,0.020347871441938725,True,0.002266710160130235,0.032783676618431415,cross_USO_state_ext=stretched_up + cross_TLT_state_slope=flat,0.034183707265273866,0.0008666795132877825
AVAX/USD,1d,cross_USO_state_ext=stretched_up + cross_TLT_state_slope=flat + state_ext=stretched_up,bull,BTC/USD,ok,515,48,0.012963647616488176,0.5833333333333334,0.6884594067985166,0.49116352462757185,False,-0.0045968182826128245,0.017560465899101,cross_USO_state_ext=stretched_up,0.024759220251002186,-0.01179557263451401
AVAX/USD,1d,cross_USO_state_ext=stretched_up + cross_TLT_state_slope=flat + state_ext=stretched_up,bear,BTC/USD,ok,481,4,-0.06144506638011984,0.0,-7.480698276459999,7.394085344003543e-14,False,0.004908754160857508,-0.06635382054097734,cross_USO_state_ext=stretched_up + cross_TLT_state_slope=flat,0.05658001217620633,-0.11802507855632617
AVAX/USD,1d,cross_USO_state_ext=stretched_up + cross_TLT_state_slope=flat + state_ext=stretched_up,neutral,BTC/USD,ok,637,35,0.07636882370468315,0.8,3.2983625329775137,0.000972504851170175,True,0.0031482472067648776,0.07322057649791827,cross_TLT_state_slope=flat + state_ext=stretched_up,0.03741898955997378,0.038949834144709365
AVAX/USD,1d,cross_USO_state_ext=stretched_up + cross_TLT_state_slope=flat + state_ext=stretched_up,regime_warmup,BTC/USD,ok,71,0,,,,,False,0.026243539525715957,,cross_USO_state_ext=stretched_up + state_ext=stretched_up,0.08624112572310214,
SUSHI/USD,1d,cross_USO_state_vol=mid_vol + state_ext=stretched_up,all,BTC/USD,ok,1822,207,0.0005113686477535175,0.5314009661835749,0.03641834667544796,0.9709487853511043,False,0.002489867830105468,-0.0019784991823519507,state_ext=stretched_up,0.005089857587830283,-0.004578488940076766
SUSHI/USD,1d,cross_USO_state_vol=mid_vol + state_ext=stretched_up,bull,BTC/USD,ok,515,76,-0.031753833967697764,0.4605263157894737,-1.4409464396179559,0.14959981486079954,False,0.004339228921362992,-0.03609306288906076,state_ext=stretched_up,-0.009503197733101792,-0.022250636234595972
SUSHI/USD,1d,cross_USO_state_vol=mid_vol + state_ext=stretched_up,bear,BTC/USD,ok,481,48,0.027068268933038975,0.6875,1.1179581487609065,0.2635848681582307,False,0.0029078217429439196,0.024160447190095056,state_ext=stretched_up,0.01584677048356844,0.011221498449470537
SUSHI/USD,1d,cross_USO_state_vol=mid_vol + state_ext=stretched_up,neutral,BTC/USD,ok,637,83,0.014697202202941408,0.5060240963855421,0.7388909987179977,0.45997318859522096,False,-0.000297869323747281,0.01499507152668869,state_ext=stretched_up,0.0076950986005762095,0.0070021036023651985
SUSHI/USD,1d,cross_USO_state_vol=mid_vol + state_ext=stretched_up,regime_warmup,BTC/USD,ok,189,0,,,,,False,0.005782628533445588,,state_ext=stretched_up,0.03739847542737802,
LINK/USD,1d,cross_USO_state_ext=stretched_up + cross_TLT_state_slope=flat + state_ext=stretched_up,all,BTC/USD,ok,1832,116,0.021659716464104636,0.5948275862068966,1.3610752393219567,0.17348991359053612,False,-0.00351857451094862,0.025178290975053256,cross_USO_state_ext=stretched_up + cross_TLT_state_slope=flat,0.016771219982251697,0.004888496481852939
LINK/USD,1d,cross_USO_state_ext=stretched_up + cross_TLT_state_slope=flat + state_ext=stretched_up,bull,BTC/USD,ok,515,54,0.0018171003113870144,0.5555555555555556,0.09918260354034884,0.9209932871101791,False,-0.007206504969108993,0.009023605280496007,cross_USO_state_ext=stretched_up + state_ext=stretched_up,0.014045750034352333,-0.012228649722965319
LINK/USD,1d,cross_USO_state_ext=stretched_up + cross_TLT_state_slope=flat + state_ext=stretched_up,bear,BTC/USD,ok,481,17,0.02023639305389799,0.35294117647058826,0.3801455477623747,0.7038373769065063,False,-0.0007248121954760898,0.020961205249374077,cross_USO_state_ext=stretched_up + cross_TLT_state_slope=flat,0.03464805322151795,-0.01441166016761996
LINK/USD,1d,cross_USO_state_ext=stretched_up + cross_TLT_state_slope=flat + state_ext=stretched_up,neutral,BTC/USD,ok,637,45,0.04600855580233274,0.7333333333333333,2.8024918923790456,0.005070949098397115,True,-0.0006624040027303436,0.046670959805063084,cross_TLT_state_slope=flat + state_ext=stretched_up,0.03237646750417913,0.013632088298153613
LINK/USD,1d,cross_USO_state_ext=stretched_up + cross_TLT_state_slope=flat + state_ext=stretched_up,regime_warmup,BTC/USD,ok,199,0,,,,,False,-0.00986981120202769,,cross_USO_state_ext=stretched_up + state_ext=stretched_up,0.0337128792187532,
BCH/USD,1d,cross_USO_state_slope=uptrend + state_slope=flat,all,BTC/USD,ok,1832,182,0.00995398722236363,0.554945054945055,0.9229229852291743,0.3560473413593326,False,-0.002804380812973031,0.012758368035336662,cross_USO_state_slope=uptrend,0.0026786268745315465,0.007275360347832084
BCH/USD,1d,cross_USO_state_slope=uptrend + state_slope=flat,bull,BTC/USD,ok,515,49,-0.00893987297171084,0.5714285714285714,-0.4333227737729163,0.6647802955377684,False,-0.011464795148448994,0.0025249221767381543,cross_USO_state_slope=uptrend,-0.010811547712681757,0.0018716747409709168
BCH/USD,1d,cross_USO_state_slope=uptrend + state_slope=flat,bear,BTC/USD,ok,481,49,0.024171705120628263,0.5918367346938775,0.9941147245115479,0.32016701757350097,False,0.0012414836365081344,0.022930221484120127,cross_USO_state_slope=uptrend,0.012286835907531756,0.011884869213096507
BCH/USD,1d,cross_USO_state_slope=uptrend + state_slope=flat,neutral,BTC/USD,ok,637,84,0.01268173689491936,0.5238095238095238,1.2037927826944594,0.22866967995198273,False,-0.001744706252996514,0.014426443147915875,state_slope=flat,0.00768133685143599,0.00500040004348337
BCH/USD,1d,cross_USO_state_slope=uptrend + state_slope=flat,regime_warmup,BTC/USD,ok,199,0,,,,,False,0.006437025658708567,,,,
