symbol,timeframe,slice_combination,window,diagnostic_status,window_start_utc,window_end_utc,window_rows,slice_n,slice_mean_ret_costadj,slice_win_rate,slice_t_stat_nw,slice_p_value_nw,slice_pass,baseline_n,baseline_mean_ret_costadj,excess_vs_baseline,best_parent_filter,best_parent_n,best_parent_mean_ret_costadj,excess_vs_best_parent,best_parent_p_value_nw
FUT/NQ,1h,state_session=morning + state_slope=uptrend,all,ok,2025-07-16 04:00:00+00:00,2026-07-29 18:00:00+00:00,5916.0,990.0,-9.636705175222872e-05,0.5303030303030303,-0.27538907164733234,0.7830173391841833,False,5916.0,-3.4668488841881234e-05,-6.169856291034749e-05,state_slope=uptrend,2031.0,1.130520009971393e-05,-0.00010767225185194264,0.9577537522111665
FUT/NQ,1h,state_session=morning + state_slope=uptrend,calendar_2024,empty_window,,,,,,,,,,,,,,,,,
FUT/NQ,1h,state_session=morning + state_slope=uptrend,calendar_2025,ok,2025-07-16 04:00:00+00:00,2025-12-31 21:00:00+00:00,2660.0,426.0,-0.0009025759961851171,0.4694835680751174,-1.8014384503188954,0.07163380033561806,False,2660.0,1.848160211059983e-05,-0.000921057598295717,state_slope=uptrend,857.0,-0.00013789508109815558,-0.0007646809150869615,0.6366554862435774
FUT/NQ,1h,state_session=morning + state_slope=uptrend,calendar_2026_ytd,ok,2026-01-02 05:00:00+00:00,2026-07-29 18:00:00+00:00,3256.0,564.0,0.0005125780020215486,0.5762411347517731,1.104638913064072,0.2693160826141292,False,3256.0,-7.808963194188099e-05,0.0005906676339634296,state_slope=uptrend,1174.0,0.00012021886363171911,0.0003923591383898295,0.6862865232640272
FUT/NQ,1h,state_session=morning + state_slope=uptrend,latest_12m,ok,2025-07-29 18:00:00+00:00,2026-07-29 18:00:00+00:00,5697.0,990.0,-9.636705175222872e-05,0.5303030303030303,-0.27538907164733234,0.7830173391841833,False,5697.0,-4.618060898891737e-05,-5.018644276331135e-05,state_slope=uptrend,2031.0,1.130520009971393e-05,-0.00010767225185194264,0.9577537522111665
FUT/NQ,1h,state_session=morning + state_slope=uptrend,latest_6m,ok,2026-01-29 18:00:00+00:00,2026-07-29 18:00:00+00:00,2834.0,504.0,0.0006722370389131254,0.5932539682539683,1.3149010037418847,0.18854317537742427,False,2834.0,-7.936383205757377e-05,0.0007516008709706993,state_slope=uptrend,1030.0,0.00021201051011200773,0.0004602265288011177,0.5218050621676555
FUT/CL,1h,state_session=lunch + state_ext=stretched_up,all,ok,2025-07-16 04:00:00+00:00,2026-07-29 18:00:00+00:00,5894.0,77.0,0.008425482141602863,0.5454545454545454,1.7702539811085776,0.07668484044341994,False,5894.0,0.0001390878220024127,0.008286394319600451,state_session=lunch,519.0,0.002404899269891109,0.006020582871711754,0.02690747899681245
FUT/CL,1h,state_session=lunch + state_ext=stretched_up,calendar_2024,empty_window,,,,,,,,,,,,,,,,,
FUT/CL,1h,state_session=lunch + state_ext=stretched_up,calendar_2025,ok,2025-07-16 04:00:00+00:00,2025-12-31 21:00:00+00:00,2647.0,6.0,-0.0014434494084532418,0.3333333333333333,-1.5380015218325453,0.1240482426854772,False,2647.0,-0.0004491198551704278,-0.000994329553282814,state_session=lunch,236.0,0.0006147807531134945,-0.0020582301615667364,0.22923742816695825
FUT/CL,1h,state_session=lunch + state_ext=stretched_up,calendar_2026_ytd,ok,2026-01-02 05:00:00+00:00,2026-07-29 18:00:00+00:00,3247.0,71.0,0.009259476357100562,0.5633802816901409,1.8113633810758323,0.07008462050157638,False,3247.0,0.0006186029810650883,0.008640873376035474,state_session=lunch,283.0,0.0038977189517268567,0.005361757405373705,0.04229156882232221
FUT/CL,1h,state_session=lunch + state_ext=stretched_up,latest_12m,ok,2025-07-29 18:00:00+00:00,2026-07-29 18:00:00+00:00,5686.0,76.0,0.008498912317680652,0.5394736842105263,1.764115920030478,0.0777124646703442,False,5686.0,0.00011646753275020907,0.008382444784930443,state_session=lunch,499.0,0.0024001924008538213,0.0060987199168268304,0.03303247046198243
FUT/CL,1h,state_session=lunch + state_ext=stretched_up,latest_6m,ok,2026-01-29 18:00:00+00:00,2026-07-29 18:00:00+00:00,2827.0,62.0,0.010235563928395173,0.5483870967741935,1.764905096591659,0.07757971700017263,False,2827.0,0.0005084102782105432,0.009727153650184629,state_session=lunch,246.0,0.004447626930260594,0.005787936998134579,0.04202089136187581
FUT/NQ,1h,state_session=afternoon + state_ext=stretched_up,all,ok,2025-07-16 04:00:00+00:00,2026-07-29 18:00:00+00:00,5916.0,41.0,0.0018451664363510736,0.6585365853658537,1.9495655253086328,0.051227925767594495,False,5916.0,-3.4668488841881234e-05,0.001879834925192955,state_ext=stretched_up,75.0,0.0017969781115399627,4.818832481111096e-05,0.022175921789444608
FUT/NQ,1h,state_session=afternoon + state_ext=stretched_up,calendar_2024,empty_window,,,,,,,,,,,,,,,,,
FUT/NQ,1h,state_session=afternoon + state_ext=stretched_up,calendar_2025,ok,2025-07-16 04:00:00+00:00,2025-12-31 21:00:00+00:00,2660.0,4.0,0.0009721505997437376,0.75,1.3092366347078592,0.19045420626339937,False,2660.0,1.848160211059983e-05,0.0009536689976331377,state_ext=stretched_up,6.0,0.000582575602383706,0.00038957499736003165,0.14728650781929353
FUT/NQ,1h,state_session=afternoon + state_ext=stretched_up,calendar_2026_ytd,ok,2026-01-02 05:00:00+00:00,2026-07-29 18:00:00+00:00,3256.0,37.0,0.0019395465267951105,0.6486486486486487,1.8730172669802556,0.0610660006485122,False,3256.0,-7.808963194188099e-05,0.0020176361587369916,state_ext=stretched_up,69.0,0.0019025783297274633,3.696819706764721e-05,0.02510433393519662
FUT/NQ,1h,state_session=afternoon + state_ext=stretched_up,latest_12m,ok,2025-07-29 18:00:00+00:00,2026-07-29 18:00:00+00:00,5697.0,41.0,0.0018451664363510736,0.6585365853658537,1.9495655253086328,0.051227925767594495,False,5697.0,-4.618060898891737e-05,0.001891347045339991,state_ext=stretched_up,75.0,0.0017969781115399627,4.818832481111096e-05,0.022175921789444608
FUT/NQ,1h,state_session=afternoon + state_ext=stretched_up,latest_6m,ok,2026-01-29 18:00:00+00:00,2026-07-29 18:00:00+00:00,2834.0,36.0,0.002046920129592381,0.6666666666666666,1.9475079341823849,0.05147386947264776,False,2834.0,-7.936383205757377e-05,0.0021262839616499546,state_ext=stretched_up,68.0,0.001958879528310318,8.804060128206294e-05,0.023750630463039712
FUT/ES,1h,state_session=morning + state_slope=uptrend,all,ok,2025-07-16 04:00:00+00:00,2026-07-29 18:00:00+00:00,5912.0,887.0,-5.887327104639806e-05,0.5208568207440811,-0.21928593742951316,0.8264273156378537,False,5912.0,-5.6376211756481216e-05,-2.4970592899168414e-06,state_session=morning,3093.0,-4.006448565104978e-05,-1.880878539534828e-05,0.8026614047834404
FUT/ES,1h,state_session=morning + state_slope=uptrend,calendar_2024,empty_window,,,,,,,,,,,,,,,,,
FUT/ES,1h,state_session=morning + state_slope=uptrend,calendar_2025,ok,2025-07-16 04:00:00+00:00,2025-12-31 21:00:00+00:00,2657.0,392.0,-0.0004575488476842365,0.4897959183673469,-1.1534425852989518,0.2487287707505288,False,2657.0,-6.620308925172414e-06,-0.00045092853875906407,state_slope=uptrend,794.0,-8.106446613467895e-05,-0.00037648438154955753,0.7194249705852374
FUT/ES,1h,state_session=morning + state_slope=uptrend,calendar_2026_ytd,ok,2026-01-02 05:00:00+00:00,2026-07-29 18:00:00+00:00,3255.0,495.0,0.0002568455694425568,0.5454545454545454,0.7352492366295551,0.46218771788472,False,3255.0,-9.699109157915024e-05,0.00035383666102170705,state_session=morning,1701.0,7.5230545880197e-05,0.00018161502356235982,0.7347925781034956
FUT/ES,1h,state_session=morning + state_slope=uptrend,latest_12m,ok,2025-07-29 18:00:00+00:00,2026-07-29 18:00:00+00:00,5693.0,887.0,-5.887327104639806e-05,0.5208568207440811,-0.21928593742951316,0.8264273156378537,False,5693.0,-6.945359989211484e-05,1.0580328845716781e-05,state_session=morning,2973.0,-4.787104351539982e-05,-1.1002227530998234e-05,0.7731663767532315
FUT/ES,1h,state_session=morning + state_slope=uptrend,latest_6m,ok,2026-01-29 18:00:00+00:00,2026-07-29 18:00:00+00:00,2833.0,438.0,0.0003472833839329475,0.5639269406392694,0.9044860428493288,0.36573773190060344,False,2833.0,-9.510092740503769e-05,0.00044238431133798516,state_session=morning,1473.0,6.872045277942323e-05,0.0002785629311535243,0.7799630722970579
FUT/ZN,1h,state_session=morning + state_slope=flat,all,ok,2025-07-17 04:00:00+00:00,2026-07-29 18:00:00+00:00,5817.0,1098.0,-0.00013830661333588562,0.44171220400728595,-1.690784368296247,0.09087799375673544,False,5817.0,-0.00018478130787974643,4.647469454386081e-05,state_slope=flat,1832.0,-0.0001517170846196856,1.3410471283799985e-05,0.011441310008018846
FUT/ZN,1h,state_session=morning + state_slope=flat,calendar_2024,empty_window,,,,,,,,,,,,,,,,,
FUT/ZN,1h,state_session=morning + state_slope=flat,calendar_2025,ok,2025-07-17 04:00:00+00:00,2025-12-31 21:00:00+00:00,2558.0,538.0,-0.0002637007656757278,0.4144981412639405,-2.444652610813025,0.01449917238676135,False,2558.0,-0.00023272825394374133,-3.097251173198647e-05,state_slope=flat,870.0,-0.0002295969275130613,-3.4103838162666505e-05,0.003356015549676572
FUT/ZN,1h,state_session=morning + state_slope=flat,calendar_2026_ytd,ok,2026-01-02 05:00:00+00:00,2026-07-29 18:00:00+00:00,3259.0,560.0,-1.7838659837965843e-05,0.46785714285714286,-0.15437664340247156,0.8773127687458631,False,3259.0,-0.00014714758955151723,0.0001293089297135514,state_slope=flat,962.0,-8.128521006954334e-05,6.344655023157749e-05,0.3448980649471487
FUT/ZN,1h,state_session=morning + state_slope=flat,latest_12m,ok,2025-07-29 18:00:00+00:00,2026-07-29 18:00:00+00:00,5631.0,1098.0,-0.00013830661333588562,0.44171220400728595,-1.690784368296247,0.09087799375673544,False,5631.0,-0.00017702507380983805,3.871846047395243e-05,state_slope=flat,1832.0,-0.0001517170846196856,1.3410471283799985e-05,0.011441310008018846
FUT/ZN,1h,state_session=morning + state_slope=flat,latest_6m,ok,2026-01-29 18:00:00+00:00,2026-07-29 18:00:00+00:00,2837.0,459.0,1.4318258841441791e-05,0.48366013071895425,0.10566666318728571,0.9158468311531003,False,2837.0,-0.00014679913795607416,0.00016111739679751597,state_slope=flat,783.0,-4.949493477084841e-05,6.38131936122902e-05,0.6264964349343494
FUT/ZN,1h,state_session=afternoon + state_slope=downtrend,all,ok,2025-07-17 04:00:00+00:00,2026-07-29 18:00:00+00:00,5817.0,775.0,-0.0001268773773492508,0.4038709677419355,-2.401583635615555,0.016324276948488148,False,5817.0,-0.00018478130787974643,5.790393053049564e-05,state_session=afternoon,2222.0,-0.00015445420920524698,2.757683185599619e-05,5.550562971468054e-06
FUT/ZN,1h,state_session=afternoon + state_slope=downtrend,calendar_2024,empty_window,,,,,,,,,,,,,,,,,
FUT/ZN,1h,state_session=afternoon + state_slope=downtrend,calendar_2025,ok,2025-07-17 04:00:00+00:00,2025-12-31 21:00:00+00:00,2558.0,292.0,-0.00021022000381080015,0.3664383561643836,-3.4831471563644265,0.0004955558863573017,False,2558.0,-0.00023272825394374133,2.2508250132941183e-05,state_session=afternoon,944.0,-0.00017483340505244734,-3.538659875835281e-05,4.0125303394145106e-05
FUT/ZN,1h,state_session=afternoon + state_slope=downtrend,calendar_2026_ytd,ok,2026-01-02 05:00:00+00:00,2026-07-29 18:00:00+00:00,3259.0,483.0,-7.649218702467016e-05,0.42650103519668736,-1.0272602354470892,0.3042979412625382,False,3259.0,-0.00014714758955151723,7.065540252684707e-05,state_session=afternoon,1278.0,-0.0001394010316780505,6.290884465338033e-05,0.0048617986105989885
FUT/ZN,1h,state_session=afternoon + state_slope=downtrend,latest_12m,ok,2025-07-29 18:00:00+00:00,2026-07-29 18:00:00+00:00,5631.0,775.0,-0.0001268773773492508,0.4038709677419355,-2.401583635615555,0.016324276948488148,False,5631.0,-0.00017702507380983805,5.014769646058726e-05,state_session=afternoon,2162.0,-0.00015368702516474665,2.680964781549586e-05,8.775759519963344e-06
FUT/ZN,1h,state_session=afternoon + state_slope=downtrend,latest_6m,ok,2026-01-29 18:00:00+00:00,2026-07-29 18:00:00+00:00,2837.0,435.0,-7.665360280459748e-05,0.43448275862068964,-0.9651768905193757,0.3344562197615104,False,2837.0,-0.00014679913795607416,7.014553515147668e-05,state_session=afternoon,1121.0,-0.0001382298024817049,6.15761996771074e-05,0.01108442393188902
FUT/GC,1h,state_session=morning + state_ext=stretched_up,all,ok,2025-07-17 04:00:00+00:00,2026-07-29 18:00:00+00:00,5887.0,94.0,0.0010358499844257314,0.5106382978723404,1.2955068847358613,0.19514542789470957,False,5887.0,-0.0004132376544915618,0.0014490876389172931,state_session=morning,3079.0,-8.92903342995273e-05,0.0011251403187252586,0.7638290508936427
FUT/GC,1h,state_session=morning + state_ext=stretched_up,calendar_2024,empty_window,,,,,,,,,,,,,,,,,
FUT/GC,1h,state_session=morning + state_ext=stretched_up,calendar_2025,ok,2025-07-17 04:00:00+00:00,2025-12-31 21:00:00+00:00,2636.0,11.0,0.0015643368103908683,0.6363636363636364,0.6753069699908728,0.49948075656505986,False,2636.0,-0.0007376713626067389,0.002302008172997607,state_ext=stretched_up,24.0,0.000739062846066735,0.0008252739643241333,0.5787658772692541
FUT/GC,1h,state_session=morning + state_ext=stretched_up,calendar_2026_ytd,ok,2026-01-02 05:00:00+00:00,2026-07-29 18:00:00+00:00,3251.0,83.0,0.0009658095617074606,0.4939759036144578,1.1473688802832187,0.25122919713181235,False,3251.0,-0.00015017790223330086,0.0011159874639407614,state_session=morning,1698.0,0.0003262986427393237,0.0006395109189681369,0.46338719279636376
FUT/GC,1h,state_session=morning + state_ext=stretched_up,latest_12m,ok,2025-07-29 18:00:00+00:00,2026-07-29 18:00:00+00:00,5691.0,94.0,0.0010358499844257314,0.5106382978723404,1.2955068847358613,0.19514542789470957,False,5691.0,-0.00042431175878859594,0.0014601617432143273,state_session=morning,2971.0,-8.007756322158525e-05,0.0011159275476473167,0.7933621223002161
FUT/GC,1h,state_session=morning + state_ext=stretched_up,latest_6m,ok,2026-01-29 18:00:00+00:00,2026-07-29 18:00:00+00:00,2829.0,56.0,0.002414206157060161,0.625,2.5921150106067303,0.00953878769819716,True,2829.0,0.00022883624264076485,0.002185369914419396,state_ext=stretched_up,129.0,0.001085472200268127,0.0013287339567920338,0.22659222364079934
FUT/ZN,1h,state_session=lunch + state_slope=downtrend,all,ok,2025-07-17 04:00:00+00:00,2026-07-29 18:00:00+00:00,5817.0,178.0,2.9649409523279474e-05,0.4438202247191011,0.26721528929422966,0.7893034048832535,False,5817.0,-0.00018478130787974643,0.0002144307174030259,state_session=lunch,517.0,-4.6914399562348084e-05,7.656380908562756e-05,0.497678846087215
FUT/ZN,1h,state_session=lunch + state_slope=downtrend,calendar_2024,empty_window,,,,,,,,,,,,,,,,,
FUT/ZN,1h,state_session=lunch + state_slope=downtrend,calendar_2025,ok,2025-07-17 04:00:00+00:00,2025-12-31 21:00:00+00:00,2558.0,71.0,9.258477303000648e-05,0.4647887323943662,0.5721312528345641,0.5672330575415891,False,2558.0,-0.00023272825394374133,0.0003253130269737478,state_session=lunch,234.0,9.781023576072316e-06,8.280374945393416e-05,0.9012945202446829
FUT/ZN,1h,state_session=lunch + state_slope=downtrend,calendar_2026_ytd,ok,2026-01-02 05:00:00+00:00,2026-07-29 18:00:00+00:00,3259.0,107.0,-1.211143915875431e-05,0.42990654205607476,-0.08126741937900248,0.9352292838309546,False,3259.0,-0.00014714758955151723,0.0001350361503927629,state_session=lunch,283.0,-9.379330067326816e-05,8.168186151451384e-05,0.38491605065133894
FUT/ZN,1h,state_session=lunch + state_slope=downtrend,latest_12m,ok,2025-07-29 18:00:00+00:00,2026-07-29 18:00:00+00:00,5631.0,178.0,2.9649409523279474e-05,0.4438202247191011,0.26721528929422966,0.7893034048832535,False,5631.0,-0.00017702507380983805,0.00020667448333311751,state_session=lunch,499.0,-4.671525605366762e-05,7.636466557694709e-05,0.51417424693121
FUT/ZN,1h,state_session=lunch + state_slope=downtrend,latest_6m,ok,2026-01-29 18:00:00+00:00,2026-07-29 18:00:00+00:00,2837.0,90.0,1.720063261907324e-05,0.4444444444444444,0.10211482158235749,0.9186655365914469,False,2837.0,-0.00014679913795607416,0.0001639997705751474,state_session=lunch,246.0,-7.763442844213388e-05,9.483506106120713e-05,0.5269788317831952
FUT/NQ,1h,state_ext=neutral + state_vol=mid_vol,all,ok,2025-07-16 04:00:00+00:00,2026-07-29 18:00:00+00:00,5916.0,1890.0,4.471874781951024e-05,0.44603174603174606,0.20408514432780334,0.8382869631365908,False,5916.0,-0.00036533151115811864,0.00041005025897762886,state_vol=mid_vol,1898.0,3.234049132518873e-05,1.2378256494321512e-05,0.8828571416351014
FUT/NQ,1h,state_ext=neutral + state_vol=mid_vol,calendar_2024,empty_window,,,,,,,,,,,,,,,,,
FUT/NQ,1h,state_ext=neutral + state_vol=mid_vol,calendar_2025,ok,2025-07-16 04:00:00+00:00,2025-12-31 21:00:00+00:00,2660.0,728.0,-0.00038690371099016894,0.41208791208791207,-1.3309920307146659,0.18319163316970277,False,2660.0,-0.0004184816021105998,3.1577891120430836e-05,state_vol=mid_vol,728.0,-0.00038690371099016894,0.0,0.18319163316970277
FUT/NQ,1h,state_ext=neutral + state_vol=mid_vol,calendar_2026_ytd,ok,2026-01-02 05:00:00+00:00,2026-07-29 18:00:00+00:00,3256.0,1162.0,0.0003151328183990683,0.46729776247848537,1.0586534293498133,0.289757644419806,False,3256.0,-0.00032191036805811856,0.0006370431864571868,state_vol=mid_vol,1170.0,0.00029320355054363354,2.1929267855434786e-05,0.32586877452247753
FUT/NQ,1h,state_ext=neutral + state_vol=mid_vol,latest_12m,ok,2025-07-29 18:00:00+00:00,2026-07-29 18:00:00+00:00,5697.0,1890.0,4.471874781951024e-05,0.44603174603174606,0.20408514432780334,0.8382869631365908,False,5697.0,-0.0003538193910110824,0.0003985381388305927,state_vol=mid_vol,1898.0,3.234049132518873e-05,1.2378256494321512e-05,0.8828571416351014
FUT/NQ,1h,state_ext=neutral + state_vol=mid_vol,latest_6m,ok,2026-01-29 18:00:00+00:00,2026-07-29 18:00:00+00:00,2834.0,968.0,0.0002093209657561658,0.4555785123966942,0.6434563566169899,0.5199280251334639,False,2834.0,-0.00032063616794242593,0.0005299571336985918,state_vol=mid_vol,976.0,0.00018390011681178518,2.5420848944380625e-05,0.5729819936569531
FUT/GC,1h,state_session=morning + state_slope=flat,all,ok,2025-07-17 04:00:00+00:00,2026-07-29 18:00:00+00:00,5887.0,830.0,0.0007440331918697581,0.5048192771084338,1.922337129221205,0.05456335094179776,False,5887.0,1.3237654491562255e-05,0.0007307955373781959,state_slope=flat,1534.0,0.0005518758879035491,0.00019215730396620896,0.07482959439318448
FUT/GC,1h,state_session=morning + state_slope=flat,calendar_2024,empty_window,,,,,,,,,,,,,,,,,
FUT/GC,1h,state_session=morning + state_slope=flat,calendar_2025,ok,2025-07-17 04:00:00+00:00,2025-12-31 21:00:00+00:00,2636.0,366.0,0.0010475785931568905,0.5382513661202186,2.137407414649506,0.0325648688722866,True,2636.0,0.000337671362606739,0.0007099072305501515,state_slope=flat,695.0,0.0007178442149991303,0.00032973437815776024,0.04471107767266003
FUT/GC,1h,state_session=morning + state_slope=flat,calendar_2026_ytd,ok,2026-01-02 05:00:00+00:00,2026-07-29 18:00:00+00:00,3251.0,464.0,0.0005045986727510285,0.47844827586206895,0.8912103331572181,0.3728163419364052,False,3251.0,-0.00024982209776669873,0.0007544207705177272,state_slope=flat,839.0,0.000414393185482299,9.020548726872948e-05,0.38142050083504997
FUT/GC,1h,state_session=morning + state_slope=flat,latest_12m,ok,2025-07-29 18:00:00+00:00,2026-07-29 18:00:00+00:00,5691.0,830.0,0.0007440331918697581,0.5048192771084338,1.922337129221205,0.05456335094179776,False,5691.0,2.4311758788596278e-05,0.0007197214330811619,state_slope=flat,1534.0,0.0005518758879035491,0.00019215730396620896,0.07482959439318448
FUT/GC,1h,state_session=morning + state_slope=flat,latest_6m,ok,2026-01-29 18:00:00+00:00,2026-07-29 18:00:00+00:00,2829.0,418.0,0.00016962513328438154,0.45215311004784686,0.2912962929953516,0.7708247223421654,False,2829.0,-0.0006288362426407646,0.0007984613759251461,state_slope=flat,736.0,5.4042320476364774e-05,0.00011558281280801677,0.9128157029203092
FUT/GC,1h,state_ext=neutral + state_slope=flat,all,ok,2025-07-17 04:00:00+00:00,2026-07-29 18:00:00+00:00,5887.0,1525.0,0.0005493357201290188,0.4904918032786885,1.7923600662972121,0.07307530724980005,False,5887.0,1.3237654491562255e-05,0.0005360980656374566,state_slope=flat,1534.0,0.0005518758879035491,-2.5401677745303655e-06,0.07482959439318448
FUT/GC,1h,state_ext=neutral + state_slope=flat,calendar_2024,empty_window,,,,,,,,,,,,,,,,,
FUT/GC,1h,state_ext=neutral + state_slope=flat,calendar_2025,ok,2025-07-17 04:00:00+00:00,2025-12-31 21:00:00+00:00,2636.0,695.0,0.0007178442149991303,0.5136690647482014,2.007362509711892,0.04471107767266003,True,2636.0,0.000337671362606739,0.0003801728523923913,state_slope=flat,695.0,0.0007178442149991303,0.0,0.04471107767266003
FUT/GC,1h,state_ext=neutral + state_slope=flat,calendar_2026_ytd,ok,2026-01-02 05:00:00+00:00,2026-07-29 18:00:00+00:00,3251.0,830.0,0.00040823523346067235,0.4710843373493976,0.872921881349683,0.3827056586747135,False,3251.0,-0.00024982209776669873,0.0006580573312273711,state_slope=flat,839.0,0.000414393185482299,-6.157952021626641e-06,0.38142050083504997
FUT/GC,1h,state_ext=neutral + state_slope=flat,latest_12m,ok,2025-07-29 18:00:00+00:00,2026-07-29 18:00:00+00:00,5691.0,1525.0,0.0005493357201290188,0.4904918032786885,1.7923600662972121,0.07307530724980005,False,5691.0,2.4311758788596278e-05,0.0005250239613404225,state_slope=flat,1534.0,0.0005518758879035491,-2.5401677745303655e-06,0.07482959439318448
FUT/GC,1h,state_ext=neutral + state_slope=flat,latest_6m,ok,2026-01-29 18:00:00+00:00,2026-07-29 18:00:00+00:00,2829.0,728.0,9.765920626454247e-05,0.4478021978021978,0.1964365920953912,0.8442684577925048,False,2829.0,-0.0006288362426407646,0.0007264954489053071,state_slope=flat,736.0,5.4042320476364774e-05,4.3616885788177694e-05,0.9128157029203092
FUT/NQ,1h,state_session=afternoon + state_ext=stretched_down,all,ok,2025-07-16 04:00:00+00:00,2026-07-29 18:00:00+00:00,5916.0,47.0,0.0028434035065862413,0.7021276595744681,2.5797883862409616,0.009886087484289874,True,5916.0,-3.4668488841881234e-05,0.0028780719954281226,state_ext=stretched_down,107.0,0.0016978070112306475,0.0011455964953555938,0.10783947301955532
FUT/NQ,1h,state_session=afternoon + state_ext=stretched_down,calendar_2024,empty_window,,,,,,,,,,,,,,,,,
FUT/NQ,1h,state_session=afternoon + state_ext=stretched_down,calendar_2025,ok,2025-07-16 04:00:00+00:00,2025-12-31 21:00:00+00:00,2660.0,15.0,0.0027076777207773804,0.6666666666666666,1.0921858207933184,0.27475143353329656,False,2660.0,1.848160211059983e-05,0.0026891961186667804,state_ext=stretched_down,32.0,0.00082860012573541,0.0018790775950419704,0.6688771006536909
FUT/NQ,1h,state_session=afternoon + state_ext=stretched_down,calendar_2026_ytd,ok,2026-01-02 05:00:00+00:00,2026-07-29 18:00:00+00:00,3256.0,32.0,0.002907024968684146,0.71875,2.637346002747735,0.008355755502030604,True,3256.0,-7.808963194188099e-05,0.0029851146006260273,state_ext=stretched_down,75.0,0.0020686686157086157,0.0008383563529755305,0.09816889148590091
FUT/NQ,1h,state_session=afternoon + state_ext=stretched_down,latest_12m,ok,2025-07-29 18:00:00+00:00,2026-07-29 18:00:00+00:00,5697.0,47.0,0.0028434035065862413,0.7021276595744681,2.5797883862409616,0.009886087484289874,True,5697.0,-4.618060898891737e-05,0.0028895841155751585,state_ext=stretched_down,107.0,0.0016978070112306475,0.0011455964953555938,0.10783947301955532
FUT/NQ,1h,state_session=afternoon + state_ext=stretched_down,latest_6m,ok,2026-01-29 18:00:00+00:00,2026-07-29 18:00:00+00:00,2834.0,32.0,0.002907024968684146,0.71875,2.637346002747735,0.008355755502030604,True,2834.0,-7.936383205757377e-05,0.00298638880074172,state_ext=stretched_down,68.0,0.0017576208576142098,0.0011494041110699364,0.18450266589093078
FUT/ZN,1h,state_session=lunch + state_slope=uptrend,all,ok,2025-07-17 04:00:00+00:00,2026-07-29 18:00:00+00:00,5817.0,168.0,-3.0271657049433994e-05,0.5,-0.2976368709295832,0.7659803303064139,False,5817.0,-0.00018478130787974643,0.00015450965083031243,state_session=lunch,517.0,-4.6914399562348084e-05,1.664274251291409e-05,0.497678846087215
FUT/ZN,1h,state_session=lunch + state_slope=uptrend,calendar_2024,empty_window,,,,,,,,,,,,,,,,,
FUT/ZN,1h,state_session=lunch + state_slope=uptrend,calendar_2025,ok,2025-07-17 04:00:00+00:00,2025-12-31 21:00:00+00:00,2558.0,73.0,0.00012198308867948589,0.547945205479452,0.9692731612299226,0.3324089164816162,False,2558.0,-0.00023272825394374133,0.0003547113426232272,state_session=lunch,234.0,9.781023576072316e-06,0.00011220206510341357,0.9012945202446829
FUT/ZN,1h,state_session=lunch + state_slope=uptrend,calendar_2026_ytd,ok,2026-01-02 05:00:00+00:00,2026-07-29 18:00:00+00:00,3259.0,95.0,-0.00014726740903060404,0.4631578947368421,-1.0089215494523869,0.3130122594668747,False,3259.0,-0.00014714758955151723,-1.1981947908680578e-07,state_session=lunch,283.0,-9.379330067326816e-05,-5.347410835733588e-05,0.38491605065133894
FUT/ZN,1h,state_session=lunch + state_slope=uptrend,latest_12m,ok,2025-07-29 18:00:00+00:00,2026-07-29 18:00:00+00:00,5631.0,168.0,-3.0271657049433994e-05,0.5,-0.2976368709295832,0.7659803303064139,False,5631.0,-0.00017702507380983805,0.00014675341676040406,state_session=lunch,499.0,-4.671525605366762e-05,1.6443599004233623e-05,0.51417424693121
FUT/ZN,1h,state_session=lunch + state_slope=uptrend,latest_6m,ok,2026-01-29 18:00:00+00:00,2026-07-29 18:00:00+00:00,2837.0,87.0,-0.00020473388553466477,0.4367816091954023,-1.3295716572520584,0.18365944162925896,False,2837.0,-0.00014679913795607416,-5.79347475785906e-05,state_session=lunch,246.0,-7.763442844213388e-05,-0.00012709945709253088,0.5269788317831952
FUT/GC,1h,state_ext=neutral + state_slope=downtrend,all,ok,2025-07-17 04:00:00+00:00,2026-07-29 18:00:00+00:00,5887.0,1943.0,0.00031710398080072536,0.47400926402470406,0.9718477804207734,0.3311262816124214,False,5887.0,-0.0004132376544915618,0.0007303416352922871,state_slope=downtrend,2182.0,0.0003267679890431299,-9.664008242404529e-06,0.39326485377229736
FUT/GC,1h,state_ext=neutral + state_slope=downtrend,calendar_2024,empty_window,,,,,,,,,,,,,,,,,
FUT/GC,1h,state_ext=neutral + state_slope=downtrend,calendar_2025,ok,2025-07-17 04:00:00+00:00,2025-12-31 21:00:00+00:00,2636.0,752.0,-0.0003858170372041779,0.4348404255319149,-0.9309965628718004,0.35185534212651914,False,2636.0,-0.0007376713626067389,0.000351854325402561,state_slope=downtrend,804.0,-0.00038118239327644124,-4.63464392773665e-06,0.37924139345654506
FUT/GC,1h,state_ext=neutral + state_slope=downtrend,calendar_2026_ytd,ok,2026-01-02 05:00:00+00:00,2026-07-29 18:00:00+00:00,3251.0,1191.0,0.0007609298460733425,0.4987405541561713,1.7007640792913263,0.08898729692856211,False,3251.0,-0.00015017790223330086,0.0009111077483066434,state_slope=downtrend,1378.0,0.0007398246707448244,2.1105175328518084e-05,0.17460892931164151
FUT/GC,1h,state_ext=neutral + state_slope=downtrend,latest_12m,ok,2025-07-29 18:00:00+00:00,2026-07-29 18:00:00+00:00,5691.0,1943.0,0.00031710398080072536,0.47400926402470406,0.9718477804207734,0.3311262816124214,False,5691.0,-0.00042431175878859594,0.0007414157395893213,state_slope=downtrend,2182.0,0.0003267679890431299,-9.664008242404529e-06,0.39326485377229736
FUT/GC,1h,state_ext=neutral + state_slope=downtrend,latest_6m,ok,2026-01-29 18:00:00+00:00,2026-07-29 18:00:00+00:00,2829.0,1090.0,0.0011390693602993031,0.5137614678899083,2.438114781227016,0.014764085216566247,True,2829.0,0.00022883624264076485,0.0009102331176585383,state_slope=downtrend,1275.0,0.0010955340357631696,4.353532453613357e-05,0.056930800350943
FUT/GC,1h,state_session=afternoon + state_slope=downtrend,all,ok,2025-07-17 04:00:00+00:00,2026-07-29 18:00:00+00:00,5887.0,871.0,-0.00019599958113461876,0.45120551090700345,-0.40393883003387243,0.6862577014872411,False,5887.0,-0.0004132376544915618,0.00021723807335694305,state_slope=downtrend,2182.0,0.0003267679890431299,-0.0005227675701777487,0.39326485377229736
FUT/GC,1h,state_session=afternoon + state_slope=downtrend,calendar_2024,empty_window,,,,,,,,,,,,,,,,,
FUT/GC,1h,state_session=afternoon + state_slope=downtrend,calendar_2025,ok,2025-07-17 04:00:00+00:00,2025-12-31 21:00:00+00:00,2636.0,322.0,-0.0006152510138320141,0.4161490683229814,-1.5008163154257912,0.13340307754597847,False,2636.0,-0.0007376713626067389,0.00012242034877472474,state_slope=downtrend,804.0,-0.00038118239327644124,-0.0002340686205555729,0.37924139345654506
FUT/GC,1h,state_session=afternoon + state_slope=downtrend,calendar_2026_ytd,ok,2026-01-02 05:00:00+00:00,2026-07-29 18:00:00+00:00,3251.0,549.0,4.9900166276239596e-05,0.47176684881602915,0.06993411914301394,0.9442460964510739,False,3251.0,-0.00015017790223330086,0.00020007806850954045,state_slope=downtrend,1378.0,0.0007398246707448244,-0.0006899245044685848,0.17460892931164151
FUT/GC,1h,state_session=afternoon + state_slope=downtrend,latest_12m,ok,2025-07-29 18:00:00+00:00,2026-07-29 18:00:00+00:00,5691.0,871.0,-0.00019599958113461876,0.45120551090700345,-0.40393883003387243,0.6862577014872411,False,5691.0,-0.00042431175878859594,0.0002283121776539772,state_slope=downtrend,2182.0,0.0003267679890431299,-0.0005227675701777487,0.39326485377229736
FUT/GC,1h,state_session=afternoon + state_slope=downtrend,latest_6m,ok,2026-01-29 18:00:00+00:00,2026-07-29 18:00:00+00:00,2829.0,512.0,0.0004734553244651784,0.4921875,0.641661346568131,0.5210930917300411,False,2829.0,0.00022883624264076485,0.0002446190818244136,state_slope=downtrend,1275.0,0.0010955340357631696,-0.0006220787112979911,0.056930800350943
FUT/ZN,1h,state_session=morning + state_slope=downtrend,all,ok,2025-07-17 04:00:00+00:00,2026-07-29 18:00:00+00:00,5817.0,1021.0,-9.615057168547854e-05,0.4338883447600392,-1.070311872869946,0.284478951958405,False,5817.0,-0.00021521869212025365,0.0001190681204347751,state_session=morning,3078.0,-0.00017016865805435612,7.401808636887758e-05,0.0016116213006296398
FUT/ZN,1h,state_session=morning + state_slope=downtrend,calendar_2024,empty_window,,,,,,,,,,,,,,,,,
FUT/ZN,1h,state_session=morning + state_slope=downtrend,calendar_2025,ok,2025-07-17 04:00:00+00:00,2025-12-31 21:00:00+00:00,2558.0,389.0,-3.640371507761679e-05,0.43444730077120824,-0.24814421135471254,0.8040228293794685,False,2558.0,-0.00016727174605625871,0.00013086803097864193,state_session=morning,1380.0,-8.654717482943413e-05,5.0143459751817336e-05,0.27180709759983745
FUT/ZN,1h,state_session=morning + state_slope=downtrend,calendar_2026_ytd,ok,2026-01-02 05:00:00+00:00,2026-07-29 18:00:00+00:00,3259.0,632.0,-0.00013292514007227948,0.43354430379746833,-1.18363365259369,0.23655811297499207,False,3259.0,-0.0002528524104484829,0.00011992727037620342,state_slope=downtrend,1222.0,-0.00023057859100063688,9.76534509283574e-05,0.0014818168305517077
FUT/ZN,1h,state_session=morning + state_slope=downtrend,latest_12m,ok,2025-07-29 18:00:00+00:00,2026-07-29 18:00:00+00:00,5631.0,1021.0,-9.615057168547854e-05,0.4338883447600392,-1.070311872869946,0.284478951958405,False,5631.0,-0.000222974926190162,0.00012682435450468347,state_session=morning,2970.0,-0.00018409227964773217,8.794170796225363e-05,0.0008302168770579765
FUT/ZN,1h,state_session=morning + state_slope=downtrend,latest_6m,ok,2026-01-29 18:00:00+00:00,2026-07-29 18:00:00+00:00,2837.0,554.0,-0.00010541125312691947,0.44223826714801445,-0.8625453286741324,0.3883875004978332,False,2837.0,-0.00025320086204392585,0.0001477896089170064,state_slope=downtrend,1079.0,-0.0002192785671436794,0.00011386731401675993,0.006045331148413435
FUT/CL,1h,state_session=lunch + state_ext=stretched_down,all,ok,2025-07-16 04:00:00+00:00,2026-07-29 18:00:00+00:00,5894.0,82.0,0.0039714959573449865,0.6097560975609756,1.3560894056621344,0.17507072328868745,False,5894.0,0.0001390878220024127,0.0038324081353425738,state_session=lunch,519.0,0.002404899269891109,0.0015665966874538776,0.02690747899681245
FUT/CL,1h,state_session=lunch + state_ext=stretched_down,calendar_2024,empty_window,,,,,,,,,,,,,,,,,
FUT/CL,1h,state_session=lunch + state_ext=stretched_down,calendar_2025,ok,2025-07-16 04:00:00+00:00,2025-12-31 21:00:00+00:00,2647.0,18.0,-0.0002998797760047176,0.5,-0.20280280387065522,0.8392891663068274,False,2647.0,-0.0004491198551704278,0.0001492400791657102,state_ext=stretched_down,116.0,0.0009878905252791502,-0.0012877703012838678,0.3571738786854066
FUT/CL,1h,state_session=lunch + state_ext=stretched_down,calendar_2026_ytd,ok,2026-01-02 05:00:00+00:00,2026-07-29 18:00:00+00:00,3247.0,64.0,0.00517282038234959,0.640625,1.4018747248879906,0.16095265926276814,False,3247.0,0.0006186029810650883,0.0045542174012845014,state_session=lunch,283.0,0.0038977189517268567,0.0012751014306227335,0.04229156882232221
FUT/CL,1h,state_session=lunch + state_ext=stretched_down,latest_12m,ok,2025-07-29 18:00:00+00:00,2026-07-29 18:00:00+00:00,5686.0,82.0,0.0039714959573449865,0.6097560975609756,1.3560894056621344,0.17507072328868745,False,5686.0,0.00011646753275020907,0.0038550284245947772,state_session=lunch,499.0,0.0024001924008538213,0.0015713035564911652,0.03303247046198243
FUT/CL,1h,state_session=lunch + state_ext=stretched_down,latest_6m,ok,2026-01-29 18:00:00+00:00,2026-07-29 18:00:00+00:00,2827.0,63.0,0.005140028773783138,0.6349206349206349,1.3712054614361189,0.1703109161792129,False,2827.0,0.0005084102782105432,0.004631618495572595,state_session=lunch,246.0,0.004447626930260594,0.000692401843522544,0.04202089136187581
FUT/CL,1h,state_ext=stretched_down + state_vol=mid_vol,all,ok,2025-07-16 04:00:00+00:00,2026-07-29 18:00:00+00:00,5894.0,84.0,0.0037747056562261066,0.5952380952380952,2.1326863470500226,0.03295046464493678,True,5894.0,0.0001390878220024127,0.003635617834223694,state_ext=stretched_down,646.0,0.0014267691337528966,0.0023479365224732098,0.3146585956529333
FUT/CL,1h,state_ext=stretched_down + state_vol=mid_vol,calendar_2024,empty_window,,,,,,,,,,,,,,,,,
FUT/CL,1h,state_ext=stretched_down + state_vol=mid_vol,calendar_2025,ok,2025-07-16 04:00:00+00:00,2025-12-31 21:00:00+00:00,2647.0,30.0,0.0010496916291057464,0.6,0.9011710522134518,0.36749737968836715,False,2647.0,-0.0004491198551704278,0.0014988114842761741,state_ext=stretched_down,116.0,0.0009878905252791502,6.180110382659619e-05,0.3571738786854066
FUT/CL,1h,state_ext=stretched_down + state_vol=mid_vol,calendar_2026_ytd,ok,2026-01-02 05:00:00+00:00,2026-07-29 18:00:00+00:00,3247.0,54.0,0.005288602337959641,0.5925925925925926,2.0494349839303614,0.04041959930180172,True,3247.0,0.0006186029810650883,0.004669999356894553,state_ext=stretched_down,530.0,0.0015228255839094139,0.003765776754050227,0.37118211598956163
FUT/CL,1h,state_ext=stretched_down + state_vol=mid_vol,latest_12m,ok,2025-07-29 18:00:00+00:00,2026-07-29 18:00:00+00:00,5686.0,84.0,0.0037747056562261066,0.5952380952380952,2.1326863470500226,0.03295046464493678,True,5686.0,0.00011646753275020907,0.0036582381234758973,state_ext=stretched_down,640.0,0.0014294358568901118,0.0023452697993359946,0.3182687310430856
FUT/CL,1h,state_ext=stretched_down + state_vol=mid_vol,latest_6m,ok,2026-01-29 18:00:00+00:00,2026-07-29 18:00:00+00:00,2827.0,53.0,0.005209105372156725,0.5849056603773585,1.980500043460827,0.047647368466233964,True,2827.0,0.0005084102782105432,0.004700695093946182,state_ext=stretched_down,503.0,0.0017163580765011534,0.0034927472956555717,0.33755922711715036
FUT/CL,1h,state_ext=stretched_up + state_vol=mid_vol,all,ok,2025-07-16 04:00:00+00:00,2026-07-29 18:00:00+00:00,5894.0,131.0,0.004605312334088825,0.6641221374045801,2.76828606852135,0.005635196831382583,True,5894.0,0.0001390878220024127,0.004466224512086412,state_ext=stretched_up,741.0,0.0022995103410339856,0.002305801993054839,0.22306747762500345
FUT/CL,1h,state_ext=stretched_up + state_vol=mid_vol,calendar_2024,empty_window,,,,,,,,,,,,,,,,,
FUT/CL,1h,state_ext=stretched_up + state_vol=mid_vol,calendar_2025,ok,2025-07-16 04:00:00+00:00,2025-12-31 21:00:00+00:00,2647.0,8.0,-0.0074535441843202955,0.25,-2.9531882555118827,0.0031451009717045064,False,2647.0,-0.0004491198551704278,-0.0070044243291498675,state_ext=stretched_up,59.0,0.0002911233177308975,-0.0077446675020511925,0.8735092015613584
FUT/CL,1h,state_ext=stretched_up + state_vol=mid_vol,calendar_2026_ytd,ok,2026-01-02 05:00:00+00:00,2026-07-29 18:00:00+00:00,3247.0,123.0,0.005389628205204864,0.6910569105691057,3.2468199051286932,0.00116702211310038,True,3247.0,0.0006186029810650883,0.004771025224139776,state_ext=stretched_up,682.0,0.0024732564324927574,0.0029163717727121066,0.2255016941452055
FUT/CL,1h,state_ext=stretched_up + state_vol=mid_vol,latest_12m,ok,2025-07-29 18:00:00+00:00,2026-07-29 18:00:00+00:00,5686.0,131.0,0.004605312334088825,0.6641221374045801,2.76828606852135,0.005635196831382583,True,5686.0,0.00011646753275020907,0.004488844801338616,state_ext=stretched_up,738.0,0.0023128069599793184,0.002292505374109506,0.2222454335763162
FUT/CL,1h,state_ext=stretched_up + state_vol=mid_vol,latest_6m,ok,2026-01-29 18:00:00+00:00,2026-07-29 18:00:00+00:00,2827.0,107.0,0.005795741326048086,0.7102803738317757,3.106713270812401,0.00189179792898031,True,2827.0,0.0005084102782105432,0.005287331047837543,state_ext=stretched_up,630.0,0.002637404565381791,0.003158336760666295,0.23157017139628788
FUT/CL,1h,state_session=morning + state_slope=flat,all,ok,2025-07-16 04:00:00+00:00,2026-07-29 18:00:00+00:00,5894.0,957.0,0.000720976875505266,0.5256008359456635,1.1164539851212285,0.264227856295038,False,5894.0,-0.0005390878220024125,0.0012600646975076783,state_slope=flat,1567.0,0.00025100353928300586,0.0004699733362222601,0.6216977274882713
FUT/CL,1h,state_session=morning + state_slope=flat,calendar_2024,empty_window,,,,,,,,,,,,,,,,,
FUT/CL,1h,state_session=morning + state_slope=flat,calendar_2025,ok,2025-07-16 04:00:00+00:00,2025-12-31 21:00:00+00:00,2647.0,585.0,0.0009566102457846286,0.5384615384615384,1.4484570795049743,0.14748926126155348,False,2647.0,4.9119855170428214e-05,0.0009074903906142004,state_session=morning,1389.0,0.0005931482586796433,0.00036346198710498535,0.1858610248397794
FUT/CL,1h,state_session=morning + state_slope=flat,calendar_2026_ytd,ok,2026-01-02 05:00:00+00:00,2026-07-29 18:00:00+00:00,3247.0,372.0,0.00035042439804981593,0.5053763440860215,0.27712533310938425,0.7816838703044584,False,3247.0,-0.0010186029810650887,0.0013690273791149047,state_slope=flat,628.0,-4.271862303598018e-05,0.00039314302108579613,0.9669151423485396
FUT/CL,1h,state_session=morning + state_slope=flat,latest_12m,ok,2025-07-29 18:00:00+00:00,2026-07-29 18:00:00+00:00,5686.0,957.0,0.000720976875505266,0.5256008359456635,1.1164539851212285,0.264227856295038,False,5686.0,-0.0005164675327502088,0.0012374444082554749,state_slope=flat,1567.0,0.00025100353928300586,0.0004699733362222601,0.6216977274882713
FUT/CL,1h,state_session=morning + state_slope=flat,latest_6m,ok,2026-01-29 18:00:00+00:00,2026-07-29 18:00:00+00:00,2827.0,299.0,0.001166855620092293,0.5317725752508361,0.7969515520897151,0.42547916908624317,False,2827.0,-0.0009084102782105435,0.0020752658983028364,state_slope=flat,530.0,0.00029296169911794475,0.0008738939209743482,0.7989025959743288
FUT/ES,1h,state_session=lunch + state_slope=downtrend,all,ok,2025-07-16 04:00:00+00:00,2026-07-29 18:00:00+00:00,5912.0,183.0,3.561031489514621e-05,0.44808743169398907,0.06536034599704604,0.947887095848202,False,5912.0,-0.0003436237882435187,0.00037923410313866487,state_slope=downtrend,2097.0,-0.00038266983569593544,0.00041828015059108164,0.03614845418218393
FUT/ES,1h,state_session=lunch + state_slope=downtrend,calendar_2024,empty_window,,,,,,,,,,,,,,,,,
FUT/ES,1h,state_session=lunch + state_slope=downtrend,calendar_2025,ok,2025-07-16 04:00:00+00:00,2025-12-31 21:00:00+00:00,2657.0,81.0,-0.0009615069025473096,0.3333333333333333,-1.8265152085099947,0.06777269252532969,False,2657.0,-0.0003933796910748276,-0.000568127211472482,state_slope=downtrend,881.0,-0.0005496632067226878,-0.0004118436958246217,0.013422288095248591
FUT/ES,1h,state_session=lunch + state_slope=downtrend,calendar_2026_ytd,ok,2026-01-02 05:00:00+00:00,2026-07-29 18:00:00+00:00,3255.0,102.0,0.0008274386934523905,0.5392156862745098,0.9893247308742186,0.32250428786313856,False,3255.0,-0.00030300890842084973,0.0011304476018732402,state_session=lunch,283.0,4.5849953037176264e-05,0.0007815887404152142,0.8975254349921173
FUT/ES,1h,state_session=lunch + state_slope=downtrend,latest_12m,ok,2025-07-29 18:00:00+00:00,2026-07-29 18:00:00+00:00,5693.0,183.0,3.561031489514621e-05,0.44808743169398907,0.06536034599704604,0.947887095848202,False,5693.0,-0.00033054640010788517,0.00036615671500303136,state_session=lunch,499.0,-0.00035454719007911134,0.00039015750497425753,0.1345664161033131
FUT/ES,1h,state_session=lunch + state_slope=downtrend,latest_6m,ok,2026-01-29 18:00:00+00:00,2026-07-29 18:00:00+00:00,2833.0,89.0,0.0008543967966840754,0.5393258426966292,0.9376569191113139,0.3484207500774157,False,2833.0,-0.00030489907259496235,0.0011592958692790377,state_session=lunch,246.0,1.298756275890834e-05,0.000841409233925167,0.9736164023338918
FUT/CL,1h,state_session=morning + state_ext=neutral,all,ok,2025-07-16 04:00:00+00:00,2026-07-29 18:00:00+00:00,5894.0,2385.0,0.00034651395628196833,0.49559748427672956,0.6522810256201431,0.51421989818711,False,5894.0,-0.0005390878220024125,0.0008856017782843808,state_session=morning,3086.0,1.0815521694424265e-05,0.00033569843458754406,0.984649979902599
FUT/CL,1h,state_session=morning + state_ext=neutral,calendar_2024,empty_window,,,,,,,,,,,,,,,,,
FUT/CL,1h,state_session=morning + state_ext=neutral,calendar_2025,ok,2025-07-16 04:00:00+00:00,2025-12-31 21:00:00+00:00,2647.0,1288.0,0.0006698303196123268,0.5186335403726708,1.4531501786935457,0.14618206151898616,False,2647.0,4.9119855170428214e-05,0.0006207104644418986,state_session=morning,1389.0,0.0005931482586796433,7.66820609326835e-05,0.1858610248397794
FUT/CL,1h,state_session=morning + state_ext=neutral,calendar_2026_ytd,ok,2026-01-02 05:00:00+00:00,2026-07-29 18:00:00+00:00,3247.0,1097.0,-3.3095411055772476e-05,0.46855059252506837,-0.03324771214375961,0.9734770503457091,False,3247.0,-0.0010186029810650887,0.0009855075700093163,state_ext=neutral,2035.0,-0.00016154566736427148,0.000128450256308499,0.8243045634537278
FUT/CL,1h,state_session=morning + state_ext=neutral,latest_12m,ok,2025-07-29 18:00:00+00:00,2026-07-29 18:00:00+00:00,5686.0,2287.0,0.00042959367487310074,0.5002186270222999,0.7856841509250821,0.43205255068255566,False,5686.0,-0.0005164675327502088,0.0009460612076233096,state_session=morning,2969.0,6.613880608698539e-05,0.00036345486878611535,0.9091625693890355
FUT/CL,1h,state_session=morning + state_ext=neutral,latest_6m,ok,2026-01-29 18:00:00+00:00,2026-07-29 18:00:00+00:00,2827.0,905.0,0.0007685595192713228,0.49171270718232046,0.6657528804366464,0.5055690672531636,False,2827.0,-0.0009084102782105435,0.0016769697974818663,state_ext=neutral,1694.0,0.00024204081001735685,0.000526518709253966,0.7750809115820982
FUT/NQ,1h,state_session=afternoon + state_slope=downtrend,all,ok,2025-07-16 04:00:00+00:00,2026-07-29 18:00:00+00:00,5916.0,900.0,9.84748612363311e-07,0.5411111111111111,0.0035948236790804096,0.9971317518652669,False,5916.0,-3.4668488841881234e-05,3.5653237454244546e-05,state_session=afternoon,2304.0,4.1216818052789354e-05,-4.023206944042604e-05,0.8040980306784999
FUT/NQ,1h,state_session=afternoon + state_slope=downtrend,calendar_2024,empty_window,,,,,,,,,,,,,,,,,
FUT/NQ,1h,state_session=afternoon + state_slope=downtrend,calendar_2025,ok,2025-07-16 04:00:00+00:00,2025-12-31 21:00:00+00:00,2660.0,389.0,0.00020156695163497988,0.5218508997429306,0.687933230806346,0.49149482893053165,False,2660.0,1.848160211059983e-05,0.00018308534952438005,state_session=afternoon,1032.0,0.00029612050546038246,-9.455355382540257e-05,0.08291834224682759
FUT/NQ,1h,state_session=afternoon + state_slope=downtrend,calendar_2026_ytd,ok,2026-01-02 05:00:00+00:00,2026-07-29 18:00:00+00:00,3256.0,511.0,-0.00015170894409956978,0.5557729941291585,-0.35692171791270766,0.7211504105538082,False,3256.0,-7.808963194188099e-05,-7.361931215768879e-05,state_session=afternoon,1272.0,-0.0001655918339948806,1.3882889895310815e-05,0.527752111564534
FUT/NQ,1h,state_session=afternoon + state_slope=downtrend,latest_12m,ok,2025-07-29 18:00:00+00:00,2026-07-29 18:00:00+00:00,5697.0,900.0,9.84748612363311e-07,0.5411111111111111,0.0035948236790804096,0.9971317518652669,False,5697.0,-4.618060898891737e-05,4.716535760128068e-05,state_session=afternoon,2225.0,2.7128329466737172e-05,-2.614358085437386e-05,0.8735349091290063
FUT/NQ,1h,state_session=afternoon + state_slope=downtrend,latest_6m,ok,2026-01-29 18:00:00+00:00,2026-07-29 18:00:00+00:00,2834.0,460.0,-0.0001547878375821081,0.5456521739130434,-0.3383788479654954,0.7350777118873657,False,2834.0,-7.936383205757377e-05,-7.542400552453432e-05,state_session=afternoon,1115.0,-0.00017724655292990191,2.2458715347793825e-05,0.5362676139625222
FUT/NQ,1h,state_session=lunch + state_slope=flat,all,ok,2025-07-16 04:00:00+00:00,2026-07-29 18:00:00+00:00,5916.0,125.0,0.0005400510367175879,0.512,1.065985051732277,0.28643039927827885,False,5916.0,-3.4668488841881234e-05,0.0005747195255594691,state_session=lunch,519.0,0.00023736907307405313,0.00030268196364353477,0.4503424840104646
FUT/NQ,1h,state_session=lunch + state_slope=flat,calendar_2024,empty_window,,,,,,,,,,,,,,,,,
FUT/NQ,1h,state_session=lunch + state_slope=flat,calendar_2025,ok,2025-07-16 04:00:00+00:00,2025-12-31 21:00:00+00:00,2660.0,59.0,0.0006957985464348808,0.576271186440678,1.26088454302857,0.2073504479261008,False,2660.0,1.848160211059983e-05,0.000677316944324281,state_session=lunch,236.0,0.0007125675131192428,-1.676896668436202e-05,0.02981425405475191
FUT/NQ,1h,state_session=lunch + state_slope=flat,calendar_2026_ytd,ok,2026-01-02 05:00:00+00:00,2026-07-29 18:00:00+00:00,3256.0,66.0,0.00040082220227334207,0.45454545454545453,0.5160179090163028,0.6058419010703884,False,3256.0,-7.808963194188099e-05,0.00047891183421522305,state_slope=flat,789.0,-5.4483096401795055e-05,0.0004553052986751371,0.8828279651508015
FUT/NQ,1h,state_session=lunch + state_slope=flat,latest_12m,ok,2025-07-29 18:00:00+00:00,2026-07-29 18:00:00+00:00,5697.0,125.0,0.0005400510367175879,0.512,1.065985051732277,0.28643039927827885,False,5697.0,-4.618060898891737e-05,0.0005862316457065053,state_session=lunch,499.0,0.0002009935740081869,0.000339057462709401,0.5365056845367622
FUT/NQ,1h,state_session=lunch + state_slope=flat,latest_6m,ok,2026-01-29 18:00:00+00:00,2026-07-29 18:00:00+00:00,2834.0,55.0,0.0005769019660289395,0.45454545454545453,0.6510449573365005,0.5150174662414826,False,2834.0,-7.936383205757377e-05,0.0006562657980865132,state_slope=flat,659.0,-6.952439927565085e-06,0.0005838544059565045,0.9864735911799885
FUT/NQ,1h,state_session=lunch + state_slope=uptrend,all,ok,2025-07-16 04:00:00+00:00,2026-07-29 18:00:00+00:00,5916.0,168.0,0.0004857813545271819,0.5059523809523809,1.0988109669629773,0.27185052758893136,False,5916.0,-3.4668488841881234e-05,0.0005204498433690631,state_session=lunch,519.0,0.00023736907307405313,0.00024841228145312875,0.4503424840104646
FUT/NQ,1h,state_session=lunch + state_slope=uptrend,calendar_2024,empty_window,,,,,,,,,,,,,,,,,
FUT/NQ,1h,state_session=lunch + state_slope=uptrend,calendar_2025,ok,2025-07-16 04:00:00+00:00,2025-12-31 21:00:00+00:00,2660.0,68.0,0.0009467403343016605,0.6176470588235294,1.4774666353839137,0.1395505955234433,False,2660.0,1.848160211059983e-05,0.0009282587321910607,state_session=lunch,236.0,0.0007125675131192428,0.00023417282118241769,0.02981425405475191
FUT/NQ,1h,state_session=lunch + state_slope=uptrend,calendar_2026_ytd,ok,2026-01-02 05:00:00+00:00,2026-07-29 18:00:00+00:00,3256.0,100.0,0.00017232924828053636,0.43,0.28979808345409636,0.7719707141656329,False,3256.0,-7.808963194188099e-05,0.00025041888022241733,state_slope=uptrend,1174.0,0.00012021886363171911,5.211038464881725e-05,0.6862865232640272
FUT/NQ,1h,state_session=lunch + state_slope=uptrend,latest_12m,ok,2025-07-29 18:00:00+00:00,2026-07-29 18:00:00+00:00,5697.0,168.0,0.0004857813545271819,0.5059523809523809,1.0988109669629773,0.27185052758893136,False,5697.0,-4.618060898891737e-05,0.0005319619635160992,state_session=lunch,499.0,0.0002009935740081869,0.00028478778051899497,0.5365056845367622
FUT/NQ,1h,state_session=lunch + state_slope=uptrend,latest_6m,ok,2026-01-29 18:00:00+00:00,2026-07-29 18:00:00+00:00,2834.0,84.0,0.0005174043389486744,0.4642857142857143,0.8152473383858704,0.41493074596681323,False,2834.0,-7.936383205757377e-05,0.0005967681710062481,state_slope=uptrend,1030.0,0.00021201051011200773,0.00030539382883666667,0.5218050621676555
FUT/ES,1h,state_session=afternoon + state_slope=downtrend,all,ok,2025-07-16 04:00:00+00:00,2026-07-29 18:00:00+00:00,5912.0,870.0,-0.00015584278818135078,0.5264367816091954,-0.8034621335766947,0.4217076747793096,False,5912.0,-5.6376211756481216e-05,-9.946657642486957e-05,state_slope=downtrend,2097.0,-1.7330164304064503e-05,-0.0001385126238772863,0.9244031365728618
FUT/ES,1h,state_session=afternoon + state_slope=downtrend,calendar_2024,empty_window,,,,,,,,,,,,,,,,,
FUT/ES,1h,state_session=afternoon + state_slope=downtrend,calendar_2025,ok,2025-07-16 04:00:00+00:00,2025-12-31 21:00:00+00:00,2657.0,383.0,4.493089537728419e-05,0.49869451697127937,0.1995360001623072,0.8418434854403376,False,2657.0,-6.620308925172414e-06,5.15512043024566e-05,state_slope=downtrend,881.0,0.0001496632067226879,-0.00010473231134540371,0.500833241817213
FUT/ES,1h,state_session=afternoon + state_slope=downtrend,calendar_2026_ytd,ok,2026-01-02 05:00:00+00:00,2026-07-29 18:00:00+00:00,3255.0,487.0,-0.0003137407775098049,0.5482546201232033,-1.0696589097104088,0.2847728682462516,False,3255.0,-9.699109157915024e-05,-0.0002167496859306547,state_slope=downtrend,1216.0,-0.00013831796025354546,-0.00017542281725625947,0.6050413089452187
FUT/ES,1h,state_session=afternoon + state_slope=downtrend,latest_12m,ok,2025-07-29 18:00:00+00:00,2026-07-29 18:00:00+00:00,5693.0,870.0,-0.00015584278818135078,0.5264367816091954,-0.8034621335766947,0.4217076747793096,False,5693.0,-6.945359989211484e-05,-8.638918828923594e-05,state_slope=downtrend,2097.0,-1.7330164304064503e-05,-0.0001385126238772863,0.9244031365728618
FUT/ES,1h,state_session=afternoon + state_slope=downtrend,latest_6m,ok,2026-01-29 18:00:00+00:00,2026-07-29 18:00:00+00:00,2833.0,424.0,-0.0002724159773450928,0.5542452830188679,-0.8498436362842431,0.39541202552185517,False,2833.0,-9.510092740503769e-05,-0.00017731504994005512,state_slope=downtrend,1059.0,-0.00016513266672774343,-0.00010728331061734937,0.5735551918700565
FUT/CL,1h,state_ext=neutral + state_slope=downtrend,all,ok,2025-07-16 04:00:00+00:00,2026-07-29 18:00:00+00:00,5894.0,1344.0,0.0002338118088874406,0.4732142857142857,0.3247261786633253,0.7453883197608173,False,5894.0,-0.0005390878220024125,0.000772899630889853,state_ext=neutral,4488.0,3.6138142780797807e-06,0.00023019799460936082,0.9922955180720381
FUT/CL,1h,state_ext=neutral + state_slope=downtrend,calendar_2024,empty_window,,,,,,,,,,,,,,,,,
FUT/CL,1h,state_ext=neutral + state_slope=downtrend,calendar_2025,ok,2025-07-16 04:00:00+00:00,2025-12-31 21:00:00+00:00,2647.0,619.0,-1.5573681836348905e-05,0.45395799676898224,-0.030103555837511398,0.9759844648694358,False,2647.0,4.9119855170428214e-05,-6.469353700677713e-05,state_ext=neutral,2453.0,0.00014062952774819158,-0.00015620320958454047,0.6350379187199664
FUT/CL,1h,state_ext=neutral + state_slope=downtrend,calendar_2026_ytd,ok,2026-01-02 05:00:00+00:00,2026-07-29 18:00:00+00:00,3247.0,725.0,0.0004467354209674753,0.4896551724137931,0.36305888077816206,0.716560900230998,False,3247.0,-0.0010186029810650887,0.001465338402032564,state_ext=neutral,2035.0,-0.00016154566736427148,0.0006082810883317468,0.8243045634537278
FUT/CL,1h,state_ext=neutral + state_slope=downtrend,latest_12m,ok,2025-07-29 18:00:00+00:00,2026-07-29 18:00:00+00:00,5686.0,1344.0,0.0002338118088874406,0.4732142857142857,0.3247261786633253,0.7453883197608173,False,5686.0,-0.0005164675327502088,0.0007502793416376493,state_ext=neutral,4308.0,5.484124736692679e-05,0.0001789705615205138,0.8869959287482307
FUT/CL,1h,state_ext=neutral + state_slope=downtrend,latest_6m,ok,2026-01-29 18:00:00+00:00,2026-07-29 18:00:00+00:00,2827.0,634.0,0.0007653979362716702,0.5063091482649842,0.5519256710482933,0.5809992794789913,False,2827.0,-0.0009084102782105435,0.0016738082144822138,state_ext=neutral,1694.0,0.00024204081001735685,0.0005233571262543133,0.7750809115820982
FUT/ES,1h,state_session=lunch + state_slope=flat,all,ok,2025-07-16 04:00:00+00:00,2026-07-29 18:00:00+00:00,5912.0,160.0,0.00022620213122746198,0.525,0.7830334037301415,0.43360749657555564,False,5912.0,-5.6376211756481216e-05,0.0002825783429839432,state_session=lunch,519.0,-4.869151799333505e-06,0.00023107128302679548,0.9830831639734259
FUT/ES,1h,state_session=lunch + state_slope=flat,calendar_2024,empty_window,,,,,,,,,,,,,,,,,
FUT/ES,1h,state_session=lunch + state_slope=flat,calendar_2025,ok,2025-07-16 04:00:00+00:00,2025-12-31 21:00:00+00:00,2657.0,76.0,0.0002513660185007914,0.5394736842105263,0.7031178265270868,0.4819823236172489,False,2657.0,-6.620308925172414e-06,0.0002579863274259638,state_session=lunch,236.0,0.0005239340971426556,-0.0002725680786418642,0.03581160531572225
FUT/ES,1h,state_session=lunch + state_slope=flat,calendar_2026_ytd,ok,2026-01-02 05:00:00+00:00,2026-07-29 18:00:00+00:00,3255.0,84.0,0.00020343480464683072,0.5119047619047619,0.46130338202454746,0.6445809588560603,False,3255.0,-9.699109157915024e-05,0.00030042589622598096,state_slope=flat,911.0,-3.038372478820797e-05,0.0002338185294350387,0.8882324506761481
FUT/ES,1h,state_session=lunch + state_slope=flat,latest_12m,ok,2025-07-29 18:00:00+00:00,2026-07-29 18:00:00+00:00,5693.0,160.0,0.00022620213122746198,0.525,0.7830334037301415,0.43360749657555564,False,5693.0,-6.945359989211484e-05,0.0002956557311195768,state_session=lunch,499.0,-4.5452809920888336e-05,0.0002716549411483503,0.8478757323440886
FUT/ES,1h,state_session=lunch + state_slope=flat,latest_6m,ok,2026-01-29 18:00:00+00:00,2026-07-29 18:00:00+00:00,2833.0,74.0,0.0001860292519074327,0.5,0.39316018723633245,0.6942011728382824,False,2833.0,-9.510092740503769e-05,0.0002811301793124704,state_slope=flat,781.0,-2.8116846529598017e-05,0.0002141460984370307,0.9043971836863358
FUT/GC,1h,state_ext=neutral + state_slope=uptrend,all,ok,2025-07-17 04:00:00+00:00,2026-07-29 18:00:00+00:00,5887.0,1745.0,0.0004393154039180013,0.5111747851002866,1.3441806329965917,0.17888998277392787,False,5887.0,1.3237654491562255e-05,0.000426077749426439,state_slope=uptrend,1952.0,0.00044785655430489653,-8.54115038689525e-06,0.19049578950788248
FUT/GC,1h,state_ext=neutral + state_slope=uptrend,calendar_2024,empty_window,,,,,,,,,,,,,,,,,
FUT/GC,1h,state_ext=neutral + state_slope=uptrend,calendar_2025,ok,2025-07-17 04:00:00+00:00,2025-12-31 21:00:00+00:00,2636.0,897.0,0.0005211815303448797,0.5473801560758083,1.5581209101047182,0.11920458877153095,False,2636.0,0.000337671362606739,0.00018351016773814066,state_slope=uptrend,918.0,0.0005047768193638088,1.640471098107092e-05,0.12971677391513703
FUT/GC,1h,state_ext=neutral + state_slope=uptrend,calendar_2026_ytd,ok,2026-01-02 05:00:00+00:00,2026-07-29 18:00:00+00:00,3251.0,848.0,0.0003527188055631544,0.47287735849056606,0.6178730282988579,0.5366590395483992,False,3251.0,-0.00024982209776669873,0.0006025409033298531,state_slope=uptrend,1034.0,0.0003973219282661329,-4.460312270297852e-05,0.4784767319264045
FUT/GC,1h,state_ext=neutral + state_slope=uptrend,latest_12m,ok,2025-07-29 18:00:00+00:00,2026-07-29 18:00:00+00:00,5691.0,1745.0,0.0004393154039180013,0.5111747851002866,1.3441806329965917,0.17888998277392787,False,5691.0,2.4311758788596278e-05,0.000415003645129405,state_slope=uptrend,1952.0,0.00044785655430489653,-8.54115038689525e-06,0.19049578950788248
FUT/GC,1h,state_ext=neutral + state_slope=uptrend,latest_6m,ok,2026-01-29 18:00:00+00:00,2026-07-29 18:00:00+00:00,2829.0,696.0,0.00030755175639341707,0.46120689655172414,0.5147160811012642,0.606751434424242,False,2829.0,-0.0006288362426407646,0.0009363879990341817,state_slope=uptrend,818.0,0.000107644275423855,0.00019990748096956207,0.8520838918563207
FUT/GC,1h,state_ext=neutral + state_vol=high_vol,all,ok,2025-07-17 04:00:00+00:00,2026-07-29 18:00:00+00:00,5887.0,2242.0,0.0002414676640170401,0.5383586083853702,0.658812440230486,0.5100162177901926,False,5887.0,1.3237654491562255e-05,0.00022823000952547785,state_vol=high_vol,2644.0,0.00017559455536340262,6.587310865363748e-05,0.6533645701091233
FUT/GC,1h,state_ext=neutral + state_vol=high_vol,calendar_2024,empty_window,,,,,,,,,,,,,,,,,
FUT/GC,1h,state_ext=neutral + state_vol=high_vol,calendar_2025,ok,2025-07-17 04:00:00+00:00,2025-12-31 21:00:00+00:00,2636.0,1140.0,0.00011410411165409548,0.5482456140350878,0.2974461299616392,0.7661259297759624,False,2636.0,0.000337671362606739,-0.00022356725095264352,state_ext=neutral,2541.0,0.00036252693168081784,-0.00024842282002672235,0.11046448772998052
FUT/GC,1h,state_ext=neutral + state_vol=high_vol,calendar_2026_ytd,ok,2026-01-02 05:00:00+00:00,2026-07-29 18:00:00+00:00,3251.0,1102.0,0.0003732230630131898,0.5281306715063521,0.6078180070982828,0.5433081849428565,False,3251.0,-0.00024982209776669873,0.0006230451607798886,state_vol=high_vol,1431.0,0.00023953305200687024,0.00013369001100631953,0.7012721078718167
FUT/GC,1h,state_ext=neutral + state_vol=high_vol,latest_12m,ok,2025-07-29 18:00:00+00:00,2026-07-29 18:00:00+00:00,5691.0,2242.0,0.0002414676640170401,0.5383586083853702,0.658812440230486,0.5100162177901926,False,5691.0,2.4311758788596278e-05,0.00021715590522844382,state_vol=high_vol,2644.0,0.00017559455536340262,6.587310865363748e-05,0.6533645701091233
FUT/GC,1h,state_ext=neutral + state_vol=high_vol,latest_6m,ok,2026-01-29 18:00:00+00:00,2026-07-29 18:00:00+00:00,2829.0,941.0,-9.604383763194296e-05,0.5047821466524973,-0.15595079021098934,0.8760718102349179,False,2829.0,-0.0006288362426407646,0.0005327924050088217,state_vol=high_vol,1214.0,-0.00038132154034633116,0.0002852777027143882,0.560906678804419
FUT/ES,1h,state_session=afternoon + state_slope=flat,all,ok,2025-07-16 04:00:00+00:00,2026-07-29 18:00:00+00:00,5912.0,472.0,0.00012289242662121214,0.5529661016949152,0.645908164068123,0.51833883206976,False,5912.0,-5.6376211756481216e-05,0.00017926863837769335,state_session=afternoon,2300.0,-8.993461739207217e-05,0.0002128270440132843,0.4312432221864677
FUT/ES,1h,state_session=afternoon + state_slope=flat,calendar_2024,empty_window,,,,,,,,,,,,,,,,,
FUT/ES,1h,state_session=afternoon + state_slope=flat,calendar_2025,ok,2025-07-16 04:00:00+00:00,2025-12-31 21:00:00+00:00,2657.0,224.0,-2.7651525916762918e-05,0.5714285714285714,-0.16579383161057915,0.8683192006031601,False,2657.0,-6.620308925172414e-06,-2.1031216991590504e-05,state_session=afternoon,1029.0,0.0001075296452099729,-0.0001351811711267358,0.38210592256523856
FUT/ES,1h,state_session=afternoon + state_slope=flat,calendar_2026_ytd,ok,2026-01-02 05:00:00+00:00,2026-07-29 18:00:00+00:00,3255.0,248.0,0.000258867609558738,0.5362903225806451,0.8031587499688796,0.42188298425598525,False,3255.0,-9.699109157915024e-05,0.0003558587011378882,state_slope=flat,911.0,-3.038372478820797e-05,0.00028925133434694593,0.8882324506761481
FUT/ES,1h,state_session=afternoon + state_slope=flat,latest_12m,ok,2025-07-29 18:00:00+00:00,2026-07-29 18:00:00+00:00,5693.0,472.0,0.00012289242662121214,0.5529661016949152,0.645908164068123,0.51833883206976,False,5693.0,-6.945359989211484e-05,0.000192346026513327,state_session=afternoon,2221.0,-0.00010373605567942494,0.00022662848230063708,0.37706304364621834
FUT/ES,1h,state_session=afternoon + state_slope=flat,latest_6m,ok,2026-01-29 18:00:00+00:00,2026-07-29 18:00:00+00:00,2833.0,218.0,0.0003093104067536525,0.5321100917431193,0.8525918795155631,0.393885667366237,False,2833.0,-9.510092740503769e-05,0.00040441133415869017,state_slope=flat,781.0,-2.8116846529598017e-05,0.0003374272532832505,0.9043971836863358
FUT/CL,1h,state_session=lunch + state_slope=flat,all,ok,2025-07-16 04:00:00+00:00,2026-07-29 18:00:00+00:00,5894.0,105.0,0.0023721538174988318,0.5904761904761905,1.3162790579947914,0.1880803971438969,False,5894.0,0.0001390878220024127,0.002233065995496419,state_session=lunch,519.0,0.002404899269891109,-3.274545239227711e-05,0.02690747899681245
FUT/CL,1h,state_session=lunch + state_slope=flat,calendar_2024,empty_window,,,,,,,,,,,,,,,,,
FUT/CL,1h,state_session=lunch + state_slope=flat,calendar_2025,ok,2025-07-16 04:00:00+00:00,2025-12-31 21:00:00+00:00,2647.0,63.0,0.0009464216399190974,0.5396825396825397,1.056838289503723,0.2905853961825773,False,2647.0,-0.0004491198551704278,0.0013955414950895253,state_session=lunch,236.0,0.0006147807531134945,0.0003316408868056029,0.22923742816695825
FUT/CL,1h,state_session=lunch + state_slope=flat,calendar_2026_ytd,ok,2026-01-02 05:00:00+00:00,2026-07-29 18:00:00+00:00,3247.0,42.0,0.004510752083868434,0.6666666666666666,1.1029203159732566,0.27006177081208405,False,3247.0,0.0006186029810650883,0.0038921491028033454,state_session=lunch,283.0,0.0038977189517268567,0.000613033132141577,0.04229156882232221
FUT/CL,1h,state_session=lunch + state_slope=flat,latest_12m,ok,2025-07-29 18:00:00+00:00,2026-07-29 18:00:00+00:00,5686.0,105.0,0.0023721538174988318,0.5904761904761905,1.3162790579947914,0.1880803971438969,False,5686.0,0.00011646753275020907,0.0022556862847486225,state_session=lunch,499.0,0.0024001924008538213,-2.803858335498951e-05,0.03303247046198243
FUT/CL,1h,state_session=lunch + state_slope=flat,latest_6m,ok,2026-01-29 18:00:00+00:00,2026-07-29 18:00:00+00:00,2827.0,36.0,0.00545423201466071,0.6666666666666666,1.1775690973538948,0.23896843571368365,False,2827.0,0.0005084102782105432,0.004945821736450167,state_session=lunch,246.0,0.004447626930260594,0.001006605084400116,0.04202089136187581
FUT/CL,1h,state_session=morning + state_slope=uptrend,all,ok,2025-07-16 04:00:00+00:00,2026-07-29 18:00:00+00:00,5894.0,1045.0,0.00044970187380304766,0.5311004784688995,0.4235103326246885,0.6719229614647437,False,5894.0,0.0001390878220024127,0.0003106140518006349,state_slope=uptrend,2144.0,0.0007784895390582206,-0.000328787665255173,0.3564750861573782
FUT/CL,1h,state_session=morning + state_slope=uptrend,calendar_2024,empty_window,,,,,,,,,,,,,,,,,
FUT/CL,1h,state_session=morning + state_slope=uptrend,calendar_2025,ok,2025-07-16 04:00:00+00:00,2025-12-31 21:00:00+00:00,2647.0,355.0,-0.0010105291639373117,0.447887323943662,-1.3877174006371995,0.16522311529081635,False,2647.0,-0.0004491198551704278,-0.0005614093087668839,state_slope=uptrend,762.0,-0.0005225253971358285,-0.0004880037668014832,0.2602675661065956
FUT/CL,1h,state_session=morning + state_slope=uptrend,calendar_2026_ytd,ok,2026-01-02 05:00:00+00:00,2026-07-29 18:00:00+00:00,3247.0,690.0,0.0012009801613361308,0.5739130434782609,0.7713317472354705,0.44051031933007456,False,3247.0,0.0006186029810650883,0.0005823771802710425,state_slope=uptrend,1382.0,0.0014958364141521893,-0.0002948562528160585,0.24246024583387538
FUT/CL,1h,state_session=morning + state_slope=uptrend,latest_12m,ok,2025-07-29 18:00:00+00:00,2026-07-29 18:00:00+00:00,5686.0,1045.0,0.00044970187380304766,0.5311004784688995,0.4235103326246885,0.6719229614647437,False,5686.0,0.00011646753275020907,0.0003332343410528386,state_slope=uptrend,2144.0,0.0007784895390582206,-0.000328787665255173,0.3564750861573782
FUT/CL,1h,state_session=morning + state_slope=uptrend,latest_6m,ok,2026-01-29 18:00:00+00:00,2026-07-29 18:00:00+00:00,2827.0,598.0,0.0007315235055283891,0.5635451505016722,0.42088253397619285,0.6738408598138748,False,2827.0,0.0005084102782105432,0.0002231132273178459,state_slope=uptrend,1176.0,0.0014555937056052889,-0.0007240702000768998,0.3213483995238935
FUT/CL,1h,state_session=morning + state_slope=downtrend,all,ok,2025-07-16 04:00:00+00:00,2026-07-29 18:00:00+00:00,5894.0,965.0,0.00039332127193940396,0.49740932642487046,0.4360355735832565,0.6628109197204213,False,5894.0,-0.0005390878220024125,0.0009324090939418165,state_session=morning,3086.0,1.0815521694424265e-05,0.0003825057502449797,0.984649979902599
FUT/CL,1h,state_session=morning + state_slope=downtrend,calendar_2024,empty_window,,,,,,,,,,,,,,,,,
FUT/CL,1h,state_session=morning + state_slope=downtrend,calendar_2025,ok,2025-07-16 04:00:00+00:00,2025-12-31 21:00:00+00:00,2647.0,330.0,0.0005931600713065387,0.5121212121212121,0.6489190176560403,0.5163907216802848,False,2647.0,4.9119855170428214e-05,0.0005440402161361105,state_session=morning,1389.0,0.0005931482586796433,1.1812626895418323e-08,0.1858610248397794
FUT/CL,1h,state_session=morning + state_slope=downtrend,calendar_2026_ytd,ok,2026-01-02 05:00:00+00:00,2026-07-29 18:00:00+00:00,3247.0,635.0,0.00028946803762262575,0.48976377952755906,0.2259341409608104,0.8212526436418077,False,3247.0,-0.0010186029810650887,0.0013080710186877144,state_session=morning,1697.0,-0.0004658257108762706,0.0007552937484988963,0.6197900156259164
FUT/CL,1h,state_session=morning + state_slope=downtrend,latest_12m,ok,2025-07-29 18:00:00+00:00,2026-07-29 18:00:00+00:00,5686.0,965.0,0.00039332127193940396,0.49740932642487046,0.4360355735832565,0.6628109197204213,False,5686.0,-0.0005164675327502088,0.0009097888046896128,state_session=morning,2969.0,6.613880608698539e-05,0.00032718246585241857,0.9091625693890355
FUT/CL,1h,state_session=morning + state_slope=downtrend,latest_6m,ok,2026-01-29 18:00:00+00:00,2026-07-29 18:00:00+00:00,2827.0,573.0,0.0005320372436660245,0.4973821989528796,0.37874253912200373,0.7048790609182882,False,2827.0,-0.0009084102782105435,0.001440447521876568,state_session=morning,1470.0,-1.558087433860484e-05,0.0005476181180046293,0.9882894566853657
FUT/CL,1h,state_ext=stretched_down + state_slope=downtrend,all,ok,2025-07-16 04:00:00+00:00,2026-07-29 18:00:00+00:00,5894.0,600.0,0.0016753715086752841,0.5066666666666667,1.264813529258191,0.20593818035135492,False,5894.0,0.0001390878220024127,0.0015362836866728714,state_ext=stretched_down,646.0,0.0014267691337528966,0.0002486023749223875,0.3146585956529333
FUT/CL,1h,state_ext=stretched_down + state_slope=downtrend,calendar_2024,empty_window,,,,,,,,,,,,,,,,,
FUT/CL,1h,state_ext=stretched_down + state_slope=downtrend,calendar_2025,ok,2025-07-16 04:00:00+00:00,2025-12-31 21:00:00+00:00,2647.0,108.0,0.0009750637137431724,0.5092592592592593,0.85421508777259,0.39298582487348144,False,2647.0,-0.0004491198551704278,0.0014241835689136001,state_ext=stretched_down,116.0,0.0009878905252791502,-1.2826811535977811e-05,0.3571738786854066
FUT/CL,1h,state_ext=stretched_down + state_slope=downtrend,calendar_2026_ytd,ok,2026-01-02 05:00:00+00:00,2026-07-29 18:00:00+00:00,3247.0,492.0,0.0018290976100018442,0.5060975609756098,1.1460594672227273,0.2517705472521665,False,3247.0,0.0006186029810650883,0.0012104946289367559,state_ext=stretched_down,530.0,0.0015228255839094139,0.0003062720260924303,0.37118211598956163
FUT/CL,1h,state_ext=stretched_down + state_slope=downtrend,latest_12m,ok,2025-07-29 18:00:00+00:00,2026-07-29 18:00:00+00:00,5686.0,600.0,0.0016753715086752841,0.5066666666666667,1.264813529258191,0.20593818035135492,False,5686.0,0.00011646753275020907,0.001558903975925075,state_ext=stretched_down,640.0,0.0014294358568901118,0.00024593565178517235,0.3182687310430856
FUT/CL,1h,state_ext=stretched_down + state_slope=downtrend,latest_6m,ok,2026-01-29 18:00:00+00:00,2026-07-29 18:00:00+00:00,2827.0,467.0,0.002038397933328056,0.5182012847965739,1.2162372430194257,0.2238945602283251,False,2827.0,0.0005084102782105432,0.0015299876551175128,state_ext=stretched_down,503.0,0.0017163580765011534,0.0003220398568269025,0.33755922711715036
FUT/CL,1h,state_ext=neutral + state_vol=mid_vol,all,ok,2025-07-16 04:00:00+00:00,2026-07-29 18:00:00+00:00,5894.0,1375.0,-8.978088668643469e-06,0.4974545454545454,-0.02048444361947599,0.9836569216671791,False,5894.0,-0.0005390878220024125,0.000530109733333769,state_ext=neutral,4488.0,3.6138142780797807e-06,-1.259190294672325e-05,0.9922955180720381
FUT/CL,1h,state_ext=neutral + state_vol=mid_vol,calendar_2024,empty_window,,,,,,,,,,,,,,,,,
FUT/CL,1h,state_ext=neutral + state_vol=mid_vol,calendar_2025,ok,2025-07-16 04:00:00+00:00,2025-12-31 21:00:00+00:00,2647.0,772.0,0.0002591741134093946,0.5142487046632125,0.5492687880395827,0.582821003691752,False,2647.0,4.9119855170428214e-05,0.0002100542582389664,state_vol=mid_vol,810.0,0.0002629876792017812,-3.813565792386601e-06,0.5668002286909859
FUT/CL,1h,state_ext=neutral + state_vol=mid_vol,calendar_2026_ytd,ok,2026-01-02 05:00:00+00:00,2026-07-29 18:00:00+00:00,3247.0,603.0,-0.0003522840588249378,0.4759535655058043,-0.455894152954924,0.6484660943195233,False,3247.0,-0.0010186029810650887,0.0006663189222401509,state_ext=neutral,2035.0,-0.00016154566736427148,-0.0001907383914606663,0.8243045634537278
FUT/CL,1h,state_ext=neutral + state_vol=mid_vol,latest_12m,ok,2025-07-29 18:00:00+00:00,2026-07-29 18:00:00+00:00,5686.0,1375.0,-8.978088668643469e-06,0.4974545454545454,-0.02048444361947599,0.9836569216671791,False,5686.0,-0.0005164675327502088,0.0005074894440815653,state_ext=neutral,4308.0,5.484124736692679e-05,-6.381933603557027e-05,0.8869959287482307
FUT/CL,1h,state_ext=neutral + state_vol=mid_vol,latest_6m,ok,2026-01-29 18:00:00+00:00,2026-07-29 18:00:00+00:00,2827.0,458.0,0.00042637626754773485,0.5131004366812227,0.4698055587458063,0.6384939425926706,False,2827.0,-0.0009084102782105435,0.0013347865457582783,state_ext=neutral,1694.0,0.00024204081001735685,0.000184335457530378,0.7750809115820982
FUT/GC,1h,state_session=morning + state_ext=neutral,all,ok,2025-07-17 04:00:00+00:00,2026-07-29 18:00:00+00:00,5887.0,2856.0,-0.0001361278794120778,0.5091036414565826,-0.5020240808114051,0.615650582025409,False,5887.0,1.3237654491562255e-05,-0.00014936553390364004,state_ext=neutral,5410.0,3.2616317489375347e-05,-0.00016874419690145315,0.8721313480553163
FUT/GC,1h,state_session=morning + state_ext=neutral,calendar_2024,empty_window,,,,,,,,,,,,,,,,,
FUT/GC,1h,state_session=morning + state_ext=neutral,calendar_2025,ok,2025-07-17 04:00:00+00:00,2025-12-31 21:00:00+00:00,2636.0,1332.0,0.000317336991406391,0.5435435435435435,0.9646377402250836,0.3347262894291645,False,2636.0,0.000337671362606739,-2.033437120034802e-05,state_ext=neutral,2541.0,0.00036252693168081784,-4.5189940274426845e-05,0.11046448772998052
FUT/GC,1h,state_session=morning + state_ext=neutral,calendar_2026_ytd,ok,2026-01-02 05:00:00+00:00,2026-07-29 18:00:00+00:00,3251.0,1524.0,-0.0005324633176864876,0.479002624671916,-1.3011044360636863,0.19322270955296172,False,3251.0,-0.00024982209776669873,-0.0002826412199197889,state_ext=neutral,2869.0,-0.0002595770846230175,-0.0002728862330634701,0.41625755082037186
FUT/GC,1h,state_session=morning + state_ext=neutral,latest_12m,ok,2025-07-29 18:00:00+00:00,2026-07-29 18:00:00+00:00,5691.0,2760.0,-0.000137258589191498,0.5101449275362319,-0.4938725334287288,0.6213962034827436,False,5691.0,2.4311758788596278e-05,-0.00016157034798009427,state_ext=neutral,5233.0,4.54050218633454e-05,-0.0001826636110548434,0.8273930100620961
FUT/GC,1h,state_session=morning + state_ext=neutral,latest_6m,ok,2026-01-29 18:00:00+00:00,2026-07-29 18:00:00+00:00,2829.0,1325.0,-0.0005965252413384524,0.46641509433962264,-1.3521349289512092,0.17633215529857305,False,2829.0,-0.0006288362426407646,3.2311001302312244e-05,state_ext=neutral,2514.0,-0.0005538717892266648,-4.2653452111787596e-05,0.09136033730536885
FUT/NQ,1h,state_session=morning + state_ext=neutral,all,ok,2025-07-16 04:00:00+00:00,2026-07-29 18:00:00+00:00,5916.0,3018.0,-0.00015311823872841184,0.5155732273028496,-0.6618783977088282,0.5080491572794805,False,5916.0,-3.4668488841881234e-05,-0.0001184497498865306,state_ext=neutral,5715.0,-9.215271941344086e-05,-6.0965519314970987e-05,0.5390612293216392
FUT/NQ,1h,state_session=morning + state_ext=neutral,calendar_2024,empty_window,,,,,,,,,,,,,,,,,
FUT/NQ,1h,state_session=morning + state_ext=neutral,calendar_2025,ok,2025-07-16 04:00:00+00:00,2025-12-31 21:00:00+00:00,2660.0,1368.0,-0.00031375859292702256,0.49780701754385964,-1.0481945027298611,0.29454900279574625,False,2660.0,1.848160211059983e-05,-0.00033224019503762237,state_ext=neutral,2603.0,5.391894385052284e-06,-0.00031915048731207484,0.9768023600459443
FUT/NQ,1h,state_session=morning + state_ext=neutral,calendar_2026_ytd,ok,2026-01-02 05:00:00+00:00,2026-07-29 18:00:00+00:00,3256.0,1650.0,-1.993278142920005e-05,0.5303030303030303,-0.05953831742863256,0.9525233466988607,False,3256.0,-7.808963194188099e-05,5.8156850512680944e-05,state_session=morning,1701.0,7.903323982547569e-07,-2.0723113827454804e-05,0.998070308807766
FUT/NQ,1h,state_session=morning + state_ext=neutral,latest_12m,ok,2025-07-29 18:00:00+00:00,2026-07-29 18:00:00+00:00,5697.0,2910.0,-0.0001553157166475525,0.5189003436426117,-0.6490225508166935,0.516323800262519,False,5697.0,-4.618060898891737e-05,-0.00010913510765863513,state_ext=neutral,5515.0,-0.00010508243662321647,-5.023328002433603e-05,0.4976911833070312
FUT/NQ,1h,state_session=morning + state_ext=neutral,latest_6m,ok,2026-01-29 18:00:00+00:00,2026-07-29 18:00:00+00:00,2834.0,1429.0,-2.9046913778340368e-06,0.5311406578026592,-0.007871730058273954,0.9937193329824445,False,2834.0,-7.936383205757377e-05,7.645914067973973e-05,state_session=morning,1473.0,-3.767336776438126e-06,8.626453986040892e-07,0.9916701143661824
FUT/CL,1h,state_session=afternoon + state_slope=downtrend,all,ok,2025-07-16 04:00:00+00:00,2026-07-29 18:00:00+00:00,5894.0,803.0,0.0005684618228556236,0.49066002490660027,0.7101644543686684,0.47760216059723337,False,5894.0,0.0001390878220024127,0.0004293740008532109,state_session=afternoon,2289.0,0.0003667180435813576,0.00020174377927426604,0.5249111650991927
FUT/CL,1h,state_session=afternoon + state_slope=downtrend,calendar_2024,empty_window,,,,,,,,,,,,,,,,,
FUT/CL,1h,state_session=afternoon + state_slope=downtrend,calendar_2025,ok,2025-07-16 04:00:00+00:00,2025-12-31 21:00:00+00:00,2647.0,323.0,0.0006047983864948432,0.5294117647058824,1.3690730862785783,0.17097643021856745,False,2647.0,-0.0004491198551704278,0.001053918241665271,state_session=afternoon,1022.0,4.459336295021202e-05,0.0005602050235446312,0.8797367252205031
FUT/CL,1h,state_session=afternoon + state_slope=downtrend,calendar_2026_ytd,ok,2026-01-02 05:00:00+00:00,2026-07-29 18:00:00+00:00,3247.0,480.0,0.0005440103435733983,0.46458333333333335,0.4163314043671183,0.6771675155173948,False,3247.0,0.0006186029810650883,-7.459263749169003e-05,state_session=afternoon,1267.0,0.0006265534213280272,-8.254307775462893e-05,0.5396884373429958
FUT/CL,1h,state_session=afternoon + state_slope=downtrend,latest_12m,ok,2025-07-29 18:00:00+00:00,2026-07-29 18:00:00+00:00,5686.0,803.0,0.0005684618228556236,0.49066002490660027,0.7101644543686684,0.47760216059723337,False,5686.0,0.00011646753275020907,0.00045199429010541457,state_session=afternoon,2218.0,0.0003825538766744325,0.00018590794618119114,0.5233090066815846
FUT/CL,1h,state_session=afternoon + state_slope=downtrend,latest_6m,ok,2026-01-29 18:00:00+00:00,2026-07-29 18:00:00+00:00,2827.0,435.0,0.0007265272609231006,0.4666666666666667,0.5070350195968617,0.6121302471723387,False,2827.0,0.0005084102782105432,0.00021811698271255746,state_session=afternoon,1111.0,0.0008175119229337089,-9.098466201060823e-05,0.48313754179091095
FUT/CL,1h,state_session=lunch + state_slope=downtrend,all,ok,2025-07-16 04:00:00+00:00,2026-07-29 18:00:00+00:00,5894.0,196.0,0.0017457032331777706,0.5714285714285714,1.1065827026139847,0.2684743892467971,False,5894.0,0.0001390878220024127,0.001606615411175358,state_session=lunch,519.0,0.002404899269891109,-0.0006591960367133382,0.02690747899681245
FUT/CL,1h,state_session=lunch + state_slope=downtrend,calendar_2024,empty_window,,,,,,,,,,,,,,,,,
FUT/CL,1h,state_session=lunch + state_slope=downtrend,calendar_2025,ok,2025-07-16 04:00:00+00:00,2025-12-31 21:00:00+00:00,2647.0,74.0,-3.514394131270893e-06,0.527027027027027,-0.0059312625429671926,0.9952675649386604,False,2647.0,-0.0004491198551704278,0.0004456054610391569,state_session=lunch,236.0,0.0006147807531134945,-0.0006182951472447654,0.22923742816695825
FUT/CL,1h,state_session=lunch + state_slope=downtrend,calendar_2026_ytd,ok,2026-01-02 05:00:00+00:00,2026-07-29 18:00:00+00:00,3247.0,122.0,0.002806704089086534,0.5983606557377049,1.1265964579551881,0.259913137389743,False,3247.0,0.0006186029810650883,0.0021881011080214455,state_session=lunch,283.0,0.0038977189517268567,-0.0010910148626403228,0.04229156882232221
FUT/CL,1h,state_session=lunch + state_slope=downtrend,latest_12m,ok,2025-07-29 18:00:00+00:00,2026-07-29 18:00:00+00:00,5686.0,196.0,0.0017457032331777706,0.5714285714285714,1.1065827026139847,0.2684743892467971,False,5686.0,0.00011646753275020907,0.0016292357004275616,state_session=lunch,499.0,0.0024001924008538213,-0.0006544891676760506,0.03303247046198243
FUT/CL,1h,state_session=lunch + state_slope=downtrend,latest_6m,ok,2026-01-29 18:00:00+00:00,2026-07-29 18:00:00+00:00,2827.0,113.0,0.002750312755406899,0.5752212389380531,1.0231903373519007,0.3062178606506136,False,2827.0,0.0005084102782105432,0.002241902477196356,state_session=lunch,246.0,0.004447626930260594,-0.001697314174853695,0.04202089136187581
FUT/CL,1h,state_session=afternoon + state_slope=flat,all,ok,2025-07-16 04:00:00+00:00,2026-07-29 18:00:00+00:00,5894.0,505.0,-1.104192666275566e-05,0.4792079207920792,-0.01523544950972476,0.9878443403208879,False,5894.0,-0.0005390878220024125,0.0005280458953396568,state_slope=flat,1567.0,0.00025100353928300586,-0.0002620454659457615,0.6216977274882713
FUT/CL,1h,state_session=afternoon + state_slope=flat,calendar_2024,empty_window,,,,,,,,,,,,,,,,,
FUT/CL,1h,state_session=afternoon + state_slope=flat,calendar_2025,ok,2025-07-16 04:00:00+00:00,2025-12-31 21:00:00+00:00,2647.0,291.0,-0.00018777522043312317,0.5051546391752577,-0.38399999078057345,0.70097845433158,False,2647.0,4.9119855170428214e-05,-0.00023689507560355137,state_slope=flat,939.0,0.00044744392047184854,-0.0006352191409049717,0.3475132435913755
FUT/CL,1h,state_session=afternoon + state_slope=flat,calendar_2026_ytd,ok,2026-01-02 05:00:00+00:00,2026-07-29 18:00:00+00:00,3247.0,214.0,0.00022928231860442648,0.4439252336448598,0.14615770681280874,0.8837968920241219,False,3247.0,-0.0010186029810650887,0.0012478852996695151,state_slope=flat,628.0,-4.271862303598018e-05,0.00027200094164040665,0.9669151423485396
FUT/CL,1h,state_session=afternoon + state_slope=flat,latest_12m,ok,2025-07-29 18:00:00+00:00,2026-07-29 18:00:00+00:00,5686.0,505.0,-1.104192666275566e-05,0.4792079207920792,-0.01523544950972476,0.9878443403208879,False,5686.0,-0.0005164675327502088,0.0005054256060874531,state_slope=flat,1567.0,0.00025100353928300586,-0.0002620454659457615,0.6216977274882713
FUT/CL,1h,state_session=afternoon + state_slope=flat,latest_6m,ok,2026-01-29 18:00:00+00:00,2026-07-29 18:00:00+00:00,2827.0,195.0,8.785755206513137e-05,0.4256410256410256,0.051155540170180945,0.9592015792326323,False,2827.0,-0.0009084102782105435,0.000996267830275675,state_slope=flat,530.0,0.00029296169911794475,-0.00020510414705281337,0.7989025959743288
FUT/CL,1h,state_session=morning + state_ext=stretched_up,all,ok,2025-07-16 04:00:00+00:00,2026-07-29 18:00:00+00:00,5894.0,353.0,0.0005505935344526014,0.5269121813031161,0.27661925771762297,0.7820724759859639,False,5894.0,0.0001390878220024127,0.00041150571245018863,state_ext=stretched_up,741.0,0.0022995103410339856,-0.0017489168065813842,0.22306747762500345
FUT/CL,1h,state_session=morning + state_ext=stretched_up,calendar_2024,empty_window,,,,,,,,,,,,,,,,,
FUT/CL,1h,state_session=morning + state_ext=stretched_up,calendar_2025,ok,2025-07-16 04:00:00+00:00,2025-12-31 21:00:00+00:00,2647.0,31.0,-0.000643748110238997,0.4838709677419355,-0.2553560461987114,0.7984481156957874,False,2647.0,-0.0004491198551704278,-0.00019462825506856926,state_ext=stretched_up,59.0,0.0002911233177308975,-0.0009348714279698945,0.8735092015613584
FUT/CL,1h,state_session=morning + state_ext=stretched_up,calendar_2026_ytd,ok,2026-01-02 05:00:00+00:00,2026-07-29 18:00:00+00:00,3247.0,322.0,0.0006655767362707367,0.531055900621118,0.3074520506535146,0.7584993146625021,False,3247.0,0.0006186029810650883,4.697375520564841e-05,state_ext=stretched_up,682.0,0.0024732564324927574,-0.0018076796962220205,0.2255016941452055
FUT/CL,1h,state_session=morning + state_ext=stretched_up,latest_12m,ok,2025-07-29 18:00:00+00:00,2026-07-29 18:00:00+00:00,5686.0,352.0,0.000549324556591117,0.5255681818181818,0.27519468011378584,0.7831666738963257,False,5686.0,0.00011646753275020907,0.0004328570238409079,state_ext=stretched_up,738.0,0.0023128069599793184,-0.0017634824033882016,0.2222454335763162
FUT/CL,1h,state_session=morning + state_ext=stretched_up,latest_6m,ok,2026-01-29 18:00:00+00:00,2026-07-29 18:00:00+00:00,2827.0,299.0,0.0006161789814428377,0.5284280936454849,0.265078030479426,0.7909493512677381,False,2827.0,0.0005084102782105432,0.0001077687032322945,state_ext=stretched_up,630.0,0.002637404565381791,-0.0020212255839389534,0.23157017139628788
FUT/NQ,1h,state_ext=stretched_up + state_slope=uptrend,all,ok,2025-07-16 04:00:00+00:00,2026-07-29 18:00:00+00:00,5916.0,74.0,0.0019009811976291088,0.6486486486486487,2.4630126178115233,0.013777506719419463,True,5916.0,-3.4668488841881234e-05,0.00193564968647099,state_ext=stretched_up,75.0,0.0017969781115399627,0.00010400308608914609,0.022175921789444608
FUT/NQ,1h,state_ext=stretched_up + state_slope=uptrend,calendar_2024,empty_window,,,,,,,,,,,,,,,,,
FUT/NQ,1h,state_ext=stretched_up + state_slope=uptrend,calendar_2025,ok,2025-07-16 04:00:00+00:00,2025-12-31 21:00:00+00:00,2660.0,6.0,0.000582575602383706,0.6666666666666666,1.4491829137604708,0.14728650781929353,False,2660.0,1.848160211059983e-05,0.0005640940002731061,state_ext=stretched_up,6.0,0.000582575602383706,0.0,0.14728650781929353
FUT/NQ,1h,state_ext=stretched_up + state_slope=uptrend,calendar_2026_ytd,ok,2026-01-02 05:00:00+00:00,2026-07-29 18:00:00+00:00,3256.0,68.0,0.002017311103091938,0.6470588235294118,2.4177157963140505,0.015618270052238703,True,3256.0,-7.808963194188099e-05,0.0020954007350338193,state_ext=stretched_up,69.0,0.0019025783297274633,0.00011473277336447488,0.02510433393519662
FUT/NQ,1h,state_ext=stretched_up + state_slope=uptrend,latest_12m,ok,2025-07-29 18:00:00+00:00,2026-07-29 18:00:00+00:00,5697.0,74.0,0.0019009811976291088,0.6486486486486487,2.4630126178115233,0.013777506719419463,True,5697.0,-4.618060898891737e-05,0.001947161806618026,state_ext=stretched_up,75.0,0.0017969781115399627,0.00010400308608914609,0.022175921789444608
FUT/NQ,1h,state_ext=stretched_up + state_slope=uptrend,latest_6m,ok,2026-01-29 18:00:00+00:00,2026-07-29 18:00:00+00:00,2834.0,67.0,0.002076165047524753,0.6567164179104478,2.4387358294403136,0.01473873826525196,True,2834.0,-7.936383205757377e-05,0.0021555288795823265,state_ext=stretched_up,68.0,0.001958879528310318,0.00011728551921443486,0.023750630463039712
FUT/CL,1h,state_session=afternoon + state_ext=neutral,all,ok,2025-07-16 04:00:00+00:00,2026-07-29 18:00:00+00:00,5894.0,1745.0,-0.00017155933784404102,0.46934097421203436,-0.4185242123026884,0.6755638878110137,False,5894.0,0.0001390878220024127,-0.0003106471598464537,state_session=afternoon,2289.0,0.0003667180435813576,-0.0005382773814253986,0.5249111650991927
FUT/CL,1h,state_session=afternoon + state_ext=neutral,calendar_2024,empty_window,,,,,,,,,,,,,,,,,
FUT/CL,1h,state_session=afternoon + state_ext=neutral,calendar_2025,ok,2025-07-16 04:00:00+00:00,2025-12-31 21:00:00+00:00,2647.0,955.0,-0.00010684782636834963,0.45549738219895286,-0.3710792642690087,0.7105784949154526,False,2647.0,-0.0004491198551704278,0.00034227202880207815,state_session=afternoon,1022.0,4.459336295021202e-05,-0.00015144118931856166,0.8797367252205031
FUT/CL,1h,state_session=afternoon + state_ext=neutral,calendar_2026_ytd,ok,2026-01-02 05:00:00+00:00,2026-07-29 18:00:00+00:00,3247.0,790.0,-0.00024978654475452886,0.4860759493670886,-0.3036272702616492,0.7614118731621375,False,3247.0,0.0006186029810650883,-0.0008683895258196172,state_session=afternoon,1267.0,0.0006265534213280272,-0.000876339966082556,0.5396884373429958
FUT/CL,1h,state_session=afternoon + state_ext=neutral,latest_12m,ok,2025-07-29 18:00:00+00:00,2026-07-29 18:00:00+00:00,5686.0,1680.0,-0.00017160200154879595,0.46904761904761905,-0.40466506615457326,0.6857237239390834,False,5686.0,0.00011646753275020907,-0.000288069534299005,state_session=afternoon,2218.0,0.0003825538766744325,-0.0005541558782232285,0.5233090066815846
FUT/CL,1h,state_session=afternoon + state_ext=neutral,latest_6m,ok,2026-01-29 18:00:00+00:00,2026-07-29 18:00:00+00:00,2827.0,668.0,-0.0002481440355750353,0.48353293413173654,-0.257424773767843,0.7968508804280159,False,2827.0,0.0005084102782105432,-0.0007565543137855785,state_session=afternoon,1111.0,0.0008175119229337089,-0.0010656559585087442,0.48313754179091095
FUT/NQ,1h,state_ext=stretched_up + state_vol=high_vol,all,ok,2025-07-16 04:00:00+00:00,2026-07-29 18:00:00+00:00,5916.0,75.0,0.0017969781115399627,0.64,2.2873410916452115,0.022175921789444608,True,5916.0,-3.4668488841881234e-05,0.001831646600381844,state_ext=stretched_up,75.0,0.0017969781115399627,0.0,0.022175921789444608
FUT/NQ,1h,state_ext=stretched_up + state_vol=high_vol,calendar_2024,empty_window,,,,,,,,,,,,,,,,,
FUT/NQ,1h,state_ext=stretched_up + state_vol=high_vol,calendar_2025,ok,2025-07-16 04:00:00+00:00,2025-12-31 21:00:00+00:00,2660.0,6.0,0.000582575602383706,0.6666666666666666,1.4491829137604708,0.14728650781929353,False,2660.0,1.848160211059983e-05,0.0005640940002731061,state_ext=stretched_up,6.0,0.000582575602383706,0.0,0.14728650781929353
FUT/NQ,1h,state_ext=stretched_up + state_vol=high_vol,calendar_2026_ytd,ok,2026-01-02 05:00:00+00:00,2026-07-29 18:00:00+00:00,3256.0,69.0,0.0019025783297274633,0.6376811594202898,2.2397934711680842,0.02510433393519662,True,3256.0,-7.808963194188099e-05,0.001980667961669344,state_ext=stretched_up,69.0,0.0019025783297274633,0.0,0.02510433393519662
FUT/NQ,1h,state_ext=stretched_up + state_vol=high_vol,latest_12m,ok,2025-07-29 18:00:00+00:00,2026-07-29 18:00:00+00:00,5697.0,75.0,0.0017969781115399627,0.64,2.2873410916452115,0.022175921789444608,True,5697.0,-4.618060898891737e-05,0.00184315872052888,state_ext=stretched_up,75.0,0.0017969781115399627,0.0,0.022175921789444608
FUT/NQ,1h,state_ext=stretched_up + state_vol=high_vol,latest_6m,ok,2026-01-29 18:00:00+00:00,2026-07-29 18:00:00+00:00,2834.0,68.0,0.001958879528310318,0.6470588235294118,2.2611393320230815,0.023750630463039712,True,2834.0,-7.936383205757377e-05,0.0020382433603678917,state_ext=stretched_up,68.0,0.001958879528310318,0.0,0.023750630463039712
FUT/GC,1h,state_session=lunch + state_ext=stretched_up,all,ok,2025-07-17 04:00:00+00:00,2026-07-29 18:00:00+00:00,5887.0,16.0,0.00382605200320829,0.625,2.4324921824721115,0.014995315211853377,True,5887.0,1.3237654491562255e-05,0.0038128143487167277,state_session=lunch,517.0,0.000560936333859554,0.003265115669348736,0.2515726272951131
FUT/GC,1h,state_session=lunch + state_ext=stretched_up,calendar_2024,empty_window,,,,,,,,,,,,,,,,,
FUT/GC,1h,state_session=lunch + state_ext=stretched_up,calendar_2025,ok,2025-07-17 04:00:00+00:00,2025-12-31 21:00:00+00:00,2636.0,4.0,0.0007598755889041466,0.5,0.4897657840534948,0.6242996453425831,False,2636.0,0.000337671362606739,0.0004222042262974076,state_session=lunch,234.0,0.0004872849714947022,0.0002725906174094444,0.27053584488546534
FUT/GC,1h,state_session=lunch + state_ext=stretched_up,calendar_2026_ytd,ok,2026-01-02 05:00:00+00:00,2026-07-29 18:00:00+00:00,3251.0,12.0,0.004848110807976337,0.6666666666666666,2.6753966293066584,0.007464088722634266,False,3251.0,-0.00024982209776669873,0.005097932905743036,state_session=lunch,283.0,0.0006218353401965695,0.004226275467779768,0.4417078516485953
FUT/GC,1h,state_session=lunch + state_ext=stretched_up,latest_12m,ok,2025-07-29 18:00:00+00:00,2026-07-29 18:00:00+00:00,5691.0,16.0,0.00382605200320829,0.625,2.4324921824721115,0.014995315211853377,True,5691.0,2.4311758788596278e-05,0.0038017402444196938,state_session=lunch,499.0,0.0005908413549176155,0.0032352106482906743,0.243361433619266
FUT/GC,1h,state_session=lunch + state_ext=stretched_up,latest_6m,ok,2026-01-29 18:00:00+00:00,2026-07-29 18:00:00+00:00,2829.0,9.0,0.0038507687213230387,0.5555555555555556,2.2194941712311884,0.02645312332804406,False,2829.0,-0.0006288362426407646,0.004479604963963804,state_session=lunch,246.0,-0.00028583982749346814,0.004136608548816507,0.6929654274321684
FUT/CL,1h,state_ext=stretched_up + state_slope=downtrend,all,ok,2025-07-16 04:00:00+00:00,2026-07-29 18:00:00+00:00,5894.0,20.0,0.005615109201303347,0.65,1.6274653374981984,0.10363830461502,False,5894.0,-0.0005390878220024125,0.00615419702330576,state_slope=downtrend,1964.0,-0.0004168419806692382,0.006031951181972585,0.5201874748014406
FUT/CL,1h,state_ext=stretched_up + state_slope=downtrend,calendar_2024,empty_window,,,,,,,,,,,,,,,,,
FUT/CL,1h,state_ext=stretched_up + state_slope=downtrend,calendar_2025,ok,2025-07-16 04:00:00+00:00,2025-12-31 21:00:00+00:00,2647.0,0.0,,,,,False,2647.0,4.9119855170428214e-05,,state_slope=downtrend,727.0,-0.00021753368657628964,,0.6724618779846963
FUT/CL,1h,state_ext=stretched_up + state_slope=downtrend,calendar_2026_ytd,ok,2026-01-02 05:00:00+00:00,2026-07-29 18:00:00+00:00,3247.0,20.0,0.005615109201303347,0.65,1.6274653374981984,0.10363830461502,False,3247.0,-0.0010186029810650887,0.006633712182368436,state_slope=downtrend,1237.0,-0.0005339778980545038,0.006149087099357851,0.5848584209130343
FUT/CL,1h,state_ext=stretched_up + state_slope=downtrend,latest_12m,ok,2025-07-29 18:00:00+00:00,2026-07-29 18:00:00+00:00,5686.0,20.0,0.005615109201303347,0.65,1.6274653374981984,0.10363830461502,False,5686.0,-0.0005164675327502088,0.006131576734053556,state_slope=downtrend,1964.0,-0.0004168419806692382,0.006031951181972585,0.5201874748014406
FUT/CL,1h,state_ext=stretched_up + state_slope=downtrend,latest_6m,ok,2026-01-29 18:00:00+00:00,2026-07-29 18:00:00+00:00,2827.0,20.0,0.005615109201303347,0.65,1.6274653374981984,0.10363830461502,False,2827.0,-0.0009084102782105435,0.006523519479513891,state_slope=downtrend,1121.0,-0.0004827541117233688,0.006097863313026716,0.6513129689003565
FUT/CL,1h,state_ext=stretched_down + state_slope=flat,all,ok,2025-07-16 04:00:00+00:00,2026-07-29 18:00:00+00:00,5894.0,28.0,-0.0013018436868379461,0.35714285714285715,-0.19621611358590876,0.844441016386559,False,5894.0,-0.0005390878220024125,-0.0007627558648355336,state_slope=flat,1567.0,0.00025100353928300586,-0.001552847226120952,0.6216977274882713
FUT/CL,1h,state_ext=stretched_down + state_slope=flat,calendar_2024,empty_window,,,,,,,,,,,,,,,,,
FUT/CL,1h,state_ext=stretched_down + state_slope=flat,calendar_2025,ok,2025-07-16 04:00:00+00:00,2025-12-31 21:00:00+00:00,2647.0,2.0,-0.0016172539267096052,0.5,-0.43286510337071654,0.665112773220967,False,2647.0,4.9119855170428214e-05,-0.0016663737818800334,state_slope=flat,939.0,0.00044744392047184854,-0.0020646978471814538,0.3475132435913755
FUT/CL,1h,state_ext=stretched_down + state_slope=flat,calendar_2026_ytd,ok,2026-01-02 05:00:00+00:00,2026-07-29 18:00:00+00:00,3247.0,26.0,-0.0012775813606939724,0.34615384615384615,-0.18392374672984846,0.8540732753952975,False,3247.0,-0.0010186029810650887,-0.00025897837962888365,state_slope=flat,628.0,-4.271862303598018e-05,-0.0012348627376579922,0.9669151423485396
FUT/CL,1h,state_ext=stretched_down + state_slope=flat,latest_12m,ok,2025-07-29 18:00:00+00:00,2026-07-29 18:00:00+00:00,5686.0,28.0,-0.0013018436868379461,0.35714285714285715,-0.19621611358590876,0.844441016386559,False,5686.0,-0.0005164675327502088,-0.0007853761540877373,state_slope=flat,1567.0,0.00025100353928300586,-0.001552847226120952,0.6216977274882713
FUT/CL,1h,state_ext=stretched_down + state_slope=flat,latest_6m,ok,2026-01-29 18:00:00+00:00,2026-07-29 18:00:00+00:00,2827.0,25.0,-0.001400259504042073,0.32,-0.19351213899499276,0.8465579001866741,False,2827.0,-0.0009084102782105435,-0.0004918492258315296,state_slope=flat,530.0,0.00029296169911794475,-0.0016932212031600179,0.7989025959743288
FUT/NQ,1h,state_session=lunch + state_ext=stretched_down,all,ok,2025-07-16 04:00:00+00:00,2026-07-29 18:00:00+00:00,5916.0,21.0,0.0012577628442427258,0.6666666666666666,0.7002376187417826,0.4837789220148143,False,5916.0,-3.4668488841881234e-05,0.0012924313330846071,state_ext=stretched_down,107.0,0.0016978070112306475,-0.00044004416698792165,0.10783947301955532
FUT/NQ,1h,state_session=lunch + state_ext=stretched_down,calendar_2024,empty_window,,,,,,,,,,,,,,,,,
FUT/NQ,1h,state_session=lunch + state_ext=stretched_down,calendar_2025,ok,2025-07-16 04:00:00+00:00,2025-12-31 21:00:00+00:00,2660.0,6.0,-0.0016443642957819672,0.5,-0.7714539924743294,0.4404378825379427,False,2660.0,1.848160211059983e-05,-0.001662845897892567,state_ext=stretched_down,32.0,0.00082860012573541,-0.0024729644215173772,0.6688771006536909
FUT/NQ,1h,state_session=lunch + state_ext=stretched_down,calendar_2026_ytd,ok,2026-01-02 05:00:00+00:00,2026-07-29 18:00:00+00:00,3256.0,15.0,0.0024186137002526033,0.7333333333333333,1.0974093846006827,0.2724624728410876,False,3256.0,-7.808963194188099e-05,0.0024967033321944845,state_ext=stretched_down,75.0,0.0020686686157086157,0.00034994508454398764,0.09816889148590091
FUT/NQ,1h,state_session=lunch + state_ext=stretched_down,latest_12m,ok,2025-07-29 18:00:00+00:00,2026-07-29 18:00:00+00:00,5697.0,21.0,0.0012577628442427258,0.6666666666666666,0.7002376187417826,0.4837789220148143,False,5697.0,-4.618060898891737e-05,0.001303943453231643,state_ext=stretched_down,107.0,0.0016978070112306475,-0.00044004416698792165,0.10783947301955532
FUT/NQ,1h,state_session=lunch + state_ext=stretched_down,latest_6m,ok,2026-01-29 18:00:00+00:00,2026-07-29 18:00:00+00:00,2834.0,15.0,0.0024186137002526033,0.7333333333333333,1.0974093846006827,0.2724624728410876,False,2834.0,-7.936383205757377e-05,0.002497977532310177,state_ext=stretched_down,68.0,0.0017576208576142098,0.0006609928426383935,0.18450266589093078
FUT/GC,1h,state_ext=neutral + state_vol=mid_vol,all,ok,2025-07-17 04:00:00+00:00,2026-07-29 18:00:00+00:00,5887.0,2140.0,-0.00010222264003947691,0.4747663551401869,-0.43739063470853884,0.6618280748837371,False,5887.0,1.3237654491562255e-05,-0.00011546029453103917,state_ext=neutral,5410.0,3.2616317489375347e-05,-0.00013483895752885227,0.8721313480553163
FUT/GC,1h,state_ext=neutral + state_vol=mid_vol,calendar_2024,empty_window,,,,,,,,,,,,,,,,,
FUT/GC,1h,state_ext=neutral + state_vol=mid_vol,calendar_2025,ok,2025-07-17 04:00:00+00:00,2025-12-31 21:00:00+00:00,2636.0,709.0,0.0006367935670123735,0.535966149506347,1.9424920745745187,0.05207755846336948,False,2636.0,0.000337671362606739,0.00029912220440563454,state_vol=mid_vol,709.0,0.0006367935670123735,0.0,0.05207755846336948
FUT/GC,1h,state_ext=neutral + state_vol=mid_vol,calendar_2026_ytd,ok,2026-01-02 05:00:00+00:00,2026-07-29 18:00:00+00:00,3251.0,1431.0,-0.0004683739264124763,0.4444444444444444,-1.5361894445461735,0.12449192407327492,False,3251.0,-0.00024982209776669873,-0.00021855182864577758,state_ext=neutral,2869.0,-0.0002595770846230175,-0.0002087968417894588,0.41625755082037186
FUT/GC,1h,state_ext=neutral + state_vol=mid_vol,latest_12m,ok,2025-07-29 18:00:00+00:00,2026-07-29 18:00:00+00:00,5691.0,2140.0,-0.00010222264003947691,0.4747663551401869,-0.43739063470853884,0.6618280748837371,False,5691.0,2.4311758788596278e-05,-0.0001265343988280732,state_ext=neutral,5233.0,4.54050218633454e-05,-0.00014762766190282232,0.8273930100620961
FUT/GC,1h,state_ext=neutral + state_vol=mid_vol,latest_6m,ok,2026-01-29 18:00:00+00:00,2026-07-29 18:00:00+00:00,2829.0,1241.0,-0.0006560087894639011,0.43271555197421435,-1.9627588291770002,0.04967420378199927,False,2829.0,-0.0006288362426407646,-2.717254682313647e-05,state_ext=neutral,2514.0,-0.0005538717892266648,-0.00010213700023723631,0.09136033730536885
FUT/ZN,1h,state_session=morning + state_ext=neutral,all,ok,2025-07-17 04:00:00+00:00,2026-07-29 18:00:00+00:00,5817.0,3066.0,-0.00017148409641740123,0.42824527071102414,-3.1671584475903227,0.0015393641994436713,False,5817.0,-0.00021521869212025365,4.3734595702852415e-05,state_session=morning,3078.0,-0.00017016865805435612,-1.3154383630451059e-06,0.0016116213006296398
FUT/ZN,1h,state_session=morning + state_ext=neutral,calendar_2024,empty_window,,,,,,,,,,,,,,,,,
FUT/ZN,1h,state_session=morning + state_ext=neutral,calendar_2025,ok,2025-07-17 04:00:00+00:00,2025-12-31 21:00:00+00:00,2558.0,1368.0,-8.876185043060174e-05,0.4502923976608187,-1.1183994907934376,0.26339641172217965,False,2558.0,-0.00016727174605625871,7.850989562565697e-05,state_session=morning,1380.0,-8.654717482943413e-05,-2.21467560116761e-06,0.27180709759983745
FUT/ZN,1h,state_session=morning + state_ext=neutral,calendar_2026_ytd,ok,2026-01-02 05:00:00+00:00,2026-07-29 18:00:00+00:00,3259.0,1698.0,-0.00023812958081666016,0.41048292108362777,-3.302780562696028,0.0009573126907449492,False,3259.0,-0.0002528524104484829,1.472282963182274e-05,state_session=morning,1698.0,-0.00023812958081666016,0.0,0.0009573126907449492
FUT/ZN,1h,state_session=morning + state_ext=neutral,latest_12m,ok,2025-07-29 18:00:00+00:00,2026-07-29 18:00:00+00:00,5631.0,2970.0,-0.00018409227964773217,0.4249158249158249,-3.3425189455793154,0.0008302168770579765,False,5631.0,-0.000222974926190162,3.888264654242982e-05,state_session=morning,2970.0,-0.00018409227964773217,0.0,0.0008302168770579765
FUT/ZN,1h,state_session=morning + state_ext=neutral,latest_6m,ok,2026-01-29 18:00:00+00:00,2026-07-29 18:00:00+00:00,2837.0,1470.0,-0.0002350915126512747,0.4108843537414966,-2.9004051650445577,0.003726805917428244,False,2837.0,-0.00025320086204392585,1.8109349392651163e-05,state_session=morning,1470.0,-0.0002350915126512747,0.0,0.003726805917428244
FUT/NQ,1h,state_ext=neutral + state_vol=high_vol,all,ok,2025-07-16 04:00:00+00:00,2026-07-29 18:00:00+00:00,5916.0,2643.0,0.00016487515236697302,0.5486189935679152,0.6702350719791456,0.5027079496521822,False,5916.0,-3.4668488841881234e-05,0.00019954364120885427,state_vol=high_vol,2815.0,0.00025934673766298135,-9.447158529600833e-05,0.2836224846518889
FUT/NQ,1h,state_ext=neutral + state_vol=high_vol,calendar_2024,empty_window,,,,,,,,,,,,,,,,,
FUT/NQ,1h,state_ext=neutral + state_vol=high_vol,calendar_2025,ok,2025-07-16 04:00:00+00:00,2025-12-31 21:00:00+00:00,2660.0,1047.0,7.957624934112012e-05,0.5587392550143266,0.23039802636582998,0.8177824946391599,False,2660.0,1.848160211059983e-05,6.10946472305203e-05,state_vol=high_vol,1085.0,0.00010444883935298446,-2.4872590011864332e-05,0.7654300179362923
FUT/NQ,1h,state_ext=neutral + state_vol=high_vol,calendar_2026_ytd,ok,2026-01-02 05:00:00+00:00,2026-07-29 18:00:00+00:00,3256.0,1596.0,0.00022083251544220364,0.5419799498746867,0.667336661426902,0.5045571137305378,False,3256.0,-7.808963194188099e-05,0.0002989221473840846,state_vol=high_vol,1730.0,0.0003564936854469969,-0.00013566117000479326,0.26194268678216703
FUT/NQ,1h,state_ext=neutral + state_vol=high_vol,latest_12m,ok,2025-07-29 18:00:00+00:00,2026-07-29 18:00:00+00:00,5697.0,2643.0,0.00016487515236697302,0.5486189935679152,0.6702350719791456,0.5027079496521822,False,5697.0,-4.618060898891737e-05,0.0002110557613558904,state_vol=high_vol,2815.0,0.00025934673766298135,-9.447158529600833e-05,0.2836224846518889
FUT/NQ,1h,state_ext=neutral + state_vol=high_vol,latest_6m,ok,2026-01-29 18:00:00+00:00,2026-07-29 18:00:00+00:00,2834.0,1450.0,0.0001590634929086555,0.5337931034482759,0.44567577930753427,0.6558314627691513,False,2834.0,-7.936383205757377e-05,0.00023842732496622926,state_vol=high_vol,1576.0,0.0002926531860460818,-0.0001335896931374263,0.39269938614508737
FUT/ZN,1h,state_ext=neutral + state_vol=high_vol,all,ok,2025-07-17 04:00:00+00:00,2026-07-29 18:00:00+00:00,5817.0,2089.0,-0.0001686795429703247,0.4346577309717568,-3.0073357755159544,0.002635484808077848,False,5817.0,-0.00018478130787974643,1.610176490942172e-05,state_vol=high_vol,2089.0,-0.0001686795429703247,0.0,0.002635484808077848
FUT/ZN,1h,state_ext=neutral + state_vol=high_vol,calendar_2024,empty_window,,,,,,,,,,,,,,,,,
FUT/ZN,1h,state_ext=neutral + state_vol=high_vol,calendar_2025,ok,2025-07-17 04:00:00+00:00,2025-12-31 21:00:00+00:00,2558.0,731.0,-0.00017172032965701763,0.4076607387140903,-2.464085709922397,0.013736325956315465,False,2558.0,-0.00023272825394374133,6.1007924286723703e-05,state_vol=high_vol,731.0,-0.00017172032965701763,0.0,0.013736325956315465
FUT/ZN,1h,state_ext=neutral + state_vol=high_vol,calendar_2026_ytd,ok,2026-01-02 05:00:00+00:00,2026-07-29 18:00:00+00:00,3259.0,1358.0,-0.0001670427130233641,0.4491899852724595,-2.15215097667978,0.03138546529320929,False,3259.0,-0.00014714758955151723,-1.9895123471846867e-05,state_ext=neutral,3259.0,-0.00014714758955151723,-1.9895123471846867e-05,0.0019867489755971413
FUT/ZN,1h,state_ext=neutral + state_vol=high_vol,latest_12m,ok,2025-07-29 18:00:00+00:00,2026-07-29 18:00:00+00:00,5631.0,2089.0,-0.0001686795429703247,0.4346577309717568,-3.0073357755159544,0.002635484808077848,False,5631.0,-0.00017702507380983805,8.34553083951334e-06,state_vol=high_vol,2089.0,-0.0001686795429703247,0.0,0.002635484808077848
FUT/ZN,1h,state_ext=neutral + state_vol=high_vol,latest_6m,ok,2026-01-29 18:00:00+00:00,2026-07-29 18:00:00+00:00,2837.0,1324.0,-0.00018106926386851217,0.4425981873111782,-2.2939074694485644,0.0217958142863246,False,2837.0,-0.00014679913795607416,-3.427012591243801e-05,state_ext=neutral,2837.0,-0.00014679913795607416,-3.427012591243801e-05,0.005865829085897278
FUT/ZN,1h,state_ext=neutral + state_vol=low_vol,all,ok,2025-07-17 04:00:00+00:00,2026-07-29 18:00:00+00:00,5817.0,1741.0,-0.00020067294413289471,0.40493968983342904,-3.443054119238718,0.0005751841983610007,False,5817.0,-0.00021521869212025365,1.4545747987358931e-05,state_vol=low_vol,1741.0,-0.00020067294413289471,0.0,0.0005751841983610007
FUT/ZN,1h,state_ext=neutral + state_vol=low_vol,calendar_2024,empty_window,,,,,,,,,,,,,,,,,
FUT/ZN,1h,state_ext=neutral + state_vol=low_vol,calendar_2025,ok,2025-07-17 04:00:00+00:00,2025-12-31 21:00:00+00:00,2558.0,891.0,-0.00014360282012790566,0.40852974186307517,-1.719401278521556,0.08554132960592153,False,2558.0,-0.00016727174605625871,2.366892592835305e-05,state_vol=low_vol,891.0,-0.00014360282012790566,0.0,0.08554132960592153
FUT/ZN,1h,state_ext=neutral + state_vol=low_vol,calendar_2026_ytd,ok,2026-01-02 05:00:00+00:00,2026-07-29 18:00:00+00:00,3259.0,850.0,-0.000260495862354595,0.4011764705882353,-3.330850370857348,0.0008658112822077513,False,3259.0,-0.0002528524104484829,-7.64345190611208e-06,state_ext=neutral,3259.0,-0.0002528524104484829,-7.64345190611208e-06,1.0752726309348759e-07
FUT/ZN,1h,state_ext=neutral + state_vol=low_vol,latest_12m,ok,2025-07-29 18:00:00+00:00,2026-07-29 18:00:00+00:00,5631.0,1741.0,-0.00020067294413289471,0.40493968983342904,-3.443054119238718,0.0005751841983610007,False,5631.0,-0.000222974926190162,2.2301982057267283e-05,state_vol=low_vol,1741.0,-0.00020067294413289471,0.0,0.0005751841983610007
FUT/ZN,1h,state_ext=neutral + state_vol=low_vol,latest_6m,ok,2026-01-29 18:00:00+00:00,2026-07-29 18:00:00+00:00,2837.0,624.0,-0.0002654651816607854,0.40544871794871795,-2.6322568533386517,0.008481971128130983,False,2837.0,-0.00025320086204392585,-1.2264319616859566e-05,state_ext=neutral,2837.0,-0.00025320086204392585,-1.2264319616859566e-05,2.01233530949807e-06
FUT/ES,1h,state_ext=stretched_down + state_vol=high_vol,all,ok,2025-07-16 04:00:00+00:00,2026-07-29 18:00:00+00:00,5912.0,28.0,0.0034665487333354985,0.7142857142857143,2.9868543974293305,0.0028186393068789783,True,5912.0,-5.6376211756481216e-05,0.0035229249450919797,state_ext=stretched_down,29.0,0.003589098774983831,-0.0001225500416483327,0.0016713296022323743
FUT/ES,1h,state_ext=stretched_down + state_vol=high_vol,calendar_2024,empty_window,,,,,,,,,,,,,,,,,
FUT/ES,1h,state_ext=stretched_down + state_vol=high_vol,calendar_2025,ok,2025-07-16 04:00:00+00:00,2025-12-31 21:00:00+00:00,2657.0,12.0,0.0023231583757507153,0.5833333333333334,1.2538554044883377,0.20989456681072372,False,2657.0,-6.620308925172414e-06,0.002329778684675888,state_ext=stretched_down,12.0,0.0023231583757507153,0.0,0.20989456681072372
FUT/ES,1h,state_ext=stretched_down + state_vol=high_vol,calendar_2026_ytd,ok,2026-01-02 05:00:00+00:00,2026-07-29 18:00:00+00:00,3255.0,16.0,0.0043240915015240865,0.8125,2.9401215237553093,0.003280835435054641,True,3255.0,-9.699109157915024e-05,0.0044210825931032365,state_ext=stretched_down,17.0,0.004482703762677796,-0.00015861226115370958,0.0012518471108380336
FUT/ES,1h,state_ext=stretched_down + state_vol=high_vol,latest_12m,ok,2025-07-29 18:00:00+00:00,2026-07-29 18:00:00+00:00,5693.0,28.0,0.0034665487333354985,0.7142857142857143,2.9868543974293305,0.0028186393068789783,True,5693.0,-6.945359989211484e-05,0.0035360023332276134,state_ext=stretched_down,29.0,0.003589098774983831,-0.0001225500416483327,0.0016713296022323743
FUT/ES,1h,state_ext=stretched_down + state_vol=high_vol,latest_6m,ok,2026-01-29 18:00:00+00:00,2026-07-29 18:00:00+00:00,2833.0,15.0,0.004367874745386254,0.8,2.814710555905178,0.00488211838131436,True,2833.0,-9.510092740503769e-05,0.004462975672791292,state_ext=stretched_down,16.0,0.004533663820120685,-0.00016578907473443084,0.0018438736088839391
FUT/ZN,1h,state_session=afternoon + state_ext=neutral,all,ok,2025-07-17 04:00:00+00:00,2026-07-29 18:00:00+00:00,5817.0,2217.0,-0.0001526307600983611,0.41136671177266576,-4.486356886814929,7.245134367339645e-06,False,5817.0,-0.00018478130787974643,3.2150547781385324e-05,state_session=afternoon,2222.0,-0.00015445420920524698,1.8234491068858756e-06,5.550562971468054e-06
FUT/ZN,1h,state_session=afternoon + state_ext=neutral,calendar_2024,empty_window,,,,,,,,,,,,,,,,,
FUT/ZN,1h,state_session=afternoon + state_ext=neutral,calendar_2025,ok,2025-07-17 04:00:00+00:00,2025-12-31 21:00:00+00:00,2558.0,939.0,-0.00017063671635092446,0.40468583599574015,-4.006356871422268,6.166246186101176e-05,False,2558.0,-0.00023272825394374133,6.209153759281687e-05,state_session=afternoon,944.0,-0.00017483340505244734,4.196688701522879e-06,4.0125303394145106e-05
FUT/ZN,1h,state_session=afternoon + state_ext=neutral,calendar_2026_ytd,ok,2026-01-02 05:00:00+00:00,2026-07-29 18:00:00+00:00,3259.0,1278.0,-0.0001394010316780505,0.4162754303599374,-2.8160507494016906,0.0048617986105989885,False,3259.0,-0.00014714758955151723,7.746557873466732e-06,state_session=afternoon,1278.0,-0.0001394010316780505,0.0,0.0048617986105989885
FUT/ZN,1h,state_session=afternoon + state_ext=neutral,latest_12m,ok,2025-07-29 18:00:00+00:00,2026-07-29 18:00:00+00:00,5631.0,2162.0,-0.00015368702516474665,0.408418131359852,-4.44532867275532,8.775759519963344e-06,False,5631.0,-0.00017702507380983805,2.33380486450914e-05,state_session=afternoon,2162.0,-0.00015368702516474665,0.0,8.775759519963344e-06
FUT/ZN,1h,state_session=afternoon + state_ext=neutral,latest_6m,ok,2026-01-29 18:00:00+00:00,2026-07-29 18:00:00+00:00,2837.0,1121.0,-0.0001382298024817049,0.42283675289919714,-2.5400259655248703,0.01108442393188902,False,2837.0,-0.00014679913795607416,8.569335474369278e-06,state_session=afternoon,1121.0,-0.0001382298024817049,0.0,0.01108442393188902
FUT/ZN,1h,state_session=afternoon + state_slope=uptrend,all,ok,2025-07-17 04:00:00+00:00,2026-07-29 18:00:00+00:00,5817.0,786.0,-0.00016148425067535172,0.4198473282442748,-3.0623067017314893,0.002196382809497077,False,5817.0,-0.00018478130787974643,2.329705720439471e-05,state_session=afternoon,2222.0,-0.00015445420920524698,-7.03004147010474e-06,5.550562971468054e-06
FUT/ZN,1h,state_session=afternoon + state_slope=uptrend,calendar_2024,empty_window,,,,,,,,,,,,,,,,,
FUT/ZN,1h,state_session=afternoon + state_slope=uptrend,calendar_2025,ok,2025-07-17 04:00:00+00:00,2025-12-31 21:00:00+00:00,2558.0,312.0,-0.00013675440773779684,0.4326923076923077,-1.9658870567722098,0.0493116585079596,False,2558.0,-0.00023272825394374133,9.597384620594449e-05,state_slope=uptrend,717.0,-0.00017479916396278183,3.8044756224984993e-05,0.013932130128849973
FUT/ZN,1h,state_session=afternoon + state_slope=uptrend,calendar_2026_ytd,ok,2026-01-02 05:00:00+00:00,2026-07-29 18:00:00+00:00,3259.0,474.0,-0.00017776212197602074,0.41139240506329117,-2.442055654993407,0.014603895047981652,False,3259.0,-0.00014714758955151723,-3.061453242450351e-05,state_session=afternoon,1278.0,-0.0001394010316780505,-3.836109029797024e-05,0.0048617986105989885
FUT/ZN,1h,state_session=afternoon + state_slope=uptrend,latest_12m,ok,2025-07-29 18:00:00+00:00,2026-07-29 18:00:00+00:00,5631.0,786.0,-0.00016148425067535172,0.4198473282442748,-3.0623067017314893,0.002196382809497077,False,5631.0,-0.00017702507380983805,1.554082313448633e-05,state_session=afternoon,2162.0,-0.00015368702516474665,-7.79722551060507e-06,8.775759519963344e-06
FUT/ZN,1h,state_session=afternoon + state_slope=uptrend,latest_6m,ok,2026-01-29 18:00:00+00:00,2026-07-29 18:00:00+00:00,2837.0,431.0,-0.00018357066106533835,0.40835266821345706,-2.322795363553504,0.020190148276340913,False,2837.0,-0.00014679913795607416,-3.677152310926419e-05,state_session=afternoon,1121.0,-0.0001382298024817049,-4.5340858583633466e-05,0.01108442393188902
FUT/ES,1h,state_ext=stretched_down + state_slope=downtrend,all,ok,2025-07-16 04:00:00+00:00,2026-07-29 18:00:00+00:00,5912.0,28.0,0.0033446793687886248,0.7142857142857143,3.038900544590828,0.002374432273533955,True,5912.0,-5.6376211756481216e-05,0.003401055580545106,state_ext=stretched_down,29.0,0.003589098774983831,-0.00024441940619520644,0.0016713296022323743
FUT/ES,1h,state_ext=stretched_down + state_slope=downtrend,calendar_2024,empty_window,,,,,,,,,,,,,,,,,
FUT/ES,1h,state_ext=stretched_down + state_slope=downtrend,calendar_2025,ok,2025-07-16 04:00:00+00:00,2025-12-31 21:00:00+00:00,2657.0,12.0,0.0023231583757507153,0.5833333333333334,1.2538554044883377,0.20989456681072372,False,2657.0,-6.620308925172414e-06,0.002329778684675888,state_ext=stretched_down,12.0,0.0023231583757507153,0.0,0.20989456681072372
FUT/ES,1h,state_ext=stretched_down + state_slope=downtrend,calendar_2026_ytd,ok,2026-01-02 05:00:00+00:00,2026-07-29 18:00:00+00:00,3255.0,16.0,0.004110820113567058,0.8125,3.0922367223978027,0.001986543627189974,True,3255.0,-9.699109157915024e-05,0.004207811205146208,state_ext=stretched_down,17.0,0.004482703762677796,-0.0003718836491107382,0.0012518471108380336
FUT/ES,1h,state_ext=stretched_down + state_slope=downtrend,latest_12m,ok,2025-07-29 18:00:00+00:00,2026-07-29 18:00:00+00:00,5693.0,28.0,0.0033446793687886248,0.7142857142857143,3.038900544590828,0.002374432273533955,True,5693.0,-6.945359989211484e-05,0.0034141329686807396,state_ext=stretched_down,29.0,0.003589098774983831,-0.00024441940619520644,0.0016713296022323743
FUT/ES,1h,state_ext=stretched_down + state_slope=downtrend,latest_6m,ok,2026-01-29 18:00:00+00:00,2026-07-29 18:00:00+00:00,2833.0,15.0,0.004140385264898757,0.8,2.9452814546447574,0.003226610026986876,True,2833.0,-9.510092740503769e-05,0.004235486192303795,state_ext=stretched_down,16.0,0.004533663820120685,-0.00039327855522192784,0.0018438736088839391
FUT/ES,1h,state_session=afternoon + state_ext=stretched_down,all,ok,2025-07-16 04:00:00+00:00,2026-07-29 18:00:00+00:00,5912.0,21.0,0.0035680943695826648,0.7619047619047619,2.950019367473529,0.003177540100496312,True,5912.0,-5.6376211756481216e-05,0.003624470581339146,state_ext=stretched_down,29.0,0.003589098774983831,-2.1004405401166444e-05,0.0016713296022323743
FUT/ES,1h,state_session=afternoon + state_ext=stretched_down,calendar_2024,empty_window,,,,,,,,,,,,,,,,,
FUT/ES,1h,state_session=afternoon + state_ext=stretched_down,calendar_2025,ok,2025-07-16 04:00:00+00:00,2025-12-31 21:00:00+00:00,2657.0,8.0,0.004333723791498273,0.75,2.1380423943589513,0.03251330259755081,False,2657.0,-6.620308925172414e-06,0.004340344100423445,state_ext=stretched_down,12.0,0.0023231583757507153,0.0020105654157475572,0.20989456681072372
FUT/ES,1h,state_session=afternoon + state_ext=stretched_down,calendar_2026_ytd,ok,2026-01-02 05:00:00+00:00,2026-07-29 18:00:00+00:00,3255.0,13.0,0.003096937802249985,0.7692307692307693,2.390414450950667,0.01682936939652424,False,3255.0,-9.699109157915024e-05,0.0031939288938291352,state_ext=stretched_down,17.0,0.004482703762677796,-0.0013857659604278112,0.0012518471108380336
FUT/ES,1h,state_session=afternoon + state_ext=stretched_down,latest_12m,ok,2025-07-29 18:00:00+00:00,2026-07-29 18:00:00+00:00,5693.0,21.0,0.0035680943695826648,0.7619047619047619,2.950019367473529,0.003177540100496312,True,5693.0,-6.945359989211484e-05,0.0036375479694747796,state_ext=stretched_down,29.0,0.003589098774983831,-2.1004405401166444e-05,0.0016713296022323743
FUT/ES,1h,state_session=afternoon + state_ext=stretched_down,latest_6m,ok,2026-01-29 18:00:00+00:00,2026-07-29 18:00:00+00:00,2833.0,13.0,0.003096937802249985,0.7692307692307693,2.390414450950667,0.01682936939652424,False,2833.0,-9.510092740503769e-05,0.0031920387296550225,state_ext=stretched_down,16.0,0.004533663820120685,-0.0014367260178707003,0.0018438736088839391
FUT/GC,1h,state_session=afternoon + state_slope=uptrend,all,ok,2025-07-17 04:00:00+00:00,2026-07-29 18:00:00+00:00,5887.0,782.0,0.0010377432748036651,0.510230179028133,2.1144504192073446,0.034476815220570334,True,5887.0,1.3237654491562255e-05,0.0010245056203121029,state_slope=uptrend,1952.0,0.00044785655430489653,0.0005898867204987686,0.19049578950788248
FUT/GC,1h,state_session=afternoon + state_slope=uptrend,calendar_2024,empty_window,,,,,,,,,,,,,,,,,
FUT/GC,1h,state_session=afternoon + state_slope=uptrend,calendar_2025,ok,2025-07-17 04:00:00+00:00,2025-12-31 21:00:00+00:00,2636.0,363.0,0.0010158616457403053,0.5316804407713499,2.4160090513025954,0.015691671273990737,True,2636.0,0.000337671362606739,0.0006781902831335662,state_slope=uptrend,918.0,0.0005047768193638088,0.0005110848263764965,0.12971677391513703
FUT/GC,1h,state_session=afternoon + state_slope=uptrend,calendar_2026_ytd,ok,2026-01-02 05:00:00+00:00,2026-07-29 18:00:00+00:00,3251.0,419.0,0.0010567003901974588,0.4916467780429594,1.288723619706684,0.1974941879956118,False,3251.0,-0.00024982209776669873,0.0013065224879641574,state_slope=uptrend,1034.0,0.0003973219282661329,0.0006593784619313258,0.4784767319264045
FUT/GC,1h,state_session=afternoon + state_slope=uptrend,latest_12m,ok,2025-07-29 18:00:00+00:00,2026-07-29 18:00:00+00:00,5691.0,782.0,0.0010377432748036651,0.510230179028133,2.1144504192073446,0.034476815220570334,True,5691.0,2.4311758788596278e-05,0.0010134315160150687,state_slope=uptrend,1952.0,0.00044785655430489653,0.0005898867204987686,0.19049578950788248
FUT/GC,1h,state_session=afternoon + state_slope=uptrend,latest_6m,ok,2026-01-29 18:00:00+00:00,2026-07-29 18:00:00+00:00,2829.0,342.0,0.0002549236046851238,0.45321637426900585,0.2895997554513187,0.7721224541085396,False,2829.0,-0.0006288362426407646,0.0008837598473258884,state_slope=uptrend,818.0,0.000107644275423855,0.0001472793292612688,0.8520838918563207
FUT/ZN,1h,state_session=morning + state_slope=uptrend,all,ok,2025-07-17 04:00:00+00:00,2026-07-29 18:00:00+00:00,5817.0,838.0,-0.00017608185965339472,0.4224343675417661,-2.069708852759991,0.03847961723419413,False,5817.0,-0.00021521869212025365,3.913683246685893e-05,state_session=morning,3078.0,-0.00017016865805435612,-5.9132015990385925e-06,0.0016116213006296398
FUT/ZN,1h,state_session=morning + state_slope=uptrend,calendar_2024,empty_window,,,,,,,,,,,,,,,,,
FUT/ZN,1h,state_session=morning + state_slope=uptrend,calendar_2025,ok,2025-07-17 04:00:00+00:00,2025-12-31 21:00:00+00:00,2558.0,332.0,-0.00012419159391348068,0.4578313253012048,-0.9617460280636629,0.33617719528485646,False,2558.0,-0.00016727174605625871,4.308015214277803e-05,state_session=morning,1380.0,-8.654717482943413e-05,-3.764441908404655e-05,0.27180709759983745
FUT/ZN,1h,state_session=morning + state_slope=uptrend,calendar_2026_ytd,ok,2026-01-02 05:00:00+00:00,2026-07-29 18:00:00+00:00,3259.0,506.0,-0.000210128437174445,0.39920948616600793,-1.9115664663291096,0.05593182393871032,False,3259.0,-0.0002528524104484829,4.2723973274037905e-05,state_slope=uptrend,1075.0,-0.0002192328739867237,9.104436812278717e-06,0.001092724958310587
FUT/ZN,1h,state_session=morning + state_slope=uptrend,latest_12m,ok,2025-07-29 18:00:00+00:00,2026-07-29 18:00:00+00:00,5631.0,838.0,-0.00017608185965339472,0.4224343675417661,-2.069708852759991,0.03847961723419413,False,5631.0,-0.000222974926190162,4.689306653676728e-05,state_session=morning,2970.0,-0.00018409227964773217,8.010419994337458e-06,0.0008302168770579765
FUT/ZN,1h,state_session=morning + state_slope=uptrend,latest_6m,ok,2026-01-29 18:00:00+00:00,2026-07-29 18:00:00+00:00,2837.0,457.0,-0.00021228579552918733,0.3982494529540481,-1.7802753387168095,0.07503091102830961,False,2837.0,-0.00025320086204392585,4.0915066514738525e-05,state_slope=uptrend,975.0,-0.00021259877497042256,3.129794412352351e-07,0.003504887403681156
FUT/ZN,1h,state_ext=neutral + state_slope=flat,all,ok,2025-07-17 04:00:00+00:00,2026-07-29 18:00:00+00:00,5817.0,1832.0,-0.0001517170846196856,0.4279475982532751,-2.528923076121852,0.011441310008018846,False,5817.0,-0.00018478130787974643,3.306422326006082e-05,state_slope=flat,1832.0,-0.0001517170846196856,0.0,0.011441310008018846
FUT/ZN,1h,state_ext=neutral + state_slope=flat,calendar_2024,empty_window,,,,,,,,,,,,,,,,,
FUT/ZN,1h,state_ext=neutral + state_slope=flat,calendar_2025,ok,2025-07-17 04:00:00+00:00,2025-12-31 21:00:00+00:00,2558.0,870.0,-0.0002295969275130613,0.4057471264367816,-2.9330946585311257,0.003356015549676572,False,2558.0,-0.00023272825394374133,3.131326430680034e-06,state_ext=neutral,2539.0,-0.00022896199552037796,-6.349319926833401e-07,2.400778309485929e-06
FUT/ZN,1h,state_ext=neutral + state_slope=flat,calendar_2026_ytd,ok,2026-01-02 05:00:00+00:00,2026-07-29 18:00:00+00:00,3259.0,962.0,-8.128521006954334e-05,0.448024948024948,-0.944531593614204,0.3448980649471487,False,3259.0,-0.00014714758955151723,6.58623794819739e-05,state_slope=flat,962.0,-8.128521006954334e-05,0.0,0.3448980649471487
FUT/ZN,1h,state_ext=neutral + state_slope=flat,latest_12m,ok,2025-07-29 18:00:00+00:00,2026-07-29 18:00:00+00:00,5631.0,1832.0,-0.0001517170846196856,0.4279475982532751,-2.528923076121852,0.011441310008018846,False,5631.0,-0.00017702507380983805,2.5307989190152444e-05,state_slope=flat,1832.0,-0.0001517170846196856,0.0,0.011441310008018846
FUT/ZN,1h,state_ext=neutral + state_slope=flat,latest_6m,ok,2026-01-29 18:00:00+00:00,2026-07-29 18:00:00+00:00,2837.0,783.0,-4.949493477084841e-05,0.4648786717752235,-0.4866640368229711,0.6264964349343494,False,2837.0,-0.00014679913795607416,9.730420318522575e-05,state_slope=flat,783.0,-4.949493477084841e-05,0.0,0.6264964349343494
FUT/ZN,1h,state_ext=neutral + state_vol=mid_vol,all,ok,2025-07-17 04:00:00+00:00,2026-07-29 18:00:00+00:00,5817.0,1767.0,-0.00017090377343570052,0.4357668364459536,-3.3788313164243586,0.0007279465876044444,False,5817.0,-0.00018478130787974643,1.3877534444045906e-05,state_vol=mid_vol,1767.0,-0.00017090377343570052,0.0,0.0007279465876044444
FUT/ZN,1h,state_ext=neutral + state_vol=mid_vol,calendar_2024,empty_window,,,,,,,,,,,,,,,,,
FUT/ZN,1h,state_ext=neutral + state_vol=mid_vol,calendar_2025,ok,2025-07-17 04:00:00+00:00,2025-12-31 21:00:00+00:00,2558.0,716.0,-0.0002344350483195685,0.4231843575418994,-3.471304772484458,0.0005179357918838612,False,2558.0,-0.00023272825394374133,-1.7067943758271623e-06,state_ext=neutral,2539.0,-0.00022896199552037796,-5.473052799190536e-06,2.400778309485929e-06
FUT/ZN,1h,state_ext=neutral + state_vol=mid_vol,calendar_2026_ytd,ok,2026-01-02 05:00:00+00:00,2026-07-29 18:00:00+00:00,3259.0,1051.0,-0.0001276227146185269,0.44433872502378685,-1.8304584602043137,0.0671814128798367,False,3259.0,-0.00014714758955151723,1.9524874932990327e-05,state_vol=mid_vol,1051.0,-0.0001276227146185269,0.0,0.0671814128798367
FUT/ZN,1h,state_ext=neutral + state_vol=mid_vol,latest_12m,ok,2025-07-29 18:00:00+00:00,2026-07-29 18:00:00+00:00,5631.0,1767.0,-0.00017090377343570052,0.4357668364459536,-3.3788313164243586,0.0007279465876044444,False,5631.0,-0.00017702507380983805,6.121300374137528e-06,state_vol=mid_vol,1767.0,-0.00017090377343570052,0.0,0.0007279465876044444
FUT/ZN,1h,state_ext=neutral + state_vol=mid_vol,latest_6m,ok,2026-01-29 18:00:00+00:00,2026-07-29 18:00:00+00:00,2837.0,889.0,-0.0001043686415925785,0.4611923509561305,-1.3100031349859282,0.19019477504722548,False,2837.0,-0.00014679913795607416,4.243049636349566e-05,state_vol=mid_vol,889.0,-0.0001043686415925785,0.0,0.19019477504722548
FUT/ZN,1h,state_ext=neutral + state_slope=uptrend,all,ok,2025-07-17 04:00:00+00:00,2026-07-29 18:00:00+00:00,5817.0,1792.0,-0.0001783792751258854,0.42857142857142855,-3.5969492435186123,0.00032197127944755266,False,5817.0,-0.00018478130787974643,6.402032753861036e-06,state_slope=uptrend,1792.0,-0.0001783792751258854,0.0,0.00032197127944755266
FUT/ZN,1h,state_ext=neutral + state_slope=uptrend,calendar_2024,empty_window,,,,,,,,,,,,,,,,,
FUT/ZN,1h,state_ext=neutral + state_slope=uptrend,calendar_2025,ok,2025-07-17 04:00:00+00:00,2025-12-31 21:00:00+00:00,2558.0,717.0,-0.00017479916396278183,0.41422594142259417,-2.4590085460570736,0.013932130128849973,False,2558.0,-0.00023272825394374133,5.79290899809595e-05,state_slope=uptrend,717.0,-0.00017479916396278183,0.0,0.013932130128849973
FUT/ZN,1h,state_ext=neutral + state_slope=uptrend,calendar_2026_ytd,ok,2026-01-02 05:00:00+00:00,2026-07-29 18:00:00+00:00,3259.0,1075.0,-0.0001807671260132763,0.4381395348837209,-2.6925448771204055,0.007090899185340227,False,3259.0,-0.00014714758955151723,-3.361953646175908e-05,state_ext=neutral,3259.0,-0.00014714758955151723,-3.361953646175908e-05,0.0019867489755971413
FUT/ZN,1h,state_ext=neutral + state_slope=uptrend,latest_12m,ok,2025-07-29 18:00:00+00:00,2026-07-29 18:00:00+00:00,5631.0,1792.0,-0.0001783792751258854,0.42857142857142855,-3.5969492435186123,0.00032197127944755266,False,5631.0,-0.00017702507380983805,-1.354201316047343e-06,state_ext=neutral,5631.0,-0.00017702507380983805,-1.354201316047343e-06,4.394221897463524e-07
FUT/ZN,1h,state_ext=neutral + state_slope=uptrend,latest_6m,ok,2026-01-29 18:00:00+00:00,2026-07-29 18:00:00+00:00,2837.0,975.0,-0.00018740122502957754,0.4369230769230769,-2.573558171055735,0.010065872418512312,False,2837.0,-0.00014679913795607416,-4.060208707350337e-05,state_ext=neutral,2837.0,-0.00014679913795607416,-4.060208707350337e-05,0.005865829085897278
FUT/ZN,1h,state_session=lunch + state_ext=neutral,all,ok,2025-07-17 04:00:00+00:00,2026-07-29 18:00:00+00:00,5817.0,515.0,-4.2478340684115646e-05,0.4601941747572815,-0.6117628626485724,0.5406946638482182,False,5817.0,-0.00018478130787974643,0.0001423029671956308,state_session=lunch,517.0,-4.6914399562348084e-05,4.4360588782324384e-06,0.497678846087215
FUT/ZN,1h,state_session=lunch + state_ext=neutral,calendar_2024,empty_window,,,,,,,,,,,,,,,,,
FUT/ZN,1h,state_session=lunch + state_ext=neutral,calendar_2025,ok,2025-07-17 04:00:00+00:00,2025-12-31 21:00:00+00:00,2558.0,232.0,2.0117063095755675e-05,0.4698275862068966,0.2539331481189983,0.7995472054334856,False,2558.0,-0.00023272825394374133,0.000252845317039497,state_session=lunch,234.0,9.781023576072316e-06,1.0336039519683359e-05,0.9012945202446829
FUT/ZN,1h,state_session=lunch + state_ext=neutral,calendar_2026_ytd,ok,2026-01-02 05:00:00+00:00,2026-07-29 18:00:00+00:00,3259.0,283.0,-9.379330067326816e-05,0.45229681978798586,-0.8688740025328766,0.38491605065133894,False,3259.0,-0.00014714758955151723,5.335428887824907e-05,state_session=lunch,283.0,-9.379330067326816e-05,0.0,0.38491605065133894
FUT/ZN,1h,state_session=lunch + state_ext=neutral,latest_12m,ok,2025-07-29 18:00:00+00:00,2026-07-29 18:00:00+00:00,5631.0,499.0,-4.671525605366762e-05,0.45691382765531063,-0.652351805927977,0.51417424693121,False,5631.0,-0.00017702507380983805,0.00013030981775617043,state_session=lunch,499.0,-4.671525605366762e-05,0.0,0.51417424693121
FUT/ZN,1h,state_session=lunch + state_ext=neutral,latest_6m,ok,2026-01-29 18:00:00+00:00,2026-07-29 18:00:00+00:00,2837.0,246.0,-7.763442844213388e-05,0.45121951219512196,-0.6326245799355401,0.5269788317831952,False,2837.0,-0.00014679913795607416,6.916470951394028e-05,state_session=lunch,246.0,-7.763442844213388e-05,0.0,0.5269788317831952
FUT/GC,1h,state_ext=neutral + state_vol=low_vol,all,ok,2025-07-17 04:00:00+00:00,2026-07-29 18:00:00+00:00,5887.0,830.0,-0.00026407812377618977,0.4963855421686747,-0.6520939929598462,0.5143405389983227,False,5887.0,-0.0004132376544915618,0.00014915953071537204,state_vol=low_vol,830.0,-0.00026407812377618977,0.0,0.5143405389983227
FUT/GC,1h,state_ext=neutral + state_vol=low_vol,calendar_2024,empty_window,,,,,,,,,,,,,,,,,
FUT/GC,1h,state_ext=neutral + state_vol=low_vol,calendar_2025,ok,2025-07-17 04:00:00+00:00,2025-12-31 21:00:00+00:00,2636.0,494.0,-0.0011549802130808833,0.4473684210526316,-3.1158592211011342,0.0018340980938011953,False,2636.0,-0.0007376713626067389,-0.0004173088504741445,state_ext=neutral,2541.0,-0.0007625269316808175,-0.00039245328140006587,0.0007873567480305432
FUT/GC,1h,state_ext=neutral + state_vol=low_vol,calendar_2026_ytd,ok,2026-01-02 05:00:00+00:00,2026-07-29 18:00:00+00:00,3251.0,336.0,0.0010457600670467828,0.5684523809523809,1.3490203137673804,0.1773304414018737,False,3251.0,-0.00015017790223330086,0.0011959379692800837,state_vol=low_vol,336.0,0.0010457600670467828,0.0,0.1773304414018737
FUT/GC,1h,state_ext=neutral + state_vol=low_vol,latest_12m,ok,2025-07-29 18:00:00+00:00,2026-07-29 18:00:00+00:00,5691.0,830.0,-0.00026407812377618977,0.4963855421686747,-0.6520939929598462,0.5143405389983227,False,5691.0,-0.00042431175878859594,0.00016023363501240618,state_vol=low_vol,830.0,-0.00026407812377618977,0.0,0.5143405389983227
FUT/GC,1h,state_ext=neutral + state_vol=low_vol,latest_6m,ok,2026-01-29 18:00:00+00:00,2026-07-29 18:00:00+00:00,2829.0,332.0,0.001069727467408059,0.5692771084337349,1.3645353072336006,0.17239914979023863,False,2829.0,0.00022883624264076485,0.0008408912247672942,state_vol=low_vol,332.0,0.001069727467408059,0.0,0.17239914979023863
FUT/ES,1h,state_ext=neutral + state_vol=low_vol,all,ok,2025-07-16 04:00:00+00:00,2026-07-29 18:00:00+00:00,5912.0,1288.0,-0.0001553503440184589,0.4611801242236025,-1.0352457412736153,0.30055416207280095,False,5912.0,-0.0003436237882435187,0.00018827344422505976,state_vol=low_vol,1288.0,-0.0001553503440184589,0.0,0.30055416207280095
FUT/ES,1h,state_ext=neutral + state_vol=low_vol,calendar_2024,empty_window,,,,,,,,,,,,,,,,,
FUT/ES,1h,state_ext=neutral + state_vol=low_vol,calendar_2025,ok,2025-07-16 04:00:00+00:00,2025-12-31 21:00:00+00:00,2657.0,689.0,-0.0003085187867719583,0.4426705370101596,-1.9153323232856283,0.05545013591426673,False,2657.0,-0.0003933796910748276,8.486090430286926e-05,state_vol=low_vol,689.0,-0.0003085187867719583,0.0,0.05545013591426673
FUT/ES,1h,state_ext=neutral + state_vol=low_vol,calendar_2026_ytd,ok,2026-01-02 05:00:00+00:00,2026-07-29 18:00:00+00:00,3255.0,599.0,2.0831721185482922e-05,0.48247078464106846,0.08284808822672486,0.9339723316517667,False,3255.0,-0.00030300890842084973,0.00032384062960633266,state_vol=low_vol,599.0,2.0831721185482922e-05,0.0,0.9339723316517667
FUT/ES,1h,state_ext=neutral + state_vol=low_vol,latest_12m,ok,2025-07-29 18:00:00+00:00,2026-07-29 18:00:00+00:00,5693.0,1288.0,-0.0001553503440184589,0.4611801242236025,-1.0352457412736153,0.30055416207280095,False,5693.0,-0.00033054640010788517,0.00017519605608942626,state_vol=low_vol,1288.0,-0.0001553503440184589,0.0,0.30055416207280095
FUT/ES,1h,state_ext=neutral + state_vol=low_vol,latest_6m,ok,2026-01-29 18:00:00+00:00,2026-07-29 18:00:00+00:00,2833.0,489.0,-0.00010522760535320729,0.46830265848670755,-0.3857759580107759,0.6996626023482233,False,2833.0,-0.00030489907259496235,0.00019967146724175506,state_vol=low_vol,489.0,-0.00010522760535320729,0.0,0.6996626023482233
FUT/ZN,1h,state_ext=neutral + state_slope=downtrend,all,ok,2025-07-17 04:00:00+00:00,2026-07-29 18:00:00+00:00,5817.0,1974.0,-0.000195702817193692,0.4012158054711246,-3.4912380447939015,0.00048078767788717336,False,5817.0,-0.00021521869212025365,1.9515874926561653e-05,state_slope=downtrend,1974.0,-0.000195702817193692,0.0,0.00048078767788717336
FUT/ZN,1h,state_ext=neutral + state_slope=downtrend,calendar_2024,empty_window,,,,,,,,,,,,,,,,,
FUT/ZN,1h,state_ext=neutral + state_slope=downtrend,calendar_2025,ok,2025-07-17 04:00:00+00:00,2025-12-31 21:00:00+00:00,2558.0,752.0,-0.0001390296847574066,0.40691489361702127,-1.6391535567714,0.1011812834688226,False,2558.0,-0.00016727174605625871,2.8242061298852108e-05,state_slope=downtrend,752.0,-0.0001390296847574066,0.0,0.1011812834688226
FUT/ZN,1h,state_ext=neutral + state_slope=downtrend,calendar_2026_ytd,ok,2026-01-02 05:00:00+00:00,2026-07-29 18:00:00+00:00,3259.0,1222.0,-0.00023057859100063688,0.397708674304419,-3.1782211413567962,0.0014818168305517077,False,3259.0,-0.0002528524104484829,2.2273819447846013e-05,state_slope=downtrend,1222.0,-0.00023057859100063688,0.0,0.0014818168305517077
FUT/ZN,1h,state_ext=neutral + state_slope=downtrend,latest_12m,ok,2025-07-29 18:00:00+00:00,2026-07-29 18:00:00+00:00,5631.0,1974.0,-0.000195702817193692,0.4012158054711246,-3.4912380447939015,0.00048078767788717336,False,5631.0,-0.000222974926190162,2.7272108996470004e-05,state_slope=downtrend,1974.0,-0.000195702817193692,0.0,0.00048078767788717336
FUT/ZN,1h,state_ext=neutral + state_slope=downtrend,latest_6m,ok,2026-01-29 18:00:00+00:00,2026-07-29 18:00:00+00:00,2837.0,1079.0,-0.0002192785671436794,0.3994439295644115,-2.745312445736609,0.006045331148413435,False,2837.0,-0.00025320086204392585,3.392229490024645e-05,state_slope=downtrend,1079.0,-0.0002192785671436794,0.0,0.006045331148413435
FUT/CL,1h,state_ext=neutral + state_vol=low_vol,all,ok,2025-07-16 04:00:00+00:00,2026-07-29 18:00:00+00:00,5894.0,966.0,0.00019067731174095298,0.510351966873706,0.36025458741332744,0.7186567564227044,False,5894.0,-0.0005390878220024125,0.0007297651337433654,state_vol=low_vol,989.0,0.00025524101151753933,-6.456369977658635e-05,0.627435670142948
FUT/CL,1h,state_ext=neutral + state_vol=low_vol,calendar_2024,empty_window,,,,,,,,,,,,,,,,,
FUT/CL,1h,state_ext=neutral + state_vol=low_vol,calendar_2025,ok,2025-07-16 04:00:00+00:00,2025-12-31 21:00:00+00:00,2647.0,848.0,6.243521568760106e-05,0.5094339622641509,0.12495792791273007,0.9005568578627663,False,2647.0,4.9119855170428214e-05,1.3315360517172848e-05,state_ext=neutral,2453.0,0.00014062952774819158,-7.819431206059052e-05,0.6350379187199664
FUT/CL,1h,state_ext=neutral + state_vol=low_vol,calendar_2026_ytd,ok,2026-01-02 05:00:00+00:00,2026-07-29 18:00:00+00:00,3247.0,118.0,0.001112281527446399,0.5169491525423728,0.4951146208543008,0.6205192137361486,False,3247.0,-0.0010186029810650887,0.0021308845085114877,state_vol=low_vol,127.0,0.0013203566520972117,-0.00020807512465081273,0.5349227871434825
FUT/CL,1h,state_ext=neutral + state_vol=low_vol,latest_12m,ok,2025-07-29 18:00:00+00:00,2026-07-29 18:00:00+00:00,5686.0,966.0,0.00019067731174095298,0.510351966873706,0.36025458741332744,0.7186567564227044,False,5686.0,-0.0005164675327502088,0.0007071448444911617,state_vol=low_vol,989.0,0.00025524101151753933,-6.456369977658635e-05,0.627435670142948
FUT/CL,1h,state_ext=neutral + state_vol=low_vol,latest_6m,ok,2026-01-29 18:00:00+00:00,2026-07-29 18:00:00+00:00,2827.0,84.0,0.0032846389286276204,0.5357142857142857,1.3216791236795742,0.1862750231982533,False,2827.0,-0.0009084102782105435,0.004193049206838164,state_vol=low_vol,89.0,0.003637617682978855,-0.0003529787543512346,0.12518185329751108
FUT/ES,1h,state_ext=stretched_up + state_slope=uptrend,all,ok,2025-07-16 04:00:00+00:00,2026-07-29 18:00:00+00:00,5912.0,17.0,0.00032337555376716183,0.5294117647058824,0.3739462666573614,0.7084442935860018,False,5912.0,-5.6376211756481216e-05,0.00037975176552364307,state_ext=stretched_up,18.0,2.2364830119941466e-05,0.00030101072364722037,0.9813764738372581
FUT/ES,1h,state_ext=stretched_up + state_slope=uptrend,calendar_2024,empty_window,,,,,,,,,,,,,,,,,
FUT/ES,1h,state_ext=stretched_up + state_slope=uptrend,calendar_2025,ok,2025-07-16 04:00:00+00:00,2025-12-31 21:00:00+00:00,2657.0,0.0,,,,,False,2657.0,-6.620308925172414e-06,,state_slope=uptrend,794.0,-8.106446613467895e-05,,0.7194249705852374
FUT/ES,1h,state_ext=stretched_up + state_slope=uptrend,calendar_2026_ytd,ok,2026-01-02 05:00:00+00:00,2026-07-29 18:00:00+00:00,3255.0,17.0,0.00032337555376716183,0.5294117647058824,0.3739462666573614,0.7084442935860018,False,3255.0,-9.699109157915024e-05,0.00042036664534631207,state_ext=stretched_up,18.0,2.2364830119941466e-05,0.00030101072364722037,0.9813764738372581
FUT/ES,1h,state_ext=stretched_up + state_slope=uptrend,latest_12m,ok,2025-07-29 18:00:00+00:00,2026-07-29 18:00:00+00:00,5693.0,17.0,0.00032337555376716183,0.5294117647058824,0.3739462666573614,0.7084442935860018,False,5693.0,-6.945359989211484e-05,0.0003928291536592767,state_ext=stretched_up,18.0,2.2364830119941466e-05,0.00030101072364722037,0.9813764738372581
FUT/ES,1h,state_ext=stretched_up + state_slope=uptrend,latest_6m,ok,2026-01-29 18:00:00+00:00,2026-07-29 18:00:00+00:00,2833.0,17.0,0.00032337555376716183,0.5294117647058824,0.3739462666573614,0.7084442935860018,False,2833.0,-9.510092740503769e-05,0.0004184764811721995,state_ext=stretched_up,18.0,2.2364830119941466e-05,0.00030101072364722037,0.9813764738372581
FUT/NQ,1h,state_session=morning + state_slope=flat,all,ok,2025-07-16 04:00:00+00:00,2026-07-29 18:00:00+00:00,5916.0,899.0,-0.00011929328890547812,0.4382647385984427,-0.32803026715960515,0.7428887777769724,False,5916.0,-0.00036533151115811864,0.0002460382222526405,state_session=morning,3093.0,-0.00026315652191799863,0.0001438632330125205,0.2496241597343607
FUT/NQ,1h,state_session=morning + state_slope=flat,calendar_2024,empty_window,,,,,,,,,,,,,,,,,
FUT/NQ,1h,state_session=morning + state_slope=flat,calendar_2025,ok,2025-07-16 04:00:00+00:00,2025-12-31 21:00:00+00:00,2660.0,427.0,-4.67600112296081e-05,0.44730679156908665,-0.09497746150756141,0.9243327290899819,False,2660.0,-0.0004184816021105998,0.0003717215908809917,state_session=morning,1392.0,-9.497037850785869e-05,4.821036727825059e-05,0.752563223394781
FUT/NQ,1h,state_session=morning + state_slope=flat,calendar_2026_ytd,ok,2026-01-02 05:00:00+00:00,2026-07-29 18:00:00+00:00,3256.0,472.0,-0.00018491131765038587,0.4300847457627119,-0.3625375497637868,0.7169503685597063,False,3256.0,-0.00032191036805811856,0.00013699905040773268,state_slope=flat,789.0,-0.0003455169035982047,0.00016060558594781883,0.34995487570732053
FUT/NQ,1h,state_session=morning + state_slope=flat,latest_12m,ok,2025-07-29 18:00:00+00:00,2026-07-29 18:00:00+00:00,5697.0,899.0,-0.00011929328890547812,0.4382647385984427,-0.32803026715960515,0.7428887777769724,False,5697.0,-0.0003538193910110824,0.00023452610210560428,state_session=morning,2973.0,-0.0002574681278494992,0.0001381748389440211,0.2776568456803674
FUT/NQ,1h,state_session=morning + state_slope=flat,latest_6m,ok,2026-01-29 18:00:00+00:00,2026-07-29 18:00:00+00:00,2834.0,391.0,-0.00021129828265135012,0.42710997442455245,-0.37962834048886757,0.7042213203667109,False,2834.0,-0.00032063616794242593,0.00010933788529107581,state_slope=flat,659.0,-0.00039304756007243466,0.00018174927742108454,0.33783405741516326
FUT/CL,1h,state_ext=neutral + state_slope=flat,all,ok,2025-07-16 04:00:00+00:00,2026-07-29 18:00:00+00:00,5894.0,1497.0,0.0002776421096946234,0.5043420173680695,0.5568785313782628,0.5776104236575783,False,5894.0,-0.0005390878220024125,0.0008167299316970359,state_slope=flat,1567.0,0.00025100353928300586,2.6638570411617515e-05,0.6216977274882713
FUT/CL,1h,state_ext=neutral + state_slope=flat,calendar_2024,empty_window,,,,,,,,,,,,,,,,,
FUT/CL,1h,state_ext=neutral + state_slope=flat,calendar_2025,ok,2025-07-16 04:00:00+00:00,2025-12-31 21:00:00+00:00,2647.0,935.0,0.0004216454246070258,0.5187165775401069,0.8835253675018043,0.37695248274510984,False,2647.0,4.9119855170428214e-05,0.0003725255694365976,state_slope=flat,939.0,0.00044744392047184854,-2.5798495864822726e-05,0.3475132435913755
FUT/CL,1h,state_ext=neutral + state_slope=flat,calendar_2026_ytd,ok,2026-01-02 05:00:00+00:00,2026-07-29 18:00:00+00:00,3247.0,562.0,3.8063640934665663e-05,0.4804270462633452,0.03734218775347392,0.9702121679714508,False,3247.0,-0.0010186029810650887,0.0010566666219997544,state_slope=flat,628.0,-4.271862303598018e-05,8.078226397064585e-05,0.9669151423485396
FUT/CL,1h,state_ext=neutral + state_slope=flat,latest_12m,ok,2025-07-29 18:00:00+00:00,2026-07-29 18:00:00+00:00,5686.0,1497.0,0.0002776421096946234,0.5043420173680695,0.5568785313782628,0.5776104236575783,False,5686.0,-0.0005164675327502088,0.0007941096424448322,state_slope=flat,1567.0,0.00025100353928300586,2.6638570411617515e-05,0.6216977274882713
FUT/CL,1h,state_ext=neutral + state_slope=flat,latest_6m,ok,2026-01-29 18:00:00+00:00,2026-07-29 18:00:00+00:00,2827.0,468.0,0.00045221789530201475,0.49145299145299143,0.3927509398164774,0.6945034430976207,False,2827.0,-0.0009084102782105435,0.0013606281735125583,state_slope=flat,530.0,0.00029296169911794475,0.00015925619618407,0.7989025959743288
FUT/GC,1h,state_ext=stretched_down + state_vol=mid_vol,all,ok,2025-07-17 04:00:00+00:00,2026-07-29 18:00:00+00:00,5887.0,29.0,0.0003996449454239181,0.5517241379310345,0.24159833499679848,0.8090914123551087,False,5887.0,1.3237654491562255e-05,0.0003864072909323558,state_vol=mid_vol,2193.0,-9.926193147372424e-05,0.0004989068768976423,0.6703210729991844
FUT/GC,1h,state_ext=stretched_down + state_vol=mid_vol,calendar_2024,empty_window,,,,,,,,,,,,,,,,,
FUT/GC,1h,state_ext=stretched_down + state_vol=mid_vol,calendar_2025,ok,2025-07-17 04:00:00+00:00,2025-12-31 21:00:00+00:00,2636.0,0.0,,,,,False,2636.0,0.000337671362606739,,state_vol=mid_vol,709.0,0.0006367935670123735,,0.05207755846336948
FUT/GC,1h,state_ext=stretched_down + state_vol=mid_vol,calendar_2026_ytd,ok,2026-01-02 05:00:00+00:00,2026-07-29 18:00:00+00:00,3251.0,29.0,0.0003996449454239181,0.5517241379310345,0.24159833499679848,0.8090914123551087,False,3251.0,-0.00024982209776669873,0.0006494670431906168,state_vol=mid_vol,1484.0,-0.00045092186976661053,0.0008505668151905287,0.13631167143203515
FUT/GC,1h,state_ext=stretched_down + state_vol=mid_vol,latest_12m,ok,2025-07-29 18:00:00+00:00,2026-07-29 18:00:00+00:00,5691.0,29.0,0.0003996449454239181,0.5517241379310345,0.24159833499679848,0.8090914123551087,False,5691.0,2.4311758788596278e-05,0.00037533318663532183,state_vol=mid_vol,2193.0,-9.926193147372424e-05,0.0004989068768976423,0.6703210729991844
FUT/GC,1h,state_ext=stretched_down + state_vol=mid_vol,latest_6m,ok,2026-01-29 18:00:00+00:00,2026-07-29 18:00:00+00:00,2829.0,29.0,0.0003996449454239181,0.5517241379310345,0.24159833499679848,0.8090914123551087,False,2829.0,-0.0006288362426407646,0.0010284811880646827,state_vol=mid_vol,1283.0,-0.0006454433836872967,0.0010450883291112148,0.053132207752457195
FUT/NQ,1h,state_session=morning + state_ext=stretched_up,all,ok,2025-07-16 04:00:00+00:00,2026-07-29 18:00:00+00:00,5916.0,24.0,0.0002753797449129718,0.5416666666666666,0.1810034276869546,0.856364885550631,False,5916.0,-3.4668488841881234e-05,0.00031004823375485304,state_ext=stretched_up,75.0,0.0017969781115399627,-0.0015215983666269908,0.022175921789444608
FUT/NQ,1h,state_session=morning + state_ext=stretched_up,calendar_2024,empty_window,,,,,,,,,,,,,,,,,
FUT/NQ,1h,state_session=morning + state_ext=stretched_up,calendar_2025,ok,2025-07-16 04:00:00+00:00,2025-12-31 21:00:00+00:00,2660.0,1.0,-0.0017781892132356036,0.0,,,False,2660.0,1.848160211059983e-05,-0.0017966708153462033,state_ext=stretched_up,6.0,0.000582575602383706,-0.0023607648156193095,0.14728650781929353
FUT/NQ,1h,state_session=morning + state_ext=stretched_up,calendar_2026_ytd,ok,2026-01-02 05:00:00+00:00,2026-07-29 18:00:00+00:00,3256.0,23.0,0.0003646653517889966,0.5652173913043478,0.23042007989123867,0.8177653594027343,False,3256.0,-7.808963194188099e-05,0.0004427549837308776,state_ext=stretched_up,69.0,0.0019025783297274633,-0.0015379129779384665,0.02510433393519662
FUT/NQ,1h,state_session=morning + state_ext=stretched_up,latest_12m,ok,2025-07-29 18:00:00+00:00,2026-07-29 18:00:00+00:00,5697.0,24.0,0.0002753797449129718,0.5416666666666666,0.1810034276869546,0.856364885550631,False,5697.0,-4.618060898891737e-05,0.00032156035390188916,state_ext=stretched_up,75.0,0.0017969781115399627,-0.0015215983666269908,0.022175921789444608
FUT/NQ,1h,state_session=morning + state_ext=stretched_up,latest_6m,ok,2026-01-29 18:00:00+00:00,2026-07-29 18:00:00+00:00,2834.0,23.0,0.0003646653517889966,0.5652173913043478,0.23042007989123867,0.8177653594027343,False,2834.0,-7.936383205757377e-05,0.0004440291838465704,state_ext=stretched_up,68.0,0.001958879528310318,-0.0015942141765213215,0.023750630463039712
FUT/CL,1h,state_session=lunch + state_slope=uptrend,all,ok,2025-07-16 04:00:00+00:00,2026-07-29 18:00:00+00:00,5894.0,198.0,0.003062939512554729,0.5252525252525253,1.2204342208477879,0.22230031131182448,False,5894.0,0.0001390878220024127,0.002923851690552316,state_session=lunch,519.0,0.002404899269891109,0.00065804024266362,0.02690747899681245
FUT/CL,1h,state_session=lunch + state_slope=uptrend,calendar_2024,empty_window,,,,,,,,,,,,,,,,,
FUT/CL,1h,state_session=lunch + state_slope=uptrend,calendar_2025,ok,2025-07-16 04:00:00+00:00,2025-12-31 21:00:00+00:00,2647.0,79.0,0.0004465448928881891,0.46835443037974683,0.5010640369365661,0.616326055834141,False,2647.0,-0.0004491198551704278,0.0008956647480586169,state_session=lunch,236.0,0.0006147807531134945,-0.0001682358602253054,0.22923742816695825
FUT/CL,1h,state_session=lunch + state_slope=uptrend,calendar_2026_ytd,ok,2026-01-02 05:00:00+00:00,2026-07-29 18:00:00+00:00,3247.0,119.0,0.004799873755862769,0.5630252100840336,1.1721596460596695,0.24113296653757121,False,3247.0,0.0006186029810650883,0.00418127077479768,state_session=lunch,283.0,0.0038977189517268567,0.000902154804135912,0.04229156882232221
FUT/CL,1h,state_session=lunch + state_slope=uptrend,latest_12m,ok,2025-07-29 18:00:00+00:00,2026-07-29 18:00:00+00:00,5686.0,198.0,0.003062939512554729,0.5252525252525253,1.2204342208477879,0.22230031131182448,False,5686.0,0.00011646753275020907,0.0029464719798045196,state_session=lunch,499.0,0.0024001924008538213,0.0006627471117009076,0.03303247046198243
FUT/CL,1h,state_session=lunch + state_slope=uptrend,latest_6m,ok,2026-01-29 18:00:00+00:00,2026-07-29 18:00:00+00:00,2827.0,97.0,0.006051325061395264,0.5773195876288659,1.2389605152372674,0.21536012094682988,False,2827.0,0.0005084102782105432,0.0055429147831847205,state_session=lunch,246.0,0.004447626930260594,0.0016036981311346697,0.04202089136187581
FUT/ES,1h,state_ext=stretched_up + state_vol=high_vol,all,ok,2025-07-16 04:00:00+00:00,2026-07-29 18:00:00+00:00,5912.0,18.0,2.2364830119941466e-05,0.5,0.023343248437370952,0.9813764738372581,False,5912.0,-5.6376211756481216e-05,7.874104187642268e-05,state_vol=high_vol,2609.0,0.00014524834108055172,-0.00012288351096061026,0.43787474112479163
FUT/ES,1h,state_ext=stretched_up + state_vol=high_vol,calendar_2024,empty_window,,,,,,,,,,,,,,,,,
FUT/ES,1h,state_ext=stretched_up + state_vol=high_vol,calendar_2025,ok,2025-07-16 04:00:00+00:00,2025-12-31 21:00:00+00:00,2657.0,0.0,,,,,False,2657.0,-6.620308925172414e-06,,state_vol=high_vol,1078.0,9.101727036419657e-05,,0.7135323723535612
FUT/ES,1h,state_ext=stretched_up + state_vol=high_vol,calendar_2026_ytd,ok,2026-01-02 05:00:00+00:00,2026-07-29 18:00:00+00:00,3255.0,18.0,2.2364830119941466e-05,0.5,0.023343248437370952,0.9813764738372581,False,3255.0,-9.699109157915024e-05,0.0001193559216990917,state_vol=high_vol,1531.0,0.00018343324913556866,-0.0001610684190156272,0.4802643205944841
FUT/ES,1h,state_ext=stretched_up + state_vol=high_vol,latest_12m,ok,2025-07-29 18:00:00+00:00,2026-07-29 18:00:00+00:00,5693.0,18.0,2.2364830119941466e-05,0.5,0.023343248437370952,0.9813764738372581,False,5693.0,-6.945359989211484e-05,9.181843001205631e-05,state_vol=high_vol,2609.0,0.00014524834108055172,-0.00012288351096061026,0.43787474112479163
FUT/ES,1h,state_ext=stretched_up + state_vol=high_vol,latest_6m,ok,2026-01-29 18:00:00+00:00,2026-07-29 18:00:00+00:00,2833.0,18.0,2.2364830119941466e-05,0.5,0.023343248437370952,0.9813764738372581,False,2833.0,-9.510092740503769e-05,0.00011746575752497916,state_vol=high_vol,1414.0,0.00012504207391162862,-0.00010267724379168716,0.6511413718007137
FUT/CL,1h,state_ext=stretched_up + state_slope=uptrend,all,ok,2025-07-16 04:00:00+00:00,2026-07-29 18:00:00+00:00,5894.0,667.0,0.002792091844003832,0.5322338830584707,1.3529860480532934,0.17606008763211833,False,5894.0,0.0001390878220024127,0.0026530040220014194,state_ext=stretched_up,741.0,0.0022995103410339856,0.0004925815029698465,0.22306747762500345
FUT/CL,1h,state_ext=stretched_up + state_slope=uptrend,calendar_2024,empty_window,,,,,,,,,,,,,,,,,
FUT/CL,1h,state_ext=stretched_up + state_slope=uptrend,calendar_2025,ok,2025-07-16 04:00:00+00:00,2025-12-31 21:00:00+00:00,2647.0,45.0,0.001205869667961388,0.5111111111111111,0.5248953938443772,0.5996559116321598,False,2647.0,-0.0004491198551704278,0.0016549895231318158,state_ext=stretched_up,59.0,0.0002911233177308975,0.0009147463502304906,0.8735092015613584
FUT/CL,1h,state_ext=stretched_up + state_slope=uptrend,calendar_2026_ytd,ok,2026-01-02 05:00:00+00:00,2026-07-29 18:00:00+00:00,3247.0,622.0,0.0029068506831065816,0.5337620578778135,1.3194735870944057,0.18701083468257718,False,3247.0,0.0006186029810650883,0.0022882477020414933,state_ext=stretched_up,682.0,0.0024732564324927574,0.0004335942506138242,0.2255016941452055
FUT/CL,1h,state_ext=stretched_up + state_slope=uptrend,latest_12m,ok,2025-07-29 18:00:00+00:00,2026-07-29 18:00:00+00:00,5686.0,667.0,0.002792091844003832,0.5322338830584707,1.3529860480532934,0.17606008763211833,False,5686.0,0.00011646753275020907,0.002675624311253623,state_ext=stretched_up,738.0,0.0023128069599793184,0.0004792848840245137,0.2222454335763162
FUT/CL,1h,state_ext=stretched_up + state_slope=uptrend,latest_6m,ok,2026-01-29 18:00:00+00:00,2026-07-29 18:00:00+00:00,2827.0,573.0,0.003098264002353952,0.5305410122164049,1.324640384097384,0.18529045484210416,False,2827.0,0.0005084102782105432,0.002589853724143409,state_ext=stretched_up,630.0,0.002637404565381791,0.0004608594369721608,0.23157017139628788
FUT/ZN,1h,state_session=afternoon + state_slope=flat,all,ok,2025-07-17 04:00:00+00:00,2026-07-29 18:00:00+00:00,5817.0,583.0,-0.00017085675291701424,0.40480274442538594,-2.893917426357292,0.0038046820208359478,False,5817.0,-0.00018478130787974643,1.3924554962732193e-05,state_slope=flat,1832.0,-0.0001517170846196856,-1.913966829732863e-05,0.011441310008018846
FUT/ZN,1h,state_session=afternoon + state_slope=flat,calendar_2024,empty_window,,,,,,,,,,,,,,,,,
FUT/ZN,1h,state_session=afternoon + state_slope=flat,calendar_2025,ok,2025-07-17 04:00:00+00:00,2025-12-31 21:00:00+00:00,2558.0,262.0,-0.0001628242008229782,0.40076335877862596,-1.9726755535853002,0.04853253891299625,False,2558.0,-0.00023272825394374133,6.990405312076313e-05,state_session=afternoon,944.0,-0.00017483340505244734,1.2009204229469138e-05,4.0125303394145106e-05
FUT/ZN,1h,state_session=afternoon + state_slope=flat,calendar_2026_ytd,ok,2026-01-02 05:00:00+00:00,2026-07-29 18:00:00+00:00,3259.0,321.0,-0.0001774129169314611,0.40809968847352024,-2.183443466163001,0.0290031679549565,False,3259.0,-0.00014714758955151723,-3.026532737994387e-05,state_slope=flat,962.0,-8.128521006954334e-05,-9.612770686191776e-05,0.3448980649471487
FUT/ZN,1h,state_session=afternoon + state_slope=flat,latest_12m,ok,2025-07-29 18:00:00+00:00,2026-07-29 18:00:00+00:00,5631.0,583.0,-0.00017085675291701424,0.40480274442538594,-2.893917426357292,0.0038046820208359478,False,5631.0,-0.00017702507380983805,6.168320892823814e-06,state_slope=flat,1832.0,-0.0001517170846196856,-1.913966829732863e-05,0.011441310008018846
FUT/ZN,1h,state_session=afternoon + state_slope=flat,latest_6m,ok,2026-01-29 18:00:00+00:00,2026-07-29 18:00:00+00:00,2837.0,255.0,-0.00016663661350129575,0.42745098039215684,-1.726694097732444,0.08422261624190419,False,2837.0,-0.00014679913795607416,-1.983747554522159e-05,state_slope=flat,783.0,-4.949493477084841e-05,-0.00011714167873044734,0.6264964349343494
FUT/GC,1h,state_session=morning + state_slope=downtrend,all,ok,2025-07-17 04:00:00+00:00,2026-07-29 18:00:00+00:00,5887.0,1148.0,0.0008302262933427999,0.4808362369337979,1.478943822694502,0.13915532970435285,False,5887.0,-0.0004132376544915618,0.0012434639478343618,state_slope=downtrend,2182.0,0.0003267679890431299,0.00050345830429967,0.39326485377229736
FUT/GC,1h,state_session=morning + state_slope=downtrend,calendar_2024,empty_window,,,,,,,,,,,,,,,,,
FUT/GC,1h,state_session=morning + state_slope=downtrend,calendar_2025,ok,2025-07-17 04:00:00+00:00,2025-12-31 21:00:00+00:00,2636.0,426.0,-0.00011802444350721836,0.43661971830985913,-0.1744081087367555,0.8615447421354685,False,2636.0,-0.0007376713626067389,0.0006196469190995205,state_slope=downtrend,804.0,-0.00038118239327644124,0.0002631579497692229,0.37924139345654506
FUT/GC,1h,state_session=morning + state_slope=downtrend,calendar_2026_ytd,ok,2026-01-02 05:00:00+00:00,2026-07-29 18:00:00+00:00,3251.0,722.0,0.0013897204954177417,0.5069252077562327,1.7648080444167622,0.0775960322135798,False,3251.0,-0.00015017790223330086,0.0015398983976510426,state_slope=downtrend,1378.0,0.0007398246707448244,0.0006498958246729172,0.17460892931164151
FUT/GC,1h,state_session=morning + state_slope=downtrend,latest_12m,ok,2025-07-29 18:00:00+00:00,2026-07-29 18:00:00+00:00,5691.0,1148.0,0.0008302262933427999,0.4808362369337979,1.478943822694502,0.13915532970435285,False,5691.0,-0.00042431175878859594,0.001254538052131396,state_slope=downtrend,2182.0,0.0003267679890431299,0.00050345830429967,0.39326485377229736
FUT/GC,1h,state_session=morning + state_slope=downtrend,latest_6m,ok,2026-01-29 18:00:00+00:00,2026-07-29 18:00:00+00:00,2829.0,661.0,0.0016583725845236666,0.5143721633888049,1.9413084110871184,0.052220879925019004,False,2829.0,0.00022883624264076485,0.0014295363418829017,state_slope=downtrend,1275.0,0.0010955340357631696,0.0005628385487604971,0.056930800350943
FUT/ZN,1h,state_session=lunch + state_slope=flat,all,ok,2025-07-17 04:00:00+00:00,2026-07-29 18:00:00+00:00,5817.0,151.0,-0.00017533477238306161,0.41721854304635764,-1.1264172795241816,0.2599889361483778,False,5817.0,-0.00018478130787974643,9.446535496684814e-06,state_session=lunch,517.0,-4.6914399562348084e-05,-0.00012842037282071353,0.497678846087215
FUT/ZN,1h,state_session=lunch + state_slope=flat,calendar_2024,empty_window,,,,,,,,,,,,,,,,,
FUT/ZN,1h,state_session=lunch + state_slope=flat,calendar_2025,ok,2025-07-17 04:00:00+00:00,2025-12-31 21:00:00+00:00,2558.0,70.0,-0.00021740534838859312,0.35714285714285715,-1.347814581307135,0.17771802687589622,False,2558.0,-0.00023272825394374133,1.5322905555148215e-05,state_session=lunch,234.0,9.781023576072316e-06,-0.00022718637196466544,0.9012945202446829
FUT/ZN,1h,state_session=lunch + state_slope=flat,calendar_2026_ytd,ok,2026-01-02 05:00:00+00:00,2026-07-29 18:00:00+00:00,3259.0,81.0,-0.00013897748447704673,0.4691358024691358,-0.5571369785149162,0.577433844193129,False,3259.0,-0.00014714758955151723,8.170105074470498e-06,state_slope=flat,962.0,-8.128521006954334e-05,-5.7692274407503396e-05,0.3448980649471487
FUT/ZN,1h,state_session=lunch + state_slope=flat,latest_12m,ok,2025-07-29 18:00:00+00:00,2026-07-29 18:00:00+00:00,5631.0,151.0,-0.00017533477238306161,0.41721854304635764,-1.1264172795241816,0.2599889361483778,False,5631.0,-0.00017702507380983805,1.690301426776435e-06,state_session=lunch,499.0,-4.671525605366762e-05,-0.000128619516329394,0.51417424693121
FUT/ZN,1h,state_session=lunch + state_slope=flat,latest_6m,ok,2026-01-29 18:00:00+00:00,2026-07-29 18:00:00+00:00,2837.0,69.0,-4.1076496970517145e-05,0.4782608695652174,-0.14688427578577856,0.8832233634023017,False,2837.0,-0.00014679913795607416,0.00010572264098555702,state_slope=flat,783.0,-4.949493477084841e-05,8.418437800331266e-06,0.6264964349343494
FUT/CL,1h,state_session=morning + state_ext=stretched_down,all,ok,2025-07-16 04:00:00+00:00,2026-07-29 18:00:00+00:00,5894.0,336.0,0.0009726377596343699,0.5386904761904762,0.5814791312633334,0.5609175791071803,False,5894.0,0.0001390878220024127,0.0008335499376319572,state_ext=stretched_down,646.0,0.0014267691337528966,-0.0004541313741185267,0.3146585956529333
FUT/CL,1h,state_session=morning + state_ext=stretched_down,calendar_2024,empty_window,,,,,,,,,,,,,,,,,
FUT/CL,1h,state_session=morning + state_ext=stretched_down,calendar_2025,ok,2025-07-16 04:00:00+00:00,2025-12-31 21:00:00+00:00,2647.0,58.0,0.0004641626015082253,0.5344827586206896,0.26721112491803073,0.7893066110423916,False,2647.0,-0.0004491198551704278,0.0009132824566786531,state_ext=stretched_down,116.0,0.0009878905252791502,-0.0005237279237709249,0.3571738786854066
FUT/CL,1h,state_session=morning + state_ext=stretched_down,calendar_2026_ytd,ok,2026-01-02 05:00:00+00:00,2026-07-29 18:00:00+00:00,3247.0,278.0,0.0010787225048549329,0.539568345323741,0.5425270897524781,0.5874554507861012,False,3247.0,0.0006186029810650883,0.00046011952378984455,state_ext=stretched_down,530.0,0.0015228255839094139,-0.000444103079054481,0.37118211598956163
FUT/CL,1h,state_session=morning + state_ext=stretched_down,latest_12m,ok,2025-07-29 18:00:00+00:00,2026-07-29 18:00:00+00:00,5686.0,330.0,0.0009695526522498443,0.5393939393939394,0.5695076559012621,0.5690116766488795,False,5686.0,0.00011646753275020907,0.0008530851194996353,state_ext=stretched_down,640.0,0.0014294358568901118,-0.0004598832046402674,0.3182687310430856
FUT/CL,1h,state_session=morning + state_ext=stretched_down,latest_6m,ok,2026-01-29 18:00:00+00:00,2026-07-29 18:00:00+00:00,2827.0,266.0,0.0011586944916048415,0.5488721804511278,0.5458589981129849,0.5851628646250604,False,2827.0,0.0005084102782105432,0.0006502842133942983,state_ext=stretched_down,503.0,0.0017163580765011534,-0.0005576635848963118,0.33755922711715036
FUT/GC,1h,state_ext=stretched_down + state_slope=downtrend,all,ok,2025-07-17 04:00:00+00:00,2026-07-29 18:00:00+00:00,5887.0,236.0,0.00029890939253281456,0.4067796610169492,0.14440537366618977,0.8851803737143351,False,5887.0,-0.0004132376544915618,0.0007121470470243764,state_slope=downtrend,2182.0,0.0003267679890431299,-2.7858596510315335e-05,0.39326485377229736
FUT/GC,1h,state_ext=stretched_down + state_slope=downtrend,calendar_2024,empty_window,,,,,,,,,,,,,,,,,
FUT/GC,1h,state_ext=stretched_down + state_slope=downtrend,calendar_2025,ok,2025-07-17 04:00:00+00:00,2025-12-31 21:00:00+00:00,2636.0,52.0,-0.00031415831185994426,0.36538461538461536,-0.11911419049091562,0.905184888398838,False,2636.0,-0.0007376713626067389,0.0004235130507467946,state_ext=stretched_down,52.0,-0.00031415831185994426,0.0,0.905184888398838
FUT/GC,1h,state_ext=stretched_down + state_slope=downtrend,calendar_2026_ytd,ok,2026-01-02 05:00:00+00:00,2026-07-29 18:00:00+00:00,3251.0,184.0,0.00047216765681772527,0.41847826086956524,0.1867453926571533,0.8518602639066266,False,3251.0,-0.00015017790223330086,0.0006223455590510261,state_slope=downtrend,1378.0,0.0007398246707448244,-0.00026765701392709914,0.17460892931164151
FUT/GC,1h,state_ext=stretched_down + state_slope=downtrend,latest_12m,ok,2025-07-29 18:00:00+00:00,2026-07-29 18:00:00+00:00,5691.0,236.0,0.00029890939253281456,0.4067796610169492,0.14440537366618977,0.8851803737143351,False,5691.0,-0.00042431175878859594,0.0007232211513214105,state_slope=downtrend,2182.0,0.0003267679890431299,-2.7858596510315335e-05,0.39326485377229736
FUT/GC,1h,state_ext=stretched_down + state_slope=downtrend,latest_6m,ok,2026-01-29 18:00:00+00:00,2026-07-29 18:00:00+00:00,2829.0,182.0,0.0007081768797431019,0.4230769230769231,0.2781868983273601,0.7808688916977753,False,2829.0,0.00022883624264076485,0.000479340637102337,state_slope=downtrend,1275.0,0.0010955340357631696,-0.0003873571560200677,0.056930800350943
FUT/GC,1h,state_session=afternoon + state_ext=stretched_up,all,ok,2025-07-17 04:00:00+00:00,2026-07-29 18:00:00+00:00,5887.0,107.0,0.0008646539832451164,0.5607476635514018,0.7235921770860535,0.4693161455047341,False,5887.0,1.3237654491562255e-05,0.0008514163287535541,state_session=afternoon,2291.0,0.0003250113697416811,0.0005396426135034352,0.2874805786981456
FUT/GC,1h,state_session=afternoon + state_ext=stretched_up,calendar_2024,empty_window,,,,,,,,,,,,,,,,,
FUT/GC,1h,state_session=afternoon + state_ext=stretched_up,calendar_2025,ok,2025-07-17 04:00:00+00:00,2025-12-31 21:00:00+00:00,2636.0,9.0,-0.0009743673052131861,0.5555555555555556,-0.5878353164558237,0.5566428365091813,False,2636.0,0.000337671362606739,-0.001312038667819925,state_session=afternoon,1021.0,0.0004892233044289782,-0.0014635906096421643,0.07066961747554323
FUT/GC,1h,state_session=afternoon + state_ext=stretched_up,calendar_2026_ytd,ok,2026-01-02 05:00:00+00:00,2026-07-29 18:00:00+00:00,3251.0,98.0,0.0010335436934096542,0.5612244897959183,0.8152857339461483,0.414908772828535,False,3251.0,-0.00024982209776669873,0.001283365791176353,state_ext=stretched_up,193.0,0.00023887263227017095,0.0007946710611394833,0.7791217051910637
FUT/GC,1h,state_session=afternoon + state_ext=stretched_up,latest_12m,ok,2025-07-29 18:00:00+00:00,2026-07-29 18:00:00+00:00,5691.0,107.0,0.0008646539832451164,0.5607476635514018,0.7235921770860535,0.4693161455047341,False,5691.0,2.4311758788596278e-05,0.0008403422244565201,state_session=afternoon,2221.0,0.0003575047018598292,0.0005071492813852872,0.2494065668626746
FUT/GC,1h,state_session=afternoon + state_ext=stretched_up,latest_6m,ok,2026-01-29 18:00:00+00:00,2026-07-29 18:00:00+00:00,2829.0,64.0,-0.001073238867673854,0.453125,-0.8291385832671991,0.4070259932609228,False,2829.0,-0.0006288362426407646,-0.0004444026250330894,state_session=afternoon,1113.0,-0.0003503477951647083,-0.0007228910725091456,0.4862873716733773
FUT/ES,1h,state_session=morning + state_ext=neutral,all,ok,2025-07-16 04:00:00+00:00,2026-07-29 18:00:00+00:00,5912.0,3071.0,-4.873626588605173e-05,0.5079778573754478,-0.3005653535808413,0.7637459542789635,False,5912.0,-5.6376211756481216e-05,7.639945870429486e-06,state_session=morning,3093.0,-4.006448565104978e-05,-8.671780235001952e-06,0.8026614047834404
FUT/ES,1h,state_session=morning + state_ext=neutral,calendar_2024,empty_window,,,,,,,,,,,,,,,,,
FUT/ES,1h,state_session=morning + state_ext=neutral,calendar_2025,ok,2025-07-16 04:00:00+00:00,2025-12-31 21:00:00+00:00,2657.0,1380.0,-0.00019571060543628182,0.49130434782608695,-0.8732134678562875,0.38254673535980377,False,2657.0,-6.620308925172414e-06,-0.00018909029651110941,state_ext=neutral,2626.0,-2.201809967067563e-05,-0.00017369250576560618,0.8728966506261726
FUT/ES,1h,state_session=morning + state_ext=neutral,calendar_2026_ytd,ok,2026-01-02 05:00:00+00:00,2026-07-29 18:00:00+00:00,3255.0,1691.0,7.12073110384412e-05,0.5215848610289769,0.31645588293561716,0.7516565061039655,False,3255.0,-9.699109157915024e-05,0.00016819840261759144,state_session=morning,1701.0,7.5230545880197e-05,-4.023234841755795e-06,0.7347925781034956
FUT/ES,1h,state_session=morning + state_ext=neutral,latest_12m,ok,2025-07-29 18:00:00+00:00,2026-07-29 18:00:00+00:00,5693.0,2963.0,-5.058258789993071e-05,0.5075936550793115,-0.3021031220671855,0.7625734525135188,False,5693.0,-6.945359989211484e-05,1.887101199218413e-05,state_session=morning,2973.0,-4.787104351539982e-05,-2.711544384530884e-06,0.7731663767532315
FUT/ES,1h,state_session=morning + state_ext=neutral,latest_6m,ok,2026-01-29 18:00:00+00:00,2026-07-29 18:00:00+00:00,2833.0,1464.0,6.648700424280807e-05,0.523224043715847,0.2665809586870442,0.7897918180048882,False,2833.0,-9.510092740503769e-05,0.00016158793164784577,state_session=morning,1473.0,6.872045277942323e-05,-2.2334485366151615e-06,0.7799630722970579
FUT/ES,1h,state_ext=neutral + state_slope=flat,all,ok,2025-07-16 04:00:00+00:00,2026-07-29 18:00:00+00:00,5912.0,1672.0,-0.00010777454429787857,0.5095693779904307,-0.6709222713222359,0.5022700476378243,False,5912.0,-5.6376211756481216e-05,-5.139833254139735e-05,state_ext=neutral,5846.0,-7.699864244492127e-05,-3.077590185295729e-05,0.46561246849660876
FUT/ES,1h,state_ext=neutral + state_slope=flat,calendar_2024,empty_window,,,,,,,,,,,,,,,,,
FUT/ES,1h,state_ext=neutral + state_slope=flat,calendar_2025,ok,2025-07-16 04:00:00+00:00,2025-12-31 21:00:00+00:00,2657.0,763.0,-0.00019289834876465094,0.5045871559633027,-0.8342047868967148,0.40416559414007924,False,2657.0,-6.620308925172414e-06,-0.00018627803983947854,state_ext=neutral,2626.0,-2.201809967067563e-05,-0.0001708802490939753,0.8728966506261726
FUT/ES,1h,state_ext=neutral + state_slope=flat,calendar_2026_ytd,ok,2026-01-02 05:00:00+00:00,2026-07-29 18:00:00+00:00,3255.0,909.0,-3.632299005349202e-05,0.5137513751375138,-0.16677729005390707,0.8675452883126804,False,3255.0,-9.699109157915024e-05,6.066810152565822e-05,state_slope=flat,911.0,-3.038372478820797e-05,-5.939265265284048e-06,0.8882324506761481
FUT/ES,1h,state_ext=neutral + state_slope=flat,latest_12m,ok,2025-07-29 18:00:00+00:00,2026-07-29 18:00:00+00:00,5693.0,1672.0,-0.00010777454429787857,0.5095693779904307,-0.6709222713222359,0.5022700476378243,False,5693.0,-6.945359989211484e-05,-3.832094440576373e-05,state_ext=neutral,5646.0,-8.853804031216787e-05,-1.92365039857107e-05,0.415536145759019
FUT/ES,1h,state_ext=neutral + state_slope=flat,latest_6m,ok,2026-01-29 18:00:00+00:00,2026-07-29 18:00:00+00:00,2833.0,779.0,-3.5041440072121714e-05,0.5070603337612324,-0.14841091300374337,0.882018488114451,False,2833.0,-9.510092740503769e-05,6.0059487332915974e-05,state_slope=flat,781.0,-2.8116846529598017e-05,-6.924593542523697e-06,0.9043971836863358
FUT/NQ,1h,state_ext=neutral + state_slope=flat,all,ok,2025-07-16 04:00:00+00:00,2026-07-29 18:00:00+00:00,5916.0,1473.0,-0.00010302515045403814,0.5220638153428377,-0.4032347520817073,0.6867755364354282,False,5916.0,-3.4668488841881234e-05,-6.83566616121569e-05,state_ext=neutral,5715.0,-9.215271941344086e-05,-1.0872431040597286e-05,0.5390612293216392
FUT/NQ,1h,state_ext=neutral + state_slope=flat,calendar_2024,empty_window,,,,,,,,,,,,,,,,,
FUT/NQ,1h,state_ext=neutral + state_slope=flat,calendar_2025,ok,2025-07-16 04:00:00+00:00,2025-12-31 21:00:00+00:00,2660.0,686.0,-0.00014482744675200785,0.5233236151603499,-0.4300169143824696,0.6671833372537681,False,2660.0,1.848160211059983e-05,-0.0001633090488626077,state_ext=neutral,2603.0,5.391894385052284e-06,-0.00015021934113706013,0.9768023600459443
FUT/NQ,1h,state_ext=neutral + state_slope=flat,calendar_2026_ytd,ok,2026-01-02 05:00:00+00:00,2026-07-29 18:00:00+00:00,3256.0,787.0,-6.658757070765035e-05,0.5209656925031766,-0.1791819514203349,0.8577948350563813,False,3256.0,-7.808963194188099e-05,1.1502061234230644e-05,state_slope=flat,789.0,-5.4483096401795055e-05,-1.2104474305855291e-05,0.8828279651508015
FUT/NQ,1h,state_ext=neutral + state_slope=flat,latest_12m,ok,2025-07-29 18:00:00+00:00,2026-07-29 18:00:00+00:00,5697.0,1473.0,-0.00010302515045403814,0.5220638153428377,-0.4032347520817073,0.6867755364354282,False,5697.0,-4.618060898891737e-05,-5.6844541465120773e-05,state_ext=neutral,5515.0,-0.00010508243662321647,2.057286169178331e-06,0.4976911833070312
FUT/NQ,1h,state_ext=neutral + state_slope=flat,latest_6m,ok,2026-01-29 18:00:00+00:00,2026-07-29 18:00:00+00:00,2834.0,657.0,-2.130732572019769e-05,0.5251141552511416,-0.05163391467556225,0.958820395369687,False,2834.0,-7.936383205757377e-05,5.805650633737608e-05,state_slope=flat,659.0,-6.952439927565085e-06,-1.4354885792632605e-05,0.9864735911799885
FUT/ES,1h,state_session=morning + state_slope=flat,all,ok,2025-07-16 04:00:00+00:00,2026-07-29 18:00:00+00:00,5912.0,1042.0,-0.00025821360820642254,0.4875239923224568,-1.106096845881027,0.26868460377955294,False,5912.0,-5.6376211756481216e-05,-0.00020183739644994133,state_session=morning,3093.0,-4.006448565104978e-05,-0.00021814912255537275,0.8026614047834404
FUT/ES,1h,state_session=morning + state_slope=flat,calendar_2024,empty_window,,,,,,,,,,,,,,,,,
FUT/ES,1h,state_session=morning + state_slope=flat,calendar_2025,ok,2025-07-16 04:00:00+00:00,2025-12-31 21:00:00+00:00,2657.0,463.0,-0.0003457695803631404,0.46652267818574517,-0.934026055142785,0.350290453017045,False,2657.0,-6.620308925172414e-06,-0.000339149271437968,state_session=morning,1392.0,-0.00018095302633686208,-0.00016481655402627833,0.4160428653096644
FUT/ES,1h,state_session=morning + state_slope=flat,calendar_2026_ytd,ok,2026-01-02 05:00:00+00:00,2026-07-29 18:00:00+00:00,3255.0,579.0,-0.0001881990743401697,0.5043177892918825,-0.6620443971486268,0.5079427688724478,False,3255.0,-9.699109157915024e-05,-9.120798276101948e-05,state_session=morning,1701.0,7.5230545880197e-05,-0.00026342962022036674,0.7347925781034956
FUT/ES,1h,state_session=morning + state_slope=flat,latest_12m,ok,2025-07-29 18:00:00+00:00,2026-07-29 18:00:00+00:00,5693.0,1042.0,-0.00025821360820642254,0.4875239923224568,-1.106096845881027,0.26868460377955294,False,5693.0,-6.945359989211484e-05,-0.00018876000831430769,state_session=morning,2973.0,-4.787104351539982e-05,-0.0002103425646910227,0.7731663767532315
FUT/ES,1h,state_session=morning + state_slope=flat,latest_6m,ok,2026-01-29 18:00:00+00:00,2026-07-29 18:00:00+00:00,2833.0,489.0,-0.0002109511052209863,0.49693251533742333,-0.6800997705085916,0.4964412897793218,False,2833.0,-9.510092740503769e-05,-0.00011585017781594861,state_session=morning,1473.0,6.872045277942323e-05,-0.00027967155800040955,0.7799630722970579
FUT/ES,1h,state_ext=neutral + state_vol=high_vol,all,ok,2025-07-16 04:00:00+00:00,2026-07-29 18:00:00+00:00,5912.0,2563.0,0.00010982715193273765,0.5364806866952789,0.5833837353464263,0.5596350044394605,False,5912.0,-5.6376211756481216e-05,0.00016620336368921887,state_vol=high_vol,2609.0,0.00014524834108055172,-3.542118914781407e-05,0.43787474112479163
FUT/ES,1h,state_ext=neutral + state_vol=high_vol,calendar_2024,empty_window,,,,,,,,,,,,,,,,,
FUT/ES,1h,state_ext=neutral + state_vol=high_vol,calendar_2025,ok,2025-07-16 04:00:00+00:00,2025-12-31 21:00:00+00:00,2657.0,1066.0,6.588997837110255e-05,0.5393996247654784,0.2645973986021776,0.791319624344978,False,2657.0,-6.620308925172414e-06,7.251028729627497e-05,state_vol=high_vol,1078.0,9.101727036419657e-05,-2.5127291993094016e-05,0.7135323723535612
FUT/ES,1h,state_ext=neutral + state_vol=high_vol,calendar_2026_ytd,ok,2026-01-02 05:00:00+00:00,2026-07-29 18:00:00+00:00,3255.0,1497.0,0.00014111441112893205,0.5344021376085505,0.5393901633409106,0.5896176669774666,False,3255.0,-9.699109157915024e-05,0.00023810550270808229,state_vol=high_vol,1531.0,0.00018343324913556866,-4.2318838006636614e-05,0.4802643205944841
FUT/ES,1h,state_ext=neutral + state_vol=high_vol,latest_12m,ok,2025-07-29 18:00:00+00:00,2026-07-29 18:00:00+00:00,5693.0,2563.0,0.00010982715193273765,0.5364806866952789,0.5833837353464263,0.5596350044394605,False,5693.0,-6.945359989211484e-05,0.0001792807518248525,state_vol=high_vol,2609.0,0.00014524834108055172,-3.542118914781407e-05,0.43787474112479163
FUT/ES,1h,state_ext=neutral + state_vol=high_vol,latest_6m,ok,2026-01-29 18:00:00+00:00,2026-07-29 18:00:00+00:00,2833.0,1381.0,8.029602055618401e-05,0.5242577842143374,0.2883694817719543,0.7730639259710339,False,2833.0,-9.510092740503769e-05,0.0001753969479612217,state_vol=high_vol,1414.0,0.00012504207391162862,-4.474605335544461e-05,0.6511413718007137
FUT/NQ,1h,state_ext=neutral + state_slope=uptrend,all,ok,2025-07-16 04:00:00+00:00,2026-07-29 18:00:00+00:00,5916.0,1956.0,-6.805601214090918e-05,0.5286298568507157,-0.31840311154478207,0.7501791783294465,False,5916.0,-3.4668488841881234e-05,-3.338752329902795e-05,state_slope=uptrend,2031.0,1.130520009971393e-05,-7.936121224062311e-05,0.9577537522111665
FUT/NQ,1h,state_ext=neutral + state_slope=uptrend,calendar_2024,empty_window,,,,,,,,,,,,,,,,,
FUT/NQ,1h,state_ext=neutral + state_slope=uptrend,calendar_2025,ok,2025-07-16 04:00:00+00:00,2025-12-31 21:00:00+00:00,2660.0,851.0,-0.0001429747803941499,0.5264394829612221,-0.4906480730028391,0.6236753791827336,False,2660.0,1.848160211059983e-05,-0.00016145638250474975,state_ext=neutral,2603.0,5.391894385052284e-06,-0.0001483666747792022,0.9768023600459443
FUT/NQ,1h,state_ext=neutral + state_slope=uptrend,calendar_2026_ytd,ok,2026-01-02 05:00:00+00:00,2026-07-29 18:00:00+00:00,3256.0,1105.0,-1.0358390617372691e-05,0.530316742081448,-0.03426263335185248,0.9726677216287207,False,3256.0,-7.808963194188099e-05,6.77312413245083e-05,state_slope=uptrend,1174.0,0.00012021886363171911,-0.0001305772542490918,0.6862865232640272
FUT/NQ,1h,state_ext=neutral + state_slope=uptrend,latest_12m,ok,2025-07-29 18:00:00+00:00,2026-07-29 18:00:00+00:00,5697.0,1956.0,-6.805601214090918e-05,0.5286298568507157,-0.31840311154478207,0.7501791783294465,False,5697.0,-4.618060898891737e-05,-2.1875403151991815e-05,state_slope=uptrend,2031.0,1.130520009971393e-05,-7.936121224062311e-05,0.9577537522111665
FUT/NQ,1h,state_ext=neutral + state_slope=uptrend,latest_6m,ok,2026-01-29 18:00:00+00:00,2026-07-29 18:00:00+00:00,2834.0,962.0,6.638456830106665e-05,0.5384615384615384,0.19629253885547132,0.8443812009262124,False,2834.0,-7.936383205757377e-05,0.0001457484003586404,state_slope=uptrend,1030.0,0.00021201051011200773,-0.00014562594181094106,0.5218050621676555
FUT/CL,1h,state_ext=neutral + state_vol=high_vol,all,ok,2025-07-16 04:00:00+00:00,2026-07-29 18:00:00+00:00,5894.0,1964.0,2.3167613555797843e-05,0.4786150712830957,0.033477744571710245,0.9732936131411565,False,5894.0,-0.0005390878220024125,0.0005622554355582103,state_ext=neutral,4488.0,3.6138142780797807e-06,1.955379927771806e-05,0.9922955180720381
FUT/CL,1h,state_ext=neutral + state_vol=high_vol,calendar_2024,empty_window,,,,,,,,,,,,,,,,,
FUT/CL,1h,state_ext=neutral + state_vol=high_vol,calendar_2025,ok,2025-07-16 04:00:00+00:00,2025-12-31 21:00:00+00:00,2647.0,650.0,0.00045087470596479593,0.5046153846153846,0.9433894162225646,0.34548175472323006,False,2647.0,4.9119855170428214e-05,0.0004017548507943677,state_ext=neutral,2453.0,0.00014062952774819158,0.00031024517821660435,0.6350379187199664
FUT/CL,1h,state_ext=neutral + state_vol=high_vol,calendar_2026_ytd,ok,2026-01-02 05:00:00+00:00,2026-07-29 18:00:00+00:00,3247.0,1314.0,-0.00018840743215641536,0.4657534246575342,-0.18741351172057677,0.8513364294745864,False,3247.0,-0.0010186029810650887,0.0008301955489086733,state_ext=neutral,2035.0,-0.00016154566736427148,-2.686176479214388e-05,0.8243045634537278
FUT/CL,1h,state_ext=neutral + state_vol=high_vol,latest_12m,ok,2025-07-29 18:00:00+00:00,2026-07-29 18:00:00+00:00,5686.0,1964.0,2.3167613555797843e-05,0.4786150712830957,0.033477744571710245,0.9732936131411565,False,5686.0,-0.0005164675327502088,0.0005396351463060066,state_ext=neutral,4308.0,5.484124736692679e-05,-3.167363381112895e-05,0.8869959287482307
FUT/CL,1h,state_ext=neutral + state_vol=high_vol,latest_6m,ok,2026-01-29 18:00:00+00:00,2026-07-29 18:00:00+00:00,2827.0,1152.0,-5.3101448239739005e-05,0.4696180555555556,-0.047366657353740016,0.9622210027563605,False,2827.0,-0.0009084102782105435,0.0008553088299708045,state_ext=neutral,1694.0,0.00024204081001735685,-0.00029514225825709586,0.7750809115820982
FUT/CL,1h,state_ext=neutral + state_slope=uptrend,all,ok,2025-07-16 04:00:00+00:00,2026-07-29 18:00:00+00:00,5894.0,1465.0,-0.00034702518212780204,0.4962457337883959,-0.5767129710962672,0.5641333685721683,False,5894.0,-0.0005390878220024125,0.00019206263987461044,state_ext=neutral,4488.0,3.6138142780797807e-06,-0.0003506389964058818,0.9922955180720381
FUT/CL,1h,state_ext=neutral + state_slope=uptrend,calendar_2024,empty_window,,,,,,,,,,,,,,,,,
FUT/CL,1h,state_ext=neutral + state_slope=uptrend,calendar_2025,ok,2025-07-16 04:00:00+00:00,2025-12-31 21:00:00+00:00,2647.0,717.0,0.00023100207486159545,0.5467224546722455,0.5060513653336353,0.6128205912187217,False,2647.0,4.9119855170428214e-05,0.00018188221969116724,state_ext=neutral,2453.0,0.00014062952774819158,9.037254711340387e-05,0.6350379187199664
FUT/CL,1h,state_ext=neutral + state_slope=uptrend,calendar_2026_ytd,ok,2026-01-02 05:00:00+00:00,2026-07-29 18:00:00+00:00,3247.0,748.0,-0.0009010967640280669,0.44786096256684493,-0.8289507382517908,0.4071322829581341,False,3247.0,-0.0010186029810650887,0.00011750621703702179,state_ext=neutral,2035.0,-0.00016154566736427148,-0.0007395510966637954,0.8243045634537278
FUT/CL,1h,state_ext=neutral + state_slope=uptrend,latest_12m,ok,2025-07-29 18:00:00+00:00,2026-07-29 18:00:00+00:00,5686.0,1465.0,-0.00034702518212780204,0.4962457337883959,-0.5767129710962672,0.5641333685721683,False,5686.0,-0.0005164675327502088,0.00016944235062240677,state_ext=neutral,4308.0,5.484124736692679e-05,-0.0004018664294947288,0.8869959287482307
FUT/CL,1h,state_ext=neutral + state_slope=uptrend,latest_6m,ok,2026-01-29 18:00:00+00:00,2026-07-29 18:00:00+00:00,2827.0,592.0,-0.00048459988923678805,0.4560810810810811,-0.36641380185653305,0.7140563224045224,False,2827.0,-0.0009084102782105435,0.00042381038897375544,state_ext=neutral,1694.0,0.00024204081001735685,-0.0007266406992541449,0.7750809115820982
FUT/NQ,1h,state_session=lunch + state_ext=neutral,all,ok,2025-07-16 04:00:00+00:00,2026-07-29 18:00:00+00:00,5916.0,486.0,9.179928103194468e-05,0.5123456790123457,0.27984783015823306,0.7795942539926899,False,5916.0,-3.4668488841881234e-05,0.0001264677698738259,state_session=lunch,519.0,0.00023736907307405313,-0.00014556979204210846,0.4503424840104646
FUT/NQ,1h,state_session=lunch + state_ext=neutral,calendar_2024,empty_window,,,,,,,,,,,,,,,,,
FUT/NQ,1h,state_session=lunch + state_ext=neutral,calendar_2025,ok,2025-07-16 04:00:00+00:00,2025-12-31 21:00:00+00:00,2660.0,227.0,0.0007797022926196073,0.6035242290748899,2.211490037497317,0.027001921009789154,True,2660.0,1.848160211059983e-05,0.0007612206905090075,state_session=lunch,236.0,0.0007125675131192428,6.713477950036448e-05,0.02981425405475191
FUT/NQ,1h,state_session=lunch + state_ext=neutral,calendar_2026_ytd,ok,2026-01-02 05:00:00+00:00,2026-07-29 18:00:00+00:00,3256.0,259.0,-0.0005111118526761613,0.43243243243243246,-0.986004091114675,0.3241311052857534,False,3256.0,-7.808963194188099e-05,-0.00043302222073428033,state_session=lunch,283.0,-0.00015890948470214744,-0.00035220236797401386,0.7520340586923462
FUT/NQ,1h,state_session=lunch + state_ext=neutral,latest_12m,ok,2025-07-29 18:00:00+00:00,2026-07-29 18:00:00+00:00,5697.0,468.0,4.566314765768425e-05,0.5064102564102564,0.13497733494722478,0.8926297944115631,False,5697.0,-4.618060898891737e-05,9.184375664660161e-05,state_session=lunch,499.0,0.0002009935740081869,-0.00015533042635050266,0.5365056845367622
FUT/NQ,1h,state_session=lunch + state_ext=neutral,latest_6m,ok,2026-01-29 18:00:00+00:00,2026-07-29 18:00:00+00:00,2834.0,222.0,-0.0004916418564641798,0.4369369369369369,-0.8467696019365045,0.39712355481724115,False,2834.0,-7.936383205757377e-05,-0.000412278024406606,state_session=lunch,246.0,-8.836547342532492e-05,-0.00040327638303885486,0.8727817966397227
FUT/CL,1h,state_ext=stretched_down + state_vol=high_vol,all,ok,2025-07-16 04:00:00+00:00,2026-07-29 18:00:00+00:00,5894.0,542.0,0.0012470200550930325,0.5092250922509225,0.7575334765346972,0.4487303177246742,False,5894.0,0.0001390878220024127,0.0011079322330906198,state_ext=stretched_down,646.0,0.0014267691337528966,-0.0001797490786598641,0.3146585956529333
FUT/CL,1h,state_ext=stretched_down + state_vol=high_vol,calendar_2024,empty_window,,,,,,,,,,,,,,,,,
FUT/CL,1h,state_ext=stretched_down + state_vol=high_vol,calendar_2025,ok,2025-07-16 04:00:00+00:00,2025-12-31 21:00:00+00:00,2647.0,73.0,0.0014615534766262953,0.4794520547945205,1.1583956226697876,0.24670262467810522,False,2647.0,-0.0004491198551704278,0.001910673331796723,state_ext=stretched_down,116.0,0.0009878905252791502,0.00047366295134714507,0.3571738786854066
FUT/CL,1h,state_ext=stretched_down + state_vol=high_vol,calendar_2026_ytd,ok,2026-01-02 05:00:00+00:00,2026-07-29 18:00:00+00:00,3247.0,469.0,0.0012136278594172788,0.5138592750533049,0.6416244810464061,0.5211170336902431,False,3247.0,0.0006186029810650883,0.0005950248783521904,state_ext=stretched_down,530.0,0.0015228255839094139,-0.0003091977244921351,0.37118211598956163
FUT/CL,1h,state_ext=stretched_down + state_vol=high_vol,latest_12m,ok,2025-07-29 18:00:00+00:00,2026-07-29 18:00:00+00:00,5686.0,542.0,0.0012470200550930325,0.5092250922509225,0.7575334765346972,0.4487303177246742,False,5686.0,0.00011646753275020907,0.0011305525223428235,state_ext=stretched_down,640.0,0.0014294358568901118,-0.00018241580179707926,0.3182687310430856
FUT/CL,1h,state_ext=stretched_down + state_vol=high_vol,latest_6m,ok,2026-01-29 18:00:00+00:00,2026-07-29 18:00:00+00:00,2827.0,445.0,0.0014316490596318469,0.5303370786516854,0.7199505939327243,0.4715554155397135,False,2827.0,0.0005084102782105432,0.0009232387814213037,state_ext=stretched_down,503.0,0.0017163580765011534,-0.0002847090168693065,0.33755922711715036
FUT/CL,1h,state_ext=stretched_up + state_vol=high_vol,all,ok,2025-07-16 04:00:00+00:00,2026-07-29 18:00:00+00:00,5894.0,589.0,0.0018796283697098681,0.49745331069609505,0.8176510394173263,0.41355647473959056,False,5894.0,0.0001390878220024127,0.0017405405477074554,state_ext=stretched_up,741.0,0.0022995103410339856,-0.0004198819713241175,0.22306747762500345
FUT/CL,1h,state_ext=stretched_up + state_vol=high_vol,calendar_2024,empty_window,,,,,,,,,,,,,,,,,
FUT/CL,1h,state_ext=stretched_up + state_vol=high_vol,calendar_2025,ok,2025-07-16 04:00:00+00:00,2025-12-31 21:00:00+00:00,2647.0,32.0,0.002840839072066059,0.5625,1.0044779246120406,0.3151483064719893,False,2647.0,-0.0004491198551704278,0.0032899589272364868,state_ext=stretched_up,59.0,0.0002911233177308975,0.0025497157543351613,0.8735092015613584
FUT/CL,1h,state_ext=stretched_up + state_vol=high_vol,calendar_2026_ytd,ok,2026-01-02 05:00:00+00:00,2026-07-29 18:00:00+00:00,3247.0,557.0,0.001824406210867143,0.49371633752244165,0.7527691026121341,0.45158867660893387,False,3247.0,0.0006186029810650883,0.0012058032298020546,state_ext=stretched_up,682.0,0.0024732564324927574,-0.0006488502216256144,0.2255016941452055
FUT/CL,1h,state_ext=stretched_up + state_vol=high_vol,latest_12m,ok,2025-07-29 18:00:00+00:00,2026-07-29 18:00:00+00:00,5686.0,589.0,0.0018796283697098681,0.49745331069609505,0.8176510394173263,0.41355647473959056,False,5686.0,0.00011646753275020907,0.001763160836959659,state_ext=stretched_up,738.0,0.0023128069599793184,-0.0004331785902694503,0.2222454335763162
FUT/CL,1h,state_ext=stretched_up + state_vol=high_vol,latest_6m,ok,2026-01-29 18:00:00+00:00,2026-07-29 18:00:00+00:00,2827.0,523.0,0.001991243889681421,0.4894837476099426,0.7724315957300837,0.4398588465034665,False,2827.0,0.0005084102782105432,0.001482833611470878,state_ext=stretched_up,630.0,0.002637404565381791,-0.00064616067570037,0.23157017139628788
FUT/GC,1h,state_ext=stretched_down + state_vol=high_vol,all,ok,2025-07-17 04:00:00+00:00,2026-07-29 18:00:00+00:00,5887.0,212.0,0.00021132487398499905,0.39622641509433965,0.0910378508248834,0.92746251530758,False,5887.0,-0.0004132376544915618,0.0006245625284765609,state_ext=stretched_down,241.0,8.967290401463094e-05,0.00012165196997036811,0.9651891122887346
FUT/GC,1h,state_ext=stretched_down + state_vol=high_vol,calendar_2024,empty_window,,,,,,,,,,,,,,,,,
FUT/GC,1h,state_ext=stretched_down + state_vol=high_vol,calendar_2025,ok,2025-07-17 04:00:00+00:00,2025-12-31 21:00:00+00:00,2636.0,52.0,-0.00031415831185994426,0.36538461538461536,-0.11911419049091562,0.905184888398838,False,2636.0,-0.0007376713626067389,0.0004235130507467946,state_ext=stretched_down,52.0,-0.00031415831185994426,0.0,0.905184888398838
FUT/GC,1h,state_ext=stretched_down + state_vol=high_vol,calendar_2026_ytd,ok,2026-01-02 05:00:00+00:00,2026-07-29 18:00:00+00:00,3251.0,160.0,0.0003821069093846055,0.40625,0.13052025059621783,0.8961548335260634,False,3251.0,-0.00015017790223330086,0.0005322848116179064,state_ext=stretched_down,189.0,0.00020077990520763628,0.00018132700417696922,0.9358838438092181
FUT/GC,1h,state_ext=stretched_down + state_vol=high_vol,latest_12m,ok,2025-07-29 18:00:00+00:00,2026-07-29 18:00:00+00:00,5691.0,212.0,0.00021132487398499905,0.39622641509433965,0.0910378508248834,0.92746251530758,False,5691.0,-0.00042431175878859594,0.000635636632773595,state_ext=stretched_down,241.0,8.967290401463094e-05,0.00012165196997036811,0.9651891122887346
FUT/GC,1h,state_ext=stretched_down + state_vol=high_vol,latest_6m,ok,2026-01-29 18:00:00+00:00,2026-07-29 18:00:00+00:00,2829.0,157.0,0.0009153365725961352,0.4140127388535032,0.3114624701471473,0.7554490694311629,False,2829.0,0.00022883624264076485,0.0006865003299553704,state_ext=stretched_down,186.0,0.0006479469810768796,0.0002673895915192556,0.7954647507895136
FUT/GC,1h,state_session=afternoon + state_ext=stretched_down,all,ok,2025-07-17 04:00:00+00:00,2026-07-29 18:00:00+00:00,5887.0,93.0,-0.0025484119801569335,0.3225806451612903,-1.070793692356924,0.28426220370573074,False,5887.0,-0.0004132376544915618,-0.0021351743256653715,state_ext=stretched_down,241.0,8.967290401463094e-05,-0.0026380848841715643,0.9651891122887346
FUT/GC,1h,state_session=afternoon + state_ext=stretched_down,calendar_2024,empty_window,,,,,,,,,,,,,,,,,
FUT/GC,1h,state_session=afternoon + state_ext=stretched_down,calendar_2025,ok,2025-07-17 04:00:00+00:00,2025-12-31 21:00:00+00:00,2636.0,18.0,-0.005561339362575596,0.16666666666666666,-2.870333393920306,0.004100392155761634,False,2636.0,-0.0007376713626067389,-0.004823667999968857,state_ext=stretched_down,52.0,-0.00031415831185994426,-0.005247181050715651,0.905184888398838
FUT/GC,1h,state_session=afternoon + state_ext=stretched_down,calendar_2026_ytd,ok,2026-01-02 05:00:00+00:00,2026-07-29 18:00:00+00:00,3251.0,75.0,-0.001825309408376454,0.36,-0.6292277802684518,0.5291999441789628,False,3251.0,-0.00015017790223330086,-0.001675131506143153,state_ext=stretched_down,189.0,0.00020077990520763628,-0.00202608931358409,0.9358838438092181
FUT/GC,1h,state_session=afternoon + state_ext=stretched_down,latest_12m,ok,2025-07-29 18:00:00+00:00,2026-07-29 18:00:00+00:00,5691.0,93.0,-0.0025484119801569335,0.3225806451612903,-1.070793692356924,0.28426220370573074,False,5691.0,-0.00042431175878859594,-0.0021241002213683376,state_ext=stretched_down,241.0,8.967290401463094e-05,-0.0026380848841715643,0.9651891122887346
FUT/GC,1h,state_session=afternoon + state_ext=stretched_down,latest_6m,ok,2026-01-29 18:00:00+00:00,2026-07-29 18:00:00+00:00,2829.0,75.0,-0.001825309408376454,0.36,-0.6292277802684518,0.5291999441789628,False,2829.0,0.00022883624264076485,-0.0020541456510172187,state_ext=stretched_down,186.0,0.0006479469810768796,-0.0024732563894533334,0.7954647507895136
FUT/GC,1h,state_session=lunch + state_slope=flat,all,ok,2025-07-17 04:00:00+00:00,2026-07-29 18:00:00+00:00,5887.0,145.0,0.0007005683830130867,0.4482758620689655,1.0122913506807767,0.3113987691697435,False,5887.0,1.3237654491562255e-05,0.0006873307285215245,state_session=lunch,517.0,0.000560936333859554,0.0001396320491535327,0.2515726272951131
FUT/GC,1h,state_session=lunch + state_slope=flat,calendar_2024,empty_window,,,,,,,,,,,,,,,,,
FUT/GC,1h,state_session=lunch + state_slope=flat,calendar_2025,ok,2025-07-17 04:00:00+00:00,2025-12-31 21:00:00+00:00,2636.0,72.0,0.000519195821150701,0.4305555555555556,0.9243526511621355,0.35530273827187653,False,2636.0,0.000337671362606739,0.000181524458543962,state_slope=flat,695.0,0.0007178442149991303,-0.0001986483938484293,0.04471107767266003
FUT/GC,1h,state_session=lunch + state_slope=flat,calendar_2026_ytd,ok,2026-01-02 05:00:00+00:00,2026-07-29 18:00:00+00:00,3251.0,73.0,0.0008794563892335216,0.4657534246575342,0.6933424853575225,0.48809464687255266,False,3251.0,-0.00024982209776669873,0.0011292784870002204,state_session=lunch,283.0,0.0006218353401965695,0.0002576210490369521,0.4417078516485953
FUT/GC,1h,state_session=lunch + state_slope=flat,latest_12m,ok,2025-07-29 18:00:00+00:00,2026-07-29 18:00:00+00:00,5691.0,145.0,0.0007005683830130867,0.4482758620689655,1.0122913506807767,0.3113987691697435,False,5691.0,2.4311758788596278e-05,0.0006762566242244904,state_session=lunch,499.0,0.0005908413549176155,0.00010972702809547116,0.243361433619266
FUT/GC,1h,state_session=lunch + state_slope=flat,latest_6m,ok,2026-01-29 18:00:00+00:00,2026-07-29 18:00:00+00:00,2829.0,59.0,-2.0615510979755353e-05,0.423728813559322,-0.014599749084542372,0.9883514994334905,False,2829.0,-0.0006288362426407646,0.0006082207316610093,state_slope=flat,736.0,5.4042320476364774e-05,-7.465783145612013e-05,0.9128157029203092
FUT/GC,1h,state_ext=stretched_up + state_slope=uptrend,all,ok,2025-07-17 04:00:00+00:00,2026-07-29 18:00:00+00:00,5887.0,206.0,0.0005051845803797277,0.5485436893203883,0.66501314192906,0.5060420874629907,False,5887.0,1.3237654491562255e-05,0.0004919469258881654,state_slope=uptrend,1952.0,0.00044785655430489653,5.732802607483114e-05,0.19049578950788248
FUT/GC,1h,state_ext=stretched_up + state_slope=uptrend,calendar_2024,empty_window,,,,,,,,,,,,,,,,,
FUT/GC,1h,state_ext=stretched_up + state_slope=uptrend,calendar_2025,ok,2025-07-17 04:00:00+00:00,2025-12-31 21:00:00+00:00,2636.0,21.0,-0.00019593869254193343,0.5238095238095238,-0.1710335206548913,0.8641974082472603,False,2636.0,0.000337671362606739,-0.0005336100551486724,state_slope=uptrend,918.0,0.0005047768193638088,-0.0007007155119057422,0.12971677391513703
FUT/GC,1h,state_ext=stretched_up + state_slope=uptrend,calendar_2026_ytd,ok,2026-01-02 05:00:00+00:00,2026-07-29 18:00:00+00:00,3251.0,185.0,0.0005847715464951598,0.5513513513513514,0.699509564925491,0.4842336375757901,False,3251.0,-0.00024982209776669873,0.0008345936442618585,state_slope=uptrend,1034.0,0.0003973219282661329,0.00018744961822902685,0.4784767319264045
FUT/GC,1h,state_ext=stretched_up + state_slope=uptrend,latest_12m,ok,2025-07-29 18:00:00+00:00,2026-07-29 18:00:00+00:00,5691.0,206.0,0.0005051845803797277,0.5485436893203883,0.66501314192906,0.5060420874629907,False,5691.0,2.4311758788596278e-05,0.0004808728215911314,state_slope=uptrend,1952.0,0.00044785655430489653,5.732802607483114e-05,0.19049578950788248
FUT/GC,1h,state_ext=stretched_up + state_slope=uptrend,latest_6m,ok,2026-01-29 18:00:00+00:00,2026-07-29 18:00:00+00:00,2829.0,121.0,-0.001070624758356419,0.4380165289256198,-1.217546434125714,0.22339638067660617,False,2829.0,-0.0006288362426407646,-0.00044178851571565435,state_slope=uptrend,818.0,0.000107644275423855,-0.001178269033780274,0.8520838918563207
FUT/GC,1h,state_ext=stretched_up + state_vol=high_vol,all,ok,2025-07-17 04:00:00+00:00,2026-07-29 18:00:00+00:00,5887.0,190.0,0.00027632828915501276,0.5473684210526316,0.32199671040670086,0.7474551866280292,False,5887.0,1.3237654491562255e-05,0.0002630906346634505,state_vol=high_vol,2644.0,0.00017559455536340262,0.00010073373379161014,0.6533645701091233
FUT/GC,1h,state_ext=stretched_up + state_vol=high_vol,calendar_2024,empty_window,,,,,,,,,,,,,,,,,
FUT/GC,1h,state_ext=stretched_up + state_vol=high_vol,calendar_2025,ok,2025-07-17 04:00:00+00:00,2025-12-31 21:00:00+00:00,2636.0,21.0,-0.00019593869254193343,0.5238095238095238,-0.1710335206548913,0.8641974082472603,False,2636.0,0.000337671362606739,-0.0005336100551486724,state_vol=high_vol,1213.0,0.00010016505107914706,-0.0002961037436210805,0.7994959077904669
FUT/GC,1h,state_ext=stretched_up + state_vol=high_vol,calendar_2026_ytd,ok,2026-01-02 05:00:00+00:00,2026-07-29 18:00:00+00:00,3251.0,169.0,0.00033501235196942624,0.5502958579881657,0.3508362844936278,0.7257111741972955,False,3251.0,-0.00024982209776669873,0.000584834449736125,state_vol=high_vol,1431.0,0.00023953305200687024,9.5479299962556e-05,0.7012721078718167
FUT/GC,1h,state_ext=stretched_up + state_vol=high_vol,latest_12m,ok,2025-07-29 18:00:00+00:00,2026-07-29 18:00:00+00:00,5691.0,190.0,0.00027632828915501276,0.5473684210526316,0.32199671040670086,0.7474551866280292,False,5691.0,2.4311758788596278e-05,0.00025201653036641646,state_vol=high_vol,2644.0,0.00017559455536340262,0.00010073373379161014,0.6533645701091233
FUT/GC,1h,state_ext=stretched_up + state_vol=high_vol,latest_6m,ok,2026-01-29 18:00:00+00:00,2026-07-29 18:00:00+00:00,2829.0,116.0,-0.0014313729040620182,0.4224137931034483,-1.4657808394620067,0.1427080026086487,False,2829.0,-0.0006288362426407646,-0.0008025366614212536,state_vol=high_vol,1214.0,-0.00038132154034633116,-0.001050051363715687,0.560906678804419
FUT/GC,1h,state_session=afternoon + state_ext=neutral,all,ok,2025-07-17 04:00:00+00:00,2026-07-29 18:00:00+00:00,5887.0,2086.0,0.00021920111501068625,0.49041227229146694,0.8296793589819751,0.40672009467132764,False,5887.0,1.3237654491562255e-05,0.000205963460519124,state_session=afternoon,2291.0,0.0003250113697416811,-0.00010581025473099486,0.2874805786981456
FUT/GC,1h,state_session=afternoon + state_ext=neutral,calendar_2024,empty_window,,,,,,,,,,,,,,,,,
FUT/GC,1h,state_session=afternoon + state_ext=neutral,calendar_2025,ok,2025-07-17 04:00:00+00:00,2025-12-31 21:00:00+00:00,2636.0,989.0,0.00042501007000856164,0.512639029322548,1.5364893665973516,0.12441840374968782,False,2636.0,0.000337671362606739,8.733870740182262e-05,state_session=afternoon,1021.0,0.0004892233044289782,-6.42132344204166e-05,0.07066961747554323
FUT/GC,1h,state_session=afternoon + state_ext=neutral,calendar_2026_ytd,ok,2026-01-02 05:00:00+00:00,2026-07-29 18:00:00+00:00,3251.0,1097.0,3.365411729610228e-05,0.47037374658158615,0.07913455416065743,0.9369255994371353,False,3251.0,-0.00024982209776669873,0.000283476215062801,state_session=afternoon,1270.0,0.00019299531831197205,-0.00015934120101586977,0.6963777669863087
FUT/GC,1h,state_session=afternoon + state_ext=neutral,latest_12m,ok,2025-07-29 18:00:00+00:00,2026-07-29 18:00:00+00:00,5691.0,2021.0,0.00024824228227058795,0.49529935675408215,0.9133014308607222,0.36108403003114065,False,5691.0,2.4311758788596278e-05,0.00022393052348199167,state_session=afternoon,2221.0,0.0003575047018598292,-0.00010926241958924123,0.2494065668626746
FUT/GC,1h,state_session=afternoon + state_ext=neutral,latest_6m,ok,2026-01-29 18:00:00+00:00,2026-07-29 18:00:00+00:00,2829.0,974.0,-0.0004395770165456137,0.4517453798767967,-0.9969247041825677,0.31880105939807946,False,2829.0,-0.0006288362426407646,0.0001892592260951509,state_session=afternoon,1113.0,-0.0003503477951647083,-8.922922138090538e-05,0.4862873716733773
FUT/ES,1h,state_session=afternoon + state_slope=uptrend,all,ok,2025-07-16 04:00:00+00:00,2026-07-29 18:00:00+00:00,5912.0,879.0,-0.0001738564042223433,0.4869169510807736,-1.1499628862450453,0.2501591577369413,False,5912.0,-5.6376211756481216e-05,-0.00011748019246586209,state_session=afternoon,2300.0,-8.993461739207217e-05,-8.392178683027113e-05,0.4312432221864677
FUT/ES,1h,state_session=afternoon + state_slope=uptrend,calendar_2024,empty_window,,,,,,,,,,,,,,,,,
FUT/ES,1h,state_session=afternoon + state_slope=uptrend,calendar_2025,ok,2025-07-16 04:00:00+00:00,2025-12-31 21:00:00+00:00,2657.0,343.0,0.00022182289835183773,0.5160349854227405,1.1346682731844409,0.25651433537010604,False,2657.0,-6.620308925172414e-06,0.00022844320727701014,state_session=afternoon,1029.0,0.0001075296452099729,0.00011429325314186484,0.38210592256523856
FUT/ES,1h,state_session=afternoon + state_slope=uptrend,calendar_2026_ytd,ok,2026-01-02 05:00:00+00:00,2026-07-29 18:00:00+00:00,3255.0,536.0,-0.0004270616295636569,0.46828358208955223,-2.0787453578319797,0.03764076160825769,False,3255.0,-9.699109157915024e-05,-0.0003300705379845067,state_slope=uptrend,1128.0,-0.00010623385650688406,-0.0003208277730567729,0.6048544393574946
FUT/ES,1h,state_session=afternoon + state_slope=uptrend,latest_12m,ok,2025-07-29 18:00:00+00:00,2026-07-29 18:00:00+00:00,5693.0,879.0,-0.0001738564042223433,0.4869169510807736,-1.1499628862450453,0.2501591577369413,False,5693.0,-6.945359989211484e-05,-0.00010440280433022846,state_slope=uptrend,1922.0,-9.583609586404803e-05,-7.802030835829527e-05,0.5342496958921443
FUT/ES,1h,state_session=afternoon + state_slope=uptrend,latest_6m,ok,2026-01-29 18:00:00+00:00,2026-07-29 18:00:00+00:00,2833.0,472.0,-0.00046817056805476144,0.4597457627118644,-2.0910249587035863,0.03652582669158422,False,2833.0,-9.510092740503769e-05,-0.00037306964064972377,state_slope=uptrend,993.0,-7.309786116231134e-05,-0.0003950727068924501,0.7481739531741924
FUT/CL,1h,state_session=afternoon + state_slope=uptrend,all,ok,2025-07-16 04:00:00+00:00,2026-07-29 18:00:00+00:00,5894.0,901.0,0.0006578036516435118,0.45172031076581576,0.6281616283688675,0.5298980643079976,False,5894.0,0.0001390878220024127,0.0005187158296410991,state_slope=uptrend,2144.0,0.0007784895390582206,-0.00012068588741470882,0.3564750861573782
FUT/CL,1h,state_session=afternoon + state_slope=uptrend,calendar_2024,empty_window,,,,,,,,,,,,,,,,,
FUT/CL,1h,state_session=afternoon + state_slope=uptrend,calendar_2025,ok,2025-07-16 04:00:00+00:00,2025-12-31 21:00:00+00:00,2647.0,328.0,-0.00022775471328634927,0.38414634146341464,-0.40768972454931407,0.6835014822671395,False,2647.0,-0.0004491198551704278,0.00022136514188407852,state_session=afternoon,1022.0,4.459336295021202e-05,-0.0002723480762365613,0.8797367252205031
FUT/CL,1h,state_session=afternoon + state_slope=uptrend,calendar_2026_ytd,ok,2026-01-02 05:00:00+00:00,2026-07-29 18:00:00+00:00,3247.0,573.0,0.001164720132790099,0.49040139616055844,0.7180374690196564,0.47273418415863233,False,3247.0,0.0006186029810650883,0.0005461171517250106,state_slope=uptrend,1382.0,0.0014958364141521893,-0.0003311162813620903,0.24246024583387538
FUT/CL,1h,state_session=afternoon + state_slope=uptrend,latest_12m,ok,2025-07-29 18:00:00+00:00,2026-07-29 18:00:00+00:00,5686.0,901.0,0.0006578036516435118,0.45172031076581576,0.6281616283688675,0.5298980643079976,False,5686.0,0.00011646753275020907,0.0005413361188933028,state_slope=uptrend,2144.0,0.0007784895390582206,-0.00012068588741470882,0.3564750861573782
FUT/CL,1h,state_session=afternoon + state_slope=uptrend,latest_6m,ok,2026-01-29 18:00:00+00:00,2026-07-29 18:00:00+00:00,2827.0,481.0,0.0014289991902921046,0.4885654885654886,0.7435753065042497,0.4571334468994399,False,2827.0,0.0005084102782105432,0.0009205889120815614,state_slope=uptrend,1176.0,0.0014555937056052889,-2.6594515313184278e-05,0.3213483995238935
FUT/GC,1h,state_session=lunch + state_slope=uptrend,all,ok,2025-07-17 04:00:00+00:00,2026-07-29 18:00:00+00:00,5887.0,189.0,0.0010678122072412036,0.4973544973544973,1.3087730019425092,0.19061125475658036,False,5887.0,1.3237654491562255e-05,0.0010545745527496414,state_session=lunch,517.0,0.000560936333859554,0.0005068758733816496,0.2515726272951131
FUT/GC,1h,state_session=lunch + state_slope=uptrend,calendar_2024,empty_window,,,,,,,,,,,,,,,,,
FUT/GC,1h,state_session=lunch + state_slope=uptrend,calendar_2025,ok,2025-07-17 04:00:00+00:00,2025-12-31 21:00:00+00:00,2636.0,86.0,0.0006806094767197925,0.5465116279069767,0.9097218229848428,0.3629692322566376,False,2636.0,0.000337671362606739,0.0003429381141130535,state_slope=uptrend,918.0,0.0005047768193638088,0.00017583265735598378,0.12971677391513703
FUT/GC,1h,state_session=lunch + state_slope=uptrend,calendar_2026_ytd,ok,2026-01-02 05:00:00+00:00,2026-07-29 18:00:00+00:00,3251.0,103.0,0.0013911076909775266,0.4563106796116505,1.0175937446642211,0.30887106130783826,False,3251.0,-0.00024982209776669873,0.0016409297887442255,state_session=lunch,283.0,0.0006218353401965695,0.0007692723507809571,0.4417078516485953
FUT/GC,1h,state_session=lunch + state_slope=uptrend,latest_12m,ok,2025-07-29 18:00:00+00:00,2026-07-29 18:00:00+00:00,5691.0,189.0,0.0010678122072412036,0.4973544973544973,1.3087730019425092,0.19061125475658036,False,5691.0,2.4311758788596278e-05,0.0010435004484526072,state_session=lunch,499.0,0.0005908413549176155,0.00047697085232358807,0.243361433619266
FUT/GC,1h,state_session=lunch + state_slope=uptrend,latest_6m,ok,2026-01-29 18:00:00+00:00,2026-07-29 18:00:00+00:00,2829.0,85.0,0.00035190833748398076,0.4235294117647059,0.318901162230599,0.7498014629692937,False,2829.0,-0.0006288362426407646,0.0009807445801247453,state_slope=uptrend,818.0,0.000107644275423855,0.00024426406206012576,0.8520838918563207
FUT/NQ,1h,state_ext=stretched_down + state_vol=high_vol,all,ok,2025-07-16 04:00:00+00:00,2026-07-29 18:00:00+00:00,5916.0,97.0,0.0016445637159782033,0.6288659793814433,1.3673132047220877,0.17152715451060896,False,5916.0,-3.4668488841881234e-05,0.0016792322048200846,state_ext=stretched_down,107.0,0.0016978070112306475,-5.324329525244415e-05,0.10783947301955532
FUT/NQ,1h,state_ext=stretched_down + state_vol=high_vol,calendar_2024,empty_window,,,,,,,,,,,,,,,,,
FUT/NQ,1h,state_ext=stretched_down + state_vol=high_vol,calendar_2025,ok,2025-07-16 04:00:00+00:00,2025-12-31 21:00:00+00:00,2660.0,32.0,0.00082860012573541,0.5625,0.4276896301591253,0.6688771006536909,False,2660.0,1.848160211059983e-05,0.0008101185236248101,state_ext=stretched_down,32.0,0.00082860012573541,0.0,0.6688771006536909
FUT/NQ,1h,state_ext=stretched_down + state_vol=high_vol,calendar_2026_ytd,ok,2026-01-02 05:00:00+00:00,2026-07-29 18:00:00+00:00,3256.0,65.0,0.0020462688680977325,0.6615384615384615,1.3555594697429376,0.17523937484614072,False,3256.0,-7.808963194188099e-05,0.0021243585000396137,state_ext=stretched_down,75.0,0.0020686686157086157,-2.2399747610883126e-05,0.09816889148590091
FUT/NQ,1h,state_ext=stretched_down + state_vol=high_vol,latest_12m,ok,2025-07-29 18:00:00+00:00,2026-07-29 18:00:00+00:00,5697.0,97.0,0.0016445637159782033,0.6288659793814433,1.3673132047220877,0.17152715451060896,False,5697.0,-4.618060898891737e-05,0.0016907443249671206,state_ext=stretched_down,107.0,0.0016978070112306475,-5.324329525244415e-05,0.10783947301955532
FUT/NQ,1h,state_ext=stretched_down + state_vol=high_vol,latest_6m,ok,2026-01-29 18:00:00+00:00,2026-07-29 18:00:00+00:00,2834.0,58.0,0.0016788887683788394,0.6551724137931034,1.030471996017179,0.30278849151098797,False,2834.0,-7.936383205757377e-05,0.0017582526004364131,state_ext=stretched_down,68.0,0.0017576208576142098,-7.873208923537037e-05,0.18450266589093078
FUT/NQ,1h,state_ext=stretched_down + state_slope=downtrend,all,ok,2025-07-16 04:00:00+00:00,2026-07-29 18:00:00+00:00,5916.0,104.0,0.0016416529831424316,0.625,1.6543784683491451,0.09805063852324492,False,5916.0,-3.4668488841881234e-05,0.001676321471984313,state_ext=stretched_down,107.0,0.0016978070112306475,-5.615402808821588e-05,0.10783947301955532
FUT/NQ,1h,state_ext=stretched_down + state_slope=downtrend,calendar_2024,empty_window,,,,,,,,,,,,,,,,,
FUT/NQ,1h,state_ext=stretched_down + state_slope=downtrend,calendar_2025,ok,2025-07-16 04:00:00+00:00,2025-12-31 21:00:00+00:00,2660.0,31.0,0.001493680062555204,0.5806451612903226,0.8548960582407452,0.3926086929830488,False,2660.0,1.848160211059983e-05,0.0014751984604446041,state_ext=stretched_down,32.0,0.00082860012573541,0.0006650799368197939,0.6688771006536909
FUT/NQ,1h,state_ext=stretched_down + state_slope=downtrend,calendar_2026_ytd,ok,2026-01-02 05:00:00+00:00,2026-07-29 18:00:00+00:00,3256.0,73.0,0.0017044907987342677,0.6438356164383562,1.40413102491302,0.16027983651890354,False,3256.0,-7.808963194188099e-05,0.0017825804306761486,state_ext=stretched_down,75.0,0.0020686686157086157,-0.000364177816974348,0.09816889148590091
FUT/NQ,1h,state_ext=stretched_down + state_slope=downtrend,latest_12m,ok,2025-07-29 18:00:00+00:00,2026-07-29 18:00:00+00:00,5697.0,104.0,0.0016416529831424316,0.625,1.6543784683491451,0.09805063852324492,False,5697.0,-4.618060898891737e-05,0.0016878335921313489,state_ext=stretched_down,107.0,0.0016978070112306475,-5.615402808821588e-05,0.10783947301955532
FUT/NQ,1h,state_ext=stretched_down + state_slope=downtrend,latest_6m,ok,2026-01-29 18:00:00+00:00,2026-07-29 18:00:00+00:00,2834.0,66.0,0.0013453924310185097,0.6363636363636364,1.0548912110315558,0.29147508235810005,False,2834.0,-7.936383205757377e-05,0.0014247562630760834,state_ext=stretched_down,68.0,0.0017576208576142098,-0.0004122284265957001,0.18450266589093078
FUT/GC,1h,state_session=morning + state_slope=uptrend,all,ok,2025-07-17 04:00:00+00:00,2026-07-29 18:00:00+00:00,5887.0,981.0,-0.0002581898531479141,0.44240570846075433,-0.6207621983088448,0.5347560986191433,False,5887.0,-0.0004132376544915618,0.0001550478013436477,state_session=morning,3079.0,-8.92903342995273e-05,-0.0001688995188483868,0.7638290508936427
FUT/GC,1h,state_session=morning + state_slope=uptrend,calendar_2024,empty_window,,,,,,,,,,,,,,,,,
FUT/GC,1h,state_session=morning + state_slope=uptrend,calendar_2025,ok,2025-07-17 04:00:00+00:00,2025-12-31 21:00:00+00:00,2636.0,469.0,-0.00047696146646981495,0.40298507462686567,-1.0923256357993818,0.27468999620991985,False,2636.0,-0.0007376713626067389,0.0002607098961369239,state_session=morning,1381.0,-0.0006002751880373762,0.00012331372156756124,0.0896240413897238
FUT/GC,1h,state_session=morning + state_slope=uptrend,calendar_2026_ytd,ok,2026-01-02 05:00:00+00:00,2026-07-29 18:00:00+00:00,3251.0,512.0,-5.779163703859474e-05,0.478515625,-0.08562884674263331,0.9317614662891491,False,3251.0,-0.00015017790223330086,9.238626519470611e-05,state_session=morning,1698.0,0.0003262986427393237,-0.00038409027977791846,0.46338719279636376
FUT/GC,1h,state_session=morning + state_slope=uptrend,latest_12m,ok,2025-07-29 18:00:00+00:00,2026-07-29 18:00:00+00:00,5691.0,981.0,-0.0002581898531479141,0.44240570846075433,-0.6207621983088448,0.5347560986191433,False,5691.0,-0.00042431175878859594,0.00016612190564068184,state_session=morning,2971.0,-8.007756322158525e-05,-0.00017811228992632884,0.7933621223002161
FUT/GC,1h,state_session=morning + state_slope=uptrend,latest_6m,ok,2026-01-29 18:00:00+00:00,2026-07-29 18:00:00+00:00,2829.0,391.0,-0.0003257210634482415,0.4961636828644501,-0.4613995587764806,0.6445119680174511,False,2829.0,0.00022883624264076485,-0.0005545573060890064,state_session=morning,1470.0,0.0004970911815299386,-0.0008228122449781801,0.31071086998871866
FUT/ES,1h,state_ext=neutral + state_slope=uptrend,all,ok,2025-07-16 04:00:00+00:00,2026-07-29 18:00:00+00:00,5912.0,1905.0,-9.957709221246305e-05,0.49921259842519683,-0.6417264462219744,0.5210508147660671,False,5912.0,-5.6376211756481216e-05,-4.320088045598183e-05,state_ext=neutral,5846.0,-7.699864244492127e-05,-2.2578449767541773e-05,0.46561246849660876
FUT/ES,1h,state_ext=neutral + state_slope=uptrend,calendar_2024,empty_window,,,,,,,,,,,,,,,,,
FUT/ES,1h,state_ext=neutral + state_slope=uptrend,calendar_2025,ok,2025-07-16 04:00:00+00:00,2025-12-31 21:00:00+00:00,2657.0,794.0,-8.106446613467895e-05,0.5062972292191436,-0.35922741329496055,0.7194249705852374,False,2657.0,-6.620308925172414e-06,-7.444415720950653e-05,state_ext=neutral,2626.0,-2.201809967067563e-05,-5.904636646400331e-05,0.8728966506261726
FUT/ES,1h,state_ext=neutral + state_slope=uptrend,calendar_2026_ytd,ok,2026-01-02 05:00:00+00:00,2026-07-29 18:00:00+00:00,3255.0,1111.0,-0.00011280753785221159,0.49414941494149417,-0.5438503963648165,0.5865444256549193,False,3255.0,-9.699109157915024e-05,-1.581644627306135e-05,state_slope=uptrend,1128.0,-0.00010623385650688406,-6.573681345327522e-06,0.6048544393574946
FUT/ES,1h,state_ext=neutral + state_slope=uptrend,latest_12m,ok,2025-07-29 18:00:00+00:00,2026-07-29 18:00:00+00:00,5693.0,1905.0,-9.957709221246305e-05,0.49921259842519683,-0.6417264462219744,0.5210508147660671,False,5693.0,-6.945359989211484e-05,-3.0123492320348208e-05,state_ext=neutral,5646.0,-8.853804031216787e-05,-1.1039051900295179e-05,0.415536145759019
FUT/ES,1h,state_ext=neutral + state_slope=uptrend,latest_6m,ok,2026-01-29 18:00:00+00:00,2026-07-29 18:00:00+00:00,2833.0,976.0,-8.000364810268126e-05,0.5010245901639344,-0.34714615074798394,0.7284815235072346,False,2833.0,-9.510092740503769e-05,1.5097279302356425e-05,state_slope=uptrend,993.0,-7.309786116231134e-05,-6.905786940369926e-06,0.7481739531741924
FUT/ES,1h,state_session=lunch + state_slope=uptrend,all,ok,2025-07-16 04:00:00+00:00,2026-07-29 18:00:00+00:00,5912.0,156.0,0.0001336115030698365,0.44871794871794873,0.434638266092098,0.6638250147606268,False,5912.0,-5.6376211756481216e-05,0.0001899877148263177,state_session=lunch,519.0,-4.869151799333505e-06,0.00013848065486917,0.9830831639734259
FUT/ES,1h,state_session=lunch + state_slope=uptrend,calendar_2024,empty_window,,,,,,,,,,,,,,,,,
FUT/ES,1h,state_session=lunch + state_slope=uptrend,calendar_2025,ok,2025-07-16 04:00:00+00:00,2025-12-31 21:00:00+00:00,2657.0,59.0,0.0006594696279085649,0.559322033898305,1.211770670590891,0.22560017831226498,False,2657.0,-6.620308925172414e-06,0.0006660899368337372,state_session=lunch,236.0,0.0005239340971426556,0.0001355355307659093,0.03581160531572225
FUT/ES,1h,state_session=lunch + state_slope=uptrend,calendar_2026_ytd,ok,2026-01-02 05:00:00+00:00,2026-07-29 18:00:00+00:00,3255.0,97.0,-0.00018624034605887422,0.38144329896907214,-0.486873836089987,0.6263477413289114,False,3255.0,-9.699109157915024e-05,-8.924925447972398e-05,state_slope=uptrend,1128.0,-0.00010623385650688406,-8.000648955199015e-05,0.6048544393574946
FUT/ES,1h,state_session=lunch + state_slope=uptrend,latest_12m,ok,2025-07-29 18:00:00+00:00,2026-07-29 18:00:00+00:00,5693.0,156.0,0.0001336115030698365,0.44871794871794873,0.434638266092098,0.6638250147606268,False,5693.0,-6.945359989211484e-05,0.00020306510296195135,state_session=lunch,499.0,-4.5452809920888336e-05,0.00017906431299072483,0.8478757323440886
FUT/ES,1h,state_session=lunch + state_slope=uptrend,latest_6m,ok,2026-01-29 18:00:00+00:00,2026-07-29 18:00:00+00:00,2833.0,83.0,-4.481674909588877e-05,0.40963855421686746,-0.104220779382484,0.9169941442063294,False,2833.0,-9.510092740503769e-05,5.0284178309148915e-05,state_slope=uptrend,993.0,-7.309786116231134e-05,2.8281112066422564e-05,0.7481739531741924
FUT/ES,1h,state_ext=neutral + state_vol=mid_vol,all,ok,2025-07-16 04:00:00+00:00,2026-07-29 18:00:00+00:00,5912.0,1794.0,-0.0002602689588543411,0.5005574136008919,-1.7152297748555725,0.08630310792435969,False,5912.0,-5.6376211756481216e-05,-0.0002038927470978599,state_ext=neutral,5846.0,-7.699864244492127e-05,-0.00018327031640941985,0.46561246849660876
FUT/ES,1h,state_ext=neutral + state_vol=mid_vol,calendar_2024,empty_window,,,,,,,,,,,,,,,,,
FUT/ES,1h,state_ext=neutral + state_vol=mid_vol,calendar_2025,ok,2025-07-16 04:00:00+00:00,2025-12-31 21:00:00+00:00,2657.0,670.0,-0.0001722953816671128,0.5104477611940299,-0.7305140973052998,0.4650759991189761,False,2657.0,-6.620308925172414e-06,-0.0001656750727419404,state_ext=neutral,2626.0,-2.201809967067563e-05,-0.00015027728199643717,0.8728966506261726
FUT/ES,1h,state_ext=neutral + state_vol=mid_vol,calendar_2026_ytd,ok,2026-01-02 05:00:00+00:00,2026-07-29 18:00:00+00:00,3255.0,1124.0,-0.0003127087246154113,0.49466192170818507,-1.6258814764602754,0.10397487135759054,False,3255.0,-9.699109157915024e-05,-0.0002157176330362611,state_ext=neutral,3220.0,-0.00012183681180056377,-0.00019087191281484754,0.4266891562348478
FUT/ES,1h,state_ext=neutral + state_vol=mid_vol,latest_12m,ok,2025-07-29 18:00:00+00:00,2026-07-29 18:00:00+00:00,5693.0,1794.0,-0.0002602689588543411,0.5005574136008919,-1.7152297748555725,0.08630310792435969,False,5693.0,-6.945359989211484e-05,-0.00019081535896222626,state_ext=neutral,5646.0,-8.853804031216787e-05,-0.00017173091854217324,0.415536145759019
FUT/ES,1h,state_ext=neutral + state_vol=mid_vol,latest_6m,ok,2026-01-29 18:00:00+00:00,2026-07-29 18:00:00+00:00,2833.0,929.0,-0.0003327311289648763,0.5026910656620022,-1.571477579834815,0.11607175816832571,False,2833.0,-9.510092740503769e-05,-0.0002376302015598386,state_ext=neutral,2799.0,-0.00012231586831102587,-0.0002104152606538504,0.46992560117174276
FUT/ES,1h,state_session=afternoon + state_ext=neutral,all,ok,2025-07-16 04:00:00+00:00,2026-07-29 18:00:00+00:00,5912.0,2263.0,-0.00012986976205371086,0.516570923552806,-1.163691197485807,0.24454917795530018,False,5912.0,-5.6376211756481216e-05,-7.349355029722966e-05,state_ext=neutral,5846.0,-7.699864244492127e-05,-5.287111960878959e-05,0.46561246849660876
FUT/ES,1h,state_session=afternoon + state_ext=neutral,calendar_2024,empty_window,,,,,,,,,,,,,,,,,
FUT/ES,1h,state_session=afternoon + state_ext=neutral,calendar_2025,ok,2025-07-16 04:00:00+00:00,2025-12-31 21:00:00+00:00,2657.0,1016.0,8.021676052406058e-05,0.5265748031496063,0.6636592884605468,0.5069084015481149,False,2657.0,-6.620308925172414e-06,8.6837069449233e-05,state_session=afternoon,1029.0,0.0001075296452099729,-2.7312884685912322e-05,0.38210592256523856
FUT/ES,1h,state_session=afternoon + state_ext=neutral,calendar_2026_ytd,ok,2026-01-02 05:00:00+00:00,2026-07-29 18:00:00+00:00,3255.0,1247.0,-0.0003010388935204437,0.5084202085004009,-1.7253974016685134,0.08445587925770148,False,3255.0,-9.699109157915024e-05,-0.0002040478019412935,state_ext=neutral,3220.0,-0.00012183681180056377,-0.00017920208171987994,0.4266891562348478
FUT/ES,1h,state_session=afternoon + state_ext=neutral,latest_12m,ok,2025-07-29 18:00:00+00:00,2026-07-29 18:00:00+00:00,5693.0,2189.0,-0.00014754017601331846,0.5134764732754683,-1.2859156563866518,0.1984724990200788,False,5693.0,-6.945359989211484e-05,-7.808657612120362e-05,state_ext=neutral,5646.0,-8.853804031216787e-05,-5.9002135701150595e-05,0.415536145759019
FUT/ES,1h,state_session=afternoon + state_ext=neutral,latest_6m,ok,2026-01-29 18:00:00+00:00,2026-07-29 18:00:00+00:00,2833.0,1090.0,-0.000299953292789941,0.5055045871559632,-1.5764678238625223,0.11491802841380805,False,2833.0,-9.510092740503769e-05,-0.00020485236538490332,state_ext=neutral,2799.0,-0.00012231586831102587,-0.00017763742447891512,0.46992560117174276
FUT/GC,1h,state_session=morning + state_ext=stretched_down,all,ok,2025-07-17 04:00:00+00:00,2026-07-29 18:00:00+00:00,5887.0,117.0,0.0033323585894368896,0.5128205128205128,0.9754593719413336,0.3293324453041042,False,5887.0,-0.0004132376544915618,0.0037455962439284516,state_ext=stretched_down,241.0,8.967290401463094e-05,0.003242685685422259,0.9651891122887346
FUT/GC,1h,state_session=morning + state_ext=stretched_down,calendar_2024,empty_window,,,,,,,,,,,,,,,,,
FUT/GC,1h,state_session=morning + state_ext=stretched_down,calendar_2025,ok,2025-07-17 04:00:00+00:00,2025-12-31 21:00:00+00:00,2636.0,26.0,0.0045333518987950485,0.5769230769230769,1.059107860945754,0.28955066032857113,False,2636.0,-0.0007376713626067389,0.005271023261401787,state_ext=stretched_down,52.0,-0.00031415831185994426,0.004847510210654993,0.905184888398838
FUT/GC,1h,state_session=morning + state_ext=stretched_down,calendar_2026_ytd,ok,2026-01-02 05:00:00+00:00,2026-07-29 18:00:00+00:00,3251.0,91.0,0.0029892176439059877,0.4945054945054945,0.7559728502531414,0.4496654737721426,False,3251.0,-0.00015017790223330086,0.0031393955461392884,state_session=morning,1698.0,0.0003262986427393237,0.002662919001166664,0.46338719279636376
FUT/GC,1h,state_session=morning + state_ext=stretched_down,latest_12m,ok,2025-07-29 18:00:00+00:00,2026-07-29 18:00:00+00:00,5691.0,117.0,0.0033323585894368896,0.5128205128205128,0.9754593719413336,0.3293324453041042,False,5691.0,-0.00042431175878859594,0.0037566703482254855,state_ext=stretched_down,241.0,8.967290401463094e-05,0.003242685685422259,0.9651891122887346
FUT/GC,1h,state_session=morning + state_ext=stretched_down,latest_6m,ok,2026-01-29 18:00:00+00:00,2026-07-29 18:00:00+00:00,2829.0,89.0,0.003765534239103269,0.5056179775280899,0.9438287538742827,0.3452571644241176,False,2829.0,0.00022883624264076485,0.003536697996462504,state_ext=stretched_down,186.0,0.0006479469810768796,0.003117587258026389,0.7954647507895136
FUT/NQ,1h,state_session=afternoon + state_slope=uptrend,all,ok,2025-07-16 04:00:00+00:00,2026-07-29 18:00:00+00:00,5916.0,873.0,4.2099627808314854e-05,0.5418098510882016,0.195697984421473,0.8448465621067818,False,5916.0,-3.4668488841881234e-05,7.676811665019609e-05,state_session=afternoon,2304.0,4.1216818052789354e-05,8.828097555255003e-07,0.8040980306784999
FUT/NQ,1h,state_session=afternoon + state_slope=uptrend,calendar_2024,empty_window,,,,,,,,,,,,,,,,,
FUT/NQ,1h,state_session=afternoon + state_slope=uptrend,calendar_2025,ok,2025-07-16 04:00:00+00:00,2025-12-31 21:00:00+00:00,2660.0,363.0,0.0005563166587912606,0.5785123966942148,2.3290044424725616,0.01985883035780489,True,2660.0,1.848160211059983e-05,0.0005378350566806608,state_session=afternoon,1032.0,0.00029612050546038246,0.0002601961533308782,0.08291834224682759
FUT/NQ,1h,state_session=afternoon + state_slope=uptrend,calendar_2026_ytd,ok,2026-01-02 05:00:00+00:00,2026-07-29 18:00:00+00:00,3256.0,510.0,-0.00032390190600895837,0.515686274509804,-1.0284125364093557,0.30375581393719275,False,3256.0,-7.808963194188099e-05,-0.0002458122740670774,state_slope=uptrend,1174.0,0.00012021886363171911,-0.00044412076964067747,0.6862865232640272
FUT/NQ,1h,state_session=afternoon + state_slope=uptrend,latest_12m,ok,2025-07-29 18:00:00+00:00,2026-07-29 18:00:00+00:00,5697.0,873.0,4.2099627808314854e-05,0.5418098510882016,0.195697984421473,0.8448465621067818,False,5697.0,-4.618060898891737e-05,8.828023679723223e-05,state_session=afternoon,2225.0,2.7128329466737172e-05,1.4971298341577682e-05,0.8735349091290063
FUT/NQ,1h,state_session=afternoon + state_slope=uptrend,latest_6m,ok,2026-01-29 18:00:00+00:00,2026-07-29 18:00:00+00:00,2834.0,442.0,-0.0003708113273043798,0.5090497737556561,-1.086889885512987,0.27708547686086704,False,2834.0,-7.936383205757377e-05,-0.00029144749524680604,state_slope=uptrend,1030.0,0.00021201051011200773,-0.0005828218374163875,0.5218050621676555
FUT/GC,1h,state_session=lunch + state_ext=neutral,all,ok,2025-07-17 04:00:00+00:00,2026-07-29 18:00:00+00:00,5887.0,468.0,0.00023073071646607536,0.45726495726495725,0.4972966186373437,0.6189798958908745,False,5887.0,1.3237654491562255e-05,0.0002174930619745131,state_session=lunch,517.0,0.000560936333859554,-0.00033020561739347865,0.2515726272951131
FUT/GC,1h,state_session=lunch + state_ext=neutral,calendar_2024,empty_window,,,,,,,,,,,,,,,,,
FUT/GC,1h,state_session=lunch + state_ext=neutral,calendar_2025,ok,2025-07-17 04:00:00+00:00,2025-12-31 21:00:00+00:00,2636.0,220.0,0.0003552413709508082,0.4681818181818182,0.8118401392069458,0.4168833665808296,False,2636.0,0.000337671362606739,1.7570008344069206e-05,state_session=lunch,234.0,0.0004872849714947022,-0.000132043600543894,0.27053584488546534
FUT/GC,1h,state_session=lunch + state_ext=neutral,calendar_2026_ytd,ok,2026-01-02 05:00:00+00:00,2026-07-29 18:00:00+00:00,3251.0,248.0,0.00012027771651994144,0.4475806451612903,0.15128277146978425,0.8797526592360871,False,3251.0,-0.00024982209776669873,0.00037009981428664016,state_session=lunch,283.0,0.0006218353401965695,-0.000501557623676628,0.4417078516485953
FUT/GC,1h,state_session=lunch + state_ext=neutral,latest_12m,ok,2025-07-29 18:00:00+00:00,2026-07-29 18:00:00+00:00,5691.0,452.0,0.00025385073697027074,0.46238938053097345,0.5286809606187713,0.5970267870243586,False,5691.0,2.4311758788596278e-05,0.00022953897818167446,state_session=lunch,499.0,0.0005908413549176155,-0.0003369906179473448,0.243361433619266
FUT/GC,1h,state_session=lunch + state_ext=neutral,latest_6m,ok,2026-01-29 18:00:00+00:00,2026-07-29 18:00:00+00:00,2829.0,215.0,-0.0008087893917532919,0.4232558139534884,-1.0910857428909513,0.2752351556455208,False,2829.0,-0.0006288362426407646,-0.0001799531491125273,state_session=lunch,246.0,-0.00028583982749346814,-0.0005229495642598237,0.6929654274321684
FUT/NQ,1h,state_session=morning + state_slope=downtrend,all,ok,2025-07-16 04:00:00+00:00,2026-07-29 18:00:00+00:00,5916.0,1084.0,-7.010013043796712e-05,0.511070110701107,-0.1913822114107797,0.8482261557186492,False,5916.0,-3.4668488841881234e-05,-3.5431641596085884e-05,state_slope=downtrend,2190.0,-5.658635678712749e-05,-1.351377365083963e-05,0.8215540430047736
FUT/NQ,1h,state_session=morning + state_slope=downtrend,calendar_2024,empty_window,,,,,,,,,,,,,,,,,
FUT/NQ,1h,state_session=morning + state_slope=downtrend,calendar_2025,ok,2025-07-16 04:00:00+00:00,2025-12-31 21:00:00+00:00,2660.0,419.0,0.00026310080731968533,0.5441527446300716,0.5124392573596551,0.608343621918217,False,2660.0,1.848160211059983e-05,0.0002446192052090855,state_slope=downtrend,897.0,0.0002547218540485815,8.378953271103839e-06,0.3955345685197522
FUT/NQ,1h,state_session=morning + state_slope=downtrend,calendar_2026_ytd,ok,2026-01-02 05:00:00+00:00,2026-07-29 18:00:00+00:00,3256.0,665.0,-0.00028004177392737544,0.49022556390977445,-0.5627808785536751,0.5735841024812365,False,3256.0,-7.808963194188099e-05,-0.00020195214198549447,state_session=morning,1701.0,7.903323982547569e-07,-0.0002808321063256302,0.998070308807766
FUT/NQ,1h,state_session=morning + state_slope=downtrend,latest_12m,ok,2025-07-29 18:00:00+00:00,2026-07-29 18:00:00+00:00,5697.0,1084.0,-7.010013043796712e-05,0.511070110701107,-0.1913822114107797,0.8482261557186492,False,5697.0,-4.618060898891737e-05,-2.391952144904975e-05,state_slope=downtrend,2190.0,-5.658635678712749e-05,-1.351377365083963e-05,0.8215540430047736
FUT/NQ,1h,state_session=morning + state_slope=downtrend,latest_6m,ok,2026-01-29 18:00:00+00:00,2026-07-29 18:00:00+00:00,2834.0,578.0,-0.0004681217702432294,0.47058823529411764,-0.8758006165556693,0.381138434830123,False,2834.0,-7.936383205757377e-05,-0.0003887579381856556,state_session=morning,1473.0,-3.767336776438126e-06,-0.00046435443346679126,0.9916701143661824
FUT/CL,1h,state_session=afternoon + state_ext=stretched_up,all,ok,2025-07-16 04:00:00+00:00,2026-07-29 18:00:00+00:00,5894.0,311.0,0.0027678955631543255,0.5176848874598071,0.9923631356796274,0.32102041505403434,False,5894.0,0.0001390878220024127,0.0026288077411519128,state_ext=stretched_up,741.0,0.0022995103410339856,0.0004683852221203399,0.22306747762500345
FUT/CL,1h,state_session=afternoon + state_ext=stretched_up,calendar_2024,empty_window,,,,,,,,,,,,,,,,,
FUT/CL,1h,state_session=afternoon + state_ext=stretched_up,calendar_2025,ok,2025-07-16 04:00:00+00:00,2025-12-31 21:00:00+00:00,2647.0,22.0,0.002081507437011423,0.5,1.0442822846313173,0.29635480661389124,False,2647.0,-0.0004491198551704278,0.002530627292181851,state_ext=stretched_up,59.0,0.0002911233177308975,0.0017903841192805255,0.8735092015613584
FUT/CL,1h,state_session=afternoon + state_ext=stretched_up,calendar_2026_ytd,ok,2026-01-02 05:00:00+00:00,2026-07-29 18:00:00+00:00,3247.0,289.0,0.002820146562376276,0.5190311418685121,0.9414157272204742,0.3464918571184654,False,3247.0,0.0006186029810650883,0.002201543581311188,state_ext=stretched_up,682.0,0.0024732564324927574,0.00034689012988351874,0.2255016941452055
FUT/CL,1h,state_session=afternoon + state_ext=stretched_up,latest_12m,ok,2025-07-29 18:00:00+00:00,2026-07-29 18:00:00+00:00,5686.0,310.0,0.002798619214196563,0.5193548387096775,1.000366558069047,0.3171331477321746,False,5686.0,0.00011646753275020907,0.0026821516814463536,state_ext=stretched_up,738.0,0.0023128069599793184,0.00048581225421724444,0.2222454335763162
FUT/CL,1h,state_session=afternoon + state_ext=stretched_up,latest_6m,ok,2026-01-29 18:00:00+00:00,2026-07-29 18:00:00+00:00,2827.0,269.0,0.0031327970155339024,0.5204460966542751,0.974184603111784,0.32996488812913194,False,2827.0,0.0005084102782105432,0.0026243867373233593,state_ext=stretched_up,630.0,0.002637404565381791,0.0004953924501521112,0.23157017139628788
FUT/CL,1h,state_ext=stretched_up + state_slope=flat,all,ok,2025-07-16 04:00:00+00:00,2026-07-29 18:00:00+00:00,5894.0,42.0,0.00033676026369242116,0.47619047619047616,0.16174867084756575,0.8715037753601789,False,5894.0,-0.0005390878220024125,0.0008758480856948336,state_slope=flat,1567.0,0.00025100353928300586,8.57567244094153e-05,0.6216977274882713
FUT/CL,1h,state_ext=stretched_up + state_slope=flat,calendar_2024,empty_window,,,,,,,,,,,,,,,,,
FUT/CL,1h,state_ext=stretched_up + state_slope=flat,calendar_2025,ok,2025-07-16 04:00:00+00:00,2025-12-31 21:00:00+00:00,2647.0,2.0,0.014572938584457941,1.0,27.572893492761445,0.0,False,2647.0,4.9119855170428214e-05,0.014523818729287513,state_slope=flat,939.0,0.00044744392047184854,0.014125494663986092,0.3475132435913755
FUT/CL,1h,state_ext=stretched_up + state_slope=flat,calendar_2026_ytd,ok,2026-01-02 05:00:00+00:00,2026-07-29 18:00:00+00:00,3247.0,40.0,-0.0003750486523458548,0.45,-0.18455293810156947,0.8535797016869828,False,3247.0,-0.0010186029810650887,0.0006435543287192339,state_slope=flat,628.0,-4.271862303598018e-05,-0.0003323300293098746,0.9669151423485396
FUT/CL,1h,state_ext=stretched_up + state_slope=flat,latest_12m,ok,2025-07-29 18:00:00+00:00,2026-07-29 18:00:00+00:00,5686.0,42.0,0.00033676026369242116,0.47619047619047616,0.16174867084756575,0.8715037753601789,False,5686.0,-0.0005164675327502088,0.00085322779644263,state_slope=flat,1567.0,0.00025100353928300586,8.57567244094153e-05,0.6216977274882713
FUT/CL,1h,state_ext=stretched_up + state_slope=flat,latest_6m,ok,2026-01-29 18:00:00+00:00,2026-07-29 18:00:00+00:00,2827.0,37.0,-0.0005773455910210939,0.43243243243243246,-0.2649227070293587,0.7910690054497704,False,2827.0,-0.0009084102782105435,0.0003310646871894496,state_slope=flat,530.0,0.00029296169911794475,-0.0008703072901390386,0.7989025959743288
FUT/GC,1h,state_session=lunch + state_slope=downtrend,all,ok,2025-07-17 04:00:00+00:00,2026-07-29 18:00:00+00:00,5887.0,163.0,2.5622070534798376e-05,0.50920245398773,0.028247636810781452,0.9774646436850247,False,5887.0,1.3237654491562255e-05,1.238441604323612e-05,state_session=lunch,517.0,0.000560936333859554,-0.0005353142633247556,0.2515726272951131
FUT/GC,1h,state_session=lunch + state_slope=downtrend,calendar_2024,empty_window,,,,,,,,,,,,,,,,,
FUT/GC,1h,state_session=lunch + state_slope=downtrend,calendar_2025,ok,2025-07-17 04:00:00+00:00,2025-12-31 21:00:00+00:00,2636.0,56.0,0.0006371679429692027,0.5178571428571429,0.5829207593742496,0.559946645016304,False,2636.0,0.000337671362606739,0.0002994965803624637,state_session=lunch,234.0,0.0004872849714947022,0.0001498829714745005,0.27053584488546534
FUT/GC,1h,state_session=lunch + state_slope=downtrend,calendar_2026_ytd,ok,2026-01-02 05:00:00+00:00,2026-07-29 18:00:00+00:00,3251.0,107.0,-0.000294439320645824,0.5046728971962616,-0.24089944632819438,0.8096330512705383,False,3251.0,-0.00024982209776669873,-4.4617222879125254e-05,state_session=lunch,283.0,0.0006218353401965695,-0.0009162746608423935,0.4417078516485953
FUT/GC,1h,state_session=lunch + state_slope=downtrend,latest_12m,ok,2025-07-29 18:00:00+00:00,2026-07-29 18:00:00+00:00,5691.0,163.0,2.5622070534798376e-05,0.50920245398773,0.028247636810781452,0.9774646436850247,False,5691.0,2.4311758788596278e-05,1.3103117462020978e-06,state_session=lunch,499.0,0.0005908413549176155,-0.0005652192843828172,0.243361433619266
FUT/GC,1h,state_session=lunch + state_slope=downtrend,latest_6m,ok,2026-01-29 18:00:00+00:00,2026-07-29 18:00:00+00:00,2829.0,102.0,-0.0009707106970757446,0.49019607843137253,-1.0038121807057048,0.3154691520928956,False,2829.0,-0.0006288362426407646,-0.00034187445443498003,state_session=lunch,246.0,-0.00028583982749346814,-0.0006848708695822765,0.6929654274321684
FUT/ES,1h,state_session=lunch + state_ext=neutral,all,ok,2025-07-16 04:00:00+00:00,2026-07-29 18:00:00+00:00,5912.0,512.0,-1.2831483729291255e-05,0.509765625,-0.05415809117757909,0.9568092100475292,False,5912.0,-5.6376211756481216e-05,4.354472802718996e-05,state_session=lunch,519.0,-4.869151799333505e-06,-7.96233192995775e-06,0.9830831639734259
FUT/ES,1h,state_session=lunch + state_ext=neutral,calendar_2024,empty_window,,,,,,,,,,,,,,,,,
FUT/ES,1h,state_session=lunch + state_ext=neutral,calendar_2025,ok,2025-07-16 04:00:00+00:00,2025-12-31 21:00:00+00:00,2657.0,230.0,0.0005685255524975174,0.591304347826087,2.1856365604652983,0.02884220558391526,True,2657.0,-6.620308925172414e-06,0.0005751458614226898,state_session=lunch,236.0,0.0005239340971426556,4.4591455354861856e-05,0.03581160531572225
FUT/ES,1h,state_session=lunch + state_ext=neutral,calendar_2026_ytd,ok,2026-01-02 05:00:00+00:00,2026-07-29 18:00:00+00:00,3255.0,282.0,-0.0004869879317156955,0.4432624113475177,-1.3431796924775254,0.17921379566333728,False,3255.0,-9.699109157915024e-05,-0.0003899968401365453,state_ext=neutral,3220.0,-0.00012183681180056377,-0.0003651511199151317,0.4266891562348478
FUT/ES,1h,state_session=lunch + state_ext=neutral,latest_12m,ok,2025-07-29 18:00:00+00:00,2026-07-29 18:00:00+00:00,5693.0,494.0,-5.474518696730968e-05,0.5,-0.2246945200483446,0.822216927981126,False,5693.0,-6.945359989211484e-05,1.4708412924805157e-05,state_session=lunch,499.0,-4.5452809920888336e-05,-9.292377046421346e-06,0.8478757323440886
FUT/ES,1h,state_session=lunch + state_ext=neutral,latest_6m,ok,2026-01-29 18:00:00+00:00,2026-07-29 18:00:00+00:00,2833.0,245.0,-0.0004602040835632517,0.4530612244897959,-1.1535111417981985,0.24870064705658557,False,2833.0,-9.510092740503769e-05,-0.00036510315615821405,state_ext=neutral,2799.0,-0.00012231586831102587,-0.0003378882152522258,0.46992560117174276
FUT/ES,1h,state_ext=neutral + state_slope=downtrend,all,ok,2025-07-16 04:00:00+00:00,2026-07-29 18:00:00+00:00,5912.0,2069.0,-6.282860167796265e-05,0.5181246979217013,-0.3445679338685622,0.7304192161089582,False,5912.0,-5.6376211756481216e-05,-6.452389921481434e-06,state_slope=downtrend,2097.0,-1.7330164304064503e-05,-4.549843737389814e-05,0.9244031365728618
FUT/ES,1h,state_ext=neutral + state_slope=downtrend,calendar_2024,empty_window,,,,,,,,,,,,,,,,,
FUT/ES,1h,state_ext=neutral + state_slope=downtrend,calendar_2025,ok,2025-07-16 04:00:00+00:00,2025-12-31 21:00:00+00:00,2657.0,869.0,0.00011964946445762882,0.5143843498273878,0.5367885337026528,0.5914136929051426,False,2657.0,-6.620308925172414e-06,0.00012626977338280122,state_slope=downtrend,881.0,0.0001496632067226879,-3.001374226505908e-05,0.500833241817213
FUT/ES,1h,state_ext=neutral + state_slope=downtrend,calendar_2026_ytd,ok,2026-01-02 05:00:00+00:00,2026-07-29 18:00:00+00:00,3255.0,1200.0,-0.00019497313457115357,0.5208333333333334,-0.7314560509132384,0.46450063961729393,False,3255.0,-9.699109157915024e-05,-9.798204299200333e-05,state_ext=neutral,3220.0,-0.00012183681180056377,-7.31363227705898e-05,0.4266891562348478
FUT/ES,1h,state_ext=neutral + state_slope=downtrend,latest_12m,ok,2025-07-29 18:00:00+00:00,2026-07-29 18:00:00+00:00,5693.0,2069.0,-6.282860167796265e-05,0.5181246979217013,-0.3445679338685622,0.7304192161089582,False,5693.0,-6.945359989211484e-05,6.624998214152189e-06,state_slope=downtrend,2097.0,-1.7330164304064503e-05,-4.549843737389814e-05,0.9244031365728618
FUT/ES,1h,state_ext=neutral + state_slope=downtrend,latest_6m,ok,2026-01-29 18:00:00+00:00,2026-07-29 18:00:00+00:00,2833.0,1044.0,-0.00022699355654996317,0.5210727969348659,-0.7768052336939244,0.43727368849001547,False,2833.0,-9.510092740503769e-05,-0.0001318926291449255,state_ext=neutral,2799.0,-0.00012231586831102587,-0.00010467768823893729,0.46992560117174276
FUT/NQ,1h,state_session=afternoon + state_ext=neutral,all,ok,2025-07-16 04:00:00+00:00,2026-07-29 18:00:00+00:00,5916.0,2211.0,-4.936969586024085e-05,0.5386702849389416,-0.3012757986135071,0.7632041940010565,False,5916.0,-3.4668488841881234e-05,-1.4701207018359615e-05,state_session=afternoon,2304.0,4.1216818052789354e-05,-9.05865139130302e-05,0.8040980306784999
FUT/NQ,1h,state_session=afternoon + state_ext=neutral,calendar_2024,empty_window,,,,,,,,,,,,,,,,,
FUT/NQ,1h,state_session=afternoon + state_ext=neutral,calendar_2025,ok,2025-07-16 04:00:00+00:00,2025-12-31 21:00:00+00:00,2660.0,1008.0,0.0002641512259759994,0.5575396825396826,1.5683321082328971,0.11680364635531792,False,2660.0,1.848160211059983e-05,0.0002456696238653996,state_session=afternoon,1032.0,0.00029612050546038246,-3.196927948438303e-05,0.08291834224682759
FUT/NQ,1h,state_session=afternoon + state_ext=neutral,calendar_2026_ytd,ok,2026-01-02 05:00:00+00:00,2026-07-29 18:00:00+00:00,3256.0,1203.0,-0.0003120705181469658,0.5228595178719867,-1.2018579766465571,0.229418558364201,False,3256.0,-7.808963194188099e-05,-0.0002339808862050848,state_session=afternoon,1272.0,-0.0001655918339948806,-0.00014647868415208518,0.527752111564534
FUT/NQ,1h,state_session=afternoon + state_ext=neutral,latest_12m,ok,2025-07-29 18:00:00+00:00,2026-07-29 18:00:00+00:00,5697.0,2137.0,-6.969174339562813e-05,0.5343940102948058,-0.4120789755264328,0.6802815382237737,False,5697.0,-4.618060898891737e-05,-2.3511134406710763e-05,state_session=afternoon,2225.0,2.7128329466737172e-05,-9.68200728623653e-05,0.8735349091290063
FUT/NQ,1h,state_session=afternoon + state_ext=neutral,latest_6m,ok,2026-01-29 18:00:00+00:00,2026-07-29 18:00:00+00:00,2834.0,1047.0,-0.0003479883764852522,0.5148042024832856,-1.2083863167481443,0.22689870056372063,False,2834.0,-7.936383205757377e-05,-0.0002686245444276784,state_ext=neutral,2698.0,-0.00017703451678800297,-0.0001709538596972492,0.47649896053195073
FUT/NQ,1h,state_ext=neutral + state_vol=low_vol,all,ok,2025-07-16 04:00:00+00:00,2026-07-29 18:00:00+00:00,5916.0,981.0,-0.00017827219049878893,0.4872579001019368,-0.7866818665274128,0.43146812183695316,False,5916.0,-3.4668488841881234e-05,-0.0001436037016569077,state_ext=neutral,5715.0,-9.215271941344086e-05,-8.611947108534808e-05,0.5390612293216392
FUT/NQ,1h,state_ext=neutral + state_vol=low_vol,calendar_2024,empty_window,,,,,,,,,,,,,,,,,
FUT/NQ,1h,state_ext=neutral + state_vol=low_vol,calendar_2025,ok,2025-07-16 04:00:00+00:00,2025-12-31 21:00:00+00:00,2660.0,627.0,-0.00017979707604651692,0.47527910685805425,-0.8670399387650158,0.38592012704169987,False,2660.0,1.848160211059983e-05,-0.00019827867815711675,state_ext=neutral,2603.0,5.391894385052284e-06,-0.0001851889704315692,0.9768023600459443
FUT/NQ,1h,state_ext=neutral + state_vol=low_vol,calendar_2026_ytd,ok,2026-01-02 05:00:00+00:00,2026-07-29 18:00:00+00:00,3256.0,354.0,-0.00017557133389306716,0.5084745762711864,-0.3543354423480528,0.7230875093643225,False,3256.0,-7.808963194188099e-05,-9.748170195118617e-05,state_vol=low_vol,356.0,-0.00016838697553375943,-7.1843583593077275e-06,0.7327347319576629
FUT/NQ,1h,state_ext=neutral + state_vol=low_vol,latest_12m,ok,2025-07-29 18:00:00+00:00,2026-07-29 18:00:00+00:00,5697.0,981.0,-0.00017827219049878893,0.4872579001019368,-0.7866818665274128,0.43146812183695316,False,5697.0,-4.618060898891737e-05,-0.00013209158150987157,state_ext=neutral,5515.0,-0.00010508243662321647,-7.318975387557246e-05,0.4976911833070312
FUT/NQ,1h,state_ext=neutral + state_vol=low_vol,latest_6m,ok,2026-01-29 18:00:00+00:00,2026-07-29 18:00:00+00:00,2834.0,280.0,-0.00042306605771290845,0.48214285714285715,-0.7198053118450511,0.47164487394735266,False,2834.0,-7.936383205757377e-05,-0.0003437022256553347,state_ext=neutral,2698.0,-0.00017703451678800297,-0.00024603154092490547,0.47649896053195073
FUT/NQ,1h,state_session=afternoon + state_slope=flat,all,ok,2025-07-16 04:00:00+00:00,2026-07-29 18:00:00+00:00,5916.0,452.0,5.0268327955098124e-05,0.5353982300884956,0.17744492717291924,0.8591589204064702,False,5916.0,-3.4668488841881234e-05,8.493681679697936e-05,state_session=afternoon,2304.0,4.1216818052789354e-05,9.05150990230877e-06,0.8040980306784999
FUT/NQ,1h,state_session=afternoon + state_slope=flat,calendar_2024,empty_window,,,,,,,,,,,,,,,,,
FUT/NQ,1h,state_session=afternoon + state_slope=flat,calendar_2025,ok,2025-07-16 04:00:00+00:00,2025-12-31 21:00:00+00:00,2660.0,201.0,-4.656291254853963e-05,0.5621890547263682,-0.12229584595594993,0.9026647217525345,False,2660.0,1.848160211059983e-05,-6.504451465913947e-05,state_session=afternoon,1032.0,0.00029612050546038246,-0.00034268341800892206,0.08291834224682759
FUT/NQ,1h,state_session=afternoon + state_slope=flat,calendar_2026_ytd,ok,2026-01-02 05:00:00+00:00,2026-07-29 18:00:00+00:00,3256.0,251.0,0.0001278104767249434,0.5139442231075697,0.3191277118454929,0.7496296704421557,False,3256.0,-7.808963194188099e-05,0.00020590010866682436,state_slope=flat,789.0,-5.4483096401795055e-05,0.00018229357312673843,0.8828279651508015
FUT/NQ,1h,state_session=afternoon + state_slope=flat,latest_12m,ok,2025-07-29 18:00:00+00:00,2026-07-29 18:00:00+00:00,5697.0,452.0,5.0268327955098124e-05,0.5353982300884956,0.17744492717291924,0.8591589204064702,False,5697.0,-4.618060898891737e-05,9.644893694401549e-05,state_session=afternoon,2225.0,2.7128329466737172e-05,2.3139998488360952e-05,0.8735349091290063
FUT/NQ,1h,state_session=afternoon + state_slope=flat,latest_6m,ok,2026-01-29 18:00:00+00:00,2026-07-29 18:00:00+00:00,2834.0,213.0,0.00017592068281438943,0.5164319248826291,0.3826474712669702,0.7019811672051677,False,2834.0,-7.936383205757377e-05,0.0002552845148719632,state_slope=flat,659.0,-6.952439927565085e-06,0.00018287312274195452,0.9864735911799885
FUT/ES,1h,state_session=morning + state_slope=downtrend,all,ok,2025-07-16 04:00:00+00:00,2026-07-29 18:00:00+00:00,5912.0,1044.0,0.00017141624405935232,0.5162835249042146,0.6454993475804427,0.5186036409457568,False,5912.0,-5.6376211756481216e-05,0.00022779245581583353,state_slope=downtrend,2097.0,-1.7330164304064503e-05,0.0001887464083634168,0.9244031365728618
FUT/ES,1h,state_session=morning + state_slope=downtrend,calendar_2024,empty_window,,,,,,,,,,,,,,,,,
FUT/ES,1h,state_session=morning + state_slope=downtrend,calendar_2025,ok,2025-07-16 04:00:00+00:00,2025-12-31 21:00:00+00:00,2657.0,417.0,0.00016585777718670529,0.513189448441247,0.4432607216624165,0.6575771627247826,False,2657.0,-6.620308925172414e-06,0.0001724780861118777,state_slope=downtrend,881.0,0.0001496632067226879,1.6194570464017388e-05,0.500833241817213
FUT/ES,1h,state_session=morning + state_slope=downtrend,calendar_2026_ytd,ok,2026-01-02 05:00:00+00:00,2026-07-29 18:00:00+00:00,3255.0,627.0,0.00017511302346269163,0.518341307814992,0.48209326151124016,0.6297396965215802,False,3255.0,-9.699109157915024e-05,0.00027210411504184184,state_session=morning,1701.0,7.5230545880197e-05,9.988247758249463e-05,0.7347925781034956
FUT/ES,1h,state_session=morning + state_slope=downtrend,latest_12m,ok,2025-07-29 18:00:00+00:00,2026-07-29 18:00:00+00:00,5693.0,1044.0,0.00017141624405935232,0.5162835249042146,0.6454993475804427,0.5186036409457568,False,5693.0,-6.945359989211484e-05,0.00024086984395146714,state_slope=downtrend,2097.0,-1.7330164304064503e-05,0.0001887464083634168,0.9244031365728618
FUT/ES,1h,state_session=morning + state_slope=downtrend,latest_6m,ok,2026-01-29 18:00:00+00:00,2026-07-29 18:00:00+00:00,2833.0,546.0,9.57329583049848e-05,0.5128205128205128,0.2421271713441934,0.8086816248019033,False,2833.0,-9.510092740503769e-05,0.00019083388571002248,state_session=morning,1473.0,6.872045277942323e-05,2.7012505525561575e-05,0.7799630722970579
FUT/NQ,1h,state_ext=neutral + state_slope=downtrend,all,ok,2025-07-16 04:00:00+00:00,2026-07-29 18:00:00+00:00,5916.0,2086.0,-0.00014125408993797796,0.5206136145733461,-0.5660304184032098,0.5713731025272266,False,5916.0,-3.4668488841881234e-05,-0.00010658560109609672,state_slope=downtrend,2190.0,-5.658635678712749e-05,-8.466773315085048e-05,0.8215540430047736
FUT/NQ,1h,state_ext=neutral + state_slope=downtrend,calendar_2024,empty_window,,,,,,,,,,,,,,,,,
FUT/NQ,1h,state_ext=neutral + state_slope=downtrend,calendar_2025,ok,2025-07-16 04:00:00+00:00,2025-12-31 21:00:00+00:00,2660.0,866.0,0.00021037115605354072,0.5381062355658198,0.6995513445448465,0.484207537300438,False,2660.0,1.848160211059983e-05,0.00019188955394294088,state_slope=downtrend,897.0,0.0002547218540485815,-4.4350697995040775e-05,0.3955345685197522
FUT/NQ,1h,state_ext=neutral + state_slope=downtrend,calendar_2026_ytd,ok,2026-01-02 05:00:00+00:00,2026-07-29 18:00:00+00:00,3256.0,1220.0,-0.00039085037110900674,0.5081967213114754,-1.0715794729164538,0.2839089572914564,False,3256.0,-7.808963194188099e-05,-0.00031276073916712576,state_ext=neutral,3112.0,-0.00017374289605787458,-0.00021710747505113216,0.44012679671300825
FUT/NQ,1h,state_ext=neutral + state_slope=downtrend,latest_12m,ok,2025-07-29 18:00:00+00:00,2026-07-29 18:00:00+00:00,5697.0,2086.0,-0.00014125408993797796,0.5206136145733461,-0.5660304184032098,0.5713731025272266,False,5697.0,-4.618060898891737e-05,-9.50734809490606e-05,state_slope=downtrend,2190.0,-5.658635678712749e-05,-8.466773315085048e-05,0.8215540430047736
FUT/NQ,1h,state_ext=neutral + state_slope=downtrend,latest_6m,ok,2026-01-29 18:00:00+00:00,2026-07-29 18:00:00+00:00,2834.0,1079.0,-0.0004888806005574497,0.49304911955514363,-1.2375362830606926,0.21588805283064416,False,2834.0,-7.936383205757377e-05,-0.00040951676849987595,state_ext=neutral,2698.0,-0.00017703451678800297,-0.00031184608376944674,0.47649896053195073
FUT/GC,1h,state_session=afternoon + state_slope=flat,all,ok,2025-07-17 04:00:00+00:00,2026-07-29 18:00:00+00:00,5887.0,559.0,0.00022799221333675798,0.4776386404293381,0.5755559800158446,0.5649153423134565,False,5887.0,1.3237654491562255e-05,0.00021475455884519573,state_slope=flat,1534.0,0.0005518758879035491,-0.00032388367456679117,0.07482959439318448
FUT/GC,1h,state_session=afternoon + state_slope=flat,calendar_2024,empty_window,,,,,,,,,,,,,,,,,
FUT/GC,1h,state_session=afternoon + state_slope=flat,calendar_2025,ok,2025-07-17 04:00:00+00:00,2025-12-31 21:00:00+00:00,2636.0,257.0,0.0003039138723973664,0.5019455252918288,0.5960324982650164,0.5511535166169281,False,2636.0,0.000337671362606739,-3.375749020937259e-05,state_slope=flat,695.0,0.0007178442149991303,-0.00041393034260176387,0.04471107767266003
FUT/GC,1h,state_session=afternoon + state_slope=flat,calendar_2026_ytd,ok,2026-01-02 05:00:00+00:00,2026-07-29 18:00:00+00:00,3251.0,302.0,0.0001633833842686242,0.45695364238410596,0.28329832683399164,0.7769481597661168,False,3251.0,-0.00024982209776669873,0.00041320548203532294,state_slope=flat,839.0,0.000414393185482299,-0.0002510098012136748,0.38142050083504997
FUT/GC,1h,state_session=afternoon + state_slope=flat,latest_12m,ok,2025-07-29 18:00:00+00:00,2026-07-29 18:00:00+00:00,5691.0,559.0,0.00022799221333675798,0.4776386404293381,0.5755559800158446,0.5649153423134565,False,5691.0,2.4311758788596278e-05,0.0002036804545481617,state_slope=flat,1534.0,0.0005518758879035491,-0.00032388367456679117,0.07482959439318448
FUT/GC,1h,state_session=afternoon + state_slope=flat,latest_6m,ok,2026-01-29 18:00:00+00:00,2026-07-29 18:00:00+00:00,2829.0,259.0,-0.0001154897401330557,0.44015444015444016,-0.20066845409896458,0.8409578279218402,False,2829.0,-0.0006288362426407646,0.0005133465025077089,state_slope=flat,736.0,5.4042320476364774e-05,-0.0001695320606094205,0.9128157029203092
FUT/NQ,1h,state_session=lunch + state_slope=downtrend,all,ok,2025-07-16 04:00:00+00:00,2026-07-29 18:00:00+00:00,5916.0,206.0,-0.0002369992899037857,0.5339805825242718,-0.3943361650825081,0.693332866066835,False,5916.0,-3.4668488841881234e-05,-0.00020233080106190447,state_session=lunch,519.0,0.00023736907307405313,-0.00047436836297783884,0.4503424840104646
FUT/NQ,1h,state_session=lunch + state_slope=downtrend,calendar_2024,empty_window,,,,,,,,,,,,,,,,,
FUT/NQ,1h,state_session=lunch + state_slope=downtrend,calendar_2025,ok,2025-07-16 04:00:00+00:00,2025-12-31 21:00:00+00:00,2660.0,89.0,0.00044760360256878825,0.5955056179775281,0.6792047404662651,0.49700814408813154,False,2660.0,1.848160211059983e-05,0.00042912200045818843,state_session=lunch,236.0,0.0007125675131192428,-0.0002649639105504546,0.02981425405475191
FUT/NQ,1h,state_session=lunch + state_slope=downtrend,calendar_2026_ytd,ok,2026-01-02 05:00:00+00:00,2026-07-29 18:00:00+00:00,3256.0,117.0,-0.0007577655927248032,0.48717948717948717,-0.824265135608311,0.40978892399541555,False,3256.0,-7.808963194188099e-05,-0.0006796759607829222,state_session=lunch,283.0,-0.00015890948470214744,-0.0005988561080226557,0.7520340586923462
FUT/NQ,1h,state_session=lunch + state_slope=downtrend,latest_12m,ok,2025-07-29 18:00:00+00:00,2026-07-29 18:00:00+00:00,5697.0,206.0,-0.0002369992899037857,0.5339805825242718,-0.3943361650825081,0.693332866066835,False,5697.0,-4.618060898891737e-05,-0.00019081868091486834,state_session=lunch,499.0,0.0002009935740081869,-0.0004379928639119726,0.5365056845367622
FUT/NQ,1h,state_session=lunch + state_slope=downtrend,latest_6m,ok,2026-01-29 18:00:00+00:00,2026-07-29 18:00:00+00:00,2834.0,107.0,-0.0009058829819243943,0.4766355140186916,-0.9194475064070308,0.3578615506180578,False,2834.0,-7.936383205757377e-05,-0.0008265191498668205,state_session=lunch,246.0,-8.836547342532492e-05,-0.0008175175084990694,0.8727817966397227
FUT/CL,1h,state_session=afternoon + state_ext=stretched_down,all,ok,2025-07-16 04:00:00+00:00,2026-07-29 18:00:00+00:00,5894.0,228.0,0.0011808065994076047,0.4473684210526316,0.560966930887841,0.5748200809172161,False,5894.0,0.0001390878220024127,0.001041718777405192,state_ext=stretched_down,646.0,0.0014267691337528966,-0.00024596253434529193,0.3146585956529333
FUT/CL,1h,state_session=afternoon + state_ext=stretched_down,calendar_2024,empty_window,,,,,,,,,,,,,,,,,
FUT/CL,1h,state_session=afternoon + state_ext=stretched_down,calendar_2025,ok,2025-07-16 04:00:00+00:00,2025-12-31 21:00:00+00:00,2647.0,40.0,0.0023267926503247327,0.475,1.4410329659023606,0.14957536972577334,False,2647.0,-0.0004491198551704278,0.0027759125054951607,state_ext=stretched_down,116.0,0.0009878905252791502,0.0013389021250455825,0.3571738786854066
FUT/CL,1h,state_session=afternoon + state_ext=stretched_down,calendar_2026_ytd,ok,2026-01-02 05:00:00+00:00,2026-07-29 18:00:00+00:00,3247.0,188.0,0.0009369797800635359,0.44148936170212766,0.37018558028007276,0.7112442199040152,False,3247.0,0.0006186029810650883,0.0003183767989984476,state_ext=stretched_down,530.0,0.0015228255839094139,-0.000585845803845878,0.37118211598956163
FUT/CL,1h,state_session=afternoon + state_ext=stretched_down,latest_12m,ok,2025-07-29 18:00:00+00:00,2026-07-29 18:00:00+00:00,5686.0,228.0,0.0011808065994076047,0.4473684210526316,0.560966930887841,0.5748200809172161,False,5686.0,0.00011646753275020907,0.0010643390666573956,state_ext=stretched_down,640.0,0.0014294358568901118,-0.0002486292574825071,0.3182687310430856
FUT/CL,1h,state_session=afternoon + state_ext=stretched_down,latest_6m,ok,2026-01-29 18:00:00+00:00,2026-07-29 18:00:00+00:00,2827.0,174.0,0.001329273361866982,0.46551724137931033,0.4881336470792795,0.6254551796421299,False,2827.0,0.0005084102782105432,0.0008208630836564389,state_ext=stretched_down,503.0,0.0017163580765011534,-0.0003870847146341713,0.33755922711715036
FUT/CL,1h,state_session=lunch + state_ext=neutral,all,ok,2025-07-16 04:00:00+00:00,2026-07-29 18:00:00+00:00,5894.0,358.0,0.0007496872396377767,0.5614525139664804,0.6942400744634596,0.48753166475901466,False,5894.0,0.0001390878220024127,0.000610599417635364,state_session=lunch,519.0,0.002404899269891109,-0.001655212030253332,0.02690747899681245
FUT/CL,1h,state_session=lunch + state_ext=neutral,calendar_2024,empty_window,,,,,,,,,,,,,,,,,
FUT/CL,1h,state_session=lunch + state_ext=neutral,calendar_2025,ok,2025-07-16 04:00:00+00:00,2025-12-31 21:00:00+00:00,2647.0,210.0,0.000732461401314939,0.5428571428571428,1.3172753118460534,0.18774635749466784,False,2647.0,-0.0004491198551704278,0.0011815812564853667,state_session=lunch,236.0,0.0006147807531134945,0.00011768064820144445,0.22923742816695825
FUT/CL,1h,state_session=lunch + state_ext=neutral,calendar_2026_ytd,ok,2026-01-02 05:00:00+00:00,2026-07-29 18:00:00+00:00,3247.0,148.0,0.0007741293075282902,0.5878378378378378,0.3028619800793322,0.7619950468477827,False,3247.0,0.0006186029810650883,0.00015552632646320186,state_session=lunch,283.0,0.0038977189517268567,-0.0031235896441985664,0.04229156882232221
FUT/CL,1h,state_session=lunch + state_ext=neutral,latest_12m,ok,2025-07-29 18:00:00+00:00,2026-07-29 18:00:00+00:00,5686.0,341.0,0.0006630967841056831,0.5483870967741935,0.5902279958007002,0.5550378053849463,False,5686.0,0.00011646753275020907,0.0005466292513554741,state_session=lunch,499.0,0.0024001924008538213,-0.0017370956167481382,0.03303247046198243
FUT/CL,1h,state_session=lunch + state_ext=neutral,latest_6m,ok,2026-01-29 18:00:00+00:00,2026-07-29 18:00:00+00:00,2827.0,121.0,0.0011214004011179128,0.5867768595041323,0.3636344488507297,0.7161309988906359,False,2827.0,0.0005084102782105432,0.0006129901229073696,state_session=lunch,246.0,0.004447626930260594,-0.003326226529142681,0.04202089136187581
FUT/GC,1h,state_session=lunch + state_ext=stretched_down,all,ok,2025-07-17 04:00:00+00:00,2026-07-29 18:00:00+00:00,5887.0,31.0,0.003834595836838556,0.7419354838709677,1.57579843084509,0.11507226415441663,False,5887.0,1.3237654491562255e-05,0.003821358182346994,state_session=lunch,517.0,0.000560936333859554,0.003273659502979002,0.2515726272951131
FUT/GC,1h,state_session=lunch + state_ext=stretched_down,calendar_2024,empty_window,,,,,,,,,,,,,,,,,
FUT/GC,1h,state_session=lunch + state_ext=stretched_down,calendar_2025,ok,2025-07-17 04:00:00+00:00,2025-12-31 21:00:00+00:00,2636.0,8.0,0.0038624091323784583,0.875,1.8453641707915198,0.06498458145851416,False,2636.0,0.000337671362606739,0.0035247377697717195,state_session=lunch,234.0,0.0004872849714947022,0.003375124160883756,0.27053584488546534
FUT/GC,1h,state_session=lunch + state_ext=stretched_down,calendar_2026_ytd,ok,2026-01-02 05:00:00+00:00,2026-07-29 18:00:00+00:00,3251.0,23.0,0.0038249216470855464,0.6956521739130435,1.211380283411748,0.22574969232151232,False,3251.0,-0.00024982209776669873,0.0040747437448522454,state_session=lunch,283.0,0.0006218353401965695,0.003203086306888977,0.4417078516485953
FUT/GC,1h,state_session=lunch + state_ext=stretched_down,latest_12m,ok,2025-07-29 18:00:00+00:00,2026-07-29 18:00:00+00:00,5691.0,31.0,0.003834595836838556,0.7419354838709677,1.57579843084509,0.11507226415441663,False,5691.0,2.4311758788596278e-05,0.00381028407804996,state_session=lunch,499.0,0.0005908413549176155,0.0032437544819209404,0.243361433619266
FUT/GC,1h,state_session=lunch + state_ext=stretched_down,latest_6m,ok,2026-01-29 18:00:00+00:00,2026-07-29 18:00:00+00:00,2829.0,22.0,0.0031325546896207824,0.6818181818181818,1.0175403685436226,0.3088964384982724,False,2829.0,-0.0006288362426407646,0.003761390932261547,state_session=lunch,246.0,-0.00028583982749346814,0.0034183945171142507,0.6929654274321684
FUT/GC,1h,state_ext=stretched_up + state_vol=mid_vol,all,ok,2025-07-17 04:00:00+00:00,2026-07-29 18:00:00+00:00,5887.0,24.0,3.811122727875061e-05,0.5833333333333334,0.030494356876506718,0.975672793850064,False,5887.0,-0.0004132376544915618,0.00045134888177031244,state_vol=mid_vol,2193.0,-0.0003007380685262755,0.00033884929580502615,0.19712577444101864
FUT/GC,1h,state_ext=stretched_up + state_vol=mid_vol,calendar_2024,empty_window,,,,,,,,,,,,,,,,,
FUT/GC,1h,state_ext=stretched_up + state_vol=mid_vol,calendar_2025,ok,2025-07-17 04:00:00+00:00,2025-12-31 21:00:00+00:00,2636.0,0.0,,,,,False,2636.0,-0.0007376713626067389,,state_ext=stretched_up,24.0,0.000739062846066735,,0.5787658772692541
FUT/GC,1h,state_ext=stretched_up + state_vol=mid_vol,calendar_2026_ytd,ok,2026-01-02 05:00:00+00:00,2026-07-29 18:00:00+00:00,3251.0,24.0,3.811122727875061e-05,0.5833333333333334,0.030494356876506718,0.975672793850064,False,3251.0,-0.00015017790223330086,0.00018828912951205146,state_vol=mid_vol,1484.0,5.09218697666109e-05,-1.2810642487860292e-05,0.8664057064639152
FUT/GC,1h,state_ext=stretched_up + state_vol=mid_vol,latest_12m,ok,2025-07-29 18:00:00+00:00,2026-07-29 18:00:00+00:00,5691.0,24.0,3.811122727875061e-05,0.5833333333333334,0.030494356876506718,0.975672793850064,False,5691.0,-0.00042431175878859594,0.0004624229860673466,state_vol=mid_vol,2193.0,-0.0003007380685262755,0.00033884929580502615,0.19712577444101864
FUT/GC,1h,state_ext=stretched_up + state_vol=mid_vol,latest_6m,ok,2026-01-29 18:00:00+00:00,2026-07-29 18:00:00+00:00,2829.0,13.0,0.0015682043817995535,0.6153846153846154,0.8846652451062327,0.3763372057584009,False,2829.0,0.00022883624264076485,0.0013393681391587887,state_ext=stretched_up,129.0,0.001085472200268127,0.00048273218153142643,0.22659222364079934
FUT/NQ,1h,state_session=morning + state_ext=stretched_down,all,ok,2025-07-16 04:00:00+00:00,2026-07-29 18:00:00+00:00,5916.0,39.0,0.0005541632221289394,0.5128205128205128,0.40471272378944545,0.6856886883301687,False,5916.0,-3.4668488841881234e-05,0.0005888317109708206,state_ext=stretched_down,107.0,0.0016978070112306475,-0.0011436437891017082,0.10783947301955532
FUT/NQ,1h,state_session=morning + state_ext=stretched_down,calendar_2024,empty_window,,,,,,,,,,,,,,,,,
FUT/NQ,1h,state_session=morning + state_ext=stretched_down,calendar_2025,ok,2025-07-16 04:00:00+00:00,2025-12-31 21:00:00+00:00,2660.0,11.0,-0.0003848887284941626,0.45454545454545453,-0.13805352858039777,0.8901981128268674,False,2660.0,1.848160211059983e-05,-0.00040337033060476243,state_ext=stretched_down,32.0,0.00082860012573541,-0.0012134888542295727,0.6688771006536909
FUT/NQ,1h,state_session=morning + state_ext=stretched_down,calendar_2026_ytd,ok,2026-01-02 05:00:00+00:00,2026-07-29 18:00:00+00:00,3256.0,28.0,0.000923076488445158,0.5357142857142857,0.5571434667340772,0.5774294115585108,False,3256.0,-7.808963194188099e-05,0.001001166120387039,state_ext=stretched_down,75.0,0.0020686686157086157,-0.0011455921272634575,0.09816889148590091
FUT/NQ,1h,state_session=morning + state_ext=stretched_down,latest_12m,ok,2025-07-29 18:00:00+00:00,2026-07-29 18:00:00+00:00,5697.0,39.0,0.0005541632221289394,0.5128205128205128,0.40471272378944545,0.6856886883301687,False,5697.0,-4.618060898891737e-05,0.0006003438311178568,state_ext=stretched_down,107.0,0.0016978070112306475,-0.0011436437891017082,0.10783947301955532
FUT/NQ,1h,state_session=morning + state_ext=stretched_down,latest_6m,ok,2026-01-29 18:00:00+00:00,2026-07-29 18:00:00+00:00,2834.0,21.0,-0.0004659898182816891,0.47619047619047616,-0.287151624397307,0.7739962252390273,False,2834.0,-7.936383205757377e-05,-0.0003866259862241153,state_ext=stretched_down,68.0,0.0017576208576142098,-0.0022236106758958987,0.18450266589093078
