symbol,timeframe,slice_combination,regime,regime_symbol,diagnostic_status,regime_window_rows,slice_n,slice_mean_ret_costadj,slice_win_rate,slice_t_stat_nw,slice_p_value_nw,slice_pass,baseline_mean_ret_costadj,excess_vs_baseline,best_parent_filter,best_parent_mean_ret_costadj,excess_vs_best_parent
FUT/NQ,1h,state_session=morning + state_slope=uptrend,all,FUT/NQ,ok,5757,953,0.00013989913490170894,0.5372507869884575,0.37892181511753986,0.7047459239773175,False,2.771607305471637e-05,0.00011218306184699257,state_slope=uptrend,0.0001435796643046802,-3.6805294029712684e-06
FUT/NQ,1h,state_session=morning + state_slope=uptrend,bull,FUT/NQ,ok,1967,485,0.00027315506270266616,0.534020618556701,0.7198081561824091,0.47164312243799555,False,-2.4489396166759895e-05,0.0002976444588694261,state_slope=uptrend,0.00021504573711705516,5.8109325585611e-05
FUT/NQ,1h,state_session=morning + state_slope=uptrend,bear,FUT/NQ,ok,1242,56,0.0010293278459776295,0.5,0.7402270390244151,0.4591622434887668,False,0.0005028166750457607,0.0005265111709318688,state_slope=uptrend,0.0013159062067990368,-0.00028657836082140726
FUT/NQ,1h,state_session=morning + state_slope=uptrend,neutral,FUT/NQ,ok,2349,412,-0.00013786089617527124,0.5461165048543689,-0.21069153761714943,0.8331279783908383,False,-0.0002250791076790836,8.721821150381237e-05,state_slope=uptrend,-0.00013133861184901505,-6.522284326256186e-06
FUT/NQ,1h,state_session=morning + state_slope=uptrend,regime_warmup,FUT/NQ,ok,199,0,,,,,False,0.0005625356199364384,,state_session=morning,0.00030699682872711403,
FUT/CL,1h,state_session=lunch + state_ext=stretched_up,all,FUT/CL,ok,5747,76,0.008498912317680652,0.5394736842105263,1.764115920030478,0.0777124646703442,False,1.5995800642608207e-05,0.008482916517038043,state_session=lunch,0.0021697254748157305,0.006329186842864921
FUT/CL,1h,state_session=lunch + state_ext=stretched_up,bull,FUT/CL,ok,1740,41,0.012501237695268888,0.5121951219512195,1.572253800169266,0.11589170283219286,False,0.0002562178049873395,0.012245019890281547,state_ext=stretched_up,0.0033324184091445145,0.009168819286124372
FUT/CL,1h,state_session=lunch + state_ext=stretched_up,bear,FUT/CL,ok,1514,4,-0.012648463916477915,0.25,-1.2642749492926804,0.2061313576803978,False,-0.00045675280174403986,-0.012191711114733874,state_session=lunch,0.001254675734698329,-0.013903139651176243
FUT/CL,1h,state_session=lunch + state_ext=stretched_up,neutral,FUT/CL,ok,2294,31,0.005934207945277961,0.6129032258064516,2.8567434950992543,0.004280115717287147,True,0.0003733190533731252,0.005560888891904836,state_session=lunch,0.003092954562552308,0.0028412533827256534
FUT/CL,1h,state_session=lunch + state_ext=stretched_up,regime_warmup,FUT/CL,ok,199,0,,,,,False,-0.0026068406079516274,,state_session=lunch,-0.003037600764972686,
FUT/NQ,1h,state_session=afternoon + state_ext=stretched_up,all,FUT/NQ,ok,5757,52,0.0021020167884121437,0.6923076923076923,2.3230749186595556,0.020175128101912687,True,2.771607305471637e-05,0.002074300715357427,state_ext=stretched_up,0.0023106578924207825,-0.0002086411040086388
FUT/NQ,1h,state_session=afternoon + state_ext=stretched_up,bull,FUT/NQ,ok,1967,10,0.0023935489097666415,0.8,2.73942480971626,0.006154679105151217,False,-2.4489396166759895e-05,0.0024180383059334014,state_ext=stretched_up,0.0013563799540994028,0.0010371689556672387
FUT/NQ,1h,state_session=afternoon + state_ext=stretched_up,bear,FUT/NQ,ok,1242,0,,,,,False,0.0005028166750457607,,state_session=afternoon,0.00020996075673581418,
FUT/NQ,1h,state_session=afternoon + state_ext=stretched_up,neutral,FUT/NQ,ok,2349,42,0.002032604378565835,0.6666666666666666,1.8661732412134346,0.06201713156061506,False,-0.0002250791076790836,0.0022576834862449184,state_ext=stretched_up,0.0028020671980609436,-0.0007694628194951088
FUT/NQ,1h,state_session=afternoon + state_ext=stretched_up,regime_warmup,FUT/NQ,ok,199,0,,,,,False,0.0005625356199364384,,state_session=afternoon,0.0009084799061376913,
FUT/ES,1h,state_session=morning + state_slope=uptrend,all,FUT/ES,ok,5753,871,6.401989656803972e-05,0.5235361653272101,0.23196793431233706,0.8165629192581674,False,-1.6322752398529433e-05,8.034264896656916e-05,state_session=morning,2.6515612012205155e-05,3.750428455583457e-05
FUT/ES,1h,state_session=morning + state_slope=uptrend,bull,FUT/ES,ok,2097,464,-1.200602295429961e-05,0.5280172413793104,-0.04072228670087883,0.9675172941124197,False,-0.00015848420580185927,0.00014647818284755967,state_slope=uptrend,-0.00014213240153758953,0.00013012637858328993
FUT/ES,1h,state_session=morning + state_slope=uptrend,bear,FUT/ES,ok,1080,56,8.087398015451599e-05,0.42857142857142855,0.07221393711653547,0.9424316539170483,False,0.000280805088899058,-0.000199931108744542,state_session=morning,0.0005823417131504466,-0.0005014677329959306
FUT/ES,1h,state_session=morning + state_slope=uptrend,neutral,FUT/ES,ok,2377,351,0.0001618324264185319,0.5327635327635327,0.3343596765609461,0.7381081635538358,False,-5.83817087001455e-05,0.0002202141351186774,state_slope=uptrend,4.9162879011442106e-05,0.00011266954740708979
FUT/ES,1h,state_session=morning + state_slope=uptrend,regime_warmup,FUT/ES,ok,199,0,,,,,False,0.0003715598521960921,,state_session=morning,-5.1080920854148074e-05,
FUT/ZN,1h,state_session=morning + state_slope=flat,all,FUT/ZN,ok,5691,1023,-0.00013879075707879713,0.44379276637341153,-1.573200379708232,0.11567242743645334,False,-0.00018438859580487984,4.5597838726082703e-05,state_slope=flat,-0.00015712980849221956,1.833905141342243e-05
FUT/ZN,1h,state_session=morning + state_slope=flat,bull,FUT/ZN,ok,1332,286,-4.1218908716745756e-05,0.46503496503496505,-0.3059472805927602,0.7596447861393356,False,-0.00012458807509192584,8.336916637518008e-05,state_slope=flat,-4.124570580665391e-05,2.6797089908152545e-08
FUT/ZN,1h,state_session=morning + state_slope=flat,bear,FUT/ZN,ok,1686,318,-5.987327892161147e-05,0.46855345911949686,-0.40033600461076196,0.6889090524839139,False,-0.00022016535595001342,0.00016029207702840194,state_slope=flat,-0.00018048791029128778,0.0001206146313696763
FUT/ZN,1h,state_session=morning + state_slope=flat,neutral,FUT/ZN,ok,2474,419,-0.0002652855224380614,0.4105011933174224,-2.1376455030126915,0.03254552567389579,False,-0.00016632518931321982,-9.896033312484156e-05,state_slope=flat,-0.00021091028650107205,-5.437523593698933e-05
FUT/ZN,1h,state_session=morning + state_slope=flat,regime_warmup,FUT/ZN,ok,199,0,,,,,False,-0.0005061149457813942,,state_session=morning,-0.0008007020462745691,
FUT/ZN,1h,state_session=afternoon + state_slope=downtrend,all,FUT/ZN,ok,5691,771,-0.00012008790391092077,0.4098573281452659,-2.224968152682318,0.026083376176853745,False,-0.00018438859580487984,6.430069189395907e-05,state_session=afternoon,-0.00015660742883844025,3.651952492751948e-05
FUT/ZN,1h,state_session=afternoon + state_slope=downtrend,bull,FUT/ZN,ok,1332,40,-0.0002201970466955498,0.525,-0.7181771634823447,0.4726480567912721,False,-0.00012458807509192584,-9.560897160362396e-05,state_session=afternoon,-0.00017068383621583367,-4.951321047971612e-05
FUT/ZN,1h,state_session=afternoon + state_slope=downtrend,bear,FUT/ZN,ok,1686,410,-0.00013189661319277737,0.43658536585365854,-2.0768382060794086,0.037816494641089715,False,-0.00022016535595001342,8.826874275723605e-05,state_slope=downtrend,-0.00018614995386280383,5.425334067002646e-05
FUT/ZN,1h,state_session=afternoon + state_slope=downtrend,neutral,FUT/ZN,ok,2474,321,-9.253046927868919e-05,0.3613707165109034,-1.1357315075710634,0.25606894990771556,False,-0.00016632518931321982,7.379472003453063e-05,state_session=afternoon,-0.000128893276822975,3.6362807544285824e-05
FUT/ZN,1h,state_session=afternoon + state_slope=downtrend,regime_warmup,FUT/ZN,ok,199,0,,,,,False,-0.0005061149457813942,,state_session=afternoon,-0.00012799366402713812,
FUT/GC,1h,state_session=morning + state_ext=stretched_up,all,FUT/GC,ok,5751,98,0.00039078622581641625,0.46938775510204084,0.4828782417984326,0.6291821917941505,False,-0.0004562633709239119,0.0008470495967403282,state_session=morning,-0.0001427423756746512,0.0005335286014910675
FUT/GC,1h,state_session=morning + state_ext=stretched_up,bull,FUT/GC,ok,1986,54,-0.001177857850893049,0.37037037037037035,-1.2330159236656144,0.21756982327124197,False,-0.0007372326365691315,-0.0004406252143239175,state_session=morning,-0.0005160501455111827,-0.0006618077053818662
FUT/GC,1h,state_session=morning + state_ext=stretched_up,bear,FUT/GC,ok,1321,4,0.009370810961359116,1.0,5.667830524390726,1.4461690067690824e-08,False,-0.0003839114889272266,0.009754722450286342,state_ext=stretched_up,0.013149493291815771,-0.0037786823304566553
FUT/GC,1h,state_session=morning + state_ext=stretched_up,neutral,FUT/GC,ok,2245,40,0.0016104532558199245,0.55,1.558649729398212,0.119079306040065,False,-0.00022791450665344114,0.0018383677624733655,state_session=morning,0.0005361346394821033,0.0010743186163378212
FUT/GC,1h,state_session=morning + state_ext=stretched_up,regime_warmup,FUT/GC,ok,199,0,,,,,False,-0.000708600430388348,,state_session=morning,-0.0010715697284077394,
FUT/ZN,1h,state_session=lunch + state_slope=downtrend,all,FUT/ZN,ok,5691,176,-7.887628240264067e-06,0.4375,-0.06779594762287337,0.9459480696705955,False,-0.00018438859580487984,0.00017650096756461576,state_session=lunch,-7.843503645397304e-05,7.054740821370897e-05
FUT/ZN,1h,state_session=lunch + state_slope=downtrend,bull,FUT/ZN,ok,1332,14,-5.888689320238732e-05,0.5,-0.14270665833904586,0.8865218579508889,False,-0.00012458807509192584,6.570118188953852e-05,state_session=lunch,-5.540394787040442e-05,-3.482945331982905e-06
FUT/ZN,1h,state_session=lunch + state_slope=downtrend,bear,FUT/ZN,ok,1686,95,-7.47094628672248e-05,0.35789473684210527,-0.4443540639829539,0.6567866191809257,False,-0.00022016535595001342,0.0001454558930827886,state_slope=downtrend,-0.00018614995386280383,0.00011144049099557902
FUT/ZN,1h,state_session=lunch + state_slope=downtrend,neutral,FUT/ZN,ok,2474,67,9.751631204378063e-05,0.5373134328358209,0.6087551229003907,0.5426867636797201,False,-0.00016632518931321982,0.00026384150135700047,state_session=lunch,5.939992578610092e-05,3.811638625767971e-05
FUT/ZN,1h,state_session=lunch + state_slope=downtrend,regime_warmup,FUT/ZN,ok,199,0,,,,,False,-0.0005061149457813942,,state_session=lunch,-0.00012259345610406353,
FUT/NQ,1h,state_ext=neutral + state_vol=mid_vol,all,FUT/NQ,ok,5757,1858,-1.998692139165793e-05,0.44994617868675996,-0.08690238501592054,0.9307491037260409,False,-0.00042771607305471616,0.0004077291516630582,state_vol=mid_vol,-2.8267535430524244e-05,8.280614038866315e-06
FUT/NQ,1h,state_ext=neutral + state_vol=mid_vol,bull,FUT/NQ,ok,1967,925,-0.00048662585757323787,0.4,-1.784413561479992,0.07435648903249259,False,-0.00037551060383323977,-0.0001111152537399981,state_ext=neutral,-0.00035773422187821704,-0.00012889163569502083
FUT/NQ,1h,state_ext=neutral + state_vol=mid_vol,bear,FUT/NQ,ok,1242,220,0.0006436428976123606,0.5181818181818182,0.8854970666799081,0.3758886009781519,False,-0.0009028166750457604,0.001546459572658121,state_vol=mid_vol,0.0006266472899442529,1.6995607668107682e-05
FUT/NQ,1h,state_ext=neutral + state_vol=mid_vol,neutral,FUT/NQ,ok,2349,713,0.00038063363370943233,0.49368863955119213,0.9845104572975968,0.32486459232650455,False,-0.00017492089232091625,0.0005555545260303486,state_vol=mid_vol,0.0003599602923527835,2.067334135664881e-05
FUT/NQ,1h,state_ext=neutral + state_vol=mid_vol,regime_warmup,FUT/NQ,ok,199,0,,,,,False,-0.0009625356199364388,,state_ext=neutral,-0.001356680499610035,
FUT/GC,1h,state_session=morning + state_slope=flat,all,FUT/GC,ok,5751,809,0.0007380119044587276,0.5092707045735476,1.870558313105704,0.06140632726623574,False,5.626337092391225e-05,0.0006817485335348154,state_slope=flat,0.0005556758867796907,0.0001823360176790369
FUT/GC,1h,state_session=morning + state_slope=flat,bull,FUT/GC,ok,1986,300,0.0004896196120361192,0.5233333333333333,0.901780930427842,0.3671732517038677,False,0.00033723263656913147,0.00015238697546698774,state_slope=flat,0.0004949358530361548,-5.316241000035576e-06
FUT/GC,1h,state_session=morning + state_slope=flat,bear,FUT/GC,ok,1321,191,0.0004043081605817134,0.42408376963350786,0.48104380718493034,0.6304853642556592,False,-1.608851107277326e-05,0.00042039667165448666,state_slope=flat,0.00026374764049940703,0.00014056052008230635
FUT/GC,1h,state_session=morning + state_slope=flat,neutral,FUT/GC,ok,2245,318,0.0011727763786954953,0.5471698113207547,2.150791154513487,0.03149268759477519,True,-0.00017208549334655847,0.0013448618720420537,state_slope=flat,0.0007623847058655748,0.00041039167282992044
FUT/GC,1h,state_session=morning + state_slope=flat,regime_warmup,FUT/GC,ok,199,0,,,,,False,0.0003086004303883485,,state_session=morning,0.0006715697284077394,
FUT/GC,1h,state_ext=neutral + state_slope=flat,all,FUT/GC,ok,5751,1474,0.000551902266452408,0.48846675712347354,1.725101684043244,0.08450914911767549,False,5.626337092391225e-05,0.0004956388955284958,state_slope=flat,0.0005556758867796907,-3.7736203272826976e-06
FUT/GC,1h,state_ext=neutral + state_slope=flat,bull,FUT/GC,ok,1986,568,0.0004917958873145271,0.49119718309859156,1.0597394961195687,0.2892631291346581,False,0.00033723263656913147,0.00015456325074539567,state_slope=flat,0.0004949358530361548,-3.1399657216276506e-06
FUT/GC,1h,state_ext=neutral + state_slope=flat,bear,FUT/GC,ok,1321,307,0.00029329020169360526,0.4201954397394137,0.41939374170784843,0.6749283971081592,False,-1.608851107277326e-05,0.00030937871276637854,state_slope=flat,0.00026374764049940703,2.954256119419823e-05
FUT/GC,1h,state_ext=neutral + state_slope=flat,neutral,FUT/GC,ok,2245,599,0.0007414420448017717,0.5208681135225376,1.7778044356321894,0.0754359797444224,False,-0.00017208549334655847,0.0009135275381483302,state_slope=flat,0.0007623847058655748,-2.094266106380312e-05
FUT/GC,1h,state_ext=neutral + state_slope=flat,regime_warmup,FUT/GC,ok,199,0,,,,,False,0.0003086004303883485,,state_ext=neutral,-0.0001701961603168493,
FUT/NQ,1h,state_session=afternoon + state_ext=stretched_down,all,FUT/NQ,ok,5757,48,0.0032190244423045307,0.7083333333333334,2.792210590294659,0.005234927368040099,True,2.771607305471637e-05,0.0031913083692498142,state_ext=stretched_down,0.0018999601944896596,0.001319064247814871
FUT/NQ,1h,state_session=afternoon + state_ext=stretched_down,bull,FUT/NQ,ok,1967,0,,,,,False,-2.4489396166759895e-05,,state_session=afternoon,1.3839448951552808e-05,
FUT/NQ,1h,state_session=afternoon + state_ext=stretched_down,bear,FUT/NQ,ok,1242,39,0.0028600267780550174,0.6923076923076923,2.620386403533285,0.008783018611850935,True,0.0005028166750457607,0.0023572101030092567,state_ext=stretched_down,0.002826050535627755,3.3976242427262524e-05
FUT/NQ,1h,state_session=afternoon + state_ext=stretched_down,neutral,FUT/NQ,ok,2349,9,0.00477468098738575,0.7777777777777778,1.2959963196745372,0.19497675284417326,False,-0.0002250791076790836,0.004999760095064834,state_session=afternoon,-5.647176071130878e-05,0.004831152748097059
FUT/NQ,1h,state_session=afternoon + state_ext=stretched_down,regime_warmup,FUT/NQ,ok,199,0,,,,,False,0.0005625356199364384,,state_session=afternoon,0.0009084799061376913,
FUT/ZN,1h,state_session=lunch + state_slope=uptrend,all,FUT/ZN,ok,5691,167,-2.6792097066824786e-05,0.5089820359281437,-0.2619967885040363,0.7933239181384124,False,-0.00018438859580487984,0.00015759649873805506,state_session=lunch,-7.843503645397304e-05,5.1642939387148247e-05
FUT/ZN,1h,state_session=lunch + state_slope=uptrend,bull,FUT/ZN,ok,1332,64,4.384064625497002e-05,0.53125,0.2892825083545864,0.7723651966822316,False,-0.00012458807509192584,0.00016842872134689585,state_session=lunch,-5.540394787040442e-05,9.924459412537444e-05
FUT/ZN,1h,state_session=lunch + state_slope=uptrend,bear,FUT/ZN,ok,1686,14,-0.0004757323361786451,0.35714285714285715,-2.466214375246018,0.013654958312868004,False,-0.00022016535595001342,-0.0002555669802286317,state_session=lunch,-0.0002863521151246474,-0.0001893802210539977
FUT/ZN,1h,state_session=lunch + state_slope=uptrend,neutral,FUT/ZN,ok,2474,89,-6.964369258166124e-06,0.5168539325842697,-0.04584840616774745,0.9634310768080303,False,-0.00016632518931321982,0.0001593608200550537,state_session=lunch,5.939992578610092e-05,-6.636429504426704e-05
FUT/ZN,1h,state_session=lunch + state_slope=uptrend,regime_warmup,FUT/ZN,ok,199,0,,,,,False,-0.0005061149457813942,,state_session=lunch,-0.00012259345610406353,
FUT/GC,1h,state_ext=neutral + state_slope=downtrend,all,FUT/GC,ok,5751,1921,0.00029151378277669305,0.46694429984383135,0.8868721079060771,0.37514775995295446,False,-0.0004562633709239119,0.000747777153700605,state_slope=downtrend,0.0003041077287547812,-1.259394597808816e-05
FUT/GC,1h,state_ext=neutral + state_slope=downtrend,bull,FUT/GC,ok,1986,309,0.0008951796069264896,0.49514563106796117,1.2420670530855813,0.2142118233284842,False,-0.0007372326365691315,0.001632412243495621,state_slope=downtrend,0.0007857226002284058,0.0001094570066980838
FUT/GC,1h,state_ext=neutral + state_slope=downtrend,bear,FUT/GC,ok,1321,771,-0.00010454600325490004,0.4565499351491569,-0.2018825370194366,0.8400085544280254,False,-0.0003839114889272266,0.0002793654856723265,state_slope=downtrend,-5.762754229818334e-05,-4.69184609567167e-05
FUT/GC,1h,state_ext=neutral + state_slope=downtrend,neutral,FUT/GC,ok,2245,841,0.00043280909237011875,0.4661117717003567,0.9755896175507806,0.32926787164338744,False,-0.00022791450665344114,0.0006607235990235599,state_slope=downtrend,0.00048194240692077134,-4.913331455065259e-05
FUT/GC,1h,state_ext=neutral + state_slope=downtrend,regime_warmup,FUT/GC,ok,199,0,,,,,False,-0.000708600430388348,,state_ext=neutral,-0.0002298038396831505,
FUT/GC,1h,state_session=afternoon + state_slope=downtrend,all,FUT/GC,ok,5751,864,-0.00024500634864092714,0.44328703703703703,-0.502989688623015,0.6149715218186509,False,-0.0004562633709239119,0.00021125702228298477,state_slope=downtrend,0.0003041077287547812,-0.0005491140773957084
FUT/GC,1h,state_session=afternoon + state_slope=downtrend,bull,FUT/GC,ok,1986,119,0.001593076670356908,0.5042016806722689,1.3087930581131557,0.1906044590637319,False,-0.0007372326365691315,0.0023303093069260393,state_slope=downtrend,0.0007857226002284058,0.0008073540701285021
FUT/GC,1h,state_session=afternoon + state_slope=downtrend,bear,FUT/GC,ok,1321,356,-1.2192338944461114e-05,0.4438202247191011,-0.015099536712880482,0.9879527705699609,False,-0.0003839114889272266,0.0003717191499827655,state_slope=downtrend,-5.762754229818334e-05,4.543520335372222e-05
FUT/GC,1h,state_session=afternoon + state_slope=downtrend,neutral,FUT/GC,ok,2245,389,-0.0010203628183393443,0.4241645244215938,-1.6514516262092773,0.09864639056411395,False,-0.00022791450665344114,-0.0007924483116859032,state_slope=downtrend,0.00048194240692077134,-0.0015023052252601157
FUT/GC,1h,state_session=afternoon + state_slope=downtrend,regime_warmup,FUT/GC,ok,199,0,,,,,False,-0.000708600430388348,,state_session=afternoon,-3.2507662401716885e-05,
FUT/ZN,1h,state_session=morning + state_slope=downtrend,all,FUT/ZN,ok,5691,1006,-0.00011290205463202418,0.4423459244532803,-1.3693889238578851,0.17087773465761402,False,-0.00021561140419512024,0.00010270934956309606,state_session=morning,-0.0001776641349140004,6.476208028197622e-05
FUT/ZN,1h,state_session=morning + state_slope=downtrend,bull,FUT/ZN,ok,1332,58,-0.0001716469124060812,0.4827586206896552,-0.8066763147151071,0.4198529934466668,False,-0.0002754119249080742,0.000103765012501993,state_slope=downtrend,-0.0001957430584544401,2.4096146048358907e-05
FUT/ZN,1h,state_session=morning + state_slope=downtrend,bear,FUT/ZN,ok,1686,520,-0.000150714053215483,0.43653846153846154,-1.2598771292291984,0.2077136903614898,False,-0.00017983464404998665,2.9120590834503656e-05,state_session=morning,-0.00017063530417573712,1.9921250960254125e-05
FUT/ZN,1h,state_session=morning + state_slope=downtrend,neutral,FUT/ZN,ok,2474,428,-5.900149151451506e-05,0.4439252336448598,-0.5086086188688936,0.611026586436402,False,-0.0002336748106867802,0.00017467331917226514,state_session=morning,-0.00016841413825278357,0.00010941264673826852
FUT/ZN,1h,state_session=morning + state_slope=downtrend,regime_warmup,FUT/ZN,ok,199,0,,,,,False,0.00010611494578139387,,state_session=morning,0.0004007020462745688,
FUT/CL,1h,state_session=lunch + state_ext=stretched_down,all,FUT/CL,ok,5747,82,0.003917408515988783,0.6097560975609756,1.3611483515612486,0.17346681222401306,False,1.5995800642608207e-05,0.0039014127153461746,state_session=lunch,0.0021697254748157305,0.0017476830411730523
FUT/CL,1h,state_session=lunch + state_ext=stretched_down,bull,FUT/CL,ok,1740,3,-0.04369154798370511,0.3333333333333333,-2.1835487297775766,0.02899542449304504,False,0.0002562178049873395,-0.043947765788692444,state_session=lunch,0.0023700481756312713,-0.04606159615933638
FUT/CL,1h,state_session=lunch + state_ext=stretched_down,bear,FUT/CL,ok,1514,36,0.0059878638281581275,0.5833333333333334,1.693760047042564,0.0903108889309645,False,-0.00045675280174403986,0.006444616629902167,state_ext=stretched_down,0.0022759874390639945,0.003711876389094133
FUT/CL,1h,state_session=lunch + state_ext=stretched_down,neutral,FUT/CL,ok,2294,43,0.005505559173220995,0.6511627906976745,1.34380027723962,0.17901297983948217,False,0.0003733190533731252,0.00513224011984787,state_session=lunch,0.003092954562552308,0.002412604610668687
FUT/CL,1h,state_session=lunch + state_ext=stretched_down,regime_warmup,FUT/CL,ok,199,0,,,,,False,-0.0026068406079516274,,state_ext=stretched_down,0.00913573900092019,
FUT/CL,1h,state_ext=stretched_down + state_vol=mid_vol,all,FUT/CL,ok,5747,93,0.003217471739554729,0.5913978494623656,1.5494146324119806,0.12128207851257766,False,1.5995800642608207e-05,0.003201475938912121,state_ext=stretched_down,0.0013877861263693132,0.0018296856131854158
FUT/CL,1h,state_ext=stretched_down + state_vol=mid_vol,bull,FUT/CL,ok,1740,0,,,,,False,0.0002562178049873395,,state_vol=mid_vol,-0.0002737068388422241,
FUT/CL,1h,state_ext=stretched_down + state_vol=mid_vol,bear,FUT/CL,ok,1514,47,0.0028108074643668378,0.5531914893617021,1.2131711754204986,0.22506438211521096,False,-0.00045675280174403986,0.0032675602661108778,state_ext=stretched_down,0.0022759874390639945,0.0005348200253028432
FUT/CL,1h,state_ext=stretched_down + state_vol=mid_vol,neutral,FUT/CL,ok,2294,46,0.0036329765424640945,0.6304347826086957,1.09503995566052,0.27349913221577404,False,0.0003733190533731252,0.003259657489090969,state_ext=stretched_down,0.0015127604383708608,0.0021202161040932335
FUT/CL,1h,state_ext=stretched_down + state_vol=mid_vol,regime_warmup,FUT/CL,ok,199,0,,,,,False,-0.0026068406079516274,,state_ext=stretched_down,0.00913573900092019,
FUT/CL,1h,state_ext=stretched_up + state_vol=mid_vol,all,FUT/CL,ok,5747,143,0.0030473796087032777,0.6363636363636364,1.6265702546482377,0.10382840105681024,False,1.5995800642608207e-05,0.0030313838080606695,state_ext=stretched_up,0.0020702619768138233,0.0009771176318894544
FUT/CL,1h,state_ext=stretched_up + state_vol=mid_vol,bull,FUT/CL,ok,1740,64,0.005604002432495798,0.6875,2.499495193988715,0.0124370386052155,True,0.0002562178049873395,0.005347784627508459,state_ext=stretched_up,0.0033324184091445145,0.0022715840233512837
FUT/CL,1h,state_ext=stretched_up + state_vol=mid_vol,bear,FUT/CL,ok,1514,4,-0.0030742024285509368,0.25,-0.6000841239972813,0.5484501725439217,False,-0.00045675280174403986,-0.0026174496268068967,state_vol=mid_vol,1.8286196565844724e-05,-0.0030924886251167817
FUT/CL,1h,state_ext=stretched_up + state_vol=mid_vol,neutral,FUT/CL,ok,2294,75,0.0011922125077205514,0.6133333333333333,0.4977775665894369,0.6186408294369705,False,0.0003733190533731252,0.0008188934543474262,state_ext=stretched_up,0.000755429237991673,0.0004367832697288784
FUT/CL,1h,state_ext=stretched_up + state_vol=mid_vol,regime_warmup,FUT/CL,ok,199,0,,,,,False,-0.0026068406079516274,,,,
FUT/CL,1h,state_session=morning + state_slope=flat,all,FUT/CL,ok,5747,867,0.0008010234422392029,0.5282583621683967,1.1622717756491003,0.24512508750600293,False,-0.00041599580064260826,0.0012170192428818112,state_slope=flat,0.0003182931823699873,0.0004827302598692156
FUT/CL,1h,state_session=morning + state_slope=flat,bull,FUT/CL,ok,1740,295,0.0002527404730945179,0.49491525423728816,0.2820045692470058,0.777940006689209,False,-0.0006562178049873394,0.0009089582780818573,state_session=morning,0.00036641226170907633,-0.00011367178861455845
FUT/CL,1h,state_session=morning + state_slope=flat,bear,FUT/CL,ok,1514,248,0.0017051376891850456,0.5685483870967742,1.4031596619416444,0.16056923332296158,False,5.6752801744040306e-05,0.0016483848874410054,state_slope=flat,0.0010699766179447661,0.0006351610712402795
FUT/CL,1h,state_session=morning + state_slope=flat,neutral,FUT/CL,ok,2294,324,0.0006081936356191817,0.5277777777777778,0.5529218668533936,0.580316913296584,False,-0.000773319053373125,0.0013815126889923067,state_slope=flat,3.8119734005525206e-06,0.0006043816622186292
FUT/CL,1h,state_session=morning + state_slope=flat,regime_warmup,FUT/CL,ok,199,0,,,,,False,0.0022068406079516277,,state_session=morning,0.004288725005547533,
FUT/ES,1h,state_session=lunch + state_slope=downtrend,all,FUT/ES,ok,5753,174,-4.96119380010327e-05,0.4367816091954023,-0.08727876860167354,0.9304499298123454,False,-0.0003836772476014705,0.00033406530960043777,state_slope=downtrend,-0.00039283491360664986,0.00034322297560561714
FUT/ES,1h,state_session=lunch + state_slope=downtrend,bull,FUT/ES,ok,2097,12,-0.0025453420121471448,0.3333333333333333,-1.0844539809168519,0.2781635605500017,False,-0.00024151579419814072,-0.002303826217949004,state_session=lunch,-0.00040019002392526555,-0.002145151988221879
FUT/ES,1h,state_session=lunch + state_slope=downtrend,bear,FUT/ES,ok,1080,67,0.0011572820441816526,0.4925373134328358,1.3002525460696992,0.1935144264505504,False,-0.0006808050888990579,0.0018380871330807105,state_session=lunch,0.00013467435801272636,0.0010226076861689262
FUT/ES,1h,state_session=lunch + state_slope=downtrend,neutral,FUT/ES,ok,2377,95,-0.0005855396844903652,0.4105263157894737,-1.0301472202460977,0.3029409015802589,False,-0.0003416182912998544,-0.00024392139319051077,state_slope=downtrend,-0.0002566904105674336,-0.0003288492739229316
FUT/ES,1h,state_session=lunch + state_slope=downtrend,regime_warmup,FUT/ES,ok,199,0,,,,,False,-0.0007715598521960922,,state_session=lunch,-0.001370685438155886,
FUT/CL,1h,state_session=morning + state_ext=neutral,all,FUT/CL,ok,5747,2288,0.00044075862491164475,0.4991258741258741,0.8060161639596592,0.42023352904834477,False,-0.00041599580064260826,0.000856754425554253,state_session=morning,0.00014686444958688315,0.0002938941753247616
FUT/CL,1h,state_session=morning + state_ext=neutral,bull,FUT/CL,ok,1740,684,0.0005376128070155727,0.48099415204678364,0.5574899911737978,0.5771926955787221,False,-0.0006562178049873394,0.0011938306120029122,state_session=morning,0.00036641226170907633,0.00017120054530649634
FUT/CL,1h,state_session=morning + state_ext=neutral,bear,FUT/CL,ok,1514,589,0.0010359680945834253,0.5161290322580645,1.1863407085618378,0.23548777640814977,False,5.6752801744040306e-05,0.000979215292839385,state_ext=neutral,0.0007457372619803765,0.0002902308326030487
FUT/CL,1h,state_session=morning + state_ext=neutral,neutral,FUT/CL,ok,2294,922,-0.0003525377728217586,0.482646420824295,-0.4606695800847709,0.6450356829618411,False,-0.000773319053373125,0.0004207812805513664,state_ext=neutral,-0.000504446761771205,0.0001519089889494464
FUT/CL,1h,state_session=morning + state_ext=neutral,regime_warmup,FUT/CL,ok,199,93,0.0038234751895829615,0.6881720430107527,2.521004908088202,0.011702021984211886,True,0.0022068406079516277,0.0016166345816313338,state_session=morning,0.004288725005547533,-0.00046524981596457156
FUT/NQ,1h,state_session=afternoon + state_slope=downtrend,all,FUT/NQ,ok,5757,855,1.5485009152183858e-05,0.5380116959064327,0.05397238341582993,0.9569571670023589,False,2.771607305471637e-05,-1.2231063902532512e-05,state_session=afternoon,5.7997145050547935e-05,-4.251213589836408e-05
FUT/NQ,1h,state_session=afternoon + state_slope=downtrend,bull,FUT/NQ,ok,1967,99,0.0004695081812372687,0.5757575757575758,0.8461782495128517,0.3974533137058902,False,-2.4489396166759895e-05,0.0004939975774040286,state_slope=downtrend,0.00032098158395432014,0.00014852659728294853
FUT/NQ,1h,state_session=afternoon + state_slope=downtrend,bear,FUT/NQ,ok,1242,353,-0.00013735035690987162,0.5155807365439093,-0.2960753701419908,0.7671725229611521,False,0.0005028166750457607,-0.0006401670319556323,state_slope=downtrend,0.00042520894951635785,-0.0005625593064262295
FUT/NQ,1h,state_session=afternoon + state_slope=downtrend,neutral,FUT/NQ,ok,2349,403,3.7823942609956107e-05,0.5483870967741935,0.09026565747476542,0.9280761100764066,False,-0.0002250791076790836,0.00026290305028903974,state_session=afternoon,-5.647176071130878e-05,9.429570332126488e-05
FUT/NQ,1h,state_session=afternoon + state_slope=downtrend,regime_warmup,FUT/NQ,ok,199,0,,,,,False,0.0005625356199364384,,state_session=afternoon,0.0009084799061376913,
FUT/NQ,1h,state_session=lunch + state_slope=flat,all,FUT/NQ,ok,5757,129,0.0002852030222779186,0.4883720930232558,0.5760231387776242,0.5645995417159688,False,2.771607305471637e-05,0.00025748694922320223,state_session=lunch,0.0002535136047740299,3.168941750388867e-05
FUT/NQ,1h,state_session=lunch + state_slope=flat,bull,FUT/NQ,ok,1967,73,-0.00010903219985186006,0.5068493150684932,-0.2166663212983324,0.8284683962322412,False,-2.4489396166759895e-05,-8.454280368510016e-05,state_session=lunch,0.00026301085978977924,-0.0003720430596416393
FUT/NQ,1h,state_session=lunch + state_slope=flat,bear,FUT/NQ,ok,1242,12,0.001185344165807702,0.4166666666666667,0.6870855417846095,0.49202882469238673,False,0.0005028166750457607,0.0006825274907619413,state_slope=flat,0.0003112679311154297,0.0008740762346922723
FUT/NQ,1h,state_session=lunch + state_slope=flat,neutral,FUT/NQ,ok,2349,44,0.0006937820562123828,0.4772727272727273,0.5758408747449276,0.564722742593404,False,-0.0002250791076790836,0.0009188611638914665,state_session=lunch,0.00027247065599967025,0.0004213114002127126
FUT/NQ,1h,state_session=lunch + state_slope=flat,regime_warmup,FUT/NQ,ok,199,0,,,,,False,0.0005625356199364384,,state_session=lunch,0.000692772095376193,
FUT/NQ,1h,state_session=lunch + state_slope=uptrend,all,FUT/NQ,ok,5757,160,0.0005350426567832013,0.4875,1.1703940505712775,0.24184242877261175,False,2.771607305471637e-05,0.0005073265837284849,state_session=lunch,0.0002535136047740299,0.00028152905200917136
FUT/NQ,1h,state_session=lunch + state_slope=uptrend,bull,FUT/NQ,ok,1967,78,0.0006336496661014807,0.5384615384615384,1.167793855174895,0.24288992734508263,False,-2.4489396166759895e-05,0.0006581390622682407,state_session=lunch,0.00026301085978977924,0.0003706388063117015
FUT/NQ,1h,state_session=lunch + state_slope=uptrend,bear,FUT/NQ,ok,1242,13,0.0040875891904896865,0.46153846153846156,1.3417897280140905,0.17966418372628024,False,0.0005028166750457607,0.0035847725154439258,state_slope=uptrend,0.0013159062067990368,0.00277168298369065
FUT/NQ,1h,state_session=lunch + state_slope=uptrend,neutral,FUT/NQ,ok,2349,69,-0.0002457464977821627,0.43478260869565216,-0.4468655729111394,0.654972122495965,False,-0.0002250791076790836,-2.0667390103079082e-05,state_session=lunch,0.00027247065599967025,-0.0005182171537818329
FUT/NQ,1h,state_session=lunch + state_slope=uptrend,regime_warmup,FUT/NQ,ok,199,0,,,,,False,0.0005625356199364384,,state_session=lunch,0.000692772095376193,
FUT/ES,1h,state_session=afternoon + state_slope=downtrend,all,FUT/ES,ok,5753,813,-0.00021528658643256876,0.5178351783517835,-1.0611175327216984,0.28863649092681554,False,-1.6322752398529433e-05,-0.00019896383403403934,state_slope=downtrend,-7.1650863933499655e-06,-0.0002081215000392188
FUT/ES,1h,state_session=afternoon + state_slope=downtrend,bull,FUT/ES,ok,2097,82,-0.00010530494880637256,0.5,-0.28271346418812116,0.7773964942152227,False,-0.00015848420580185927,5.3179256995486714e-05,state_slope=downtrend,1.6711246576876054e-05,-0.00012201619538324861
FUT/ES,1h,state_session=afternoon + state_slope=downtrend,bear,FUT/ES,ok,1080,310,-0.00017259555944603854,0.5193548387096775,-0.46420928082154506,0.6424978125483984,False,0.000280805088899058,-0.00045340064834509654,state_slope=downtrend,0.00017339001619037477,-0.0003459855756364133
FUT/ES,1h,state_session=afternoon + state_slope=downtrend,neutral,FUT/ES,ok,2377,421,-0.00026814338607905917,0.5201900237529691,-1.0215104858312067,0.3070126436801486,False,-5.83817087001455e-05,-0.00020976167737891366,state_slope=downtrend,-0.0001433095894325663,-0.00012483379664649286
FUT/ES,1h,state_session=afternoon + state_slope=downtrend,regime_warmup,FUT/ES,ok,199,0,,,,,False,0.0003715598521960921,,state_session=afternoon,0.0008491070157871832,
FUT/CL,1h,state_ext=neutral + state_slope=downtrend,all,FUT/CL,ok,5747,1237,0.00011341173697610776,0.465642683912692,0.14818577765353227,0.8821961556850906,False,-0.00041599580064260826,0.000529407537618716,state_ext=neutral,0.00011288195521705708,5.297817590506771e-07
FUT/CL,1h,state_ext=neutral + state_slope=downtrend,bull,FUT/CL,ok,1740,167,2.5502292495824237e-05,0.4491017964071856,0.01266746568005704,0.9898930950103291,False,-0.0006562178049873394,0.0006817200974831637,state_slope=downtrend,0.0017454512577788459,-0.0017199489652830217
FUT/CL,1h,state_ext=neutral + state_slope=downtrend,bear,FUT/CL,ok,1514,513,0.00042271072274388473,0.45614035087719296,0.47347681110681716,0.6358730410635505,False,5.6752801744040306e-05,0.0003659579209998444,state_ext=neutral,0.0007457372619803765,-0.0003230265392364918
FUT/CL,1h,state_ext=neutral + state_slope=downtrend,neutral,FUT/CL,ok,2294,557,-0.00014509724412023342,0.4793536804308797,-0.12260197999172509,0.9024222864680103,False,-0.000773319053373125,0.0006282218092528916,state_ext=neutral,-0.000504446761771205,0.0003593495176509716
FUT/CL,1h,state_ext=neutral + state_slope=downtrend,regime_warmup,FUT/CL,ok,199,0,,,,,False,0.0022068406079516277,,state_ext=neutral,0.0021683433852584238,
FUT/ES,1h,state_session=lunch + state_slope=flat,all,FUT/ES,ok,5753,157,0.0001841621951982545,0.5031847133757962,0.6301261060334746,0.5286120806246404,False,-1.6322752398529433e-05,0.00020048494759678393,state_session=lunch,2.5785160765570718e-05,0.0001583770344326838
FUT/ES,1h,state_session=lunch + state_slope=flat,bull,FUT/ES,ok,2097,90,-0.0002257893714942619,0.4777777777777778,-0.6199380041518333,0.5352986038000842,False,-0.00015848420580185927,-6.730516569240262e-05,state_session=lunch,1.9002392526550849e-07,-0.0002259793954195274
FUT/ES,1h,state_session=lunch + state_slope=flat,bear,FUT/ES,ok,1080,13,0.001107801318808622,0.6153846153846154,1.1534437233316934,0.24872830388116784,False,0.000280805088899058,0.0008269962299095639,state_slope=flat,0.0006062153069014799,0.000501586011907142
FUT/ES,1h,state_session=lunch + state_slope=flat,neutral,FUT/ES,ok,2377,54,0.0006450572395573606,0.5185185185185185,1.2167107280916658,0.22371429584693514,False,-5.83817087001455e-05,0.0007034389482575061,state_session=lunch,0.00021788122073573086,0.0004271760188216297
FUT/ES,1h,state_session=lunch + state_slope=flat,regime_warmup,FUT/ES,ok,199,0,,,,,False,0.0003715598521960921,,state_session=lunch,0.0009706854381558867,
FUT/GC,1h,state_ext=neutral + state_slope=uptrend,all,FUT/GC,ok,5751,1671,0.0005156840083715482,0.5146618791143028,1.5110152594914263,0.1307845630924298,False,5.626337092391225e-05,0.00045942063744763595,state_slope=uptrend,0.0005309806017382564,-1.5296593366708128e-05
FUT/GC,1h,state_ext=neutral + state_slope=uptrend,bull,FUT/GC,ok,1986,973,0.0005100455853367153,0.538540596094553,1.0994047984836928,0.2715915386832821,False,0.00033723263656913147,0.0001728129487675838,state_slope=uptrend,0.0006843447057140663,-0.00017429912037735104
FUT/GC,1h,state_ext=neutral + state_slope=uptrend,bear,FUT/GC,ok,1321,112,0.0025481168563085653,0.5178571428571429,1.3917657796543852,0.16399333565184593,False,-1.608851107277326e-05,0.0025642053673813384,state_slope=uptrend,0.0018345124280247697,0.0007136044282837956
FUT/GC,1h,state_ext=neutral + state_slope=uptrend,neutral,FUT/GC,ok,2245,586,0.00013659477056258328,0.47440273037542663,0.2959095372374321,0.7672991674122169,False,-0.00017208549334655847,0.00030868026390914175,state_slope=uptrend,4.656868794461986e-05,9.002608261796341e-05
FUT/GC,1h,state_ext=neutral + state_slope=uptrend,regime_warmup,FUT/GC,ok,199,0,,,,,False,0.0003086004303883485,,state_ext=neutral,-0.0001701961603168493,
FUT/GC,1h,state_ext=neutral + state_vol=high_vol,all,FUT/GC,ok,5751,2058,0.0002277274421421466,0.543731778425656,0.5889052095972067,0.5559248628460016,False,5.626337092391225e-05,0.00017146407121823435,state_vol=high_vol,0.00016203751277251674,6.568992936962985e-05
FUT/GC,1h,state_ext=neutral + state_vol=high_vol,bull,FUT/GC,ok,1986,741,0.0005444591292997561,0.5978407557354926,0.8489665552777832,0.39589990260037755,False,0.00033723263656913147,0.0002072264927306246,state_vol=high_vol,0.0007787350955929214,-0.00023427596629316532
FUT/GC,1h,state_ext=neutral + state_vol=high_vol,bear,FUT/GC,ok,1321,522,0.00023263231967931013,0.4827586206896552,0.3205135373482503,0.7485790698927153,False,-1.608851107277326e-05,0.0002487208307520834,state_ext=neutral,0.0001116673956196221,0.00012096492405968802
FUT/GC,1h,state_ext=neutral + state_vol=high_vol,neutral,FUT/GC,ok,2245,795,-7.071095566689513e-05,0.5333333333333333,-0.13948375866131812,0.8890678891891619,False,-0.00017208549334655847,0.00010137453767966335,state_ext=neutral,-0.00010119587441609697,3.048491874920184e-05
FUT/GC,1h,state_ext=neutral + state_vol=high_vol,regime_warmup,FUT/GC,ok,199,0,,,,,False,0.0003086004303883485,,state_ext=neutral,-0.0001701961603168493,
FUT/ES,1h,state_session=afternoon + state_slope=flat,all,FUT/ES,ok,5753,478,0.0001512430616845344,0.5543933054393305,0.7829649103835845,0.43364771806504887,False,-1.6322752398529433e-05,0.00016756581408306382,state_slope=flat,-5.500353659451582e-05,0.0002062465982790502
FUT/ES,1h,state_session=afternoon + state_slope=flat,bull,FUT/ES,ok,2097,274,6.710374489218413e-05,0.5656934306569343,0.2624859667811214,0.7929468030685987,False,-0.00015848420580185927,0.00022558795069404342,state_session=afternoon,-0.00015241580080378362,0.00021951954569596774
FUT/ES,1h,state_session=afternoon + state_slope=flat,bear,FUT/ES,ok,1080,49,0.0014492659552236943,0.673469387755102,2.2121261646849373,0.02695794871820456,True,0.000280805088899058,0.0011684608663246362,state_slope=flat,0.0006062153069014799,0.0008430506483222144
FUT/ES,1h,state_session=afternoon + state_slope=flat,neutral,FUT/ES,ok,2377,155,-0.00011036306078201309,0.4967741935483871,-0.42850646256159663,0.668282429486801,False,-5.83817087001455e-05,-5.198135208186759e-05,state_slope=flat,-5.793948975228628e-05,-5.242357102972681e-05
FUT/ES,1h,state_session=afternoon + state_slope=flat,regime_warmup,FUT/ES,ok,199,0,,,,,False,0.0003715598521960921,,state_session=afternoon,0.0008491070157871832,
FUT/CL,1h,state_session=lunch + state_slope=flat,all,FUT/CL,ok,5747,96,0.002570948205090063,0.5729166666666666,1.3778799699895725,0.16824035010402083,False,1.5995800642608207e-05,0.002554952404447455,state_session=lunch,0.0021697254748157305,0.00040122273027433245
FUT/CL,1h,state_session=lunch + state_slope=flat,bull,FUT/CL,ok,1740,28,0.0028054211046339636,0.6071428571428571,1.1795843058945512,0.23816558791466824,False,0.0002562178049873395,0.0025492032996466242,state_session=lunch,0.0023700481756312713,0.0004353729290026923
FUT/CL,1h,state_session=lunch + state_slope=flat,bear,FUT/CL,ok,1514,34,-0.0005781918957547624,0.6176470588235294,-0.3674950460149277,0.7132497864430107,False,-0.00045675280174403986,-0.00012143909401072253,state_session=lunch,0.001254675734698329,-0.0018328676304530914
FUT/CL,1h,state_session=lunch + state_slope=flat,neutral,FUT/CL,ok,2294,34,0.0055269929768987335,0.5,1.5861807956202083,0.11269830289863636,False,0.0003733190533731252,0.0051536739235256085,state_session=lunch,0.003092954562552308,0.0024340384143464256
FUT/CL,1h,state_session=lunch + state_slope=flat,regime_warmup,FUT/CL,ok,199,0,,,,,False,-0.0026068406079516274,,state_session=lunch,-0.003037600764972686,
FUT/CL,1h,state_session=morning + state_slope=uptrend,all,FUT/CL,ok,5747,1079,0.00027620497961890027,0.531047265987025,0.2633466431753496,0.7922834119677646,False,1.5995800642608207e-05,0.0002602091789762921,state_slope=uptrend,0.0005796940649113329,-0.0003034890852924326
FUT/CL,1h,state_session=morning + state_slope=uptrend,bull,FUT/CL,ok,1740,515,-0.00045818551768901953,0.5145631067961165,-0.24678364887119825,0.8050756654911995,False,0.0002562178049873395,-0.0007144033226763591,state_slope=uptrend,0.0009191678551756804,-0.0013773533728647
FUT/CL,1h,state_session=morning + state_slope=uptrend,bear,FUT/CL,ok,1514,120,-0.0021526216852282166,0.4583333333333333,-1.0558168965187797,0.2910518771900388,False,-0.00045675280174403986,-0.0016958688834841768,state_session=morning,-0.0008211031873970393,-0.0013315184978311772
FUT/CL,1h,state_session=morning + state_slope=uptrend,neutral,FUT/CL,ok,2294,444,0.0017844714343378933,0.5698198198198198,1.6130310261648007,0.10673776731655238,False,0.0003733190533731252,0.0014111523809647681,state_slope=uptrend,0.0008685709503989868,0.0009159004839389065
FUT/CL,1h,state_session=morning + state_slope=uptrend,regime_warmup,FUT/CL,ok,199,0,,,,,False,-0.0026068406079516274,,state_session=morning,-0.004688725005547532,
FUT/CL,1h,state_session=morning + state_slope=downtrend,all,FUT/CL,ok,5747,939,0.00010507889773348472,0.48881789137380194,0.11247190840394948,0.9104492422396466,False,-0.00041599580064260826,0.000521074698376093,state_session=morning,0.00014686444958688315,-4.1785551853398435e-05
FUT/CL,1h,state_session=morning + state_slope=downtrend,bull,FUT/CL,ok,1740,113,0.002067916251192472,0.48672566371681414,0.9853399235108267,0.32445712848001973,False,-0.0006562178049873394,0.0027241340561798117,state_slope=downtrend,0.0017454512577788459,0.00032246499341362627
FUT/CL,1h,state_session=morning + state_slope=downtrend,bear,FUT/CL,ok,1514,403,-0.0006299534898857907,0.47146401985111663,-0.45195969321959034,0.6512980198640261,False,5.6752801744040306e-05,-0.000686706291629831,state_session=morning,0.0004211031873970396,-0.0010510566772828304
FUT/CL,1h,state_session=morning + state_slope=downtrend,neutral,FUT/CL,ok,2294,423,0.0002810066312315989,0.5059101654846335,0.2040583281432917,0.8383079184369642,False,-0.000773319053373125,0.0010543256846047239,state_session=morning,-0.0005758096486446199,0.0008568162798762188
FUT/CL,1h,state_session=morning + state_slope=downtrend,regime_warmup,FUT/CL,ok,199,0,,,,,False,0.0022068406079516277,,state_session=morning,0.004288725005547533,
FUT/CL,1h,state_ext=stretched_down + state_slope=downtrend,all,FUT/CL,ok,5747,618,0.0016643744302910352,0.5,1.2864631359631826,0.1982814763271823,False,1.5995800642608207e-05,0.001648378629648427,state_ext=stretched_down,0.0013877861263693132,0.0002765883039217219
FUT/CL,1h,state_ext=stretched_down + state_slope=downtrend,bull,FUT/CL,ok,1740,14,-0.01770680702559257,0.5,-1.1783863663799057,0.23864261045686863,False,0.0002562178049873395,-0.01796302483057991,state_slope=downtrend,-0.0021454512577788448,-0.015561355767813726
FUT/CL,1h,state_ext=stretched_down + state_slope=downtrend,bear,FUT/CL,ok,1514,312,0.002634958931880015,0.5,1.5290165166046457,0.12626034943113584,False,-0.00045675280174403986,0.003091711733624055,state_ext=stretched_down,0.0022759874390639945,0.00035897149281602066
FUT/CL,1h,state_ext=stretched_down + state_slope=downtrend,neutral,FUT/CL,ok,2294,292,0.0015560668134643523,0.5,0.8833230302571158,0.377061764048503,False,0.0003733190533731252,0.0011827477600912272,state_ext=stretched_down,0.0015127604383708608,4.330637509349154e-05
FUT/CL,1h,state_ext=stretched_down + state_slope=downtrend,regime_warmup,FUT/CL,ok,199,0,,,,,False,-0.0026068406079516274,,state_ext=stretched_down,0.00913573900092019,
FUT/CL,1h,state_ext=neutral + state_vol=mid_vol,all,FUT/CL,ok,5747,1412,0.00013188407344294186,0.5077903682719547,0.2900893355502834,0.771747894188314,False,-0.00041599580064260826,0.0005478798740855501,state_ext=neutral,0.00011288195521705708,1.9002118225884776e-05
FUT/CL,1h,state_ext=neutral + state_vol=mid_vol,bull,FUT/CL,ok,1740,400,0.0008141403222563084,0.525,1.055665029915261,0.29112127925932363,False,-0.0006562178049873394,0.0014703581272436479,state_ext=neutral,8.803179238382432e-05,0.000726108529872484
FUT/CL,1h,state_ext=neutral + state_vol=mid_vol,bear,FUT/CL,ok,1514,335,-6.342486795038282e-05,0.48656716417910445,-0.06571232317777151,0.9476068611436332,False,5.6752801744040306e-05,-0.00012017766969442314,state_ext=neutral,0.0007457372619803765,-0.0008091621299307594
FUT/CL,1h,state_ext=neutral + state_vol=mid_vol,neutral,FUT/CL,ok,2294,677,-0.00017457678942054861,0.5081240768094535,-0.2733857639469802,0.784556694849667,False,-0.000773319053373125,0.0005987422639525764,state_ext=neutral,-0.000504446761771205,0.00032986997235065637
FUT/CL,1h,state_ext=neutral + state_vol=mid_vol,regime_warmup,FUT/CL,ok,199,0,,,,,False,0.0022068406079516277,,state_ext=neutral,0.0021683433852584238,
FUT/GC,1h,state_session=morning + state_ext=neutral,all,FUT/GC,ok,5751,2780,-0.0001255047599566416,0.510431654676259,-0.4527507308011623,0.650728244898354,False,5.626337092391225e-05,-0.00018176813088055386,state_ext=neutral,5.1670356200574135e-05,-0.00017717511615721575
FUT/GC,1h,state_session=morning + state_ext=neutral,bull,FUT/GC,ok,1986,989,7.991504329619754e-05,0.5409504550050556,0.20253000098708424,0.8395024069493799,False,0.00033723263656913147,-0.00025731759327293394,state_ext=neutral,0.00020292103783080544,-0.0001230059945346079
FUT/GC,1h,state_session=morning + state_ext=neutral,bear,FUT/GC,ok,1321,651,0.00013545052020237338,0.48847926267281105,0.21764115447617435,0.8277087163831018,False,-1.608851107277326e-05,0.00015153903127514663,state_session=morning,0.00014274824860789785,-7.297728405524477e-06
FUT/GC,1h,state_session=morning + state_ext=neutral,neutral,FUT/GC,ok,2245,1044,-0.00047809814980068796,0.5009578544061303,-1.2356208337292,0.21659953686271427,False,-0.00017208549334655847,-0.0003060126564541295,state_ext=neutral,-0.00010119587441609697,-0.000376902275384591
FUT/GC,1h,state_session=morning + state_ext=neutral,regime_warmup,FUT/GC,ok,199,96,-0.0001769065704086473,0.4479166666666667,-0.28513236209335047,0.7755427373121866,False,0.0003086004303883485,-0.0004855070007969958,state_session=morning,0.0006715697284077394,-0.0008484762988163867
FUT/NQ,1h,state_session=morning + state_ext=neutral,all,FUT/NQ,ok,5757,2930,-2.6605591656583146e-05,0.5242320819112628,-0.11044606733734376,0.9120556201210142,False,2.771607305471637e-05,-5.4321664711299516e-05,state_session=morning,-3.275192229420477e-05,6.1463306376216265e-06
FUT/NQ,1h,state_session=morning + state_ext=neutral,bull,FUT/NQ,ok,1967,1044,-0.00010827477118280705,0.5229885057471264,-0.35132707727396983,0.7253429833288443,False,-2.4489396166759895e-05,-8.378537501604716e-05,state_ext=neutral,-4.226577812178256e-05,-6.60089930610245e-05
FUT/NQ,1h,state_session=morning + state_ext=neutral,bear,FUT/NQ,ok,1242,611,0.0007170422914698304,0.5450081833060556,1.2599672134071769,0.20768118999867724,False,0.0005028166750457607,0.00021422561642406963,state_session=morning,0.000795415485685796,-7.837319421596565e-05
FUT/NQ,1h,state_session=morning + state_ext=neutral,neutral,FUT/NQ,ok,2349,1179,-0.00043812939224087925,0.5072094995759118,-1.2475590455055414,0.21219258438075572,False,-0.0002250791076790836,-0.00021305028456179565,state_ext=neutral,-0.00031874564387107787,-0.00011938374836980138
FUT/NQ,1h,state_session=morning + state_ext=neutral,regime_warmup,FUT/NQ,ok,199,96,0.001182564488802001,0.6145833333333334,1.4090000445419473,0.15883515496304623,False,0.0005625356199364384,0.0006200288688655625,state_ext=neutral,0.0009566804996100347,0.00022588398919196626
FUT/CL,1h,state_session=afternoon + state_slope=downtrend,all,FUT/CL,ok,5747,750,0.0005417198859118205,0.4866666666666667,0.6343789278512774,0.5258335581786708,False,1.5995800642608207e-05,0.0005257240852692124,state_session=afternoon,0.00028589368463107265,0.0002558262012807479
FUT/CL,1h,state_session=afternoon + state_slope=downtrend,bull,FUT/CL,ok,1740,53,0.00024357867053674792,0.5094339622641509,0.05351740560187531,0.957319662857137,False,0.0002562178049873395,-1.263913445059161e-05,state_session=afternoon,0.0011977250300395043,-0.0009541463595027563
FUT/CL,1h,state_session=afternoon + state_slope=downtrend,bear,FUT/CL,ok,1514,352,0.0003777128545946657,0.4943181818181818,0.33301660374982744,0.7391217498444296,False,-0.00045675280174403986,0.0008344656563387056,state_slope=downtrend,0.000506102927900214,-0.00012839007330554835
FUT/CL,1h,state_session=afternoon + state_slope=downtrend,neutral,FUT/CL,ok,2294,345,0.0007548560002263638,0.4753623188405797,0.5749957322548844,0.5652941833162828,False,0.0003733190533731252,0.0003815369468532386,state_slope=downtrend,0.000292399103183937,0.00046245689704242675
FUT/CL,1h,state_session=afternoon + state_slope=downtrend,regime_warmup,FUT/CL,ok,199,0,,,,,False,-0.0026068406079516274,,state_session=afternoon,0.0005794223751543557,
FUT/CL,1h,state_session=lunch + state_slope=downtrend,all,FUT/CL,ok,5747,187,0.0018132864398341902,0.5828877005347594,1.0967899686045908,0.2727332163450269,False,1.5995800642608207e-05,0.001797290639191582,state_session=lunch,0.0021697254748157305,-0.0003564390349815403
FUT/CL,1h,state_session=lunch + state_slope=downtrend,bull,FUT/CL,ok,1740,21,-0.0064397389694448755,0.47619047619047616,-1.259194280523176,0.20796016691811148,False,0.0002562178049873395,-0.006695956774432215,state_session=lunch,0.0023700481756312713,-0.008809787145076147
FUT/CL,1h,state_session=lunch + state_slope=downtrend,bear,FUT/CL,ok,1514,80,0.0024621220444422803,0.55,0.9593210977474538,0.33739701009719214,False,-0.00045675280174403986,0.0029188748461863204,state_session=lunch,0.001254675734698329,0.0012074463097439512
FUT/CL,1h,state_session=lunch + state_slope=downtrend,neutral,FUT/CL,ok,2294,86,0.003224992081999462,0.6395348837209303,1.3975979204493447,0.1622338431933239,False,0.0003733190533731252,0.0028516730286263364,state_session=lunch,0.003092954562552308,0.0001320375194471539
FUT/CL,1h,state_session=lunch + state_slope=downtrend,regime_warmup,FUT/CL,ok,199,0,,,,,False,-0.0026068406079516274,,state_session=lunch,-0.003037600764972686,
FUT/CL,1h,state_session=afternoon + state_slope=flat,all,FUT/CL,ok,5747,474,0.00010150001336060963,0.4810126582278481,0.12994368202382892,0.8966109839945722,False,-0.00041599580064260826,0.0005174958140032179,state_slope=flat,0.0003182931823699873,-0.00021679316900937768
FUT/CL,1h,state_session=afternoon + state_slope=flat,bull,FUT/CL,ok,1740,136,-7.246603642317893e-05,0.45588235294117646,-0.05428939371299123,0.9567045996833441,False,-0.0006562178049873394,0.0005837517685641605,state_slope=flat,-5.4572401569543736e-05,-1.7893634853635197e-05
FUT/CL,1h,state_session=afternoon + state_slope=flat,bear,FUT/CL,ok,1514,167,0.0003083043717583643,0.5149700598802395,0.34554606457138826,0.7296838858354775,False,5.6752801744040306e-05,0.00025155157001432397,state_slope=flat,0.0010699766179447661,-0.0007616722461864019
FUT/CL,1h,state_session=afternoon + state_slope=flat,neutral,FUT/CL,ok,2294,171,3.789214738499609e-05,0.4678362573099415,0.03549166718424084,0.9716876908144902,False,-0.000773319053373125,0.0008112112007581211,state_slope=flat,3.8119734005525206e-06,3.408017398444357e-05
FUT/CL,1h,state_session=afternoon + state_slope=flat,regime_warmup,FUT/CL,ok,199,0,,,,,False,0.0022068406079516277,,state_session=afternoon,-0.000979422375154356,
FUT/CL,1h,state_session=morning + state_ext=stretched_up,all,FUT/CL,ok,5747,358,5.2374414131564365e-05,0.5167597765363129,0.02602600776353203,0.9792365942787362,False,1.5995800642608207e-05,3.637861348895616e-05,state_ext=stretched_up,0.0020702619768138233,-0.0020178875626822588
FUT/CL,1h,state_session=morning + state_ext=stretched_up,bull,FUT/CL,ok,1740,219,0.00033221339682141697,0.5068493150684932,0.11754937693803595,0.906424718087826,False,0.0002562178049873395,7.599559183407744e-05,state_ext=stretched_up,0.0033324184091445145,-0.0030002050123230975
FUT/CL,1h,state_session=morning + state_ext=stretched_up,bear,FUT/CL,ok,1514,17,-0.0031504511432422742,0.35294117647058826,-0.7221146813281132,0.47022397260479654,False,-0.00045675280174403986,-0.0026936983414982342,state_session=morning,-0.0008211031873970393,-0.002329347955845235
FUT/CL,1h,state_session=morning + state_ext=stretched_up,neutral,FUT/CL,ok,2294,122,-3.6641328661613117e-06,0.5573770491803278,-0.0015670827916257654,0.9987496493468198,False,0.0003733190533731252,-0.00037698318623928653,state_ext=stretched_up,0.000755429237991673,-0.0007590933708578343
FUT/CL,1h,state_session=morning + state_ext=stretched_up,regime_warmup,FUT/CL,ok,199,0,,,,,False,-0.0026068406079516274,,state_session=morning,-0.004688725005547532,
FUT/NQ,1h,state_ext=stretched_up + state_slope=uptrend,all,FUT/NQ,ok,5757,94,0.002397997340840757,0.6914893617021277,3.4475152948795205,0.0005657683721613793,True,2.771607305471637e-05,0.0023702812677860404,state_ext=stretched_up,0.0023106578924207825,8.733944841997441e-05
FUT/NQ,1h,state_ext=stretched_up + state_slope=uptrend,bull,FUT/NQ,ok,1967,25,0.0013563799540994028,0.68,1.436515481405713,0.1508557142939142,False,-2.4489396166759895e-05,0.0013808693502661627,state_ext=stretched_up,0.0013563799540994028,0.0
FUT/NQ,1h,state_ext=stretched_up + state_slope=uptrend,bear,FUT/NQ,ok,1242,1,-0.007739635738715855,0.0,,,False,0.0005028166750457607,-0.008242452413761616,state_slope=uptrend,0.0013159062067990368,-0.009055541945514892
FUT/NQ,1h,state_ext=stretched_up + state_slope=uptrend,neutral,FUT/NQ,ok,2349,68,0.0029300277489009113,0.7058823529411765,3.4053653013912037,0.0006607560116522748,True,-0.0002250791076790836,0.003155106856579995,state_ext=stretched_up,0.0028020671980609436,0.0001279605508399677
FUT/NQ,1h,state_ext=stretched_up + state_slope=uptrend,regime_warmup,FUT/NQ,ok,199,0,,,,,False,0.0005625356199364384,,,,
FUT/CL,1h,state_session=afternoon + state_ext=neutral,all,FUT/CL,ok,5747,1687,-0.00025867057186198004,0.4712507409602845,-0.588576131615342,0.5561456492210781,False,1.5995800642608207e-05,-0.0002746663725045882,state_session=afternoon,0.00028589368463107265,-0.0005445642564930527
FUT/CL,1h,state_session=afternoon + state_ext=neutral,bull,FUT/CL,ok,1740,497,8.462212953501695e-05,0.45875251509054327,0.10220081268744749,0.9185972827034816,False,0.0002562178049873395,-0.00017159567545232257,state_session=afternoon,0.0011977250300395043,-0.0011131029005044873
FUT/CL,1h,state_session=afternoon + state_ext=neutral,bear,FUT/CL,ok,1514,472,-0.0010235149346952777,0.4915254237288136,-1.3808680333097,0.1673195403940868,False,-0.00045675280174403986,-0.0005667621329512379,state_session=afternoon,-0.0003687759717374288,-0.0006547389629578489
FUT/CL,1h,state_session=afternoon + state_ext=neutral,neutral,FUT/CL,ok,2294,655,2.2558875716054403e-05,0.46259541984732827,0.02972013445642859,0.976290254039597,False,0.0003733190533731252,-0.0003507601776570708,state_ext=neutral,0.00010444676177120525,-8.188788605515085e-05
FUT/CL,1h,state_session=afternoon + state_ext=neutral,regime_warmup,FUT/CL,ok,199,63,-0.0001604994845699715,0.5079365079365079,-0.31141396803227195,0.7554859365169087,False,-0.0026068406079516274,0.002446341123381656,state_session=afternoon,0.0005794223751543557,-0.0007399218597243273
FUT/NQ,1h,state_ext=stretched_up + state_vol=high_vol,all,FUT/NQ,ok,5757,94,0.002315075723419301,0.6808510638297872,3.2393774465153986,0.0011979093370735328,True,2.771607305471637e-05,0.0022873596503645843,state_ext=stretched_up,0.0023106578924207825,4.417830998518311e-06
FUT/NQ,1h,state_ext=stretched_up + state_vol=high_vol,bull,FUT/NQ,ok,1967,24,0.0013339215447468755,0.6666666666666666,1.3560258440450754,0.1750909453123204,False,-2.4489396166759895e-05,0.0013584109409136354,state_ext=stretched_up,0.0013563799540994028,-2.2458409352527292e-05
FUT/NQ,1h,state_ext=stretched_up + state_vol=high_vol,bear,FUT/NQ,ok,1242,1,-0.007739635738715855,0.0,,,False,0.0005028166750457607,-0.008242452413761616,state_vol=high_vol,0.0009125006388403256,-0.00865213637755618
FUT/NQ,1h,state_ext=stretched_up + state_vol=high_vol,neutral,FUT/NQ,ok,2349,69,0.0028020671980609436,0.6956521739130435,3.178378505809237,0.0014810127226070335,True,-0.0002250791076790836,0.003027146305740027,state_ext=stretched_up,0.0028020671980609436,0.0
FUT/NQ,1h,state_ext=stretched_up + state_vol=high_vol,regime_warmup,FUT/NQ,ok,199,0,,,,,False,0.0005625356199364384,,,,
FUT/GC,1h,state_session=lunch + state_ext=stretched_up,all,FUT/GC,ok,5751,18,0.0038041461388190843,0.6666666666666666,2.7119053259343593,0.006689769668216883,True,5.626337092391225e-05,0.003747882767895172,state_session=lunch,0.0006501272802624256,0.0031540188585566587
FUT/GC,1h,state_session=lunch + state_ext=stretched_up,bull,FUT/GC,ok,1986,11,0.0045676989950182365,0.8181818181818182,2.706573824049102,0.006798146558383955,False,0.00033723263656913147,0.004230466358449105,state_ext=stretched_up,0.0019618606445526428,0.0026058383504655937
FUT/GC,1h,state_session=lunch + state_ext=stretched_up,bear,FUT/GC,ok,1321,0,,,,,False,-1.608851107277326e-05,,state_session=lunch,-0.00017532278717330245,
FUT/GC,1h,state_session=lunch + state_ext=stretched_up,neutral,FUT/GC,ok,2245,7,0.0026042773647918455,0.42857142857142855,0.8608891703658054,0.3892990867680495,False,-0.00017208549334655847,0.002776362858138404,state_session=lunch,0.0008903199016464814,0.001713957463145364
FUT/GC,1h,state_session=lunch + state_ext=stretched_up,regime_warmup,FUT/GC,ok,199,0,,,,,False,0.0003086004303883485,,state_session=lunch,0.0008727164235511181,
FUT/CL,1h,state_ext=stretched_up + state_slope=downtrend,all,FUT/CL,ok,5747,21,0.005427985027109409,0.6666666666666666,1.64005040917755,0.10099468619481988,False,-0.00041599580064260826,0.0058439808277520175,state_slope=downtrend,-0.0005445124699952651,0.0059724974971046745
FUT/CL,1h,state_ext=stretched_up + state_slope=downtrend,bull,FUT/CL,ok,1740,6,0.013307533999924251,1.0,5.547152016190626,2.9036027804352216e-08,False,-0.0006562178049873394,0.01396375180491159,state_slope=downtrend,0.0017454512577788459,0.011562082742145405
FUT/CL,1h,state_ext=stretched_up + state_slope=downtrend,bear,FUT/CL,ok,1514,10,-0.00265393588177265,0.4,-1.459721526577133,0.14436662319921245,False,5.6752801744040306e-05,-0.0027106886835166905,state_ext=stretched_up,0.0035948736014902068,-0.006248809483262857
FUT/CL,1h,state_ext=stretched_up + state_slope=downtrend,neutral,FUT/CL,ok,2294,5,0.01213636807749572,0.8,3.824456773881226,0.00013106073684721053,False,-0.000773319053373125,0.012909687130868845,state_slope=downtrend,-0.0006923991031839379,0.012828767180679658
FUT/CL,1h,state_ext=stretched_up + state_slope=downtrend,regime_warmup,FUT/CL,ok,199,0,,,,,False,0.0022068406079516277,,,,
FUT/CL,1h,state_ext=stretched_down + state_slope=flat,all,FUT/CL,ok,5747,30,0.00037415118795901964,0.43333333333333335,0.0602241970307465,0.9519770742452678,False,-0.00041599580064260826,0.0007901469886016279,state_slope=flat,0.0003182931823699873,5.585800558903232e-05
FUT/CL,1h,state_ext=stretched_down + state_slope=flat,bull,FUT/CL,ok,1740,6,-0.014147724279882687,0.16666666666666666,-2.0181097767607015,0.043579829688320526,False,-0.0006562178049873394,-0.013491506474895347,state_ext=stretched_down,0.014579668760357161,-0.02872739304023985
FUT/CL,1h,state_ext=stretched_down + state_slope=flat,bear,FUT/CL,ok,1514,13,0.005624956218573605,0.5384615384615384,1.9358796761909733,0.052882439475486986,False,5.6752801744040306e-05,0.005568203416829565,state_slope=flat,0.0010699766179447661,0.004554979600628839
FUT/CL,1h,state_ext=stretched_down + state_slope=flat,neutral,FUT/CL,ok,2294,11,0.0020896773160554373,0.45454545454545453,0.13804487001129026,0.8902049558481049,False,-0.000773319053373125,0.0028629963694285624,state_slope=flat,3.8119734005525206e-06,0.0020858653426548846
FUT/CL,1h,state_ext=stretched_down + state_slope=flat,regime_warmup,FUT/CL,ok,199,0,,,,,False,0.0022068406079516277,,state_ext=stretched_down,-0.00953573900092019,
FUT/NQ,1h,state_session=lunch + state_ext=stretched_down,all,FUT/NQ,ok,5757,21,0.0012577628442427258,0.6666666666666666,0.7002376187417825,0.4837789220148143,False,2.771607305471637e-05,0.0012300467711880093,state_ext=stretched_down,0.0018999601944896596,-0.0006421973502469338
FUT/NQ,1h,state_session=lunch + state_ext=stretched_down,bull,FUT/NQ,ok,1967,0,,,,,False,-2.4489396166759895e-05,,state_session=lunch,0.00026301085978977924,
FUT/NQ,1h,state_session=lunch + state_ext=stretched_down,bear,FUT/NQ,ok,1242,10,0.0021280235259806607,0.6,0.9249281473320775,0.3550032841317601,False,0.0005028166750457607,0.0016252068509349,state_ext=stretched_down,0.002826050535627755,-0.0006980270096470943
FUT/NQ,1h,state_session=lunch + state_ext=stretched_down,neutral,FUT/NQ,ok,2349,11,0.000466616769935513,0.7272727272727273,0.19776583275052256,0.8432282796640762,False,-0.0002250791076790836,0.0006916958776145966,state_session=lunch,0.00027247065599967025,0.00019414611393584277
FUT/NQ,1h,state_session=lunch + state_ext=stretched_down,regime_warmup,FUT/NQ,ok,199,0,,,,,False,0.0005625356199364384,,state_session=lunch,0.000692772095376193,
FUT/GC,1h,state_ext=neutral + state_vol=mid_vol,all,FUT/GC,ok,5751,2158,-2.624509670768554e-06,0.4759036144578313,-0.010708212087369107,0.9914562461814007,False,5.626337092391225e-05,-5.8887880594680807e-05,state_ext=neutral,5.1670356200574135e-05,-5.429486587134269e-05
FUT/GC,1h,state_ext=neutral + state_vol=mid_vol,bull,FUT/GC,ok,1986,787,0.00019622032074296045,0.4726810673443456,0.48607252251993766,0.6269157478466365,False,0.00033723263656913147,-0.00014101231582617103,state_vol=mid_vol,0.00022835606880447653,-3.213574806151608e-05
FUT/GC,1h,state_ext=neutral + state_vol=mid_vol,bear,FUT/GC,ok,1321,487,0.00020674897146779947,0.5051334702258727,0.4080154758058988,0.6832623131641944,False,-1.608851107277326e-05,0.00022283748254057272,state_vol=mid_vol,0.0001529768040359885,5.3772167431810955e-05
FUT/GC,1h,state_ext=neutral + state_vol=mid_vol,neutral,FUT/GC,ok,2245,884,-0.00029499528665050513,0.4626696832579186,-0.8636680765051572,0.3877702552532134,False,-0.00017208549334655847,-0.00012290979330394666,state_ext=neutral,-0.00010119587441609697,-0.00019379941223440815
FUT/GC,1h,state_ext=neutral + state_vol=mid_vol,regime_warmup,FUT/GC,ok,199,0,,,,,False,0.0003086004303883485,,state_ext=neutral,-0.0001701961603168493,
FUT/ZN,1h,state_session=morning + state_ext=neutral,all,FUT/ZN,ok,5691,2992,-0.00019659445924683622,0.4268048128342246,-3.6986626162632916,0.00021673847082026576,False,-0.00021561140419512024,1.9016944948284018e-05,state_session=morning,-0.0001776641349140004,-1.8930324332835826e-05
FUT/ZN,1h,state_session=morning + state_ext=neutral,bull,FUT/ZN,ok,1332,689,-0.00029835240067182053,0.40638606676342526,-3.0552869375907186,0.0022484529523509877,False,-0.0002754119249080742,-2.294047576374632e-05,state_ext=neutral,-0.0002754119249080742,-2.294047576374632e-05
FUT/ZN,1h,state_session=morning + state_ext=neutral,bear,FUT/ZN,ok,1686,909,-0.00017063530417573712,0.43784378437843785,-1.6853448216155134,0.0919220627949997,False,-0.00017983464404998665,9.19933987424953e-06,state_session=morning,-0.00017063530417573712,0.0
FUT/ZN,1h,state_session=morning + state_ext=neutral,neutral,FUT/ZN,ok,2474,1296,-0.00016841413825278357,0.42746913580246915,-2.299336869032116,0.02148581777727321,False,-0.0002336748106867802,6.526067243399662e-05,state_session=morning,-0.00016841413825278357,0.0
FUT/ZN,1h,state_session=morning + state_ext=neutral,regime_warmup,FUT/ZN,ok,199,98,-9.462860543160129e-05,0.45918367346938777,-0.6336111303544931,0.5263346351910116,False,0.00010611494578139387,-0.00020074355121299514,state_session=morning,0.0004007020462745688,-0.0004953306517061701
FUT/NQ,1h,state_ext=neutral + state_vol=high_vol,all,FUT/NQ,ok,5757,2457,0.0002133592447443721,0.549043549043549,0.8195329162317165,0.4124824298734837,False,2.771607305471637e-05,0.00018564317168965575,state_vol=high_vol,0.00035253394778263827,-0.00013917470303826616
FUT/NQ,1h,state_ext=neutral + state_vol=high_vol,bull,FUT/NQ,ok,1967,344,-0.00028584406974745564,0.5116279069767442,-0.6237234536806988,0.5328092175375996,False,-2.4489396166759895e-05,-0.00026135467358069577,state_ext=neutral,-4.226577812178256e-05,-0.0002435782916256731
FUT/NQ,1h,state_ext=neutral + state_vol=high_vol,bear,FUT/NQ,ok,1242,918,0.0007573763793972154,0.5620915032679739,1.7951059481546523,0.07263682126251281,False,0.0005028166750457607,0.00025455970435145467,state_vol=high_vol,0.0009125006388403256,-0.0001551242594431102
FUT/NQ,1h,state_ext=neutral + state_vol=high_vol,neutral,FUT/NQ,ok,2349,1195,-6.085145770426517e-05,0.5497907949790795,-0.1785775597448845,0.8582694159599056,False,-0.0002250791076790836,0.00016422764997481843,state_vol=high_vol,7.843472902004873e-05,-0.0001392861867243139
FUT/NQ,1h,state_ext=neutral + state_vol=high_vol,regime_warmup,FUT/NQ,ok,199,0,,,,,False,0.0005625356199364384,,state_ext=neutral,0.0009566804996100347,
FUT/ZN,1h,state_ext=neutral + state_vol=high_vol,all,FUT/ZN,ok,5691,2055,-0.000180348730534074,0.43260340632603406,-3.1295768203186802,0.0017505829277755236,False,-0.00018438859580487984,4.039865270805831e-06,state_ext=neutral,-0.00017530179652288565,-5.046934011188357e-06
FUT/ZN,1h,state_ext=neutral + state_vol=high_vol,bull,FUT/ZN,ok,1332,477,-7.872972724843493e-05,0.4716981132075472,-0.7173213238661649,0.47317585268204976,False,-0.00012458807509192584,4.58583478434909e-05,state_vol=high_vol,-7.872972724843493e-05,0.0
FUT/ZN,1h,state_ext=neutral + state_vol=high_vol,bear,FUT/ZN,ok,1686,658,-0.00021827139807178015,0.43617021276595747,-2.0267704655543515,0.042685892226709043,False,-0.00022016535595001342,1.8939578782332651e-06,state_vol=high_vol,-0.00021827139807178015,0.0
FUT/ZN,1h,state_ext=neutral + state_vol=high_vol,neutral,FUT/ZN,ok,2474,920,-0.0002059130232812905,0.4097826086956522,-2.831871918423243,0.004627638125274114,False,-0.00016632518931321982,-3.958783396807068e-05,state_ext=neutral,-0.00016632518931321982,-3.958783396807068e-05
FUT/ZN,1h,state_ext=neutral + state_vol=high_vol,regime_warmup,FUT/ZN,ok,199,0,,,,,False,-0.0005061149457813942,,state_ext=neutral,-0.0002537398075707432,
FUT/ZN,1h,state_ext=neutral + state_vol=low_vol,all,FUT/ZN,ok,5691,1511,-0.0002158900917858727,0.40304434149569823,-3.65906095686378,0.00025314112781438247,False,-0.00021561140419512024,-2.78687590752469e-07,state_vol=low_vol,-0.0002158900917858727,0.0
FUT/ZN,1h,state_ext=neutral + state_vol=low_vol,bull,FUT/ZN,ok,1332,402,-0.00029683869003864467,0.36318407960199006,-2.991620239456739,0.0027750123255927406,False,-0.0002754119249080742,-2.1426765130570455e-05,state_ext=neutral,-0.0002754119249080742,-2.1426765130570455e-05
FUT/ZN,1h,state_ext=neutral + state_vol=low_vol,bear,FUT/ZN,ok,1686,408,-0.0001265545210235575,0.4803921568627451,-1.1500251629096117,0.25013350751282104,False,-0.00017983464404998665,5.3280123026429164e-05,state_vol=low_vol,-0.0001265545210235575,0.0
FUT/ZN,1h,state_ext=neutral + state_vol=low_vol,neutral,FUT/ZN,ok,2474,701,-0.00022146438047832676,0.38088445078459343,-2.691643909074219,0.007110081572836435,False,-0.0002336748106867802,1.2210430208453436e-05,state_vol=low_vol,-0.00022146438047832676,0.0
FUT/ZN,1h,state_ext=neutral + state_vol=low_vol,regime_warmup,FUT/ZN,ok,199,0,,,,,False,0.00010611494578139387,,state_ext=neutral,-0.00014626019242925685,
FUT/ES,1h,state_ext=stretched_down + state_vol=high_vol,all,FUT/ES,ok,5753,28,0.0034665487333354985,0.7142857142857143,2.9868543974293305,0.0028186393068789783,True,-1.6322752398529433e-05,0.003482871485734028,state_ext=stretched_down,0.003589098774983831,-0.0001225500416483327
FUT/ES,1h,state_ext=stretched_down + state_vol=high_vol,bull,FUT/ES,ok,2097,0,,,,,False,-0.00015848420580185927,,state_vol=high_vol,0.00037663777006731783,
FUT/ES,1h,state_ext=stretched_down + state_vol=high_vol,bear,FUT/ES,ok,1080,23,0.002822064683992137,0.6956521739130435,2.0931786096940317,0.03633321346357521,True,0.000280805088899058,0.0025412595950930787,state_ext=stretched_down,0.0029969994863731785,-0.00017493480238104167
FUT/ES,1h,state_ext=stretched_down + state_vol=high_vol,neutral,FUT/ES,ok,2377,5,0.006431175360314967,0.8,2.1379138049912747,0.03252373960191912,False,-5.83817087001455e-05,0.006489557069015112,state_ext=stretched_down,0.006431175360314967,0.0
FUT/ES,1h,state_ext=stretched_down + state_vol=high_vol,regime_warmup,FUT/ES,ok,199,0,,,,,False,0.0003715598521960921,,,,
FUT/ZN,1h,state_session=afternoon + state_ext=neutral,all,FUT/ZN,ok,5691,2177,-0.0001586577271066717,0.40744143316490583,-4.564690834715395,5.002309833246343e-06,False,-0.00018438859580487984,2.5730868698208134e-05,state_session=afternoon,-0.00015660742883844025,-2.0502982682314523e-06
FUT/ZN,1h,state_session=afternoon + state_ext=neutral,bull,FUT/ZN,ok,1332,523,-0.00017068383621583367,0.42065009560229444,-2.5227975973255625,0.011642539104242733,False,-0.00012458807509192584,-4.6095761123907835e-05,state_ext=neutral,-0.00012458807509192584,-4.6095761123907835e-05
FUT/ZN,1h,state_session=afternoon + state_ext=neutral,bear,FUT/ZN,ok,1686,625,-0.00019068921620563395,0.3984,-3.029439232521114,0.0024500818731458818,False,-0.00022016535595001342,2.9476139744379466e-05,state_session=afternoon,-0.00019068921620563395,0.0
FUT/ZN,1h,state_session=afternoon + state_ext=neutral,neutral,FUT/ZN,ok,2474,963,-0.000128893276822975,0.40186915887850466,-2.8113323119497493,0.004933680045512201,False,-0.00016632518931321982,3.743191249024481e-05,state_session=afternoon,-0.000128893276822975,0.0
FUT/ZN,1h,state_session=afternoon + state_ext=neutral,regime_warmup,FUT/ZN,ok,199,66,-0.00019432181608025978,0.4696969696969697,-1.470302426446891,0.1414798641823014,False,-0.0005061149457813942,0.00031179312970113437,state_session=afternoon,-0.00012799366402713812,-6.632815205312166e-05
FUT/ZN,1h,state_session=afternoon + state_slope=uptrend,all,FUT/ZN,ok,5691,797,-0.000176550991213539,0.4127979924717691,-3.375311151627773,0.0007373227639821955,False,-0.00018438859580487984,7.837604591340845e-06,state_session=afternoon,-0.00015660742883844025,-1.994356237509874e-05
FUT/ZN,1h,state_session=afternoon + state_slope=uptrend,bull,FUT/ZN,ok,1332,363,-0.0002269976715278251,0.38292011019283745,-3.049464561815401,0.002292496779187747,False,-0.00012458807509192584,-0.00010240959643589926,state_slope=uptrend,-0.00016139438130564974,-6.560329022217535e-05
FUT/ZN,1h,state_session=afternoon + state_slope=uptrend,bear,FUT/ZN,ok,1686,60,-0.0002821783353305258,0.3333333333333333,-1.3575002398299163,0.17462231730377287,False,-0.00022016535595001342,-6.201297938051236e-05,state_session=afternoon,-0.00019068921620563395,-9.148911912489183e-05
FUT/ZN,1h,state_session=afternoon + state_slope=uptrend,neutral,FUT/ZN,ok,2474,374,-0.00011064247356352542,0.45454545454545453,-1.6177325284961503,0.10572025261287887,False,-0.00016632518931321982,5.5682715749694403e-05,state_slope=uptrend,-0.0001148857270163323,4.243253452806885e-06
FUT/ZN,1h,state_session=afternoon + state_slope=uptrend,regime_warmup,FUT/ZN,ok,199,0,,,,,False,-0.0005061149457813942,,state_session=afternoon,-0.00012799366402713812,
FUT/ES,1h,state_ext=stretched_down + state_slope=downtrend,all,FUT/ES,ok,5753,28,0.0033446793687886248,0.7142857142857143,3.038900544590828,0.002374432273533955,True,-1.6322752398529433e-05,0.003361002121187154,state_ext=stretched_down,0.003589098774983831,-0.00024441940619520644
FUT/ES,1h,state_ext=stretched_down + state_slope=downtrend,bull,FUT/ES,ok,2097,0,,,,,False,-0.00015848420580185927,,state_slope=downtrend,1.6711246576876054e-05,
FUT/ES,1h,state_ext=stretched_down + state_slope=downtrend,bear,FUT/ES,ok,1080,23,0.002673701979326378,0.6956521739130435,2.126433213259342,0.03346720472504283,True,0.000280805088899058,0.00239289689042732,state_ext=stretched_down,0.0029969994863731785,-0.00032329750704680055
FUT/ES,1h,state_ext=stretched_down + state_slope=downtrend,neutral,FUT/ES,ok,2377,5,0.006431175360314967,0.8,2.1379138049912747,0.03252373960191912,False,-5.83817087001455e-05,0.006489557069015112,state_ext=stretched_down,0.006431175360314967,0.0
FUT/ES,1h,state_ext=stretched_down + state_slope=downtrend,regime_warmup,FUT/ES,ok,199,0,,,,,False,0.0003715598521960921,,,,
FUT/ES,1h,state_session=afternoon + state_ext=stretched_down,all,FUT/ES,ok,5753,21,0.0035680943695826648,0.7619047619047619,2.950019367473528,0.003177540100496312,True,-1.6322752398529433e-05,0.003584417121981194,state_ext=stretched_down,0.003589098774983831,-2.1004405401166444e-05
FUT/ES,1h,state_session=afternoon + state_ext=stretched_down,bull,FUT/ES,ok,2097,0,,,,,False,-0.00015848420580185927,,state_session=afternoon,-0.00015241580080378362,
FUT/ES,1h,state_session=afternoon + state_ext=stretched_down,bear,FUT/ES,ok,1080,18,0.0024187619466985166,0.7222222222222222,2.142425062182959,0.03215929293172093,True,0.000280805088899058,0.0021379568577994585,state_ext=stretched_down,0.0029969994863731785,-0.0005782375396746618
FUT/ES,1h,state_session=afternoon + state_ext=stretched_down,neutral,FUT/ES,ok,2377,3,0.010464088906887561,1.0,6.7654749275866894,1.3287149158713873e-11,False,-5.83817087001455e-05,0.010522470615587707,state_ext=stretched_down,0.006431175360314967,0.004032913546572594
FUT/ES,1h,state_session=afternoon + state_ext=stretched_down,regime_warmup,FUT/ES,ok,199,0,,,,,False,0.0003715598521960921,,state_session=afternoon,0.0008491070157871832,
FUT/GC,1h,state_session=afternoon + state_slope=uptrend,all,FUT/GC,ok,5751,759,0.0010970320046196588,0.5138339920948617,2.1224452169067343,0.033800368505633394,True,5.626337092391225e-05,0.0010407686336957466,state_slope=uptrend,0.0005309806017382564,0.0005660514028814024
FUT/GC,1h,state_session=afternoon + state_slope=uptrend,bull,FUT/GC,ok,1986,431,0.0011324715064462707,0.5243619489559165,1.7342109158094874,0.08288066685371187,False,0.00033723263656913147,0.0007952388698771393,state_slope=uptrend,0.0006843447057140663,0.00044812680073220436
FUT/GC,1h,state_session=afternoon + state_slope=uptrend,bear,FUT/GC,ok,1321,51,0.0021628976711354437,0.5098039215686274,0.8814053533846222,0.37809846117661583,False,-1.608851107277326e-05,0.0021789861822082168,state_slope=uptrend,0.0018345124280247697,0.000328385243110674
FUT/GC,1h,state_session=afternoon + state_slope=uptrend,neutral,FUT/GC,ok,2245,277,0.0008456472599280536,0.4981949458483754,1.2607380729752165,0.2074032318706669,False,-0.00017208549334655847,0.001017732753274612,state_session=afternoon,0.0005614308623162272,0.0002842163976118264
FUT/GC,1h,state_session=afternoon + state_slope=uptrend,regime_warmup,FUT/GC,ok,199,0,,,,,False,0.0003086004303883485,,state_session=afternoon,-0.00036749233759828307,
FUT/ZN,1h,state_session=morning + state_slope=uptrend,all,FUT/ZN,ok,5691,856,-0.0002023854836901084,0.41705607476635514,-2.447261746584823,0.014394625972934616,False,-0.00021561140419512024,1.3225920505011851e-05,state_session=morning,-0.0001776641349140004,-2.4721348776107993e-05
FUT/ZN,1h,state_session=morning + state_slope=uptrend,bull,FUT/ZN,ok,1332,345,-0.00026955910445310404,0.4057971014492754,-1.9749786110804324,0.04827057533554591,False,-0.0002754119249080742,5.852820454970169e-06,state_slope=uptrend,-0.00023860561869435033,-3.095348575875371e-05
FUT/ZN,1h,state_session=morning + state_slope=uptrend,bear,FUT/ZN,ok,1686,67,0.0005246966652314932,0.6567164179104478,2.080096793530796,0.037516655652550135,True,-0.00017983464404998665,0.0007045313092814799,state_slope=uptrend,0.0002067065914669689,0.0003179900737645243
FUT/ZN,1h,state_session=morning + state_slope=uptrend,neutral,FUT/ZN,ok,2474,444,-0.0002599071161552295,0.38963963963963966,-2.4801255012500523,0.013133614693638718,False,-0.0002336748106867802,-2.623230546844931e-05,state_session=morning,-0.00016841413825278357,-9.149297790244593e-05
FUT/ZN,1h,state_session=morning + state_slope=uptrend,regime_warmup,FUT/ZN,ok,199,0,,,,,False,0.00010611494578139387,,state_session=morning,0.0004007020462745688,
FUT/ZN,1h,state_ext=neutral + state_slope=flat,all,FUT/ZN,ok,5691,1699,-0.00015712980849221956,0.42436727486756914,-2.431566240211717,0.015033699094910702,False,-0.00018438859580487984,2.7258787312660273e-05,state_slope=flat,-0.00015712980849221956,0.0
FUT/ZN,1h,state_ext=neutral + state_slope=flat,bull,FUT/ZN,ok,1332,448,-4.124570580665391e-05,0.46651785714285715,-0.397524654857616,0.6909806092254294,False,-0.00012458807509192584,8.334236928527193e-05,state_slope=flat,-4.124570580665391e-05,0.0
FUT/ZN,1h,state_ext=neutral + state_slope=flat,bear,FUT/ZN,ok,1686,505,-0.00018048791029128778,0.41188118811881186,-1.6550541231997438,0.09791351967704554,False,-0.00022016535595001342,3.967744565872564e-05,state_slope=flat,-0.00018048791029128778,0.0
FUT/ZN,1h,state_ext=neutral + state_slope=flat,neutral,FUT/ZN,ok,2474,746,-0.00021091028650107205,0.4075067024128686,-2.5199178874734733,0.011738221362117995,False,-0.00016632518931321982,-4.458509718785223e-05,state_ext=neutral,-0.00016632518931321982,-4.458509718785223e-05
FUT/ZN,1h,state_ext=neutral + state_slope=flat,regime_warmup,FUT/ZN,ok,199,0,,,,,False,-0.0005061149457813942,,state_ext=neutral,-0.0002537398075707432,
FUT/ZN,1h,state_ext=neutral + state_vol=mid_vol,all,FUT/ZN,ok,5691,1905,-0.00016599133981504022,0.43412073490813646,-3.3489400178999755,0.0008112135573004053,False,-0.00018438859580487984,1.8397255989839617e-05,state_vol=mid_vol,-0.00016599133981504022,0.0
FUT/ZN,1h,state_ext=neutral + state_vol=mid_vol,bull,FUT/ZN,ok,1332,453,-0.00019189048459266432,0.41721854304635764,-2.152747072339689,0.03133856183272821,False,-0.00012458807509192584,-6.730240950073848e-05,state_ext=neutral,-0.00012458807509192584,-6.730240950073848e-05
FUT/ZN,1h,state_ext=neutral + state_vol=mid_vol,bear,FUT/ZN,ok,1686,604,-0.00018745709608233152,0.423841059602649,-2.2194898956837132,0.026453413886168953,False,-0.00022016535595001342,3.27082598676819e-05,state_vol=mid_vol,-0.00018745709608233152,0.0
FUT/ZN,1h,state_ext=neutral + state_vol=mid_vol,neutral,FUT/ZN,ok,2474,848,-0.00013686677687906415,0.45047169811320753,-2.0357912327628265,0.04177132317887278,False,-0.00016632518931321982,2.9458412434155677e-05,state_vol=mid_vol,-0.00013686677687906415,0.0
FUT/ZN,1h,state_ext=neutral + state_vol=mid_vol,regime_warmup,FUT/ZN,ok,199,0,,,,,False,-0.0005061149457813942,,state_ext=neutral,-0.0002537398075707432,
FUT/ZN,1h,state_ext=neutral + state_slope=uptrend,all,FUT/ZN,ok,5691,1820,-0.00017271617921352616,0.43131868131868134,-3.534126185283968,0.000409125704838198,False,-0.00018438859580487984,1.1672416591353678e-05,state_slope=uptrend,-0.00017271617921352616,0.0
FUT/ZN,1h,state_ext=neutral + state_slope=uptrend,bull,FUT/ZN,ok,1332,772,-0.00016139438130564974,0.42875647668393785,-2.159844393906043,0.0307847176378111,False,-0.00012458807509192584,-3.6806306213723906e-05,state_ext=neutral,-0.00012458807509192584,-3.6806306213723906e-05
FUT/ZN,1h,state_ext=neutral + state_slope=uptrend,bear,FUT/ZN,ok,1686,141,-0.0006067065914669692,0.2765957446808511,-3.791367685066706,0.00014981995957197292,False,-0.00022016535595001342,-0.0003865412355169558,state_ext=neutral,-0.00022016535595001342,-0.0003865412355169558
FUT/ZN,1h,state_ext=neutral + state_slope=uptrend,neutral,FUT/ZN,ok,2474,907,-0.0001148857270163323,0.45755237045203967,-1.729745170794075,0.08367581438704508,False,-0.00016632518931321982,5.143946229688752e-05,state_slope=uptrend,-0.0001148857270163323,0.0
FUT/ZN,1h,state_ext=neutral + state_slope=uptrend,regime_warmup,FUT/ZN,ok,199,0,,,,,False,-0.0005061149457813942,,state_ext=neutral,-0.0002537398075707432,
FUT/ZN,1h,state_session=lunch + state_ext=neutral,all,FUT/ZN,ok,5691,503,-8.016807163641512e-05,0.44731610337972166,-1.123652430551021,0.2611605041595113,False,-0.00018438859580487984,0.00010422052416846471,state_session=lunch,-7.843503645397304e-05,-1.7330351824420886e-06
FUT/ZN,1h,state_session=lunch + state_ext=neutral,bull,FUT/ZN,ok,1332,120,-5.540394787040442e-05,0.475,-0.42238501834412023,0.6727440113523611,False,-0.00012458807509192584,6.918412722152142e-05,state_session=lunch,-5.540394787040442e-05,0.0
FUT/ZN,1h,state_session=lunch + state_ext=neutral,bear,FUT/ZN,ok,1686,152,-0.0002863521151246474,0.3223684210526316,-2.3183854760471907,0.02042838068679842,False,-0.00022016535595001342,-6.6186759174634e-05,state_ext=neutral,-0.00022016535595001342,-6.6186759174634e-05
FUT/ZN,1h,state_session=lunch + state_ext=neutral,neutral,FUT/ZN,ok,2474,215,5.939992578610092e-05,0.5255813953488372,0.6057769379729911,0.5446628858577447,False,-0.00016632518931321982,0.00022572511509932075,state_session=lunch,5.939992578610092e-05,0.0
FUT/ZN,1h,state_session=lunch + state_ext=neutral,regime_warmup,FUT/ZN,ok,199,16,-0.0001825955521083471,0.375,-1.0053620485308299,0.3147225473306692,False,-0.0005061149457813942,0.00032351939367304705,state_session=lunch,-0.00012259345610406353,-6.000209600428357e-05
FUT/GC,1h,state_ext=neutral + state_vol=low_vol,all,FUT/GC,ok,5751,849,-0.0002637342634785616,0.49352179034157834,-0.6531035955911192,0.5136894944126342,False,-0.0004562633709239119,0.0001925291074453503,state_vol=low_vol,-0.0002637342634785616,0.0
FUT/GC,1h,state_ext=neutral + state_vol=low_vol,bull,FUT/GC,ok,1986,322,0.00016666362499639494,0.5559006211180124,0.27848662595105284,0.780638830095614,False,-0.0007372326365691315,0.0009038962615655265,state_vol=low_vol,0.00016666362499639494,0.0
FUT/GC,1h,state_ext=neutral + state_vol=low_vol,bear,FUT/GC,ok,1321,180,1.1060221748642986e-05,0.49444444444444446,0.01130031995653493,0.9909838410647118,False,-0.0003839114889272266,0.00039497171067586954,state_vol=low_vol,1.1060221748642986e-05,0.0
FUT/GC,1h,state_ext=neutral + state_vol=low_vol,neutral,FUT/GC,ok,2245,347,-0.0008056683482907604,0.43515850144092216,-1.433829719561512,0.15162086168000255,False,-0.00022791450665344114,-0.0005777538416373193,state_ext=neutral,-0.0002988041255839026,-0.0005068642227068578
FUT/GC,1h,state_ext=neutral + state_vol=low_vol,regime_warmup,FUT/GC,ok,199,0,,,,,False,-0.000708600430388348,,state_ext=neutral,-0.0002298038396831505,
FUT/ES,1h,state_ext=neutral + state_vol=low_vol,all,FUT/ES,ok,5753,1394,-0.0002237312350848311,0.45121951219512196,-1.449428812829758,0.1472178670905695,False,-0.0003836772476014705,0.0001599460125166394,state_vol=low_vol,-0.0002237312350848311,0.0
FUT/ES,1h,state_ext=neutral + state_vol=low_vol,bull,FUT/ES,ok,2097,962,-0.0002596636058291827,0.4365904365904366,-1.504006636338871,0.13257965799806515,False,-0.00024151579419814072,-1.8147811631041985e-05,state_ext=neutral,-0.0002340358491356776,-2.56277566935051e-05
FUT/ES,1h,state_ext=neutral + state_vol=low_vol,bear,FUT/ES,ok,1080,14,6.615118817844112e-05,0.2857142857142857,0.028988710310255,0.9768735946789835,False,-0.0006808050888990579,0.000746956277077499,state_vol=low_vol,6.615118817844112e-05,0.0
FUT/ES,1h,state_ext=neutral + state_vol=low_vol,neutral,FUT/ES,ok,2377,418,-0.00015074418549061952,0.4904306220095694,-0.6285011380326502,0.5296757013723483,False,-0.0003416182912998544,0.00019087410580923486,state_vol=low_vol,-0.00015074418549061952,0.0
FUT/ES,1h,state_ext=neutral + state_vol=low_vol,regime_warmup,FUT/ES,ok,199,0,,,,,False,-0.0007715598521960922,,state_ext=neutral,-0.001081710656534217,
FUT/ZN,1h,state_ext=neutral + state_slope=downtrend,all,FUT/ZN,ok,5691,1953,-0.00020399563260328212,0.40348182283666156,-3.8224337607420242,0.000132140981391915,False,-0.00021561140419512024,1.1615771591838114e-05,state_slope=downtrend,-0.00020399563260328212,0.0
FUT/ZN,1h,state_ext=neutral + state_slope=downtrend,bull,FUT/ZN,ok,1332,112,-0.0001957430584544401,0.4107142857142857,-1.04792216654199,0.2946744685440168,False,-0.0002754119249080742,7.96688664536341e-05,state_slope=downtrend,-0.0001957430584544401,0.0
FUT/ZN,1h,state_ext=neutral + state_slope=downtrend,bear,FUT/ZN,ok,1686,1025,-0.00021385004613719622,0.4097560975609756,-2.834323134496879,0.0045922870381083225,False,-0.00017983464404998665,-3.401540208720956e-05,state_ext=neutral,-0.00017983464404998665,-3.401540208720956e-05
FUT/ZN,1h,state_ext=neutral + state_slope=downtrend,neutral,FUT/ZN,ok,2474,816,-0.0001927499395057433,0.3946078431372549,-2.510493434904656,0.012056256390085451,False,-0.0002336748106867802,4.0924871181036886e-05,state_slope=downtrend,-0.0001927499395057433,0.0
FUT/ZN,1h,state_ext=neutral + state_slope=downtrend,regime_warmup,FUT/ZN,ok,199,0,,,,,False,0.00010611494578139387,,state_ext=neutral,-0.00014626019242925685,
FUT/CL,1h,state_ext=neutral + state_vol=low_vol,all,FUT/CL,ok,5747,782,-6.13310535556635e-05,0.5,-0.09957489337620465,0.9206818269239616,False,-0.00041599580064260826,0.00035466474708694475,state_ext=neutral,0.00011288195521705708,-0.00017421300877272058
FUT/CL,1h,state_ext=neutral + state_vol=low_vol,bull,FUT/CL,ok,1740,216,0.0002625433538539303,0.5185185185185185,0.26568465661194335,0.7904820810668438,False,-0.0006562178049873394,0.0009187611588412697,state_vol=low_vol,0.00029866196562838604,-3.6118611774455715e-05
FUT/CL,1h,state_ext=neutral + state_vol=low_vol,bear,FUT/CL,ok,1514,236,0.000695312830106989,0.5508474576271186,0.5678515221992383,0.5701357917205598,False,5.6752801744040306e-05,0.0006385600283629487,state_vol=low_vol,0.0009746560989008486,-0.0002793432687938596
FUT/CL,1h,state_ext=neutral + state_vol=low_vol,neutral,FUT/CL,ok,2294,330,-0.0008144365946006884,0.45151515151515154,-1.1904217940806963,0.2338806512838425,False,-0.000773319053373125,-4.111754122756344e-05,state_ext=neutral,-0.000504446761771205,-0.0003099898328294834
FUT/CL,1h,state_ext=neutral + state_vol=low_vol,regime_warmup,FUT/CL,ok,199,0,,,,,False,0.0022068406079516277,,state_ext=neutral,0.0021683433852584238,
FUT/ES,1h,state_ext=stretched_up + state_slope=uptrend,all,FUT/ES,ok,5753,17,0.00032337555376716183,0.5294117647058824,0.3739462666573614,0.7084442935860018,False,-1.6322752398529433e-05,0.00033969830616569126,state_ext=stretched_up,2.2364830119941466e-05,0.00030101072364722037
FUT/ES,1h,state_ext=stretched_up + state_slope=uptrend,bull,FUT/ES,ok,2097,10,0.0014025803287341936,0.7,1.7930613139814142,0.07296312059577947,False,-0.00015848420580185927,0.0015610645345360528,state_ext=stretched_up,0.0014025803287341936,0.0
FUT/ES,1h,state_ext=stretched_up + state_slope=uptrend,bear,FUT/ES,ok,1080,0,,,,,False,0.000280805088899058,,state_slope=uptrend,0.00037022052531361904,
FUT/ES,1h,state_ext=stretched_up + state_slope=uptrend,neutral,FUT/ES,ok,2377,7,-0.0012183455533285974,0.2857142857142857,-0.9860382131864783,0.3241143613820676,False,-5.83817087001455e-05,-0.0011599638446284518,state_slope=uptrend,4.9162879011442106e-05,-0.0012675084323400395
FUT/ES,1h,state_ext=stretched_up + state_slope=uptrend,regime_warmup,FUT/ES,ok,199,0,,,,,False,0.0003715598521960921,,,,
FUT/NQ,1h,state_session=morning + state_slope=flat,all,FUT/NQ,ok,5757,906,-2.310496491381593e-05,0.445916114790287,-0.06165251418082429,0.9508395561789142,False,-0.00042771607305471616,0.00040461110814090024,state_slope=flat,-0.00019140128115016945,0.00016829631623635353
FUT/NQ,1h,state_session=morning + state_slope=flat,bull,FUT/NQ,ok,1967,446,0.00017118937136597468,0.4327354260089686,0.3432075556242549,0.7314423209552534,False,-0.00037551060383323977,0.0005466999751992144,state_slope=flat,4.2572759590989586e-05,0.0001286166117749851
FUT/NQ,1h,state_session=morning + state_slope=flat,bear,FUT/NQ,ok,1242,130,-0.00017695683544307003,0.4846153846153846,-0.17025130766374985,0.864812502969899,False,-0.0009028166750457604,0.0007258598396026904,state_slope=flat,-0.0007112679311154296,0.0005343110956723596
FUT/NQ,1h,state_session=morning + state_slope=flat,neutral,FUT/NQ,ok,2349,330,-0.0002250883916167962,0.4484848484848485,-0.44358456827666926,0.6573429647476665,False,-0.00017492089232091625,-5.0167499295879946e-05,state_session=morning,4.288010311210659e-05,-0.0002679684947289028
FUT/NQ,1h,state_session=morning + state_slope=flat,regime_warmup,FUT/NQ,ok,199,0,,,,,False,-0.0009625356199364388,,state_session=morning,-0.0007069968287271142,
FUT/CL,1h,state_ext=neutral + state_slope=flat,all,FUT/CL,ok,5747,1365,0.0002997676662192718,0.5054945054945055,0.5703920362795479,0.5684118297380214,False,-0.00041599580064260826,0.00071576346686188,state_slope=flat,0.0003182931823699873,-1.8525516150715514e-05
FUT/CL,1h,state_ext=neutral + state_slope=flat,bull,FUT/CL,ok,1740,433,3.823816132963081e-05,0.4780600461893764,0.04211963523349174,0.9664033274068569,False,-0.0006562178049873394,0.0006944559663169702,state_ext=neutral,8.803179238382432e-05,-4.9793631054193515e-05
FUT/CL,1h,state_ext=neutral + state_slope=flat,bear,FUT/CL,ok,1514,434,0.0009285166122323619,0.5345622119815668,1.1097998113243357,0.26708530063815994,False,5.6752801744040306e-05,0.0008717638104883216,state_slope=flat,0.0010699766179447661,-0.00014146000571240423
FUT/CL,1h,state_ext=neutral + state_slope=flat,neutral,FUT/CL,ok,2294,498,-2.0784074649134557e-05,0.5040160642570282,-0.023961108095779456,0.9808836310366138,False,-0.000773319053373125,0.0007525349787239904,state_slope=flat,3.8119734005525206e-06,-2.459604804968708e-05
FUT/CL,1h,state_ext=neutral + state_slope=flat,regime_warmup,FUT/CL,ok,199,0,,,,,False,0.0022068406079516277,,state_ext=neutral,0.0021683433852584238,
FUT/GC,1h,state_ext=stretched_down + state_vol=mid_vol,all,FUT/GC,ok,5751,30,0.0004526797074895823,0.5666666666666667,0.2848317871330004,0.7757730178804287,False,5.626337092391225e-05,0.00039641633656567005,state_vol=mid_vol,1.0444864073228103e-05,0.00044223484341635423
FUT/GC,1h,state_ext=stretched_down + state_vol=mid_vol,bull,FUT/GC,ok,1986,0,,,,,False,0.00033723263656913147,,state_ext=stretched_down,0.015725384934625587,
FUT/GC,1h,state_ext=stretched_down + state_vol=mid_vol,bear,FUT/GC,ok,1321,20,-0.001156375472928611,0.45,-0.7326907791571661,0.4637470491641702,False,-1.608851107277326e-05,-0.0011402869618558377,state_vol=mid_vol,0.0001529768040359885,-0.0013093522769645996
FUT/GC,1h,state_ext=stretched_down + state_vol=mid_vol,neutral,FUT/GC,ok,2245,10,0.0036707900683259687,0.8,2.526891853611693,0.011507693247759132,False,-0.00017208549334655847,0.003842875561672527,state_vol=mid_vol,-0.0002634779255118611,0.00393426799383783
FUT/GC,1h,state_ext=stretched_down + state_vol=mid_vol,regime_warmup,FUT/GC,ok,199,0,,,,,False,0.0003086004303883485,,,,
FUT/NQ,1h,state_session=morning + state_ext=stretched_up,all,FUT/NQ,ok,5757,29,0.0012898218945624667,0.6206896551724138,0.8318766070395253,0.4054785972474808,False,2.771607305471637e-05,0.0012621058215077502,state_ext=stretched_up,0.0023106578924207825,-0.0010208359978583158
FUT/NQ,1h,state_session=morning + state_ext=stretched_up,bull,FUT/NQ,ok,1967,12,0.0008043474672193629,0.6666666666666666,0.4712801888888822,0.6374406611371266,False,-2.4489396166759895e-05,0.0008288368633861228,state_ext=stretched_up,0.0013563799540994028,-0.0005520324868800399
FUT/NQ,1h,state_session=morning + state_ext=stretched_up,bear,FUT/NQ,ok,1242,1,-0.007739635738715855,0.0,,,False,0.0005028166750457607,-0.008242452413761616,state_session=morning,0.000795415485685796,-0.00853505122440165
FUT/NQ,1h,state_session=morning + state_ext=stretched_up,neutral,FUT/NQ,ok,2349,16,0.0022182688171496893,0.625,1.1763256413421523,0.23946477314729941,False,-0.0002250791076790836,0.002443347924828773,state_ext=stretched_up,0.0028020671980609436,-0.0005837983809112543
FUT/NQ,1h,state_session=morning + state_ext=stretched_up,regime_warmup,FUT/NQ,ok,199,0,,,,,False,0.0005625356199364384,,state_session=morning,0.00030699682872711403,
FUT/CL,1h,state_session=lunch + state_slope=uptrend,all,FUT/CL,ok,5747,204,0.0027671205226167295,0.5392156862745098,1.1190377311291324,0.26312404268515754,False,1.5995800642608207e-05,0.0027511247219741213,state_session=lunch,0.0021697254748157305,0.000597395047800999
FUT/CL,1h,state_session=lunch + state_slope=uptrend,bull,FUT/CL,ok,1740,100,0.0040981990559765084,0.5,0.8568673642703883,0.3915181909897698,False,0.0002562178049873395,0.003841981250989169,state_session=lunch,0.0023700481756312713,0.0017281508803452372
FUT/CL,1h,state_session=lunch + state_slope=uptrend,bear,FUT/CL,ok,1514,21,-0.00037761975787838596,0.7142857142857143,-0.11603876442524128,0.9076218197242785,False,-0.00045675280174403986,7.91330438656539e-05,state_session=lunch,0.001254675734698329,-0.001632295492576715
FUT/CL,1h,state_session=lunch + state_slope=uptrend,neutral,FUT/CL,ok,2294,83,0.0019590686256820244,0.5421686746987951,1.1616176456310783,0.24539081120259798,False,0.0003733190533731252,0.0015857495723088993,state_session=lunch,0.003092954562552308,-0.0011338859368702835
FUT/CL,1h,state_session=lunch + state_slope=uptrend,regime_warmup,FUT/CL,ok,199,0,,,,,False,-0.0026068406079516274,,state_session=lunch,-0.003037600764972686,
FUT/ES,1h,state_ext=stretched_up + state_vol=high_vol,all,FUT/ES,ok,5753,18,2.2364830119941466e-05,0.5,0.023343248437370952,0.9813764738372581,False,-1.6322752398529433e-05,3.8687582518470896e-05,state_vol=high_vol,0.0002282109713514884,-0.00020584614123154695
FUT/ES,1h,state_ext=stretched_up + state_vol=high_vol,bull,FUT/ES,ok,2097,10,0.0014025803287341936,0.7,1.7930613139814142,0.07296312059577947,False,-0.00015848420580185927,0.0015610645345360528,state_ext=stretched_up,0.0014025803287341936,0.0
FUT/ES,1h,state_ext=stretched_up + state_vol=high_vol,bear,FUT/ES,ok,1080,0,,,,,False,0.000280805088899058,,state_vol=high_vol,0.00040652335425237017,
FUT/ES,1h,state_ext=stretched_up + state_vol=high_vol,neutral,FUT/ES,ok,2377,8,-0.0017029045431478731,0.25,-1.3132453248828293,0.18910029555773855,False,-5.83817087001455e-05,-0.0016445228344477275,state_vol=high_vol,6.147612191451552e-05,-0.0017643806650623887
FUT/ES,1h,state_ext=stretched_up + state_vol=high_vol,regime_warmup,FUT/ES,ok,199,0,,,,,False,0.0003715598521960921,,,,
FUT/CL,1h,state_ext=stretched_up + state_slope=uptrend,all,FUT/CL,ok,5747,675,0.002524475448141473,0.5288888888888889,1.2289316347266048,0.21909743939275472,False,1.5995800642608207e-05,0.002508479647498865,state_ext=stretched_up,0.0020702619768138233,0.00045421347132764984
FUT/CL,1h,state_ext=stretched_up + state_slope=uptrend,bull,FUT/CL,ok,1740,404,0.0038773901223634454,0.5148514851485149,1.2391920315333798,0.2152743908538255,False,0.0002562178049873395,0.003621172317376106,state_ext=stretched_up,0.0033324184091445145,0.000544971713218931
FUT/CL,1h,state_ext=stretched_up + state_slope=uptrend,bear,FUT/CL,ok,1514,17,-0.0078395195502379,0.17647058823529413,-1.4816660177194143,0.13842918340042032,False,-0.00045675280174403986,-0.0073827667484938604,state_slope=uptrend,-0.002380098746707817,-0.005459420803530083
FUT/CL,1h,state_ext=stretched_up + state_slope=uptrend,neutral,FUT/CL,ok,2294,254,0.001066248623679948,0.5748031496062992,0.7213166831204526,0.47071469482418093,False,0.0003733190533731252,0.0006929295703068229,state_slope=uptrend,0.0008685709503989868,0.0001976776732809613
FUT/CL,1h,state_ext=stretched_up + state_slope=uptrend,regime_warmup,FUT/CL,ok,199,0,,,,,False,-0.0026068406079516274,,,,
FUT/ZN,1h,state_session=afternoon + state_slope=flat,all,FUT/ZN,ok,5691,534,-0.00017651569087916605,0.39325842696629215,-2.8291030918495816,0.004667865994451681,False,-0.00018438859580487984,7.872904925713785e-06,state_session=afternoon,-0.00015660742883844025,-1.99082620407258e-05
FUT/ZN,1h,state_session=afternoon + state_slope=flat,bull,FUT/ZN,ok,1332,120,1.616991909617909e-05,0.5,0.1259569680804326,0.8997659877036359,False,-0.00012458807509192584,0.00014075799418810492,state_slope=flat,-4.124570580665391e-05,5.7415624902833e-05
FUT/ZN,1h,state_session=afternoon + state_slope=flat,bear,FUT/ZN,ok,1686,146,-0.0002956034889843078,0.3356164383561644,-2.4667157525955634,0.013635855363217209,False,-0.00022016535595001342,-7.54381330342944e-05,state_slope=flat,-0.00018048791029128778,-0.00011511557869302004
FUT/ZN,1h,state_session=afternoon + state_slope=flat,neutral,FUT/ZN,ok,2474,268,-0.00019791664115413143,0.376865671641791,-2.74411872934909,0.006067358918661725,False,-0.00016632518931321982,-3.159145184091161e-05,state_session=afternoon,-0.000128893276822975,-6.902336433115642e-05
FUT/ZN,1h,state_session=afternoon + state_slope=flat,regime_warmup,FUT/ZN,ok,199,0,,,,,False,-0.0005061149457813942,,state_session=afternoon,-0.00012799366402713812,
FUT/GC,1h,state_session=morning + state_slope=downtrend,all,FUT/GC,ok,5751,1133,0.0008586547268408976,0.4783759929390997,1.511881616887617,0.13056398142106662,False,-0.0004562633709239119,0.0013149180977648095,state_slope=downtrend,0.0003041077287547812,0.0005545469980861164
FUT/GC,1h,state_session=morning + state_slope=downtrend,bull,FUT/GC,ok,1986,171,0.0004798345348246122,0.47953216374269003,0.5814129116018916,0.5609621975071264,False,-0.0007372326365691315,0.0012170671713937437,state_slope=downtrend,0.0007857226002284058,-0.0003058880654037936
FUT/GC,1h,state_session=morning + state_slope=downtrend,bear,FUT/GC,ok,1321,458,-0.00025772094655854603,0.4650655021834061,-0.3193961872312331,0.749426101692297,False,-0.0003839114889272266,0.00012619054236868055,state_slope=downtrend,-5.762754229818334e-05,-0.0002000934042603627
FUT/GC,1h,state_session=morning + state_slope=downtrend,neutral,FUT/GC,ok,2245,504,0.002001667249165759,0.49007936507936506,2.2380546828727903,0.025217489370720436,True,-0.00022791450665344114,0.0022295817558192,state_session=morning,0.0005361346394821033,0.0014655326096836559
FUT/GC,1h,state_session=morning + state_slope=downtrend,regime_warmup,FUT/GC,ok,199,0,,,,,False,-0.000708600430388348,,state_session=morning,-0.0010715697284077394,
FUT/ZN,1h,state_session=lunch + state_slope=flat,all,FUT/ZN,ok,5691,142,-0.00021634662821969658,0.4014084507042254,-1.3259489896331615,0.18485659433486656,False,-0.00018438859580487984,-3.195803241481674e-05,state_session=lunch,-7.843503645397304e-05,-0.00013791159176572356
FUT/ZN,1h,state_session=lunch + state_slope=flat,bull,FUT/ZN,ok,1332,42,-0.00020547282380793298,0.38095238095238093,-0.7969909338358285,0.4254562967197486,False,-0.00012458807509192584,-8.088474871600714e-05,state_slope=flat,-4.124570580665391e-05,-0.00016422711800127907
FUT/ZN,1h,state_session=lunch + state_slope=flat,bear,FUT/ZN,ok,1686,41,-0.0007060629904468027,0.24390243902439024,-3.871317695076978,0.0001082486000512084,False,-0.00022016535595001342,-0.0004858976344967893,state_slope=flat,-0.00018048791029128778,-0.000525575080155515
FUT/ZN,1h,state_session=lunch + state_slope=flat,neutral,FUT/ZN,ok,2474,59,0.00011622406781449472,0.5254237288135594,0.54351092667057,0.5867780697485891,False,-0.00016632518931321982,0.0002825492571277145,state_session=lunch,5.939992578610092e-05,5.6824142028393796e-05
FUT/ZN,1h,state_session=lunch + state_slope=flat,regime_warmup,FUT/ZN,ok,199,0,,,,,False,-0.0005061149457813942,,state_session=lunch,-0.00012259345610406353,
FUT/CL,1h,state_session=morning + state_ext=stretched_down,all,FUT/CL,ok,5747,347,0.0011466249754222258,0.5389048991354467,0.6964646973003816,0.4861378583052758,False,1.5995800642608207e-05,0.0011306291747796176,state_ext=stretched_down,0.0013877861263693132,-0.00024116115094708745
FUT/CL,1h,state_session=morning + state_ext=stretched_down,bull,FUT/CL,ok,1740,20,-0.006941304573135801,0.6,-0.5472945809478534,0.5841763662323773,False,0.0002562178049873395,-0.00719752237812314,state_session=morning,-0.000766412261709076,-0.006174892311426724
FUT/CL,1h,state_session=morning + state_ext=stretched_down,bear,FUT/CL,ok,1514,173,0.0015011762668350422,0.5375722543352601,0.751988639613458,0.45205789062336876,False,-0.00045675280174403986,0.0019579290685790823,state_ext=stretched_down,0.0022759874390639945,-0.0007748111722289523
FUT/CL,1h,state_session=morning + state_ext=stretched_down,neutral,FUT/CL,ok,2294,151,0.0016841041576048407,0.5231788079470199,0.8010842709346931,0.4230828614088562,False,0.0003733190533731252,0.0013107851042317156,state_ext=stretched_down,0.0015127604383708608,0.0001713437192339799
FUT/CL,1h,state_session=morning + state_ext=stretched_down,regime_warmup,FUT/CL,ok,199,3,0.007567245324478367,1.0,7.041306989441661,1.9044765764419935e-12,False,-0.0026068406079516274,0.010174085932429994,state_ext=stretched_down,0.00913573900092019,-0.0015684936764418225
FUT/GC,1h,state_ext=stretched_down + state_slope=downtrend,all,FUT/GC,ok,5751,236,0.00029890939253281456,0.4067796610169492,0.14440537366618977,0.8851803737143351,False,-0.0004562633709239119,0.0007551727634567265,state_slope=downtrend,0.0003041077287547812,-5.19833622196665e-06
FUT/GC,1h,state_ext=stretched_down + state_slope=downtrend,bull,FUT/GC,ok,1986,2,-0.016125384934625585,0.0,-9.680236291461254,0.0,False,-0.0007372326365691315,-0.015388152298056453,state_slope=downtrend,0.0007857226002284058,-0.01691110753485399
FUT/GC,1h,state_ext=stretched_down + state_slope=downtrend,bear,FUT/GC,ok,1321,113,2.7940156924632404e-05,0.45132743362831856,0.01053623525130026,0.9915934561025184,False,-0.0003839114889272266,0.000411851645851859,state_ext=stretched_down,1.0590461146123306e-06,2.6881110810020074e-05
FUT/GC,1h,state_ext=stretched_down + state_slope=downtrend,neutral,FUT/GC,ok,2245,121,0.0008234392460703471,0.371900826446281,0.25972842411574454,0.7950732655939654,False,-0.00022791450665344114,0.0010513537527237881,state_slope=downtrend,0.00048194240692077134,0.0003414968391495757
FUT/GC,1h,state_ext=stretched_down + state_slope=downtrend,regime_warmup,FUT/GC,ok,199,0,,,,,False,-0.000708600430388348,,,,
FUT/GC,1h,state_session=afternoon + state_ext=stretched_up,all,FUT/GC,ok,5751,109,0.0007932233525291142,0.5596330275229358,0.670712726356408,0.50240355397395,False,5.626337092391225e-05,0.000736959981605202,state_ext=stretched_up,0.0003441730035307031,0.0004490503489984111
FUT/GC,1h,state_session=afternoon + state_ext=stretched_up,bull,FUT/GC,ok,1986,69,0.002473048021400419,0.6521739130434783,1.7683187877608555,0.07700762475897704,False,0.00033723263656913147,0.0021358153848312876,state_ext=stretched_up,0.0019618606445526428,0.0005111873768477763
FUT/GC,1h,state_session=afternoon + state_ext=stretched_up,bear,FUT/GC,ok,1321,4,-0.017328175622272422,0.0,-5.29154146647659,1.2128968163160891e-07,False,-1.608851107277326e-05,-0.01731208711119965,state_session=afternoon,-0.00020883126881125806,-0.017119344353461165
FUT/GC,1h,state_session=afternoon + state_ext=stretched_up,neutral,FUT/GC,ok,2245,36,-0.0004129518211629383,0.4444444444444444,-0.20361150218665403,0.8386571039940498,False,-0.00017208549334655847,-0.00024086632781637984,state_session=afternoon,0.0005614308623162272,-0.0009743826834791656
FUT/GC,1h,state_session=afternoon + state_ext=stretched_up,regime_warmup,FUT/GC,ok,199,0,,,,,False,0.0003086004303883485,,state_session=afternoon,-0.00036749233759828307,
FUT/ES,1h,state_session=morning + state_ext=neutral,all,FUT/ES,ok,5753,2987,4.6667477586138265e-05,0.5145631067961165,0.2796784617882097,0.7797242041516628,False,-1.6322752398529433e-05,6.29902299846677e-05,state_session=morning,2.6515612012205155e-05,2.015186557393311e-05
FUT/ES,1h,state_session=morning + state_ext=neutral,bull,FUT/ES,ok,2097,1097,-0.00018796369570656248,0.4968094804010939,-0.9598601872904227,0.33712558581029484,False,-0.00015848420580185927,-2.947948990470321e-05,state_ext=neutral,-0.00016596415086432236,-2.1999544842240122e-05
FUT/ES,1h,state_session=morning + state_ext=neutral,bear,FUT/ES,ok,1080,573,0.0005421258538790398,0.5427574171029669,1.2041839178146156,0.22851850047011824,False,0.000280805088899058,0.0002613207649799818,state_session=morning,0.0005823417131504466,-4.021585927140676e-05
FUT/ES,1h,state_session=morning + state_ext=neutral,neutral,FUT/ES,ok,2377,1221,-2.1863488666526098e-05,0.5110565110565111,-0.08996223425467538,0.9283172257951096,False,-5.83817087001455e-05,3.65182200336194e-05,state_session=morning,-3.491237227078501e-05,1.3048883604258915e-05
FUT/ES,1h,state_session=morning + state_ext=neutral,regime_warmup,FUT/ES,ok,199,96,0.0006421784909274239,0.59375,0.958460432125973,0.33783063460216023,False,0.0003715598521960921,0.0002706186387313318,state_ext=neutral,0.0006817106565342166,-3.953216560679271e-05
FUT/ES,1h,state_ext=neutral + state_slope=flat,all,FUT/ES,ok,5753,1657,-5.829142539943785e-05,0.5111647555823778,-0.352808536489616,0.7242319836123463,False,-1.6322752398529433e-05,-4.196867300090842e-05,state_ext=neutral,-2.630977991494519e-05,-3.198164548449266e-05
FUT/ES,1h,state_ext=neutral + state_slope=flat,bull,FUT/ES,ok,2097,875,-0.00021404717592201313,0.49942857142857144,-1.1619516300409343,0.2452551132890246,False,-0.00015848420580185927,-5.5562970120153854e-05,state_ext=neutral,-0.00016596415086432236,-4.8083025057690766e-05
FUT/ES,1h,state_ext=neutral + state_slope=flat,bear,FUT/ES,ok,1080,212,0.000559863293497951,0.5566037735849056,1.205369656099385,0.22806063014765288,False,0.000280805088899058,0.00027905820459889295,state_slope=flat,0.0006062153069014799,-4.6352013403528985e-05
FUT/ES,1h,state_ext=neutral + state_slope=flat,neutral,FUT/ES,ok,2377,570,-4.91028617134608e-05,0.512280701754386,-0.17026866579906041,0.8647988524759695,False,-5.83817087001455e-05,9.278846986684702e-06,state_slope=flat,-5.793948975228628e-05,8.836628038825482e-06
FUT/ES,1h,state_ext=neutral + state_slope=flat,regime_warmup,FUT/ES,ok,199,0,,,,,False,0.0003715598521960921,,state_ext=neutral,0.0006817106565342166,
FUT/NQ,1h,state_ext=neutral + state_slope=flat,all,FUT/NQ,ok,5757,1491,-0.00020206228244927746,0.5184439973172368,-0.7825161192225139,0.4339113159942549,False,2.771607305471637e-05,-0.00022977835550399382,state_ext=neutral,-3.6667071252151565e-05,-0.0001653952111971259
FUT/NQ,1h,state_ext=neutral + state_slope=flat,bull,FUT/NQ,ok,1967,731,-0.00044257275959098925,0.506155950752394,-1.238642121732083,0.2154780616935308,False,-2.4489396166759895e-05,-0.0004180833634242294,state_ext=neutral,-4.226577812178256e-05,-0.0004003069814692067
FUT/NQ,1h,state_ext=neutral + state_slope=flat,bear,FUT/NQ,ok,1242,223,0.00033411505413313277,0.5515695067264574,0.5086638998343215,0.6109878305803336,False,0.0005028166750457607,-0.00016870162091262795,state_ext=neutral,0.00036256230206435023,-2.844724793121746e-05
FUT/NQ,1h,state_ext=neutral + state_slope=flat,neutral,FUT/NQ,ok,2349,537,-9.732184905502456e-05,0.521415270018622,-0.2737209588871545,0.7842990698093253,False,-0.0002250791076790836,0.00012775725862405906,state_slope=flat,-0.00010810610260521375,1.0784253550189196e-05
FUT/NQ,1h,state_ext=neutral + state_slope=flat,regime_warmup,FUT/NQ,ok,199,0,,,,,False,0.0005625356199364384,,state_ext=neutral,0.0009566804996100347,
FUT/ES,1h,state_session=morning + state_slope=flat,all,FUT/ES,ok,5753,1024,-0.0001879477688883156,0.4921875,-0.7805785204407897,0.43505042905758007,False,-1.6322752398529433e-05,-0.00017162501648978616,state_session=morning,2.6515612012205155e-05,-0.00021446338090052073
FUT/ES,1h,state_session=morning + state_slope=flat,bull,FUT/ES,ok,2097,511,-0.0003627331929505602,0.46771037181996084,-1.4057086415239648,0.1598106598489557,False,-0.00015848420580185927,-0.00020424898714870094,state_session=morning,-0.00018836863498478023,-0.00017436455796577998
FUT/ES,1h,state_session=morning + state_slope=flat,bear,FUT/ES,ok,1080,151,0.00028945967827511294,0.5165562913907285,0.5162623574378609,0.6056711831409876,False,0.000280805088899058,8.654589376054934e-06,state_slope=flat,0.0006062153069014799,-0.000316755628626367
FUT/ES,1h,state_session=morning + state_slope=flat,neutral,FUT/ES,ok,2377,362,-0.0001403598485177927,0.5165745856353591,-0.3306305923687968,0.7409235352760322,False,-5.83817087001455e-05,-8.19781398176472e-05,state_session=morning,-3.491237227078501e-05,-0.0001054474762470077
FUT/ES,1h,state_session=morning + state_slope=flat,regime_warmup,FUT/ES,ok,199,0,,,,,False,0.0003715598521960921,,state_session=morning,-5.1080920854148074e-05,
FUT/ES,1h,state_ext=neutral + state_vol=high_vol,all,FUT/ES,ok,5753,2315,0.00019064370275823385,0.5421166306695464,0.9580446747223544,0.33804023159275,False,-1.6322752398529433e-05,0.00020696645515676327,state_vol=high_vol,0.0002282109713514884,-3.756726859325456e-05
FUT/ES,1h,state_ext=neutral + state_vol=high_vol,bull,FUT/ES,ok,2097,303,0.00034277827968227253,0.5412541254125413,1.0262386760388413,0.30477909507609846,False,-0.00015848420580185927,0.0005012624854841318,state_vol=high_vol,0.00037663777006731783,-3.3859490385045304e-05
FUT/ES,1h,state_ext=neutral + state_vol=high_vol,bear,FUT/ES,ok,1080,832,0.00033974757230042954,0.5444711538461539,0.9147182753701628,0.36033954769261856,False,0.000280805088899058,5.8942483401371536e-05,state_vol=high_vol,0.00040652335425237017,-6.677578195194063e-05
FUT/ES,1h,state_ext=neutral + state_vol=high_vol,neutral,FUT/ES,ok,2377,1180,4.644777371832642e-05,0.5406779661016949,0.19586812104565657,0.8447133896534003,False,-5.83817087001455e-05,0.00010482948241847192,state_vol=high_vol,6.147612191451552e-05,-1.5028348196189098e-05
FUT/ES,1h,state_ext=neutral + state_vol=high_vol,regime_warmup,FUT/ES,ok,199,0,,,,,False,0.0003715598521960921,,state_ext=neutral,0.0006817106565342166,
FUT/NQ,1h,state_ext=neutral + state_slope=uptrend,all,FUT/NQ,ok,5757,1866,2.183395452136288e-05,0.5273311897106109,0.09665039315272232,0.9230040358392444,False,2.771607305471637e-05,-5.882118533353491e-06,state_slope=uptrend,0.0001435796643046802,-0.00012174570978331733
FUT/NQ,1h,state_ext=neutral + state_slope=uptrend,bull,FUT/NQ,ok,1967,959,0.00018529249892669153,0.5338894681960376,0.7715093892215656,0.44040505927416396,False,-2.4489396166759895e-05,0.00020978189509345143,state_slope=uptrend,0.00021504573711705516,-2.975323819036363e-05
FUT/NQ,1h,state_ext=neutral + state_slope=uptrend,bear,FUT/NQ,ok,1242,135,0.0012786146188488929,0.5777777777777777,1.3331691315375265,0.18247630684561145,False,0.0005028166750457607,0.0007757979438031322,state_slope=uptrend,0.0013159062067990368,-3.7291587950143926e-05
FUT/NQ,1h,state_ext=neutral + state_slope=uptrend,neutral,FUT/NQ,ok,2349,772,-0.0004009926436249154,0.5103626943005182,-1.0147264814850692,0.31023622719390787,False,-0.0002250791076790836,-0.00017591353594583178,state_slope=uptrend,-0.00013133861184901505,-0.0002696540317759003
FUT/NQ,1h,state_ext=neutral + state_slope=uptrend,regime_warmup,FUT/NQ,ok,199,0,,,,,False,0.0005625356199364384,,state_ext=neutral,0.0009566804996100347,
FUT/CL,1h,state_ext=neutral + state_vol=high_vol,all,FUT/CL,ok,5747,1933,3.825756812840336e-05,0.47128815312984995,0.05460538339255177,0.9564528498328877,False,-0.00041599580064260826,0.0004542533687710116,state_ext=neutral,0.00011288195521705708,-7.462438708865372e-05
FUT/CL,1h,state_ext=neutral + state_vol=high_vol,bull,FUT/CL,ok,1740,670,-0.0004017262810886181,0.46119402985074626,-0.30605804798199016,0.7595604490074153,False,-0.0006562178049873394,0.00025449152389872136,state_ext=neutral,8.803179238382432e-05,-0.0004897580734724424
FUT/CL,1h,state_ext=neutral + state_vol=high_vol,bear,FUT/CL,ok,1514,569,0.0013723492518856976,0.4710017574692443,1.468853089153083,0.14187264080018291,False,5.6752801744040306e-05,0.0013155964501416573,state_ext=neutral,0.0007457372619803765,0.000626611989905321
FUT/CL,1h,state_ext=neutral + state_vol=high_vol,neutral,FUT/CL,ok,2294,694,-0.0006307755573506962,0.4812680115273775,-0.5783789949609802,0.5630082721312715,False,-0.000773319053373125,0.00014254349602242883,state_ext=neutral,-0.000504446761771205,-0.00012632879557949116
FUT/CL,1h,state_ext=neutral + state_vol=high_vol,regime_warmup,FUT/CL,ok,199,0,,,,,False,0.0022068406079516277,,state_ext=neutral,0.0021683433852584238,
FUT/CL,1h,state_ext=neutral + state_slope=uptrend,all,FUT/CL,ok,5747,1526,-0.00022216873912458615,0.49344692005242463,-0.3734333654672879,0.7088259305548013,False,-0.00041599580064260826,0.0001938270615180221,state_ext=neutral,0.00011288195521705708,-0.00033505069434164325
FUT/CL,1h,state_ext=neutral + state_slope=uptrend,bull,FUT/CL,ok,1740,686,0.00013468349606860844,0.5087463556851312,0.1338884649325052,0.8934907718070599,False,-0.0006562178049873394,0.0007909013010559479,state_ext=neutral,8.803179238382432e-05,4.665170368478412e-05
FUT/CL,1h,state_ext=neutral + state_slope=uptrend,bear,FUT/CL,ok,1514,193,0.001574540989577073,0.49222797927461137,1.0870213968144777,0.277027353645773,False,5.6752801744040306e-05,0.0015177881878330327,state_slope=uptrend,0.0019800987467078184,-0.00040555775713074543
FUT/CL,1h,state_ext=neutral + state_slope=uptrend,neutral,FUT/CL,ok,2294,647,-0.0011364896216314664,0.4775888717156105,-1.4680553402483572,0.1420891912792408,False,-0.000773319053373125,-0.00036317056825834143,state_ext=neutral,-0.000504446761771205,-0.0006320428598602614
FUT/CL,1h,state_ext=neutral + state_slope=uptrend,regime_warmup,FUT/CL,ok,199,0,,,,,False,0.0022068406079516277,,state_ext=neutral,0.0021683433852584238,
FUT/NQ,1h,state_session=lunch + state_ext=neutral,all,FUT/NQ,ok,5757,468,5.19399350120314e-05,0.5064102564102564,0.15380089366070443,0.8777667291822684,False,2.771607305471637e-05,2.422386195731503e-05,state_session=lunch,0.0002535136047740299,-0.00020157366976199852
FUT/NQ,1h,state_session=lunch + state_ext=neutral,bull,FUT/NQ,ok,1967,168,0.00026579176711824965,0.5297619047619048,0.6751740803698568,0.4995651721997856,False,-2.4489396166759895e-05,0.0002902811632850095,state_session=lunch,0.00026301085978977924,2.78090732847041e-06
FUT/NQ,1h,state_session=lunch + state_ext=neutral,bear,FUT/NQ,ok,1242,91,-0.00010199791900740924,0.42857142857142855,-0.09698885283610825,0.9227352468609464,False,0.0005028166750457607,-0.00060481459405317,state_ext=neutral,0.00036256230206435023,-0.00046456022107175946
FUT/NQ,1h,state_session=lunch + state_ext=neutral,neutral,FUT/NQ,ok,2349,193,-9.861422342697722e-05,0.5025906735751295,-0.167594681504208,0.866902155564113,False,-0.0002250791076790836,0.0001264648842521064,state_session=lunch,0.00027247065599967025,-0.0003710848794266475
FUT/NQ,1h,state_session=lunch + state_ext=neutral,regime_warmup,FUT/NQ,ok,199,16,0.0004980767788028475,0.75,0.5106519856642835,0.6095947671936692,False,0.0005625356199364384,-6.445884113359093e-05,state_ext=neutral,0.0009566804996100347,-0.0004586037208071872
FUT/CL,1h,state_ext=stretched_down + state_vol=high_vol,all,FUT/CL,ok,5747,556,0.0011598690454534956,0.49640287769784175,0.7273784659989289,0.46699414233293,False,1.5995800642608207e-05,0.0011438732448108874,state_ext=stretched_down,0.0013877861263693132,-0.00022791708091581767
FUT/CL,1h,state_ext=stretched_down + state_vol=high_vol,bull,FUT/CL,ok,1740,24,-0.014979668760357162,0.5416666666666666,-1.0682336438007818,0.2854151321387097,False,0.0002562178049873395,-0.015235886565344503,state_vol=high_vol,0.0006866848858783156,-0.01566635364623548
FUT/CL,1h,state_ext=stretched_down + state_vol=high_vol,bear,FUT/CL,ok,1514,274,0.002531438601654637,0.5,1.3044551479360786,0.19207844261537987,False,-0.00045675280174403986,0.002988191403398677,state_ext=stretched_down,0.0022759874390639945,0.00025545116259064263
FUT/CL,1h,state_ext=stretched_down + state_vol=high_vol,neutral,FUT/CL,ok,2294,258,0.0012045932661524986,0.4883720930232558,0.5756041379729924,0.5648827834762813,False,0.0003733190533731252,0.0008312742127793734,state_ext=stretched_down,0.0015127604383708608,-0.0003081671722183622
FUT/CL,1h,state_ext=stretched_down + state_vol=high_vol,regime_warmup,FUT/CL,ok,199,0,,,,,False,-0.0026068406079516274,,state_ext=stretched_down,0.00913573900092019,
FUT/CL,1h,state_ext=stretched_up + state_vol=high_vol,all,FUT/CL,ok,5747,590,0.0018549080452725658,0.4966101694915254,0.8088645048979285,0.4185930877652053,False,1.5995800642608207e-05,0.0018389122446299576,state_ext=stretched_up,0.0020702619768138233,-0.00021535393154125749
FUT/CL,1h,state_ext=stretched_up + state_vol=high_vol,bull,FUT/CL,ok,1740,363,0.002986725526976798,0.4765840220385675,0.8488494068479192,0.39596509403106506,False,0.0002562178049873395,0.0027305077219894587,state_ext=stretched_up,0.0033324184091445145,-0.00034569288216771635
FUT/CL,1h,state_ext=stretched_up + state_vol=high_vol,bear,FUT/CL,ok,1514,25,-0.004142180989160491,0.36,-1.0627321320273,0.28790344483328734,False,-0.00045675280174403986,-0.003685428187416451,state_vol=high_vol,-0.00048203579746382844,-0.0036601451916966625
FUT/CL,1h,state_ext=stretched_up + state_vol=high_vol,neutral,FUT/CL,ok,2294,202,0.0005632124017190518,0.5495049504950495,0.33336797107032906,0.7388565371124818,False,0.0003733190533731252,0.0001898933483459266,state_ext=stretched_up,0.000755429237991673,-0.00019221683627262118
FUT/CL,1h,state_ext=stretched_up + state_vol=high_vol,regime_warmup,FUT/CL,ok,199,0,,,,,False,-0.0026068406079516274,,,,
FUT/GC,1h,state_ext=stretched_down + state_vol=high_vol,all,FUT/GC,ok,5751,211,0.0002236566876408231,0.3981042654028436,0.09591281503603422,0.9235898165786907,False,-0.0004562633709239119,0.000679920058564735,state_ext=stretched_down,8.967290401463094e-05,0.00013398378362619216
FUT/GC,1h,state_ext=stretched_down + state_vol=high_vol,bull,FUT/GC,ok,1986,2,-0.016125384934625585,0.0,-9.680236291461254,0.0,False,-0.0007372326365691315,-0.015388152298056453,state_vol=high_vol,-0.0011787350955929207,-0.014946649839032664
FUT/GC,1h,state_ext=stretched_down + state_vol=high_vol,bear,FUT/GC,ok,1321,96,-0.00015629854280497084,0.4270833333333333,-0.05263434066032391,0.9580232549925707,False,-0.0003839114889272266,0.00022761294612225574,state_ext=stretched_down,1.0590461146123306e-06,-0.00015735758891958316
FUT/GC,1h,state_ext=stretched_down + state_vol=high_vol,neutral,FUT/GC,ok,2245,113,0.0008358140802720524,0.3805309734513274,0.24386595350419038,0.8073346383703737,False,-0.00022791450665344114,0.0010637285869254936,state_ext=stretched_down,0.0004369031738819693,0.0003989109063900831
FUT/GC,1h,state_ext=stretched_down + state_vol=high_vol,regime_warmup,FUT/GC,ok,199,0,,,,,False,-0.000708600430388348,,,,
FUT/GC,1h,state_session=afternoon + state_ext=stretched_down,all,FUT/GC,ok,5751,93,-0.0025484119801569335,0.3225806451612903,-1.070793692356924,0.28426220370573074,False,-0.0004562633709239119,-0.0020921486092330215,state_ext=stretched_down,8.967290401463094e-05,-0.0026380848841715643
FUT/GC,1h,state_session=afternoon + state_ext=stretched_down,bull,FUT/GC,ok,1986,0,,,,,False,-0.0007372326365691315,,state_session=afternoon,-0.000914775841719251,
FUT/GC,1h,state_session=afternoon + state_ext=stretched_down,bear,FUT/GC,ok,1321,42,0.0026119353142427765,0.47619047619047616,0.6837854239963868,0.49411067208157267,False,-0.0003839114889272266,0.002995846803170003,state_ext=stretched_down,1.0590461146123306e-06,0.002610876268128164
FUT/GC,1h,state_session=afternoon + state_ext=stretched_down,neutral,FUT/GC,ok,2245,51,-0.006798109752015515,0.19607843137254902,-2.9263175581491616,0.003430006207222558,False,-0.00022791450665344114,-0.006570195245362074,state_ext=stretched_down,0.0004369031738819693,-0.007235012925897484
FUT/GC,1h,state_session=afternoon + state_ext=stretched_down,regime_warmup,FUT/GC,ok,199,0,,,,,False,-0.000708600430388348,,state_session=afternoon,-3.2507662401716885e-05,
FUT/GC,1h,state_session=lunch + state_slope=flat,all,FUT/GC,ok,5751,140,0.0008424758279926418,0.4357142857142857,1.0163909344718187,0.3094432608983779,False,5.626337092391225e-05,0.0007862124570687295,state_session=lunch,0.0006501272802624256,0.00019234854773021617
FUT/GC,1h,state_session=lunch + state_slope=flat,bull,FUT/GC,ok,1986,63,-5.58543502721787e-05,0.3968253968253968,-0.04752785295601221,0.9620925319650175,False,0.00033723263656913147,-0.0003930869868413102,state_session=lunch,0.0008531185995635149,-0.0009089729498356936
FUT/GC,1h,state_session=lunch + state_slope=flat,bear,FUT/GC,ok,1321,26,0.003123184545441304,0.38461538461538464,1.5900078241982585,0.11183304140979544,False,-1.608851107277326e-05,0.003139273056514077,state_slope=flat,0.00026374764049940703,0.002859436904941897
FUT/GC,1h,state_session=lunch + state_slope=flat,neutral,FUT/GC,ok,2245,51,0.0007894635647969259,0.5098039215686274,0.7847888562320686,0.43257737489930714,False,-0.00017208549334655847,0.0009615490581434844,state_session=lunch,0.0008903199016464814,-0.00010085633684955549
FUT/GC,1h,state_session=lunch + state_slope=flat,regime_warmup,FUT/GC,ok,199,0,,,,,False,0.0003086004303883485,,state_session=lunch,0.0008727164235511181,
FUT/GC,1h,state_ext=stretched_up + state_slope=uptrend,all,FUT/GC,ok,5751,216,0.0006353741087266164,0.5601851851851852,0.8564903203150634,0.3917266247094311,False,5.626337092391225e-05,0.0005791107378027042,state_slope=uptrend,0.0005309806017382564,0.00010439350698836008
FUT/GC,1h,state_ext=stretched_up + state_slope=uptrend,bull,FUT/GC,ok,1986,133,0.001959480375843109,0.6390977443609023,2.2250665170114288,0.02607677309948686,True,0.00033723263656913147,0.0016222477392739774,state_ext=stretched_up,0.0019618606445526428,-2.3802687095339677e-06
FUT/GC,1h,state_ext=stretched_up + state_slope=uptrend,bear,FUT/GC,ok,1321,4,-0.018573431108920728,0.0,-8.009836721271656,1.1102230246251565e-15,False,-1.608851107277326e-05,-0.018557342597847956,state_slope=uptrend,0.0018345124280247697,-0.020407943536945496
FUT/GC,1h,state_ext=stretched_up + state_slope=uptrend,neutral,FUT/GC,ok,2245,79,-0.0006212197223607785,0.45569620253164556,-0.5478074650393249,0.5838241122503085,False,-0.00017208549334655847,-0.00044913422901422004,state_slope=uptrend,4.656868794461986e-05,-0.0006677884103053984
FUT/GC,1h,state_ext=stretched_up + state_slope=uptrend,regime_warmup,FUT/GC,ok,199,0,,,,,False,0.0003086004303883485,,,,
FUT/GC,1h,state_ext=stretched_up + state_vol=high_vol,all,FUT/GC,ok,5751,195,0.00031891752120593545,0.558974358974359,0.3786978535697245,0.7049122474588136,False,5.626337092391225e-05,0.0002626541502820232,state_ext=stretched_up,0.0003441730035307031,-2.525548232476765e-05
FUT/GC,1h,state_ext=stretched_up + state_vol=high_vol,bull,FUT/GC,ok,1986,115,0.0020283454551161396,0.6695652173913044,2.0717251578490425,0.03829107977722268,True,0.00033723263656913147,0.0016911128185470082,state_ext=stretched_up,0.0019618606445526428,6.648481056349687e-05
FUT/GC,1h,state_ext=stretched_up + state_vol=high_vol,bear,FUT/GC,ok,1321,8,-0.013549493291815769,0.0,-4.534832894350091,5.7649109781454655e-06,False,-1.608851107277326e-05,-0.013533404780742995,state_vol=high_vol,-1.6545072448321256e-05,-0.013532948219367447
FUT/GC,1h,state_ext=stretched_up + state_vol=high_vol,neutral,FUT/GC,ok,2245,72,-0.0008704842273426729,0.4444444444444444,-0.6758066391651428,0.49916341890788907,False,-0.00017208549334655847,-0.0006983987339961145,state_vol=high_vol,-0.0002638133318312205,-0.0006066708955114524
FUT/GC,1h,state_ext=stretched_up + state_vol=high_vol,regime_warmup,FUT/GC,ok,199,0,,,,,False,0.0003086004303883485,,,,
FUT/GC,1h,state_session=afternoon + state_ext=neutral,all,FUT/GC,ok,5751,2032,0.0002399765433917042,0.4950787401574803,0.8765455352753662,0.38073353321018955,False,5.626337092391225e-05,0.00018371317246779195,state_session=afternoon,0.00034338099419259377,-0.00010340445080088957
FUT/GC,1h,state_session=afternoon + state_ext=neutral,bull,FUT/GC,ok,1986,687,0.00031809348306131765,0.4890829694323144,0.661354915135759,0.5083847318106907,False,0.00033723263656913147,-1.9139153507813822e-05,state_session=afternoon,0.0005147758417192516,-0.00019668235865793392
FUT/GC,1h,state_session=afternoon + state_ext=neutral,bear,FUT/GC,ok,1321,454,0.00020131795436488398,0.5088105726872246,0.3460982602120225,0.7292688708799102,False,-1.608851107277326e-05,0.00021740646543765723,state_ext=neutral,0.0001116673956196221,8.965055874526187e-05
FUT/GC,1h,state_session=afternoon + state_ext=neutral,neutral,FUT/GC,ok,2245,823,0.00024236300475922396,0.4957472660996355,0.6769565902496426,0.4984334972150237,False,-0.00017208549334655847,0.0004144484981057824,state_session=afternoon,0.0005614308623162272,-0.0003190678575570033
FUT/GC,1h,state_session=afternoon + state_ext=neutral,regime_warmup,FUT/GC,ok,199,68,-0.0003200145719070755,0.45588235294117646,-0.43693310595528556,0.6621598618586826,False,0.0003086004303883485,-0.000628615002295424,state_ext=neutral,-0.0001701961603168493,-0.0001498184115902262
FUT/ES,1h,state_session=afternoon + state_slope=uptrend,all,FUT/ES,ok,5753,867,-0.0001632636645533643,0.4867358708189158,-1.0561797685978676,0.29088609202200044,False,-1.6322752398529433e-05,-0.00014694091215483487,state_slope=uptrend,-3.072071848759385e-05,-0.00013254294606577046
FUT/ES,1h,state_session=afternoon + state_slope=uptrend,bull,FUT/ES,ok,2097,456,-0.00028578771047617005,0.4473684210526316,-1.7528152398394463,0.07963372635924415,False,-0.00015848420580185927,-0.00012730350467431078,state_slope=uptrend,-0.00014213240153758953,-0.00014365530893858052
FUT/ES,1h,state_session=afternoon + state_slope=uptrend,bear,FUT/ES,ok,1080,49,3.38775352624083e-05,0.6122448979591837,0.029941940667337675,0.9761133570158154,False,0.000280805088899058,-0.0002469275536366497,state_slope=uptrend,0.00037022052531361904,-0.0003363429900512107
FUT/ES,1h,state_session=afternoon + state_slope=uptrend,neutral,FUT/ES,ok,2377,362,-3.56088409350589e-05,0.5193370165745856,-0.14420359691799364,0.8853397007045583,False,-5.83817087001455e-05,2.27728677650866e-05,state_slope=uptrend,4.9162879011442106e-05,-8.477171994650101e-05
FUT/ES,1h,state_session=afternoon + state_slope=uptrend,regime_warmup,FUT/ES,ok,199,0,,,,,False,0.0003715598521960921,,state_session=afternoon,0.0008491070157871832,
FUT/CL,1h,state_session=afternoon + state_slope=uptrend,all,FUT/CL,ok,5747,932,0.00045225814823604787,0.44957081545064376,0.4401012207205007,0.6598637978463884,False,1.5995800642608207e-05,0.0004362623475934397,state_slope=uptrend,0.0005796940649113329,-0.000127435916675285
FUT/CL,1h,state_session=afternoon + state_slope=uptrend,bull,FUT/CL,ok,1740,479,0.0017363575565227333,0.4509394572025052,0.9394525798829345,0.34749842801270425,False,0.0002562178049873395,0.0014801397515353937,state_session=afternoon,0.0011977250300395043,0.000538632526483229
FUT/CL,1h,state_session=afternoon + state_slope=uptrend,bear,FUT/CL,ok,1514,73,-0.003330089241816998,0.3972602739726027,-1.5651122749125685,0.11755658589820905,False,-0.00045675280174403986,-0.002873336440072958,state_session=afternoon,-0.0003687759717374288,-0.002961313270079569
FUT/CL,1h,state_session=afternoon + state_slope=uptrend,neutral,FUT/CL,ok,2294,380,-0.0004397741072782935,0.45789473684210524,-0.5430237337326356,0.5871134614696929,False,0.0003733190533731252,-0.0008130931606514187,state_slope=uptrend,0.0008685709503989868,-0.0013083450576772803
FUT/CL,1h,state_session=afternoon + state_slope=uptrend,regime_warmup,FUT/CL,ok,199,0,,,,,False,-0.0026068406079516274,,state_session=afternoon,0.0005794223751543557,
FUT/GC,1h,state_session=lunch + state_slope=uptrend,all,FUT/GC,ok,5751,184,0.0008454409718205768,0.4945652173913043,1.0183471418701031,0.3085130124959714,False,5.626337092391225e-05,0.0007891776008966646,state_session=lunch,0.0006501272802624256,0.00019531369155815126
FUT/GC,1h,state_session=lunch + state_slope=uptrend,bull,FUT/GC,ok,1986,103,0.0013998437051366789,0.5242718446601942,1.204765841311548,0.22829371021308353,False,0.00033723263656913147,0.0010626110685675475,state_session=lunch,0.0008531185995635149,0.000546725105573164
FUT/GC,1h,state_session=lunch + state_slope=uptrend,bear,FUT/GC,ok,1321,8,6.233747006704213e-05,0.375,0.0224903042447916,0.982056846137167,False,-1.608851107277326e-05,7.842598113981538e-05,state_slope=uptrend,0.0018345124280247697,-0.0017721749579577275
FUT/GC,1h,state_session=lunch + state_slope=uptrend,neutral,FUT/GC,ok,2245,73,0.00014902106062153106,0.4657534246575342,0.1506420752933053,0.8802580688235924,False,-0.00017208549334655847,0.00032110655396808954,state_session=lunch,0.0008903199016464814,-0.0007412988410249504
FUT/GC,1h,state_session=lunch + state_slope=uptrend,regime_warmup,FUT/GC,ok,199,0,,,,,False,0.0003086004303883485,,state_session=lunch,0.0008727164235511181,
FUT/NQ,1h,state_ext=stretched_down + state_vol=high_vol,all,FUT/NQ,ok,5757,96,0.0019928810150240356,0.6458333333333334,1.688114044499067,0.0913893389587146,False,2.771607305471637e-05,0.001965164941969319,state_ext=stretched_down,0.0018999601944896596,9.292082053437593e-05
FUT/NQ,1h,state_ext=stretched_down + state_vol=high_vol,bull,FUT/NQ,ok,1967,0,,,,,False,-2.4489396166759895e-05,,state_vol=high_vol,-0.00018020718184565148,
FUT/NQ,1h,state_ext=stretched_down + state_vol=high_vol,bear,FUT/NQ,ok,1242,65,0.0032364422780146564,0.6923076923076923,2.7206248407394336,0.0065158663113322746,True,0.0005028166750457607,0.0027336256029688957,state_ext=stretched_down,0.002826050535627755,0.0004103917423869015
FUT/NQ,1h,state_ext=stretched_down + state_vol=high_vol,neutral,FUT/NQ,ok,2349,31,-0.0006145861493111383,0.5483870967741935,-0.22131371194651353,0.8248481740941718,False,-0.0002250791076790836,-0.00038950704163205467,state_vol=high_vol,7.843472902004873e-05,-0.000693020878331187
FUT/NQ,1h,state_ext=stretched_down + state_vol=high_vol,regime_warmup,FUT/NQ,ok,199,0,,,,,False,0.0005625356199364384,,,,
FUT/NQ,1h,state_ext=stretched_down + state_slope=downtrend,all,FUT/NQ,ok,5757,104,0.001849637508226223,0.6346153846153846,1.8433409715386067,0.06527924264611484,False,2.771607305471637e-05,0.0018219214351715065,state_ext=stretched_down,0.0018999601944896596,-5.03226862634367e-05
FUT/NQ,1h,state_ext=stretched_down + state_slope=downtrend,bull,FUT/NQ,ok,1967,0,,,,,False,-2.4489396166759895e-05,,state_slope=downtrend,0.00032098158395432014,
FUT/NQ,1h,state_ext=stretched_down + state_slope=downtrend,bear,FUT/NQ,ok,1242,71,0.0027914690095998222,0.676056338028169,2.8924065064554547,0.0038230294638101903,True,0.0005028166750457607,0.0022886523345540615,state_ext=stretched_down,0.002826050535627755,-3.458152602793269e-05
FUT/NQ,1h,state_ext=stretched_down + state_slope=downtrend,neutral,FUT/NQ,ok,2349,33,-0.0001767272371533419,0.5454545454545454,-0.0697961181591073,0.944355936904999,False,-0.0002250791076790836,4.8351870525741714e-05,state_ext=stretched_down,-0.0001767272371533419,0.0
FUT/NQ,1h,state_ext=stretched_down + state_slope=downtrend,regime_warmup,FUT/NQ,ok,199,0,,,,,False,0.0005625356199364384,,,,
FUT/GC,1h,state_session=morning + state_slope=uptrend,all,FUT/GC,ok,5751,945,-0.00041511422831801083,0.43915343915343913,-0.9372687587932798,0.34862032880929306,False,-0.0004562633709239119,4.114914260590108e-05,state_session=morning,-0.0001427423756746512,-0.00027237185264335966
FUT/GC,1h,state_session=morning + state_slope=uptrend,bull,FUT/GC,ok,1986,572,-0.0006178428734481409,0.3986013986013986,-1.0903665136805172,0.2755517264747209,False,-0.0007372326365691315,0.00011938976312099057,state_session=morning,-0.0005160501455111827,-0.00010179272793695818
FUT/GC,1h,state_session=morning + state_slope=uptrend,bear,FUT/GC,ok,1321,58,-0.0021901978119043806,0.46551724137931033,-0.9797510222858732,0.32720903377460875,False,-0.0003839114889272266,-0.001806286322977154,state_session=morning,-0.0005427482486078975,-0.001647449563296483
FUT/GC,1h,state_session=morning + state_slope=uptrend,neutral,FUT/GC,ok,2245,315,0.0002798560347373666,0.5079365079365079,0.4212107591424031,0.6736011885238662,False,-0.00022791450665344114,0.0005077705413908078,state_session=morning,0.0005361346394821033,-0.0002562786047447367
FUT/GC,1h,state_session=morning + state_slope=uptrend,regime_warmup,FUT/GC,ok,199,0,,,,,False,-0.000708600430388348,,state_session=morning,-0.0010715697284077394,
FUT/ES,1h,state_ext=neutral + state_slope=uptrend,all,FUT/ES,ok,5753,1877,-3.392777050055648e-05,0.500799147575919,-0.21205683183964955,0.8320626969763616,False,-1.6322752398529433e-05,-1.7605018102027047e-05,state_ext=neutral,-2.630977991494519e-05,-7.617990585611292e-06
FUT/ES,1h,state_ext=neutral + state_slope=uptrend,bull,FUT/ES,ok,2097,984,-0.00015783070164197764,0.48577235772357724,-0.9181030577505443,0.3585649141781446,False,-0.00015848420580185927,6.535041598816301e-07,state_slope=uptrend,-0.00014213240153758953,-1.5698300104388115e-05
FUT/ES,1h,state_ext=neutral + state_slope=uptrend,bear,FUT/ES,ok,1080,121,0.00037022052531361904,0.512396694214876,0.438022247324178,0.6613701562897443,False,0.000280805088899058,8.941543641456103e-05,state_slope=uptrend,0.00037022052531361904,0.0
FUT/ES,1h,state_ext=neutral + state_slope=uptrend,neutral,FUT/ES,ok,2377,772,6.0655831118152295e-05,0.5181347150259067,0.23321243616970483,0.8155964494078602,False,-5.83817087001455e-05,0.00011903753981829779,state_slope=uptrend,4.9162879011442106e-05,1.1492952106710188e-05
FUT/ES,1h,state_ext=neutral + state_slope=uptrend,regime_warmup,FUT/ES,ok,199,0,,,,,False,0.0003715598521960921,,state_ext=neutral,0.0006817106565342166,
FUT/ES,1h,state_session=lunch + state_slope=uptrend,all,FUT/ES,ok,5753,156,0.00017694375924039412,0.4551282051282051,0.5599052829410739,0.5755440451194977,False,-1.6322752398529433e-05,0.00019326651163892355,state_session=lunch,2.5785160765570718e-05,0.00015115859847482342
FUT/ES,1h,state_session=lunch + state_slope=uptrend,bull,FUT/ES,ok,2097,74,-7.283265541128935e-05,0.4864864864864865,-0.16724217985506293,0.8671794970304685,False,-0.00015848420580185927,8.565155039056992e-05,state_session=lunch,1.9002392526550849e-07,-7.302267933655486e-05
FUT/ES,1h,state_session=lunch + state_slope=uptrend,bear,FUT/ES,ok,1080,16,0.00241298384040231,0.5,1.424363496135432,0.15434127552051935,False,0.000280805088899058,0.0021321787515032518,state_slope=uptrend,0.00037022052531361904,0.0020427633150886908
FUT/ES,1h,state_session=lunch + state_slope=uptrend,neutral,FUT/ES,ok,2377,66,-8.507421976515222e-05,0.4090909090909091,-0.21872885897084204,0.8268612670629922,False,-5.83817087001455e-05,-2.669251106500672e-05,state_session=lunch,0.00021788122073573086,-0.0003029554405008831
FUT/ES,1h,state_session=lunch + state_slope=uptrend,regime_warmup,FUT/ES,ok,199,0,,,,,False,0.0003715598521960921,,state_session=lunch,0.0009706854381558867,
FUT/ES,1h,state_ext=neutral + state_vol=mid_vol,all,FUT/ES,ok,5753,1777,-0.0002618527330947923,0.4946539110861002,-1.6448302358486955,0.10000482500554808,False,-1.6322752398529433e-05,-0.0002455299806962629,state_ext=neutral,-2.630977991494519e-05,-0.0002355429531798471
FUT/ES,1h,state_ext=neutral + state_vol=mid_vol,bull,FUT/ES,ok,2097,802,-0.00038595594001553855,0.4825436408977556,-2.0827607679552087,0.03727303527616477,False,-0.00015848420580185927,-0.00022747173421367928,state_ext=neutral,-0.00016596415086432236,-0.0002199917891512162
FUT/ES,1h,state_ext=neutral + state_vol=mid_vol,bear,FUT/ES,ok,1080,210,-0.0002133445484830131,0.5190476190476191,-0.4171813655571025,0.6765457541472275,False,0.000280805088899058,-0.0004941496373820711,state_ext=neutral,0.00021907339804737349,-0.00043241794653038656
FUT/ES,1h,state_ext=neutral + state_vol=mid_vol,neutral,FUT/ES,ok,2377,765,-0.00014506312109222386,0.5006535947712418,-0.6129012719959923,0.5399416221585556,False,-5.83817087001455e-05,-8.668141239207835e-05,state_ext=neutral,-6.654228512548126e-05,-7.85208359667426e-05
FUT/ES,1h,state_ext=neutral + state_vol=mid_vol,regime_warmup,FUT/ES,ok,199,0,,,,,False,0.0003715598521960921,,state_ext=neutral,0.0006817106565342166,
FUT/ES,1h,state_session=afternoon + state_ext=neutral,all,FUT/ES,ok,5753,2202,-0.0001334428735202173,0.5140781108083561,-1.172318436408881,0.2410692323422614,False,-1.6322752398529433e-05,-0.00011712012112168785,state_ext=neutral,-2.630977991494519e-05,-0.0001071330936052721
FUT/ES,1h,state_session=afternoon + state_ext=neutral,bull,FUT/ES,ok,2097,814,-0.00017224134259777454,0.4877149877149877,-1.3047677500177448,0.1919719437628229,False,-0.00015848420580185927,-1.3757136795915264e-05,state_session=afternoon,-0.00015241580080378362,-1.9825541793990918e-05
FUT/ES,1h,state_session=afternoon + state_ext=neutral,bear,FUT/ES,ok,1080,390,-6.248283957699033e-05,0.541025641025641,-0.18007825448638773,0.8570911339317326,False,0.000280805088899058,-0.00034328792847604833,state_ext=neutral,0.00021907339804737349,-0.00028155623762436384
FUT/ES,1h,state_session=afternoon + state_ext=neutral,neutral,FUT/ES,ok,2377,930,-0.00018999085457212846,0.5150537634408602,-1.1154317731312302,0.2646654402476909,False,-5.83817087001455e-05,-0.00013160914587198296,state_ext=neutral,-6.654228512548126e-05,-0.00012344856944664719
FUT/ES,1h,state_session=afternoon + state_ext=neutral,regime_warmup,FUT/ES,ok,199,68,0.0006973977583849357,0.6617647058823529,2.487425224422415,0.012867149986889093,True,0.0003715598521960921,0.00032583790618884357,state_session=afternoon,0.0008491070157871832,-0.0001517092574022475
FUT/GC,1h,state_session=morning + state_ext=stretched_down,all,FUT/GC,ok,5751,117,0.0033323585894368896,0.5128205128205128,0.9754593719413336,0.3293324453041042,False,-0.0004562633709239119,0.0037886219603608016,state_ext=stretched_down,8.967290401463094e-05,0.003242685685422259
FUT/GC,1h,state_session=morning + state_ext=stretched_down,bull,FUT/GC,ok,1986,0,,,,,False,-0.0007372326365691315,,state_session=morning,-0.0005160501455111827,
FUT/GC,1h,state_session=morning + state_ext=stretched_down,bear,FUT/GC,ok,1321,59,-0.0012953763508428884,0.4745762711864407,-0.37305985422051824,0.70910389695462,False,-0.0003839114889272266,-0.0009114648619156617,state_ext=stretched_down,1.0590461146123306e-06,-0.0012964353969575008
FUT/GC,1h,state_session=morning + state_ext=stretched_down,neutral,FUT/GC,ok,2245,58,0.008039882063169768,0.5517241379310345,1.522621544447044,0.12785341650392068,False,-0.00022791450665344114,0.008267796569823209,state_session=morning,0.0005361346394821033,0.007503747423687665
FUT/GC,1h,state_session=morning + state_ext=stretched_down,regime_warmup,FUT/GC,ok,199,0,,,,,False,-0.000708600430388348,,state_session=morning,-0.0010715697284077394,
FUT/NQ,1h,state_session=afternoon + state_slope=uptrend,all,FUT/NQ,ok,5757,848,7.38549776590058e-05,0.5424528301886793,0.33178226020314594,0.740053680554303,False,2.771607305471637e-05,4.613890460428942e-05,state_slope=uptrend,0.0001435796643046802,-6.972468664567441e-05
FUT/NQ,1h,state_session=afternoon + state_slope=uptrend,bull,FUT/NQ,ok,1967,421,7.054661747380921e-05,0.5415676959619953,0.3106671625796153,0.7560536632633377,False,-2.4489396166759895e-05,9.50360136405691e-05,state_slope=uptrend,0.00021504573711705516,-0.00014449911964324597
FUT/NQ,1h,state_session=afternoon + state_slope=uptrend,bear,FUT/NQ,ok,1242,68,0.0010220313452993356,0.6617647058823529,0.9939128404992541,0.32026530246164686,False,0.0005028166750457607,0.0005192146702535749,state_slope=uptrend,0.0013159062067990368,-0.0002938748614997012
FUT/NQ,1h,state_session=afternoon + state_slope=uptrend,neutral,FUT/NQ,ok,2349,359,-0.00010186416819496276,0.520891364902507,-0.2719802755495363,0.7856371856825213,False,-0.0002250791076790836,0.00012321493948412083,state_session=afternoon,-5.647176071130878e-05,-4.539240748365398e-05
FUT/NQ,1h,state_session=afternoon + state_slope=uptrend,regime_warmup,FUT/NQ,ok,199,0,,,,,False,0.0005625356199364384,,state_session=afternoon,0.0009084799061376913,
FUT/GC,1h,state_session=lunch + state_ext=neutral,all,FUT/GC,ok,5751,454,0.0002937598948452521,0.4669603524229075,0.6139967236812514,0.539217492230557,False,5.626337092391225e-05,0.00023749652392133984,state_session=lunch,0.0006501272802624256,-0.0003563673854171735
FUT/GC,1h,state_session=lunch + state_ext=neutral,bull,FUT/GC,ok,1986,174,0.0004473432143903767,0.4482758620689655,0.5016591301947093,0.6159073179927601,False,0.00033723263656913147,0.00011011057782124524,state_session=lunch,0.0008531185995635149,-0.00040577538517313816
FUT/GC,1h,state_session=lunch + state_ext=neutral,bear,FUT/GC,ok,1321,92,-0.0004990300801816807,0.40217391304347827,-0.5218155045567124,0.6017987934094406,False,-1.608851107277326e-05,-0.0004829415691089074,state_ext=neutral,0.0001116673956196221,-0.0006106974758013028
FUT/GC,1h,state_session=lunch + state_ext=neutral,neutral,FUT/GC,ok,2245,172,0.00054262399732939,0.5174418604651163,0.7603895795648985,0.4470217501880871,False,-0.00017208549334655847,0.0007147094906759484,state_session=lunch,0.0008903199016464814,-0.00034769590431709145
FUT/GC,1h,state_session=lunch + state_ext=neutral,regime_warmup,FUT/GC,ok,199,16,0.0005067945494923995,0.5,0.4530928505735444,0.6504818832783303,False,0.0003086004303883485,0.00019819411910405096,state_session=lunch,0.0008727164235511181,-0.0003659218740587186
FUT/NQ,1h,state_session=morning + state_slope=downtrend,all,FUT/NQ,ok,5757,1030,7.531140224570494e-05,0.5184466019417475,0.19558798578222342,0.8449326646159345,False,2.771607305471637e-05,4.759532919098856e-05,state_slope=downtrend,4.031055442781723e-05,3.50008478178877e-05
FUT/NQ,1h,state_session=morning + state_slope=downtrend,bull,FUT/NQ,ok,1967,114,0.00021752513562758267,0.5614035087719298,0.4378475226206232,0.6614968188794896,False,-2.4489396166759895e-05,0.00024201453179434256,state_slope=downtrend,0.00032098158395432014,-0.00010345644832673748
FUT/NQ,1h,state_session=morning + state_slope=downtrend,bear,FUT/NQ,ok,1242,451,0.0010599399476707442,0.5698447893569845,1.6729718317046107,0.09433284141630671,False,0.0005028166750457607,0.0005571232726249834,state_session=morning,0.000795415485685796,0.00026452446198494816
FUT/NQ,1h,state_session=morning + state_slope=downtrend,neutral,FUT/NQ,ok,2349,465,-0.0009145377151569331,0.45806451612903226,-1.8402064561256612,0.06573793250274762,False,-0.0002250791076790836,-0.0006894586074778495,state_slope=downtrend,-0.00037629453583774055,-0.0005382431793191926
FUT/NQ,1h,state_session=morning + state_slope=downtrend,regime_warmup,FUT/NQ,ok,199,0,,,,,False,0.0005625356199364384,,state_session=morning,0.00030699682872711403,
FUT/CL,1h,state_session=afternoon + state_ext=stretched_up,all,FUT/CL,ok,5747,304,0.002839427508176882,0.5230263157894737,0.9950833145277326,0.31969574508217935,False,1.5995800642608207e-05,0.0028234317075342737,state_ext=stretched_up,0.0020702619768138233,0.0007691655313630586
FUT/CL,1h,state_session=afternoon + state_ext=stretched_up,bull,FUT/CL,ok,1740,170,0.004986084920718978,0.5,1.0199535334667917,0.3077504986671573,False,0.0002562178049873395,0.004729867115731638,state_ext=stretched_up,0.0033324184091445145,0.0016536665115744632
FUT/CL,1h,state_session=afternoon + state_ext=stretched_up,bear,FUT/CL,ok,1514,8,-0.0014624761677732106,0.375,-0.9416643236213282,0.3463645260492636,False,-0.00045675280174403986,-0.0010057233660291708,state_session=afternoon,-0.0003687759717374288,-0.0010937001960357818
FUT/CL,1h,state_session=afternoon + state_ext=stretched_up,neutral,FUT/CL,ok,2294,126,0.00021628043893437773,0.5634920634920635,0.12275647118146188,0.9022999444412207,False,0.0003733190533731252,-0.00015703861443874746,state_ext=stretched_up,0.000755429237991673,-0.0005391487990572953
FUT/CL,1h,state_session=afternoon + state_ext=stretched_up,regime_warmup,FUT/CL,ok,199,0,,,,,False,-0.0026068406079516274,,state_session=afternoon,0.0005794223751543557,
FUT/CL,1h,state_ext=stretched_up + state_slope=flat,all,FUT/CL,ok,5747,42,0.0008804738818475053,0.5,0.4276907723998441,0.668876268933273,False,-0.00041599580064260826,0.0012964696824901136,state_slope=flat,0.0003182931823699873,0.000562180699477518
FUT/CL,1h,state_ext=stretched_up + state_slope=flat,bull,FUT/CL,ok,1740,20,0.0021640244751572734,0.55,0.7420052907275091,0.4580841300524847,False,-0.0006562178049873394,0.002820242280144613,state_slope=flat,-5.4572401569543736e-05,0.002218596876726817
FUT/CL,1h,state_ext=stretched_up + state_slope=flat,bear,FUT/CL,ok,1514,2,0.0021594304534491085,0.5,0.2204776848384144,0.8254991497219535,False,5.6752801744040306e-05,0.0021026776517050682,state_ext=stretched_up,0.0035948736014902068,-0.0014354431480410983
FUT/CL,1h,state_ext=stretched_up + state_slope=flat,neutral,FUT/CL,ok,2294,20,-0.000530972368622423,0.45,-0.23846504972450486,0.811520419804945,False,-0.000773319053373125,0.00024234668475070205,state_slope=flat,3.8119734005525206e-06,-0.0005347843420229754
FUT/CL,1h,state_ext=stretched_up + state_slope=flat,regime_warmup,FUT/CL,ok,199,0,,,,,False,0.0022068406079516277,,,,
FUT/GC,1h,state_session=lunch + state_slope=downtrend,all,FUT/GC,ok,5751,163,0.00023986273726778442,0.5337423312883436,0.2648701029554806,0.7911095303725233,False,5.626337092391225e-05,0.00018359936634387218,state_session=lunch,0.0006501272802624256,-0.00041026454299464114
FUT/GC,1h,state_session=lunch + state_slope=downtrend,bull,FUT/GC,ok,1986,21,0.0008984809788784096,0.47619047619047616,0.4797540451360037,0.6314022932640837,False,0.00033723263656913147,0.0005612483423092782,state_session=lunch,0.0008531185995635149,4.536237931489478e-05
FUT/GC,1h,state_session=lunch + state_slope=downtrend,bear,FUT/GC,ok,1321,73,-0.0013761785776651187,0.4794520547945205,-1.1352374735490176,0.2562758323088774,False,-1.608851107277326e-05,-0.0013600900665923454,state_session=lunch,-0.00017532278717330245,-0.0012008557904918163
FUT/GC,1h,state_session=lunch + state_slope=downtrend,neutral,FUT/GC,ok,2245,69,0.0017491385766341427,0.6086956521739131,1.519196177467639,0.12871312321709816,False,-0.00017208549334655847,0.0019212240699807012,state_session=lunch,0.0008903199016464814,0.0008588186749876613
FUT/GC,1h,state_session=lunch + state_slope=downtrend,regime_warmup,FUT/GC,ok,199,0,,,,,False,0.0003086004303883485,,state_session=lunch,0.0008727164235511181,
FUT/ES,1h,state_session=lunch + state_ext=neutral,all,FUT/ES,ok,5753,498,9.682195914518608e-06,0.5040160642570282,0.03967575545889309,0.9683516307944469,False,-1.6322752398529433e-05,2.600494831304804e-05,state_session=lunch,2.5785160765570718e-05,-1.610296485105211e-05
FUT/ES,1h,state_session=lunch + state_ext=neutral,bull,FUT/ES,ok,2097,176,1.9002392526550849e-07,0.4943181818181818,0.000550008327845385,0.9995611568690248,False,-0.00015848420580185927,0.00015867422972712478,state_session=lunch,1.9002392526550849e-07,0.0
FUT/ES,1h,state_session=lunch + state_ext=neutral,bear,FUT/ES,ok,1080,93,-0.0005906268655874971,0.5161290322580645,-0.7852114285417382,0.43232961587142604,False,0.000280805088899058,-0.0008714319544865551,state_ext=neutral,0.00021907339804737349,-0.0008097002636348706
FUT/ES,1h,state_session=lunch + state_ext=neutral,neutral,FUT/ES,ok,2377,213,0.00021634202994023463,0.49295774647887325,0.6471632859760655,0.5175262699454741,False,-5.83817087001455e-05,0.00027472373864038013,state_session=lunch,0.00021788122073573086,-1.539190795496237e-06
FUT/ES,1h,state_session=lunch + state_ext=neutral,regime_warmup,FUT/ES,ok,199,16,0.00085223346730942,0.6875,1.2252591186345265,0.22047760626072632,False,0.0003715598521960921,0.0004806736151133279,state_session=lunch,0.0009706854381558867,-0.00011845197084646669
FUT/ES,1h,state_ext=neutral + state_slope=downtrend,all,FUT/ES,ok,5753,1953,-5.522020403036754e-05,0.5176651305683564,-0.2919228667726961,0.7703455994677151,False,-1.6322752398529433e-05,-3.8897451631838105e-05,state_slope=downtrend,-7.1650863933499655e-06,-4.805511763701758e-05
FUT/ES,1h,state_ext=neutral + state_slope=downtrend,bull,FUT/ES,ok,2097,209,1.6711246576876054e-05,0.507177033492823,0.05020506244587469,0.9599589773950015,False,-0.00015848420580185927,0.00017519545237873533,state_slope=downtrend,1.6711246576876054e-05,0.0
FUT/ES,1h,state_ext=neutral + state_slope=downtrend,bear,FUT/ES,ok,1080,723,9.385035484579933e-05,0.5394190871369294,0.24333582461760733,0.8077452542175378,False,0.000280805088899058,-0.0001869547340532587,state_ext=neutral,0.00021907339804737349,-0.00012522304320157414
FUT/ES,1h,state_ext=neutral + state_slope=downtrend,neutral,FUT/ES,ok,2377,1021,-0.00017550589183093818,0.5044074436826641,-0.8359531189351616,0.40318127746304633,False,-5.83817087001455e-05,-0.00011712418313079267,state_ext=neutral,-6.654228512548126e-05,-0.00010896360670545692
FUT/ES,1h,state_ext=neutral + state_slope=downtrend,regime_warmup,FUT/ES,ok,199,0,,,,,False,0.0003715598521960921,,state_ext=neutral,0.0006817106565342166,
FUT/NQ,1h,state_session=afternoon + state_ext=neutral,all,FUT/NQ,ok,5757,2138,-6.985145579221368e-05,0.5332086061739943,-0.41349041491995103,0.6792473435753783,False,2.771607305471637e-05,-9.756752884693006e-05,state_session=afternoon,5.7997145050547935e-05,-0.00012784860084276163
FUT/NQ,1h,state_session=afternoon + state_ext=neutral,bull,FUT/NQ,ok,1967,730,-1.8759310785640195e-05,0.5260273972602739,-0.09098671999058536,0.9275031431967176,False,-2.4489396166759895e-05,5.7300853811197e-06,state_session=afternoon,1.3839448951552808e-05,-3.2598759737193e-05
FUT/NQ,1h,state_session=afternoon + state_ext=neutral,bear,FUT/NQ,ok,1242,465,-1.2302845052248157e-05,0.546236559139785,-0.030956863347358667,0.9753039412321611,False,0.0005028166750457607,-0.0005151195200980089,state_ext=neutral,0.00036256230206435023,-0.0003748651471165984
FUT/NQ,1h,state_session=afternoon + state_ext=neutral,neutral,FUT/NQ,ok,2349,875,-0.00020643927223418143,0.5257142857142857,-0.8162955401926043,0.4143311245275805,False,-0.0002250791076790836,1.8639835444902178e-05,state_session=afternoon,-5.647176071130878e-05,-0.00014996751152287265
FUT/NQ,1h,state_session=afternoon + state_ext=neutral,regime_warmup,FUT/NQ,ok,199,68,0.0007456922138818922,0.6176470588235294,2.2965922488971118,0.02164204123346858,True,0.0005625356199364384,0.00018315659394545377,state_ext=neutral,0.0009566804996100347,-0.0002109882857281425
FUT/NQ,1h,state_ext=neutral + state_vol=low_vol,all,FUT/NQ,ok,5757,1020,-0.00018109418394063608,0.4931372549019608,-0.7635256249179271,0.44514998610499656,False,2.771607305471637e-05,-0.00020881025699535244,state_ext=neutral,-3.6667071252151565e-05,-0.0001444271126884845
FUT/NQ,1h,state_ext=neutral + state_vol=low_vol,bull,FUT/NQ,ok,1967,653,-7.727965291043195e-05,0.5145482388973966,-0.2604037650536828,0.7945523390197264,False,-2.4489396166759895e-05,-5.279025674367206e-05,state_ext=neutral,-4.226577812178256e-05,-3.5013874788649395e-05
FUT/NQ,1h,state_ext=neutral + state_vol=low_vol,bear,FUT/NQ,ok,1242,29,-0.0014675818035457882,0.3793103448275862,-0.8350943513676804,0.40366458684089324,False,0.0005028166750457607,-0.001970398478591549,state_ext=neutral,0.00036256230206435023,-0.0018301441056101384
FUT/NQ,1h,state_ext=neutral + state_vol=low_vol,neutral,FUT/NQ,ok,2349,338,-0.0002712798283020977,0.46153846153846156,-0.7597211061273256,0.4474213099072424,False,-0.0002250791076790836,-4.620072062301407e-05,state_vol=low_vol,-0.0002712798283020977,0.0
FUT/NQ,1h,state_ext=neutral + state_vol=low_vol,regime_warmup,FUT/NQ,ok,199,0,,,,,False,0.0005625356199364384,,state_ext=neutral,0.0009566804996100347,
FUT/NQ,1h,state_session=afternoon + state_slope=flat,all,FUT/NQ,ok,5757,459,-1.5186871562996614e-05,0.5381263616557734,-0.05661248225658882,0.9548538910902706,False,2.771607305471637e-05,-4.2902944617712986e-05,state_session=afternoon,5.7997145050547935e-05,-7.318401661354455e-05
FUT/NQ,1h,state_session=afternoon + state_slope=flat,bull,FUT/NQ,ok,1967,212,-0.0002868437596349194,0.5,-0.8096704716482392,0.41812959341608824,False,-2.4489396166759895e-05,-0.00026235436346815956,state_session=afternoon,1.3839448951552808e-05,-0.00030068320858647225
FUT/NQ,1h,state_session=afternoon + state_slope=flat,bear,FUT/NQ,ok,1242,83,0.0010217682638997603,0.6506024096385542,1.9964481519340869,0.04588516399657028,True,0.0005028166750457607,0.0005189515888539996,state_slope=flat,0.0003112679311154297,0.0007105003327843306
FUT/NQ,1h,state_session=afternoon + state_slope=flat,neutral,FUT/NQ,ok,2349,164,-0.00018882111529568683,0.5304878048780488,-0.4321469732640638,0.6656345963269197,False,-0.0002250791076790836,3.6257992383396774e-05,state_session=afternoon,-5.647176071130878e-05,-0.00013234935458437806
FUT/NQ,1h,state_session=afternoon + state_slope=flat,regime_warmup,FUT/NQ,ok,199,0,,,,,False,0.0005625356199364384,,state_session=afternoon,0.0009084799061376913,
FUT/ES,1h,state_session=morning + state_slope=downtrend,all,FUT/ES,ok,5753,994,0.00022314032335238668,0.5211267605633803,0.8184342248955221,0.41310928574394623,False,-1.6322752398529433e-05,0.0002394630757509161,state_session=morning,2.6515612012205155e-05,0.00019662471134018154
FUT/ES,1h,state_session=morning + state_slope=downtrend,bull,FUT/ES,ok,2097,115,-0.0001184038939919661,0.4956521739130435,-0.2711391129044299,0.786284040141978,False,-0.00015848420580185927,4.008031180989317e-05,state_slope=downtrend,1.6711246576876054e-05,-0.00013511514056884215
FUT/ES,1h,state_session=morning + state_slope=downtrend,bear,FUT/ES,ok,1080,369,0.0007782966733508466,0.5745257452574526,1.357522489502641,0.17461525255543675,False,0.000280805088899058,0.0004974915844517886,state_session=morning,0.0005823417131504466,0.0001959549602004
FUT/ES,1h,state_session=morning + state_slope=downtrend,neutral,FUT/ES,ok,2377,510,-0.00010151675146100752,0.48823529411764705,-0.34806441638744,0.7277918070260987,False,-5.83817087001455e-05,-4.313504276086202e-05,state_session=morning,-3.491237227078501e-05,-6.660437919022252e-05
FUT/ES,1h,state_session=morning + state_slope=downtrend,regime_warmup,FUT/ES,ok,199,0,,,,,False,0.0003715598521960921,,state_session=morning,-5.1080920854148074e-05,
FUT/NQ,1h,state_ext=neutral + state_slope=downtrend,all,FUT/NQ,ok,5757,1979,-5.4772822628794175e-05,0.5240020212228398,-0.20768920896072499,0.835471643965112,False,2.771607305471637e-05,-8.248889568351054e-05,state_slope=downtrend,4.031055442781723e-05,-9.508337705661141e-05
FUT/NQ,1h,state_ext=neutral + state_slope=downtrend,bull,FUT/NQ,ok,1967,233,0.00032098158395432014,0.5665236051502146,0.928836259587245,0.35297395003848075,False,-2.4489396166759895e-05,0.00034547098012108006,state_slope=downtrend,0.00032098158395432014,0.0
FUT/NQ,1h,state_ext=neutral + state_slope=downtrend,bear,FUT/NQ,ok,1242,809,0.0002175396488168203,0.5253399258343634,0.4877970329592002,0.6256936132236237,False,0.0005028166750457607,-0.0002852770262289404,state_slope=downtrend,0.00042520894951635785,-0.00020766930069953754
FUT/NQ,1h,state_ext=neutral + state_slope=downtrend,neutral,FUT/NQ,ok,2349,937,-0.0003833230532940746,0.512273212379936,-1.0853387993289474,0.27777162751177054,False,-0.0002250791076790836,-0.00015824394561499098,state_ext=neutral,-0.00031874564387107787,-6.457740942299671e-05
FUT/NQ,1h,state_ext=neutral + state_slope=downtrend,regime_warmup,FUT/NQ,ok,199,0,,,,,False,0.0005625356199364384,,state_ext=neutral,0.0009566804996100347,
FUT/GC,1h,state_session=afternoon + state_slope=flat,all,FUT/GC,ok,5751,535,0.0002049061109438889,0.4691588785046729,0.48332328490950754,0.6288662093601154,False,5.626337092391225e-05,0.00014864274001997666,state_slope=flat,0.0005556758867796907,-0.00035076977583580187
FUT/GC,1h,state_session=afternoon + state_slope=flat,bull,FUT/GC,ok,1986,206,0.0006711234991936094,0.47572815533980584,1.0133831010479941,0.31087720800470375,False,0.00033723263656913147,0.00033389086262447797,state_session=afternoon,0.0005147758417192516,0.00015634765747435787
FUT/GC,1h,state_session=afternoon + state_slope=flat,bear,FUT/GC,ok,1321,93,-0.0008243428849222044,0.41935483870967744,-0.8398539381145751,0.4009902866359061,False,-1.608851107277326e-05,-0.0008082543738494311,state_slope=flat,0.00026374764049940703,-0.0010880905254216115
FUT/GC,1h,state_session=afternoon + state_slope=flat,neutral,FUT/GC,ok,2245,236,0.00020354752889348328,0.4830508474576271,0.3728236720384165,0.7092796833035835,False,-0.00017208549334655847,0.00037563302224004173,state_slope=flat,0.0007623847058655748,-0.0005588371769720916
FUT/GC,1h,state_session=afternoon + state_slope=flat,regime_warmup,FUT/GC,ok,199,0,,,,,False,0.0003086004303883485,,state_session=afternoon,-0.00036749233759828307,
FUT/NQ,1h,state_session=lunch + state_slope=downtrend,all,FUT/NQ,ok,5757,198,-3.456334477297982e-05,0.5505050505050505,-0.05619323487566094,0.95518787043618,False,2.771607305471637e-05,-6.22794178276962e-05,state_session=lunch,0.0002535136047740299,-0.00028807694954700977
FUT/NQ,1h,state_session=lunch + state_slope=downtrend,bull,FUT/NQ,ok,1967,20,0.0001754766828661275,0.55,0.16076410912788952,0.8722791942480905,False,-2.4489396166759895e-05,0.0001999660790328874,state_slope=downtrend,0.00032098158395432014,-0.00014550490108819264
FUT/NQ,1h,state_session=lunch + state_slope=downtrend,bear,FUT/NQ,ok,1242,76,-0.0007284784846832366,0.4473684210526316,-0.7756991679045172,0.4379266313044796,False,0.0005028166750457607,-0.0012312951597289973,state_slope=downtrend,0.00042520894951635785,-0.0011536874341995945
FUT/NQ,1h,state_session=lunch + state_slope=downtrend,neutral,FUT/NQ,ok,2349,102,0.0004412871462113082,0.6274509803921569,0.37075635510327176,0.7108190116563589,False,-0.0002250791076790836,0.0006663662538903918,state_session=lunch,0.00027247065599967025,0.00016881649021163796
FUT/NQ,1h,state_session=lunch + state_slope=downtrend,regime_warmup,FUT/NQ,ok,199,0,,,,,False,0.0005625356199364384,,state_session=lunch,0.000692772095376193,
FUT/CL,1h,state_session=afternoon + state_ext=stretched_down,all,FUT/CL,ok,5747,241,0.0008743167630076665,0.43568464730290457,0.4364475720280904,0.6625120299449925,False,1.5995800642608207e-05,0.0008583209623650583,state_ext=stretched_down,0.0013877861263693132,-0.0005134693633616468
FUT/CL,1h,state_session=afternoon + state_ext=stretched_down,bull,FUT/CL,ok,1740,1,-0.08961131483474064,0.0,,,False,0.0002562178049873395,-0.08986753263972798,state_session=afternoon,0.0011977250300395043,-0.09080903986478014
FUT/CL,1h,state_session=afternoon + state_ext=stretched_down,bear,FUT/CL,ok,1514,120,0.0022794439622991617,0.4166666666666667,0.9281658669106928,0.35332153709558045,False,-0.00045675280174403986,0.0027361967640432017,state_ext=stretched_down,0.0022759874390639945,3.4565232351672047e-06
FUT/CL,1h,state_session=afternoon + state_ext=stretched_down,neutral,FUT/CL,ok,2294,115,-0.0002051808416542403,0.43478260869565216,-0.06924643942708146,0.9447934584781734,False,0.0003733190533731252,-0.0005784998950273655,state_ext=stretched_down,0.0015127604383708608,-0.0017179412800251012
FUT/CL,1h,state_session=afternoon + state_ext=stretched_down,regime_warmup,FUT/CL,ok,199,5,0.010076835206785284,1.0,12.814631131601228,0.0,False,-0.0026068406079516274,0.012683675814736912,state_ext=stretched_down,0.00913573900092019,0.0009410962058650947
FUT/CL,1h,state_session=lunch + state_ext=neutral,all,FUT/CL,ok,5747,345,0.00041850128113425254,0.5449275362318841,0.37087424265145996,0.7107312005628386,False,1.5995800642608207e-05,0.00040250548049164435,state_session=lunch,0.0021697254748157305,-0.001751224193681478
FUT/CL,1h,state_session=lunch + state_ext=neutral,bull,FUT/CL,ok,1740,105,-0.0002698945084366631,0.5238095238095238,-0.08845812754005343,0.9295125632117327,False,0.0002562178049873395,-0.0005261123134240027,state_session=lunch,0.0023700481756312713,-0.0026399426840679344
FUT/CL,1h,state_session=lunch + state_ext=neutral,bear,FUT/CL,ok,1514,95,4.6441916173615324e-05,0.6105263157894737,0.04168320694875812,0.9667512412390684,False,-0.00045675280174403986,0.0005031947179176552,state_session=lunch,0.001254675734698329,-0.0012082338185247137
FUT/CL,1h,state_session=lunch + state_ext=neutral,neutral,FUT/CL,ok,2294,129,0.001605971205007743,0.5426356589147286,0.9830553619888387,0.3255801920173591,False,0.0003733190533731252,0.001232652151634618,state_session=lunch,0.003092954562552308,-0.0014869833575445648
FUT/CL,1h,state_session=lunch + state_ext=neutral,regime_warmup,FUT/CL,ok,199,16,-0.0024287751315828377,0.3125,-1.3992794922596081,0.16172918690085947,False,-0.0026068406079516274,0.00017806547636878972,state_ext=neutral,-0.0025683433852584235,0.00013956825367558582
FUT/GC,1h,state_session=lunch + state_ext=stretched_down,all,FUT/GC,ok,5751,31,0.003834595836838556,0.7419354838709677,1.57579843084509,0.11507226415441663,False,5.626337092391225e-05,0.003778332465914644,state_session=lunch,0.0006501272802624256,0.0031844685565761304
FUT/GC,1h,state_session=lunch + state_ext=stretched_down,bull,FUT/GC,ok,1986,2,0.015725384934625587,1.0,9.440112131183373,0.0,False,0.00033723263656913147,0.015388152298056455,state_ext=stretched_down,0.015725384934625587,0.0
FUT/GC,1h,state_session=lunch + state_ext=stretched_down,bear,FUT/GC,ok,1321,15,0.0018100819432780833,0.7333333333333333,0.5040318315959145,0.6142390085215397,False,-1.608851107277326e-05,0.0018261704543508566,state_session=lunch,-0.00017532278717330245,0.0019854047304513857
FUT/GC,1h,state_session=lunch + state_ext=stretched_down,neutral,FUT/GC,ok,2245,14,0.004305033708826633,0.7142857142857143,2.702506875072316,0.0068818761206350665,False,-0.00017208549334655847,0.004477119202173191,state_session=lunch,0.0008903199016464814,0.003414713807180151
FUT/GC,1h,state_session=lunch + state_ext=stretched_down,regime_warmup,FUT/GC,ok,199,0,,,,,False,0.0003086004303883485,,state_session=lunch,0.0008727164235511181,
FUT/GC,1h,state_ext=stretched_up + state_vol=mid_vol,all,FUT/GC,ok,5751,30,-0.000908333638641693,0.5333333333333333,-0.65414554815244,0.5130180388915104,False,-0.0004562633709239119,-0.0004520702677177811,state_vol=mid_vol,-0.0004104448640732277,-0.0004978887745684653
FUT/GC,1h,state_ext=stretched_up + state_vol=mid_vol,bull,FUT/GC,ok,1986,19,-0.0019594525806156935,0.5263157894736842,-1.154768843414856,0.2481850990999801,False,-0.0007372326365691315,-0.001222219944046562,state_vol=mid_vol,-0.0006283560688044761,-0.0013310965118112175
FUT/GC,1h,state_ext=stretched_up + state_vol=mid_vol,bear,FUT/GC,ok,1321,0,,,,,False,-0.0003839114889272266,,state_ext=stretched_up,0.013149493291815771,
FUT/GC,1h,state_ext=stretched_up + state_vol=mid_vol,neutral,FUT/GC,ok,2245,11,0.0009072354429497622,0.5454545454545454,0.484387791332566,0.6281106812120902,False,-0.00022791450665344114,0.0011351499496032034,state_ext=stretched_up,0.0005283669185677093,0.00037886852438205295
FUT/GC,1h,state_ext=stretched_up + state_vol=mid_vol,regime_warmup,FUT/GC,ok,199,0,,,,,False,-0.000708600430388348,,,,
FUT/NQ,1h,state_session=morning + state_ext=stretched_down,all,FUT/NQ,ok,5757,38,0.00058867231185997,0.5263157894736842,0.42189181077460364,0.6731039877032932,False,2.771607305471637e-05,0.0005609562388052536,state_ext=stretched_down,0.0018999601944896596,-0.0013112878826296898
FUT/NQ,1h,state_session=morning + state_ext=stretched_down,bull,FUT/NQ,ok,1967,0,,,,,False,-2.4489396166759895e-05,,state_session=morning,-9.790406392823697e-05,
FUT/NQ,1h,state_session=morning + state_ext=stretched_down,bear,FUT/NQ,ok,1242,25,0.003052258401300061,0.68,1.9073990537284864,0.05646893183553736,False,0.0005028166750457607,0.0025494417262543,state_ext=stretched_down,0.002826050535627755,0.00022620786567230594
FUT/NQ,1h,state_session=morning + state_ext=stretched_down,neutral,FUT/NQ,ok,2349,13,-0.004148993244755589,0.23076923076923078,-1.2625412725974567,0.20675408478240032,False,-0.0002250791076790836,-0.003923914137076505,state_ext=stretched_down,-0.0001767272371533419,-0.003972266007602247
FUT/NQ,1h,state_session=morning + state_ext=stretched_down,regime_warmup,FUT/NQ,ok,199,0,,,,,False,0.0005625356199364384,,state_session=morning,0.00030699682872711403,
