symbol,timeframe,slice_combination,signal_ts_utc,signal_close,fwd_ret_5b,fwd_ret_20b,row_key,bin_mode,signal_close_adj,captured_at_utc,exit_close_5b,exit_close_20b,partial_data,side,tradeable_fwd_ret_5b,tradeable_fwd_ret_20b
AAPL,1d,state_gap_open=gap_open_flat + state_relvol=relvol_elevated + state_ext=stretched_up,2026-09-18 04:00:00+00:00,,0.0146967017809924,,AAPL|1d|rolling|state_gap_open=gap_open_flat + state_relvol=relvol_elevated + state_ext=stretched_up|2026-09-18,rolling,336.1300048828125,2026-10-02T21:40:12.417309+00:00,341.07000732421875,,True,long,0.0146967017809924,
AAPL,1h,cross_TLT_state_slope=flat + state_ext=stretched_down,2026-08-21 14:00:00+00:00,,0.004531059683313,0.015006090133983,AAPL|1h|rolling|cross_TLT_state_slope=flat + state_ext=stretched_down|2026-08-21 14:00:00+00:00,rolling,307.875,2026-09-10T21:40:47.257032+00:00,309.27,312.495,False,long,0.004531059683313,0.015006090133983
AAPL,1h,cross_TLT_state_slope=flat + state_ext=stretched_down,2026-09-08 14:00:00+00:00,,0.0008861320336728,,AAPL|1h|rolling|cross_TLT_state_slope=flat + state_ext=stretched_down|2026-09-08 14:00:00+00:00,rolling,315.98,2026-09-10T21:41:09.039912+00:00,316.26,,True,long,0.0008861320336728,
AAPL,1h,cross_TLT_state_slope=flat + state_ext=stretched_down,2026-09-08 15:00:00+00:00,,0.0056945806574077,,AAPL|1h|rolling|cross_TLT_state_slope=flat + state_ext=stretched_down|2026-09-08 15:00:00+00:00,rolling,316.09,2026-09-10T21:41:10.112535+00:00,317.89,,True,long,0.0056945806574077,
AAPL,1h,cross_TLT_state_slope=flat + state_ext=stretched_down,2026-09-08 16:00:00+00:00,,-0.0082125450977911,,AAPL|1h|rolling|cross_TLT_state_slope=flat + state_ext=stretched_down|2026-09-08 16:00:00+00:00,rolling,315.98,2026-09-10T21:41:10.458046+00:00,313.385,,True,long,-0.0082125450977911,
AAPL,1h,cross_TLT_state_slope=flat + state_ext=stretched_down,2026-09-08 17:00:00+00:00,,-0.0085781210433022,,AAPL|1h|rolling|cross_TLT_state_slope=flat + state_ext=stretched_down|2026-09-08 17:00:00+00:00,rolling,315.92,2026-09-10T21:41:11.169761+00:00,313.21,,True,long,-0.0085781210433022,
AAPL,1h,cross_TLT_state_slope=flat + state_ext=stretched_down,2026-09-08 18:00:00+00:00,,-0.0046902234194264,,AAPL|1h|rolling|cross_TLT_state_slope=flat + state_ext=stretched_down|2026-09-08 18:00:00+00:00,rolling,315.55,2026-09-10T21:41:15.331495+00:00,314.07,,True,long,-0.0046902234194264,
AAPL,1h,cross_TLT_state_slope=flat + state_ext=stretched_down,2026-09-08 19:00:00+00:00,,-0.0096755833807626,,AAPL|1h|rolling|cross_TLT_state_slope=flat + state_ext=stretched_down|2026-09-08 19:00:00+00:00,rolling,316.26,2026-09-10T21:41:16.467874+00:00,313.2,,True,long,-0.0096755833807626,
AAPL,1h,cross_TLT_state_slope=flat + state_ext=stretched_down,2026-09-09 14:00:00+00:00,,0.0064936100962076,,AAPL|1h|rolling|cross_TLT_state_slope=flat + state_ext=stretched_down|2026-09-09 14:00:00+00:00,rolling,313.385,2026-09-10T21:41:17.487409+00:00,315.42,,True,long,0.0064936100962076,
AAPL,1h,cross_TLT_state_slope=flat + state_ext=stretched_down,2026-09-09 15:00:00+00:00,,0.0181347977395358,,AAPL|1h|rolling|cross_TLT_state_slope=flat + state_ext=stretched_down|2026-09-09 15:00:00+00:00,rolling,313.21,2026-09-10T21:41:17.775953+00:00,318.89,,True,long,0.0181347977395358,
AAPL,1h,cross_USO_state_slope=uptrend + cross_TLT_state_slope=flat + state_ext=stretched_down,2026-08-21 14:00:00+00:00,,0.004531059683313021,0.015006090133983019,AAPL|1h|rolling|cross_USO_state_slope=uptrend + cross_TLT_state_slope=flat + state_ext=stretched_down|2026-08-21 14:00:00+00:00,rolling,307.875,2026-10-07T19:42:27.832893+00:00,309.27,312.495,False,long,0.004531059683313021,0.015006090133983019
ABNB,1h,state_session=lunch + state_ext=neutral + state_slope=downtrend,2026-08-13 16:00:00+00:00,,0.016831520848133774,0.014044483305098554,ABNB|1h|rolling|state_session=lunch + state_ext=neutral + state_slope=downtrend|2026-08-13 16:00:00+00:00,rolling,182.99,2026-10-07T19:42:26.986816+00:00,186.07,185.56,False,long,0.016831520848133774,0.014044483305098554
ABNB,1h,state_session=lunch + state_ext=neutral + state_slope=downtrend,2026-08-13 17:00:00+00:00,,0.010458655626974567,0.007489922649526193,ABNB|1h|rolling|state_session=lunch + state_ext=neutral + state_slope=downtrend|2026-08-13 17:00:00+00:00,rolling,183.58,2026-10-07T19:42:27.017370+00:00,185.5,184.955,False,long,0.010458655626974567,0.007489922649526193
ABNB,1h,state_session=lunch + state_ext=neutral + state_slope=downtrend,2026-08-18 16:00:00+00:00,,0.016030926441566784,0.014922548728068863,ABNB|1h|rolling|state_session=lunch + state_ext=neutral + state_slope=downtrend|2026-08-18 16:00:00+00:00,rolling,184.955,2026-10-07T19:42:27.334388+00:00,187.92,187.715,False,long,0.016030926441566784,0.014922548728068863
ABNB,1h,state_session=lunch + state_ext=neutral + state_slope=downtrend,2026-08-18 17:00:00+00:00,,0.02275631440145731,0.018297490552187323,ABNB|1h|rolling|state_session=lunch + state_ext=neutral + state_slope=downtrend|2026-08-18 17:00:00+00:00,rolling,183.905,2026-10-07T19:42:27.364014+00:00,188.09,187.27,False,long,0.02275631440145731,0.018297490552187323
ABNB,1h,state_session=lunch + state_ext=neutral + state_slope=downtrend,2026-08-26 17:00:00+00:00,,-0.006345918963411412,-0.026711273963145876,ABNB|1h|rolling|state_session=lunch + state_ext=neutral + state_slope=downtrend|2026-08-26 17:00:00+00:00,rolling,188.31,2026-10-07T19:42:28.537271+00:00,187.115,183.28,False,long,-0.006345918963411412,-0.026711273963145876
ABNB,1h,state_session=lunch + state_ext=neutral + state_slope=downtrend,2026-08-27 16:00:00+00:00,,0.02156941649899391,-0.018913480885311862,ABNB|1h|rolling|state_session=lunch + state_ext=neutral + state_slope=downtrend|2026-08-27 16:00:00+00:00,rolling,186.375,2026-10-07T19:42:28.593422+00:00,190.395,182.85,False,long,0.02156941649899391,-0.018913480885311862
ABNB,1h,state_session=lunch + state_ext=neutral + state_slope=downtrend,2026-09-01 17:00:00+00:00,,-0.004849475548290516,-0.008146029151341772,ABNB|1h|rolling|state_session=lunch + state_ext=neutral + state_slope=downtrend|2026-09-01 17:00:00+00:00,rolling,183.525,2026-10-07T19:42:28.986399+00:00,182.635,182.03,False,long,-0.004849475548290516,-0.008146029151341772
ABNB,1h,state_session=lunch + state_ext=neutral + state_slope=downtrend,2026-09-02 16:00:00+00:00,,0.009007529089664734,-0.035893223819301934,ABNB|1h|rolling|state_session=lunch + state_ext=neutral + state_slope=downtrend|2026-09-02 16:00:00+00:00,rolling,182.625,2026-10-07T19:42:29.104223+00:00,184.27,176.07,False,long,0.009007529089664734,-0.035893223819301934
ABNB,1h,state_session=lunch + state_ext=neutral + state_slope=downtrend,2026-09-02 17:00:00+00:00,,0.024156043114296644,-0.04073425616895565,ABNB|1h|rolling|state_session=lunch + state_ext=neutral + state_slope=downtrend|2026-09-02 17:00:00+00:00,rolling,182.77,2026-10-07T19:42:29.147602+00:00,187.185,175.325,False,long,0.024156043114296644,-0.04073425616895565
ABNB,1h,state_session=lunch + state_ext=neutral + state_slope=downtrend,2026-09-17 16:00:00+00:00,,0.004253650295643618,-0.0174369494388803,ABNB|1h|rolling|state_session=lunch + state_ext=neutral + state_slope=downtrend|2026-09-17 16:00:00+00:00,rolling,165.74,2026-10-07T19:42:33.727369+00:00,166.445,162.85,False,long,0.004253650295643618,-0.0174369494388803
ABNB,1h,state_session=lunch + state_ext=neutral + state_slope=downtrend,2026-09-17 17:00:00+00:00,,-0.0011133511870731194,-0.015376282610657932,ABNB|1h|rolling|state_session=lunch + state_ext=neutral + state_slope=downtrend|2026-09-17 17:00:00+00:00,rolling,166.165,2026-10-07T19:42:33.758533+00:00,165.98,163.61,False,long,-0.0011133511870731194,-0.015376282610657932
ABNB,1h,state_session=lunch + state_ext=neutral + state_slope=downtrend,2026-09-18 16:00:00+00:00,,-0.0014751926782273772,-0.08504937379576105,ABNB|1h|rolling|state_session=lunch + state_ext=neutral + state_slope=downtrend|2026-09-18 16:00:00+00:00,rolling,166.08,2026-10-07T19:42:34.771838+00:00,165.835,151.955,False,long,-0.0014751926782273772,-0.08504937379576105
ABNB,1h,state_session=lunch + state_ext=neutral + state_slope=downtrend,2026-09-18 17:00:00+00:00,,-0.0018389557143286828,-0.08356697114949796,ABNB|1h|rolling|state_session=lunch + state_ext=neutral + state_slope=downtrend|2026-09-18 17:00:00+00:00,rolling,165.855,2026-10-07T19:42:34.821820+00:00,165.55,151.995,False,long,-0.0018389557143286828,-0.08356697114949796
ABNB,1h,state_session=lunch + state_ext=neutral + state_slope=downtrend,2026-10-07 17:00:00+00:00,,,,ABNB|1h|rolling|state_session=lunch + state_ext=neutral + state_slope=downtrend|2026-10-07 17:00:00+00:00,rolling,160.69,2026-10-07T19:43:33.631940+00:00,,,True,long,,
ABT,15m,cross_TLT_state_vol=high_vol + state_ext=stretched_up,2026-10-05 14:15:00+00:00,,-0.0006496102338596,0.0018988606835899,ABT|15m|rolling|cross_TLT_state_vol=high_vol + state_ext=stretched_up|2026-10-05 14:15:00+00:00,rolling,100.06,2026-10-05T21:59:59.228326+00:00,99.995,100.25,False,short,0.0006496102338596,-0.0018988606835899
ABT,15m,cross_TLT_state_vol=high_vol + state_ext=stretched_up,2026-10-05 15:00:00+00:00,,0.0028994201159768,,ABT|15m|rolling|cross_TLT_state_vol=high_vol + state_ext=stretched_up|2026-10-05 15:00:00+00:00,rolling,100.02,2026-10-05T21:59:59.670335+00:00,100.31,,True,short,-0.0028994201159768,
ABT,15m,cross_TLT_state_vol=high_vol + state_ext=stretched_up,2026-10-05 15:15:00+00:00,,0.0054568210262828,,ABT|15m|rolling|cross_TLT_state_vol=high_vol + state_ext=stretched_up|2026-10-05 15:15:00+00:00,rolling,99.875,2026-10-05T22:00:04.811870+00:00,100.42,,True,short,-0.0054568210262828,
ABT,15m,cross_TLT_state_vol=high_vol + state_ext=stretched_up,2026-10-05 16:15:00+00:00,,0.0004486093111355,,ABT|15m|rolling|cross_TLT_state_vol=high_vol + state_ext=stretched_up|2026-10-05 16:15:00+00:00,rolling,100.31,2026-10-05T22:00:11.485973+00:00,100.355,,True,short,-0.0004486093111355,
ABT,15m,cross_USO_state_vol=high_vol + state_ext=stretched_up,2026-10-05 15:00:00+00:00,,0.0028994201159768,,ABT|15m|rolling|cross_USO_state_vol=high_vol + state_ext=stretched_up|2026-10-05 15:00:00+00:00,rolling,100.02,2026-10-05T21:59:59.338533+00:00,100.31,,True,short,-0.0028994201159768,
ABT,15m,cross_USO_state_vol=high_vol + state_ext=stretched_up,2026-10-05 15:15:00+00:00,,0.0054568210262828,,ABT|15m|rolling|cross_USO_state_vol=high_vol + state_ext=stretched_up|2026-10-05 15:15:00+00:00,rolling,99.875,2026-10-05T22:00:04.254484+00:00,100.42,,True,short,-0.0054568210262828,
ABT,15m,cross_USO_state_vol=high_vol + state_ext=stretched_up,2026-10-05 16:15:00+00:00,,0.0004486093111355,,ABT|15m|rolling|cross_USO_state_vol=high_vol + state_ext=stretched_up|2026-10-05 16:15:00+00:00,rolling,100.31,2026-10-05T22:00:10.853221+00:00,100.355,,True,short,-0.0004486093111355,
ABT,15m,state_ext=stretched_up + state_ret_1=ret_down,2026-10-05 15:15:00+00:00,,0.005456821026282865,0.002252816020025028,ABT|15m|rolling|state_ext=stretched_up + state_ret_1=ret_down|2026-10-05 15:15:00+00:00,rolling,99.875,2026-10-07T19:42:51.813538+00:00,100.42,100.1,False,short,-0.005456821026282865,-0.002252816020025028
ABT,15m,state_ext=stretched_up + state_slope=uptrend,2026-09-17 18:00:00+00:00,,-0.0030606296152351,-0.0020890011659541,ABT|15m|rolling|state_ext=stretched_up + state_slope=uptrend|2026-09-17 18:00:00+00:00,rolling,102.92,2026-10-05T21:59:22.876965+00:00,102.605,102.705,False,short,0.0030606296152351,0.0020890011659541
ABT,15m,state_ext=stretched_up + state_slope=uptrend,2026-10-05 14:15:00+00:00,,-0.0006496102338596,0.0018988606835899,ABT|15m|rolling|state_ext=stretched_up + state_slope=uptrend|2026-10-05 14:15:00+00:00,rolling,100.06,2026-10-05T21:59:59.302674+00:00,99.995,100.25,False,short,0.0006496102338596,-0.0018988606835899
ABT,15m,state_ext=stretched_up + state_slope=uptrend,2026-10-05 15:00:00+00:00,,0.0028994201159768,,ABT|15m|rolling|state_ext=stretched_up + state_slope=uptrend|2026-10-05 15:00:00+00:00,rolling,100.02,2026-10-05T22:00:01.379258+00:00,100.31,,True,short,-0.0028994201159768,
ABT,15m,state_ext=stretched_up + state_slope=uptrend,2026-10-05 15:15:00+00:00,,0.0054568210262828,,ABT|15m|rolling|state_ext=stretched_up + state_slope=uptrend|2026-10-05 15:15:00+00:00,rolling,99.875,2026-10-05T22:00:06.474253+00:00,100.42,,True,short,-0.0054568210262828,
ABT,15m,state_ext=stretched_up + state_slope=uptrend,2026-10-05 16:15:00+00:00,,0.0004486093111355,,ABT|15m|rolling|state_ext=stretched_up + state_slope=uptrend|2026-10-05 16:15:00+00:00,rolling,100.31,2026-10-05T22:00:12.582917+00:00,100.355,,True,short,-0.0004486093111355,
ABT,15m,state_ext=stretched_up + state_slope=uptrend + state_vol=high_vol,2026-09-02 15:00:00+00:00,,0.0018796992481204,-0.0149928392409595,ABT|15m|rolling|state_ext=stretched_up + state_slope=uptrend + state_vol=high_vol|2026-09-02 15:00:00+00:00,rolling,111.72,2026-10-05T21:59:14.649202+00:00,111.93,110.045,False,short,-0.0018796992481204,0.0149928392409595
ABT,15m,state_ext=stretched_up + state_slope=uptrend + state_vol=high_vol,2026-09-02 15:15:00+00:00,,-0.0020526550647033,-0.0232485497545739,ABT|15m|rolling|state_ext=stretched_up + state_slope=uptrend + state_vol=high_vol|2026-09-02 15:15:00+00:00,rolling,112.05,2026-10-05T21:59:14.736992+00:00,111.82,109.445,False,short,0.0020526550647033,0.0232485497545739
ABT,15m,state_ext=stretched_up + state_slope=uptrend + state_vol=high_vol,2026-09-17 18:00:00+00:00,,-0.0030606296152351,-0.0020890011659541,ABT|15m|rolling|state_ext=stretched_up + state_slope=uptrend + state_vol=high_vol|2026-09-17 18:00:00+00:00,rolling,102.92,2026-10-05T21:59:22.858321+00:00,102.605,102.705,False,short,0.0030606296152351,0.0020890011659541
ABT,15m,state_ext=stretched_up + state_slope=uptrend + state_vol=high_vol,2026-10-05 14:15:00+00:00,,-0.0006496102338596,0.0018988606835899,ABT|15m|rolling|state_ext=stretched_up + state_slope=uptrend + state_vol=high_vol|2026-10-05 14:15:00+00:00,rolling,100.06,2026-10-05T21:59:59.284424+00:00,99.995,100.25,False,short,0.0006496102338596,-0.0018988606835899
ABT,15m,state_ext=stretched_up + state_slope=uptrend + state_vol=high_vol,2026-10-05 15:00:00+00:00,,0.0028994201159768,,ABT|15m|rolling|state_ext=stretched_up + state_slope=uptrend + state_vol=high_vol|2026-10-05 15:00:00+00:00,rolling,100.02,2026-10-05T22:00:00.868769+00:00,100.31,,True,short,-0.0028994201159768,
ABT,15m,state_ext=stretched_up + state_slope=uptrend + state_vol=high_vol,2026-10-05 15:15:00+00:00,,0.0054568210262828,,ABT|15m|rolling|state_ext=stretched_up + state_slope=uptrend + state_vol=high_vol|2026-10-05 15:15:00+00:00,rolling,99.875,2026-10-05T22:00:05.878988+00:00,100.42,,True,short,-0.0054568210262828,
ABT,15m,state_ext=stretched_up + state_slope=uptrend + state_vol=high_vol,2026-10-05 16:15:00+00:00,,0.0004486093111355,,ABT|15m|rolling|state_ext=stretched_up + state_slope=uptrend + state_vol=high_vol|2026-10-05 16:15:00+00:00,rolling,100.31,2026-10-05T22:00:12.020066+00:00,100.355,,True,short,-0.0004486093111355,
ABT,15m,state_session=morning + state_ext=stretched_up,2026-09-02 15:00:00+00:00,,0.0018796992481204,-0.0149928392409595,ABT|15m|rolling|state_session=morning + state_ext=stretched_up|2026-09-02 15:00:00+00:00,rolling,111.72,2026-10-05T21:59:14.667240+00:00,111.93,110.045,False,short,-0.0018796992481204,0.0149928392409595
ABT,15m,state_session=morning + state_ext=stretched_up,2026-09-02 15:15:00+00:00,,-0.0020526550647033,-0.0232485497545739,ABT|15m|rolling|state_session=morning + state_ext=stretched_up|2026-09-02 15:15:00+00:00,rolling,112.05,2026-10-05T21:59:14.755203+00:00,111.82,109.445,False,short,0.0020526550647033,0.0232485497545739
ABT,15m,state_session=morning + state_ext=stretched_up,2026-10-05 14:15:00+00:00,,-0.0006496102338596,0.0018988606835899,ABT|15m|rolling|state_session=morning + state_ext=stretched_up|2026-10-05 14:15:00+00:00,rolling,100.06,2026-10-05T21:59:59.320749+00:00,99.995,100.25,False,short,0.0006496102338596,-0.0018988606835899
ABT,15m,state_session=morning + state_ext=stretched_up,2026-10-05 15:00:00+00:00,,0.0028994201159768,,ABT|15m|rolling|state_session=morning + state_ext=stretched_up|2026-10-05 15:00:00+00:00,rolling,100.02,2026-10-05T22:00:01.882429+00:00,100.31,,True,short,-0.0028994201159768,
ABT,15m,state_session=morning + state_ext=stretched_up,2026-10-05 15:15:00+00:00,,0.0054568210262828,,ABT|15m|rolling|state_session=morning + state_ext=stretched_up|2026-10-05 15:15:00+00:00,rolling,99.875,2026-10-05T22:00:07.063880+00:00,100.42,,True,short,-0.0054568210262828,
ABT,15m,state_session=morning + state_ext=stretched_up + state_slope=uptrend,2026-09-02 15:00:00+00:00,,0.001879699248120481,-0.01499283924095951,ABT|15m|rolling|state_session=morning + state_ext=stretched_up + state_slope=uptrend|2026-09-02 15:00:00+00:00,rolling,111.72,2026-10-07T19:42:29.057871+00:00,111.93,110.045,False,short,-0.001879699248120481,0.01499283924095951
ABT,15m,state_session=morning + state_ext=stretched_up + state_slope=uptrend,2026-09-02 15:15:00+00:00,,-0.0020526550647033126,-0.02324854975457391,ABT|15m|rolling|state_session=morning + state_ext=stretched_up + state_slope=uptrend|2026-09-02 15:15:00+00:00,rolling,112.05,2026-10-07T19:42:29.086288+00:00,111.82,109.445,False,short,0.0020526550647033126,0.02324854975457391
ABT,15m,state_session=morning + state_ext=stretched_up + state_slope=uptrend,2026-10-05 14:15:00+00:00,,-0.0006496102338596765,0.0018988606835899091,ABT|15m|rolling|state_session=morning + state_ext=stretched_up + state_slope=uptrend|2026-10-05 14:15:00+00:00,rolling,100.06,2026-10-07T19:42:50.796771+00:00,99.995,100.25,False,short,0.0006496102338596765,-0.0018988606835899091
ABT,15m,state_session=morning + state_ext=stretched_up + state_slope=uptrend,2026-10-05 15:00:00+00:00,,0.0028994201159768807,0.004999000199960024,ABT|15m|rolling|state_session=morning + state_ext=stretched_up + state_slope=uptrend|2026-10-05 15:00:00+00:00,rolling,100.02,2026-10-07T19:42:50.834718+00:00,100.31,100.52,False,short,-0.0028994201159768807,-0.004999000199960024
ABT,15m,state_session=morning + state_ext=stretched_up + state_slope=uptrend,2026-10-05 15:15:00+00:00,,0.005456821026282865,0.002252816020025028,ABT|15m|rolling|state_session=morning + state_ext=stretched_up + state_slope=uptrend|2026-10-05 15:15:00+00:00,rolling,99.875,2026-10-07T19:42:51.832385+00:00,100.42,100.1,False,short,-0.005456821026282865,-0.002252816020025028
ABT,15m,state_volume=vol_surge + state_ext=stretched_up + state_slope=uptrend,2026-10-05 14:15:00+00:00,,-0.0006496102338596765,0.0018988606835899091,ABT|15m|rolling|state_volume=vol_surge + state_ext=stretched_up + state_slope=uptrend|2026-10-05 14:15:00+00:00,rolling,100.06,2026-10-07T19:42:50.777125+00:00,99.995,100.25,False,short,0.0006496102338596765,-0.0018988606835899091
ABT,15m,state_volume=vol_surge + state_ext=stretched_up + state_slope=uptrend,2026-10-05 15:00:00+00:00,,0.0028994201159768807,0.004999000199960024,ABT|15m|rolling|state_volume=vol_surge + state_ext=stretched_up + state_slope=uptrend|2026-10-05 15:00:00+00:00,rolling,100.02,2026-10-07T19:42:50.815944+00:00,100.31,100.52,False,short,-0.0028994201159768807,-0.004999000199960024
ABT,1h,state_ext=stretched_up + state_slope=uptrend + state_vol=mid_vol,2026-08-12 15:00:00+00:00,,0.0120122832369942,-0.0031611271676299,ABT|1h|rolling|state_ext=stretched_up + state_slope=uptrend + state_vol=mid_vol|2026-08-12 15:00:00+00:00,rolling,110.72,2026-09-18T21:42:42.814737+00:00,112.05,110.37,False,short,-0.0120122832369942,0.0031611271676299
ABT,1h,state_ext=stretched_up + state_slope=uptrend + state_vol=mid_vol,2026-08-12 16:00:00+00:00,,0.0019791291831594,-0.0098956459157969,ABT|1h|rolling|state_ext=stretched_up + state_slope=uptrend + state_vol=mid_vol|2026-08-12 16:00:00+00:00,rolling,111.16,2026-09-18T21:42:42.833223+00:00,111.38,110.06,False,short,-0.0019791291831594,0.0098956459157969
ABT,1h,state_ext=stretched_up + state_slope=uptrend + state_vol=mid_vol,2026-08-13 13:00:00+00:00,,-0.0097278000892458,-0.0149040606871931,ABT|1h|rolling|state_ext=stretched_up + state_slope=uptrend + state_vol=mid_vol|2026-08-13 13:00:00+00:00,rolling,112.05,2026-09-18T21:42:42.871433+00:00,110.96,110.38,False,short,0.0097278000892458,0.0149040606871931
ABT,1h,state_ext=stretched_up + state_slope=uptrend + state_vol=mid_vol,2026-08-13 14:00:00+00:00,,-0.0087309011537262,0.008508174083478,ABT|1h|rolling|state_ext=stretched_up + state_slope=uptrend + state_vol=mid_vol|2026-08-13 14:00:00+00:00,rolling,112.245,2026-09-18T21:42:42.879708+00:00,111.265,113.2,False,short,0.0087309011537262,-0.008508174083478
ABT,1h,state_ext=stretched_up + state_slope=uptrend + state_vol=mid_vol,2026-08-21 15:00:00+00:00,,0.0044619873004976,-0.0102110863222928,ABT|1h|rolling|state_ext=stretched_up + state_slope=uptrend + state_vol=mid_vol|2026-08-21 15:00:00+00:00,rolling,116.54,2026-09-18T21:42:43.785683+00:00,117.06,115.35,False,short,-0.0044619873004976,0.0102110863222928
ADBE,15m,cross_USO_state_ext=stretched_up + state_ext=stretched_up,2026-09-14 14:00:00+00:00,,0.0107387735393529,0.0182520521487206,ADBE|15m|rolling|cross_USO_state_ext=stretched_up + state_ext=stretched_up|2026-09-14 14:00:00+00:00,rolling,258.875,2026-10-02T21:40:08.672011+00:00,261.655,263.6,False,long,0.0107387735393529,0.0182520521487206
ADBE,15m,cross_USO_state_ext=stretched_up + state_ext=stretched_up,2026-09-14 14:15:00+00:00,,0.0136206663708446,0.0170740647849823,ADBE|15m|rolling|cross_USO_state_ext=stretched_up + state_ext=stretched_up|2026-09-14 14:15:00+00:00,rolling,259.165,2026-10-02T21:40:08.754200+00:00,262.695,263.59,False,long,0.0136206663708446,0.0170740647849823
ADBE,15m,cross_USO_state_ext=stretched_up + state_ext=stretched_up,2026-09-30 15:15:00+00:00,,-0.0050705283365328,0.0129788832317836,ADBE|15m|rolling|cross_USO_state_ext=stretched_up + state_ext=stretched_up|2026-09-30 15:15:00+00:00,rolling,239.62,2026-10-02T21:40:20.338291+00:00,238.405,242.73,False,long,-0.0050705283365328,0.0129788832317836
ADI,1d,cross_USO_state_ext=neutral + state_ext=stretched_down,2026-08-03 04:00:00+00:00,,0.060931766042473745,-0.00027635155898708685,ADI|1d|rolling|cross_USO_state_ext=neutral + state_ext=stretched_down|2026-08-03,rolling,361.8800048828125,2026-10-07T19:42:26.634400+00:00,383.92999267578125,361.7799987792969,False,long,0.060931766042473745,-0.00027635155898708685
ADI,1d,cross_USO_state_ext=neutral + state_ext=stretched_down,2026-08-26 04:00:00+00:00,,-0.04327594638558774,0.029074765770603195,ADI|1d|rolling|cross_USO_state_ext=neutral + state_ext=stretched_down|2026-08-26,rolling,371.7999877929688,2026-10-07T19:42:28.685000+00:00,355.7099914550781,382.6099853515625,False,long,-0.04327594638558774,0.029074765770603195
ADI,1d,state_ext=stretched_down + state_ret_1=ret_down,2026-08-03 04:00:00+00:00,,0.060931766042473745,-0.00027635155898708685,ADI|1d|rolling|state_ext=stretched_down + state_ret_1=ret_down|2026-08-03,rolling,361.8800048828125,2026-10-07T19:42:26.643630+00:00,383.92999267578125,361.7799987792969,False,long,0.060931766042473745,-0.00027635155898708685
ADI,1d,state_ext=stretched_down + state_ret_1=ret_down,2026-08-20 04:00:00+00:00,,0.011560066152193516,0.01480124008986472,ADI|1d|rolling|state_ext=stretched_down + state_ret_1=ret_down|2026-08-20,rolling,370.239990234375,2026-10-07T19:42:27.889274+00:00,374.5199890136719,375.7200012207031,False,long,0.011560066152193516,0.01480124008986472
ADI,1d,state_ext=stretched_down + state_ret_1=ret_down,2026-08-28 04:00:00+00:00,,0.0012991354477553951,0.0930123113771486,ADI|1d|rolling|state_ext=stretched_down + state_ret_1=ret_down|2026-08-28,rolling,361.7799987792969,2026-10-07T19:42:28.893435+00:00,362.25,395.42999267578125,False,long,0.0012991354477553951,0.0930123113771486
ADI,1d,state_ext=stretched_down + state_slope=downtrend,2026-08-03 04:00:00+00:00,,0.060931766042473745,-0.00027635155898708685,ADI|1d|rolling|state_ext=stretched_down + state_slope=downtrend|2026-08-03,rolling,361.8800048828125,2026-10-07T19:42:26.652894+00:00,383.92999267578125,361.7799987792969,False,long,0.060931766042473745,-0.00027635155898708685
ADI,1d,state_ext=stretched_down + state_slope=downtrend,2026-08-28 04:00:00+00:00,,0.0012991354477553951,0.0930123113771486,ADI|1d|rolling|state_ext=stretched_down + state_slope=downtrend|2026-08-28,rolling,361.7799987792969,2026-10-07T19:42:28.902700+00:00,362.25,395.42999267578125,False,long,0.0012991354477553951,0.0930123113771486
ADI,1d,state_ext=stretched_down + state_slope=downtrend + state_vol=mid_vol,2026-08-28 04:00:00+00:00,,0.0012991354477553951,0.0930123113771486,ADI|1d|rolling|state_ext=stretched_down + state_slope=downtrend + state_vol=mid_vol|2026-08-28,rolling,361.7799987792969,2026-10-07T19:42:28.875014+00:00,362.25,395.42999267578125,False,long,0.0012991354477553951,0.0930123113771486
ADI,1d,state_ext=stretched_down + state_vol=mid_vol,2026-08-24 04:00:00+00:00,,-0.027292088574889073,0.05172826735689773,ADI|1d|rolling|state_ext=stretched_down + state_vol=mid_vol|2026-08-24,rolling,371.1700134277344,2026-10-07T19:42:28.369293+00:00,361.0400085449219,390.3699951171875,False,long,-0.027292088574889073,0.05172826735689773
ADI,1d,state_ext=stretched_down + state_vol=mid_vol,2026-08-26 04:00:00+00:00,,-0.04327594638558774,0.029074765770603195,ADI|1d|rolling|state_ext=stretched_down + state_vol=mid_vol|2026-08-26,rolling,371.7999877929688,2026-10-07T19:42:28.675771+00:00,355.7099914550781,382.6099853515625,False,long,-0.04327594638558774,0.029074765770603195
ADI,1d,state_ext=stretched_down + state_vol=mid_vol,2026-08-28 04:00:00+00:00,,0.0012991354477553951,0.0930123113771486,ADI|1d|rolling|state_ext=stretched_down + state_vol=mid_vol|2026-08-28,rolling,361.7799987792969,2026-10-07T19:42:28.884360+00:00,362.25,395.42999267578125,False,long,0.0012991354477553951,0.0930123113771486
ADI,1d,state_relvol=relvol_normal + state_ext=stretched_down,2026-08-20 04:00:00+00:00,,0.011560066152193516,0.01480124008986472,ADI|1d|rolling|state_relvol=relvol_normal + state_ext=stretched_down|2026-08-20,rolling,370.239990234375,2026-10-07T19:42:27.898568+00:00,374.5199890136719,375.7200012207031,False,long,0.011560066152193516,0.01480124008986472
ADI,1d,state_relvol=relvol_normal + state_ext=stretched_down,2026-08-24 04:00:00+00:00,,-0.027292088574889073,0.05172826735689773,ADI|1d|rolling|state_relvol=relvol_normal + state_ext=stretched_down|2026-08-24,rolling,371.1700134277344,2026-10-07T19:42:28.400930+00:00,361.0400085449219,390.3699951171875,False,long,-0.027292088574889073,0.05172826735689773
ADI,1d,state_relvol=relvol_normal + state_ext=stretched_down,2026-08-28 04:00:00+00:00,,0.0012991354477553951,0.0930123113771486,ADI|1d|rolling|state_relvol=relvol_normal + state_ext=stretched_down|2026-08-28,rolling,361.7799987792969,2026-10-07T19:42:28.911790+00:00,362.25,395.42999267578125,False,long,0.0012991354477553951,0.0930123113771486
ADI,1d,state_volume=vol_normal + state_ext=stretched_down,2026-08-20 04:00:00+00:00,,0.011560066152193516,0.01480124008986472,ADI|1d|rolling|state_volume=vol_normal + state_ext=stretched_down|2026-08-20,rolling,370.239990234375,2026-10-07T19:42:27.907771+00:00,374.5199890136719,375.7200012207031,False,long,0.011560066152193516,0.01480124008986472
ADI,1d,state_volume=vol_normal + state_ext=stretched_down,2026-08-24 04:00:00+00:00,,-0.027292088574889073,0.05172826735689773,ADI|1d|rolling|state_volume=vol_normal + state_ext=stretched_down|2026-08-24,rolling,371.1700134277344,2026-10-07T19:42:28.410294+00:00,361.0400085449219,390.3699951171875,False,long,-0.027292088574889073,0.05172826735689773
ADI,1d,state_volume=vol_normal + state_ext=stretched_down,2026-08-28 04:00:00+00:00,,0.0012991354477553951,0.0930123113771486,ADI|1d|rolling|state_volume=vol_normal + state_ext=stretched_down|2026-08-28,rolling,361.7799987792969,2026-10-07T19:42:28.920855+00:00,362.25,395.42999267578125,False,long,0.0012991354477553951,0.0930123113771486
ADI,1d,state_volume=vol_normal + state_slope=downtrend,2026-08-28 04:00:00+00:00,,0.0012991354477553951,0.0930123113771486,ADI|1d|rolling|state_volume=vol_normal + state_slope=downtrend|2026-08-28,rolling,361.7799987792969,2026-10-07T19:42:28.929974+00:00,362.25,395.42999267578125,False,long,0.0012991354477553951,0.0930123113771486
AEP,1d,cross_USO_state_slope=uptrend + state_slope=downtrend,2026-07-27 04:00:00+00:00,,,,AEP|1d|rolling|cross_USO_state_slope=uptrend + state_slope=downtrend|2026-07-27,rolling,133.58999633789062,2026-07-31T21:24:40.832208+00:00,,,True,long,,
AEP,1d,cross_USO_state_slope=uptrend + state_slope=downtrend,2026-07-28 04:00:00+00:00,,,,AEP|1d|rolling|cross_USO_state_slope=uptrend + state_slope=downtrend|2026-07-28,rolling,133.02000427246094,2026-07-31T21:25:08.202113+00:00,,,True,long,,
AEP,1d,cross_USO_state_slope=uptrend + state_slope=downtrend,2026-07-29 04:00:00+00:00,,,,AEP|1d|rolling|cross_USO_state_slope=uptrend + state_slope=downtrend|2026-07-29,rolling,129.39999389648438,2026-07-31T21:26:08.033500+00:00,,,True,long,,
AEP,1d,cross_USO_state_slope=uptrend + state_slope=downtrend,2026-07-30 04:00:00+00:00,,,,AEP|1d|rolling|cross_USO_state_slope=uptrend + state_slope=downtrend|2026-07-30,rolling,127.77999877929688,2026-07-31T21:28:04.013196+00:00,,,True,long,,
AEP,1h,cross_USO_state_ext=neutral + state_ext=stretched_down,2026-07-30 18:00:00+00:00,,,,AEP|1h|rolling|cross_USO_state_ext=neutral + state_ext=stretched_down|2026-07-30 18:00:00+00:00,rolling,127.61,2026-07-30T21:28:52.526088+00:00,,,True,long,,
AEP,1h,cross_USO_state_ext=neutral + state_ext=stretched_down,2026-07-30 19:00:00+00:00,,,,AEP|1h|rolling|cross_USO_state_ext=neutral + state_ext=stretched_down|2026-07-30 19:00:00+00:00,rolling,127.78,2026-07-30T21:29:18.370803+00:00,,,True,long,,
AFRM,1h,state_session=afternoon + state_ext=neutral + state_slope=flat,2026-07-13 18:00:00+00:00,,,,AFRM|1h|state_session=afternoon + state_ext=neutral + state_slope=flat|2026-07-13 18:00:00+00:00,insample,82.37,2026-07-13T21:18:34.535321+00:00,,,True,short,,
AFRM,1h,state_session=afternoon + state_ext=neutral + state_slope=flat,2026-07-13 19:00:00+00:00,,,,AFRM|1h|state_session=afternoon + state_ext=neutral + state_slope=flat|2026-07-13 19:00:00+00:00,insample,81.915,2026-07-13T21:18:35.226907+00:00,,,True,short,,
AFRM,1h,cross_TLT_state_vol=high_vol + state_ext=neutral,2026-09-15 14:00:00+00:00,,0.0048807697671175,-0.0225909914935154,AFRM|1h|rolling|cross_TLT_state_vol=high_vol + state_ext=neutral|2026-09-15 14:00:00+00:00,rolling,71.71,2026-09-30T21:31:21.022654+00:00,72.06,70.09,False,long,0.0048807697671175,-0.0225909914935154
AFRM,1h,cross_TLT_state_vol=high_vol + state_ext=neutral,2026-09-15 15:00:00+00:00,,0.0138031490601373,-0.0207394048692514,AFRM|1h|rolling|cross_TLT_state_vol=high_vol + state_ext=neutral|2026-09-15 15:00:00+00:00,rolling,72.085,2026-09-30T21:31:21.033796+00:00,73.08,70.59,False,long,0.0138031490601373,-0.0207394048692514
AFRM,1h,cross_TLT_state_vol=high_vol + state_ext=neutral,2026-09-15 16:00:00+00:00,,-0.0050978230917608,-0.0300358225406447,AFRM|1h|rolling|cross_TLT_state_vol=high_vol + state_ext=neutral|2026-09-15 16:00:00+00:00,rolling,72.58,2026-09-30T21:31:21.081760+00:00,72.21,70.4,False,long,-0.0050978230917608,-0.0300358225406447
AFRM,1h,cross_TLT_state_vol=high_vol + state_ext=neutral,2026-09-15 17:00:00+00:00,,0.0029801095016979,-0.0176727423937901,AFRM|1h|rolling|cross_TLT_state_vol=high_vol + state_ext=neutral|2026-09-15 17:00:00+00:00,rolling,72.145,2026-09-30T21:31:21.091902+00:00,72.36,70.87,False,long,0.0029801095016979,-0.0176727423937901
AFRM,1h,cross_TLT_state_vol=high_vol + state_ext=neutral,2026-09-15 18:00:00+00:00,,0.0022895996669674,-0.0142232706584332,AFRM|1h|rolling|cross_TLT_state_vol=high_vol + state_ext=neutral|2026-09-15 18:00:00+00:00,rolling,72.065,2026-09-30T21:31:21.102069+00:00,72.23,71.04,False,long,0.0022895996669674,-0.0142232706584332
AFRM,1h,cross_TLT_state_vol=high_vol + state_ext=neutral,2026-09-16 19:00:00+00:00,,-0.0118748253702151,-0.0011874825370213,AFRM|1h|rolling|cross_TLT_state_vol=high_vol + state_ext=neutral|2026-09-16 19:00:00+00:00,rolling,71.58,2026-09-30T21:31:21.434107+00:00,70.73,71.495,False,long,-0.0118748253702151,-0.0011874825370213
AFRM,1h,cross_TLT_state_vol=high_vol + state_ext=neutral,2026-09-17 13:00:00+00:00,,-0.0250967920353981,-0.0179065265486724,AFRM|1h|rolling|cross_TLT_state_vol=high_vol + state_ext=neutral|2026-09-17 13:00:00+00:00,rolling,72.32,2026-09-30T21:31:22.807713+00:00,70.505,71.025,False,long,-0.0250967920353981,-0.0179065265486724
AFRM,1h,cross_TLT_state_vol=high_vol + state_ext=neutral,2026-09-17 14:00:00+00:00,,-0.0276778300581234,-0.0056739551619154,AFRM|1h|rolling|cross_TLT_state_vol=high_vol + state_ext=neutral|2026-09-17 14:00:00+00:00,rolling,72.26,2026-09-30T21:31:22.817830+00:00,70.26,71.85,False,long,-0.0276778300581234,-0.0056739551619154
AFRM,1h,cross_TLT_state_vol=high_vol + state_ext=neutral,2026-09-18 16:00:00+00:00,,-0.0048680682940595,-0.0227176520389444,AFRM|1h|rolling|cross_TLT_state_vol=high_vol + state_ext=neutral|2026-09-18 16:00:00+00:00,rolling,70.87,2026-09-30T21:31:24.045145+00:00,70.525,69.26,False,long,-0.0048680682940595,-0.0227176520389444
AFRM,1h,cross_TLT_state_vol=high_vol + state_ext=neutral,2026-09-18 17:00:00+00:00,,-0.0054898648648649,-0.0264639639639641,AFRM|1h|rolling|cross_TLT_state_vol=high_vol + state_ext=neutral|2026-09-18 17:00:00+00:00,rolling,71.04,2026-09-30T21:31:24.126995+00:00,70.65,69.16,False,long,-0.0054898648648649,-0.0264639639639641
AFRM,1h,cross_TLT_state_vol=high_vol + state_ext=neutral,2026-09-18 18:00:00+00:00,,0.0015499506833873,-0.0387487670846836,AFRM|1h|rolling|cross_TLT_state_vol=high_vol + state_ext=neutral|2026-09-18 18:00:00+00:00,rolling,70.97,2026-09-30T21:31:24.157003+00:00,71.08,68.22,False,long,0.0015499506833873,-0.0387487670846836
AFRM,1h,cross_TLT_state_vol=high_vol + state_ext=neutral,2026-09-18 19:00:00+00:00,,0.0044254003933688,-0.0414442259061534,AFRM|1h|rolling|cross_TLT_state_vol=high_vol + state_ext=neutral|2026-09-18 19:00:00+00:00,rolling,71.18,2026-09-30T21:31:24.176913+00:00,71.495,68.23,False,long,0.0044254003933688,-0.0414442259061534
AFRM,1h,cross_TLT_state_vol=high_vol + state_ext=neutral,2026-09-29 13:00:00+00:00,,0.0004312203536007,,AFRM|1h|rolling|cross_TLT_state_vol=high_vol + state_ext=neutral|2026-09-29 13:00:00+00:00,rolling,69.57,2026-09-30T21:31:29.573296+00:00,69.6,,True,long,0.0004312203536007,
AFRM,1h,cross_TLT_state_vol=high_vol + state_ext=neutral,2026-09-29 14:00:00+00:00,,-0.0030204962243798,,AFRM|1h|rolling|cross_TLT_state_vol=high_vol + state_ext=neutral|2026-09-29 14:00:00+00:00,rolling,69.525,2026-09-30T21:31:30.877999+00:00,69.315,,True,long,-0.0030204962243798,
AFRM,1h,cross_TLT_state_vol=high_vol + state_ext=neutral,2026-09-29 18:00:00+00:00,,0.0021551724137931,,AFRM|1h|rolling|cross_TLT_state_vol=high_vol + state_ext=neutral|2026-09-29 18:00:00+00:00,rolling,69.6,2026-09-30T21:31:34.739394+00:00,69.75,,True,long,0.0021551724137931,
AFRM,1h,cross_TLT_state_vol=high_vol + state_ext=neutral,2026-09-29 19:00:00+00:00,,0.0038952607660678,,AFRM|1h|rolling|cross_TLT_state_vol=high_vol + state_ext=neutral|2026-09-29 19:00:00+00:00,rolling,69.315,2026-09-30T21:31:36.888967+00:00,69.585,,True,long,0.0038952607660678,
AFRM,1h,cross_TLT_state_vol=high_vol + state_ext=neutral,2026-09-30 13:00:00+00:00,,0.0011504997483282,,AFRM|1h|rolling|cross_TLT_state_vol=high_vol + state_ext=neutral|2026-09-30 13:00:00+00:00,rolling,69.535,2026-09-30T21:31:43.324810+00:00,69.615,,True,long,0.0011504997483282,
AFRM,1h,cross_TLT_state_vol=high_vol + state_ext=neutral,2026-09-30 14:00:00+00:00,,-0.0093016599885517,,AFRM|1h|rolling|cross_TLT_state_vol=high_vol + state_ext=neutral|2026-09-30 14:00:00+00:00,rolling,69.88,2026-09-30T21:31:47.956282+00:00,69.23,,True,long,-0.0093016599885517,
AFRM,1h,cross_TLT_state_vol=high_vol + state_ext=neutral,2026-09-30 15:00:00+00:00,,,,AFRM|1h|rolling|cross_TLT_state_vol=high_vol + state_ext=neutral|2026-09-30 15:00:00+00:00,rolling,69.825,2026-09-30T21:31:53.455867+00:00,,,True,long,,
AFRM,1h,cross_TLT_state_vol=high_vol + state_ext=neutral,2026-09-30 16:00:00+00:00,,,,AFRM|1h|rolling|cross_TLT_state_vol=high_vol + state_ext=neutral|2026-09-30 16:00:00+00:00,rolling,69.75,2026-09-30T21:32:00.284162+00:00,,,True,long,,
AFRM,1h,cross_TLT_state_vol=high_vol + state_ext=neutral,2026-09-30 17:00:00+00:00,,,,AFRM|1h|rolling|cross_TLT_state_vol=high_vol + state_ext=neutral|2026-09-30 17:00:00+00:00,rolling,69.585,2026-09-30T21:32:05.862995+00:00,,,True,long,,
AFRM,1h,cross_TLT_state_vol=high_vol + state_ext=neutral,2026-09-30 18:00:00+00:00,,,,AFRM|1h|rolling|cross_TLT_state_vol=high_vol + state_ext=neutral|2026-09-30 18:00:00+00:00,rolling,69.615,2026-09-30T21:32:13.366528+00:00,,,True,long,,
AFRM,1h,cross_TLT_state_vol=high_vol + state_ext=neutral,2026-09-30 19:00:00+00:00,,,,AFRM|1h|rolling|cross_TLT_state_vol=high_vol + state_ext=neutral|2026-09-30 19:00:00+00:00,rolling,69.23,2026-09-30T21:32:24.149312+00:00,,,True,long,,
AFRM,1h,state_session=afternoon + state_ext=neutral + state_slope=flat,2026-07-13 19:30:00+00:00,,0.0078143890378179,-0.0048230068998975,AFRM|1h|rolling|state_session=afternoon + state_ext=neutral + state_slope=flat|2026-07-13 19:30:00+00:00,rolling,81.9000015258789,2026-07-17T16:18:55.594180+00:00,82.54,81.50499725341797,False,short,-0.0078143890378179,0.0048230068998975
AFRM,1h,state_session=afternoon + state_ext=neutral + state_slope=flat,2026-07-15 18:00:00+00:00,,0.0121044546850999,,AFRM|1h|rolling|state_session=afternoon + state_ext=neutral + state_slope=flat|2026-07-15 18:00:00+00:00,rolling,81.375,2026-07-17T16:18:56.066143+00:00,82.36,,True,short,-0.0121044546850999,
AFRM,1h,state_session=afternoon + state_ext=neutral + state_slope=flat,2026-07-15 19:00:00+00:00,,-0.0105907560453014,,AFRM|1h|rolling|state_session=afternoon + state_ext=neutral + state_slope=flat|2026-07-15 19:00:00+00:00,rolling,81.675,2026-07-17T16:18:56.421995+00:00,80.81,,True,short,0.0105907560453014,
AFRM,1h,state_session=morning + state_ext=neutral + state_slope=flat,2026-08-11 13:00:00+00:00,,0.0018297065934784,0.023198065738744,AFRM|1h|rolling|state_session=morning + state_ext=neutral + state_slope=flat|2026-08-11 13:00:00+00:00,rolling,76.515,2026-08-28T21:31:01.060267+00:00,76.655,78.29,False,short,-0.0018297065934784,-0.023198065738744
AFRM,1h,state_session=morning + state_ext=neutral + state_slope=flat,2026-08-11 14:00:00+00:00,,-0.0013670095039708,0.0257127978127846,AFRM|1h|rolling|state_session=morning + state_ext=neutral + state_slope=flat|2026-08-11 14:00:00+00:00,rolling,76.81,2026-08-28T21:31:01.076652+00:00,76.705,78.785,False,short,0.0013670095039708,-0.0257127978127846
AFRM,1h,state_session=morning + state_ext=neutral + state_slope=flat,2026-08-11 15:00:00+00:00,,-0.0082117987123899,0.0325844172907634,AFRM|1h|rolling|state_session=morning + state_ext=neutral + state_slope=flat|2026-08-11 15:00:00+00:00,rolling,76.11,2026-08-28T21:31:01.091870+00:00,75.485,78.59,False,short,0.0082117987123899,-0.0325844172907634
AFRM,1h,state_session=morning + state_ext=neutral + state_slope=flat,2026-08-12 13:00:00+00:00,,-0.0258991852685963,0.0376233688812346,AFRM|1h|rolling|state_session=morning + state_ext=neutral + state_slope=flat|2026-08-12 13:00:00+00:00,rolling,75.485,2026-08-28T21:31:02.833627+00:00,73.53,78.325,False,short,0.0258991852685963,-0.0376233688812346
AFRM,1h,state_session=morning + state_ext=neutral + state_slope=flat,2026-08-12 14:00:00+00:00,,-0.0266560572906306,0.0088190438299846,AFRM|1h|rolling|state_session=morning + state_ext=neutral + state_slope=flat|2026-08-12 14:00:00+00:00,rolling,75.405,2026-08-28T21:31:02.842361+00:00,73.395,76.07,False,short,0.0266560572906306,-0.0088190438299846
AFRM,1h,state_session=morning + state_ext=neutral + state_slope=flat,2026-08-21 13:00:00+00:00,,0.003418353931107,0.0245858532737313,AFRM|1h|rolling|state_session=morning + state_ext=neutral + state_slope=flat|2026-08-21 13:00:00+00:00,rolling,76.06,2026-08-28T21:31:16.060380+00:00,76.32,77.93,False,short,-0.003418353931107,-0.0245858532737313
AFRM,1h,state_session=morning + state_ext=neutral + state_slope=flat,2026-08-21 14:00:00+00:00,,0.0089104370045207,0.0102863133066892,AFRM|1h|rolling|state_session=morning + state_ext=neutral + state_slope=flat|2026-08-21 14:00:00+00:00,rolling,76.315,2026-08-28T21:31:16.083778+00:00,76.995,77.1,False,short,-0.0089104370045207,-0.0102863133066892
AFRM,1h,state_session=morning + state_ext=neutral + state_slope=flat,2026-08-21 15:00:00+00:00,,0.0182315405651776,0.0007162390936319,AFRM|1h|rolling|state_session=morning + state_ext=neutral + state_slope=flat|2026-08-21 15:00:00+00:00,rolling,76.79,2026-08-28T21:31:16.120511+00:00,78.19,76.845,False,short,-0.0182315405651776,-0.0007162390936319
AFRM,1h,state_session=morning + state_ext=neutral + state_slope=flat,2026-08-24 15:00:00+00:00,,-0.0021963824289406,-0.0005167958656331,AFRM|1h|rolling|state_session=morning + state_ext=neutral + state_slope=flat|2026-08-24 15:00:00+00:00,rolling,77.4,2026-08-28T21:31:19.740747+00:00,77.23,77.36,False,short,0.0021963824289406,0.0005167958656331
AFRM,1h,state_session=morning + state_ext=neutral + state_slope=flat,2026-08-26 13:00:00+00:00,,-0.0037613488975355,0.0082360570687418,AFRM|1h|rolling|state_session=morning + state_ext=neutral + state_slope=flat|2026-08-26 13:00:00+00:00,rolling,77.1,2026-08-28T21:31:30.396493+00:00,76.81,77.735,False,short,0.0037613488975355,-0.0082360570687418
AFRM,1h,state_session=morning + state_ext=neutral + state_slope=flat,2026-08-26 14:00:00+00:00,,-0.0066285417208212,,AFRM|1h|rolling|state_session=morning + state_ext=neutral + state_slope=flat|2026-08-26 14:00:00+00:00,rolling,76.94,2026-08-28T21:31:30.434534+00:00,76.43,,True,short,0.0066285417208212,
AFRM,1h,state_session=morning + state_ext=neutral + state_slope=flat,2026-08-26 15:00:00+00:00,,0.0166080500195389,,AFRM|1h|rolling|state_session=morning + state_ext=neutral + state_slope=flat|2026-08-26 15:00:00+00:00,rolling,76.77,2026-08-28T21:31:32.241506+00:00,78.045,,True,short,-0.0166080500195389,
AFRM,1h,state_session=morning + state_ext=neutral + state_slope=flat,2026-08-27 13:00:00+00:00,,-0.0187712217310526,,AFRM|1h|rolling|state_session=morning + state_ext=neutral + state_slope=flat|2026-08-27 13:00:00+00:00,rolling,78.045,2026-08-28T21:31:41.997708+00:00,76.58,,True,short,0.0187712217310526,
AFRM,1h,state_session=morning + state_ext=neutral + state_slope=flat,2026-08-27 14:00:00+00:00,,0.0023267838676319,,AFRM|1h|rolling|state_session=morning + state_ext=neutral + state_slope=flat|2026-08-27 14:00:00+00:00,rolling,77.36,2026-08-28T21:31:43.374097+00:00,77.54,,True,short,-0.0023267838676319,
AFRM,1h,state_session=morning + state_ext=neutral + state_slope=flat,2026-08-27 15:00:00+00:00,,0.1093232985142411,,AFRM|1h|rolling|state_session=morning + state_ext=neutral + state_slope=flat|2026-08-27 15:00:00+00:00,rolling,77.065,2026-08-28T21:31:44.427175+00:00,85.49,,True,short,-0.1093232985142411,
AFRM,1h,state_slope=downtrend + state_vol=mid_vol,2026-09-30 13:00:00+00:00,,0.0011504997483282,0.0179046523333574,AFRM|1h|rolling|state_slope=downtrend + state_vol=mid_vol|2026-09-30 13:00:00+00:00,rolling,69.535,2026-10-05T21:59:31.110771+00:00,69.615,70.78,False,long,0.0011504997483282,0.0179046523333574
AFRM,1h,state_slope=downtrend + state_vol=mid_vol,2026-09-30 14:00:00+00:00,,-0.0093016599885517,0.041785918717802,AFRM|1h|rolling|state_slope=downtrend + state_vol=mid_vol|2026-09-30 14:00:00+00:00,rolling,69.88,2026-10-05T21:59:31.179441+00:00,69.23,72.8,False,long,-0.0093016599885517,0.041785918717802
AFRM,1h,state_volume=vol_quiet + state_ext=neutral + state_slope=uptrend,2026-10-07 13:00:00+00:00,,0.025258011950027193,,AFRM|1h|rolling|state_volume=vol_quiet + state_ext=neutral + state_slope=uptrend|2026-10-07 13:00:00+00:00,rolling,73.64,2026-10-07T19:43:20.706186+00:00,75.5,,True,long,0.025258011950027193,
AFRM,1h,state_volume=vol_quiet + state_ext=neutral + state_slope=uptrend,2026-10-07 14:00:00+00:00,,0.0105969148222671,,AFRM|1h|rolling|state_volume=vol_quiet + state_ext=neutral + state_slope=uptrend|2026-10-07 14:00:00+00:00,rolling,74.55,2026-10-07T19:43:24.619583+00:00,75.34,,True,long,0.0105969148222671,
AFRM,1h,state_volume=vol_quiet + state_ext=neutral + state_slope=uptrend,2026-10-07 15:00:00+00:00,,,,AFRM|1h|rolling|state_volume=vol_quiet + state_ext=neutral + state_slope=uptrend|2026-10-07 15:00:00+00:00,rolling,74.375,2026-10-07T19:43:28.552662+00:00,,,True,long,,
AMAT,15m,state_session=afternoon + state_ret_5=ret_down,2026-07-28 18:00:00+00:00,,0.0189493908747335,-0.0647129615944935,AMAT|15m|rolling|state_session=afternoon + state_ret_5=ret_down|2026-07-28 18:00:00+00:00,rolling,473.63,2026-08-19T21:31:12.434034+00:00,482.605,442.98,False,long,0.0189493908747335,-0.0647129615944935
AMAT,15m,state_session=afternoon + state_ret_5=ret_down,2026-07-29 19:45:00+00:00,,0.1515096023988829,0.1386453636093116,AMAT|15m|rolling|state_session=afternoon + state_ret_5=ret_down|2026-07-29 19:45:00+00:00,rolling,436.87,2026-08-19T21:31:14.644405+00:00,503.06,497.44,False,long,0.1515096023988829,0.1386453636093116
AMAT,15m,state_session=afternoon + state_ret_5=ret_down,2026-07-31 18:00:00+00:00,,0.0022577317581113,-0.0033865976371669,AMAT|15m|rolling|state_session=afternoon + state_ret_5=ret_down|2026-07-31 18:00:00+00:00,rolling,513.79,2026-08-19T21:31:16.077201+00:00,514.95,512.05,False,long,0.0022577317581113,-0.0033865976371669
AMAT,15m,state_session=afternoon + state_ret_5=ret_down,2026-07-31 19:00:00+00:00,,-0.0206978234277613,-0.001941634467895,AMAT|15m|rolling|state_session=afternoon + state_ret_5=ret_down|2026-07-31 19:00:00+00:00,rolling,515.03,2026-08-19T21:31:16.097991+00:00,504.37,514.03,False,long,-0.0206978234277613,-0.001941634467895
AMAT,15m,state_session=afternoon + state_ret_5=ret_down,2026-07-31 19:45:00+00:00,,0.0028932451582428,0.0153519130845536,AMAT|15m|rolling|state_session=afternoon + state_ret_5=ret_down|2026-07-31 19:45:00+00:00,rolling,508.08,2026-08-19T21:31:16.117563+00:00,509.55,515.88,False,long,0.0028932451582428,0.0153519130845536
AMAT,15m,state_session=afternoon + state_ret_5=ret_down,2026-08-03 19:00:00+00:00,,0.0498033312290584,0.0642062836886319,AMAT|15m|rolling|state_session=afternoon + state_ret_5=ret_down|2026-08-03 19:00:00+00:00,rolling,514.825,2026-08-19T21:31:16.129845+00:00,540.465,547.88,False,long,0.0498033312290584,0.0642062836886319
AMAT,15m,state_session=afternoon + state_ret_5=ret_down,2026-08-05 18:00:00+00:00,,0.0050569602667407,-0.0163749189589701,AMAT|15m|rolling|state_session=afternoon + state_ret_5=ret_down|2026-08-05 18:00:00+00:00,rolling,539.85,2026-08-19T21:31:18.528795+00:00,542.58,531.01,False,long,0.0050569602667407,-0.0163749189589701
AMAT,15m,state_session=afternoon + state_ret_5=ret_down,2026-08-05 19:45:00+00:00,,-0.000515183873808,-0.005339178328556,AMAT|15m|rolling|state_session=afternoon + state_ret_5=ret_down|2026-08-05 19:45:00+00:00,rolling,533.79,2026-08-19T21:31:21.011674+00:00,533.515,530.94,False,long,-0.000515183873808,-0.005339178328556
AMAT,15m,state_session=afternoon + state_ret_5=ret_down,2026-08-07 18:00:00+00:00,,0.0051594397258232,-0.0130382953360155,AMAT|15m|rolling|state_session=afternoon + state_ret_5=ret_down|2026-08-07 18:00:00+00:00,rolling,536.88,2026-08-19T21:31:23.108201+00:00,539.65,529.88,False,long,0.0051594397258232,-0.0130382953360155
AMAT,15m,state_session=afternoon + state_ret_5=ret_down,2026-08-07 18:30:00+00:00,,0.0033340162789397,-0.0135502616923391,AMAT|15m|rolling|state_session=afternoon + state_ret_5=ret_down|2026-08-07 18:30:00+00:00,rolling,536.89,2026-08-19T21:31:23.121435+00:00,538.68,529.615,False,long,0.0033340162789397,-0.0135502616923391
AMAT,15m,state_session=afternoon + state_ret_5=ret_down,2026-08-10 19:45:00+00:00,,0.0199942545245619,0.0030451019821891,AMAT|15m|rolling|state_session=afternoon + state_ret_5=ret_down|2026-08-10 19:45:00+00:00,rolling,522.15,2026-08-19T21:31:26.571033+00:00,532.59,523.74,False,long,0.0199942545245619,0.0030451019821891
AMAT,15m,state_session=afternoon + state_ret_5=ret_down,2026-08-12 19:00:00+00:00,,0.0098433434617273,0.0172576918178344,AMAT|15m|rolling|state_session=afternoon + state_ret_5=ret_down|2026-08-12 19:00:00+00:00,rolling,549.61,2026-08-19T21:31:29.382906+00:00,555.02,559.095,False,long,0.0098433434617273,0.0172576918178344
AMAT,15m,state_session=afternoon + state_ret_5=ret_down,2026-08-12 19:45:00+00:00,,0.0170659665244503,0.0139846114575354,AMAT|15m|rolling|state_session=afternoon + state_ret_5=ret_down|2026-08-12 19:45:00+00:00,rolling,548.46,2026-08-19T21:31:29.597645+00:00,557.82,556.13,False,long,0.0170659665244503,0.0139846114575354
AMAT,15m,state_session=afternoon + state_ret_5=ret_down,2026-08-13 18:15:00+00:00,,-0.0416378512856899,-0.0903710223547481,AMAT|15m|rolling|state_session=afternoon + state_ret_5=ret_down|2026-08-13 18:15:00+00:00,rolling,556.705,2026-08-19T21:31:31.426729+00:00,533.525,506.395,False,long,-0.0416378512856899,-0.0903710223547481
AMAT,15m,state_session=afternoon + state_ret_5=ret_down,2026-08-13 19:00:00+00:00,,-0.0673487406814065,-0.0820127251708977,AMAT|15m|rolling|state_session=afternoon + state_ret_5=ret_down|2026-08-13 19:00:00+00:00,rolling,549.305,2026-08-19T21:31:31.462440+00:00,512.31,504.255,False,long,-0.0673487406814065,-0.0820127251708977
AMAT,15m,state_session=afternoon + state_ret_5=ret_down,2026-08-13 19:15:00+00:00,,-0.0637532227354304,-0.0810261736223091,AMAT|15m|rolling|state_session=afternoon + state_ret_5=ret_down|2026-08-13 19:15:00+00:00,rolling,548.835,2026-08-19T21:31:31.526818+00:00,513.845,504.365,False,long,-0.0637532227354304,-0.0810261736223091
AMAT,15m,state_session=afternoon + state_ret_5=ret_down,2026-08-13 19:45:00+00:00,,-0.0438280477106005,-0.0582942900341589,AMAT|15m|rolling|state_session=afternoon + state_ret_5=ret_down|2026-08-13 19:45:00+00:00,rolling,535.73,2026-08-19T21:31:31.574743+00:00,512.25,504.5,False,long,-0.0438280477106005,-0.0582942900341589
AMAT,15m,state_session=afternoon + state_ret_5=ret_down,2026-08-14 18:15:00+00:00,,0.0022088611983319,0.0674445556028804,AMAT|15m|rolling|state_session=afternoon + state_ret_5=ret_down|2026-08-14 18:15:00+00:00,rolling,504.785,2026-08-19T21:31:35.585038+00:00,505.9,538.83,False,long,0.0022088611983319,0.0674445556028804
AMAT,15m,state_session=afternoon + state_ret_5=ret_down,2026-08-17 18:00:00+00:00,,-0.0059982303357705,-0.0568434778559121,AMAT|15m|rolling|state_session=afternoon + state_ret_5=ret_down|2026-08-17 18:00:00+00:00,rolling,536.825,2026-08-19T21:31:46.483731+00:00,533.605,506.31,False,long,-0.0059982303357705,-0.0568434778559121
AMAT,15m,state_session=afternoon + state_ret_5=ret_down,2026-08-17 19:15:00+00:00,,-0.0604660731652575,-0.0561550834143786,AMAT|15m|rolling|state_session=afternoon + state_ret_5=ret_down|2026-08-17 19:15:00+00:00,rolling,534.68,2026-08-19T21:31:58.130485+00:00,502.35,504.655,False,long,-0.0604660731652575,-0.0561550834143786
AMAT,15m,state_session=afternoon + state_ret_5=ret_down,2026-08-17 19:45:00+00:00,,-0.0558249026146904,-0.0539659408308345,AMAT|15m|rolling|state_session=afternoon + state_ret_5=ret_down|2026-08-17 19:45:00+00:00,rolling,535.245,2026-08-19T21:31:58.156411+00:00,505.365,506.36,False,long,-0.0558249026146904,-0.0539659408308345
AMAT,15m,state_session=afternoon + state_ret_5=ret_down,2026-08-18 18:00:00+00:00,,0.011120022972799,-0.0194773688223469,AMAT|15m|rolling|state_session=afternoon + state_ret_5=ret_down|2026-08-18 18:00:00+00:00,rolling,504.945,2026-08-19T21:32:06.531947+00:00,510.56,495.11,False,long,0.011120022972799,-0.0194773688223469
AMAT,15m,state_session=afternoon + state_ret_5=ret_down,2026-08-19 18:15:00+00:00,,0.0096549057909087,,AMAT|15m|rolling|state_session=afternoon + state_ret_5=ret_down|2026-08-19 18:15:00+00:00,rolling,491.46,2026-08-19T21:32:32.202745+00:00,496.205,,True,long,0.0096549057909087,
AMAT,1d,cross_USO_state_vol=high_vol + state_ext=stretched_down,2026-07-17 04:00:00+00:00,,,,AMAT|1d|rolling|cross_USO_state_vol=high_vol + state_ext=stretched_down|2026-07-17,rolling,529.6599731445312,2026-07-22T21:21:31.671780+00:00,,,True,long,,
AMAT,1d,cross_USO_state_vol=high_vol + state_ext=stretched_down,2026-07-20 04:00:00+00:00,,,,AMAT|1d|rolling|cross_USO_state_vol=high_vol + state_ext=stretched_down|2026-07-20,rolling,525.7000122070312,2026-07-22T21:21:49.525587+00:00,,,True,long,,
AMAT,1d,cross_USO_state_vol=high_vol + state_ext=stretched_down,2026-07-21 04:00:00+00:00,,,,AMAT|1d|rolling|cross_USO_state_vol=high_vol + state_ext=stretched_down|2026-07-21,rolling,564.5499877929688,2026-07-22T21:22:06.400404+00:00,,,True,long,,
AMAT,1d,state_ext=stretched_down + state_ret_5=ret_down,2026-07-27 04:00:00+00:00,,,,AMAT|1d|rolling|state_ext=stretched_down + state_ret_5=ret_down|2026-07-27,rolling,516.8900146484375,2026-07-29T21:25:45.417113+00:00,,,True,long,,
AMAT,1d,state_ext=stretched_down + state_ret_5=ret_down,2026-07-28 04:00:00+00:00,,,,AMAT|1d|rolling|state_ext=stretched_down + state_ret_5=ret_down|2026-07-28,rolling,476.4599914550781,2026-07-29T21:27:28.349332+00:00,,,True,long,,
AMAT,1h,state_session=afternoon + state_ret_5=ret_down,2026-07-31 19:00:00+00:00,,,,AMAT|1h|rolling|state_session=afternoon + state_ret_5=ret_down|2026-07-31 19:00:00+00:00,rolling,508.08,2026-07-31T21:28:07.430690+00:00,,,True,long,,
AMC,15m,cross_USO_state_slope=downtrend + state_ext=neutral,2026-09-28 19:45:00+00:00,,-0.0167173252279635,-0.0759878419452887,AMC|15m|rolling|cross_USO_state_slope=downtrend + state_ext=neutral|2026-09-28 19:45:00+00:00,rolling,3.29,2026-10-01T21:33:16.441642+00:00,3.235,3.04,False,long,-0.0167173252279635,-0.0759878419452887
AMC,15m,cross_USO_state_slope=downtrend + state_ext=neutral,2026-09-29 14:00:00+00:00,,-0.0152905198776758,-0.0626911314984709,AMC|15m|rolling|cross_USO_state_slope=downtrend + state_ext=neutral|2026-09-29 14:00:00+00:00,rolling,3.27,2026-10-01T21:33:16.476386+00:00,3.22,3.065,False,long,-0.0152905198776758,-0.0626911314984709
AMC,15m,cross_USO_state_slope=downtrend + state_ext=neutral,2026-09-29 14:15:00+00:00,,-0.0183767228177641,-0.0597243491577336,AMC|15m|rolling|cross_USO_state_slope=downtrend + state_ext=neutral|2026-09-29 14:15:00+00:00,rolling,3.265,2026-10-01T21:33:16.504987+00:00,3.205,3.07,False,long,-0.0183767228177641,-0.0597243491577336
AMC,15m,cross_USO_state_slope=downtrend + state_ext=neutral,2026-09-29 19:15:00+00:00,,0.0130505709624795,0.0130505709624795,AMC|15m|rolling|cross_USO_state_slope=downtrend + state_ext=neutral|2026-09-29 19:15:00+00:00,rolling,3.065,2026-10-01T21:33:20.267239+00:00,3.105,3.105,False,long,0.0130505709624795,0.0130505709624795
AMC,15m,cross_USO_state_slope=downtrend + state_ext=neutral,2026-09-29 19:45:00+00:00,,0.011400651465798,0.001628664495114,AMC|15m|rolling|cross_USO_state_slope=downtrend + state_ext=neutral|2026-09-29 19:45:00+00:00,rolling,3.07,2026-10-01T21:33:21.061156+00:00,3.105,3.075,False,long,0.011400651465798,0.001628664495114
AMC,15m,cross_USO_state_slope=downtrend + state_ext=neutral,2026-09-30 18:15:00+00:00,,0.0048622366288493,-0.1150729335494327,AMC|15m|rolling|cross_USO_state_slope=downtrend + state_ext=neutral|2026-09-30 18:15:00+00:00,rolling,3.085,2026-10-01T21:33:29.401791+00:00,3.1,2.73,False,long,0.0048622366288493,-0.1150729335494327
AMC,15m,cross_USO_state_slope=downtrend + state_ext=neutral,2026-09-30 19:15:00+00:00,,-0.0789049919484702,-0.1223832528180354,AMC|15m|rolling|cross_USO_state_slope=downtrend + state_ext=neutral|2026-09-30 19:15:00+00:00,rolling,3.105,2026-10-01T21:33:30.807444+00:00,2.86,2.725,False,long,-0.0789049919484702,-0.1223832528180354
AMC,1h,cross_TLT_state_slope=flat + state_slope=flat,2026-07-16 19:00:00+00:00,,-0.0585366109522377,0.1756097560975611,AMC|1h|rolling|cross_TLT_state_slope=flat + state_slope=flat|2026-07-16 19:00:00+00:00,rolling,2.05,2026-07-20T20:18:41.899482+00:00,1.9299999475479128,2.41,False,short,0.0585366109522377,-0.1756097560975611
AMC,1h,cross_TLT_state_slope=flat + state_slope=flat,2026-07-17 13:00:00+00:00,,0.0198461703765087,0.2564102564102566,AMC|1h|rolling|cross_TLT_state_slope=flat + state_slope=flat|2026-07-17 13:00:00+00:00,rolling,1.95,2026-07-20T20:18:41.910469+00:00,1.988700032234192,2.45,False,short,-0.0198461703765087,-0.2564102564102566
AMC,1h,cross_TLT_state_slope=flat + state_slope=flat,2026-07-17 14:00:00+00:00,,0.0259740383594067,,AMC|1h|rolling|cross_TLT_state_slope=flat + state_slope=flat|2026-07-17 14:00:00+00:00,rolling,1.925,2026-07-20T20:18:41.920217+00:00,1.975000023841858,,True,short,-0.0259740383594067,
AMC,1h,cross_TLT_state_slope=flat + state_slope=flat,2026-07-17 15:00:00+00:00,,-0.0127226171906061,,AMC|1h|rolling|cross_TLT_state_slope=flat + state_slope=flat|2026-07-17 15:00:00+00:00,rolling,1.965,2026-07-20T20:18:42.039716+00:00,1.940000057220459,,True,short,0.0127226171906061,
AMC,1h,cross_TLT_state_slope=flat + state_slope=flat,2026-07-20 13:00:00+00:00,,0.10250569476082,,AMC|1h|rolling|cross_TLT_state_slope=flat + state_slope=flat|2026-07-20 13:00:00+00:00,rolling,2.195,2026-07-20T20:18:43.143666+00:00,2.42,,True,short,-0.10250569476082,
AMT,1h,cross_USO_state_slope=uptrend + state_slope=downtrend,2026-07-20 19:00:00+00:00,,-0.0156264032330489,,AMT|1h|rolling|cross_USO_state_slope=uptrend + state_slope=downtrend|2026-07-20 19:00:00+00:00,rolling,167.025,2026-07-22T21:21:35.866305+00:00,164.415,,True,long,-0.0156264032330489,
AMT,1h,cross_USO_state_slope=uptrend + state_slope=downtrend,2026-07-21 13:00:00+00:00,,-0.0095641646489103,,AMT|1h|rolling|cross_USO_state_slope=uptrend + state_slope=downtrend|2026-07-21 13:00:00+00:00,rolling,165.2,2026-07-22T21:21:36.570925+00:00,163.62,,True,long,-0.0095641646489103,
AMT,1h,cross_USO_state_slope=uptrend + state_slope=downtrend,2026-07-21 14:00:00+00:00,,-0.013107822410148,,AMT|1h|rolling|cross_USO_state_slope=uptrend + state_slope=downtrend|2026-07-21 14:00:00+00:00,rolling,165.55,2026-07-22T21:21:38.665698+00:00,163.38,,True,long,-0.013107822410148,
AMT,1h,cross_USO_state_slope=uptrend + state_slope=downtrend,2026-07-21 15:00:00+00:00,,-0.0052137011215519,,AMT|1h|rolling|cross_USO_state_slope=uptrend + state_slope=downtrend|2026-07-21 15:00:00+00:00,rolling,164.95,2026-07-22T21:21:40.795743+00:00,164.09,,True,long,-0.0052137011215519,
AMT,1h,cross_USO_state_slope=uptrend + state_slope=downtrend,2026-07-21 16:00:00+00:00,,0.0066599762795365,,AMT|1h|rolling|cross_USO_state_slope=uptrend + state_slope=downtrend|2026-07-21 16:00:00+00:00,rolling,164.415,2026-07-22T21:21:43.214980+00:00,165.51,,True,long,0.0066599762795365,
AMT,1h,cross_USO_state_slope=uptrend + state_slope=downtrend,2026-07-21 17:00:00+00:00,,0.0115594595418917,,AMT|1h|rolling|cross_USO_state_slope=uptrend + state_slope=downtrend|2026-07-21 17:00:00+00:00,rolling,163.935,2026-07-22T21:21:45.661833+00:00,165.83,,True,long,0.0115594595418917,
AMT,1h,cross_USO_state_slope=uptrend + state_slope=downtrend,2026-07-21 18:00:00+00:00,,0.014118078474514,,AMT|1h|rolling|cross_USO_state_slope=uptrend + state_slope=downtrend|2026-07-21 18:00:00+00:00,rolling,163.62,2026-07-22T21:21:47.419182+00:00,165.93,,True,long,0.014118078474514,
AMT,1h,cross_USO_state_slope=uptrend + state_slope=downtrend,2026-07-21 19:00:00+00:00,,0.0184845146284735,,AMT|1h|rolling|cross_USO_state_slope=uptrend + state_slope=downtrend|2026-07-21 19:00:00+00:00,rolling,163.38,2026-07-22T21:21:54.065219+00:00,166.4,,True,long,0.0184845146284735,
AMT,1h,cross_USO_state_slope=uptrend + state_slope=downtrend,2026-07-22 13:00:00+00:00,,0.0102382838686088,,AMT|1h|rolling|cross_USO_state_slope=uptrend + state_slope=downtrend|2026-07-22 13:00:00+00:00,rolling,164.09,2026-07-22T21:21:55.480266+00:00,165.77,,True,long,0.0102382838686088,
AMT,1h,cross_USO_state_slope=uptrend + state_slope=downtrend,2026-07-22 14:00:00+00:00,,0.0032022234306083,,AMT|1h|rolling|cross_USO_state_slope=uptrend + state_slope=downtrend|2026-07-22 14:00:00+00:00,rolling,165.51,2026-07-22T21:21:56.860199+00:00,166.04,,True,long,0.0032022234306083,
AMT,1h,cross_USO_state_slope=uptrend + state_slope=downtrend,2026-07-22 15:00:00+00:00,,,,AMT|1h|rolling|cross_USO_state_slope=uptrend + state_slope=downtrend|2026-07-22 15:00:00+00:00,rolling,165.83,2026-07-22T21:21:57.942299+00:00,,,True,long,,
AMT,1h,cross_USO_state_slope=uptrend + state_slope=downtrend,2026-07-22 16:00:00+00:00,,,,AMT|1h|rolling|cross_USO_state_slope=uptrend + state_slope=downtrend|2026-07-22 16:00:00+00:00,rolling,165.93,2026-07-22T21:22:00.110813+00:00,,,True,long,,
AMT,1h,cross_USO_state_slope=uptrend + state_slope=downtrend,2026-07-22 17:00:00+00:00,,,,AMT|1h|rolling|cross_USO_state_slope=uptrend + state_slope=downtrend|2026-07-22 17:00:00+00:00,rolling,166.4,2026-07-22T21:22:02.151599+00:00,,,True,long,,
AMT,1h,cross_USO_state_slope=uptrend + state_slope=downtrend,2026-07-22 18:00:00+00:00,,,,AMT|1h|rolling|cross_USO_state_slope=uptrend + state_slope=downtrend|2026-07-22 18:00:00+00:00,rolling,165.77,2026-07-22T21:22:04.411804+00:00,,,True,long,,
ARKG,15m,cross_USO_state_ext=neutral + cross_TLT_state_slope=downtrend + state_ext=stretched_up,2026-10-05 15:00:00+00:00,,0.0112788793887574,,ARKG|15m|rolling|cross_USO_state_ext=neutral + cross_TLT_state_slope=downtrend + state_ext=stretched_up|2026-10-05 15:00:00+00:00,rolling,54.97,2026-10-05T22:00:02.327364+00:00,55.59,,True,short,-0.0112788793887574,
ARKG,15m,cross_USO_state_ext=neutral + cross_TLT_state_slope=downtrend + state_ext=stretched_up,2026-10-05 15:15:00+00:00,,0.0073542763755221,,ARKG|15m|rolling|cross_USO_state_ext=neutral + cross_TLT_state_slope=downtrend + state_ext=stretched_up|2026-10-05 15:15:00+00:00,rolling,55.07,2026-10-05T22:00:07.614647+00:00,55.475,,True,short,-0.0073542763755221,
ARKG,15m,cross_USO_state_ext=neutral + cross_TLT_state_slope=downtrend + state_ext=stretched_up,2026-10-05 16:15:00+00:00,,0.0037776578521315,,ARKG|15m|rolling|cross_USO_state_ext=neutral + cross_TLT_state_slope=downtrend + state_ext=stretched_up|2026-10-05 16:15:00+00:00,rolling,55.59,2026-10-05T22:00:13.148887+00:00,55.8,,True,short,-0.0037776578521315,
ARKG,15m,cross_USO_state_ext=neutral + cross_TLT_state_slope=downtrend + state_ext=stretched_up,2026-10-05 18:15:00+00:00,,0.011913229018492,,ARKG|15m|rolling|cross_USO_state_ext=neutral + cross_TLT_state_slope=downtrend + state_ext=stretched_up|2026-10-05 18:15:00+00:00,rolling,56.24,2026-10-05T22:00:16.224685+00:00,56.91,,True,short,-0.011913229018492,
ARKG,15m,cross_USO_state_ext=stretched_down + cross_TLT_state_slope=uptrend + state_ext=neutral,2026-08-13 14:00:00+00:00,,-0.0093541202672605,-0.0077951002227172,ARKG|15m|rolling|cross_USO_state_ext=stretched_down + cross_TLT_state_slope=uptrend + state_ext=neutral|2026-08-13 14:00:00+00:00,rolling,44.9,2026-08-27T21:31:15.241727+00:00,44.48,44.55,False,long,-0.0093541202672605,-0.0077951002227172
ARKG,15m,cross_USO_state_ext=stretched_down + cross_TLT_state_slope=uptrend + state_ext=neutral,2026-08-13 14:15:00+00:00,,-0.008238699621465,-0.0111333778668447,ARKG|15m|rolling|cross_USO_state_ext=stretched_down + cross_TLT_state_slope=uptrend + state_ext=neutral|2026-08-13 14:15:00+00:00,rolling,44.91,2026-08-27T21:31:15.310749+00:00,44.54,44.41,False,long,-0.008238699621465,-0.0111333778668447
ARKG,1h,state_volume=vol_quiet + state_ext=neutral,2026-07-21 14:00:00+00:00,,0.0096914052537617,,ARKG|1h|rolling|state_volume=vol_quiet + state_ext=neutral|2026-07-21 14:00:00+00:00,rolling,39.21,2026-07-22T21:21:39.039867+00:00,39.59,,True,short,-0.0096914052537617,
ARKG,1h,state_volume=vol_quiet + state_ext=neutral,2026-07-21 15:00:00+00:00,,-0.0059903135355594,,ARKG|1h|rolling|state_volume=vol_quiet + state_ext=neutral|2026-07-21 15:00:00+00:00,rolling,39.23,2026-07-22T21:21:41.181659+00:00,38.995,,True,short,0.0059903135355594,
ARKG,1h,state_volume=vol_quiet + state_ext=neutral,2026-07-21 16:00:00+00:00,,-0.0122168490710103,,ARKG|1h|rolling|state_volume=vol_quiet + state_ext=neutral|2026-07-21 16:00:00+00:00,rolling,39.29,2026-07-22T21:21:43.572962+00:00,38.81,,True,short,0.0122168490710103,
ARKG,1h,state_volume=vol_quiet + state_ext=neutral,2026-07-21 17:00:00+00:00,,-0.0036844111294624,,ARKG|1h|rolling|state_volume=vol_quiet + state_ext=neutral|2026-07-21 17:00:00+00:00,rolling,39.355,2026-07-22T21:21:46.024294+00:00,39.21,,True,short,0.0036844111294624,
ARKG,1h,state_volume=vol_quiet + state_ext=neutral,2026-07-21 18:00:00+00:00,,-0.0067421447652969,,ARKG|1h|rolling|state_volume=vol_quiet + state_ext=neutral|2026-07-21 18:00:00+00:00,rolling,39.305,2026-07-22T21:21:47.777268+00:00,39.04,,True,short,0.0067421447652969,
ARKG,1h,state_volume=vol_quiet + state_ext=neutral,2026-07-21 19:00:00+00:00,,-0.0136398080323315,,ARKG|1h|rolling|state_volume=vol_quiet + state_ext=neutral|2026-07-21 19:00:00+00:00,rolling,39.59,2026-07-22T21:21:50.205476+00:00,39.05,,True,short,0.0136398080323315,
ARKG,1h,state_volume=vol_quiet + state_ext=neutral,2026-07-22 13:00:00+00:00,,0.0008975509680728,,ARKG|1h|rolling|state_volume=vol_quiet + state_ext=neutral|2026-07-22 13:00:00+00:00,rolling,38.995,2026-07-22T21:21:55.828073+00:00,39.03,,True,short,-0.0008975509680728,
ARKG,1h,state_volume=vol_quiet + state_ext=neutral,2026-07-22 14:00:00+00:00,,0.0012883277505797,,ARKG|1h|rolling|state_volume=vol_quiet + state_ext=neutral|2026-07-22 14:00:00+00:00,rolling,38.81,2026-07-22T21:21:57.234113+00:00,38.86,,True,short,-0.0012883277505797,
ARKG,1h,state_volume=vol_quiet + state_ext=neutral,2026-07-22 15:00:00+00:00,,,,ARKG|1h|rolling|state_volume=vol_quiet + state_ext=neutral|2026-07-22 15:00:00+00:00,rolling,39.21,2026-07-22T21:21:58.624161+00:00,,,True,short,,
ARKG,1h,state_volume=vol_quiet + state_ext=neutral,2026-07-22 16:00:00+00:00,,,,ARKG|1h|rolling|state_volume=vol_quiet + state_ext=neutral|2026-07-22 16:00:00+00:00,rolling,39.04,2026-07-22T21:22:00.725329+00:00,,,True,short,,
ARKG,1h,state_volume=vol_quiet + state_ext=neutral,2026-07-22 17:00:00+00:00,,,,ARKG|1h|rolling|state_volume=vol_quiet + state_ext=neutral|2026-07-22 17:00:00+00:00,rolling,39.05,2026-07-22T21:22:02.822628+00:00,,,True,short,,
ARKG,1h,state_volume=vol_quiet + state_ext=neutral,2026-07-22 18:00:00+00:00,,,,ARKG|1h|rolling|state_volume=vol_quiet + state_ext=neutral|2026-07-22 18:00:00+00:00,rolling,39.03,2026-07-22T21:22:04.958179+00:00,,,True,short,,
ARKG,1h,state_volume=vol_quiet + state_ext=neutral,2026-07-22 19:00:00+00:00,,,,ARKG|1h|rolling|state_volume=vol_quiet + state_ext=neutral|2026-07-22 19:00:00+00:00,rolling,38.86,2026-07-22T21:22:07.008296+00:00,,,True,short,,
ARKG,1h,state_volume=vol_quiet + state_ext=neutral + state_slope=flat,2026-07-23 18:00:00+00:00,,,,ARKG|1h|rolling|state_volume=vol_quiet + state_ext=neutral + state_slope=flat|2026-07-23 18:00:00+00:00,rolling,38.79,2026-07-23T21:19:03.622379+00:00,,,True,short,,
ARKG,1h,state_volume=vol_quiet + state_ext=neutral + state_slope=flat,2026-07-23 19:00:00+00:00,,,,ARKG|1h|rolling|state_volume=vol_quiet + state_ext=neutral + state_slope=flat|2026-07-23 19:00:00+00:00,rolling,38.81,2026-07-23T21:19:05.066359+00:00,,,True,short,,
ARKW,1d,state_volume=vol_normal + state_ext=neutral + state_slope=uptrend,2026-09-28 04:00:00+00:00,,0.03319416036086653,,ARKW|1d|rolling|state_volume=vol_normal + state_ext=neutral + state_slope=uptrend|2026-09-28,rolling,160.57000732421875,2026-10-07T19:42:37.003389+00:00,165.89999389648438,,True,long,0.03319416036086653,
ARKW,1d,state_volume=vol_normal + state_slope=uptrend,2026-08-13 04:00:00+00:00,,-0.020771108652167358,0.004284069015763503,ARKW|1d|rolling|state_volume=vol_normal + state_slope=uptrend|2026-08-13,rolling,154.05999755859375,2026-10-07T19:42:27.228389+00:00,150.86000061035156,154.72000122070312,False,long,-0.020771108652167358,0.004284069015763503
ARKW,1d,state_volume=vol_normal + state_slope=uptrend,2026-08-14 04:00:00+00:00,,-0.006366926037692733,0.020610431662962503,ARKW|1d|rolling|state_volume=vol_normal + state_slope=uptrend|2026-08-14,rolling,152.35000610351562,2026-10-07T19:42:27.306651+00:00,151.3800048828125,155.49000549316406,False,long,-0.006366926037692733,0.020610431662962503
ARKW,1d,state_volume=vol_normal + state_slope=uptrend,2026-08-17 04:00:00+00:00,,0.006770516967315565,0.01643331308590823,ARKW|1d|rolling|state_volume=vol_normal + state_slope=uptrend|2026-08-17,rolling,152.1300048828125,2026-10-07T19:42:27.374428+00:00,153.16000366210938,154.6300048828125,False,long,0.006770516967315565,0.01643331308590823
ARKW,1d,state_volume=vol_normal + state_slope=uptrend,2026-08-19 04:00:00+00:00,,0.027575259480834946,0.040766232742957875,ARKW|1d|rolling|state_volume=vol_normal + state_slope=uptrend|2026-08-19,rolling,150.86000061035156,2026-10-07T19:42:27.749807+00:00,155.02000427246094,157.00999450683594,False,long,0.027575259480834946,0.040766232742957875
ARKW,1d,state_volume=vol_normal + state_slope=uptrend,2026-08-20 04:00:00+00:00,,0.04703392051479516,0.0502047205680165,ARKW|1d|rolling|state_volume=vol_normal + state_slope=uptrend|2026-08-20,rolling,151.3800048828125,2026-10-07T19:42:27.916878+00:00,158.5,158.97999572753906,False,long,0.04703392051479516,0.0502047205680165
ARKW,1d,state_volume=vol_normal + state_slope=uptrend,2026-08-21 04:00:00+00:00,,-0.0019294040848882865,0.06270499489067571,ARKW|1d|rolling|state_volume=vol_normal + state_slope=uptrend|2026-08-21,rolling,155.49000549316406,2026-10-07T19:42:28.013710+00:00,155.19000244140625,165.24000549316406,False,long,-0.0019294040848882865,0.06270499489067571
ARKW,1d,state_volume=vol_normal + state_slope=uptrend,2026-08-24 04:00:00+00:00,,0.025594137341451884,0.08311566612144428,ARKW|1d|rolling|state_volume=vol_normal + state_slope=uptrend|2026-08-24,rolling,153.16000366210938,2026-10-07T19:42:28.419503+00:00,157.0800018310547,165.88999938964844,False,long,0.025594137341451884,0.08311566612144428
ARKW,1d,state_volume=vol_normal + state_slope=uptrend,2026-08-27 04:00:00+00:00,,0.012050496290910928,0.03394324847200325,ARKW|1d|rolling|state_volume=vol_normal + state_slope=uptrend|2026-08-27,rolling,158.5,2026-10-07T19:42:28.817108+00:00,160.41000366210938,163.8800048828125,False,long,0.012050496290910928,0.03394324847200325
ARKW,1d,state_volume=vol_normal + state_slope=uptrend,2026-09-28 04:00:00+00:00,,0.03319416036086653,,ARKW|1d|rolling|state_volume=vol_normal + state_slope=uptrend|2026-09-28,rolling,160.57000732421875,2026-10-07T19:42:37.106634+00:00,165.89999389648438,,True,long,0.03319416036086653,
ARKW,1d,state_volume=vol_normal + state_slope=uptrend,2026-10-06 04:00:00+00:00,,,,ARKW|1d|rolling|state_volume=vol_normal + state_slope=uptrend|2026-10-06,rolling,167.3300018310547,2026-10-07T19:43:39.154972+00:00,,,True,long,,
ARM,1h,state_slope=uptrend + state_vol=low_vol,2026-08-26 19:00:00+00:00,,-0.0015927371187384,,ARM|1h|rolling|state_slope=uptrend + state_vol=low_vol|2026-08-26 19:00:00+00:00,rolling,251.14,2026-08-28T21:31:36.022502+00:00,250.74,,True,long,-0.0015927371187384,
ASML,1d,cross_USO_state_vol=high_vol + state_ext=stretched_down,2026-07-27 04:00:00+00:00,,,,ASML|1d|rolling|cross_USO_state_vol=high_vol + state_ext=stretched_down|2026-07-27,rolling,1655.260009765625,2026-07-31T21:24:41.430316+00:00,,,True,long,,
ASML,1d,cross_USO_state_vol=high_vol + state_ext=stretched_down,2026-07-28 04:00:00+00:00,,,,ASML|1d|rolling|cross_USO_state_vol=high_vol + state_ext=stretched_down|2026-07-28,rolling,1582.949951171875,2026-07-31T21:25:08.882214+00:00,,,True,long,,
ASML,1d,cross_USO_state_vol=high_vol + state_ext=stretched_down,2026-07-29 04:00:00+00:00,,,,ASML|1d|rolling|cross_USO_state_vol=high_vol + state_ext=stretched_down|2026-07-29,rolling,1550.68994140625,2026-07-31T21:26:08.740645+00:00,,,True,long,,
ASML,1d,cross_USO_state_vol=high_vol + state_ext=stretched_down,2026-07-30 04:00:00+00:00,,,,ASML|1d|rolling|cross_USO_state_vol=high_vol + state_ext=stretched_down|2026-07-30,rolling,1651.43994140625,2026-07-31T21:28:04.638318+00:00,,,True,long,,
ASML,1d,state_ext=stretched_down + state_ret_1=ret_down,2026-07-27 04:00:00+00:00,,,,ASML|1d|rolling|state_ext=stretched_down + state_ret_1=ret_down|2026-07-27,rolling,1655.260009765625,2026-07-31T21:24:43.631285+00:00,,,True,long,,
ASML,1d,state_ext=stretched_down + state_ret_1=ret_down,2026-07-28 04:00:00+00:00,,,,ASML|1d|rolling|state_ext=stretched_down + state_ret_1=ret_down|2026-07-28,rolling,1582.949951171875,2026-07-31T21:25:10.933038+00:00,,,True,long,,
ASML,1d,state_ext=stretched_down + state_ret_1=ret_down,2026-07-29 04:00:00+00:00,,,,ASML|1d|rolling|state_ext=stretched_down + state_ret_1=ret_down|2026-07-29,rolling,1550.68994140625,2026-07-31T21:26:10.843704+00:00,,,True,long,,
ASML,1d,state_ext=stretched_down + state_ret_5=ret_down,2026-07-27 04:00:00+00:00,,,,ASML|1d|rolling|state_ext=stretched_down + state_ret_5=ret_down|2026-07-27,rolling,1655.260009765625,2026-07-31T21:24:43.115919+00:00,,,True,long,,
ASML,1d,state_ext=stretched_down + state_ret_5=ret_down,2026-07-28 04:00:00+00:00,,,,ASML|1d|rolling|state_ext=stretched_down + state_ret_5=ret_down|2026-07-28,rolling,1582.949951171875,2026-07-31T21:25:10.269406+00:00,,,True,long,,
ASML,1d,state_ext=stretched_down + state_ret_5=ret_down,2026-07-29 04:00:00+00:00,,,,ASML|1d|rolling|state_ext=stretched_down + state_ret_5=ret_down|2026-07-29,rolling,1550.68994140625,2026-07-31T21:26:10.096447+00:00,,,True,long,,
ASML,1d,state_ext=stretched_down + state_ret_5=ret_down,2026-07-30 04:00:00+00:00,,,,ASML|1d|rolling|state_ext=stretched_down + state_ret_5=ret_down|2026-07-30,rolling,1651.43994140625,2026-07-31T21:28:06.062371+00:00,,,True,long,,
ASML,1d,state_ext=stretched_down + state_vol=high_vol,2026-07-27 04:00:00+00:00,,,,ASML|1d|rolling|state_ext=stretched_down + state_vol=high_vol|2026-07-27,rolling,1655.260009765625,2026-07-31T21:24:42.220191+00:00,,,True,long,,
ASML,1d,state_ext=stretched_down + state_vol=high_vol,2026-07-28 04:00:00+00:00,,,,ASML|1d|rolling|state_ext=stretched_down + state_vol=high_vol|2026-07-28,rolling,1582.949951171875,2026-07-31T21:25:09.564212+00:00,,,True,long,,
ASML,1d,state_ext=stretched_down + state_vol=high_vol,2026-07-29 04:00:00+00:00,,,,ASML|1d|rolling|state_ext=stretched_down + state_vol=high_vol|2026-07-29,rolling,1550.68994140625,2026-07-31T21:26:09.405044+00:00,,,True,long,,
ASML,1d,state_ext=stretched_down + state_vol=high_vol,2026-07-30 04:00:00+00:00,,,,ASML|1d|rolling|state_ext=stretched_down + state_vol=high_vol|2026-07-30,rolling,1651.43994140625,2026-07-31T21:28:05.371853+00:00,,,True,long,,
AVGO,15m,state_volume=vol_surge + state_slope=downtrend,2026-09-10 19:45:00+00:00,,0.0070807987030083,0.0111823963861599,AVGO|15m|rolling|state_volume=vol_surge + state_slope=downtrend|2026-09-10 19:45:00+00:00,rolling,360.835,2026-10-02T21:40:06.932995+00:00,363.39,364.87,False,long,0.0070807987030083,0.0111823963861599
AVGO,15m,state_volume=vol_surge + state_slope=downtrend,2026-09-14 14:00:00+00:00,,-0.0056124798526363,-0.0042021644024866,AVGO|15m|rolling|state_volume=vol_surge + state_slope=downtrend|2026-09-14 14:00:00+00:00,rolling,347.44,2026-10-02T21:40:08.690418+00:00,345.49,345.98,False,long,-0.0056124798526363,-0.0042021644024866
AVGO,15m,state_volume=vol_surge + state_slope=downtrend,2026-09-15 17:00:00+00:00,,0.0057359115368695,0.0118709715569746,AVGO|15m|rolling|state_volume=vol_surge + state_slope=downtrend|2026-09-15 17:00:00+00:00,rolling,338.22,2026-10-02T21:40:09.139753+00:00,340.16,342.235,False,long,0.0057359115368695,0.0118709715569746
AVGO,15m,state_volume=vol_surge + state_slope=downtrend,2026-09-16 19:45:00+00:00,,0.0267838147764856,0.0250927279351065,AVGO|15m|rolling|state_volume=vol_surge + state_slope=downtrend|2026-09-16 19:45:00+00:00,rolling,339.4,2026-10-02T21:40:09.501242+00:00,348.4904267351392,347.9164718611751,False,long,0.0267838147764856,0.0250927279351065
AVGO,15m,state_volume=vol_surge + state_slope=downtrend,2026-09-29 19:45:00+00:00,,-0.0028157116711249,-0.0039983105729971,AVGO|15m|rolling|state_volume=vol_surge + state_slope=downtrend|2026-09-29 19:45:00+00:00,rolling,355.15,2026-10-02T21:40:15.466679+00:00,354.15,353.73,False,long,-0.0028157116711249,-0.0039983105729971
AVGO,15m,state_volume=vol_surge + state_slope=downtrend,2026-09-30 16:15:00+00:00,,0.0006089099096548,-0.0181115296383357,AVGO|15m|rolling|state_volume=vol_surge + state_slope=downtrend|2026-09-30 16:15:00+00:00,rolling,353.09,2026-10-02T21:40:21.052486+00:00,353.305,346.695,False,long,0.0006089099096548,-0.0181115296383357
AVGO,1d,cross_TLT_state_vol=low_vol + state_ext=stretched_down,2026-08-14 04:00:00+00:00,,,,AVGO|1d|rolling|cross_TLT_state_vol=low_vol + state_ext=stretched_down|2026-08-14,rolling,392.989990234375,2026-08-20T21:32:44.991063+00:00,,,True,long,,
AVGO,1d,cross_TLT_state_vol=low_vol + state_ext=stretched_down,2026-08-18 04:00:00+00:00,,,,AVGO|1d|rolling|cross_TLT_state_vol=low_vol + state_ext=stretched_down|2026-08-18,rolling,380.0,2026-08-20T21:33:09.861399+00:00,,,True,long,,
AVGO,1d,cross_TLT_state_vol=low_vol + state_ext=stretched_down,2026-08-19 04:00:00+00:00,,,,AVGO|1d|rolling|cross_TLT_state_vol=low_vol + state_ext=stretched_down|2026-08-19,rolling,362.4800109863281,2026-08-20T21:33:55.030469+00:00,,,True,long,,
AVGO,1d,cross_USO_state_vol=high_vol + state_ext=stretched_down,2026-08-14 04:00:00+00:00,,-0.073691422618186,,AVGO|1d|rolling|cross_USO_state_vol=high_vol + state_ext=stretched_down|2026-08-14,rolling,392.989990234375,2026-09-02T19:37:24.206277+00:00,364.0299987792969,,True,long,-0.073691422618186,
AVGO,1d,cross_USO_state_vol=high_vol + state_ext=stretched_down,2026-08-18 04:00:00+00:00,,-0.0612105520148026,,AVGO|1d|rolling|cross_USO_state_vol=high_vol + state_ext=stretched_down|2026-08-18,rolling,380.0,2026-09-02T19:37:26.404356+00:00,356.739990234375,,True,long,-0.0612105520148026,
AVGO,1d,cross_USO_state_vol=high_vol + state_ext=stretched_down,2026-08-19 04:00:00+00:00,,-0.0190079851015491,,AVGO|1d|rolling|cross_USO_state_vol=high_vol + state_ext=stretched_down|2026-08-19,rolling,362.4800109863281,2026-09-02T19:37:29.291115+00:00,355.5899963378906,,True,long,-0.0190079851015491,
AVGO,1d,cross_USO_state_vol=high_vol + state_ext=stretched_down,2026-08-20 04:00:00+00:00,,0.020630194738918,,AVGO|1d|rolling|cross_USO_state_vol=high_vol + state_ext=stretched_down|2026-08-20,rolling,364.0299987792969,2026-09-02T19:37:34.229260+00:00,371.5400085449219,,True,long,0.020630194738918,
AVGO,1d,cross_USO_state_vol=high_vol + state_ext=stretched_down,2026-08-21 04:00:00+00:00,,0.0009227746685471,,AVGO|1d|rolling|cross_USO_state_vol=high_vol + state_ext=stretched_down|2026-08-21,rolling,368.4500122070313,2026-09-02T19:37:36.825730+00:00,368.7900085449219,,True,long,0.0009227746685471,
AVGO,1d,cross_USO_state_vol=high_vol + state_ext=stretched_down,2026-08-24 04:00:00+00:00,,0.0322778076069034,,AVGO|1d|rolling|cross_USO_state_vol=high_vol + state_ext=stretched_down|2026-08-24,rolling,358.760009765625,2026-09-02T19:37:39.633593+00:00,370.3399963378906,,True,long,0.0322778076069034,
AVGO,1d,cross_USO_state_vol=high_vol + state_ext=stretched_down,2026-08-25 04:00:00+00:00,,0.0362729236856926,,AVGO|1d|rolling|cross_USO_state_vol=high_vol + state_ext=stretched_down|2026-08-25,rolling,356.739990234375,2026-09-02T19:37:42.289735+00:00,369.6799926757813,,True,long,0.0362729236856926,
AVGO,1d,cross_USO_state_vol=high_vol + state_ext=stretched_down,2026-08-26 04:00:00+00:00,,0.0342951258125985,,AVGO|1d|rolling|cross_USO_state_vol=high_vol + state_ext=stretched_down|2026-08-26,rolling,355.5899963378906,2026-09-02T19:37:45.186000+00:00,367.785,,True,long,0.0342951258125985,
AVGO,1d,state_ext=stretched_down + state_ret_5=ret_down,2026-08-14 04:00:00+00:00,,-0.073691422618186,,AVGO|1d|rolling|state_ext=stretched_down + state_ret_5=ret_down|2026-08-14,rolling,392.989990234375,2026-08-28T21:31:07.471814+00:00,364.0299987792969,,True,long,-0.073691422618186,
AVGO,1d,state_ext=stretched_down + state_ret_5=ret_down,2026-08-18 04:00:00+00:00,,-0.0612105520148026,,AVGO|1d|rolling|state_ext=stretched_down + state_ret_5=ret_down|2026-08-18,rolling,380.0,2026-08-28T21:31:09.816311+00:00,356.739990234375,,True,long,-0.0612105520148026,
AVGO,1d,state_ext=stretched_down + state_ret_5=ret_down,2026-08-19 04:00:00+00:00,,-0.0190079851015491,,AVGO|1d|rolling|state_ext=stretched_down + state_ret_5=ret_down|2026-08-19,rolling,362.4800109863281,2026-08-28T21:31:12.554546+00:00,355.5899963378906,,True,long,-0.0190079851015491,
AVGO,1d,state_ext=stretched_down + state_ret_5=ret_down,2026-08-20 04:00:00+00:00,,0.020630194738918,,AVGO|1d|rolling|state_ext=stretched_down + state_ret_5=ret_down|2026-08-20,rolling,364.0299987792969,2026-08-28T21:31:17.788086+00:00,371.5400085449219,,True,long,0.020630194738918,
AVGO,1d,state_ext=stretched_down + state_ret_5=ret_down,2026-08-21 04:00:00+00:00,,0.0008141885819781,,AVGO|1d|rolling|state_ext=stretched_down + state_ret_5=ret_down|2026-08-21,rolling,368.4500122070313,2026-08-28T21:31:21.071405+00:00,368.75,,True,long,0.0008141885819781,
AVGO,1d,state_ext=stretched_down + state_ret_5=ret_down,2026-08-24 04:00:00+00:00,,,,AVGO|1d|rolling|state_ext=stretched_down + state_ret_5=ret_down|2026-08-24,rolling,358.760009765625,2026-08-28T21:31:26.202488+00:00,,,True,long,,
AVGO,1d,state_ext=stretched_down + state_ret_5=ret_down,2026-08-25 04:00:00+00:00,,,,AVGO|1d|rolling|state_ext=stretched_down + state_ret_5=ret_down|2026-08-25,rolling,356.739990234375,2026-08-28T21:31:37.043464+00:00,,,True,long,,
AVGO,1d,state_ext=stretched_down + state_ret_5=ret_down,2026-08-26 04:00:00+00:00,,,,AVGO|1d|rolling|state_ext=stretched_down + state_ret_5=ret_down|2026-08-26,rolling,355.5899963378906,2026-08-28T21:31:49.059976+00:00,,,True,long,,
AVGO,1d,state_ext=stretched_down + state_slope=downtrend,2026-07-29 04:00:00+00:00,,0.1295095876715313,-0.036671032677838444,AVGO|1d|rolling|state_ext=stretched_down + state_slope=downtrend|2026-07-29,rolling,370.3200073242188,2026-10-07T19:42:26.606773+00:00,418.2799987792969,356.739990234375,False,long,0.1295095876715313,-0.036671032677838444
AVGO,1d,state_ext=stretched_down + state_slope=downtrend,2026-08-20 04:00:00+00:00,,0.02063019473891803,-0.019421496436905272,AVGO|1d|rolling|state_ext=stretched_down + state_slope=downtrend|2026-08-20,rolling,364.0299987792969,2026-10-07T19:42:27.926098+00:00,371.5400085449219,356.9599914550781,False,long,0.02063019473891803,-0.019421496436905272
AVGO,1d,state_ext=stretched_down + state_slope=downtrend,2026-08-21 04:00:00+00:00,,0.0009227746685471772,-0.015714502247508477,AVGO|1d|rolling|state_ext=stretched_down + state_slope=downtrend|2026-08-21,rolling,368.4500122070313,2026-10-07T19:42:28.022760+00:00,368.7900085449219,362.6600036621094,False,long,0.0009227746685471772,-0.015714502247508477
AVGO,1d,state_ext=stretched_down + state_slope=downtrend,2026-08-24 04:00:00+00:00,,0.032277807606903464,0.016111045328248474,AVGO|1d|rolling|state_ext=stretched_down + state_slope=downtrend|2026-08-24,rolling,358.760009765625,2026-10-07T19:42:28.428871+00:00,370.3399963378906,364.5400085449219,False,long,0.032277807606903464,0.016111045328248474
AVGO,1d,state_ext=stretched_down + state_slope=downtrend,2026-08-25 04:00:00+00:00,,0.03627292368569268,-0.004905533576009424,AVGO|1d|rolling|state_ext=stretched_down + state_slope=downtrend|2026-08-25,rolling,356.739990234375,2026-10-07T19:42:28.565555+00:00,369.67999267578125,354.989990234375,False,long,0.03627292368569268,-0.004905533576009424
AVGO,1d,state_ext=stretched_down + state_slope=downtrend,2026-08-26 04:00:00+00:00,,0.03276243431048109,-0.01470798121485517,AVGO|1d|rolling|state_ext=stretched_down + state_slope=downtrend|2026-08-26,rolling,355.5899963378906,2026-10-07T19:42:28.694111+00:00,367.239990234375,350.3599853515625,False,long,0.03276243431048109,-0.01470798121485517
AVGO,1d,state_ext=stretched_down + state_slope=downtrend,2026-08-27 04:00:00+00:00,,-0.038703785735295426,-0.05041182794736232,AVGO|1d|rolling|state_ext=stretched_down + state_slope=downtrend|2026-08-27,rolling,371.5400085449219,2026-10-07T19:42:28.826328+00:00,357.1600036621094,352.80999755859375,False,long,-0.038703785735295426,-0.05041182794736232
AVGO,1d,state_ext=stretched_down + state_slope=downtrend,2026-08-28 04:00:00+00:00,,-0.02952903928011652,-0.052116382698480734,AVGO|1d|rolling|state_ext=stretched_down + state_slope=downtrend|2026-08-28,rolling,368.7900085449219,2026-10-07T19:42:28.939232+00:00,357.8999938964844,349.57000732421875,False,long,-0.02952903928011652,-0.052116382698480734
AVGO,1d,state_ext=stretched_down + state_slope=downtrend,2026-09-28 04:00:00+00:00,,0.03701691269355578,,AVGO|1d|rolling|state_ext=stretched_down + state_slope=downtrend|2026-09-28,rolling,349.57000732421875,2026-10-07T19:42:37.454383+00:00,362.510009765625,,True,long,0.03701691269355578,
AVGO,1d,state_ext=stretched_down + state_slope=downtrend,2026-10-01 04:00:00+00:00,,,,AVGO|1d|rolling|state_ext=stretched_down + state_slope=downtrend|2026-10-01,rolling,343.6400146484375,2026-10-07T19:42:46.092348+00:00,,,True,long,,
AVGO,1d,state_volume=vol_surge + state_ext=stretched_down,2026-08-14 04:00:00+00:00,,-0.073691422618186,,AVGO|1d|rolling|state_volume=vol_surge + state_ext=stretched_down|2026-08-14,rolling,392.989990234375,2026-09-11T21:40:04.426153+00:00,364.0299987792969,,True,long,-0.073691422618186,
AVGO,1d,state_volume=vol_surge + state_ext=stretched_down,2026-08-19 04:00:00+00:00,,-0.0190079851015491,,AVGO|1d|rolling|state_volume=vol_surge + state_ext=stretched_down|2026-08-19,rolling,362.4800109863281,2026-09-11T21:40:08.651727+00:00,355.5899963378906,,True,long,-0.0190079851015491,
AVGO,1h,cross_USO_state_slope=uptrend + cross_TLT_state_slope=downtrend + state_ext=stretched_up,2026-07-21 13:00:00+00:00,,0.0135737384733607,0.0409967213114754,AVGO|1h|rolling|cross_USO_state_slope=uptrend + cross_TLT_state_slope=downtrend + state_ext=stretched_up|2026-07-21 13:00:00+00:00,rolling,381.25,2026-07-23T21:18:58.780948+00:00,386.4249877929688,396.88,False,long,0.0135737384733607,0.0409967213114754
AVGO,1h,cross_USO_state_slope=uptrend + cross_TLT_state_slope=downtrend + state_ext=stretched_up,2026-07-21 14:00:00+00:00,,0.0063793776851972,0.0171852623356332,AVGO|1h|rolling|cross_USO_state_slope=uptrend + cross_TLT_state_slope=downtrend + state_ext=stretched_up|2026-07-21 14:00:00+00:00,rolling,384.05,2026-07-23T21:18:58.810967+00:00,386.5,390.65,False,long,0.0063793776851972,0.0171852623356332
AVGO,1h,cross_USO_state_slope=uptrend + cross_TLT_state_slope=downtrend + state_ext=stretched_up,2026-07-21 15:00:00+00:00,,0.0007779924701356,0.0148080912863068,AVGO|1h|rolling|cross_USO_state_slope=uptrend + cross_TLT_state_slope=downtrend + state_ext=stretched_up|2026-07-21 15:00:00+00:00,rolling,385.6,2026-07-23T21:18:58.830495+00:00,385.8999938964844,391.31,False,long,0.0007779924701356,0.0148080912863068
AVGO,1h,cross_USO_state_slope=uptrend + cross_TLT_state_slope=downtrend + state_ext=stretched_up,2026-07-21 16:00:00+00:00,,-0.0027555702608526,0.0092500355770599,AVGO|1h|rolling|cross_USO_state_slope=uptrend + cross_TLT_state_slope=downtrend + state_ext=stretched_up|2026-07-21 16:00:00+00:00,rolling,386.485,2026-07-23T21:18:58.859484+00:00,385.4200134277344,390.06,False,long,-0.0027555702608526,0.0092500355770599
AVGO,1h,cross_USO_state_slope=uptrend + cross_TLT_state_slope=downtrend + state_ext=stretched_up,2026-07-21 17:00:00+00:00,,0.000181331613771,,AVGO|1h|rolling|cross_USO_state_slope=uptrend + cross_TLT_state_slope=downtrend + state_ext=stretched_up|2026-07-21 17:00:00+00:00,rolling,386.06,2026-07-23T21:18:58.898296+00:00,386.1300048828125,,True,long,0.000181331613771,
AVGO,1h,cross_USO_state_slope=uptrend + cross_TLT_state_slope=downtrend + state_ext=stretched_up,2026-07-21 18:00:00+00:00,,0.0076057431121459,,AVGO|1h|rolling|cross_USO_state_slope=uptrend + cross_TLT_state_slope=downtrend + state_ext=stretched_up|2026-07-21 18:00:00+00:00,rolling,386.55,2026-07-23T21:18:59.688593+00:00,389.49,,True,long,0.0076057431121459,
AVGO,1h,cross_USO_state_slope=uptrend + cross_TLT_state_slope=downtrend + state_ext=stretched_up,2026-07-21 19:00:00+00:00,,0.0256679092885989,,AVGO|1h|rolling|cross_USO_state_slope=uptrend + cross_TLT_state_slope=downtrend + state_ext=stretched_up|2026-07-21 19:00:00+00:00,rolling,386.28,2026-07-23T21:19:00.114840+00:00,396.195,,True,long,0.0256679092885989,
AVGO,1h,cross_USO_state_slope=uptrend + cross_TLT_state_slope=downtrend + state_ext=stretched_up,2026-07-22 14:00:00+00:00,,0.0189735294872781,,AVGO|1h|rolling|cross_USO_state_slope=uptrend + cross_TLT_state_slope=downtrend + state_ext=stretched_up|2026-07-22 14:00:00+00:00,rolling,389.49,2026-07-23T21:19:01.499759+00:00,396.88,,True,long,0.0189735294872781,
AVGO,1h,cross_USO_state_slope=uptrend + cross_TLT_state_slope=downtrend + state_ext=stretched_up,2026-07-22 15:00:00+00:00,,0.0029231590452707,,AVGO|1h|rolling|cross_USO_state_slope=uptrend + cross_TLT_state_slope=downtrend + state_ext=stretched_up|2026-07-22 15:00:00+00:00,rolling,393.41,2026-07-23T21:19:01.921875+00:00,394.56,,True,long,0.0029231590452707,
AVGO,1h,cross_USO_state_slope=uptrend + cross_TLT_state_slope=downtrend + state_ext=stretched_up,2026-07-22 16:00:00+00:00,,-0.0139956334633198,,AVGO|1h|rolling|cross_USO_state_slope=uptrend + cross_TLT_state_slope=downtrend + state_ext=stretched_up|2026-07-22 16:00:00+00:00,rolling,396.195,2026-07-23T21:19:02.228963+00:00,390.65,,True,long,-0.0139956334633198,
AVGO,1h,cross_USO_state_slope=uptrend + cross_TLT_state_slope=downtrend + state_ext=stretched_up,2026-07-22 17:00:00+00:00,,-0.0180964639963654,,AVGO|1h|rolling|cross_USO_state_slope=uptrend + cross_TLT_state_slope=downtrend + state_ext=stretched_up|2026-07-22 17:00:00+00:00,rolling,396.21,2026-07-23T21:19:02.586580+00:00,389.04,,True,long,-0.0180964639963654,
AVGO,1h,cross_USO_state_slope=uptrend + cross_TLT_state_slope=downtrend + state_ext=stretched_up,2026-07-22 18:00:00+00:00,,-0.0155475609449294,,AVGO|1h|rolling|cross_USO_state_slope=uptrend + cross_TLT_state_slope=downtrend + state_ext=stretched_up|2026-07-22 18:00:00+00:00,rolling,397.49,2026-07-23T21:19:02.953850+00:00,391.31,,True,long,-0.0155475609449294,
AVGO,1h,cross_USO_state_slope=uptrend + cross_TLT_state_slope=downtrend + state_ext=stretched_up,2026-07-22 19:00:00+00:00,,-0.0162895585567425,,AVGO|1h|rolling|cross_USO_state_slope=uptrend + cross_TLT_state_slope=downtrend + state_ext=stretched_up|2026-07-22 19:00:00+00:00,rolling,396.88,2026-07-23T21:19:03.350858+00:00,390.415,,True,long,-0.0162895585567425,
BAC,15m,state_session=afternoon + state_vol=low_vol,2026-08-13 19:15:00+00:00,,0.0045273593006009,0.0056201701662632,BAC|15m|rolling|state_session=afternoon + state_vol=low_vol|2026-08-13 19:15:00+00:00,rolling,64.055,2026-09-04T21:37:31.262161+00:00,64.345,64.415,False,long,0.0045273593006009,0.0056201701662632
BAC,15m,state_session=afternoon + state_vol=low_vol,2026-08-13 19:45:00+00:00,,0.0041335205116206,0.006317267197005,BAC|15m|rolling|state_session=afternoon + state_vol=low_vol|2026-08-13 19:45:00+00:00,rolling,64.11,2026-09-04T21:37:31.279392+00:00,64.375,64.515,False,long,0.0041335205116206,0.006317267197005
BAC,15m,state_session=afternoon + state_vol=low_vol,2026-08-14 18:00:00+00:00,,-0.0001551470017843,0.0053525715615545,BAC|15m|rolling|state_session=afternoon + state_vol=low_vol|2026-08-14 18:00:00+00:00,rolling,64.455,2026-09-04T21:37:32.669946+00:00,64.445,64.8,False,long,-0.0001551470017843,0.0053525715615545
BAC,15m,state_session=afternoon + state_vol=low_vol,2026-08-14 18:15:00+00:00,,-0.0003879577901922,0.0045003103662322,BAC|15m|rolling|state_session=afternoon + state_vol=low_vol|2026-08-14 18:15:00+00:00,rolling,64.44,2026-09-04T21:37:32.728518+00:00,64.415,64.73,False,long,-0.0003879577901922,0.0045003103662322
BAC,15m,state_session=afternoon + state_vol=low_vol,2026-08-14 19:00:00+00:00,,0.0069783670621075,0.0013181360006202,BAC|15m|rolling|state_session=afternoon + state_vol=low_vol|2026-08-14 19:00:00+00:00,rolling,64.485,2026-09-04T21:37:32.745786+00:00,64.935,64.57,False,long,0.0069783670621075,0.0013181360006202
BAC,15m,state_session=afternoon + state_vol=low_vol,2026-08-14 19:15:00+00:00,,0.0094602977667492,0.001008064516129,BAC|15m|rolling|state_session=afternoon + state_vol=low_vol|2026-08-14 19:15:00+00:00,rolling,64.48,2026-09-04T21:37:32.803763+00:00,65.09,64.545,False,long,0.0094602977667492,0.001008064516129
BAC,15m,state_session=afternoon + state_vol=low_vol,2026-08-14 19:45:00+00:00,,0.0065911910669975,-0.0027140198511166,BAC|15m|rolling|state_session=afternoon + state_vol=low_vol|2026-08-14 19:45:00+00:00,rolling,64.48,2026-09-04T21:37:32.820991+00:00,64.905,64.305,False,long,0.0065911910669975,-0.0027140198511166
BAC,15m,state_session=afternoon + state_vol=low_vol,2026-08-17 19:15:00+00:00,,0.0009350892230965,-0.0035065845866127,BAC|15m|rolling|state_session=afternoon + state_vol=low_vol|2026-08-17 19:15:00+00:00,rolling,64.165,2026-09-04T21:37:35.239796+00:00,64.225,63.94,False,long,0.0009350892230965,-0.0035065845866127
BAC,15m,state_session=afternoon + state_vol=low_vol,2026-08-17 19:45:00+00:00,,-0.0001564455569462,0.0020337922403002,BAC|15m|rolling|state_session=afternoon + state_vol=low_vol|2026-08-17 19:45:00+00:00,rolling,63.92,2026-09-04T21:37:35.257395+00:00,63.91,64.05,False,long,-0.0001564455569462,0.0020337922403002
BAC,15m,state_session=afternoon + state_vol=low_vol,2026-08-18 18:00:00+00:00,,0.0011713259409651,-0.0114009058253944,BAC|15m|rolling|state_session=afternoon + state_vol=low_vol|2026-08-18 18:00:00+00:00,rolling,64.03,2026-09-04T21:37:35.344921+00:00,64.105,63.3,False,long,0.0011713259409651,-0.0114009058253944
BAC,15m,state_session=afternoon + state_vol=low_vol,2026-08-18 18:15:00+00:00,,0.0021085513471299,-0.0116360796563842,BAC|15m|rolling|state_session=afternoon + state_vol=low_vol|2026-08-18 18:15:00+00:00,rolling,64.025,2026-09-04T21:37:35.420478+00:00,64.16,63.28,False,long,0.0021085513471299,-0.0116360796563842
BAC,15m,state_session=afternoon + state_vol=low_vol,2026-08-18 19:00:00+00:00,,0.0003901982206961,-0.0136569377243638,BAC|15m|rolling|state_session=afternoon + state_vol=low_vol|2026-08-18 19:00:00+00:00,rolling,64.07,2026-09-04T21:37:35.437743+00:00,64.095,63.195,False,long,0.0003901982206961,-0.0136569377243638
BAC,15m,state_session=afternoon + state_vol=low_vol,2026-08-18 19:15:00+00:00,,-0.0024171539961014,-0.0152046783625731,BAC|15m|rolling|state_session=afternoon + state_vol=low_vol|2026-08-18 19:15:00+00:00,rolling,64.125,2026-09-04T21:37:35.475465+00:00,63.97,63.15,False,long,-0.0024171539961014,-0.0152046783625731
BAC,15m,state_session=afternoon + state_vol=low_vol,2026-08-18 19:45:00+00:00,,-0.0076258656913857,-0.0171192903276008,BAC|15m|rolling|state_session=afternoon + state_vol=low_vol|2026-08-18 19:45:00+00:00,rolling,64.255,2026-09-04T21:37:35.492364+00:00,63.765,63.155,False,long,-0.0076258656913857,-0.0171192903276008
BAC,15m,state_session=afternoon + state_vol=low_vol,2026-08-19 18:15:00+00:00,,-0.0018204844071553,-0.0062529681810986,BAC|15m|rolling|state_session=afternoon + state_vol=low_vol|2026-08-19 18:15:00+00:00,rolling,63.17,2026-09-04T21:37:36.599569+00:00,63.055,62.775,False,long,-0.0018204844071553,-0.0062529681810986
BAC,15m,state_session=afternoon + state_vol=low_vol,2026-08-19 19:15:00+00:00,,-0.003248553997306,-0.0083987005784009,BAC|15m|rolling|state_session=afternoon + state_vol=low_vol|2026-08-19 19:15:00+00:00,rolling,63.105,2026-09-04T21:37:36.666921+00:00,62.9,62.575,False,long,-0.003248553997306,-0.0083987005784009
BAC,15m,state_session=afternoon + state_vol=low_vol,2026-08-19 19:45:00+00:00,,-0.0026907249129471,-0.0098923710034821,BAC|15m|rolling|state_session=afternoon + state_vol=low_vol|2026-08-19 19:45:00+00:00,rolling,63.18,2026-09-04T21:37:36.684232+00:00,63.01,62.555,False,long,-0.0026907249129471,-0.0098923710034821
BAC,15m,state_session=afternoon + state_vol=low_vol,2026-08-20 19:00:00+00:00,,0.0010440089945391,-0.0110825570189527,BAC|15m|rolling|state_session=afternoon + state_vol=low_vol|2026-08-20 19:00:00+00:00,rolling,62.26,2026-09-04T21:37:38.559515+00:00,62.325,61.57,False,long,0.0010440089945391,-0.0110825570189527
BAC,15m,state_session=afternoon + state_vol=low_vol,2026-08-20 19:15:00+00:00,,0.0014456670146976,-0.0089952614247852,BAC|15m|rolling|state_session=afternoon + state_vol=low_vol|2026-08-20 19:15:00+00:00,rolling,62.255,2026-09-04T21:37:38.613963+00:00,62.345,61.695,False,long,0.0014456670146976,-0.0089952614247852
BAC,15m,state_session=afternoon + state_vol=low_vol,2026-08-20 19:45:00+00:00,,0.0015343616248082,-0.0019381409997576,BAC|15m|rolling|state_session=afternoon + state_vol=low_vol|2026-08-20 19:45:00+00:00,rolling,61.915,2026-09-04T21:37:38.631119+00:00,62.01,61.795,False,long,0.0015343616248082,-0.0019381409997576
BAC,15m,state_session=afternoon + state_vol=low_vol,2026-08-21 19:15:00+00:00,,0.0133570792520036,0.0076094875738685,BAC|15m|rolling|state_session=afternoon + state_vol=low_vol|2026-08-21 19:15:00+00:00,rolling,61.765,2026-09-04T21:37:42.594293+00:00,62.59,62.235,False,long,0.0133570792520036,0.0076094875738685
BAC,15m,state_session=afternoon + state_vol=low_vol,2026-08-21 19:45:00+00:00,,0.0121555915721232,0.0103727714748784,BAC|15m|rolling|state_session=afternoon + state_vol=low_vol|2026-08-21 19:45:00+00:00,rolling,61.7,2026-09-04T21:37:42.611442+00:00,62.45,62.34,False,long,0.0121555915721232,0.0103727714748784
BAC,15m,state_session=afternoon + state_vol=low_vol,2026-08-24 19:15:00+00:00,,-0.0020035262061227,0.0,BAC|15m|rolling|state_session=afternoon + state_vol=low_vol|2026-08-24 19:15:00+00:00,rolling,62.39,2026-09-04T21:37:46.917730+00:00,62.265,62.39,False,long,-0.0020035262061227,0.0
BAC,15m,state_session=afternoon + state_vol=low_vol,2026-08-24 19:45:00+00:00,,-0.0037699526750621,0.0015240234218336,BAC|15m|rolling|state_session=afternoon + state_vol=low_vol|2026-08-24 19:45:00+00:00,rolling,62.335,2026-09-04T21:37:46.935131+00:00,62.1,62.43,False,long,-0.0037699526750621,0.0015240234218336
BAC,15m,state_session=afternoon + state_vol=low_vol,2026-08-25 18:00:00+00:00,,0.0008811278436398,-0.0016020506247997,BAC|15m|rolling|state_session=afternoon + state_vol=low_vol|2026-08-25 18:00:00+00:00,rolling,62.42,2026-09-04T21:37:47.132401+00:00,62.475,62.32,False,long,0.0008811278436398,-0.0016020506247997
BAC,15m,state_session=afternoon + state_vol=low_vol,2026-08-25 18:15:00+00:00,,0.0020819987187701,-0.0014413837283792,BAC|15m|rolling|state_session=afternoon + state_vol=low_vol|2026-08-25 18:15:00+00:00,rolling,62.44,2026-09-04T21:37:47.221433+00:00,62.57,62.35,False,long,0.0020819987187701,-0.0014413837283792
BAC,15m,state_session=afternoon + state_vol=low_vol,2026-08-25 19:00:00+00:00,,-0.0038449214995194,-0.0004005126561998,BAC|15m|rolling|state_session=afternoon + state_vol=low_vol|2026-08-25 19:00:00+00:00,rolling,62.42,2026-09-04T21:37:47.238610+00:00,62.18,62.395,False,long,-0.0038449214995194,-0.0004005126561998
BAC,15m,state_session=afternoon + state_vol=low_vol,2026-08-25 19:15:00+00:00,,-0.0041653316244794,-0.0006408202499198,BAC|15m|rolling|state_session=afternoon + state_vol=low_vol|2026-08-25 19:15:00+00:00,rolling,62.42,2026-09-04T21:37:47.285757+00:00,62.16,62.38,False,long,-0.0041653316244794,-0.0006408202499198
BAC,15m,state_session=afternoon + state_vol=low_vol,2026-08-25 19:45:00+00:00,,-0.0019224607497597,-0.0008811278436398,BAC|15m|rolling|state_session=afternoon + state_vol=low_vol|2026-08-25 19:45:00+00:00,rolling,62.42,2026-09-04T21:37:47.302819+00:00,62.3,62.365,False,long,-0.0019224607497597,-0.0008811278436398
BAC,15m,state_session=afternoon + state_vol=low_vol,2026-08-26 18:15:00+00:00,,0.0016836366551751,-0.0108233784975547,BAC|15m|rolling|state_session=afternoon + state_vol=low_vol|2026-08-26 18:15:00+00:00,rolling,62.365,2026-09-04T21:37:51.095823+00:00,62.47,61.69,False,long,0.0016836366551751,-0.0108233784975547
BAC,15m,state_session=afternoon + state_vol=low_vol,2026-08-26 19:15:00+00:00,,-0.0170714113969704,-0.0120221207020918,BAC|15m|rolling|state_session=afternoon + state_vol=low_vol|2026-08-26 19:15:00+00:00,rolling,62.385,2026-09-04T21:37:51.112842+00:00,61.32,61.635,False,long,-0.0170714113969704,-0.0120221207020918
BAC,15m,state_session=afternoon + state_vol=low_vol,2026-08-26 19:45:00+00:00,,-0.0098039215686274,-0.0125361620057858,BAC|15m|rolling|state_session=afternoon + state_vol=low_vol|2026-08-26 19:45:00+00:00,rolling,62.22,2026-09-04T21:37:51.129890+00:00,61.61,61.44,False,long,-0.0098039215686274,-0.0125361620057858
BAC,15m,state_session=afternoon + state_vol=low_vol,2026-08-27 19:15:00+00:00,,0.0125704024161292,0.0153456860664435,BAC|15m|rolling|state_session=afternoon + state_vol=low_vol|2026-08-27 19:15:00+00:00,rolling,61.255,2026-09-04T21:37:53.250014+00:00,62.025,62.195,False,long,0.0125704024161292,0.0153456860664435
BAC,15m,state_session=afternoon + state_vol=low_vol,2026-08-27 19:45:00+00:00,,0.012426422498365,0.01904839764552,BAC|15m|rolling|state_session=afternoon + state_vol=low_vol|2026-08-27 19:45:00+00:00,rolling,61.16,2026-09-04T21:37:53.267061+00:00,61.92,62.325,False,long,0.012426422498365,0.01904839764552
BAC,15m,state_session=afternoon + state_vol=low_vol,2026-09-03 18:15:00+00:00,,0.0029348774490363,-0.0061077179344808,BAC|15m|rolling|state_session=afternoon + state_vol=low_vol|2026-09-03 18:15:00+00:00,rolling,63.035,2026-09-04T21:38:21.514612+00:00,63.22,62.65,False,long,0.0029348774490363,-0.0061077179344808
BAC,15m,state_session=afternoon + state_vol=low_vol,2026-09-03 19:15:00+00:00,,-0.011783313562673,-0.0086990905496244,BAC|15m|rolling|state_session=afternoon + state_vol=low_vol|2026-09-03 19:15:00+00:00,rolling,63.225,2026-09-04T21:38:21.550205+00:00,62.48,62.675,False,long,-0.011783313562673,-0.0086990905496244
BAC,15m,state_session=afternoon + state_vol=low_vol,2026-09-03 19:30:00+00:00,,-0.0162832977630227,-0.0076673780728796,BAC|15m|rolling|state_session=afternoon + state_vol=low_vol|2026-09-03 19:30:00+00:00,rolling,63.255,2026-09-04T21:38:24.006696+00:00,62.225,62.77,False,long,-0.0162832977630227,-0.0076673780728796
BAC,15m,state_session=afternoon + state_vol=low_vol,2026-09-03 19:45:00+00:00,,-0.0120520139549635,-0.0045987947986044,BAC|15m|rolling|state_session=afternoon + state_vol=low_vol|2026-09-03 19:45:00+00:00,rolling,63.06,2026-09-04T21:38:24.058526+00:00,62.3,62.77,False,long,-0.0120520139549635,-0.0045987947986044
BAC,15m,state_session=afternoon + state_vol=low_vol,2026-09-04 19:15:00+00:00,,,,BAC|15m|rolling|state_session=afternoon + state_vol=low_vol|2026-09-04 19:15:00+00:00,rolling,62.66,2026-09-04T21:38:34.494655+00:00,,,True,long,,
BAC,15m,state_session=afternoon + state_vol=low_vol,2026-09-04 19:30:00+00:00,,,,BAC|15m|rolling|state_session=afternoon + state_vol=low_vol|2026-09-04 19:30:00+00:00,rolling,62.63,2026-09-04T21:38:35.892720+00:00,,,True,long,,
BAC,15m,state_session=afternoon + state_vol=low_vol,2026-09-04 19:45:00+00:00,,,,BAC|15m|rolling|state_session=afternoon + state_vol=low_vol|2026-09-04 19:45:00+00:00,rolling,62.68,2026-09-04T21:38:40.093824+00:00,,,True,long,,
BIDU,1h,cross_TLT_state_slope=uptrend + state_slope=flat,2026-08-13 18:00:00+00:00,,-0.0137746317199158,-0.1390855175052612,BIDU|1h|rolling|cross_TLT_state_slope=uptrend + state_slope=flat|2026-08-13 18:00:00+00:00,rolling,104.54,2026-08-19T21:31:31.497851+00:00,103.1,90.0,False,short,0.0137746317199158,0.1390855175052612
BIDU,1h,cross_TLT_state_slope=uptrend + state_slope=flat,2026-08-13 19:00:00+00:00,,-0.0165727385614672,-0.1346355907918617,BIDU|1h|rolling|cross_TLT_state_slope=uptrend + state_slope=flat|2026-08-13 19:00:00+00:00,rolling,104.69,2026-08-19T21:31:31.634617+00:00,102.955,90.595,False,short,0.0165727385614672,0.1346355907918617
BIDU,1h,cross_TLT_state_slope=uptrend + state_slope=flat,2026-08-14 13:00:00+00:00,,-0.0119986615038959,-0.1316028490845643,BIDU|1h|rolling|cross_TLT_state_slope=uptrend + state_slope=flat|2026-08-14 13:00:00+00:00,rolling,104.595,2026-08-19T21:31:35.367511+00:00,103.34,90.83,False,short,0.0119986615038959,0.1316028490845643
BITO,15m,state_session=afternoon + state_slope=uptrend + state_vol=mid_vol,2026-08-27 18:00:00+00:00,,-0.0016274707692475188,-0.031181579295715744,BITO|15m|rolling|state_session=afternoon + state_slope=uptrend + state_vol=mid_vol|2026-08-27 18:00:00+00:00,rolling,10.8,2026-10-07T19:42:28.603606+00:00,10.782423315692128,10.463238943606271,False,short,0.0016274707692475188,0.031181579295715744
BITO,15m,state_session=afternoon + state_slope=uptrend + state_vol=mid_vol,2026-08-27 18:15:00+00:00,,-0.0016257572927043107,-0.029384142522609347,BITO|15m|rolling|state_session=afternoon + state_slope=uptrend + state_vol=mid_vol|2026-08-27 18:15:00+00:00,rolling,10.78,2026-10-07T19:42:28.639580+00:00,10.762474336384647,10.463238943606271,False,short,0.0016257572927043107,0.029384142522609347
BITO,15m,state_session=afternoon + state_slope=uptrend + state_vol=mid_vol,2026-09-03 19:15:00+00:00,,-0.027003214723321345,-0.027003214723321345,BITO|15m|rolling|state_session=afternoon + state_slope=uptrend + state_vol=mid_vol|2026-09-03 19:15:00+00:00,rolling,10.97,2026-10-07T19:42:29.374880+00:00,10.673774734485166,10.673774734485166,False,short,0.027003214723321345,0.027003214723321345
BITO,15m,state_session=afternoon + state_slope=uptrend + state_vol=mid_vol,2026-09-03 19:30:00+00:00,,-0.02879873292625268,-0.02698000396169531,BITO|15m|rolling|state_session=afternoon + state_slope=uptrend + state_vol=mid_vol|2026-09-03 19:30:00+00:00,rolling,10.98,2026-10-07T19:42:29.451261+00:00,10.663789912469746,10.683759556500586,False,short,0.02879873292625268,0.02698000396169531
BITO,1h,cross_USO_state_slope=uptrend + state_ext=stretched_up,2026-07-21 13:00:00+00:00,,-0.0077348066298342,,BITO|1h|rolling|cross_USO_state_slope=uptrend + state_ext=stretched_up|2026-07-21 13:00:00+00:00,rolling,9.05,2026-07-22T21:21:37.288590+00:00,8.98,,True,short,0.0077348066298342,
BITO,1h,cross_USO_state_slope=uptrend + state_ext=stretched_up,2026-07-21 14:00:00+00:00,,-0.0071664829106945,,BITO|1h|rolling|cross_USO_state_slope=uptrend + state_ext=stretched_up|2026-07-21 14:00:00+00:00,rolling,9.07,2026-07-22T21:21:39.756807+00:00,9.005,,True,short,0.0071664829106945,
BITO,1h,cross_USO_state_slope=uptrend + state_ext=stretched_up,2026-07-21 15:00:00+00:00,,-0.0121681415929203,,BITO|1h|rolling|cross_USO_state_slope=uptrend + state_ext=stretched_up|2026-07-21 15:00:00+00:00,rolling,9.04,2026-07-22T21:21:41.838239+00:00,8.93,,True,short,0.0121681415929203,
BITO,1h,cross_USO_state_slope=uptrend + state_ext=stretched_up,2026-07-21 16:00:00+00:00,,-0.0121951219512194,,BITO|1h|rolling|cross_USO_state_slope=uptrend + state_ext=stretched_up|2026-07-21 16:00:00+00:00,rolling,9.02,2026-07-22T21:21:44.300459+00:00,8.91,,True,short,0.0121951219512194,
BITO,1h,cross_USO_state_slope=uptrend + state_ext=stretched_up,2026-07-21 17:00:00+00:00,,-0.0016722408026756,,BITO|1h|rolling|cross_USO_state_slope=uptrend + state_ext=stretched_up|2026-07-21 17:00:00+00:00,rolling,8.97,2026-07-22T21:21:46.754970+00:00,8.955,,True,short,0.0016722408026756,
BITO,1h,cross_USO_state_slope=uptrend + state_ext=stretched_up,2026-07-21 18:00:00+00:00,,-0.0011135857461024,,BITO|1h|rolling|cross_USO_state_slope=uptrend + state_ext=stretched_up|2026-07-21 18:00:00+00:00,rolling,8.98,2026-07-22T21:21:48.517171+00:00,8.97,,True,short,0.0011135857461024,
BITO,1h,cross_USO_state_slope=uptrend + state_ext=stretched_up,2026-07-21 19:00:00+00:00,,-0.006107717934481,,BITO|1h|rolling|cross_USO_state_slope=uptrend + state_ext=stretched_up|2026-07-21 19:00:00+00:00,rolling,9.005,2026-07-22T21:21:50.946107+00:00,8.95,,True,short,0.006107717934481,
BSX,15m,state_ext=neutral + state_slope=flat + state_vol=high_vol,2026-08-12 14:00:00+00:00,,0.0081845971797653,0.0187358248693423,BSX|15m|rolling|state_ext=neutral + state_slope=flat + state_vol=high_vol|2026-08-12 14:00:00+00:00,rolling,50.705,2026-08-12T21:29:09.059495+00:00,51.12,51.655,False,short,-0.0081845971797653,-0.0187358248693423
BSX,15m,state_ext=neutral + state_slope=flat + state_vol=high_vol,2026-08-12 15:00:00+00:00,,0.004114017043785,,BSX|15m|rolling|state_ext=neutral + state_slope=flat + state_vol=high_vol|2026-08-12 15:00:00+00:00,rolling,51.045,2026-08-12T21:29:09.764516+00:00,51.255,,True,short,-0.004114017043785,
BSX,15m,state_ext=neutral + state_slope=flat + state_vol=high_vol,2026-08-12 15:15:00+00:00,,0.0075445816186556,,BSX|15m|rolling|state_ext=neutral + state_slope=flat + state_vol=high_vol|2026-08-12 15:15:00+00:00,rolling,51.03,2026-08-12T21:29:12.018660+00:00,51.415,,True,short,-0.0075445816186556,
BSX,15m,state_ext=neutral + state_slope=flat + state_vol=high_vol,2026-08-12 16:00:00+00:00,,-0.0013613380007778,,BSX|15m|rolling|state_ext=neutral + state_slope=flat + state_vol=high_vol|2026-08-12 16:00:00+00:00,rolling,51.42,2026-08-12T21:29:13.149683+00:00,51.35,,True,short,0.0013613380007778,
BSX,15m,state_ext=neutral + state_slope=flat + state_vol=high_vol,2026-08-12 16:15:00+00:00,,0.0025321386832877,,BSX|15m|rolling|state_ext=neutral + state_slope=flat + state_vol=high_vol|2026-08-12 16:15:00+00:00,rolling,51.34,2026-08-12T21:29:16.963591+00:00,51.47,,True,short,-0.0025321386832877,
BSX,15m,state_session=afternoon + state_slope=flat + state_vol=high_vol,2026-09-30 18:00:00+00:00,,0.0034348523013509,,BSX|15m|rolling|state_session=afternoon + state_slope=flat + state_vol=high_vol|2026-09-30 18:00:00+00:00,rolling,43.67,2026-09-30T21:32:05.158565+00:00,43.82,,True,short,-0.0034348523013509,
BSX,15m,state_session=afternoon + state_slope=uptrend + state_vol=high_vol,2026-09-17 18:00:00+00:00,,-0.0021859180855958,0.0005752416014725,BSX|15m|rolling|state_session=afternoon + state_slope=uptrend + state_vol=high_vol|2026-09-17 18:00:00+00:00,rolling,43.46,2026-09-22T18:47:50.684144+00:00,43.365,43.485,False,short,0.0021859180855958,-0.0005752416014725
BSX,15m,state_session=afternoon + state_slope=uptrend + state_vol=high_vol,2026-09-17 18:15:00+00:00,,-0.0024132383360145,0.0002298322224776,BSX|15m|rolling|state_session=afternoon + state_slope=uptrend + state_vol=high_vol|2026-09-17 18:15:00+00:00,rolling,43.51,2026-09-22T18:47:50.721600+00:00,43.405,43.52,False,short,0.0024132383360145,-0.0002298322224776
BSX,15m,state_session=afternoon + state_vol=high_vol,2026-09-30 18:00:00+00:00,,0.003434852301350988,-0.005266773528738389,BSX|15m|rolling|state_session=afternoon + state_vol=high_vol|2026-09-30 18:00:00+00:00,rolling,43.67,2026-10-07T19:42:38.669976+00:00,43.82,43.44,False,short,-0.003434852301350988,0.005266773528738389
BSX,15m,state_session=afternoon + state_vol=high_vol,2026-10-02 18:15:00+00:00,,-0.007571345369830951,-0.004309842748980719,BSX|15m|rolling|state_session=afternoon + state_vol=high_vol|2026-10-02 18:15:00+00:00,rolling,42.925,2026-10-07T19:42:46.052456+00:00,42.6,42.74,False,short,0.007571345369830951,0.004309842748980719
C,15m,cross_TLT_state_slope=downtrend + state_ext=stretched_down,2026-07-29 14:00:00+00:00,,0.0015521322416671,-0.0033370843195839,C|15m|rolling|cross_TLT_state_slope=downtrend + state_ext=stretched_down|2026-07-29 14:00:00+00:00,rolling,128.855,2026-07-29T21:26:10.130216+00:00,129.055,128.425,False,long,0.0015521322416671,-0.0033370843195839
C,15m,cross_TLT_state_slope=downtrend + state_ext=stretched_down,2026-07-29 15:00:00+00:00,,-0.0067415730337079,,C|15m|rolling|cross_TLT_state_slope=downtrend + state_ext=stretched_down|2026-07-29 15:00:00+00:00,rolling,129.05,2026-07-29T21:26:16.776892+00:00,128.18,,True,long,-0.0067415730337079,
C,15m,cross_TLT_state_slope=downtrend + state_ext=stretched_down,2026-07-29 16:00:00+00:00,,0.0055488257590559,,C|15m|rolling|cross_TLT_state_slope=downtrend + state_ext=stretched_down|2026-07-29 16:00:00+00:00,rolling,127.955,2026-07-29T21:26:34.641144+00:00,128.665,,True,long,0.0055488257590559,
CAT,15m,cross_USO_state_slope=downtrend + cross_TLT_state_slope=uptrend + state_ext=stretched_down,2026-08-24 14:15:00+00:00,,0.0009389091358329,0.0017048613255914,CAT|15m|rolling|cross_USO_state_slope=downtrend + cross_TLT_state_slope=uptrend + state_ext=stretched_down|2026-08-24 14:15:00+00:00,rolling,809.45,2026-10-06T21:38:56.212040+00:00,810.21,810.83,False,long,0.0009389091358329,0.0017048613255914
CAT,15m,cross_USO_state_slope=downtrend + cross_TLT_state_slope=uptrend + state_ext=stretched_down,2026-08-24 15:15:00+00:00,,0.0013609482097345,0.0081533170019547,CAT|15m|rolling|cross_USO_state_slope=downtrend + cross_TLT_state_slope=uptrend + state_ext=stretched_down|2026-08-24 15:15:00+00:00,rolling,808.26,2026-10-06T21:38:56.234130+00:00,809.36,814.85,False,long,0.0013609482097345,0.0081533170019547
CAT,1d,state_ext=stretched_up + state_ret_1=ret_flat,2026-09-28 04:00:00+00:00,,0.034380147596471344,,CAT|1d|rolling|state_ext=stretched_up + state_ret_1=ret_flat|2026-09-28,rolling,819.9500122070312,2026-10-07T19:42:37.870086+00:00,848.1400146484375,,True,long,0.034380147596471344,
CAT,1d,state_ext=stretched_up + state_ret_1=ret_flat,2026-09-29 04:00:00+00:00,,0.04451754952682685,,CAT|1d|rolling|state_ext=stretched_up + state_ret_1=ret_flat|2026-09-29,rolling,826.6400146484375,2026-10-07T19:42:38.839888+00:00,863.4400024414062,,True,long,0.04451754952682685,
CAT,1d,state_ext=stretched_up + state_ret_1=ret_flat,2026-10-05 04:00:00+00:00,,,,CAT|1d|rolling|state_ext=stretched_up + state_ret_1=ret_flat|2026-10-05,rolling,848.1400146484375,2026-10-07T19:43:12.891575+00:00,,,True,long,,
CBOE,15m,cross_USO_state_ext=stretched_up + cross_TLT_state_slope=downtrend + state_ext=neutral,2026-08-17 18:00:00+00:00,,0.0050771799502502,0.0092002589702524,CBOE|15m|rolling|cross_USO_state_ext=stretched_up + cross_TLT_state_slope=downtrend + state_ext=neutral|2026-08-17 18:00:00+00:00,rolling,293.47,2026-08-21T21:32:40.448795+00:00,294.96,296.17,False,long,0.0050771799502502,0.0092002589702524
CBOE,15m,cross_USO_state_ext=stretched_up + cross_TLT_state_slope=downtrend + state_ext=neutral,2026-08-17 18:15:00+00:00,,0.0057669734447034,0.005800996886855,CBOE|15m|rolling|cross_USO_state_ext=stretched_up + cross_TLT_state_slope=downtrend + state_ext=neutral|2026-08-17 18:15:00+00:00,rolling,293.915,2026-08-21T21:32:40.507480+00:00,295.61,295.62,False,long,0.0057669734447034,0.005800996886855
CBOE,1d,cross_USO_state_slope=uptrend + state_slope=flat,2026-08-24 04:00:00+00:00,,-0.0256093486469655,,CBOE|1d|rolling|cross_USO_state_slope=uptrend + state_slope=flat|2026-08-24,rolling,308.0899963378906,2026-09-17T21:42:47.192701+00:00,300.20001220703125,,True,long,-0.0256093486469655,
CBOE,1d,cross_USO_state_slope=uptrend + state_slope=flat,2026-08-25 04:00:00+00:00,,-0.0038857981302079,,CBOE|1d|rolling|cross_USO_state_slope=uptrend + state_slope=flat|2026-08-25,rolling,308.82000732421875,2026-09-17T21:42:49.296024+00:00,307.6199951171875,,True,long,-0.0038857981302079,
CBOE,1d,cross_USO_state_slope=uptrend + state_slope=flat,2026-09-08 04:00:00+00:00,,-0.078034927142439,,CBOE|1d|rolling|cross_USO_state_slope=uptrend + state_slope=flat|2026-09-08,rolling,293.3299865722656,2026-09-17T21:42:59.363449+00:00,270.44000244140625,,True,long,-0.078034927142439,
CBOE,1d,cross_USO_state_slope=uptrend + state_slope=flat,2026-09-09 04:00:00+00:00,,-0.0734573707475411,,CBOE|1d|rolling|cross_USO_state_slope=uptrend + state_slope=flat|2026-09-09,rolling,291.8699951171875,2026-09-17T21:43:01.742314+00:00,270.42999267578125,,True,long,-0.0734573707475411,
CBOE,1d,cross_USO_state_slope=uptrend + state_slope=flat,2026-09-10 04:00:00+00:00,,-0.0723503111096769,,CBOE|1d|rolling|cross_USO_state_slope=uptrend + state_slope=flat|2026-09-10,rolling,287.489990234375,2026-09-17T21:43:03.462008+00:00,266.69,,True,long,-0.0723503111096769,
CBOE,1d,state_volume=vol_normal + state_ext=stretched_down + state_slope=flat,2026-09-08 04:00:00+00:00,,-0.078034927142439,,CBOE|1d|rolling|state_volume=vol_normal + state_ext=stretched_down + state_slope=flat|2026-09-08,rolling,293.3299865722656,2026-09-17T21:42:59.619980+00:00,270.44000244140625,,True,long,-0.078034927142439,
CBOE,1d,state_volume=vol_normal + state_ext=stretched_down + state_slope=flat,2026-09-09 04:00:00+00:00,,-0.0734573707475411,,CBOE|1d|rolling|state_volume=vol_normal + state_ext=stretched_down + state_slope=flat|2026-09-09,rolling,291.8699951171875,2026-09-17T21:43:02.062427+00:00,270.42999267578125,,True,long,-0.0734573707475411,
CBOE,1d,state_volume=vol_normal + state_ext=stretched_down + state_slope=flat,2026-09-10 04:00:00+00:00,,-0.0723503111096769,,CBOE|1d|rolling|state_volume=vol_normal + state_ext=stretched_down + state_slope=flat|2026-09-10,rolling,287.489990234375,2026-09-17T21:43:04.164062+00:00,266.69,,True,long,-0.0723503111096769,
CBOE,1h,cross_TLT_state_slope=downtrend + state_slope=downtrend,2026-07-21 19:00:00+00:00,,0.0321344501012754,,CBOE|1h|rolling|cross_TLT_state_slope=downtrend + state_slope=downtrend|2026-07-21 19:00:00+00:00,rolling,274.005,2026-07-23T21:19:00.475998+00:00,282.81,,True,long,0.0321344501012754,
CL,1h,cross_USO_state_slope=downtrend + cross_TLT_state_ext=neutral + state_ext=stretched_up,2026-08-24 19:00:00+00:00,,-0.0104313047238137,-0.0131877634850285,CL|1h|rolling|cross_USO_state_slope=downtrend + cross_TLT_state_ext=neutral + state_ext=stretched_up|2026-08-24 19:00:00+00:00,rolling,92.51,2026-09-23T21:46:54.720504+00:00,91.545,91.29,False,short,0.0104313047238137,0.0131877634850285
CL,1h,cross_USO_state_slope=downtrend + state_ext=stretched_up,2026-10-07 13:00:00+00:00,,0.0005699954400364415,,CL|1h|rolling|cross_USO_state_slope=downtrend + state_ext=stretched_up|2026-10-07 13:00:00+00:00,rolling,87.72,2026-10-07T19:43:22.742893+00:00,87.77,,True,short,-0.0005699954400364415,
CL,1h,cross_USO_state_slope=downtrend + state_ext=stretched_up,2026-10-07 14:00:00+00:00,,-0.0009698767685987209,,CL|1h|rolling|cross_USO_state_slope=downtrend + state_ext=stretched_up|2026-10-07 14:00:00+00:00,rolling,87.64,2026-10-07T19:43:26.680346+00:00,87.555,,True,short,0.0009698767685987209,
CMCSA,1d,cross_TLT_state_slope=downtrend + state_ext=stretched_down,2026-07-27 04:00:00+00:00,,,,CMCSA|1d|rolling|cross_TLT_state_slope=downtrend + state_ext=stretched_down|2026-07-27,rolling,22.799999237060547,2026-07-31T21:24:45.037845+00:00,,,True,long,,
CMCSA,1d,cross_TLT_state_slope=downtrend + state_ext=stretched_up,2026-07-28 04:00:00+00:00,,,,CMCSA|1d|rolling|cross_TLT_state_slope=downtrend + state_ext=stretched_up|2026-07-28,rolling,24.190000534057617,2026-07-31T21:25:14.466690+00:00,,,True,short,,
CMCSA,1d,cross_TLT_state_slope=downtrend + state_ext=stretched_up,2026-07-29 04:00:00+00:00,,,,CMCSA|1d|rolling|cross_TLT_state_slope=downtrend + state_ext=stretched_up|2026-07-29,rolling,24.61000061035156,2026-07-31T21:26:15.055276+00:00,,,True,short,,
CMCSA,1d,cross_USO_state_ext=neutral + cross_TLT_state_slope=downtrend + state_ext=stretched_up,2026-07-28 04:00:00+00:00,,,,CMCSA|1d|rolling|cross_USO_state_ext=neutral + cross_TLT_state_slope=downtrend + state_ext=stretched_up|2026-07-28,rolling,24.190000534057617,2026-07-31T21:25:11.663310+00:00,,,True,short,,
CMCSA,1d,cross_USO_state_ext=neutral + state_ext=stretched_up,2026-07-28 04:00:00+00:00,,,,CMCSA|1d|rolling|cross_USO_state_ext=neutral + state_ext=stretched_up|2026-07-28,rolling,24.190000534057617,2026-07-31T21:25:15.164489+00:00,,,True,short,,
CMCSA,1d,state_ext=stretched_down + state_ret_5=ret_down,2026-07-27 04:00:00+00:00,,,,CMCSA|1d|rolling|state_ext=stretched_down + state_ret_5=ret_down|2026-07-27,rolling,22.799999237060547,2026-07-31T21:24:44.327438+00:00,,,True,long,,
CMCSA,1d,state_ext=stretched_up + state_ret_1=ret_up,2026-07-28 04:00:00+00:00,,,,CMCSA|1d|rolling|state_ext=stretched_up + state_ret_1=ret_up|2026-07-28,rolling,24.190000534057617,2026-07-31T21:25:12.337086+00:00,,,True,short,,
CMCSA,1d,state_ext=stretched_up + state_ret_1=ret_up,2026-07-29 04:00:00+00:00,,,,CMCSA|1d|rolling|state_ext=stretched_up + state_ret_1=ret_up|2026-07-29,rolling,24.61000061035156,2026-07-31T21:26:12.235733+00:00,,,True,short,,
CMCSA,1d,state_ext=stretched_up + state_ret_5=ret_up,2026-07-29 04:00:00+00:00,,,,CMCSA|1d|rolling|state_ext=stretched_up + state_ret_5=ret_up|2026-07-29,rolling,24.61000061035156,2026-07-31T21:26:12.903519+00:00,,,True,short,,
CMCSA,1d,state_ext=stretched_up + state_slope=flat,2026-07-28 04:00:00+00:00,,,,CMCSA|1d|rolling|state_ext=stretched_up + state_slope=flat|2026-07-28,rolling,24.190000534057617,2026-07-31T21:25:13.767412+00:00,,,True,short,,
CMCSA,1d,state_ext=stretched_up + state_slope=flat,2026-07-29 04:00:00+00:00,,,,CMCSA|1d|rolling|state_ext=stretched_up + state_slope=flat|2026-07-29,rolling,24.61000061035156,2026-07-31T21:26:14.337147+00:00,,,True,short,,
CMCSA,1d,state_volume=vol_normal + state_ext=stretched_down,2026-07-27 04:00:00+00:00,,,,CMCSA|1d|rolling|state_volume=vol_normal + state_ext=stretched_down|2026-07-27,rolling,22.799999237060547,2026-07-31T21:24:45.726483+00:00,,,True,long,,
CMCSA,1d,state_volume=vol_normal + state_ext=stretched_up,2026-07-28 04:00:00+00:00,,,,CMCSA|1d|rolling|state_volume=vol_normal + state_ext=stretched_up|2026-07-28,rolling,24.190000534057617,2026-07-31T21:25:15.882682+00:00,,,True,short,,
CMCSA,1d,state_volume=vol_normal + state_ext=stretched_up,2026-07-29 04:00:00+00:00,,,,CMCSA|1d|rolling|state_volume=vol_normal + state_ext=stretched_up|2026-07-29,rolling,24.61000061035156,2026-07-31T21:26:15.706180+00:00,,,True,short,,
CMCSA,1d,state_volume=vol_normal + state_ext=stretched_up + state_slope=flat,2026-07-28 04:00:00+00:00,,,,CMCSA|1d|rolling|state_volume=vol_normal + state_ext=stretched_up + state_slope=flat|2026-07-28,rolling,24.190000534057617,2026-07-31T21:25:13.068123+00:00,,,True,short,,
CMCSA,1d,state_volume=vol_normal + state_ext=stretched_up + state_slope=flat,2026-07-29 04:00:00+00:00,,,,CMCSA|1d|rolling|state_volume=vol_normal + state_ext=stretched_up + state_slope=flat|2026-07-29,rolling,24.61000061035156,2026-07-31T21:26:13.631360+00:00,,,True,short,,
CMCSA,1h,state_session=lunch + state_slope=uptrend,2026-07-29 16:00:00+00:00,,0.003050634427989,-0.0211511083994305,CMCSA|1h|rolling|state_session=lunch + state_slope=uptrend|2026-07-29 16:00:00+00:00,rolling,24.585,2026-07-31T21:24:51.481975+00:00,24.65999984741211,24.065,False,short,-0.003050634427989,0.0211511083994305
CMCSA,1h,state_session=lunch + state_slope=uptrend,2026-07-29 17:00:00+00:00,,-0.0058550034632183,,CMCSA|1h|rolling|state_session=lunch + state_slope=uptrend|2026-07-29 17:00:00+00:00,rolling,24.765,2026-07-31T21:24:51.894004+00:00,24.6200008392334,,True,short,0.0058550034632183,
CME,1d,state_volume=vol_surge + state_ext=neutral,2026-09-18 04:00:00+00:00,,-0.0417738826769932,,CME|1d|rolling|state_volume=vol_surge + state_ext=neutral|2026-09-18,rolling,276.010009765625,2026-09-25T21:43:15.508282+00:00,264.48,,True,long,-0.0417738826769932,
CME,1h,state_slope=flat + state_vol=high_vol,2026-08-20 15:00:00+00:00,,0.0005679632106412,0.0214543522471191,CME|1h|rolling|state_slope=flat + state_vol=high_vol|2026-08-20 15:00:00+00:00,rolling,272.905,2026-09-09T20:39:20.250630+00:00,273.06,278.76,False,long,0.0005679632106412,0.0214543522471191
CME,1h,state_slope=flat + state_vol=high_vol,2026-08-20 16:00:00+00:00,,0.0064383208859128,0.0226444943158823,CME|1h|rolling|state_slope=flat + state_vol=high_vol|2026-08-20 16:00:00+00:00,rolling,271.81,2026-09-09T20:39:20.357537+00:00,273.56,277.965,False,long,0.0064383208859128,0.0226444943158823
CME,1h,state_slope=flat + state_vol=high_vol,2026-08-20 17:00:00+00:00,,0.0094292803970224,0.0212848083815826,CME|1h|rolling|state_slope=flat + state_vol=high_vol|2026-08-20 17:00:00+00:00,rolling,272.025,2026-09-09T20:39:20.405469+00:00,274.59,277.815,False,long,0.0094292803970224,0.0212848083815826
CME,1h,state_slope=flat + state_vol=high_vol,2026-08-20 18:00:00+00:00,,0.0100168782564025,0.0173185587436706,CME|1h|rolling|state_slope=flat + state_vol=high_vol|2026-08-20 18:00:00+00:00,rolling,272.54,2026-09-09T20:39:20.481098+00:00,275.27,277.26,False,long,0.0100168782564025,0.0173185587436706
CME,1h,state_slope=flat + state_vol=high_vol,2026-09-02 13:00:00+00:00,,-0.0075960201134055,0.0031917549302806,CME|1h|rolling|state_slope=flat + state_vol=high_vol|2026-09-02 13:00:00+00:00,rolling,280.41,2026-09-09T20:39:40.632407+00:00,278.28,281.305,False,long,-0.0075960201134055,0.0031917549302806
CME,1h,state_slope=flat + state_vol=high_vol,2026-09-02 14:00:00+00:00,,-0.0162796053214291,-0.0095303891870826,CME|1h|rolling|state_slope=flat + state_vol=high_vol|2026-09-02 14:00:00+00:00,rolling,282.255,2026-09-09T20:39:40.712492+00:00,277.66,279.565,False,long,-0.0162796053214291,-0.0095303891870826
CMG,1d,cross_USO_state_ext=stretched_down + cross_TLT_state_slope=downtrend + state_ext=stretched_down,2026-08-04 04:00:00+00:00,,-0.0538143025206102,0.1244825287540423,CMG|1d|rolling|cross_USO_state_ext=stretched_down + cross_TLT_state_slope=downtrend + state_ext=stretched_down|2026-08-04,rolling,33.81999969482422,2026-09-22T18:47:24.482813+00:00,32.0,38.02999877929688,False,long,-0.0538143025206102,0.1244825287540423
COF,1h,state_session=morning + state_slope=downtrend + state_vol=high_vol,2026-08-20 13:00:00+00:00,,0.0069857939894042,0.0139715879788082,COF|1h|rolling|state_session=morning + state_slope=downtrend + state_vol=high_vol|2026-08-20 13:00:00+00:00,rolling,213.29,2026-08-25T21:32:10.302449+00:00,214.78,216.27,False,long,0.0069857939894042,0.0139715879788082
COF,1h,state_session=morning + state_slope=downtrend + state_vol=high_vol,2026-08-20 14:00:00+00:00,,-0.0120902115787027,0.00427807486631,COF|1h|rolling|state_session=morning + state_slope=downtrend + state_vol=high_vol|2026-08-20 14:00:00+00:00,rolling,215.05,2026-08-25T21:32:10.350801+00:00,212.45,215.97,False,long,-0.0120902115787027,0.00427807486631
COF,1h,state_session=morning + state_slope=downtrend + state_vol=high_vol,2026-08-20 15:00:00+00:00,,0.0140917123988466,0.0116268254115896,COF|1h|rolling|state_session=morning + state_slope=downtrend + state_vol=high_vol|2026-08-20 15:00:00+00:00,rolling,215.02,2026-08-25T21:32:10.406270+00:00,218.05,217.52,False,long,0.0140917123988466,0.0116268254115896
COF,1h,state_session=morning + state_slope=downtrend + state_vol=high_vol,2026-08-21 13:00:00+00:00,,-0.0023847741343728,-0.007842238018803,COF|1h|rolling|state_session=morning + state_slope=downtrend + state_vol=high_vol|2026-08-21 13:00:00+00:00,rolling,218.05,2026-08-25T21:32:21.056204+00:00,217.53,216.34,False,long,-0.0023847741343728,-0.007842238018803
COF,1h,state_session=morning + state_slope=downtrend + state_vol=high_vol,2026-08-21 14:00:00+00:00,,-0.0043168425380293,,COF|1h|rolling|state_session=morning + state_slope=downtrend + state_vol=high_vol|2026-08-21 14:00:00+00:00,rolling,218.91,2026-08-25T21:32:22.084107+00:00,217.965,,True,long,-0.0043168425380293,
COF,1h,state_session=morning + state_slope=downtrend + state_vol=high_vol,2026-08-21 15:00:00+00:00,,0.0110219981668193,,COF|1h|rolling|state_session=morning + state_slope=downtrend + state_vol=high_vol|2026-08-21 15:00:00+00:00,rolling,218.2,2026-08-25T21:32:24.532868+00:00,220.605,,True,long,0.0110219981668193,
COST,1d,state_ext=stretched_up + state_ret_1=ret_flat,2026-09-29 04:00:00+00:00,,0.01199446835699658,,COST|1d|rolling|state_ext=stretched_up + state_ret_1=ret_flat|2026-09-29,rolling,924.5900268554688,2026-10-07T19:42:38.966599+00:00,935.6799926757812,,True,long,0.01199446835699658,
COST,1d,state_ext=stretched_up + state_ret_1=ret_flat,2026-10-05 04:00:00+00:00,,,,COST|1d|rolling|state_ext=stretched_up + state_ret_1=ret_flat|2026-10-05,rolling,923.52001953125,2026-10-07T19:43:13.345715+00:00,,,True,long,,
COST,1h,state_volume=vol_quiet + state_ext=neutral + state_slope=uptrend,2026-09-14 14:00:00+00:00,,0.004010578310092994,-0.027079599597849446,COST|1h|rolling|state_volume=vol_quiet + state_ext=neutral + state_slope=uptrend|2026-09-14 14:00:00+00:00,rolling,915.08,2026-10-07T19:42:31.487312+00:00,918.75,890.3,False,short,-0.004010578310092994,0.027079599597849446
COST,1h,state_volume=vol_quiet + state_ext=neutral + state_slope=uptrend,2026-09-14 18:00:00+00:00,,-0.011908004401494754,-0.028898427881944078,COST|1h|rolling|state_volume=vol_quiet + state_ext=neutral + state_slope=uptrend|2026-09-14 18:00:00+00:00,rolling,917.87,2026-10-07T19:42:31.825784+00:00,906.94,891.345,False,short,0.011908004401494754,0.028898427881944078
COST,1h,state_volume=vol_quiet + state_ext=neutral + state_slope=uptrend,2026-09-28 19:00:00+00:00,,0.0038456942347175893,-0.005909767411543587,COST|1h|rolling|state_volume=vol_quiet + state_ext=neutral + state_slope=uptrend|2026-09-28 19:00:00+00:00,rolling,920.51,2026-10-07T19:42:36.842720+00:00,924.05,915.07,False,short,-0.0038456942347175893,0.005909767411543587
COST,1h,state_volume=vol_quiet + state_ext=neutral + state_slope=uptrend,2026-10-06 16:00:00+00:00,,0.0160199550581126,,COST|1h|rolling|state_volume=vol_quiet + state_ext=neutral + state_slope=uptrend|2026-10-06 16:00:00+00:00,rolling,930.09,2026-10-07T19:43:03.723102+00:00,944.99,,True,short,-0.0160199550581126,
COST,1h,state_volume=vol_quiet + state_ext=neutral + state_slope=uptrend,2026-10-06 17:00:00+00:00,,0.01735766446856557,,COST|1h|rolling|state_volume=vol_quiet + state_ext=neutral + state_slope=uptrend|2026-10-06 17:00:00+00:00,rolling,931.865,2026-10-07T19:43:06.690970+00:00,948.04,,True,short,-0.01735766446856557,
COST,1h,state_volume=vol_quiet + state_ext=neutral + state_slope=uptrend,2026-10-06 18:00:00+00:00,,0.013894547247893296,,COST|1h|rolling|state_volume=vol_quiet + state_ext=neutral + state_slope=uptrend|2026-10-06 18:00:00+00:00,rolling,932.74,2026-10-07T19:43:08.303078+00:00,945.7,,True,short,-0.013894547247893296,
COST,1h,state_volume=vol_quiet + state_ext=neutral + state_slope=uptrend,2026-10-06 19:00:00+00:00,,0.012243959557506567,,COST|1h|rolling|state_volume=vol_quiet + state_ext=neutral + state_slope=uptrend|2026-10-06 19:00:00+00:00,rolling,935.155,2026-10-07T19:43:10.772411+00:00,946.605,,True,short,-0.012243959557506567,
COST,1h,state_volume=vol_quiet + state_slope=uptrend,2026-09-28 19:00:00+00:00,,0.0038456942347175893,-0.005909767411543587,COST|1h|rolling|state_volume=vol_quiet + state_slope=uptrend|2026-09-28 19:00:00+00:00,rolling,920.51,2026-10-07T19:42:36.852849+00:00,924.05,915.07,False,short,-0.0038456942347175893,0.005909767411543587
COST,1h,state_volume=vol_quiet + state_slope=uptrend,2026-10-06 16:00:00+00:00,,0.0160199550581126,,COST|1h|rolling|state_volume=vol_quiet + state_slope=uptrend|2026-10-06 16:00:00+00:00,rolling,930.09,2026-10-07T19:43:04.082602+00:00,944.99,,True,short,-0.0160199550581126,
COST,1h,state_volume=vol_quiet + state_slope=uptrend,2026-10-06 17:00:00+00:00,,0.01735766446856557,,COST|1h|rolling|state_volume=vol_quiet + state_slope=uptrend|2026-10-06 17:00:00+00:00,rolling,931.865,2026-10-07T19:43:06.857513+00:00,948.04,,True,short,-0.01735766446856557,
COST,1h,state_volume=vol_quiet + state_slope=uptrend,2026-10-06 18:00:00+00:00,,0.013894547247893296,,COST|1h|rolling|state_volume=vol_quiet + state_slope=uptrend|2026-10-06 18:00:00+00:00,rolling,932.74,2026-10-07T19:43:08.636022+00:00,945.7,,True,short,-0.013894547247893296,
COST,1h,state_volume=vol_quiet + state_slope=uptrend,2026-10-06 19:00:00+00:00,,0.012243959557506567,,COST|1h|rolling|state_volume=vol_quiet + state_slope=uptrend|2026-10-06 19:00:00+00:00,rolling,935.155,2026-10-07T19:43:11.126665+00:00,946.605,,True,short,-0.012243959557506567,
COST,1h,state_volume=vol_quiet + state_slope=uptrend,2026-10-07 13:00:00+00:00,,0.0053336456159776,,COST|1h|rolling|state_volume=vol_quiet + state_slope=uptrend|2026-10-07 13:00:00+00:00,rolling,939.32,2026-10-07T19:43:21.059701+00:00,944.33,,True,short,-0.0053336456159776,
COST,1h,state_volume=vol_quiet + state_slope=uptrend,2026-10-07 14:00:00+00:00,,-0.0006155282930763173,,COST|1h|rolling|state_volume=vol_quiet + state_slope=uptrend|2026-10-07 14:00:00+00:00,rolling,942.28,2026-10-07T19:43:24.989308+00:00,941.7,,True,short,0.0006155282930763173,
CRM,15m,cross_USO_state_ext=stretched_down + state_ext=neutral,2026-09-25 17:00:00+00:00,,-0.0002132105240714166,-0.02242974713231838,CRM|15m|rolling|cross_USO_state_ext=stretched_down + state_ext=neutral|2026-09-25 17:00:00+00:00,rolling,234.51,2026-10-07T19:42:36.738842+00:00,234.46,229.25,False,short,0.0002132105240714166,0.02242974713231838
CRM,15m,cross_USO_state_ext=stretched_down + state_ext=neutral,2026-09-25 17:15:00+00:00,,-0.002046123023146773,-0.026812737115819107,CRM|15m|rolling|cross_USO_state_ext=stretched_down + state_ext=neutral|2026-09-25 17:15:00+00:00,rolling,234.59,2026-10-07T19:42:36.757111+00:00,234.11,228.3,False,short,0.002046123023146773,0.026812737115819107
CRM,15m,cross_USO_state_ext=stretched_down + state_ext=neutral,2026-10-02 14:00:00+00:00,,-0.0055691502826766826,-0.012108682811577065,CRM|15m|rolling|cross_USO_state_ext=stretched_down + state_ext=neutral|2026-10-02 14:00:00+00:00,rolling,237.02,2026-10-07T19:42:45.280683+00:00,235.7,234.15,False,short,0.0055691502826766826,0.012108682811577065
CRM,15m,cross_USO_state_ext=stretched_down + state_ext=neutral,2026-10-02 14:15:00+00:00,,-0.010135845565041879,-0.015329940698994848,CRM|15m|rolling|cross_USO_state_ext=stretched_down + state_ext=neutral|2026-10-02 14:15:00+00:00,rolling,237.77,2026-10-07T19:42:45.627728+00:00,235.36,234.125,False,short,0.010135845565041879,0.015329940698994848
CRM,15m,cross_USO_state_ext=stretched_down + state_ext=neutral,2026-10-02 15:15:00+00:00,,-0.006597369537547637,-0.016419176919813205,CRM|15m|rolling|cross_USO_state_ext=stretched_down + state_ext=neutral|2026-10-02 15:15:00+00:00,rolling,235.7,2026-10-07T19:42:45.944403+00:00,234.145,231.83,False,short,0.006597369537547637,0.016419176919813205
CRM,15m,cross_USO_state_ext=stretched_down + state_ext=neutral,2026-10-02 15:30:00+00:00,,-0.005875490508007175,-0.01832643970728598,CRM|15m|rolling|cross_USO_state_ext=stretched_down + state_ext=neutral|2026-10-02 15:30:00+00:00,rolling,235.725,2026-10-07T19:42:46.003685+00:00,234.34,231.405,False,short,0.005875490508007175,0.01832643970728598
CRM,15m,cross_USO_state_ext=stretched_down + state_ext=neutral,2026-10-06 13:30:00+00:00,,-0.012972972972972951,-0.031351351351351364,CRM|15m|rolling|cross_USO_state_ext=stretched_down + state_ext=neutral|2026-10-06 13:30:00+00:00,rolling,231.25,2026-10-07T19:43:00.010012+00:00,228.25,224.0,False,short,0.012972972972972951,0.031351351351351364
CRWD,1h,cross_TLT_state_slope=downtrend + state_ext=stretched_up,2026-07-30 19:00:00+00:00,,0.0263335584064821,,CRWD|1h|rolling|cross_TLT_state_slope=downtrend + state_ext=stretched_up|2026-07-30 19:00:00+00:00,rolling,185.125,2026-07-31T21:26:22.752571+00:00,190.0,,True,short,-0.0263335584064821,
CRWD,1h,cross_TLT_state_slope=downtrend + state_ext=stretched_up,2026-07-31 13:00:00+00:00,,0.0124580737901291,,CRWD|1h|rolling|cross_TLT_state_slope=downtrend + state_ext=stretched_up|2026-07-31 13:00:00+00:00,rolling,187.83,2026-07-31T21:26:32.194106+00:00,190.17,,True,short,-0.0124580737901291,
CRWD,1h,cross_TLT_state_slope=downtrend + state_ext=stretched_up,2026-07-31 14:00:00+00:00,,0.0253021756647864,,CRWD|1h|rolling|cross_TLT_state_slope=downtrend + state_ext=stretched_up|2026-07-31 14:00:00+00:00,rolling,186.15,2026-07-31T21:26:39.204985+00:00,190.86,,True,short,-0.0253021756647864,
CRWD,1h,cross_TLT_state_slope=downtrend + state_ext=stretched_up,2026-07-31 15:00:00+00:00,,,,CRWD|1h|rolling|cross_TLT_state_slope=downtrend + state_ext=stretched_up|2026-07-31 15:00:00+00:00,rolling,189.0,2026-07-31T21:26:49.023053+00:00,,,True,short,,
CRWD,1h,cross_TLT_state_slope=downtrend + state_ext=stretched_up,2026-07-31 16:00:00+00:00,,,,CRWD|1h|rolling|cross_TLT_state_slope=downtrend + state_ext=stretched_up|2026-07-31 16:00:00+00:00,rolling,189.69,2026-07-31T21:27:05.814753+00:00,,,True,short,,
CRWD,1h,cross_TLT_state_slope=downtrend + state_ext=stretched_up,2026-07-31 17:00:00+00:00,,,,CRWD|1h|rolling|cross_TLT_state_slope=downtrend + state_ext=stretched_up|2026-07-31 17:00:00+00:00,rolling,190.0,2026-07-31T21:27:26.106199+00:00,,,True,short,,
CRWD,1h,cross_TLT_state_slope=downtrend + state_ext=stretched_up,2026-07-31 18:00:00+00:00,,,,CRWD|1h|rolling|cross_TLT_state_slope=downtrend + state_ext=stretched_up|2026-07-31 18:00:00+00:00,rolling,190.17,2026-07-31T21:27:45.064331+00:00,,,True,short,,
CRWD,1h,cross_TLT_state_slope=downtrend + state_ext=stretched_up,2026-07-31 19:00:00+00:00,,,,CRWD|1h|rolling|cross_TLT_state_slope=downtrend + state_ext=stretched_up|2026-07-31 19:00:00+00:00,rolling,190.86,2026-07-31T21:28:10.253955+00:00,,,True,short,,
CRWD,1h,cross_TLT_state_vol=high_vol + state_ext=stretched_up,2026-07-30 19:00:00+00:00,,0.0263335584064821,,CRWD|1h|rolling|cross_TLT_state_vol=high_vol + state_ext=stretched_up|2026-07-30 19:00:00+00:00,rolling,185.125,2026-07-31T21:26:22.045566+00:00,190.0,,True,short,-0.0263335584064821,
CRWD,1h,cross_TLT_state_vol=high_vol + state_ext=stretched_up,2026-07-31 13:00:00+00:00,,0.0124580737901291,,CRWD|1h|rolling|cross_TLT_state_vol=high_vol + state_ext=stretched_up|2026-07-31 13:00:00+00:00,rolling,187.83,2026-07-31T21:26:31.176370+00:00,190.17,,True,short,-0.0124580737901291,
CRWD,1h,cross_TLT_state_vol=high_vol + state_ext=stretched_up,2026-07-31 14:00:00+00:00,,0.0253021756647864,,CRWD|1h|rolling|cross_TLT_state_vol=high_vol + state_ext=stretched_up|2026-07-31 14:00:00+00:00,rolling,186.15,2026-07-31T21:26:38.146254+00:00,190.86,,True,short,-0.0253021756647864,
CRWD,1h,cross_TLT_state_vol=high_vol + state_ext=stretched_up,2026-07-31 15:00:00+00:00,,,,CRWD|1h|rolling|cross_TLT_state_vol=high_vol + state_ext=stretched_up|2026-07-31 15:00:00+00:00,rolling,189.0,2026-07-31T21:26:46.925031+00:00,,,True,short,,
CRWD,1h,cross_TLT_state_vol=high_vol + state_ext=stretched_up,2026-07-31 16:00:00+00:00,,,,CRWD|1h|rolling|cross_TLT_state_vol=high_vol + state_ext=stretched_up|2026-07-31 16:00:00+00:00,rolling,189.69,2026-07-31T21:27:03.690157+00:00,,,True,short,,
CRWD,1h,cross_TLT_state_vol=high_vol + state_ext=stretched_up,2026-07-31 17:00:00+00:00,,,,CRWD|1h|rolling|cross_TLT_state_vol=high_vol + state_ext=stretched_up|2026-07-31 17:00:00+00:00,rolling,190.0,2026-07-31T21:27:24.010777+00:00,,,True,short,,
CRWD,1h,cross_TLT_state_vol=high_vol + state_ext=stretched_up,2026-07-31 18:00:00+00:00,,,,CRWD|1h|rolling|cross_TLT_state_vol=high_vol + state_ext=stretched_up|2026-07-31 18:00:00+00:00,rolling,190.17,2026-07-31T21:27:42.993826+00:00,,,True,short,,
CRWD,1h,cross_TLT_state_vol=high_vol + state_ext=stretched_up,2026-07-31 19:00:00+00:00,,,,CRWD|1h|rolling|cross_TLT_state_vol=high_vol + state_ext=stretched_up|2026-07-31 19:00:00+00:00,rolling,190.86,2026-07-31T21:28:08.174381+00:00,,,True,short,,
CRWD,1h,cross_USO_state_ext=neutral + cross_TLT_state_slope=downtrend + state_ext=stretched_up,2026-07-30 19:00:00+00:00,,0.0263335584064821,,CRWD|1h|rolling|cross_USO_state_ext=neutral + cross_TLT_state_slope=downtrend + state_ext=stretched_up|2026-07-30 19:00:00+00:00,rolling,185.125,2026-07-31T21:26:22.414627+00:00,190.0,,True,short,-0.0263335584064821,
CRWD,1h,cross_USO_state_ext=neutral + cross_TLT_state_slope=downtrend + state_ext=stretched_up,2026-07-31 13:00:00+00:00,,0.0124580737901291,,CRWD|1h|rolling|cross_USO_state_ext=neutral + cross_TLT_state_slope=downtrend + state_ext=stretched_up|2026-07-31 13:00:00+00:00,rolling,187.83,2026-07-31T21:26:31.510973+00:00,190.17,,True,short,-0.0124580737901291,
CRWD,1h,cross_USO_state_ext=neutral + cross_TLT_state_slope=downtrend + state_ext=stretched_up,2026-07-31 14:00:00+00:00,,0.0253021756647864,,CRWD|1h|rolling|cross_USO_state_ext=neutral + cross_TLT_state_slope=downtrend + state_ext=stretched_up|2026-07-31 14:00:00+00:00,rolling,186.15,2026-07-31T21:26:38.498775+00:00,190.86,,True,short,-0.0253021756647864,
CRWD,1h,cross_USO_state_ext=neutral + cross_TLT_state_slope=downtrend + state_ext=stretched_up,2026-07-31 15:00:00+00:00,,,,CRWD|1h|rolling|cross_USO_state_ext=neutral + cross_TLT_state_slope=downtrend + state_ext=stretched_up|2026-07-31 15:00:00+00:00,rolling,189.0,2026-07-31T21:26:47.629986+00:00,,,True,short,,
CRWD,1h,cross_USO_state_ext=neutral + cross_TLT_state_slope=downtrend + state_ext=stretched_up,2026-07-31 16:00:00+00:00,,,,CRWD|1h|rolling|cross_USO_state_ext=neutral + cross_TLT_state_slope=downtrend + state_ext=stretched_up|2026-07-31 16:00:00+00:00,rolling,189.69,2026-07-31T21:27:04.429899+00:00,,,True,short,,
CRWD,1h,cross_USO_state_ext=neutral + cross_TLT_state_slope=downtrend + state_ext=stretched_up,2026-07-31 17:00:00+00:00,,,,CRWD|1h|rolling|cross_USO_state_ext=neutral + cross_TLT_state_slope=downtrend + state_ext=stretched_up|2026-07-31 17:00:00+00:00,rolling,190.0,2026-07-31T21:27:24.698582+00:00,,,True,short,,
CRWD,1h,cross_USO_state_ext=neutral + cross_TLT_state_slope=downtrend + state_ext=stretched_up,2026-07-31 18:00:00+00:00,,,,CRWD|1h|rolling|cross_USO_state_ext=neutral + cross_TLT_state_slope=downtrend + state_ext=stretched_up|2026-07-31 18:00:00+00:00,rolling,190.17,2026-07-31T21:27:43.676579+00:00,,,True,short,,
CRWD,1h,cross_USO_state_ext=neutral + cross_TLT_state_slope=downtrend + state_ext=stretched_up,2026-07-31 19:00:00+00:00,,,,CRWD|1h|rolling|cross_USO_state_ext=neutral + cross_TLT_state_slope=downtrend + state_ext=stretched_up|2026-07-31 19:00:00+00:00,rolling,190.86,2026-07-31T21:28:08.872478+00:00,,,True,short,,
CRWD,1h,cross_USO_state_ext=neutral + state_ext=stretched_up,2026-07-30 19:00:00+00:00,,0.0263335584064821,,CRWD|1h|rolling|cross_USO_state_ext=neutral + state_ext=stretched_up|2026-07-30 19:00:00+00:00,rolling,185.125,2026-07-31T21:26:23.827132+00:00,190.0,,True,short,-0.0263335584064821,
CRWD,1h,cross_USO_state_ext=neutral + state_ext=stretched_up,2026-07-31 13:00:00+00:00,,0.0124580737901291,,CRWD|1h|rolling|cross_USO_state_ext=neutral + state_ext=stretched_up|2026-07-31 13:00:00+00:00,rolling,187.83,2026-07-31T21:26:33.590452+00:00,190.17,,True,short,-0.0124580737901291,
CRWD,1h,cross_USO_state_ext=neutral + state_ext=stretched_up,2026-07-31 14:00:00+00:00,,0.0253021756647864,,CRWD|1h|rolling|cross_USO_state_ext=neutral + state_ext=stretched_up|2026-07-31 14:00:00+00:00,rolling,186.15,2026-07-31T21:26:40.622433+00:00,190.86,,True,short,-0.0253021756647864,
CRWD,1h,cross_USO_state_ext=neutral + state_ext=stretched_up,2026-07-31 15:00:00+00:00,,,,CRWD|1h|rolling|cross_USO_state_ext=neutral + state_ext=stretched_up|2026-07-31 15:00:00+00:00,rolling,189.0,2026-07-31T21:26:52.527412+00:00,,,True,short,,
CRWD,1h,cross_USO_state_ext=neutral + state_ext=stretched_up,2026-07-31 16:00:00+00:00,,,,CRWD|1h|rolling|cross_USO_state_ext=neutral + state_ext=stretched_up|2026-07-31 16:00:00+00:00,rolling,189.69,2026-07-31T21:27:08.634443+00:00,,,True,short,,
CRWD,1h,cross_USO_state_ext=neutral + state_ext=stretched_up,2026-07-31 17:00:00+00:00,,,,CRWD|1h|rolling|cross_USO_state_ext=neutral + state_ext=stretched_up|2026-07-31 17:00:00+00:00,rolling,190.0,2026-07-31T21:27:28.981895+00:00,,,True,short,,
CRWD,1h,cross_USO_state_ext=neutral + state_ext=stretched_up,2026-07-31 18:00:00+00:00,,,,CRWD|1h|rolling|cross_USO_state_ext=neutral + state_ext=stretched_up|2026-07-31 18:00:00+00:00,rolling,190.17,2026-07-31T21:27:47.876232+00:00,,,True,short,,
CRWD,1h,cross_USO_state_ext=neutral + state_ext=stretched_up,2026-07-31 19:00:00+00:00,,,,CRWD|1h|rolling|cross_USO_state_ext=neutral + state_ext=stretched_up|2026-07-31 19:00:00+00:00,rolling,190.86,2026-07-31T21:28:13.065472+00:00,,,True,short,,
CRWD,1h,cross_USO_state_slope=downtrend + cross_TLT_state_slope=downtrend + state_ext=stretched_up,2026-07-30 19:00:00+00:00,,0.0263335584064821,,CRWD|1h|rolling|cross_USO_state_slope=downtrend + cross_TLT_state_slope=downtrend + state_ext=stretched_up|2026-07-30 19:00:00+00:00,rolling,185.125,2026-07-31T21:26:21.783803+00:00,190.0,,True,short,-0.0263335584064821,
CRWD,1h,cross_USO_state_slope=downtrend + state_ext=stretched_up,2026-07-30 19:00:00+00:00,,0.0263335584064821,,CRWD|1h|rolling|cross_USO_state_slope=downtrend + state_ext=stretched_up|2026-07-30 19:00:00+00:00,rolling,185.125,2026-07-31T21:26:23.469874+00:00,190.0,,True,short,-0.0263335584064821,
CRWD,1h,cross_USO_state_slope=flat + cross_TLT_state_slope=downtrend + state_ext=stretched_up,2026-07-31 13:00:00+00:00,,0.0124580737901291,,CRWD|1h|rolling|cross_USO_state_slope=flat + cross_TLT_state_slope=downtrend + state_ext=stretched_up|2026-07-31 13:00:00+00:00,rolling,187.83,2026-07-31T21:26:31.843316+00:00,190.17,,True,short,-0.0124580737901291,
CRWD,1h,cross_USO_state_slope=flat + cross_TLT_state_slope=downtrend + state_ext=stretched_up,2026-07-31 14:00:00+00:00,,0.0253021756647864,,CRWD|1h|rolling|cross_USO_state_slope=flat + cross_TLT_state_slope=downtrend + state_ext=stretched_up|2026-07-31 14:00:00+00:00,rolling,186.15,2026-07-31T21:26:38.866333+00:00,190.86,,True,short,-0.0253021756647864,
CRWD,1h,cross_USO_state_slope=flat + cross_TLT_state_slope=downtrend + state_ext=stretched_up,2026-07-31 15:00:00+00:00,,,,CRWD|1h|rolling|cross_USO_state_slope=flat + cross_TLT_state_slope=downtrend + state_ext=stretched_up|2026-07-31 15:00:00+00:00,rolling,189.0,2026-07-31T21:26:48.292859+00:00,,,True,short,,
CRWD,1h,cross_USO_state_slope=flat + cross_TLT_state_slope=downtrend + state_ext=stretched_up,2026-07-31 16:00:00+00:00,,,,CRWD|1h|rolling|cross_USO_state_slope=flat + cross_TLT_state_slope=downtrend + state_ext=stretched_up|2026-07-31 16:00:00+00:00,rolling,189.69,2026-07-31T21:27:05.123366+00:00,,,True,short,,
CRWD,1h,cross_USO_state_slope=flat + cross_TLT_state_slope=downtrend + state_ext=stretched_up,2026-07-31 17:00:00+00:00,,,,CRWD|1h|rolling|cross_USO_state_slope=flat + cross_TLT_state_slope=downtrend + state_ext=stretched_up|2026-07-31 17:00:00+00:00,rolling,190.0,2026-07-31T21:27:25.388611+00:00,,,True,short,,
CRWD,1h,cross_USO_state_slope=flat + cross_TLT_state_slope=downtrend + state_ext=stretched_up,2026-07-31 18:00:00+00:00,,,,CRWD|1h|rolling|cross_USO_state_slope=flat + cross_TLT_state_slope=downtrend + state_ext=stretched_up|2026-07-31 18:00:00+00:00,rolling,190.17,2026-07-31T21:27:44.336995+00:00,,,True,short,,
CRWD,1h,cross_USO_state_slope=flat + cross_TLT_state_slope=downtrend + state_ext=stretched_up,2026-07-31 19:00:00+00:00,,,,CRWD|1h|rolling|cross_USO_state_slope=flat + cross_TLT_state_slope=downtrend + state_ext=stretched_up|2026-07-31 19:00:00+00:00,rolling,190.86,2026-07-31T21:28:09.543351+00:00,,,True,short,,
CRWD,1h,cross_USO_state_slope=flat + state_ext=stretched_up,2026-07-31 13:00:00+00:00,,0.0124580737901291,,CRWD|1h|rolling|cross_USO_state_slope=flat + state_ext=stretched_up|2026-07-31 13:00:00+00:00,rolling,187.83,2026-07-31T21:26:32.533404+00:00,190.17,,True,short,-0.0124580737901291,
CRWD,1h,cross_USO_state_slope=flat + state_ext=stretched_up,2026-07-31 14:00:00+00:00,,0.0253021756647864,,CRWD|1h|rolling|cross_USO_state_slope=flat + state_ext=stretched_up|2026-07-31 14:00:00+00:00,rolling,186.15,2026-07-31T21:26:39.559766+00:00,190.86,,True,short,-0.0253021756647864,
CRWD,1h,cross_USO_state_slope=flat + state_ext=stretched_up,2026-07-31 15:00:00+00:00,,,,CRWD|1h|rolling|cross_USO_state_slope=flat + state_ext=stretched_up|2026-07-31 15:00:00+00:00,rolling,189.0,2026-07-31T21:26:49.719458+00:00,,,True,short,,
CRWD,1h,cross_USO_state_slope=flat + state_ext=stretched_up,2026-07-31 16:00:00+00:00,,,,CRWD|1h|rolling|cross_USO_state_slope=flat + state_ext=stretched_up|2026-07-31 16:00:00+00:00,rolling,189.69,2026-07-31T21:27:06.486190+00:00,,,True,short,,
CRWD,1h,cross_USO_state_slope=flat + state_ext=stretched_up,2026-07-31 17:00:00+00:00,,,,CRWD|1h|rolling|cross_USO_state_slope=flat + state_ext=stretched_up|2026-07-31 17:00:00+00:00,rolling,190.0,2026-07-31T21:27:26.846277+00:00,,,True,short,,
CRWD,1h,cross_USO_state_slope=flat + state_ext=stretched_up,2026-07-31 18:00:00+00:00,,,,CRWD|1h|rolling|cross_USO_state_slope=flat + state_ext=stretched_up|2026-07-31 18:00:00+00:00,rolling,190.17,2026-07-31T21:27:45.784708+00:00,,,True,short,,
CRWD,1h,cross_USO_state_slope=flat + state_ext=stretched_up,2026-07-31 19:00:00+00:00,,,,CRWD|1h|rolling|cross_USO_state_slope=flat + state_ext=stretched_up|2026-07-31 19:00:00+00:00,rolling,190.86,2026-07-31T21:28:10.952524+00:00,,,True,short,,
CRWD,1h,cross_USO_state_vol=high_vol + state_ext=stretched_up,2026-07-30 19:00:00+00:00,,0.0263335584064821,0.13474679270763,CRWD|1h|rolling|cross_USO_state_vol=high_vol + state_ext=stretched_up|2026-07-30 19:00:00+00:00,rolling,185.125,2026-09-30T21:31:13.772674+00:00,190.0,210.07,False,long,0.0263335584064821,0.13474679270763
CRWD,1h,cross_USO_state_vol=high_vol + state_ext=stretched_up,2026-07-31 15:00:00+00:00,,0.0338095238095237,0.1244708994708994,CRWD|1h|rolling|cross_USO_state_vol=high_vol + state_ext=stretched_up|2026-07-31 15:00:00+00:00,rolling,189.0,2026-09-30T21:31:13.782943+00:00,195.39,212.525,False,long,0.0338095238095237,0.1244708994708994
CRWD,1h,cross_USO_state_vol=high_vol + state_ext=stretched_up,2026-07-31 16:00:00+00:00,,0.034187358321472,0.1178765353998629,CRWD|1h|rolling|cross_USO_state_vol=high_vol + state_ext=stretched_up|2026-07-31 16:00:00+00:00,rolling,189.69,2026-09-30T21:31:13.792913+00:00,196.175,212.05,False,long,0.034187358321472,0.1178765353998629
CRWD,1h,cross_USO_state_vol=high_vol + state_ext=stretched_up,2026-07-31 17:00:00+00:00,,0.0410789473684209,0.1212894736842105,CRWD|1h|rolling|cross_USO_state_vol=high_vol + state_ext=stretched_up|2026-07-31 17:00:00+00:00,rolling,190.0,2026-09-30T21:31:13.803112+00:00,197.805,213.045,False,long,0.0410789473684209,0.1212894736842105
CRWD,1h,cross_USO_state_vol=high_vol + state_ext=stretched_up,2026-07-31 18:00:00+00:00,,0.0455644949255928,0.1206289109743914,CRWD|1h|rolling|cross_USO_state_vol=high_vol + state_ext=stretched_up|2026-07-31 18:00:00+00:00,rolling,190.17,2026-09-30T21:31:13.813303+00:00,198.835,213.11,False,long,0.0455644949255928,0.1206289109743914
CRWD,1h,cross_USO_state_vol=high_vol + state_ext=stretched_up,2026-07-31 19:00:00+00:00,,0.0432254008173529,0.1144556219218275,CRWD|1h|rolling|cross_USO_state_vol=high_vol + state_ext=stretched_up|2026-07-31 19:00:00+00:00,rolling,190.86,2026-09-30T21:31:13.823449+00:00,199.11,212.705,False,long,0.0432254008173529,0.1144556219218275
CRWD,1h,cross_USO_state_vol=high_vol + state_ext=stretched_up,2026-08-11 13:00:00+00:00,,-0.0172767857142857,0.0067857142857143,CRWD|1h|rolling|cross_USO_state_vol=high_vol + state_ext=stretched_up|2026-08-11 13:00:00+00:00,rolling,224.0,2026-09-30T21:31:14.074139+00:00,220.13,225.52,False,long,-0.0172767857142857,0.0067857142857143
CRWD,1h,cross_USO_state_vol=high_vol + state_ext=stretched_up,2026-08-11 14:00:00+00:00,,-0.0089568907750725,-0.0099620281438462,CRWD|1h|rolling|cross_USO_state_vol=high_vol + state_ext=stretched_up|2026-08-11 14:00:00+00:00,rolling,223.85,2026-09-30T21:31:14.084298+00:00,221.845,221.62,False,long,-0.0089568907750725,-0.0099620281438462
CRWD,1h,cross_USO_state_vol=high_vol + state_ext=stretched_up,2026-08-11 15:00:00+00:00,,-0.001845433676914,-0.0095197371382274,CRWD|1h|rolling|cross_USO_state_vol=high_vol + state_ext=stretched_up|2026-08-11 15:00:00+00:00,rolling,222.17,2026-09-30T21:31:14.094392+00:00,221.76,220.055,False,long,-0.001845433676914,-0.0095197371382274
CRWD,1h,cross_USO_state_vol=high_vol + state_ext=stretched_up,2026-08-11 16:00:00+00:00,,-0.0046318977419498,-0.0156771923573687,CRWD|1h|rolling|cross_USO_state_vol=high_vol + state_ext=stretched_up|2026-08-11 16:00:00+00:00,rolling,224.53,2026-09-30T21:31:14.104614+00:00,223.49,221.01,False,long,-0.0046318977419498,-0.0156771923573687
CRWD,1h,cross_USO_state_vol=high_vol + state_ext=stretched_up,2026-08-11 17:00:00+00:00,,-0.0185692949018033,-0.0259702623776721,CRWD|1h|rolling|cross_USO_state_vol=high_vol + state_ext=stretched_up|2026-08-11 17:00:00+00:00,rolling,224.295,2026-09-30T21:31:14.114763+00:00,220.13,218.47,False,long,-0.0185692949018033,-0.0259702623776721
CRWD,1h,cross_USO_state_vol=high_vol + state_ext=stretched_up,2026-09-23 13:00:00+00:00,,0.0293244757168968,-0.0090214037225575,CRWD|1h|rolling|cross_USO_state_vol=high_vol + state_ext=stretched_up|2026-09-23 13:00:00+00:00,rolling,254.395,2026-09-30T21:31:26.042895+00:00,261.855,252.1,False,long,0.0293244757168968,-0.0090214037225575
CRWD,1h,cross_USO_state_vol=high_vol + state_ext=stretched_up,2026-09-23 14:00:00+00:00,,0.043556916225995,0.0106357600095423,CRWD|1h|rolling|cross_USO_state_vol=high_vol + state_ext=stretched_up|2026-09-23 14:00:00+00:00,rolling,251.51,2026-09-30T21:31:26.073711+00:00,262.465,254.185,False,long,0.043556916225995,0.0106357600095423
CRWD,1h,cross_USO_state_vol=high_vol + state_ext=stretched_up,2026-09-23 15:00:00+00:00,,-0.0071560788504474,-0.0373070244069995,CRWD|1h|rolling|cross_USO_state_vol=high_vol + state_ext=stretched_up|2026-09-23 15:00:00+00:00,rolling,262.015,2026-09-30T21:31:26.163854+00:00,260.14,252.24,False,long,-0.0071560788504474,-0.0373070244069995
CRWD,1h,cross_USO_state_vol=high_vol + state_ext=stretched_up,2026-09-23 16:00:00+00:00,,0.0086702424207469,-0.0054982025107176,CRWD|1h|rolling|cross_USO_state_vol=high_vol + state_ext=stretched_up|2026-09-23 16:00:00+00:00,rolling,260.085,2026-09-30T21:31:26.193686+00:00,262.34,258.655,False,long,0.0086702424207469,-0.0054982025107176
CRWD,1h,cross_USO_state_vol=high_vol + state_ext=stretched_up,2026-09-23 17:00:00+00:00,,0.0004593653102629,-0.0077900700532098,CRWD|1h|rolling|cross_USO_state_vol=high_vol + state_ext=stretched_up|2026-09-23 17:00:00+00:00,rolling,261.23,2026-09-30T21:31:26.337982+00:00,261.35,259.195,False,long,0.0004593653102629,-0.0077900700532098
CRWD,1h,cross_USO_state_vol=high_vol + state_ext=stretched_up,2026-09-24 17:00:00+00:00,,-0.0219880897846999,-0.0105168728050083,CRWD|1h|rolling|cross_USO_state_vol=high_vol + state_ext=stretched_up|2026-09-24 17:00:00+00:00,rolling,261.96,2026-09-30T21:31:26.398476+00:00,256.2,259.205,False,long,-0.0219880897846999,-0.0105168728050083
CRWD,1h,cross_USO_state_vol=high_vol + state_ext=stretched_up,2026-09-24 18:00:00+00:00,,-0.0323106987686645,-0.0126928112015483,CRWD|1h|rolling|cross_USO_state_vol=high_vol + state_ext=stretched_up|2026-09-24 18:00:00+00:00,rolling,263.535,2026-09-30T21:31:26.418484+00:00,255.02,260.19,False,long,-0.0323106987686645,-0.0126928112015483
CRWD,1h,cross_USO_state_vol=high_vol + state_ext=stretched_up,2026-09-24 19:00:00+00:00,,-0.0291164276748698,-0.0112586056064813,CRWD|1h|rolling|cross_USO_state_vol=high_vol + state_ext=stretched_up|2026-09-24 19:00:00+00:00,rolling,262.91,2026-09-30T21:31:26.438433+00:00,255.255,259.95,False,long,-0.0291164276748698,-0.0112586056064813
CRWD,1h,cross_USO_state_vol=high_vol + state_ext=stretched_up,2026-09-30 13:00:00+00:00,,-0.0096763929701098,,CRWD|1h|rolling|cross_USO_state_vol=high_vol + state_ext=stretched_up|2026-09-30 13:00:00+00:00,rolling,267.145,2026-09-30T21:31:45.168928+00:00,264.56,,True,long,-0.0096763929701098,
CRWD,1h,cross_USO_state_vol=high_vol + state_ext=stretched_up,2026-09-30 14:00:00+00:00,,-0.0086284345287115,,CRWD|1h|rolling|cross_USO_state_vol=high_vol + state_ext=stretched_up|2026-09-30 14:00:00+00:00,rolling,267.14,2026-09-30T21:31:49.731000+00:00,264.835,,True,long,-0.0086284345287115,
CRWD,1h,cross_USO_state_vol=high_vol + state_ext=stretched_up,2026-09-30 15:00:00+00:00,,,,CRWD|1h|rolling|cross_USO_state_vol=high_vol + state_ext=stretched_up|2026-09-30 15:00:00+00:00,rolling,267.54,2026-09-30T21:31:54.912210+00:00,,,True,long,,
CRWD,1h,cross_USO_state_vol=high_vol + state_ext=stretched_up,2026-09-30 16:00:00+00:00,,,,CRWD|1h|rolling|cross_USO_state_vol=high_vol + state_ext=stretched_up|2026-09-30 16:00:00+00:00,rolling,266.39,2026-09-30T21:32:01.854382+00:00,,,True,long,,
CRWD,1h,cross_USO_state_vol=high_vol + state_ext=stretched_up,2026-09-30 17:00:00+00:00,,,,CRWD|1h|rolling|cross_USO_state_vol=high_vol + state_ext=stretched_up|2026-09-30 17:00:00+00:00,rolling,265.57,2026-09-30T21:32:07.739955+00:00,,,True,long,,
CRWD,1h,cross_USO_state_vol=high_vol + state_ext=stretched_up,2026-09-30 18:00:00+00:00,,,,CRWD|1h|rolling|cross_USO_state_vol=high_vol + state_ext=stretched_up|2026-09-30 18:00:00+00:00,rolling,265.81,2026-09-30T21:32:10.841357+00:00,,,True,long,,
CRWD,1h,state_session=lunch + state_volume=vol_quiet,2026-07-29 17:00:00+00:00,,-0.0029452727482893,,CRWD|1h|rolling|state_session=lunch + state_volume=vol_quiet|2026-07-29 17:00:00+00:00,rolling,179.95,2026-07-31T21:24:52.092990+00:00,179.4199981689453,,True,short,0.0029452727482893,
CRWD,1h,state_session=lunch + state_volume=vol_quiet,2026-07-30 17:00:00+00:00,,0.0318283561718621,,CRWD|1h|rolling|state_session=lunch + state_volume=vol_quiet|2026-07-30 17:00:00+00:00,rolling,183.17,2026-07-31T21:25:54.054808+00:00,189.0,,True,short,-0.0318283561718621,
CRWD,1h,state_session=morning + state_ext=stretched_up,2026-07-31 13:00:00+00:00,,0.0124580737901291,,CRWD|1h|rolling|state_session=morning + state_ext=stretched_up|2026-07-31 13:00:00+00:00,rolling,187.83,2026-07-31T21:26:33.262205+00:00,190.17,,True,short,-0.0124580737901291,
CRWD,1h,state_session=morning + state_ext=stretched_up,2026-07-31 14:00:00+00:00,,0.0253021756647864,,CRWD|1h|rolling|state_session=morning + state_ext=stretched_up|2026-07-31 14:00:00+00:00,rolling,186.15,2026-07-31T21:26:40.262177+00:00,190.86,,True,short,-0.0253021756647864,
CRWD,1h,state_session=morning + state_ext=stretched_up,2026-07-31 15:00:00+00:00,,,,CRWD|1h|rolling|state_session=morning + state_ext=stretched_up|2026-07-31 15:00:00+00:00,rolling,189.0,2026-07-31T21:26:51.850179+00:00,,,True,short,,
CRWD,1h,state_session=morning + state_ext=stretched_up + state_slope=flat,2026-09-14 13:00:00+00:00,,0.042275849920732744,0.06306147613175961,CRWD|1h|rolling|state_session=morning + state_ext=stretched_up + state_slope=flat|2026-09-14 13:00:00+00:00,rolling,227.08,2026-10-07T19:42:31.477094+00:00,236.68,241.4,False,long,0.042275849920732744,0.06306147613175961
CRWD,1h,state_session=morning + state_ext=stretched_up + state_slope=flat,2026-09-21 15:00:00+00:00,,-0.0025048480930833783,0.05987394957983172,CRWD|1h|rolling|state_session=morning + state_ext=stretched_up + state_slope=flat|2026-09-21 15:00:00+00:00,rolling,247.52,2026-10-07T19:42:34.890033+00:00,246.9,262.34,False,long,-0.0025048480930833783,0.05987394957983172
CRWD,1h,state_session=morning + state_ext=stretched_up + state_slope=flat,2026-10-02 13:00:00+00:00,,-0.009198714396542185,0.030200598470575324,CRWD|1h|rolling|state_session=morning + state_ext=stretched_up + state_slope=flat|2026-10-02 13:00:00+00:00,rolling,270.69,2026-10-07T19:42:45.555223+00:00,268.2,278.865,False,long,-0.009198714396542185,0.030200598470575324
CRWD,1h,state_session=morning + state_ext=stretched_up + state_slope=flat,2026-10-02 14:00:00+00:00,,-0.006566483344675911,-0.005867529935438709,CRWD|1h|rolling|state_session=morning + state_ext=stretched_up + state_slope=flat|2026-10-02 14:00:00+00:00,rolling,271.835,2026-10-07T19:42:45.981441+00:00,270.05,270.24,False,long,-0.006566483344675911,-0.005867529935438709
CRWD,1h,state_session=morning + state_ext=stretched_up + state_slope=flat,2026-10-05 13:00:00+00:00,,0.0011577264457798275,-0.024826800448389252,CRWD|1h|rolling|state_session=morning + state_ext=stretched_up + state_slope=flat|2026-10-05 13:00:00+00:00,rolling,272.085,2026-10-07T19:42:50.204816+00:00,272.4,265.33,False,long,0.0011577264457798275,-0.024826800448389252
CRWD,1h,state_session=morning + state_ext=stretched_up + state_slope=flat,2026-10-05 14:00:00+00:00,,0.0024996324069990195,,CRWD|1h|rolling|state_session=morning + state_ext=stretched_up + state_slope=flat|2026-10-05 14:00:00+00:00,rolling,272.04,2026-10-07T19:42:50.853692+00:00,272.72,,True,long,0.0024996324069990195,
CRWD,1h,state_session=morning + state_volume=vol_quiet,2026-07-29 13:00:00+00:00,,-0.0033362683876553,0.0293872330960853,CRWD|1h|rolling|state_session=morning + state_volume=vol_quiet|2026-07-29 13:00:00+00:00,rolling,179.84,2026-07-31T21:24:50.382819+00:00,179.24000549316406,185.125,False,short,0.0033362683876553,-0.0293872330960853
CRWD,1h,state_session=morning + state_volume=vol_quiet,2026-07-29 14:00:00+00:00,,-0.0055438247986888,0.0319880252799644,CRWD|1h|rolling|state_session=morning + state_volume=vol_quiet|2026-07-29 14:00:00+00:00,rolling,180.38,2026-07-31T21:24:50.753324+00:00,179.3800048828125,186.15,False,short,0.0055438247986888,-0.0319880252799644
CRWD,1h,state_session=morning + state_volume=vol_quiet,2026-07-29 15:00:00+00:00,,0.0026380760284183,0.0535114270639527,CRWD|1h|rolling|state_session=morning + state_volume=vol_quiet|2026-07-29 15:00:00+00:00,rolling,180.055,2026-07-31T21:24:51.058675+00:00,180.52999877929688,189.69,False,short,-0.0026380760284183,-0.0535114270639527
CRWD,1h,state_session=morning + state_volume=vol_quiet,2026-07-30 14:00:00+00:00,,0.0175057711333406,,CRWD|1h|rolling|state_session=morning + state_volume=vol_quiet|2026-07-30 14:00:00+00:00,rolling,181.94,2026-07-31T21:25:39.303683+00:00,185.125,,True,short,-0.0175057711333406,
CRWD,1h,state_session=morning + state_volume=vol_quiet,2026-07-31 13:00:00+00:00,,0.0124580737901291,,CRWD|1h|rolling|state_session=morning + state_volume=vol_quiet|2026-07-31 13:00:00+00:00,rolling,187.83,2026-07-31T21:26:33.959063+00:00,190.17,,True,short,-0.0124580737901291,
CRWD,1h,state_session=morning + state_volume=vol_quiet,2026-07-31 14:00:00+00:00,,0.0253021756647864,,CRWD|1h|rolling|state_session=morning + state_volume=vol_quiet|2026-07-31 14:00:00+00:00,rolling,186.15,2026-07-31T21:26:40.926177+00:00,190.86,,True,short,-0.0253021756647864,
CRWD,1h,state_session=morning + state_volume=vol_quiet,2026-07-31 15:00:00+00:00,,,,CRWD|1h|rolling|state_session=morning + state_volume=vol_quiet|2026-07-31 15:00:00+00:00,rolling,189.0,2026-07-31T21:26:53.179179+00:00,,,True,short,,
CRWD,1h,state_volume=vol_normal + state_ext=stretched_up,2026-07-30 19:00:00+00:00,,0.0263335584064821,,CRWD|1h|rolling|state_volume=vol_normal + state_ext=stretched_up|2026-07-30 19:00:00+00:00,rolling,185.125,2026-07-31T21:26:19.933848+00:00,190.0,,True,short,-0.0263335584064821,
CRWD,1h,state_volume=vol_normal + state_ext=stretched_up,2026-07-31 16:00:00+00:00,,,,CRWD|1h|rolling|state_volume=vol_normal + state_ext=stretched_up|2026-07-31 16:00:00+00:00,rolling,189.69,2026-07-31T21:27:07.928539+00:00,,,True,short,,
CRWD,1h,state_volume=vol_normal + state_ext=stretched_up,2026-07-31 17:00:00+00:00,,,,CRWD|1h|rolling|state_volume=vol_normal + state_ext=stretched_up|2026-07-31 17:00:00+00:00,rolling,190.0,2026-07-31T21:27:28.236592+00:00,,,True,short,,
CRWD,1h,state_volume=vol_normal + state_ext=stretched_up,2026-07-31 19:00:00+00:00,,,,CRWD|1h|rolling|state_volume=vol_normal + state_ext=stretched_up|2026-07-31 19:00:00+00:00,rolling,190.86,2026-07-31T21:28:12.393867+00:00,,,True,short,,
CRWD,1h,state_volume=vol_quiet + state_ext=stretched_up,2026-07-30 19:00:00+00:00,,0.0263335584064821,,CRWD|1h|rolling|state_volume=vol_quiet + state_ext=stretched_up|2026-07-30 19:00:00+00:00,rolling,185.125,2026-07-31T21:26:23.125528+00:00,190.0,,True,short,-0.0263335584064821,
CRWD,1h,state_volume=vol_quiet + state_ext=stretched_up,2026-07-31 13:00:00+00:00,,0.0124580737901291,,CRWD|1h|rolling|state_volume=vol_quiet + state_ext=stretched_up|2026-07-31 13:00:00+00:00,rolling,187.83,2026-07-31T21:26:32.911427+00:00,190.17,,True,short,-0.0124580737901291,
CRWD,1h,state_volume=vol_quiet + state_ext=stretched_up,2026-07-31 14:00:00+00:00,,0.0253021756647864,,CRWD|1h|rolling|state_volume=vol_quiet + state_ext=stretched_up|2026-07-31 14:00:00+00:00,rolling,186.15,2026-07-31T21:26:39.894400+00:00,190.86,,True,short,-0.0253021756647864,
CRWD,1h,state_volume=vol_quiet + state_ext=stretched_up,2026-07-31 15:00:00+00:00,,,,CRWD|1h|rolling|state_volume=vol_quiet + state_ext=stretched_up|2026-07-31 15:00:00+00:00,rolling,189.0,2026-07-31T21:26:50.382315+00:00,,,True,short,,
CRWD,1h,state_volume=vol_quiet + state_ext=stretched_up,2026-07-31 18:00:00+00:00,,,,CRWD|1h|rolling|state_volume=vol_quiet + state_ext=stretched_up|2026-07-31 18:00:00+00:00,rolling,190.17,2026-07-31T21:27:46.458546+00:00,,,True,short,,
CSX,1d,cross_USO_state_vol=high_vol + state_ext=neutral,2026-07-22 04:00:00+00:00,,,,CSX|1d|rolling|cross_USO_state_vol=high_vol + state_ext=neutral|2026-07-22,rolling,49.93000030517578,2026-07-24T21:21:15.464754+00:00,,,True,long,,
CVS,1h,cross_USO_state_slope=uptrend + state_ext=stretched_up,2026-07-21 18:00:00+00:00,,-0.0044720270146937,,CVS|1h|rolling|cross_USO_state_slope=uptrend + state_ext=stretched_up|2026-07-21 18:00:00+00:00,rolling,109.57,2026-07-22T21:21:48.820614+00:00,109.08,,True,long,-0.0044720270146937,
CVS,1h,cross_USO_state_slope=uptrend + state_ext=stretched_up,2026-07-21 19:00:00+00:00,,-0.0074157811440199,,CVS|1h|rolling|cross_USO_state_slope=uptrend + state_ext=stretched_up|2026-07-21 19:00:00+00:00,rolling,110.575,2026-07-22T21:21:54.797327+00:00,109.755,,True,long,-0.0074157811440199,
CVS,1h,cross_USO_state_slope=uptrend + state_ext=stretched_up,2026-07-22 13:00:00+00:00,,-0.0061658430430248,,CVS|1h|rolling|cross_USO_state_slope=uptrend + state_ext=stretched_up|2026-07-22 13:00:00+00:00,rolling,110.285,2026-07-22T21:21:56.198519+00:00,109.605,,True,long,-0.0061658430430248,
DASH,1d,cross_USO_state_ext=stretched_down + state_ext=stretched_down,2026-09-29 04:00:00+00:00,,0.03484761518428092,,DASH|1d|rolling|cross_USO_state_ext=stretched_down + state_ext=stretched_down|2026-09-29,rolling,187.1000061035156,2026-10-07T19:42:39.500942+00:00,193.6199951171875,,True,long,0.03484761518428092,
DASH,1d,cross_USO_state_ext=stretched_down + state_ext=stretched_down,2026-09-30 04:00:00+00:00,,0.038000527552567664,,DASH|1d|rolling|cross_USO_state_ext=stretched_down + state_ext=stretched_down|2026-09-30,rolling,183.5500030517578,2026-10-07T19:42:41.314136+00:00,190.525,,True,long,0.038000527552567664,
DASH,1d,cross_USO_state_ext=stretched_down + state_ext=stretched_down,2026-10-02 04:00:00+00:00,,,,DASH|1d|rolling|cross_USO_state_ext=stretched_down + state_ext=stretched_down|2026-10-02,rolling,189.1499938964844,2026-10-07T19:42:54.608507+00:00,,,True,long,,
DASH,1d,state_ext=stretched_down + state_slope=downtrend + state_vol=high_vol,2026-07-27 04:00:00+00:00,,,,DASH|1d|rolling|state_ext=stretched_down + state_slope=downtrend + state_vol=high_vol|2026-07-27,rolling,184.3699951171875,2026-07-31T21:24:46.419049+00:00,,,True,long,,
DE,1d,state_ext=stretched_down + state_ret_5=ret_down,2026-08-17 04:00:00+00:00,,0.08121088332804804,0.1402186916813959,DE|1d|rolling|state_ext=stretched_down + state_ret_5=ret_down|2026-08-17,rolling,599.9199829101562,2026-10-07T19:42:27.383605+00:00,648.6400146484375,684.0399780273438,False,long,0.08121088332804804,0.1402186916813959
DE,1d,state_ext=stretched_down + state_ret_5=ret_down,2026-08-18 04:00:00+00:00,,0.07123930650987798,0.13716198535537694,DE|1d|rolling|state_ext=stretched_down + state_ret_5=ret_down|2026-08-18,rolling,588.719970703125,2026-10-07T19:42:27.512569+00:00,630.6599731445312,669.469970703125,False,long,0.07123930650987798,0.13716198535537694
DE,1d,state_ext=stretched_down + state_ret_5=ret_down,2026-08-19 04:00:00+00:00,,0.09284737731632009,0.18083805369512707,DE|1d|rolling|state_ext=stretched_down + state_ret_5=ret_down|2026-08-19,rolling,580.6300048828125,2026-10-07T19:42:27.796089+00:00,634.5399780273438,685.6300048828125,False,long,0.09284737731632009,0.18083805369512707
DE,1d,state_ext=stretched_down + state_ret_5=ret_down,2026-09-30 04:00:00+00:00,,-0.018241364031928664,,DE|1d|rolling|state_ext=stretched_down + state_ret_5=ret_down|2026-09-30,rolling,671.5499877929688,2026-10-07T19:42:41.771387+00:00,659.3,,True,long,-0.018241364031928664,
DE,1d,state_ext=stretched_down + state_ret_5=ret_down,2026-10-01 04:00:00+00:00,,,,DE|1d|rolling|state_ext=stretched_down + state_ret_5=ret_down|2026-10-01,rolling,667.260009765625,2026-10-07T19:42:46.543710+00:00,,,True,long,,
DE,1d,state_ext=stretched_down + state_slope=downtrend,2026-08-18 04:00:00+00:00,,0.07123930650987798,0.13716198535537694,DE|1d|rolling|state_ext=stretched_down + state_slope=downtrend|2026-08-18,rolling,588.719970703125,2026-10-07T19:42:27.503223+00:00,630.6599731445312,669.469970703125,False,long,0.07123930650987798,0.13716198535537694
DE,1d,state_ext=stretched_down + state_slope=downtrend,2026-08-19 04:00:00+00:00,,0.09284737731632009,0.18083805369512707,DE|1d|rolling|state_ext=stretched_down + state_slope=downtrend|2026-08-19,rolling,580.6300048828125,2026-10-07T19:42:27.786731+00:00,634.5399780273438,685.6300048828125,False,long,0.09284737731632009,0.18083805369512707
DE,1d,state_slope=downtrend + state_vol=mid_vol,2026-08-18 04:00:00+00:00,,0.07123930650987798,0.13716198535537694,DE|1d|rolling|state_slope=downtrend + state_vol=mid_vol|2026-08-18,rolling,588.719970703125,2026-10-07T19:42:27.493819+00:00,630.6599731445312,669.469970703125,False,long,0.07123930650987798,0.13716198535537694
DE,1d,state_slope=downtrend + state_vol=mid_vol,2026-08-19 04:00:00+00:00,,0.09284737731632009,0.18083805369512707,DE|1d|rolling|state_slope=downtrend + state_vol=mid_vol|2026-08-19,rolling,580.6300048828125,2026-10-07T19:42:27.777452+00:00,634.5399780273438,685.6300048828125,False,long,0.09284737731632009,0.18083805369512707
DE,1d,state_volume=vol_surge + state_ext=stretched_down + state_slope=downtrend,2026-08-19 04:00:00+00:00,,0.09284737731632009,0.18083805369512707,DE|1d|rolling|state_volume=vol_surge + state_ext=stretched_down + state_slope=downtrend|2026-08-19,rolling,580.6300048828125,2026-10-07T19:42:27.758957+00:00,634.5399780273438,685.6300048828125,False,long,0.09284737731632009,0.18083805369512707
DE,1d,state_volume=vol_surge + state_slope=downtrend,2026-08-19 04:00:00+00:00,,0.09284737731632009,0.18083805369512707,DE|1d|rolling|state_volume=vol_surge + state_slope=downtrend|2026-08-19,rolling,580.6300048828125,2026-10-07T19:42:27.768241+00:00,634.5399780273438,685.6300048828125,False,long,0.09284737731632009,0.18083805369512707
DE,1d,state_volume=vol_surge + state_slope=downtrend,2026-08-20 04:00:00+00:00,,0.002769946687864344,0.10153958119153117,DE|1d|rolling|state_volume=vol_surge + state_slope=downtrend|2026-08-20,rolling,620.9400024414062,2026-10-07T19:42:27.935133+00:00,622.6599731445312,683.989990234375,False,long,0.002769946687864344,0.10153958119153117
DE,1h,state_session=morning + state_ext=neutral + state_slope=flat,2026-09-30 13:00:00+00:00,,-0.019070679287793824,0.004988954075287877,DE|1h|rolling|state_session=morning + state_ext=neutral + state_slope=flat|2026-09-30 13:00:00+00:00,rolling,683.51,2026-10-07T19:42:38.580796+00:00,670.475,686.92,False,short,0.019070679287793824,-0.004988954075287877
DE,1h,state_session=morning + state_ext=neutral + state_slope=flat,2026-09-30 14:00:00+00:00,,-0.019542832103994767,-0.0076681516103118685,DE|1h|rolling|state_session=morning + state_ext=neutral + state_slope=flat|2026-09-30 14:00:00+00:00,rolling,684.65,2026-10-07T19:42:38.619703+00:00,671.27,679.4,False,short,0.019542832103994767,0.0076681516103118685
DE,1h,state_session=morning + state_ext=neutral + state_slope=flat,2026-09-30 15:00:00+00:00,,-0.02952140320041008,0.0017356915302646492,DE|1h|rolling|state_session=morning + state_ext=neutral + state_slope=flat|2026-09-30 15:00:00+00:00,rolling,682.725,2026-10-07T19:42:38.639969+00:00,662.57,683.91,False,short,0.02952140320041008,-0.0017356915302646492
DE,1h,state_session=morning + state_ext=neutral + state_slope=flat,2026-10-07 13:00:00+00:00,,-0.023040175657230932,,DE|1h|rolling|state_session=morning + state_ext=neutral + state_slope=flat|2026-10-07 13:00:00+00:00,rolling,674.04,2026-10-07T19:43:21.422500+00:00,658.51,,True,short,0.023040175657230932,
DIS,1h,cross_USO_state_ext=stretched_up + state_ext=stretched_down,2026-10-01 15:00:00+00:00,,0.001080284802357001,0.021949423029707926,DIS|1h|rolling|cross_USO_state_ext=stretched_up + state_ext=stretched_down|2026-10-01 15:00:00+00:00,rolling,101.825,2026-10-07T19:42:41.093782+00:00,101.935,104.06,False,long,0.001080284802357001,0.021949423029707926
DIS,1h,cross_USO_state_ext=stretched_up + state_ext=stretched_down,2026-10-01 17:00:00+00:00,,0.004918839153959631,0.02006886374815542,DIS|1h|rolling|cross_USO_state_ext=stretched_up + state_ext=stretched_down|2026-10-01 17:00:00+00:00,rolling,101.65,2026-10-07T19:42:41.145869+00:00,102.15,103.69,False,long,0.004918839153959631,0.02006886374815542
DIS,1h,cross_USO_state_ext=stretched_up + state_ext=stretched_down,2026-10-01 18:00:00+00:00,,0.008071660596515429,0.022098631755093967,DIS|1h|rolling|cross_USO_state_ext=stretched_up + state_ext=stretched_down|2026-10-01 18:00:00+00:00,rolling,101.59,2026-10-07T19:42:41.219059+00:00,102.41,103.835,False,long,0.008071660596515429,0.022098631755093967
DIS,1h,cross_USO_state_ext=stretched_up + state_ext=stretched_down,2026-10-01 19:00:00+00:00,,0.010015294291775723,0.02738171592086447,DIS|1h|rolling|cross_USO_state_ext=stretched_up + state_ext=stretched_down|2026-10-01 19:00:00+00:00,rolling,101.345,2026-10-07T19:42:41.303643+00:00,102.36,104.12,False,long,0.010015294291775723,0.02738171592086447
DIS,1h,cross_USO_state_slope=uptrend + state_ext=stretched_down,2026-10-01 18:00:00+00:00,,0.008071660596515429,0.022098631755093967,DIS|1h|rolling|cross_USO_state_slope=uptrend + state_ext=stretched_down|2026-10-01 18:00:00+00:00,rolling,101.59,2026-10-07T19:42:41.208269+00:00,102.41,103.835,False,long,0.008071660596515429,0.022098631755093967
DIS,1h,cross_USO_state_slope=uptrend + state_ext=stretched_down,2026-10-01 19:00:00+00:00,,0.010015294291775723,0.02738171592086447,DIS|1h|rolling|cross_USO_state_slope=uptrend + state_ext=stretched_down|2026-10-01 19:00:00+00:00,rolling,101.345,2026-10-07T19:42:41.292683+00:00,102.36,104.12,False,long,0.010015294291775723,0.02738171592086447
DIS,1h,cross_USO_state_slope=uptrend + state_ext=stretched_down,2026-10-02 13:00:00+00:00,,0.0042183744543089485,0.020552312748320034,DIS|1h|rolling|cross_USO_state_slope=uptrend + state_ext=stretched_down|2026-10-02 13:00:00+00:00,rolling,101.935,2026-10-07T19:42:45.565727+00:00,102.365,104.03,False,long,0.0042183744543089485,0.020552312748320034
DIS,1h,cross_USO_state_vol=mid_vol + state_ext=stretched_down,2026-09-04 13:00:00+00:00,,-0.0006614069069778,-0.0158737657674681,DIS|1h|rolling|cross_USO_state_vol=mid_vol + state_ext=stretched_down|2026-09-04 13:00:00+00:00,rolling,105.835,2026-09-09T20:39:42.913635+00:00,105.765,104.155,False,long,-0.0006614069069778,-0.0158737657674681
DIS,1h,cross_USO_state_vol=mid_vol + state_ext=stretched_down,2026-09-04 14:00:00+00:00,,0.0,,DIS|1h|rolling|cross_USO_state_vol=mid_vol + state_ext=stretched_down|2026-09-04 14:00:00+00:00,rolling,105.3,2026-09-09T20:39:43.312914+00:00,105.3,,True,long,0.0,
DIS,1h,cross_USO_state_vol=mid_vol + state_ext=stretched_down,2026-09-04 15:00:00+00:00,,-0.0103288164502984,,DIS|1h|rolling|cross_USO_state_vol=mid_vol + state_ext=stretched_down|2026-09-04 15:00:00+00:00,rolling,105.53,2026-09-09T20:39:44.010695+00:00,104.44,,True,long,-0.0103288164502984,
DIS,1h,cross_USO_state_vol=mid_vol + state_ext=stretched_down,2026-09-04 19:00:00+00:00,,-0.0070275403608736,,DIS|1h|rolling|cross_USO_state_vol=mid_vol + state_ext=stretched_down|2026-09-04 19:00:00+00:00,rolling,105.3,2026-09-09T20:39:47.460625+00:00,104.56,,True,long,-0.0070275403608736,
DIS,1h,cross_USO_state_vol=mid_vol + state_ext=stretched_down,2026-09-08 13:00:00+00:00,,-0.0007181156644964,,DIS|1h|rolling|cross_USO_state_vol=mid_vol + state_ext=stretched_down|2026-09-08 13:00:00+00:00,rolling,104.44,2026-09-09T20:39:48.525770+00:00,104.365,,True,long,-0.0007181156644964,
DIS,1h,cross_USO_state_vol=mid_vol + state_ext=stretched_down,2026-09-08 14:00:00+00:00,,0.0045906656465188,,DIS|1h|rolling|cross_USO_state_vol=mid_vol + state_ext=stretched_down|2026-09-08 14:00:00+00:00,rolling,104.56,2026-09-09T20:39:50.283435+00:00,105.04,,True,long,0.0045906656465188,
DIS,1h,cross_USO_state_vol=mid_vol + state_ext=stretched_down,2026-09-08 15:00:00+00:00,,-0.0045006224265059,,DIS|1h|rolling|cross_USO_state_vol=mid_vol + state_ext=stretched_down|2026-09-08 15:00:00+00:00,rolling,104.43,2026-09-09T20:39:52.037248+00:00,103.96,,True,long,-0.0045006224265059,
DIS,1h,cross_USO_state_vol=mid_vol + state_ext=stretched_down,2026-09-08 16:00:00+00:00,,-0.0007650743556639,,DIS|1h|rolling|cross_USO_state_vol=mid_vol + state_ext=stretched_down|2026-09-08 16:00:00+00:00,rolling,104.565,2026-09-09T20:39:53.106550+00:00,104.485,,True,long,-0.0007650743556639,
DIS,1h,cross_USO_state_vol=mid_vol + state_ext=stretched_down,2026-09-08 17:00:00+00:00,,-0.0007653305271213,,DIS|1h|rolling|cross_USO_state_vol=mid_vol + state_ext=stretched_down|2026-09-08 17:00:00+00:00,rolling,104.53,2026-09-09T20:39:54.492271+00:00,104.45,,True,long,-0.0007653305271213,
DIS,1h,cross_USO_state_vol=mid_vol + state_ext=stretched_down,2026-09-08 18:00:00+00:00,,-0.0014372634503904,,DIS|1h|rolling|cross_USO_state_vol=mid_vol + state_ext=stretched_down|2026-09-08 18:00:00+00:00,rolling,104.365,2026-09-09T20:39:59.392492+00:00,104.215,,True,long,-0.0014372634503904,
EEM,15m,state_session=afternoon + state_slope=downtrend,2026-09-23 19:45:00+00:00,,,,EEM|15m|rolling|state_session=afternoon + state_slope=downtrend|2026-09-23 19:45:00+00:00,rolling,67.72,2026-09-23T21:47:46.715199+00:00,,,True,long,,
EQIX,1h,cross_USO_state_ext=stretched_up + state_ext=stretched_up,2026-08-12 14:00:00+00:00,,0.0080155407189468,0.0264691463964334,EQIX|1h|rolling|cross_USO_state_ext=stretched_up + state_ext=stretched_up|2026-08-12 14:00:00+00:00,rolling,1060.44,2026-08-21T21:32:33.338331+00:00,1068.94,1088.508941604634,False,short,-0.0080155407189468,-0.0264691463964334
EQIX,1h,cross_USO_state_ext=stretched_up + state_ext=stretched_up,2026-08-12 15:00:00+00:00,,0.0044622768861557,0.0256135644113075,EQIX|1h|rolling|cross_USO_state_ext=stretched_up + state_ext=stretched_up|2026-08-12 15:00:00+00:00,rolling,1066.72,2026-08-21T21:32:33.402901+00:00,1071.48,1094.04250142883,False,short,-0.0044622768861557,-0.0256135644113075
EQIX,1h,cross_USO_state_ext=stretched_up + state_ext=stretched_up,2026-08-17 17:00:00+00:00,,-0.0130661630266046,-0.0229717361557908,EQIX|1h|rolling|cross_USO_state_ext=stretched_up + state_ext=stretched_up|2026-08-17 17:00:00+00:00,rolling,1103.53,2026-08-21T21:32:40.427812+00:00,1089.111097115251,1078.18,False,short,0.0130661630266046,0.0229717361557908
EQIX,1h,cross_USO_state_slope=flat + state_slope=downtrend,2026-07-29 16:00:00+00:00,,0.002843594664081,0.0159853870458135,EQIX|1h|rolling|cross_USO_state_slope=flat + state_slope=downtrend|2026-07-29 16:00:00+00:00,rolling,1012.8,2026-07-31T21:24:51.496368+00:00,1015.6799926757812,1028.99,False,long,0.002843594664081,0.0159853870458135
EQIX,1h,cross_USO_state_slope=uptrend + state_ext=stretched_up,2026-08-12 14:00:00+00:00,,0.0080155407189468,0.0313737693787483,EQIX|1h|rolling|cross_USO_state_slope=uptrend + state_ext=stretched_up|2026-08-12 14:00:00+00:00,rolling,1060.44,2026-08-19T21:31:29.212722+00:00,1068.94,1093.71,False,short,-0.0080155407189468,-0.0313737693787483
EQIX,1h,cross_USO_state_slope=uptrend + state_ext=stretched_up,2026-08-12 15:00:00+00:00,,0.0044622768861557,0.0305140992950352,EQIX|1h|rolling|cross_USO_state_slope=uptrend + state_ext=stretched_up|2026-08-12 15:00:00+00:00,rolling,1066.72,2026-08-19T21:31:29.266202+00:00,1071.48,1099.27,False,short,-0.0044622768861557,-0.0305140992950352
EQIX,1h,cross_USO_state_slope=uptrend + state_ext=stretched_up,2026-08-12 16:00:00+00:00,,0.0037934272300468,0.0336150234741783,EQIX|1h|rolling|cross_USO_state_slope=uptrend + state_ext=stretched_up|2026-08-12 16:00:00+00:00,rolling,1065.0,2026-08-19T21:31:29.336636+00:00,1069.04,1100.8,False,short,-0.0037934272300468,-0.0336150234741783
EQIX,1h,cross_USO_state_slope=uptrend + state_ext=stretched_up,2026-08-12 17:00:00+00:00,,0.005928072717692,0.0408566535559027,EQIX|1h|rolling|cross_USO_state_slope=uptrend + state_ext=stretched_up|2026-08-12 17:00:00+00:00,rolling,1062.74,2026-08-19T21:31:29.368542+00:00,1069.04,1106.16,False,short,-0.005928072717692,-0.0408566535559027
EQIX,1h,cross_USO_state_slope=uptrend + state_ext=stretched_up,2026-08-12 18:00:00+00:00,,0.0065565763023915,0.035666647879915,EQIX|1h|rolling|cross_USO_state_slope=uptrend + state_ext=stretched_up|2026-08-12 18:00:00+00:00,rolling,1064.58,2026-08-19T21:31:29.395202+00:00,1071.56,1102.55,False,short,-0.0065565763023915,-0.035666647879915
EQIX,1h,cross_USO_state_slope=uptrend + state_ext=stretched_up,2026-08-12 19:00:00+00:00,,0.0023107003199431,0.0312271970363162,EQIX|1h|rolling|cross_USO_state_slope=uptrend + state_ext=stretched_up|2026-08-12 19:00:00+00:00,rolling,1068.94,2026-08-19T21:31:29.610936+00:00,1071.41,1102.32,False,short,-0.0023107003199431,-0.0312271970363162
ETHA,15m,state_session=afternoon + state_slope=uptrend + state_vol=mid_vol,2026-08-20 19:00:00+00:00,,0.028538812785388,0.042808219178082,ETHA|15m|rolling|state_session=afternoon + state_slope=uptrend + state_vol=mid_vol|2026-08-20 19:00:00+00:00,rolling,17.52,2026-08-21T21:33:11.108553+00:00,18.02,18.27,False,short,-0.028538812785388,-0.042808219178082
ETHA,15m,state_session=afternoon + state_slope=uptrend + state_vol=mid_vol,2026-08-20 19:15:00+00:00,,0.0213371266002844,0.0412517780938834,ETHA|15m|rolling|state_session=afternoon + state_slope=uptrend + state_vol=mid_vol|2026-08-20 19:15:00+00:00,rolling,17.575,2026-08-21T21:33:12.524075+00:00,17.95,18.3,False,short,-0.0213371266002844,-0.0412517780938834
ETN,15m,cross_USO_state_slope=downtrend + cross_TLT_state_slope=uptrend + state_ext=stretched_down,2026-08-13 14:00:00+00:00,,-0.0010357441932212,0.0041209396623915,ETN|15m|rolling|cross_USO_state_slope=downtrend + cross_TLT_state_slope=uptrend + state_ext=stretched_down|2026-08-13 14:00:00+00:00,rolling,453.78,2026-08-28T21:31:04.219502+00:00,453.31,455.65,False,long,-0.0010357441932212,0.0041209396623915
ETN,15m,cross_USO_state_slope=downtrend + cross_TLT_state_slope=uptrend + state_ext=stretched_down,2026-08-24 14:15:00+00:00,,0.0028361164763699,-0.0013447103982787,ETN|15m|rolling|cross_USO_state_slope=downtrend + cross_TLT_state_slope=uptrend + state_ext=stretched_down|2026-08-24 14:15:00+00:00,rolling,409.01,2026-08-28T21:31:19.636143+00:00,410.17,408.46,False,long,0.0028361164763699,-0.0013447103982787
ETN,15m,cross_USO_state_slope=downtrend + cross_TLT_state_slope=uptrend + state_ext=stretched_down,2026-08-24 15:15:00+00:00,,0.0024961456574406,0.0148300418471478,ETN|15m|rolling|cross_USO_state_slope=downtrend + cross_TLT_state_slope=uptrend + state_ext=stretched_down|2026-08-24 15:15:00+00:00,rolling,408.63,2026-08-28T21:31:19.727018+00:00,409.65,414.69,False,long,0.0024961456574406,0.0148300418471478
ETN,1h,cross_TLT_state_slope=flat + state_slope=downtrend,2026-07-16 14:00:00+00:00,,-0.0075228574299206,0.0090424997488194,ETN|1h|rolling|cross_TLT_state_slope=flat + state_slope=downtrend|2026-07-16 14:00:00+00:00,rolling,398.12,2026-07-23T21:18:58.654749+00:00,395.125,401.72,False,long,-0.0075228574299206,0.0090424997488194
ETN,1h,cross_TLT_state_slope=flat + state_slope=downtrend,2026-07-16 15:00:00+00:00,,-0.0007834737232422,0.0107662757784068,ETN|1h|rolling|cross_TLT_state_slope=flat + state_slope=downtrend|2026-07-16 15:00:00+00:00,rolling,395.68,2026-07-23T21:18:58.683140+00:00,395.3699951171875,399.94,False,long,-0.0007834737232422,0.0107662757784068
ETN,1h,cross_TLT_state_slope=flat + state_slope=downtrend,2026-07-16 16:00:00+00:00,,0.0054352862570712,0.013214407885568,ETN|1h|rolling|cross_TLT_state_slope=flat + state_slope=downtrend|2026-07-16 16:00:00+00:00,rolling,394.645,2026-07-23T21:18:58.698738+00:00,396.7900085449219,399.86,False,long,0.0054352862570712,0.013214407885568
ETN,1h,cross_TLT_state_slope=flat + state_slope=downtrend,2026-07-16 17:00:00+00:00,,0.0047810327989661,0.0275322435417804,ETN|1h|rolling|cross_TLT_state_slope=flat + state_slope=downtrend|2026-07-16 17:00:00+00:00,rolling,394.265,2026-07-23T21:18:58.710254+00:00,396.1499938964844,405.12,False,long,0.0047810327989661,0.0275322435417804
ETN,1h,cross_TLT_state_slope=flat + state_slope=downtrend,2026-07-16 18:00:00+00:00,,0.0075210447252715,0.0189166603357897,ETN|1h|rolling|cross_TLT_state_slope=flat + state_slope=downtrend|2026-07-16 18:00:00+00:00,rolling,394.89,2026-07-23T21:18:58.721070+00:00,397.8599853515625,402.36,False,long,0.0075210447252715,0.0189166603357897
ETN,1h,cross_TLT_state_slope=flat + state_slope=downtrend,2026-07-16 19:00:00+00:00,,0.0078223413991531,0.0139919253091091,ETN|1h|rolling|cross_TLT_state_slope=flat + state_slope=downtrend|2026-07-16 19:00:00+00:00,rolling,396.3,2026-07-23T21:18:58.732960+00:00,399.3999938964844,401.845,False,long,0.0078223413991531,0.0139919253091091
ETN,1h,cross_TLT_state_slope=flat + state_slope=downtrend,2026-07-17 13:00:00+00:00,,0.0202611800124017,0.0217192848992011,ETN|1h|rolling|cross_TLT_state_slope=flat + state_slope=downtrend|2026-07-17 13:00:00+00:00,rolling,394.35,2026-07-23T21:18:58.744442+00:00,402.3399963378906,402.915,False,long,0.0202611800124017,0.0217192848992011
ETN,1h,cross_TLT_state_slope=flat + state_slope=downtrend,2026-07-17 14:00:00+00:00,,0.016533323788392,0.0141048870099149,ETN|1h|rolling|cross_TLT_state_slope=flat + state_slope=downtrend|2026-07-17 14:00:00+00:00,rolling,397.38,2026-07-23T21:18:58.758752+00:00,403.9500122070313,402.985,False,long,0.016533323788392,0.0141048870099149
ETN,1h,cross_TLT_state_slope=flat + state_slope=downtrend,2026-07-17 15:00:00+00:00,,-0.0095849441493596,-0.0072350845948351,ETN|1h|rolling|cross_TLT_state_slope=flat + state_slope=downtrend|2026-07-17 15:00:00+00:00,rolling,404.28,2026-07-23T21:18:58.770220+00:00,400.4049987792969,401.355,False,long,-0.0095849441493596,-0.0072350845948351
F,1h,state_ext=neutral + state_slope=downtrend + state_vol=mid_vol,2026-08-25 19:00:00+00:00,,-0.0032281205164992,-0.0060975609756096,F|1h|rolling|state_ext=neutral + state_slope=downtrend + state_vol=mid_vol|2026-08-25 19:00:00+00:00,rolling,13.94,2026-09-22T18:47:26.427948+00:00,13.895,13.855,False,long,-0.0032281205164992,-0.0060975609756096
F,1h,state_ext=neutral + state_slope=downtrend + state_vol=mid_vol,2026-08-26 13:00:00+00:00,,-0.0021590500179919,-0.0014393666786614,F|1h|rolling|state_ext=neutral + state_slope=downtrend + state_vol=mid_vol|2026-08-26 13:00:00+00:00,rolling,13.895,2026-09-22T18:47:29.372608+00:00,13.865,13.875,False,long,-0.0021590500179919,-0.0014393666786614
F,1h,state_ext=neutral + state_slope=downtrend + state_vol=mid_vol,2026-08-26 14:00:00+00:00,,0.0039739884393064,0.0122832369942196,F|1h|rolling|state_ext=neutral + state_slope=downtrend + state_vol=mid_vol|2026-08-26 14:00:00+00:00,rolling,13.84,2026-09-22T18:47:29.402449+00:00,13.895,14.01,False,long,0.0039739884393064,0.0122832369942196
F,1h,state_ext=neutral + state_slope=downtrend + state_vol=mid_vol,2026-08-26 15:00:00+00:00,,0.0090187590187589,0.0086580086580088,F|1h|rolling|state_ext=neutral + state_slope=downtrend + state_vol=mid_vol|2026-08-26 15:00:00+00:00,rolling,13.86,2026-09-22T18:47:29.431753+00:00,13.985,13.98,False,long,0.0090187590187589,0.0086580086580088
F,1h,state_ext=neutral + state_slope=downtrend + state_vol=mid_vol,2026-08-26 16:00:00+00:00,,0.0093626215340296,0.0064818149081742,F|1h|rolling|state_ext=neutral + state_slope=downtrend + state_vol=mid_vol|2026-08-26 16:00:00+00:00,rolling,13.885,2026-09-22T18:47:29.470732+00:00,14.015,13.975,False,long,0.0093626215340296,0.0064818149081742
F,1h,state_ext=neutral + state_slope=downtrend + state_vol=mid_vol,2026-09-21 19:00:00+00:00,,-0.0056882821387941,,F|1h|rolling|state_ext=neutral + state_slope=downtrend + state_vol=mid_vol|2026-09-21 19:00:00+00:00,rolling,13.185,2026-09-22T18:48:08.903343+00:00,13.11,,True,long,-0.0056882821387941,
F,1h,state_ext=neutral + state_slope=downtrend + state_vol=mid_vol,2026-09-22 16:00:00+00:00,,,,F|1h|rolling|state_ext=neutral + state_slope=downtrend + state_vol=mid_vol|2026-09-22 16:00:00+00:00,rolling,13.105,2026-09-22T18:48:10.132492+00:00,,,True,long,,
F,1h,state_ext=neutral + state_slope=downtrend + state_vol=mid_vol,2026-09-22 17:00:00+00:00,,,,F|1h|rolling|state_ext=neutral + state_slope=downtrend + state_vol=mid_vol|2026-09-22 17:00:00+00:00,rolling,13.11,2026-09-22T18:48:17.105689+00:00,,,True,long,,
FBTC,1h,state_relvol=relvol_quiet + state_ext=stretched_up,2026-09-03 17:00:00+00:00,,-0.020413949532180453,-0.028636234760419765,FBTC|1h|rolling|state_relvol=relvol_quiet + state_ext=stretched_up|2026-09-03 17:00:00+00:00,rolling,70.54,2026-10-07T19:42:29.324288+00:00,69.1,68.52,False,short,0.020413949532180453,0.028636234760419765
FBTC,1h,state_relvol=relvol_quiet + state_ext=stretched_up,2026-09-03 18:00:00+00:00,,-0.017066779973089696,-0.02896395439416477,FBTC|1h|rolling|state_relvol=relvol_quiet + state_ext=stretched_up|2026-09-03 18:00:00+00:00,rolling,70.605,2026-10-07T19:42:29.364735+00:00,69.4,68.56,False,short,0.017066779973089696,0.02896395439416477
FBTC,1h,state_relvol=relvol_quiet + state_ext=stretched_up,2026-09-03 19:00:00+00:00,,-0.0250282007896222,-0.03835307388606879,FBTC|1h|rolling|state_relvol=relvol_quiet + state_ext=stretched_up|2026-09-03 19:00:00+00:00,rolling,70.92,2026-10-07T19:42:29.430961+00:00,69.145,68.2,False,short,0.0250282007896222,0.03835307388606879
FBTC,1h,state_relvol=relvol_quiet + state_ext=stretched_up,2026-09-21 18:00:00+00:00,,0.00467476960064106,-0.023240283157473063,FBTC|1h|rolling|state_relvol=relvol_quiet + state_ext=stretched_up|2026-09-21 18:00:00+00:00,rolling,74.87,2026-10-07T19:42:35.717742+00:00,75.22,73.13,False,short,-0.00467476960064106,0.023240283157473063
FBTC,1h,state_relvol=relvol_quiet + state_ext=stretched_up,2026-10-02 14:00:00+00:00,,-0.026944518184231492,-0.04068224050968938,FBTC|1h|rolling|state_relvol=relvol_quiet + state_ext=stretched_up|2026-10-02 14:00:00+00:00,rolling,75.34,2026-10-07T19:42:45.617434+00:00,73.31,72.275,False,short,0.026944518184231492,0.04068224050968938
FBTC,1h,state_relvol=relvol_quiet + state_ext=stretched_up,2026-10-05 14:00:00+00:00,,-0.006728399173939192,,FBTC|1h|rolling|state_relvol=relvol_quiet + state_ext=stretched_up|2026-10-05 14:00:00+00:00,rolling,75.055,2026-10-07T19:42:50.433332+00:00,74.55,,True,short,0.006728399173939192,
FBTC,1h,state_volume=vol_quiet + state_ext=stretched_up,2026-09-03 17:00:00+00:00,,-0.020413949532180453,-0.028636234760419765,FBTC|1h|rolling|state_volume=vol_quiet + state_ext=stretched_up|2026-09-03 17:00:00+00:00,rolling,70.54,2026-10-07T19:42:29.314191+00:00,69.1,68.52,False,short,0.020413949532180453,0.028636234760419765
FBTC,1h,state_volume=vol_quiet + state_ext=stretched_up,2026-09-03 18:00:00+00:00,,-0.017066779973089696,-0.02896395439416477,FBTC|1h|rolling|state_volume=vol_quiet + state_ext=stretched_up|2026-09-03 18:00:00+00:00,rolling,70.605,2026-10-07T19:42:29.354629+00:00,69.4,68.56,False,short,0.017066779973089696,0.02896395439416477
FBTC,1h,state_volume=vol_quiet + state_ext=stretched_up,2026-09-03 19:00:00+00:00,,-0.0250282007896222,-0.03835307388606879,FBTC|1h|rolling|state_volume=vol_quiet + state_ext=stretched_up|2026-09-03 19:00:00+00:00,rolling,70.92,2026-10-07T19:42:29.420869+00:00,69.145,68.2,False,short,0.0250282007896222,0.03835307388606879
FBTC,1h,state_volume=vol_quiet + state_ext=stretched_up,2026-09-21 18:00:00+00:00,,0.00467476960064106,-0.023240283157473063,FBTC|1h|rolling|state_volume=vol_quiet + state_ext=stretched_up|2026-09-21 18:00:00+00:00,rolling,74.87,2026-10-07T19:42:35.706953+00:00,75.22,73.13,False,short,-0.00467476960064106,0.023240283157473063
FBTC,1h,state_volume=vol_quiet + state_ext=stretched_up,2026-10-02 14:00:00+00:00,,-0.026944518184231492,-0.04068224050968938,FBTC|1h|rolling|state_volume=vol_quiet + state_ext=stretched_up|2026-10-02 14:00:00+00:00,rolling,75.34,2026-10-07T19:42:45.607294+00:00,73.31,72.275,False,short,0.026944518184231492,0.04068224050968938
FBTC,1h,state_volume=vol_quiet + state_ext=stretched_up,2026-10-05 14:00:00+00:00,,-0.006728399173939192,,FBTC|1h|rolling|state_volume=vol_quiet + state_ext=stretched_up|2026-10-05 14:00:00+00:00,rolling,75.055,2026-10-07T19:42:50.225348+00:00,74.55,,True,short,0.006728399173939192,
FDX,1h,cross_TLT_state_slope=downtrend + state_ext=stretched_down,2026-07-30 13:00:00+00:00,,0.0077278234388815,,FDX|1h|rolling|cross_TLT_state_slope=downtrend + state_ext=stretched_down|2026-07-30 13:00:00+00:00,rolling,305.39,2026-07-31T21:25:34.816860+00:00,307.75,,True,long,0.0077278234388815,
FDX,1h,cross_TLT_state_slope=downtrend + state_ext=stretched_down,2026-07-30 14:00:00+00:00,,0.0128348214285716,,FDX|1h|rolling|cross_TLT_state_slope=downtrend + state_ext=stretched_down|2026-07-30 14:00:00+00:00,rolling,304.64,2026-07-31T21:25:41.800680+00:00,308.55,,True,long,0.0128348214285716,
FDX,1h,cross_TLT_state_slope=downtrend + state_slope=downtrend,2026-07-30 15:00:00+00:00,,0.0112109821866317,,FDX|1h|rolling|cross_TLT_state_slope=downtrend + state_slope=downtrend|2026-07-30 15:00:00+00:00,rolling,305.95,2026-07-31T21:25:46.018429+00:00,309.38,,True,long,0.0112109821866317,
FDX,1h,cross_TLT_state_slope=downtrend + state_slope=downtrend,2026-07-30 16:00:00+00:00,,0.0083992577400136,,FDX|1h|rolling|cross_TLT_state_slope=downtrend + state_slope=downtrend|2026-07-30 16:00:00+00:00,rolling,307.17,2026-07-31T21:25:49.864924+00:00,309.75,,True,long,0.0083992577400136,
FDX,1h,cross_TLT_state_slope=downtrend + state_slope=downtrend,2026-07-30 17:00:00+00:00,,0.0114689376141998,,FDX|1h|rolling|cross_TLT_state_slope=downtrend + state_slope=downtrend|2026-07-30 17:00:00+00:00,rolling,306.48,2026-07-31T21:25:54.743323+00:00,309.995,,True,long,0.0114689376141998,
FDX,1h,cross_TLT_state_slope=downtrend + state_slope=downtrend,2026-07-30 18:00:00+00:00,,0.0051665312753856,,FDX|1h|rolling|cross_TLT_state_slope=downtrend + state_slope=downtrend|2026-07-30 18:00:00+00:00,rolling,307.75,2026-07-31T21:26:02.865661+00:00,309.34,,True,long,0.0051665312753856,
FDX,1h,cross_TLT_state_slope=downtrend + state_slope=downtrend,2026-07-30 19:00:00+00:00,,-0.0012639766650461,,FDX|1h|rolling|cross_TLT_state_slope=downtrend + state_slope=downtrend|2026-07-30 19:00:00+00:00,rolling,308.55,2026-07-31T21:26:21.422826+00:00,308.16,,True,long,-0.0012639766650461,
FDX,1h,cross_USO_state_ext=stretched_up + cross_TLT_state_slope=downtrend + state_ext=stretched_down,2026-07-30 13:00:00+00:00,,0.0077278234388815,,FDX|1h|rolling|cross_USO_state_ext=stretched_up + cross_TLT_state_slope=downtrend + state_ext=stretched_down|2026-07-30 13:00:00+00:00,rolling,305.39,2026-07-31T21:25:33.427804+00:00,307.75,,True,long,0.0077278234388815,
FDX,1h,cross_USO_state_ext=stretched_up + cross_TLT_state_slope=downtrend + state_ext=stretched_down,2026-07-30 14:00:00+00:00,,0.0128348214285716,,FDX|1h|rolling|cross_USO_state_ext=stretched_up + cross_TLT_state_slope=downtrend + state_ext=stretched_down|2026-07-30 14:00:00+00:00,rolling,304.64,2026-07-31T21:25:40.399876+00:00,308.55,,True,long,0.0128348214285716,
FDX,1h,cross_USO_state_ext=stretched_up + state_ext=stretched_down,2026-07-30 13:00:00+00:00,,0.0077278234388815,,FDX|1h|rolling|cross_USO_state_ext=stretched_up + state_ext=stretched_down|2026-07-30 13:00:00+00:00,rolling,305.39,2026-07-31T21:25:34.107130+00:00,307.75,,True,long,0.0077278234388815,
FDX,1h,cross_USO_state_ext=stretched_up + state_ext=stretched_down,2026-07-30 14:00:00+00:00,,0.0128348214285716,,FDX|1h|rolling|cross_USO_state_ext=stretched_up + state_ext=stretched_down|2026-07-30 14:00:00+00:00,rolling,304.64,2026-07-31T21:25:41.103097+00:00,308.55,,True,long,0.0128348214285716,
FDX,1h,cross_USO_state_slope=downtrend + state_slope=flat,2026-07-28 19:00:00+00:00,,-0.0091813518644129,-0.0195463706452539,FDX|1h|rolling|cross_USO_state_slope=downtrend + state_slope=flat|2026-07-28 19:00:00+00:00,rolling,312.59,2026-07-31T21:24:50.028493+00:00,309.7200012207031,306.48,False,long,-0.0091813518644129,-0.0195463706452539
FDX,1h,cross_USO_state_slope=downtrend + state_slope=flat,2026-07-29 13:00:00+00:00,,-0.0077744449949106,-0.010804052321108,FDX|1h|rolling|cross_USO_state_slope=downtrend + state_slope=flat|2026-07-29 13:00:00+00:00,rolling,311.92,2026-07-31T21:24:50.397527+00:00,309.4949951171875,308.55,False,long,-0.0077744449949106,-0.010804052321108
FDX,1h,cross_USO_state_slope=downtrend + state_slope=flat,2026-07-29 14:00:00+00:00,,-0.0012416183293054,-0.0010964558676512,FDX|1h|rolling|cross_USO_state_slope=downtrend + state_slope=flat|2026-07-29 14:00:00+00:00,rolling,310.09,2026-07-31T21:24:50.767976+00:00,309.7049865722656,309.75,False,long,-0.0012416183293054,-0.0010964558676512
FDX,1h,cross_USO_state_slope=downtrend + state_slope=flat,2026-07-29 15:00:00+00:00,,-0.0008197434249188,-0.0004846683253094,FDX|1h|rolling|cross_USO_state_slope=downtrend + state_slope=flat|2026-07-29 15:00:00+00:00,rolling,309.49,2026-07-31T21:24:51.075811+00:00,309.2362976074219,309.34,False,long,-0.0008197434249188,-0.0004846683253094
FDX,1h,cross_USO_state_slope=downtrend + state_slope=flat,2026-07-30 19:00:00+00:00,,-0.0012639766650461,,FDX|1h|rolling|cross_USO_state_slope=downtrend + state_slope=flat|2026-07-30 19:00:00+00:00,rolling,308.55,2026-07-31T21:26:24.158697+00:00,308.16,,True,long,-0.0012639766650461,
FDX,1h,cross_USO_state_slope=uptrend + cross_TLT_state_slope=downtrend + state_ext=stretched_down,2026-07-30 13:00:00+00:00,,0.0077278234388815,,FDX|1h|rolling|cross_USO_state_slope=uptrend + cross_TLT_state_slope=downtrend + state_ext=stretched_down|2026-07-30 13:00:00+00:00,rolling,305.39,2026-07-31T21:25:33.730646+00:00,307.75,,True,long,0.0077278234388815,
FDX,1h,cross_USO_state_slope=uptrend + cross_TLT_state_slope=downtrend + state_ext=stretched_down,2026-07-30 14:00:00+00:00,,0.0128348214285716,,FDX|1h|rolling|cross_USO_state_slope=uptrend + cross_TLT_state_slope=downtrend + state_ext=stretched_down|2026-07-30 14:00:00+00:00,rolling,304.64,2026-07-31T21:25:40.743866+00:00,308.55,,True,long,0.0128348214285716,
FDX,1h,cross_USO_state_slope=uptrend + state_ext=stretched_down,2026-07-30 13:00:00+00:00,,0.0077278234388815,,FDX|1h|rolling|cross_USO_state_slope=uptrend + state_ext=stretched_down|2026-07-30 13:00:00+00:00,rolling,305.39,2026-07-31T21:25:35.139056+00:00,307.75,,True,long,0.0077278234388815,
FDX,1h,cross_USO_state_slope=uptrend + state_ext=stretched_down,2026-07-30 14:00:00+00:00,,0.0128348214285716,,FDX|1h|rolling|cross_USO_state_slope=uptrend + state_ext=stretched_down|2026-07-30 14:00:00+00:00,rolling,304.64,2026-07-31T21:25:42.194898+00:00,308.55,,True,long,0.0128348214285716,
FDX,1h,cross_USO_state_slope=uptrend + state_slope=downtrend,2026-07-30 15:00:00+00:00,,0.0112109821866317,,FDX|1h|rolling|cross_USO_state_slope=uptrend + state_slope=downtrend|2026-07-30 15:00:00+00:00,rolling,305.95,2026-07-31T21:25:45.294284+00:00,309.38,,True,long,0.0112109821866317,
FDX,1h,cross_USO_state_slope=uptrend + state_slope=downtrend,2026-07-30 16:00:00+00:00,,0.0083992577400136,,FDX|1h|rolling|cross_USO_state_slope=uptrend + state_slope=downtrend|2026-07-30 16:00:00+00:00,rolling,307.17,2026-07-31T21:25:49.149379+00:00,309.75,,True,long,0.0083992577400136,
FDX,1h,cross_USO_state_slope=uptrend + state_slope=downtrend,2026-07-30 17:00:00+00:00,,0.0114689376141998,,FDX|1h|rolling|cross_USO_state_slope=uptrend + state_slope=downtrend|2026-07-30 17:00:00+00:00,rolling,306.48,2026-07-31T21:25:54.388560+00:00,309.995,,True,long,0.0114689376141998,
FDX,1h,cross_USO_state_slope=uptrend + state_slope=downtrend,2026-07-30 18:00:00+00:00,,0.0051665312753856,,FDX|1h|rolling|cross_USO_state_slope=uptrend + state_slope=downtrend|2026-07-30 18:00:00+00:00,rolling,307.75,2026-07-31T21:26:02.129748+00:00,309.34,,True,long,0.0051665312753856,
FDX,1h,cross_USO_state_slope=uptrend + state_slope=downtrend,2026-07-30 19:00:00+00:00,,-0.0012639766650461,,FDX|1h|rolling|cross_USO_state_slope=uptrend + state_slope=downtrend|2026-07-30 19:00:00+00:00,rolling,308.55,2026-07-31T21:26:20.653329+00:00,308.16,,True,long,-0.0012639766650461,
FDX,1h,cross_USO_state_vol=high_vol + state_ext=stretched_down,2026-07-30 13:00:00+00:00,,0.0077278234388815,,FDX|1h|rolling|cross_USO_state_vol=high_vol + state_ext=stretched_down|2026-07-30 13:00:00+00:00,rolling,305.39,2026-07-31T21:25:34.450830+00:00,307.75,,True,long,0.0077278234388815,
FDX,1h,cross_USO_state_vol=high_vol + state_ext=stretched_down,2026-07-30 14:00:00+00:00,,0.0128348214285716,,FDX|1h|rolling|cross_USO_state_vol=high_vol + state_ext=stretched_down|2026-07-30 14:00:00+00:00,rolling,304.64,2026-07-31T21:25:41.428686+00:00,308.55,,True,long,0.0128348214285716,
FDX,1h,state_ext=stretched_down + state_ret_1=ret_down,2026-07-30 13:00:00+00:00,,0.0077278234388815,,FDX|1h|rolling|state_ext=stretched_down + state_ret_1=ret_down|2026-07-30 13:00:00+00:00,rolling,305.39,2026-07-31T21:25:32.707043+00:00,307.75,,True,long,0.0077278234388815,
FDX,1h,state_ext=stretched_down + state_ret_5=ret_down,2026-07-30 14:00:00+00:00,,0.0128348214285716,,FDX|1h|rolling|state_ext=stretched_down + state_ret_5=ret_down|2026-07-30 14:00:00+00:00,rolling,304.64,2026-07-31T21:25:39.705056+00:00,308.55,,True,long,0.0128348214285716,
FDX,1h,state_ext=stretched_down + state_slope=flat,2026-07-30 13:00:00+00:00,,0.0077278234388815,,FDX|1h|rolling|state_ext=stretched_down + state_slope=flat|2026-07-30 13:00:00+00:00,rolling,305.39,2026-07-31T21:25:33.052618+00:00,307.75,,True,long,0.0077278234388815,
FDX,1h,state_ext=stretched_down + state_slope=flat,2026-07-30 14:00:00+00:00,,0.0128348214285716,,FDX|1h|rolling|state_ext=stretched_down + state_slope=flat|2026-07-30 14:00:00+00:00,rolling,304.64,2026-07-31T21:25:40.030099+00:00,308.55,,True,long,0.0128348214285716,
FDX,1h,state_session=afternoon + state_slope=downtrend,2026-07-30 18:00:00+00:00,,0.0051665312753856,,FDX|1h|rolling|state_session=afternoon + state_slope=downtrend|2026-07-30 18:00:00+00:00,rolling,307.75,2026-07-31T21:26:02.478737+00:00,309.34,,True,long,0.0051665312753856,
FDX,1h,state_session=afternoon + state_slope=downtrend,2026-07-30 19:00:00+00:00,,-0.0012639766650461,,FDX|1h|rolling|state_session=afternoon + state_slope=downtrend|2026-07-30 19:00:00+00:00,rolling,308.55,2026-07-31T21:26:21.036253+00:00,308.16,,True,long,-0.0012639766650461,
FDX,1h,state_session=lunch + state_slope=downtrend,2026-07-30 16:00:00+00:00,,0.0083992577400136,,FDX|1h|rolling|state_session=lunch + state_slope=downtrend|2026-07-30 16:00:00+00:00,rolling,307.17,2026-07-31T21:25:50.270655+00:00,309.75,,True,long,0.0083992577400136,
FDX,1h,state_session=lunch + state_slope=downtrend,2026-07-30 17:00:00+00:00,,0.0114689376141998,,FDX|1h|rolling|state_session=lunch + state_slope=downtrend|2026-07-30 17:00:00+00:00,rolling,306.48,2026-07-31T21:25:55.127104+00:00,309.995,,True,long,0.0114689376141998,
FDX,1h,state_session=lunch + state_volume=vol_quiet,2026-07-29 16:00:00+00:00,,-0.0034385223598051,-0.0035031075954476,FDX|1h|rolling|state_session=lunch + state_volume=vol_quiet|2026-07-29 16:00:00+00:00,rolling,309.725,2026-07-31T21:24:51.510727+00:00,308.6600036621094,308.64,False,short,0.0034385223598051,0.0035031075954476
FDX,1h,state_session=lunch + state_volume=vol_quiet,2026-07-29 17:00:00+00:00,,-0.0044504250289238,,FDX|1h|rolling|state_session=lunch + state_volume=vol_quiet|2026-07-29 17:00:00+00:00,rolling,310.08,2026-07-31T21:24:52.436410+00:00,308.70001220703125,,True,short,0.0044504250289238,
FDX,1h,state_session=lunch + state_volume=vol_quiet,2026-07-30 17:00:00+00:00,,0.0114689376141998,,FDX|1h|rolling|state_session=lunch + state_volume=vol_quiet|2026-07-30 17:00:00+00:00,rolling,306.48,2026-07-31T21:25:55.455517+00:00,309.995,,True,short,-0.0114689376141998,
FDX,1h,state_session=lunch + state_volume=vol_quiet,2026-07-31 16:00:00+00:00,,,,FDX|1h|rolling|state_session=lunch + state_volume=vol_quiet|2026-07-31 16:00:00+00:00,rolling,309.34,2026-07-31T21:27:09.340082+00:00,,,True,short,,
FDX,1h,state_session=lunch + state_volume=vol_quiet,2026-07-31 17:00:00+00:00,,,,FDX|1h|rolling|state_session=lunch + state_volume=vol_quiet|2026-07-31 17:00:00+00:00,rolling,308.16,2026-07-31T21:27:29.653674+00:00,,,True,short,,
FDX,1h,state_volume=vol_normal + state_slope=downtrend,2026-07-30 15:00:00+00:00,,0.0112109821866317,,FDX|1h|rolling|state_volume=vol_normal + state_slope=downtrend|2026-07-30 15:00:00+00:00,rolling,305.95,2026-07-31T21:25:45.617971+00:00,309.38,,True,long,0.0112109821866317,
FDX,1h,state_volume=vol_normal + state_slope=downtrend,2026-07-30 16:00:00+00:00,,0.0083992577400136,,FDX|1h|rolling|state_volume=vol_normal + state_slope=downtrend|2026-07-30 16:00:00+00:00,rolling,307.17,2026-07-31T21:25:49.555521+00:00,309.75,,True,long,0.0083992577400136,
GD,1d,state_volume=vol_normal + state_ext=neutral,2026-08-18 04:00:00+00:00,,-0.0429501472557641,-0.0850869422881341,GD|1d|rolling|state_volume=vol_normal + state_ext=neutral|2026-08-18,rolling,393.4800109863281,2026-09-25T21:42:57.930325+00:00,376.5799865722656,360.0,False,long,-0.0429501472557641,-0.0850869422881341
GD,1d,state_volume=vol_normal + state_ext=neutral,2026-08-19 04:00:00+00:00,,-0.0263037350781105,-0.0927511456148346,GD|1d|rolling|state_volume=vol_normal + state_ext=neutral|2026-08-19,rolling,392.3399963378906,2026-09-25T21:42:58.086814+00:00,382.0199890136719,355.95001220703125,False,long,-0.0263037350781105,-0.0927511456148346
GD,1d,state_volume=vol_normal + state_ext=neutral,2026-08-20 04:00:00+00:00,,-0.0155671501323797,-0.0855285800627347,GD|1d|rolling|state_volume=vol_normal + state_ext=neutral|2026-08-20,rolling,386.0700073242188,2026-09-25T21:42:58.186918+00:00,380.05999755859375,353.04998779296875,False,long,-0.0155671501323797,-0.0855285800627347
GD,1d,state_volume=vol_normal + state_ext=neutral,2026-08-21 04:00:00+00:00,,,-0.0790809388032398,GD|1d|rolling|state_volume=vol_normal + state_ext=neutral|2026-08-21,rolling,384.2900085449219,2026-09-25T21:42:58.324890+00:00,,353.8999938964844,False,long,,-0.0790809388032398
GD,1d,state_volume=vol_normal + state_ext=neutral,2026-08-24 04:00:00+00:00,,-0.0323630905638996,-0.1052192081747065,GD|1d|rolling|state_volume=vol_normal + state_ext=neutral|2026-08-24,rolling,383.7699890136719,2026-09-25T21:42:58.520498+00:00,371.3500061035156,343.3900146484375,False,long,-0.0323630905638996,-0.1052192081747065
GDX,15m,state_session=afternoon + state_slope=uptrend + state_vol=low_vol,2026-08-10 19:45:00+00:00,,-0.001436622831252,-0.0122665487899215,GDX|15m|rolling|state_session=afternoon + state_slope=uptrend + state_vol=low_vol|2026-08-10 19:45:00+00:00,rolling,90.49,2026-08-11T21:26:12.862818+00:00,90.36,89.38,False,long,-0.001436622831252,-0.0122665487899215
GDX,1h,state_ext=stretched_up + state_ret_5=ret_flat,2026-08-24 13:00:00+00:00,,-0.0037277304415183,-0.007842757552285,GDX|1h|rolling|state_ext=stretched_up + state_ret_5=ret_flat|2026-08-24 13:00:00+00:00,rolling,103.28,2026-09-04T21:37:45.679325+00:00,102.895,102.47,False,long,-0.0037277304415183,-0.007842757552285
GDX,1h,state_ext=stretched_up + state_ret_5=ret_flat,2026-08-24 14:00:00+00:00,,0.0042677012609118,-0.00368574199806,GDX|1h|rolling|state_ext=stretched_up + state_ret_5=ret_flat|2026-08-24 14:00:00+00:00,rolling,103.1,2026-09-04T21:37:45.757415+00:00,103.54,102.72,False,long,0.0042677012609118,-0.00368574199806
GDX,1h,state_ext=stretched_up + state_ret_5=ret_flat,2026-08-24 15:00:00+00:00,,-0.0070722728153459,0.0018891687657431,GDX|1h|rolling|state_ext=stretched_up + state_ret_5=ret_flat|2026-08-24 15:00:00+00:00,rolling,103.22,2026-09-04T21:37:45.787657+00:00,102.49,103.415,False,long,-0.0070722728153459,0.0018891687657431
GDX,1h,state_ext=stretched_up + state_ret_5=ret_flat,2026-08-24 16:00:00+00:00,,0.0128667511453357,0.0138415050199824,GDX|1h|rolling|state_ext=stretched_up + state_ret_5=ret_flat|2026-08-24 16:00:00+00:00,rolling,102.59,2026-09-04T21:37:45.885011+00:00,103.91,104.01,False,long,0.0128667511453357,0.0138415050199824
GDX,1h,state_ext=stretched_up + state_ret_5=ret_flat,2026-08-24 19:00:00+00:00,,0.0157427081321228,-0.0001931620629709,GDX|1h|rolling|state_ext=stretched_up + state_ret_5=ret_flat|2026-08-24 19:00:00+00:00,rolling,103.54,2026-09-04T21:37:46.952689+00:00,105.17,103.52,False,long,0.0157427081321228,-0.0001931620629709
GDX,1h,state_ext=stretched_up + state_ret_5=ret_flat,2026-09-03 18:00:00+00:00,,-0.0110151830902054,,GDX|1h|rolling|state_ext=stretched_up + state_ret_5=ret_flat|2026-09-03 18:00:00+00:00,rolling,100.77,2026-09-04T21:38:20.776521+00:00,99.66,,True,long,-0.0110151830902054,
GDX,1h,state_ext=stretched_up + state_ret_5=ret_flat,2026-09-03 19:00:00+00:00,,-0.0223733491030947,,GDX|1h|rolling|state_ext=stretched_up + state_ret_5=ret_flat|2026-09-03 19:00:00+00:00,rolling,101.46,2026-09-04T21:38:24.075911+00:00,99.19,,True,long,-0.0223733491030947,
GDXJ,15m,state_session=afternoon + state_slope=uptrend + state_vol=low_vol,2026-07-30 19:45:00+00:00,,-0.0374072391337271,-0.0320561360997526,GDXJ|15m|rolling|state_session=afternoon + state_slope=uptrend + state_vol=low_vol|2026-07-30 19:45:00+00:00,rolling,99.045,2026-07-31T21:26:31.159273+00:00,95.34,95.87,False,long,-0.0374072391337271,-0.0320561360997526
GDXJ,1h,state_ext=stretched_up + state_ret_5=ret_flat,2026-08-24 13:00:00+00:00,,0.0001506591337101,0.000376647834275,GDXJ|1h|rolling|state_ext=stretched_up + state_ret_5=ret_flat|2026-08-24 13:00:00+00:00,rolling,132.75,2026-09-04T21:37:45.690000+00:00,132.77,132.8,False,long,0.0001506591337101,0.000376647834275
GDXJ,1h,state_ext=stretched_up + state_ret_5=ret_flat,2026-08-24 14:00:00+00:00,,0.003531710249474,0.0024797114517582,GDXJ|1h|rolling|state_ext=stretched_up + state_ret_5=ret_flat|2026-08-24 14:00:00+00:00,rolling,133.08,2026-09-04T21:37:45.767630+00:00,133.55,133.41,False,long,0.003531710249474,0.0024797114517582
GDXJ,1h,state_ext=stretched_up + state_ret_5=ret_flat,2026-08-24 15:00:00+00:00,,-0.00834649221746,0.0097751710654934,GDXJ|1h|rolling|state_ext=stretched_up + state_ret_5=ret_flat|2026-08-24 15:00:00+00:00,rolling,132.99,2026-09-04T21:37:45.797696+00:00,131.88,134.29,False,long,-0.00834649221746,0.0097751710654934
GDXJ,1h,state_ext=stretched_up + state_ret_5=ret_flat,2026-08-24 16:00:00+00:00,,0.0070098741237658,0.0177131227858597,GDXJ|1h|rolling|state_ext=stretched_up + state_ret_5=ret_flat|2026-08-24 16:00:00+00:00,rolling,132.67,2026-09-04T21:37:45.895118+00:00,133.6,135.02,False,long,0.0070098741237658,0.0177131227858597
GDXJ,1h,state_ext=stretched_up + state_ret_5=ret_flat,2026-08-24 19:00:00+00:00,,0.0144140771246723,0.0058779483339572,GDXJ|1h|rolling|state_ext=stretched_up + state_ret_5=ret_flat|2026-08-24 19:00:00+00:00,rolling,133.55,2026-09-04T21:37:46.962774+00:00,135.475,134.335,False,long,0.0144140771246723,0.0058779483339572
GDXJ,1h,state_ext=stretched_up + state_ret_5=ret_flat,2026-08-25 17:00:00+00:00,,-0.0146428043188876,-0.054207957402751,GDXJ|1h|rolling|state_ext=stretched_up + state_ret_5=ret_flat|2026-08-25 17:00:00+00:00,rolling,135.22,2026-09-04T21:37:47.122416+00:00,133.24,127.89,False,long,-0.0146428043188876,-0.054207957402751
GDXJ,1h,state_ext=stretched_up + state_ret_5=ret_flat,2026-09-03 18:00:00+00:00,,-0.012907893233827,,GDXJ|1h|rolling|state_ext=stretched_up + state_ret_5=ret_flat|2026-09-03 18:00:00+00:00,rolling,131.315,2026-09-04T21:38:21.619182+00:00,129.62,,True,long,-0.012907893233827,
GDXJ,1h,state_ext=stretched_up + state_ret_5=ret_flat,2026-09-03 19:00:00+00:00,,-0.0253714977124061,,GDXJ|1h|rolling|state_ext=stretched_up + state_ret_5=ret_flat|2026-09-03 19:00:00+00:00,rolling,132.235,2026-09-04T21:38:24.391904+00:00,128.88,,True,long,-0.0253714977124061,
GE,15m,state_session=afternoon + state_ret_5=ret_down,2026-08-27 18:00:00+00:00,,-0.0046718090525397,-0.0034056178140009,GE|15m|rolling|state_session=afternoon + state_ret_5=ret_down|2026-08-27 18:00:00+00:00,rolling,343.55,2026-09-09T20:39:33.313894+00:00,341.945,342.38,False,long,-0.0046718090525397,-0.0034056178140009
GE,15m,state_session=afternoon + state_ret_5=ret_down,2026-08-27 18:15:00+00:00,,-0.0017057631467685,-0.0030762053330611,GE|15m|rolling|state_session=afternoon + state_ret_5=ret_down|2026-08-27 18:15:00+00:00,rolling,342.955,2026-09-09T20:39:33.375946+00:00,342.37,341.9,False,long,-0.0017057631467685,-0.0030762053330611
GE,15m,state_session=afternoon + state_ret_5=ret_down,2026-08-27 19:15:00+00:00,,0.0047265756471603,0.0014487027525351,GE|15m|rolling|state_session=afternoon + state_ret_5=ret_down|2026-08-27 19:15:00+00:00,rolling,341.685,2026-09-09T20:39:33.409985+00:00,343.3,342.18,False,long,0.0047265756471603,0.0014487027525351
GE,15m,state_session=afternoon + state_ret_5=ret_down,2026-08-31 19:15:00+00:00,,-0.0100751924391477,-0.0159003774482123,GE|15m|rolling|state_session=afternoon + state_ret_5=ret_down|2026-08-31 19:15:00+00:00,rolling,336.47,2026-09-09T20:39:40.275750+00:00,333.08,331.12,False,long,-0.0100751924391477,-0.0159003774482123
GE,15m,state_session=afternoon + state_ret_5=ret_down,2026-08-31 19:45:00+00:00,,-0.012277617188664,-0.0108174151443811,GE|15m|rolling|state_session=afternoon + state_ret_5=ret_down|2026-08-31 19:45:00+00:00,rolling,335.57,2026-09-09T20:39:40.295987+00:00,331.45,331.94,False,long,-0.012277617188664,-0.0108174151443811
GE,15m,state_session=afternoon + state_ret_5=ret_down,2026-09-08 19:00:00+00:00,,-0.0376324877932594,-0.0322287721805406,GE|15m|rolling|state_session=afternoon + state_ret_5=ret_down|2026-09-08 19:00:00+00:00,rolling,335.88,2026-09-09T20:39:55.557267+00:00,323.24,325.055,False,long,-0.0376324877932594,-0.0322287721805406
GE,15m,state_session=afternoon + state_ret_5=ret_down,2026-09-08 19:15:00+00:00,,-0.0377111197164218,-0.0334514908700961,GE|15m|rolling|state_session=afternoon + state_ret_5=ret_down|2026-09-08 19:15:00+00:00,rolling,335.71,2026-09-09T20:40:00.804870+00:00,323.05,324.48,False,long,-0.0377111197164218,-0.0334514908700961
GE,15m,state_session=afternoon + state_ret_5=ret_down,2026-09-08 19:45:00+00:00,,-0.0270710147524338,-0.0303709012721734,GE|15m|rolling|state_session=afternoon + state_ret_5=ret_down|2026-09-08 19:45:00+00:00,rolling,334.86,2026-09-09T20:40:01.862644+00:00,325.795,324.69,False,long,-0.0270710147524338,-0.0303709012721734
GILD,1h,cross_USO_state_slope=uptrend + cross_TLT_state_slope=downtrend + state_ext=stretched_down,2026-09-09 16:00:00+00:00,,-0.01350008566044203,-0.006861330172346469,GILD|1h|rolling|cross_USO_state_slope=uptrend + cross_TLT_state_slope=downtrend + state_ext=stretched_down|2026-09-09 16:00:00+00:00,rolling,145.925,2026-10-07T19:42:29.667946+00:00,143.955,144.92376039460035,False,long,-0.01350008566044203,-0.006861330172346469
GILD,1h,cross_USO_state_slope=uptrend + cross_TLT_state_slope=downtrend + state_ext=stretched_down,2026-09-09 17:00:00+00:00,,-0.00901518527405476,-0.006520985835119175,GILD|1h|rolling|cross_USO_state_slope=uptrend + cross_TLT_state_slope=downtrend + state_ext=stretched_down|2026-09-09 17:00:00+00:00,rolling,145.865,2026-10-07T19:42:29.678316+00:00,144.55,144.91381640116035,False,long,-0.00901518527405476,-0.006520985835119175
GM,15m,state_session=lunch + state_slope=downtrend + state_vol=high_vol,2026-09-15 16:15:00+00:00,,0.0046347902610737,-0.0045174537987678,GM|15m|rolling|state_session=lunch + state_slope=downtrend + state_vol=high_vol|2026-09-15 16:15:00+00:00,rolling,85.225,2026-09-22T18:47:44.238046+00:00,85.62,84.84,False,long,0.0046347902610737,-0.0045174537987678
GM,15m,state_session=lunch + state_slope=downtrend + state_vol=high_vol,2026-09-15 17:00:00+00:00,,0.0032173150043872,-0.0119333138344545,GM|15m|rolling|state_session=lunch + state_slope=downtrend + state_vol=high_vol|2026-09-15 17:00:00+00:00,rolling,85.475,2026-09-22T18:47:44.273476+00:00,85.75,84.455,False,long,0.0032173150043872,-0.0119333138344545
GM,15m,state_session=lunch + state_slope=downtrend + state_vol=high_vol,2026-09-15 17:15:00+00:00,,-0.0004086159593718,-0.006829723892359,GM|15m|rolling|state_session=lunch + state_slope=downtrend + state_vol=high_vol|2026-09-15 17:15:00+00:00,rolling,85.655,2026-09-22T18:47:44.290229+00:00,85.62,85.07,False,long,-0.0004086159593718,-0.006829723892359
GM,15m,state_session=lunch + state_slope=downtrend + state_vol=high_vol,2026-09-18 17:15:00+00:00,,0.0077064220183484,0.025749235474006,GM|15m|rolling|state_session=lunch + state_slope=downtrend + state_vol=high_vol|2026-09-18 17:15:00+00:00,rolling,81.75,2026-09-22T18:47:57.506031+00:00,82.38,83.855,False,long,0.0077064220183484,0.025749235474006
GM,15m,state_session=lunch + state_slope=downtrend + state_vol=high_vol,2026-09-22 17:00:00+00:00,,0.001134192932187,,GM|15m|rolling|state_session=lunch + state_slope=downtrend + state_vol=high_vol|2026-09-22 17:00:00+00:00,rolling,83.76,2026-09-22T18:48:09.885820+00:00,83.855,,True,long,0.001134192932187,
GM,15m,state_session=lunch + state_slope=downtrend + state_vol=high_vol,2026-09-22 17:15:00+00:00,,0.0010155923292909,,GM|15m|rolling|state_session=lunch + state_slope=downtrend + state_vol=high_vol|2026-09-22 17:15:00+00:00,rolling,83.695,2026-09-22T18:48:13.644040+00:00,83.78,,True,long,0.0010155923292909,
GM,1h,state_volume=vol_surge + state_ext=stretched_down + state_slope=downtrend,2026-09-18 16:00:00+00:00,,0.01350200705510285,0.022868264201435506,GM|1h|rolling|state_volume=vol_surge + state_ext=stretched_down + state_slope=downtrend|2026-09-18 16:00:00+00:00,rolling,82.21,2026-10-07T19:42:34.781898+00:00,83.32,84.09,False,long,0.01350200705510285,0.022868264201435506
GM,1h,state_volume=vol_surge + state_ext=stretched_down + state_slope=downtrend,2026-09-18 17:00:00+00:00,,0.0210032874710826,0.02654328503591885,GM|1h|rolling|state_volume=vol_surge + state_ext=stretched_down + state_slope=downtrend|2026-09-18 17:00:00+00:00,rolling,82.13,2026-10-07T19:42:34.832105+00:00,83.855,84.31,False,long,0.0210032874710826,0.02654328503591885
GM,1h,state_volume=vol_surge + state_ext=stretched_down + state_slope=downtrend,2026-09-18 18:00:00+00:00,,0.025390269088258588,0.025511753629350764,GM|1h|rolling|state_volume=vol_surge + state_ext=stretched_down + state_slope=downtrend|2026-09-18 18:00:00+00:00,rolling,82.315,2026-10-07T19:42:34.852197+00:00,84.405,84.415,False,long,0.025390269088258588,0.025511753629350764
GM,1h,state_volume=vol_surge + state_ext=stretched_down + state_slope=downtrend,2026-09-18 19:00:00+00:00,,0.03193042208977004,0.02274662449823639,GM|1h|rolling|state_volume=vol_surge + state_ext=stretched_down + state_slope=downtrend|2026-09-18 19:00:00+00:00,rolling,82.21,2026-10-07T19:42:34.862128+00:00,84.835,84.08,False,long,0.03193042208977004,0.02274662449823639
GM,1h,state_volume=vol_surge + state_ext=stretched_down + state_slope=downtrend,2026-09-24 17:00:00+00:00,,0.010894846370424816,-0.024666421838658303,GM|1h|rolling|state_volume=vol_surge + state_ext=stretched_down + state_slope=downtrend|2026-09-24 17:00:00+00:00,rolling,81.69,2026-10-07T19:42:36.652848+00:00,82.58,79.675,False,long,0.010894846370424816,-0.024666421838658303
GM,1h,state_volume=vol_surge + state_ext=stretched_down + state_slope=downtrend,2026-09-24 18:00:00+00:00,,0.018779631796071783,-0.015146850563389047,GM|1h|rolling|state_volume=vol_surge + state_ext=stretched_down + state_slope=downtrend|2026-09-24 18:00:00+00:00,rolling,81.205,2026-10-07T19:42:36.663065+00:00,82.73,79.975,False,long,0.018779631796071783,-0.015146850563389047
GM,1h,state_volume=vol_surge + state_ext=stretched_down + state_slope=downtrend,2026-09-24 19:00:00+00:00,,0.030776867709108924,-0.003350707371556183,GM|1h|rolling|state_volume=vol_surge + state_ext=stretched_down + state_slope=downtrend|2026-09-24 19:00:00+00:00,rolling,80.58,2026-10-07T19:42:36.673159+00:00,83.06,80.31,False,long,0.030776867709108924,-0.003350707371556183
GM,1h,state_volume=vol_surge + state_ext=stretched_down + state_slope=downtrend,2026-09-28 16:00:00+00:00,,-0.008905380333951718,-0.04162028447742727,GM|1h|rolling|state_volume=vol_surge + state_ext=stretched_down + state_slope=downtrend|2026-09-28 16:00:00+00:00,rolling,80.85,2026-10-07T19:42:36.822143+00:00,80.13,77.485,False,long,-0.008905380333951718,-0.04162028447742727
GM,1h,state_volume=vol_surge + state_ext=stretched_down + state_slope=downtrend,2026-09-29 14:00:00+00:00,,0.004492699363534358,-0.023461874454012155,GM|1h|rolling|state_volume=vol_surge + state_ext=stretched_down + state_slope=downtrend|2026-09-29 14:00:00+00:00,rolling,80.13,2026-10-07T19:42:36.891616+00:00,80.49,78.25,False,long,0.004492699363534358,-0.023461874454012155
GM,1h,state_volume=vol_surge + state_ext=stretched_down + state_slope=downtrend,2026-09-29 15:00:00+00:00,,-0.010579691999499152,-0.01183172655565301,GM|1h|rolling|state_volume=vol_surge + state_ext=stretched_down + state_slope=downtrend|2026-09-29 15:00:00+00:00,rolling,79.87,2026-10-07T19:42:36.912134+00:00,79.025,78.925,False,long,-0.010579691999499152,-0.01183172655565301
GM,1h,state_volume=vol_surge + state_ext=stretched_down + state_slope=downtrend,2026-09-29 16:00:00+00:00,,-0.011107624725447018,-0.015625980545967866,GM|1h|rolling|state_volume=vol_surge + state_ext=stretched_down + state_slope=downtrend|2026-09-29 16:00:00+00:00,rolling,79.675,2026-10-07T19:42:36.932283+00:00,78.79,78.43,False,long,-0.011107624725447018,-0.015625980545967866
GM,1h,state_volume=vol_surge + state_ext=stretched_down + state_slope=downtrend,2026-09-29 17:00:00+00:00,,-0.026758361988121315,-0.015567364801500339,GM|1h|rolling|state_volume=vol_surge + state_ext=stretched_down + state_slope=downtrend|2026-09-29 17:00:00+00:00,rolling,79.975,2026-10-07T19:42:36.952412+00:00,77.835,78.73,False,long,-0.026758361988121315,-0.015567364801500339
GM,1h,state_volume=vol_surge + state_ext=stretched_down + state_slope=downtrend,2026-09-30 13:00:00+00:00,,-0.02296741537488156,-0.009300854160075867,GM|1h|rolling|state_volume=vol_surge + state_ext=stretched_down + state_slope=downtrend|2026-09-30 13:00:00+00:00,rolling,79.025,2026-10-07T19:42:38.591740+00:00,77.21,78.29,False,long,-0.02296741537488156,-0.009300854160075867
GM,1h,state_volume=vol_surge + state_ext=stretched_down + state_slope=downtrend,2026-09-30 14:00:00+00:00,,-0.02233786013453487,0.006853661632186814,GM|1h|rolling|state_volume=vol_surge + state_ext=stretched_down + state_slope=downtrend|2026-09-30 14:00:00+00:00,rolling,78.79,2026-10-07T19:42:38.629999+00:00,77.03,79.33,False,long,-0.02233786013453487,0.006853661632186814
GM,1h,state_volume=vol_surge + state_ext=stretched_down + state_slope=downtrend,2026-09-30 15:00:00+00:00,,-0.012462259908781359,0.02659471959915205,GM|1h|rolling|state_volume=vol_surge + state_ext=stretched_down + state_slope=downtrend|2026-09-30 15:00:00+00:00,rolling,77.835,2026-10-07T19:42:38.650018+00:00,76.865,79.905,False,long,-0.012462259908781359,0.02659471959915205
GM,1h,state_volume=vol_surge + state_ext=stretched_down + state_slope=downtrend,2026-09-30 16:00:00+00:00,,-0.00045237172030521133,0.03392787902287697,GM|1h|rolling|state_volume=vol_surge + state_ext=stretched_down + state_slope=downtrend|2026-09-30 16:00:00+00:00,rolling,77.37,2026-10-07T19:42:38.659867+00:00,77.335,79.995,False,long,-0.00045237172030521133,0.03392787902287697
GM,1h,state_volume=vol_surge + state_ext=stretched_down + state_slope=downtrend,2026-09-30 17:00:00+00:00,,0.0044072849828245,0.03986000388878086,GM|1h|rolling|state_volume=vol_surge + state_ext=stretched_down + state_slope=downtrend|2026-09-30 17:00:00+00:00,rolling,77.145,2026-10-07T19:42:38.688376+00:00,77.485,80.22,False,long,0.0044072849828245,0.03986000388878086
GM,1h,state_volume=vol_surge + state_ext=stretched_down + state_slope=downtrend,2026-09-30 18:00:00+00:00,,0.005504468333117574,0.04196347623364871,GM|1h|rolling|state_volume=vol_surge + state_ext=stretched_down + state_slope=downtrend|2026-09-30 18:00:00+00:00,rolling,77.21,2026-10-07T19:42:38.698521+00:00,77.635,80.45,False,long,0.005504468333117574,0.04196347623364871
GM,1h,state_volume=vol_surge + state_ext=stretched_down + state_slope=downtrend,2026-09-30 19:00:00+00:00,,0.013695962611969259,0.04816305335583526,GM|1h|rolling|state_volume=vol_surge + state_ext=stretched_down + state_slope=downtrend|2026-09-30 19:00:00+00:00,rolling,77.03,2026-10-07T19:42:38.728965+00:00,78.085,80.74,False,long,0.013695962611969259,0.04816305335583526
GM,1h,state_volume=vol_surge + state_ext=stretched_down + state_slope=downtrend,2026-10-01 14:00:00+00:00,,0.025667550268313244,0.05308075256998768,GM|1h|rolling|state_volume=vol_surge + state_ext=stretched_down + state_slope=downtrend|2026-10-01 14:00:00+00:00,rolling,77.335,2026-10-07T19:42:41.061773+00:00,79.32,81.44,False,long,0.025667550268313244,0.05308075256998768
GM,1h,state_volume=vol_surge + state_ext=stretched_down + state_slope=downtrend,2026-10-01 15:00:00+00:00,,0.009872878621668635,0.05394592501774542,GM|1h|rolling|state_volume=vol_surge + state_ext=stretched_down + state_slope=downtrend|2026-10-01 15:00:00+00:00,rolling,77.485,2026-10-07T19:42:41.104394+00:00,78.25,81.665,False,long,0.009872878621668635,0.05394592501774542
GM,1h,state_volume=vol_surge + state_ext=stretched_down + state_slope=downtrend,2026-10-01 16:00:00+00:00,,0.016616216912474835,0.05120113350937072,GM|1h|rolling|state_volume=vol_surge + state_ext=stretched_down + state_slope=downtrend|2026-10-01 16:00:00+00:00,rolling,77.635,2026-10-07T19:42:41.135499+00:00,78.925,81.61,False,long,0.016616216912474835,0.05120113350937072
GOLD,1h,state_ext=stretched_up + state_vol=mid_vol,2026-07-21 13:00:00+00:00,,0.0136598410065642,0.0451030927835052,GOLD|1h|rolling|state_ext=stretched_up + state_vol=mid_vol|2026-07-21 13:00:00+00:00,rolling,38.8,2026-07-24T21:21:08.917862+00:00,39.33000183105469,40.55,False,long,0.0136598410065642,0.0451030927835052
GOLD,1h,state_ext=stretched_up + state_vol=mid_vol,2026-07-21 14:00:00+00:00,,0.0068912905293376,0.0312659520163349,GOLD|1h|rolling|state_ext=stretched_up + state_vol=mid_vol|2026-07-21 14:00:00+00:00,rolling,39.18,2026-07-24T21:21:08.934798+00:00,39.45000076293945,40.405,False,long,0.0068912905293376,0.0312659520163349
GOLD,1h,state_ext=stretched_up + state_vol=mid_vol,2026-07-21 15:00:00+00:00,,0.0121065141958112,0.0155473429336052,GOLD|1h|rolling|state_ext=stretched_up + state_vol=mid_vol|2026-07-21 15:00:00+00:00,rolling,39.235,2026-07-24T21:21:08.942215+00:00,39.709999084472656,39.845,False,long,0.0121065141958112,0.0155473429336052
GOLD,1h,state_ext=stretched_up + state_vol=mid_vol,2026-07-21 16:00:00+00:00,,0.0091486425533076,0.0190597204574332,GOLD|1h|rolling|state_ext=stretched_up + state_vol=mid_vol|2026-07-21 16:00:00+00:00,rolling,39.35,2026-07-24T21:21:08.957383+00:00,39.709999084472656,40.1,False,long,0.0091486425533076,0.0190597204574332
GOLD,1h,state_ext=stretched_up + state_vol=mid_vol,2026-07-21 17:00:00+00:00,,0.0075738411363823,0.0047967684928047,GOLD|1h|rolling|state_ext=stretched_up + state_vol=mid_vol|2026-07-21 17:00:00+00:00,rolling,39.61,2026-07-24T21:21:08.980380+00:00,39.90999984741211,39.8,False,long,0.0075738411363823,0.0047967684928047
GOLD,1h,state_ext=stretched_up + state_vol=mid_vol,2026-07-21 18:00:00+00:00,,0.0247475209862293,-0.0022727272727273,GOLD|1h|rolling|state_ext=stretched_up + state_vol=mid_vol|2026-07-21 18:00:00+00:00,rolling,39.6,2026-07-24T21:21:08.988010+00:00,40.58000183105469,39.51,False,long,0.0247475209862293,-0.0022727272727273
GOLD,1h,state_ext=stretched_up + state_vol=mid_vol,2026-07-21 19:00:00+00:00,,0.0164118924256824,-0.016537208719619,GOLD|1h|rolling|state_ext=stretched_up + state_vol=mid_vol|2026-07-21 19:00:00+00:00,rolling,39.91,2026-07-24T21:21:11.484760+00:00,40.56499862670898,39.25,False,long,0.0164118924256824,-0.016537208719619
GOLD,1h,state_ext=stretched_up + state_vol=mid_vol,2026-07-22 13:00:00+00:00,,0.0062095956664978,-0.0161450571286636,GOLD|1h|rolling|state_ext=stretched_up + state_vol=mid_vol|2026-07-22 13:00:00+00:00,rolling,40.26,2026-07-24T21:21:11.493380+00:00,40.5099983215332,39.61,False,long,0.0062095956664978,-0.0161450571286636
GOOG,1d,state_ext=neutral + state_slope=flat + state_vol=low_vol,2026-09-04 04:00:00+00:00,,0.031016056700388317,0.025409290136608975,GOOG|1d|rolling|state_ext=neutral + state_slope=flat + state_vol=low_vol|2026-09-04,rolling,335.3099975585937,2026-10-07T19:42:29.628971+00:00,345.7099914550781,343.8299865722656,False,long,0.031016056700388317,0.025409290136608975
GOOG,1d,state_ext=neutral + state_slope=flat + state_vol=low_vol,2026-09-15 04:00:00+00:00,,0.017514603621851865,,GOOG|1d|rolling|state_ext=neutral + state_slope=flat + state_vol=low_vol|2026-09-15,rolling,341.42999267578125,2026-10-07T19:42:32.227396+00:00,347.4100036621094,,True,long,0.017514603621851865,
GOOG,1d,state_ext=neutral + state_slope=flat + state_vol=low_vol,2026-09-16 04:00:00+00:00,,-0.012906572826189011,,GOOG|1d|rolling|state_ext=neutral + state_slope=flat + state_vol=low_vol|2026-09-16,rolling,339.3599853515625,2026-10-07T19:42:33.799368+00:00,334.9800109863281,,True,long,-0.012906572826189011,
GOOG,1d,state_ext=neutral + state_slope=flat + state_vol=low_vol,2026-09-29 04:00:00+00:00,,0.021552202228799944,,GOOG|1d|rolling|state_ext=neutral + state_slope=flat + state_vol=low_vol|2026-09-29,rolling,337.32000732421875,2026-10-07T19:42:39.682976+00:00,344.5899963378906,,True,long,0.021552202228799944,
GOOG,1d,state_ext=neutral + state_slope=flat + state_vol=low_vol,2026-09-30 04:00:00+00:00,,0.01715387079046571,,GOOG|1d|rolling|state_ext=neutral + state_slope=flat + state_vol=low_vol|2026-09-30,rolling,340.739990234375,2026-10-07T19:42:42.493857+00:00,346.585,,True,long,0.01715387079046571,
GOOG,1d,state_ext=neutral + state_slope=flat + state_vol=low_vol,2026-10-01 04:00:00+00:00,,,,GOOG|1d|rolling|state_ext=neutral + state_slope=flat + state_vol=low_vol|2026-10-01,rolling,334.92999267578125,2026-10-07T19:42:47.255775+00:00,,,True,long,,
GOOG,1d,state_ext=neutral + state_slope=flat + state_vol=low_vol,2026-10-02 04:00:00+00:00,,,,GOOG|1d|rolling|state_ext=neutral + state_slope=flat + state_vol=low_vol|2026-10-02,rolling,340.3500061035156,2026-10-07T19:42:55.304331+00:00,,,True,long,,
GOOG,1d,state_ext=neutral + state_slope=flat + state_vol=low_vol,2026-10-05 04:00:00+00:00,,,,GOOG|1d|rolling|state_ext=neutral + state_slope=flat + state_vol=low_vol|2026-10-05,rolling,343.8299865722656,2026-10-07T19:43:14.072636+00:00,,,True,long,,
GOOG,1d,state_ext=neutral + state_slope=flat + state_vol=low_vol,2026-10-06 04:00:00+00:00,,,,GOOG|1d|rolling|state_ext=neutral + state_slope=flat + state_vol=low_vol|2026-10-06,rolling,344.5899963378906,2026-10-07T19:43:39.771427+00:00,,,True,long,,
GOOG,1d,state_slope=flat + state_vol=low_vol,2026-09-04 04:00:00+00:00,,0.0310160567003883,,GOOG|1d|rolling|state_slope=flat + state_vol=low_vol|2026-09-04,rolling,335.3099975585937,2026-09-28T21:56:36.480547+00:00,345.7099914550781,,True,long,0.0310160567003883,
GOOG,1d,state_slope=flat + state_vol=low_vol,2026-09-14 04:00:00+00:00,,0.0149258158272809,,GOOG|1d|rolling|state_slope=flat + state_vol=low_vol|2026-09-14,rolling,345.7099914550781,2026-09-28T21:56:41.597428+00:00,350.8699951171875,,True,long,0.0149258158272809,
GOOG,1d,state_slope=flat + state_vol=low_vol,2026-09-15 04:00:00+00:00,,0.0175146036218518,,GOOG|1d|rolling|state_slope=flat + state_vol=low_vol|2026-09-15,rolling,341.42999267578125,2026-09-28T21:56:42.899125+00:00,347.4100036621094,,True,long,0.0175146036218518,
GOOG,1d,state_slope=flat + state_vol=low_vol,2026-09-16 04:00:00+00:00,,-0.012906572826189,,GOOG|1d|rolling|state_slope=flat + state_vol=low_vol|2026-09-16,rolling,339.3599853515625,2026-09-28T21:56:45.191553+00:00,334.9800109863281,,True,long,-0.012906572826189,
GOOG,1d,state_slope=flat + state_vol=low_vol,2026-09-17 04:00:00+00:00,,-0.0135881721650342,,GOOG|1d|rolling|state_slope=flat + state_vol=low_vol|2026-09-17,rolling,343.67999267578125,2026-09-28T21:56:46.743116+00:00,339.010009765625,,True,long,-0.0135881721650342,
GOOG,1d,state_slope=flat + state_vol=low_vol,2026-09-18 04:00:00+00:00,,-0.0096687583241941,,GOOG|1d|rolling|state_slope=flat + state_vol=low_vol|2026-09-18,rolling,344.4100036621094,2026-09-28T21:56:47.863388+00:00,341.0799865722656,,True,long,-0.0096687583241941,
GOOG,1d,state_slope=flat + state_vol=low_vol,2026-09-21 04:00:00+00:00,,-0.0330464139953458,,GOOG|1d|rolling|state_slope=flat + state_vol=low_vol|2026-09-21,rolling,350.8699951171875,2026-09-28T21:56:49.675486+00:00,339.275,,True,long,-0.0330464139953458,
GOOG,1d,state_slope=flat + state_vol=low_vol,2026-09-22 04:00:00+00:00,,,,GOOG|1d|rolling|state_slope=flat + state_vol=low_vol|2026-09-22,rolling,347.4100036621094,2026-09-28T21:56:51.985135+00:00,,,True,long,,
GOOGL,1d,state_ext=neutral + state_slope=flat + state_vol=low_vol,2026-09-04 04:00:00+00:00,,0.03229339794747954,0.023666046114310557,GOOGL|1d|rolling|state_ext=neutral + state_slope=flat + state_vol=low_vol|2026-09-04,rolling,338.4599914550781,2026-10-07T19:42:29.638187+00:00,349.3900146484375,346.4700012207031,False,long,0.03229339794747954,0.023666046114310557
GOOGL,1d,state_ext=neutral + state_slope=flat + state_vol=low_vol,2026-09-08 04:00:00+00:00,,0.0195650370060374,0.027544649863177728,GOOGL|1d|rolling|state_ext=neutral + state_slope=flat + state_vol=low_vol|2026-09-08,rolling,338.3599853515625,2026-10-07T19:42:29.708907+00:00,344.9800109863281,347.67999267578125,False,long,0.0195650370060374,0.027544649863177728
GOOGL,1d,state_ext=neutral + state_slope=flat + state_vol=low_vol,2026-09-15 04:00:00+00:00,,0.01791406017442032,,GOOGL|1d|rolling|state_ext=neutral + state_slope=flat + state_vol=low_vol|2026-09-15,rolling,344.9800109863281,2026-10-07T19:42:32.385720+00:00,351.1600036621094,,True,long,0.01791406017442032,
GOOGL,1d,state_ext=neutral + state_slope=flat + state_vol=low_vol,2026-09-16 04:00:00+00:00,,-0.014699473901760629,,GOOGL|1d|rolling|state_ext=neutral + state_slope=flat + state_vol=low_vol|2026-09-16,rolling,342.8699951171875,2026-10-07T19:42:33.916401+00:00,337.8299865722656,,True,long,-0.014699473901760629,
GOOGL,1d,state_ext=neutral + state_slope=flat + state_vol=low_vol,2026-09-29 04:00:00+00:00,,0.019828637163537444,,GOOGL|1d|rolling|state_ext=neutral + state_slope=flat + state_vol=low_vol|2026-09-29,rolling,340.9200134277344,2026-10-07T19:42:39.994468+00:00,347.67999267578125,,True,long,0.019828637163537444,
GOOGL,1d,state_ext=neutral + state_slope=flat + state_vol=low_vol,2026-09-30 04:00:00+00:00,,0.016827521662665212,,GOOGL|1d|rolling|state_ext=neutral + state_slope=flat + state_vol=low_vol|2026-09-30,rolling,344.0799865722656,2026-10-07T19:42:43.159719+00:00,349.87,,True,long,0.016827521662665212,
GOOGL,1d,state_slope=flat + state_vol=low_vol,2026-09-04 04:00:00+00:00,,0.0322933979474795,,GOOGL|1d|rolling|state_slope=flat + state_vol=low_vol|2026-09-04,rolling,338.4599914550781,2026-09-29T21:38:05.024559+00:00,349.3900146484375,,True,long,0.0322933979474795,
GOOGL,1d,state_slope=flat + state_vol=low_vol,2026-09-08 04:00:00+00:00,,0.0195650370060374,,GOOGL|1d|rolling|state_slope=flat + state_vol=low_vol|2026-09-08,rolling,338.3599853515625,2026-09-29T21:38:05.713086+00:00,344.9800109863281,,True,long,0.0195650370060374,
GOOGL,1d,state_slope=flat + state_vol=low_vol,2026-09-14 04:00:00+00:00,,0.0159706526755789,,GOOGL|1d|rolling|state_slope=flat + state_vol=low_vol|2026-09-14,rolling,349.3900146484375,2026-09-29T21:38:09.383891+00:00,354.9700012207031,,True,long,0.0159706526755789,
GOOGL,1d,state_slope=flat + state_vol=low_vol,2026-09-15 04:00:00+00:00,,0.0179140601744203,,GOOGL|1d|rolling|state_slope=flat + state_vol=low_vol|2026-09-15,rolling,344.9800109863281,2026-09-29T21:38:10.608893+00:00,351.1600036621094,,True,long,0.0179140601744203,
GOOGL,1d,state_slope=flat + state_vol=low_vol,2026-09-16 04:00:00+00:00,,-0.0146994739017606,,GOOGL|1d|rolling|state_slope=flat + state_vol=low_vol|2026-09-16,rolling,342.8699951171875,2026-09-29T21:38:12.817720+00:00,337.8299865722656,,True,long,-0.0146994739017606,
GOOGL,1d,state_slope=flat + state_vol=low_vol,2026-09-17 04:00:00+00:00,,-0.0143091625049456,,GOOGL|1d|rolling|state_slope=flat + state_vol=low_vol|2026-09-17,rolling,347.3299865722656,2026-09-29T21:38:13.686088+00:00,342.3599853515625,,True,long,-0.0143091625049456,
GOOGL,1d,state_slope=flat + state_vol=low_vol,2026-09-18 04:00:00+00:00,,-0.0160782599410654,,GOOGL|1d|rolling|state_slope=flat + state_vol=low_vol|2026-09-18,rolling,349.5400085449219,2026-09-29T21:38:14.243785+00:00,343.9200134277344,,True,long,-0.0160782599410654,
GOOGL,1d,state_slope=flat + state_vol=low_vol,2026-09-21 04:00:00+00:00,,-0.034425447724258,,GOOGL|1d|rolling|state_slope=flat + state_vol=low_vol|2026-09-21,rolling,354.9700012207031,2026-09-29T21:38:15.760158+00:00,342.75,,True,long,-0.034425447724258,
GOOGL,1d,state_slope=flat + state_vol=low_vol,2026-09-22 04:00:00+00:00,,-0.029075075622603,,GOOGL|1d|rolling|state_slope=flat + state_vol=low_vol|2026-09-22,rolling,351.1600036621094,2026-09-29T21:38:16.555102+00:00,340.95,,True,long,-0.029075075622603,
GS,1h,cross_USO_state_slope=uptrend + state_slope=downtrend,2026-07-20 19:00:00+00:00,,0.0299528257204022,,GS|1h|rolling|cross_USO_state_slope=uptrend + state_slope=downtrend|2026-07-20 19:00:00+00:00,rolling,1055.66,2026-07-22T21:21:36.238294+00:00,1087.28,,True,long,0.0299528257204022,
GS,1h,cross_USO_state_slope=uptrend + state_slope=downtrend,2026-07-21 13:00:00+00:00,,0.0128830571676901,,GS|1h|rolling|cross_USO_state_slope=uptrend + state_slope=downtrend|2026-07-21 13:00:00+00:00,rolling,1070.01,2026-07-22T21:21:37.969627+00:00,1083.795,,True,long,0.0128830571676901,
GS,1h,cross_USO_state_slope=uptrend + state_slope=downtrend,2026-07-21 14:00:00+00:00,,0.0117439894159683,,GS|1h|rolling|cross_USO_state_slope=uptrend + state_slope=downtrend|2026-07-21 14:00:00+00:00,rolling,1073.315,2026-07-22T21:21:40.410799+00:00,1085.92,,True,long,0.0117439894159683,
GS,1h,cross_USO_state_slope=uptrend + state_slope=downtrend,2026-07-21 15:00:00+00:00,,0.0202366962459863,,GS|1h|rolling|cross_USO_state_slope=uptrend + state_slope=downtrend|2026-07-21 15:00:00+00:00,rolling,1080.71,2026-07-22T21:21:42.505869+00:00,1102.58,,True,long,0.0202366962459863,
HON,1h,cross_TLT_state_slope=flat + state_slope=downtrend,2026-07-29 18:00:00+00:00,,-0.0288703185338046,,HON|1h|rolling|cross_TLT_state_slope=flat + state_slope=downtrend|2026-07-29 18:00:00+00:00,rolling,244.715,2026-07-31T21:24:59.767505+00:00,237.65,,True,long,-0.0288703185338046,
HON,1h,cross_TLT_state_slope=flat + state_slope=downtrend,2026-07-29 19:00:00+00:00,,-0.0058035899349168,,HON|1h|rolling|cross_TLT_state_slope=flat + state_slope=downtrend|2026-07-29 19:00:00+00:00,rolling,241.23,2026-07-31T21:25:19.380143+00:00,239.83,,True,long,-0.0058035899349168,
HON,1h,cross_TLT_state_slope=uptrend + state_ext=stretched_down,2026-07-29 15:00:00+00:00,,0.0130871070055593,0.0111967427657408,HON|1h|rolling|cross_TLT_state_slope=uptrend + state_ext=stretched_down|2026-07-29 15:00:00+00:00,rolling,240.695,2026-07-31T21:24:51.090244+00:00,243.84500122070312,243.39,False,long,0.0130871070055593,0.0111967427657408
HON,1h,cross_TLT_state_vol=mid_vol + state_ext=stretched_down,2026-07-29 15:00:00+00:00,,0.0130871070055593,0.0111967427657408,HON|1h|rolling|cross_TLT_state_vol=mid_vol + state_ext=stretched_down|2026-07-29 15:00:00+00:00,rolling,240.695,2026-07-31T21:24:51.161915+00:00,243.84500122070312,243.39,False,long,0.0130871070055593,0.0111967427657408
HON,1h,cross_USO_state_ext=stretched_up + cross_TLT_state_slope=flat + state_ext=stretched_down,2026-07-29 19:00:00+00:00,,-0.0059072254694688,,HON|1h|rolling|cross_USO_state_ext=stretched_up + cross_TLT_state_slope=flat + state_ext=stretched_down|2026-07-29 19:00:00+00:00,rolling,241.23,2026-07-30T21:27:41.592408+00:00,239.805,,True,long,-0.0059072254694688,
HON,1h,cross_USO_state_slope=downtrend + state_ext=stretched_down,2026-07-29 15:00:00+00:00,,0.0130871070055593,0.0111967427657408,HON|1h|rolling|cross_USO_state_slope=downtrend + state_ext=stretched_down|2026-07-29 15:00:00+00:00,rolling,240.695,2026-07-31T21:24:51.147577+00:00,243.84500122070312,243.39,False,long,0.0130871070055593,0.0111967427657408
HON,1h,cross_USO_state_slope=flat + state_slope=downtrend,2026-07-31 13:00:00+00:00,,0.0191526165516953,,HON|1h|rolling|cross_USO_state_slope=flat + state_slope=downtrend|2026-07-31 13:00:00+00:00,rolling,239.915,2026-07-31T21:26:34.663823+00:00,244.51,,True,long,0.0191526165516953,
HON,1h,cross_USO_state_slope=flat + state_slope=downtrend,2026-07-31 14:00:00+00:00,,0.0063336990044087,,HON|1h|rolling|cross_USO_state_slope=flat + state_slope=downtrend|2026-07-31 14:00:00+00:00,rolling,241.565,2026-07-31T21:26:41.667778+00:00,243.095,,True,long,0.0063336990044087,
HON,1h,cross_USO_state_slope=flat + state_slope=downtrend,2026-07-31 15:00:00+00:00,,,,HON|1h|rolling|cross_USO_state_slope=flat + state_slope=downtrend|2026-07-31 15:00:00+00:00,rolling,243.09,2026-07-31T21:26:54.648510+00:00,,,True,long,,
HON,1h,cross_USO_state_vol=high_vol + state_ext=stretched_down,2026-07-29 15:00:00+00:00,,0.0130871070055593,0.0111967427657408,HON|1h|rolling|cross_USO_state_vol=high_vol + state_ext=stretched_down|2026-07-29 15:00:00+00:00,rolling,240.695,2026-07-31T21:24:51.133345+00:00,243.84500122070312,243.39,False,long,0.0130871070055593,0.0111967427657408
HON,1h,cross_USO_state_vol=high_vol + state_ext=stretched_down,2026-07-29 19:00:00+00:00,,-0.0058035899349168,,HON|1h|rolling|cross_USO_state_vol=high_vol + state_ext=stretched_down|2026-07-29 19:00:00+00:00,rolling,241.23,2026-07-31T21:25:22.537775+00:00,239.83,,True,long,-0.0058035899349168,
HON,1h,cross_USO_state_vol=high_vol + state_ext=stretched_down,2026-07-30 13:00:00+00:00,,0.0068679592947777,,HON|1h|rolling|cross_USO_state_vol=high_vol + state_ext=stretched_down|2026-07-30 13:00:00+00:00,rolling,238.79,2026-07-31T21:25:36.190422+00:00,240.43,,True,long,0.0068679592947777,
HON,1h,cross_USO_state_vol=high_vol + state_ext=stretched_down,2026-07-30 14:00:00+00:00,,0.0174836945087313,,HON|1h|rolling|cross_USO_state_vol=high_vol + state_ext=stretched_down|2026-07-30 14:00:00+00:00,rolling,237.65,2026-07-31T21:25:42.866742+00:00,241.805,,True,long,0.0174836945087313,
HON,1h,cross_USO_state_vol=high_vol + state_ext=stretched_down,2026-07-30 15:00:00+00:00,,0.0051742919389976,,HON|1h|rolling|cross_USO_state_vol=high_vol + state_ext=stretched_down|2026-07-30 15:00:00+00:00,rolling,238.68,2026-07-31T21:25:46.689719+00:00,239.915,,True,long,0.0051742919389976,
HON,1h,cross_USO_state_vol=high_vol + state_ext=stretched_down,2026-07-30 16:00:00+00:00,,0.0072342909560938,,HON|1h|rolling|cross_USO_state_vol=high_vol + state_ext=stretched_down|2026-07-30 16:00:00+00:00,rolling,239.83,2026-07-31T21:25:50.912809+00:00,241.565,,True,long,0.0072342909560938,
HON,1h,cross_USO_state_vol=high_vol + state_ext=stretched_down,2026-07-30 17:00:00+00:00,,0.0136986301369863,,HON|1h|rolling|cross_USO_state_vol=high_vol + state_ext=stretched_down|2026-07-30 17:00:00+00:00,rolling,239.805,2026-07-31T21:25:56.149691+00:00,243.09,,True,long,0.0136986301369863,
HON,1h,state_ext=neutral + state_slope=uptrend,2026-07-28 19:00:00+00:00,,-0.0212408473713451,-0.0288543311869761,HON|1h|rolling|state_ext=neutral + state_slope=uptrend|2026-07-28 19:00:00+00:00,rolling,246.93,2026-07-31T21:24:50.058595+00:00,241.6849975585937,239.805,False,long,-0.0212408473713451,-0.0288543311869761
HON,1h,state_ext=neutral + state_slope=uptrend,2026-07-29 13:00:00+00:00,,-0.0125580174157408,-0.0108809031967765,HON|1h|rolling|state_ext=neutral + state_slope=uptrend|2026-07-29 13:00:00+00:00,rolling,244.465,2026-07-31T21:24:50.426407+00:00,241.3950042724609,241.805,False,long,-0.0125580174157408,-0.0108809031967765
HON,1h,state_ext=neutral + state_slope=uptrend,2026-07-29 14:00:00+00:00,,-0.0015252021076584,-0.0042252359948885,HON|1h|rolling|state_ext=neutral + state_slope=uptrend|2026-07-29 14:00:00+00:00,rolling,242.59,2026-07-31T21:24:50.796863+00:00,242.22000122070312,241.565,False,long,-0.0015252021076584,-0.0042252359948885
HON,1h,state_ext=stretched_down + state_ret_1=ret_down,2026-07-29 15:00:00+00:00,,0.0130871070055593,0.0111967427657408,HON|1h|rolling|state_ext=stretched_down + state_ret_1=ret_down|2026-07-29 15:00:00+00:00,rolling,240.695,2026-07-31T21:24:51.104593+00:00,243.84500122070312,243.39,False,long,0.0130871070055593,0.0111967427657408
HON,1h,state_ext=stretched_down + state_ret_1=ret_down,2026-07-29 19:00:00+00:00,,-0.0058035899349168,,HON|1h|rolling|state_ext=stretched_down + state_ret_1=ret_down|2026-07-29 19:00:00+00:00,rolling,241.23,2026-07-31T21:25:21.826663+00:00,239.83,,True,long,-0.0058035899349168,
HON,1h,state_ext=stretched_down + state_ret_1=ret_down,2026-07-30 13:00:00+00:00,,0.0068679592947777,,HON|1h|rolling|state_ext=stretched_down + state_ret_1=ret_down|2026-07-30 13:00:00+00:00,rolling,238.79,2026-07-31T21:25:35.479375+00:00,240.43,,True,long,0.0068679592947777,
HON,1h,state_ext=stretched_down + state_ret_5=ret_down,2026-07-29 15:00:00+00:00,,0.0130871070055593,0.0111967427657408,HON|1h|rolling|state_ext=stretched_down + state_ret_5=ret_down|2026-07-29 15:00:00+00:00,rolling,240.695,2026-07-31T21:24:51.176248+00:00,243.84500122070312,243.39,False,long,0.0130871070055593,0.0111967427657408
HON,1h,state_ext=stretched_down + state_ret_5=ret_down,2026-07-30 14:00:00+00:00,,0.0174836945087313,,HON|1h|rolling|state_ext=stretched_down + state_ret_5=ret_down|2026-07-30 14:00:00+00:00,rolling,237.65,2026-07-31T21:25:43.198387+00:00,241.805,,True,long,0.0174836945087313,
HON,1h,state_ext=stretched_down + state_ret_5=ret_down,2026-07-30 15:00:00+00:00,,0.0051742919389976,,HON|1h|rolling|state_ext=stretched_down + state_ret_5=ret_down|2026-07-30 15:00:00+00:00,rolling,238.68,2026-07-31T21:25:47.045538+00:00,239.915,,True,long,0.0051742919389976,
HON,1h,state_ext=stretched_down + state_ret_5=ret_down,2026-07-30 16:00:00+00:00,,0.0072342909560938,,HON|1h|rolling|state_ext=stretched_down + state_ret_5=ret_down|2026-07-30 16:00:00+00:00,rolling,239.83,2026-07-31T21:25:51.279799+00:00,241.565,,True,long,0.0072342909560938,
HON,1h,state_session=afternoon + state_ext=stretched_down,2026-07-29 19:00:00+00:00,,-0.0058035899349168,,HON|1h|rolling|state_session=afternoon + state_ext=stretched_down|2026-07-29 19:00:00+00:00,rolling,241.23,2026-07-31T21:25:22.856593+00:00,239.83,,True,long,-0.0058035899349168,
HON,1h,state_session=afternoon + state_ret_5=ret_up,2026-07-30 19:00:00+00:00,,0.012716858625752,,HON|1h|rolling|state_session=afternoon + state_ret_5=ret_up|2026-07-30 19:00:00+00:00,rolling,241.805,2026-07-31T21:26:24.588462+00:00,244.88,,True,short,-0.012716858625752,
HON,1h,state_session=afternoon + state_ret_5=ret_up,2026-07-31 18:00:00+00:00,,,,HON|1h|rolling|state_session=afternoon + state_ret_5=ret_up|2026-07-31 18:00:00+00:00,rolling,244.51,2026-07-31T21:27:48.581828+00:00,,,True,short,,
HON,1h,state_session=afternoon + state_slope=uptrend,2026-07-28 19:00:00+00:00,,-0.0212408473713451,-0.0288543311869761,HON|1h|rolling|state_session=afternoon + state_slope=uptrend|2026-07-28 19:00:00+00:00,rolling,246.93,2026-07-31T21:24:50.073119+00:00,241.6849975585937,239.805,False,short,0.0212408473713451,0.0288543311869761
HON,1h,state_session=afternoon + state_volume=vol_quiet,2026-07-28 19:00:00+00:00,,-0.0212408473713451,-0.0288543311869761,HON|1h|rolling|state_session=afternoon + state_volume=vol_quiet|2026-07-28 19:00:00+00:00,rolling,246.93,2026-07-31T21:24:50.043864+00:00,241.6849975585937,239.805,False,long,-0.0212408473713451,-0.0288543311869761
HON,1h,state_session=afternoon + state_volume=vol_quiet,2026-07-29 18:00:00+00:00,,-0.0288703185338046,,HON|1h|rolling|state_session=afternoon + state_volume=vol_quiet|2026-07-29 18:00:00+00:00,rolling,244.715,2026-07-31T21:24:59.431506+00:00,237.65,,True,long,-0.0288703185338046,
HON,1h,state_session=afternoon + state_volume=vol_quiet,2026-07-29 19:00:00+00:00,,-0.0058035899349168,,HON|1h|rolling|state_session=afternoon + state_volume=vol_quiet|2026-07-29 19:00:00+00:00,rolling,241.23,2026-07-31T21:25:23.596911+00:00,239.83,,True,long,-0.0058035899349168,
HON,1h,state_session=afternoon + state_volume=vol_quiet,2026-07-30 18:00:00+00:00,,0.0123112756311607,,HON|1h|rolling|state_session=afternoon + state_volume=vol_quiet|2026-07-30 18:00:00+00:00,rolling,240.43,2026-07-31T21:26:03.535626+00:00,243.39,,True,long,0.0123112756311607,
HON,1h,state_session=afternoon + state_volume=vol_quiet,2026-07-30 19:00:00+00:00,,0.012716858625752,,HON|1h|rolling|state_session=afternoon + state_volume=vol_quiet|2026-07-30 19:00:00+00:00,rolling,241.805,2026-07-31T21:26:25.223788+00:00,244.88,,True,long,0.012716858625752,
HON,1h,state_session=afternoon + state_volume=vol_quiet,2026-07-31 18:00:00+00:00,,,,HON|1h|rolling|state_session=afternoon + state_volume=vol_quiet|2026-07-31 18:00:00+00:00,rolling,244.51,2026-07-31T21:27:49.273632+00:00,,,True,long,,
HON,1h,state_session=lunch + state_ret_5=ret_up,2026-07-31 16:00:00+00:00,,,,HON|1h|rolling|state_session=lunch + state_ret_5=ret_up|2026-07-31 16:00:00+00:00,rolling,243.39,2026-07-31T21:27:10.033532+00:00,,,True,short,,
HON,1h,state_session=lunch + state_ret_5=ret_up,2026-07-31 17:00:00+00:00,,,,HON|1h|rolling|state_session=lunch + state_ret_5=ret_up|2026-07-31 17:00:00+00:00,rolling,244.88,2026-07-31T21:27:30.337059+00:00,,,True,short,,
HON,1h,state_session=morning + state_ext=neutral + state_slope=uptrend,2026-07-29 13:00:00+00:00,,-0.0125580174157408,-0.0108809031967765,HON|1h|rolling|state_session=morning + state_ext=neutral + state_slope=uptrend|2026-07-29 13:00:00+00:00,rolling,244.465,2026-07-31T21:24:50.411978+00:00,241.3950042724609,241.805,False,long,-0.0125580174157408,-0.0108809031967765
HON,1h,state_session=morning + state_ext=neutral + state_slope=uptrend,2026-07-29 14:00:00+00:00,,-0.0015252021076584,-0.0042252359948885,HON|1h|rolling|state_session=morning + state_ext=neutral + state_slope=uptrend|2026-07-29 14:00:00+00:00,rolling,242.59,2026-07-31T21:24:50.782432+00:00,242.22000122070312,241.565,False,long,-0.0015252021076584,-0.0042252359948885
HON,1h,state_session=morning + state_slope=downtrend,2026-07-30 13:00:00+00:00,,0.0068679592947777,,HON|1h|rolling|state_session=morning + state_slope=downtrend|2026-07-30 13:00:00+00:00,rolling,238.79,2026-07-31T21:25:36.861726+00:00,240.43,,True,long,0.0068679592947777,
HON,1h,state_session=morning + state_slope=downtrend,2026-07-30 14:00:00+00:00,,0.0174836945087313,,HON|1h|rolling|state_session=morning + state_slope=downtrend|2026-07-30 14:00:00+00:00,rolling,237.65,2026-07-31T21:25:43.900992+00:00,241.805,,True,long,0.0174836945087313,
HON,1h,state_session=morning + state_slope=downtrend,2026-07-30 15:00:00+00:00,,0.0051742919389976,,HON|1h|rolling|state_session=morning + state_slope=downtrend|2026-07-30 15:00:00+00:00,rolling,238.68,2026-07-31T21:25:47.746284+00:00,239.915,,True,long,0.0051742919389976,
HON,1h,state_session=morning + state_slope=downtrend,2026-07-31 13:00:00+00:00,,0.0191526165516953,,HON|1h|rolling|state_session=morning + state_slope=downtrend|2026-07-31 13:00:00+00:00,rolling,239.915,2026-07-31T21:26:34.990036+00:00,244.51,,True,long,0.0191526165516953,
HON,1h,state_session=morning + state_slope=downtrend,2026-07-31 14:00:00+00:00,,0.0063336990044087,,HON|1h|rolling|state_session=morning + state_slope=downtrend|2026-07-31 14:00:00+00:00,rolling,241.565,2026-07-31T21:26:41.982455+00:00,243.095,,True,long,0.0063336990044087,
HON,1h,state_session=morning + state_slope=downtrend,2026-07-31 15:00:00+00:00,,,,HON|1h|rolling|state_session=morning + state_slope=downtrend|2026-07-31 15:00:00+00:00,rolling,243.09,2026-07-31T21:26:55.336328+00:00,,,True,long,,
HON,1h,state_volume=vol_quiet + state_ext=stretched_down,2026-07-29 15:00:00+00:00,,0.0130871070055593,0.0111967427657408,HON|1h|rolling|state_volume=vol_quiet + state_ext=stretched_down|2026-07-29 15:00:00+00:00,rolling,240.695,2026-07-31T21:24:51.119078+00:00,243.84500122070312,243.39,False,long,0.0130871070055593,0.0111967427657408
HON,1h,state_volume=vol_quiet + state_ext=stretched_down,2026-07-29 19:00:00+00:00,,-0.0058035899349168,,HON|1h|rolling|state_volume=vol_quiet + state_ext=stretched_down|2026-07-29 19:00:00+00:00,rolling,241.23,2026-07-31T21:25:22.194098+00:00,239.83,,True,long,-0.0058035899349168,
HON,1h,state_volume=vol_quiet + state_ext=stretched_down,2026-07-30 13:00:00+00:00,,0.0068679592947777,,HON|1h|rolling|state_volume=vol_quiet + state_ext=stretched_down|2026-07-30 13:00:00+00:00,rolling,238.79,2026-07-31T21:25:35.832646+00:00,240.43,,True,long,0.0068679592947777,
HON,1h,state_volume=vol_quiet + state_ext=stretched_down,2026-07-30 14:00:00+00:00,,0.0174836945087313,,HON|1h|rolling|state_volume=vol_quiet + state_ext=stretched_down|2026-07-30 14:00:00+00:00,rolling,237.65,2026-07-31T21:25:42.506301+00:00,241.805,,True,long,0.0174836945087313,
HON,1h,state_volume=vol_quiet + state_ext=stretched_down,2026-07-30 15:00:00+00:00,,0.0051742919389976,,HON|1h|rolling|state_volume=vol_quiet + state_ext=stretched_down|2026-07-30 15:00:00+00:00,rolling,238.68,2026-07-31T21:25:46.319138+00:00,239.915,,True,long,0.0051742919389976,
HON,1h,state_volume=vol_quiet + state_ext=stretched_down,2026-07-30 16:00:00+00:00,,0.0072342909560938,,HON|1h|rolling|state_volume=vol_quiet + state_ext=stretched_down|2026-07-30 16:00:00+00:00,rolling,239.83,2026-07-31T21:25:50.606661+00:00,241.565,,True,long,0.0072342909560938,
HON,1h,state_volume=vol_quiet + state_ext=stretched_down,2026-07-30 17:00:00+00:00,,0.0136986301369863,,HON|1h|rolling|state_volume=vol_quiet + state_ext=stretched_down|2026-07-30 17:00:00+00:00,rolling,239.805,2026-07-31T21:25:55.823890+00:00,243.09,,True,long,0.0136986301369863,
HON,1h,state_volume=vol_quiet + state_ext=stretched_down + state_slope=downtrend,2026-07-29 19:00:00+00:00,,-0.0059072254694688,,HON|1h|rolling|state_volume=vol_quiet + state_ext=stretched_down + state_slope=downtrend|2026-07-29 19:00:00+00:00,rolling,241.23,2026-07-30T21:27:44.741693+00:00,239.805,,True,long,-0.0059072254694688,
HON,1h,state_volume=vol_quiet + state_ext=stretched_down + state_slope=downtrend,2026-07-30 13:00:00+00:00,,0.0068679592947777,,HON|1h|rolling|state_volume=vol_quiet + state_ext=stretched_down + state_slope=downtrend|2026-07-30 13:00:00+00:00,rolling,238.79,2026-07-30T21:27:59.443080+00:00,240.43,,True,long,0.0068679592947777,
HON,1h,state_volume=vol_quiet + state_ext=stretched_down + state_slope=downtrend,2026-07-30 14:00:00+00:00,,0.0174836945087313,,HON|1h|rolling|state_volume=vol_quiet + state_ext=stretched_down + state_slope=downtrend|2026-07-30 14:00:00+00:00,rolling,237.65,2026-07-30T21:28:07.151451+00:00,241.805,,True,long,0.0174836945087313,
HON,1h,state_volume=vol_quiet + state_ext=stretched_down + state_slope=downtrend,2026-07-30 15:00:00+00:00,,,,HON|1h|rolling|state_volume=vol_quiet + state_ext=stretched_down + state_slope=downtrend|2026-07-30 15:00:00+00:00,rolling,238.68,2026-07-30T21:28:13.113572+00:00,,,True,long,,
HON,1h,state_volume=vol_quiet + state_ext=stretched_down + state_slope=downtrend,2026-07-30 16:00:00+00:00,,,,HON|1h|rolling|state_volume=vol_quiet + state_ext=stretched_down + state_slope=downtrend|2026-07-30 16:00:00+00:00,rolling,239.83,2026-07-30T21:28:23.602170+00:00,,,True,long,,
HON,1h,state_volume=vol_quiet + state_ext=stretched_down + state_slope=downtrend,2026-07-30 17:00:00+00:00,,,,HON|1h|rolling|state_volume=vol_quiet + state_ext=stretched_down + state_slope=downtrend|2026-07-30 17:00:00+00:00,rolling,239.805,2026-07-30T21:28:36.865184+00:00,,,True,long,,
HON,1h,state_volume=vol_quiet + state_slope=downtrend,2026-07-29 18:00:00+00:00,,-0.0288703185338046,,HON|1h|rolling|state_volume=vol_quiet + state_slope=downtrend|2026-07-29 18:00:00+00:00,rolling,244.715,2026-07-31T21:24:59.096092+00:00,237.65,,True,long,-0.0288703185338046,
HON,1h,state_volume=vol_quiet + state_slope=downtrend,2026-07-29 19:00:00+00:00,,-0.0058035899349168,,HON|1h|rolling|state_volume=vol_quiet + state_slope=downtrend|2026-07-29 19:00:00+00:00,rolling,241.23,2026-07-31T21:25:23.230181+00:00,239.83,,True,long,-0.0058035899349168,
HON,1h,state_volume=vol_quiet + state_slope=downtrend,2026-07-30 13:00:00+00:00,,0.0068679592947777,,HON|1h|rolling|state_volume=vol_quiet + state_slope=downtrend|2026-07-30 13:00:00+00:00,rolling,238.79,2026-07-31T21:25:36.567083+00:00,240.43,,True,long,0.0068679592947777,
HON,1h,state_volume=vol_quiet + state_slope=downtrend,2026-07-30 14:00:00+00:00,,0.0174836945087313,,HON|1h|rolling|state_volume=vol_quiet + state_slope=downtrend|2026-07-30 14:00:00+00:00,rolling,237.65,2026-07-31T21:25:43.537326+00:00,241.805,,True,long,0.0174836945087313,
HON,1h,state_volume=vol_quiet + state_slope=downtrend,2026-07-30 15:00:00+00:00,,0.0051742919389976,,HON|1h|rolling|state_volume=vol_quiet + state_slope=downtrend|2026-07-30 15:00:00+00:00,rolling,238.68,2026-07-31T21:25:47.381545+00:00,239.915,,True,long,0.0051742919389976,
HON,1h,state_volume=vol_quiet + state_slope=downtrend,2026-07-30 16:00:00+00:00,,0.0072342909560938,,HON|1h|rolling|state_volume=vol_quiet + state_slope=downtrend|2026-07-30 16:00:00+00:00,rolling,239.83,2026-07-31T21:25:51.574225+00:00,241.565,,True,long,0.0072342909560938,
HON,1h,state_volume=vol_quiet + state_slope=downtrend,2026-07-30 17:00:00+00:00,,0.0136986301369863,,HON|1h|rolling|state_volume=vol_quiet + state_slope=downtrend|2026-07-30 17:00:00+00:00,rolling,239.805,2026-07-31T21:25:56.511225+00:00,243.09,,True,long,0.0136986301369863,
HON,1h,state_volume=vol_quiet + state_slope=downtrend,2026-07-30 18:00:00+00:00,,0.0123112756311607,,HON|1h|rolling|state_volume=vol_quiet + state_slope=downtrend|2026-07-30 18:00:00+00:00,rolling,240.43,2026-07-31T21:26:03.236828+00:00,243.39,,True,long,0.0123112756311607,
HON,1h,state_volume=vol_quiet + state_slope=downtrend,2026-07-30 19:00:00+00:00,,0.012716858625752,,HON|1h|rolling|state_volume=vol_quiet + state_slope=downtrend|2026-07-30 19:00:00+00:00,rolling,241.805,2026-07-31T21:26:24.862992+00:00,244.88,,True,long,0.012716858625752,
HON,1h,state_volume=vol_quiet + state_slope=downtrend,2026-07-31 13:00:00+00:00,,0.0191526165516953,,HON|1h|rolling|state_volume=vol_quiet + state_slope=downtrend|2026-07-31 13:00:00+00:00,rolling,239.915,2026-07-31T21:26:34.317882+00:00,244.51,,True,long,0.0191526165516953,
HON,1h,state_volume=vol_quiet + state_slope=downtrend,2026-07-31 14:00:00+00:00,,0.0063336990044087,,HON|1h|rolling|state_volume=vol_quiet + state_slope=downtrend|2026-07-31 14:00:00+00:00,rolling,241.565,2026-07-31T21:26:41.317880+00:00,243.095,,True,long,0.0063336990044087,
HON,1h,state_volume=vol_quiet + state_slope=downtrend,2026-07-31 15:00:00+00:00,,,,HON|1h|rolling|state_volume=vol_quiet + state_slope=downtrend|2026-07-31 15:00:00+00:00,rolling,243.09,2026-07-31T21:26:53.892795+00:00,,,True,long,,
HUM,15m,cross_USO_state_ext=neutral + cross_TLT_state_slope=flat + state_ext=stretched_up,2026-08-12 17:00:00+00:00,,-0.0037769039735098,-0.0047340645695364,HUM|15m|rolling|cross_USO_state_ext=neutral + cross_TLT_state_slope=flat + state_ext=stretched_up|2026-08-12 17:00:00+00:00,rolling,386.56,2026-08-20T21:32:35.552603+00:00,385.1,384.73,False,long,-0.0037769039735098,-0.0047340645695364
HUM,15m,state_ext=stretched_up + state_ret_5=ret_up,2026-08-20 14:15:00+00:00,,-0.0133512730283585,-0.0153694887186918,HUM|15m|rolling|state_ext=stretched_up + state_ret_5=ret_up|2026-08-20 14:15:00+00:00,rolling,386.48,2026-08-20T21:33:18.998646+00:00,381.32,380.54,False,long,-0.0133512730283585,-0.0153694887186918
HUM,15m,state_ext=stretched_up + state_vol=high_vol,2026-08-20 14:15:00+00:00,,-0.0133512730283585,-0.0153694887186918,HUM|15m|rolling|state_ext=stretched_up + state_vol=high_vol|2026-08-20 14:15:00+00:00,rolling,386.48,2026-08-20T21:33:19.014538+00:00,381.32,380.54,False,long,-0.0133512730283585,-0.0153694887186918
HUM,15m,state_session=morning + state_vol=high_vol,2026-08-17 14:00:00+00:00,,-0.0004150669295424,-0.0063297706755214,HUM|15m|rolling|state_session=morning + state_vol=high_vol|2026-08-17 14:00:00+00:00,rolling,385.48,2026-08-24T21:41:46.208719+00:00,385.32,383.04,False,long,-0.0004150669295424,-0.0063297706755214
HUM,15m,state_session=morning + state_vol=high_vol,2026-08-17 14:15:00+00:00,,0.000534034959752,-0.0032563107301951,HUM|15m|rolling|state_session=morning + state_vol=high_vol|2026-08-17 14:15:00+00:00,rolling,383.87,2026-08-24T21:41:46.317756+00:00,384.075,382.62,False,long,0.000534034959752,-0.0032563107301951
HUM,15m,state_session=morning + state_vol=high_vol,2026-08-17 15:00:00+00:00,,0.0011727912431587,0.0147511076361741,HUM|15m|rolling|state_session=morning + state_vol=high_vol|2026-08-17 15:00:00+00:00,rolling,383.7,2026-08-24T21:41:46.334739+00:00,384.15,389.36,False,long,0.0011727912431587,0.0147511076361741
HUM,15m,state_session=morning + state_vol=high_vol,2026-08-17 15:15:00+00:00,,0.0046114765843809,0.010616817560086,HUM|15m|rolling|state_session=morning + state_vol=high_vol|2026-08-17 15:15:00+00:00,rolling,383.825,2026-08-24T21:41:46.408118+00:00,385.595,387.9,False,long,0.0046114765843809,0.010616817560086
HUM,15m,state_session=morning + state_vol=high_vol,2026-08-20 14:15:00+00:00,,-0.0133512730283585,-0.0153694887186918,HUM|15m|rolling|state_session=morning + state_vol=high_vol|2026-08-20 14:15:00+00:00,rolling,386.48,2026-08-24T21:41:58.001675+00:00,381.32,380.54,False,long,-0.0133512730283585,-0.0153694887186918
HUM,15m,state_session=morning + state_vol=high_vol,2026-08-20 15:15:00+00:00,,0.0124226062390262,0.0159870097295014,HUM|15m|rolling|state_session=morning + state_vol=high_vol|2026-08-20 15:15:00+00:00,rolling,378.745,2026-08-24T21:41:59.439490+00:00,383.45,384.8,False,long,0.0124226062390262,0.0159870097295014
HUM,15m,state_session=morning + state_vol=high_vol,2026-08-24 14:15:00+00:00,,-0.0089828848334878,-0.0068048252397153,HUM|15m|rolling|state_session=morning + state_vol=high_vol|2026-08-24 14:15:00+00:00,rolling,387.96,2026-08-24T21:42:35.745299+00:00,384.475,385.32,False,long,-0.0089828848334878,-0.0068048252397153
HUM,15m,state_session=morning + state_vol=high_vol,2026-08-24 15:15:00+00:00,,-0.0017972260207071,,HUM|15m|rolling|state_session=morning + state_vol=high_vol|2026-08-24 15:15:00+00:00,rolling,383.925,2026-08-24T21:42:42.043394+00:00,383.235,,True,long,-0.0017972260207071,
HUM,15m,state_volume=vol_surge + state_ext=stretched_up,2026-08-12 17:00:00+00:00,,-0.0037769039735098,-0.0047340645695364,HUM|15m|rolling|state_volume=vol_surge + state_ext=stretched_up|2026-08-12 17:00:00+00:00,rolling,386.56,2026-08-19T21:31:29.304887+00:00,385.1,384.73,False,long,-0.0037769039735098,-0.0047340645695364
HUM,1h,cross_TLT_state_slope=flat + state_ext=stretched_up,2026-07-13 13:00:00+00:00,,0.0207906442101053,,HUM|1h|cross_TLT_state_slope=flat + state_ext=stretched_up|2026-07-13 13:00:00+00:00,insample,400.18,2026-07-13T21:18:31.532671+00:00,408.5,,True,long,0.0207906442101053,
HUM,1h,cross_TLT_state_slope=flat + state_ext=stretched_up,2026-07-13 14:00:00+00:00,,-0.0042689958046074,,HUM|1h|cross_TLT_state_slope=flat + state_ext=stretched_up|2026-07-13 14:00:00+00:00,insample,407.59,2026-07-13T21:18:32.258985+00:00,405.85,,True,long,-0.0042689958046074,
HUM,1h,cross_TLT_state_slope=flat + state_ext=stretched_up,2026-07-13 15:00:00+00:00,,,,HUM|1h|cross_TLT_state_slope=flat + state_ext=stretched_up|2026-07-13 15:00:00+00:00,insample,406.82,2026-07-13T21:18:32.955454+00:00,,,True,long,,
HUM,1h,cross_TLT_state_slope=flat + state_ext=stretched_up,2026-07-20 13:00:00+00:00,,-0.01025520781913325,-0.01880738473689403,HUM|1h|rolling|cross_TLT_state_slope=flat + state_ext=stretched_up|2026-07-20 13:00:00+00:00,rolling,405.16,2026-10-07T19:42:26.492696+00:00,401.005,397.54,False,long,-0.01025520781913325,-0.01880738473689403
HUM,1h,cross_TLT_state_slope=flat + state_ext=stretched_up,2026-10-05 15:00:00+00:00,,0.02718377149280804,,HUM|1h|rolling|cross_TLT_state_slope=flat + state_ext=stretched_up|2026-10-05 15:00:00+00:00,rolling,391.41,2026-10-07T19:42:51.850603+00:00,402.05,,True,long,0.02718377149280804,
HUM,1h,cross_TLT_state_slope=flat + state_ext=stretched_up,2026-10-06 19:00:00+00:00,,0.0036854732988695904,,HUM|1h|rolling|cross_TLT_state_slope=flat + state_ext=stretched_up|2026-10-06 19:00:00+00:00,rolling,404.29,2026-10-07T19:43:18.617867+00:00,405.78,,True,long,0.0036854732988695904,
HUM,1h,cross_TLT_state_slope=flat + state_ext=stretched_up,2026-10-07 13:00:00+00:00,,-0.007041733349747559,,HUM|1h|rolling|cross_TLT_state_slope=flat + state_ext=stretched_up|2026-10-07 13:00:00+00:00,rolling,406.15,2026-10-07T19:43:23.225454+00:00,403.29,,True,long,-0.007041733349747559,
HUM,1h,cross_TLT_state_slope=flat + state_ext=stretched_up,2026-10-07 14:00:00+00:00,,-0.023398410673991954,,HUM|1h|rolling|cross_TLT_state_slope=flat + state_ext=stretched_up|2026-10-07 14:00:00+00:00,rolling,407.72,2026-10-07T19:43:27.139820+00:00,398.18,,True,long,-0.023398410673991954,
HUM,1h,cross_TLT_state_slope=flat + state_ext=stretched_up,2026-10-07 15:00:00+00:00,,,,HUM|1h|rolling|cross_TLT_state_slope=flat + state_ext=stretched_up|2026-10-07 15:00:00+00:00,rolling,403.81,2026-10-07T19:43:29.247156+00:00,,,True,long,,
HUM,1h,cross_TLT_state_slope=flat + state_ext=stretched_up,2026-10-07 17:00:00+00:00,,,,HUM|1h|rolling|cross_TLT_state_slope=flat + state_ext=stretched_up|2026-10-07 17:00:00+00:00,rolling,405.78,2026-10-07T19:43:34.189223+00:00,,,True,long,,
HUM,1h,cross_TLT_state_slope=flat + state_ext=stretched_up,2026-10-07 18:00:00+00:00,,,,HUM|1h|rolling|cross_TLT_state_slope=flat + state_ext=stretched_up|2026-10-07 18:00:00+00:00,rolling,407.15,2026-10-07T19:43:37.063473+00:00,,,True,long,,
HUM,1h,cross_USO_state_ext=neutral + state_ext=stretched_up,2026-08-24 14:00:00+00:00,,-0.004214351995051,0.0021909475203629,HUM|1h|rolling|cross_USO_state_ext=neutral + state_ext=stretched_up|2026-08-24 14:00:00+00:00,rolling,387.96,2026-09-04T21:37:45.719827+00:00,386.325,388.81,False,long,-0.004214351995051,0.0021909475203629
HUM,1h,cross_USO_state_ext=neutral + state_ext=stretched_up,2026-08-27 18:00:00+00:00,,-0.0121572489016815,-0.0143160127253446,HUM|1h|rolling|cross_USO_state_ext=neutral + state_ext=stretched_up|2026-08-27 18:00:00+00:00,rolling,396.06,2026-09-04T21:37:53.205475+00:00,391.245,390.39,False,long,-0.0121572489016815,-0.0143160127253446
HUM,1h,cross_USO_state_ext=neutral + state_ext=stretched_up,2026-09-03 16:00:00+00:00,,-0.0257691934388042,,HUM|1h|rolling|cross_USO_state_ext=neutral + state_ext=stretched_up|2026-09-03 16:00:00+00:00,rolling,412.12,2026-09-04T21:38:15.853909+00:00,401.5,,True,long,-0.0257691934388042,
HUM,1h,cross_USO_state_ext=neutral + state_ext=stretched_up,2026-09-03 17:00:00+00:00,,-0.0138699131453108,,HUM|1h|rolling|cross_USO_state_ext=neutral + state_ext=stretched_up|2026-09-03 17:00:00+00:00,rolling,409.88,2026-09-04T21:38:18.688810+00:00,404.195,,True,long,-0.0138699131453108,
HUM,1h,cross_USO_state_ext=neutral + state_ext=stretched_up,2026-09-03 18:00:00+00:00,,-0.0099575699605131,,HUM|1h|rolling|cross_USO_state_ext=neutral + state_ext=stretched_up|2026-09-03 18:00:00+00:00,rolling,407.73,2026-09-04T21:38:21.146913+00:00,403.67,,True,long,-0.0099575699605131,
HUM,1h,cross_USO_state_slope=downtrend + cross_TLT_state_slope=flat + state_ext=stretched_up,2026-10-06 19:00:00+00:00,,0.0036854732988695904,,HUM|1h|rolling|cross_USO_state_slope=downtrend + cross_TLT_state_slope=flat + state_ext=stretched_up|2026-10-06 19:00:00+00:00,rolling,404.29,2026-10-07T19:43:18.323802+00:00,405.78,,True,long,0.0036854732988695904,
HUM,1h,cross_USO_state_slope=downtrend + cross_TLT_state_slope=flat + state_ext=stretched_up,2026-10-07 13:00:00+00:00,,-0.007041733349747559,,HUM|1h|rolling|cross_USO_state_slope=downtrend + cross_TLT_state_slope=flat + state_ext=stretched_up|2026-10-07 13:00:00+00:00,rolling,406.15,2026-10-07T19:43:23.105210+00:00,403.29,,True,long,-0.007041733349747559,
HUM,1h,cross_USO_state_slope=downtrend + cross_TLT_state_slope=flat + state_ext=stretched_up,2026-10-07 14:00:00+00:00,,-0.023398410673991954,,HUM|1h|rolling|cross_USO_state_slope=downtrend + cross_TLT_state_slope=flat + state_ext=stretched_up|2026-10-07 14:00:00+00:00,rolling,407.72,2026-10-07T19:43:26.951610+00:00,398.18,,True,long,-0.023398410673991954,
HUM,1h,state_session=lunch + state_ext=stretched_up,2026-07-21 16:00:00+00:00,,-0.0017208561982968,-0.0226909555768615,HUM|1h|rolling|state_session=lunch + state_ext=stretched_up|2026-07-21 16:00:00+00:00,rolling,406.77,2026-07-24T21:21:08.972649+00:00,406.0700073242188,397.54,False,long,-0.0017208561982968,-0.0226909555768615
HUM,1h,state_volume=vol_quiet + state_ext=stretched_up,2026-07-21 13:00:00+00:00,,0.0063004936112887,-0.0165048303807476,HUM|1h|rolling|state_volume=vol_quiet + state_ext=stretched_up|2026-07-21 13:00:00+00:00,rolling,404.73,2026-07-24T21:21:08.926823+00:00,407.2799987792969,398.05,False,long,0.0063004936112887,-0.0165048303807476
HUM,1h,state_volume=vol_quiet + state_ext=stretched_up,2026-07-21 15:00:00+00:00,,0.0012067689814601,-0.0158601157492919,HUM|1h|rolling|state_volume=vol_quiet + state_ext=stretched_up|2026-07-21 15:00:00+00:00,rolling,406.05,2026-07-24T21:21:08.949570+00:00,406.5400085449219,399.61,False,long,0.0012067689814601,-0.0158601157492919
HUM,1h,state_volume=vol_quiet + state_ext=stretched_up,2026-07-21 16:00:00+00:00,,-0.0017208561982968,-0.0226909555768615,HUM|1h|rolling|state_volume=vol_quiet + state_ext=stretched_up|2026-07-21 16:00:00+00:00,rolling,406.77,2026-07-24T21:21:08.965075+00:00,406.0700073242188,397.54,False,long,-0.0017208561982968,-0.0226909555768615
IBIT,15m,state_session=afternoon + state_slope=uptrend + state_vol=mid_vol,2026-08-18 18:00:00+00:00,,0.000682407533779239,0.06100723351985815,IBIT|15m|rolling|state_session=afternoon + state_slope=uptrend + state_vol=mid_vol|2026-08-18 18:00:00+00:00,rolling,36.635,2026-10-07T19:42:27.344643+00:00,36.66,38.87,False,short,-0.000682407533779239,-0.06100723351985815
IBIT,15m,state_session=afternoon + state_slope=uptrend + state_vol=mid_vol,2026-08-27 18:00:00+00:00,,0.0011018069634198824,-0.029528426619656267,IBIT|15m|rolling|state_session=afternoon + state_slope=uptrend + state_vol=mid_vol|2026-08-27 18:00:00+00:00,rolling,45.38,2026-10-07T19:42:28.621509+00:00,45.43,44.04,False,short,-0.0011018069634198824,0.029528426619656267
IBIT,15m,state_session=afternoon + state_slope=uptrend + state_vol=mid_vol,2026-08-27 18:15:00+00:00,,0.0012146643109540722,-0.027164310954063686,IBIT|15m|rolling|state_session=afternoon + state_slope=uptrend + state_vol=mid_vol|2026-08-27 18:15:00+00:00,rolling,45.28,2026-10-07T19:42:28.657565+00:00,45.335,44.05,False,short,-0.0012146643109540722,0.027164310954063686
IBIT,15m,state_session=afternoon + state_slope=uptrend + state_vol=mid_vol,2026-09-03 19:15:00+00:00,,-0.02682821289485071,-0.026287321505841565,IBIT|15m|rolling|state_session=afternoon + state_slope=uptrend + state_vol=mid_vol|2026-09-03 19:15:00+00:00,rolling,46.22,2026-10-07T19:42:29.392759+00:00,44.98,45.005,False,short,0.02682821289485071,0.026287321505841565
IBIT,15m,state_session=afternoon + state_slope=uptrend + state_vol=mid_vol,2026-09-03 19:30:00+00:00,,-0.02631863966208159,-0.024044189320914122,IBIT|15m|rolling|state_session=afternoon + state_slope=uptrend + state_vol=mid_vol|2026-09-03 19:30:00+00:00,rolling,46.165,2026-10-07T19:42:29.469100+00:00,44.95,45.055,False,short,0.02631863966208159,0.024044189320914122
ICE,1h,cross_USO_state_slope=downtrend + state_ext=stretched_up,2026-08-13 19:00:00+00:00,,-0.007022290941888998,0.01523643860327284,ICE|1h|rolling|cross_USO_state_slope=downtrend + state_ext=stretched_up|2026-08-13 19:00:00+00:00,rolling,155.22,2026-10-07T19:42:27.068312+00:00,154.13,157.585,False,long,-0.007022290941888998,0.01523643860327284
ICE,1h,cross_USO_state_slope=downtrend + state_ext=stretched_up,2026-08-14 15:00:00+00:00,,0.005008401189091183,0.031149024169574657,ICE|1h|rolling|cross_USO_state_slope=downtrend + state_ext=stretched_up|2026-08-14 15:00:00+00:00,rolling,154.74,2026-10-07T19:42:27.156960+00:00,155.515,159.56,False,long,0.005008401189091183,0.031149024169574657
ICE,1h,cross_USO_state_slope=downtrend + state_ext=stretched_up,2026-09-23 14:00:00+00:00,,-0.004614748098405452,-0.013207727316126072,ICE|1h|rolling|cross_USO_state_slope=downtrend + state_ext=stretched_up|2026-09-23 14:00:00+00:00,rolling,157.105,2026-10-07T19:42:36.380073+00:00,156.38,155.03,False,long,-0.004614748098405452,-0.013207727316126072
ICE,1h,cross_USO_state_slope=downtrend + state_ext=stretched_up,2026-10-06 14:00:00+00:00,,-0.0033438301464142617,,ICE|1h|rolling|cross_USO_state_slope=downtrend + state_ext=stretched_up|2026-10-06 14:00:00+00:00,rolling,154.015,2026-10-07T19:43:01.434694+00:00,153.5,,True,long,-0.0033438301464142617,
ICE,1h,cross_USO_state_slope=downtrend + state_ext=stretched_up,2026-10-06 15:00:00+00:00,,-0.016137899809191003,,ICE|1h|rolling|cross_USO_state_slope=downtrend + state_ext=stretched_up|2026-10-06 15:00:00+00:00,rolling,154.605,2026-10-07T19:43:02.400493+00:00,152.11,,True,long,-0.016137899809191003,
ICE,1h,cross_USO_state_slope=downtrend + state_ext=stretched_up,2026-10-06 16:00:00+00:00,,-0.01106770833333326,,ICE|1h|rolling|cross_USO_state_slope=downtrend + state_ext=stretched_up|2026-10-06 16:00:00+00:00,rolling,153.6,2026-10-07T19:43:04.440261+00:00,151.9,,True,long,-0.01106770833333326,
ICE,1h,cross_USO_state_slope=downtrend + state_ext=stretched_up,2026-10-06 17:00:00+00:00,,-0.010621021177081968,,ICE|1h|rolling|cross_USO_state_slope=downtrend + state_ext=stretched_up|2026-10-06 17:00:00+00:00,rolling,153.94,2026-10-07T19:43:07.253974+00:00,152.305,,True,long,-0.010621021177081968,
ICE,1h,cross_USO_state_slope=downtrend + state_ext=stretched_up,2026-10-06 18:00:00+00:00,,-0.010887175166871876,,ICE|1h|rolling|cross_USO_state_slope=downtrend + state_ext=stretched_up|2026-10-06 18:00:00+00:00,rolling,154.31,2026-10-07T19:43:08.986082+00:00,152.63,,True,long,-0.010887175166871876,
ICE,1h,cross_USO_state_vol=mid_vol + state_ext=stretched_up,2026-08-13 18:00:00+00:00,,0.0036081133792744,0.0256468599661943,ICE|1h|rolling|cross_USO_state_vol=mid_vol + state_ext=stretched_up|2026-08-13 18:00:00+00:00,rolling,153.82,2026-08-21T21:32:35.411820+00:00,154.375,157.765,False,long,0.0036081133792744,0.0256468599661943
ICE,1h,cross_USO_state_vol=mid_vol + state_ext=stretched_up,2026-08-13 19:00:00+00:00,,-0.0070222909418889,0.0152364386032728,ICE|1h|rolling|cross_USO_state_vol=mid_vol + state_ext=stretched_up|2026-08-13 19:00:00+00:00,rolling,155.22,2026-08-21T21:32:35.503403+00:00,154.13,157.585,False,long,-0.0070222909418889,0.0152364386032728
ICE,1h,cross_USO_state_vol=mid_vol + state_ext=stretched_up,2026-08-14 15:00:00+00:00,,0.0050084011890911,0.0311490241695746,ICE|1h|rolling|cross_USO_state_vol=mid_vol + state_ext=stretched_up|2026-08-14 15:00:00+00:00,rolling,154.74,2026-08-21T21:32:37.961448+00:00,155.515,159.56,False,long,0.0050084011890911,0.0311490241695746
ICE,1h,cross_USO_state_vol=mid_vol + state_ext=stretched_up,2026-08-17 13:00:00+00:00,,-0.0051763495482749,0.011027875124586,ICE|1h|rolling|cross_USO_state_vol=mid_vol + state_ext=stretched_up|2026-08-17 13:00:00+00:00,rolling,155.515,2026-08-21T21:32:40.144978+00:00,154.71,157.23,False,long,-0.0051763495482749,0.011027875124586
ICE,1h,cross_USO_state_vol=mid_vol + state_ext=stretched_up,2026-08-18 16:00:00+00:00,,0.0142384947876939,0.0295893719806763,ICE|1h|rolling|cross_USO_state_vol=mid_vol + state_ext=stretched_up|2026-08-18 16:00:00+00:00,rolling,157.32,2026-08-21T21:32:45.123611+00:00,159.56,161.975,False,long,0.0142384947876939,0.0295893719806763
ICE,1h,cross_USO_state_vol=mid_vol + state_ext=stretched_up,2026-08-18 17:00:00+00:00,,0.0038982030234844,0.02665356701423,ICE|1h|rolling|cross_USO_state_vol=mid_vol + state_ext=stretched_up|2026-08-18 17:00:00+00:00,rolling,157.765,2026-08-21T21:32:45.227856+00:00,158.38,161.97,False,long,0.0038982030234844,0.02665356701423
ICE,1h,cross_USO_state_vol=mid_vol + state_ext=stretched_up,2026-08-18 18:00:00+00:00,,0.0028455798659416,0.0192867079802707,ICE|1h|rolling|cross_USO_state_vol=mid_vol + state_ext=stretched_up|2026-08-18 18:00:00+00:00,rolling,158.14,2026-08-21T21:32:45.259115+00:00,158.59,161.19,False,long,0.0028455798659416,0.0192867079802707
ICE,1h,cross_USO_state_vol=mid_vol + state_ext=stretched_up,2026-08-20 15:00:00+00:00,,0.0057192861830797,,ICE|1h|rolling|cross_USO_state_vol=mid_vol + state_ext=stretched_up|2026-08-20 15:00:00+00:00,rolling,159.985,2026-08-21T21:33:05.962656+00:00,160.9,,True,long,0.0057192861830797,
ICE,1h,cross_USO_state_vol=mid_vol + state_ext=stretched_up,2026-08-21 13:00:00+00:00,,0.0002175264139216,,ICE|1h|rolling|cross_USO_state_vol=mid_vol + state_ext=stretched_up|2026-08-21 13:00:00+00:00,rolling,160.9,2026-08-21T21:33:25.938404+00:00,160.935,,True,long,0.0002175264139216,
ICE,1h,cross_USO_state_vol=mid_vol + state_ext=stretched_up,2026-08-21 14:00:00+00:00,,-0.0042595221927279,,ICE|1h|rolling|cross_USO_state_vol=mid_vol + state_ext=stretched_up|2026-08-21 14:00:00+00:00,rolling,161.99,2026-08-21T21:33:28.366293+00:00,161.3,,True,long,-0.0042595221927279,
ICE,1h,cross_USO_state_vol=mid_vol + state_ext=stretched_up,2026-08-21 15:00:00+00:00,,,,ICE|1h|rolling|cross_USO_state_vol=mid_vol + state_ext=stretched_up|2026-08-21 15:00:00+00:00,rolling,161.975,2026-08-21T21:33:33.268334+00:00,,,True,long,,
ICE,1h,cross_USO_state_vol=mid_vol + state_ext=stretched_up,2026-08-21 16:00:00+00:00,,,,ICE|1h|rolling|cross_USO_state_vol=mid_vol + state_ext=stretched_up|2026-08-21 16:00:00+00:00,rolling,161.97,2026-08-21T21:33:36.569921+00:00,,,True,long,,
ICE,1h,state_ext=stretched_up + state_ret_1=ret_down,2026-08-07 15:00:00+00:00,,-0.006119628874119987,-0.006514443640192158,ICE|1h|rolling|state_ext=stretched_up + state_ret_1=ret_down|2026-08-07 15:00:00+00:00,rolling,151.97,2026-10-07T19:42:26.763492+00:00,151.04,150.98,False,long,-0.006119628874119987,-0.006514443640192158
ICE,1h,state_ext=stretched_up + state_ret_1=ret_down,2026-08-21 15:00:00+00:00,,0.00306378237860927,0.0006808405285798624,ICE|1h|rolling|state_ext=stretched_up + state_ret_1=ret_down|2026-08-21 15:00:00+00:00,rolling,161.565,2026-10-07T19:42:27.843186+00:00,162.06,161.675,False,long,0.00306378237860927,0.0006808405285798624
ICE,1h,state_ext=stretched_up + state_ret_1=ret_down,2026-09-03 17:00:00+00:00,,-0.005468006020950322,-0.03763094031272085,ICE|1h|rolling|state_ext=stretched_up + state_ret_1=ret_down|2026-09-03 17:00:00+00:00,rolling,162.765,2026-10-07T19:42:29.334423+00:00,161.875,156.64,False,long,-0.005468006020950322,-0.03763094031272085
ICE,1h,state_ext=stretched_up + state_ret_1=ret_down,2026-10-06 16:00:00+00:00,,-0.01106770833333326,,ICE|1h|rolling|state_ext=stretched_up + state_ret_1=ret_down|2026-10-06 16:00:00+00:00,rolling,153.6,2026-10-07T19:43:04.787121+00:00,151.9,,True,long,-0.01106770833333326,
INTC,1h,cross_USO_state_slope=downtrend + cross_TLT_state_slope=flat + state_ext=neutral,2026-10-07 14:00:00+00:00,,-0.01747505120495052,,INTC|1h|rolling|cross_USO_state_slope=downtrend + cross_TLT_state_slope=flat + state_ext=neutral|2026-10-07 14:00:00+00:00,rolling,114.735,2026-10-07T19:43:25.343771+00:00,112.73,,True,long,-0.01747505120495052,
ITA,15m,cross_USO_state_slope=uptrend + state_slope=flat,2026-09-30 15:00:00+00:00,,-0.0030078777751253,-0.0096920506087371,ITA|15m|rolling|cross_USO_state_slope=uptrend + state_slope=flat|2026-09-30 15:00:00+00:00,rolling,209.45,2026-10-02T21:40:20.357097+00:00,208.82,207.42,False,short,0.0030078777751253,0.0096920506087371
ITA,15m,cross_USO_state_slope=uptrend + state_slope=flat,2026-09-30 16:00:00+00:00,,-0.0010540941976905,-0.0084806669541469,ITA|15m|rolling|cross_USO_state_slope=uptrend + state_slope=flat|2026-09-30 16:00:00+00:00,rolling,208.71,2026-10-02T21:40:21.071219+00:00,208.49,206.94,False,short,0.0010540941976905,0.0084806669541469
ITA,15m,cross_USO_state_slope=uptrend + state_slope=flat,2026-09-30 17:15:00+00:00,,-0.0027367005953523,-0.0046571922412137,ITA|15m|rolling|cross_USO_state_slope=uptrend + state_slope=flat|2026-09-30 17:15:00+00:00,rolling,208.28,2026-10-02T21:40:21.411589+00:00,207.71,207.31,False,short,0.0027367005953523,0.0046571922412137
ITA,15m,cross_USO_state_slope=uptrend + state_slope=flat,2026-10-01 16:15:00+00:00,,0.0017577231465653,0.0009390575714525,ITA|15m|rolling|cross_USO_state_slope=uptrend + state_slope=flat|2026-10-01 16:15:00+00:00,rolling,207.655,2026-10-02T21:40:30.917383+00:00,208.02,207.85,False,short,-0.0017577231465653,-0.0009390575714525
ITA,15m,cross_USO_state_slope=uptrend + state_slope=flat,2026-10-01 17:00:00+00:00,,-0.0011557909944618,0.0011076330363593,ITA|15m|rolling|cross_USO_state_slope=uptrend + state_slope=flat|2026-10-01 17:00:00+00:00,rolling,207.65,2026-10-02T21:40:31.321921+00:00,207.41,207.88,False,short,0.0011557909944618,-0.0011076330363593
ITA,15m,cross_USO_state_slope=uptrend + state_slope=flat,2026-10-01 18:15:00+00:00,,0.0043865991805256,0.0041937816341286,ITA|15m|rolling|cross_USO_state_slope=uptrend + state_slope=flat|2026-10-01 18:15:00+00:00,rolling,207.45,2026-10-02T21:40:33.028264+00:00,208.36,208.32,False,short,-0.0043865991805256,-0.0041937816341286
ITA,15m,cross_USO_state_slope=uptrend + state_slope=flat,2026-10-01 19:15:00+00:00,,0.0030336591708,0.0002407666008572,ITA|15m|rolling|cross_USO_state_slope=uptrend + state_slope=flat|2026-10-01 19:15:00+00:00,rolling,207.67,2026-10-02T21:40:34.770474+00:00,208.3,207.72,False,short,-0.0030336591708,-0.0002407666008572
ITA,15m,cross_USO_state_slope=uptrend + state_slope=flat,2026-10-01 19:45:00+00:00,,0.002452276770688,-0.0019954801173245,ITA|15m|rolling|cross_USO_state_slope=uptrend + state_slope=flat|2026-10-01 19:45:00+00:00,rolling,207.97,2026-10-02T21:40:34.787660+00:00,208.48,207.555,False,short,-0.002452276770688,0.0019954801173245
ITA,15m,cross_USO_state_slope=uptrend + state_slope=flat,2026-10-02 18:15:00+00:00,,0.0002888503755054,,ITA|15m|rolling|cross_USO_state_slope=uptrend + state_slope=flat|2026-10-02 18:15:00+00:00,rolling,207.72,2026-10-02T21:40:45.790183+00:00,207.78,,True,short,-0.0002888503755054,
ITA,15m,cross_USO_state_slope=uptrend + state_slope=flat,2026-10-02 19:15:00+00:00,,,,ITA|15m|rolling|cross_USO_state_slope=uptrend + state_slope=flat|2026-10-02 19:15:00+00:00,rolling,208.07,2026-10-02T21:40:47.531799+00:00,,,True,short,,
ITA,15m,cross_USO_state_slope=uptrend + state_slope=flat,2026-10-02 19:45:00+00:00,,,,ITA|15m|rolling|cross_USO_state_slope=uptrend + state_slope=flat|2026-10-02 19:45:00+00:00,rolling,207.78,2026-10-02T21:40:53.799103+00:00,,,True,short,,
ITA,15m,state_session=afternoon + state_slope=downtrend,2026-07-29 18:00:00+00:00,,-0.0069172431035919,-0.0203350279189932,ITA|15m|rolling|state_session=afternoon + state_slope=downtrend|2026-07-29 18:00:00+00:00,rolling,239.98,2026-08-20T21:32:19.995406+00:00,238.32,235.1,False,long,-0.0069172431035919,-0.0203350279189932
ITA,15m,state_session=afternoon + state_slope=downtrend,2026-08-10 19:45:00+00:00,,0.0080089253695661,0.0027094871897039,ITA|15m|rolling|state_session=afternoon + state_slope=downtrend|2026-08-10 19:45:00+00:00,rolling,250.97,2026-08-20T21:32:32.907547+00:00,252.98,251.65,False,long,0.0080089253695661,0.0027094871897039
ITA,15m,state_session=afternoon + state_slope=downtrend,2026-08-13 18:00:00+00:00,,0.0031611380096834,0.0134048257372654,ITA|15m|rolling|state_session=afternoon + state_slope=downtrend|2026-08-13 18:00:00+00:00,rolling,249.91,2026-08-20T21:32:37.315502+00:00,250.7,253.26,False,long,0.0031611380096834,0.0134048257372654
ITA,15m,state_session=afternoon + state_slope=downtrend,2026-08-13 18:30:00+00:00,,0.0055602224088961,0.0110004400176006,ITA|15m|rolling|state_session=afternoon + state_slope=downtrend|2026-08-13 18:30:00+00:00,rolling,249.99,2026-08-20T21:32:37.330689+00:00,251.38,252.74,False,long,0.0055602224088961,0.0110004400176006
ITA,15m,state_session=afternoon + state_slope=downtrend,2026-08-13 19:15:00+00:00,,0.0051202048081924,0.0100804032161285,ITA|15m|rolling|state_session=afternoon + state_slope=downtrend|2026-08-13 19:15:00+00:00,rolling,249.99,2026-08-20T21:32:37.389876+00:00,251.27,252.51,False,long,0.0051202048081924,0.0100804032161285
ITA,15m,state_session=afternoon + state_slope=downtrend,2026-08-13 19:45:00+00:00,,0.0070526948507312,0.0125425766379483,ITA|15m|rolling|state_session=afternoon + state_slope=downtrend|2026-08-13 19:45:00+00:00,rolling,249.55,2026-08-20T21:32:37.420629+00:00,251.31,252.68,False,long,0.0070526948507312,0.0125425766379483
ITA,15m,state_session=afternoon + state_slope=downtrend,2026-08-17 19:45:00+00:00,,0.0013140604467805,0.0026480309003305,ITA|15m|rolling|state_session=afternoon + state_slope=downtrend|2026-08-17 19:45:00+00:00,rolling,251.13,2026-08-20T21:32:50.669395+00:00,251.46,251.795,False,long,0.0013140604467805,0.0026480309003305
ITA,15m,state_session=afternoon + state_slope=downtrend,2026-08-19 17:30:00+00:00,,-0.0033768754802443,-0.03170623205403,ITA|15m|rolling|state_session=afternoon + state_slope=downtrend|2026-08-19 17:30:00+00:00,rolling,247.27,2026-08-20T21:33:05.724279+00:00,246.435,239.43,False,long,-0.0033768754802443,-0.03170623205403
ITA,15m,state_session=afternoon + state_slope=downtrend,2026-08-19 19:15:00+00:00,,-0.0130507031978275,-0.0344506140315324,ITA|15m|rolling|state_session=afternoon + state_slope=downtrend|2026-08-19 19:15:00+00:00,rolling,246.73,2026-08-20T21:33:08.152000+00:00,243.51,238.23,False,long,-0.0130507031978275,-0.0344506140315324
ITA,15m,state_session=afternoon + state_slope=downtrend,2026-08-19 19:45:00+00:00,,-0.0104450314976631,-0.0319650477545214,ITA|15m|rolling|state_session=afternoon + state_slope=downtrend|2026-08-19 19:45:00+00:00,rolling,246.05,2026-08-20T21:33:08.183062+00:00,243.48,238.185,False,long,-0.0104450314976631,-0.0319650477545214
ITA,15m,state_session=afternoon + state_slope=downtrend,2026-08-20 18:15:00+00:00,,-0.0025621639784947,,ITA|15m|rolling|state_session=afternoon + state_slope=downtrend|2026-08-20 18:15:00+00:00,rolling,238.08,2026-08-20T21:33:38.939968+00:00,237.47,,True,long,-0.0025621639784947,
ITA,15m,state_session=afternoon + state_slope=downtrend,2026-08-20 18:45:00+00:00,,,,ITA|15m|rolling|state_session=afternoon + state_slope=downtrend|2026-08-20 18:45:00+00:00,rolling,237.95,2026-08-20T21:33:41.758008+00:00,,,True,long,,
ITA,15m,state_session=afternoon + state_slope=downtrend,2026-08-20 19:15:00+00:00,,,,ITA|15m|rolling|state_session=afternoon + state_slope=downtrend|2026-08-20 19:15:00+00:00,rolling,237.83,2026-08-20T21:33:50.837228+00:00,,,True,long,,
ITA,15m,state_session=afternoon + state_slope=downtrend,2026-08-20 19:45:00+00:00,,,,ITA|15m|rolling|state_session=afternoon + state_slope=downtrend|2026-08-20 19:45:00+00:00,rolling,237.47,2026-08-20T21:34:09.756810+00:00,,,True,long,,
ITA,15m,state_session=afternoon + state_slope=downtrend + state_vol=mid_vol,2026-08-13 18:00:00+00:00,,0.0031611380096834,0.0134048257372654,ITA|15m|rolling|state_session=afternoon + state_slope=downtrend + state_vol=mid_vol|2026-08-13 18:00:00+00:00,rolling,249.91,2026-08-19T21:31:31.439159+00:00,250.7,253.26,False,long,0.0031611380096834,0.0134048257372654
ITA,15m,state_session=afternoon + state_slope=downtrend + state_vol=mid_vol,2026-08-13 18:30:00+00:00,,0.0055602224088961,0.0110004400176006,ITA|15m|rolling|state_session=afternoon + state_slope=downtrend + state_vol=mid_vol|2026-08-13 18:30:00+00:00,rolling,249.99,2026-08-19T21:31:31.474809+00:00,251.38,252.74,False,long,0.0055602224088961,0.0110004400176006
ITA,15m,state_session=afternoon + state_slope=downtrend + state_vol=mid_vol,2026-08-13 19:15:00+00:00,,0.0051202048081924,0.0100804032161285,ITA|15m|rolling|state_session=afternoon + state_slope=downtrend + state_vol=mid_vol|2026-08-13 19:15:00+00:00,rolling,249.99,2026-08-19T21:31:31.551497+00:00,251.27,252.51,False,long,0.0051202048081924,0.0100804032161285
ITA,15m,state_session=afternoon + state_slope=downtrend + state_vol=mid_vol,2026-08-13 19:45:00+00:00,,0.0070526948507312,0.0125425766379483,ITA|15m|rolling|state_session=afternoon + state_slope=downtrend + state_vol=mid_vol|2026-08-13 19:45:00+00:00,rolling,249.55,2026-08-19T21:31:31.599165+00:00,251.31,252.68,False,long,0.0070526948507312,0.0125425766379483
ITA,15m,state_session=afternoon + state_slope=downtrend + state_vol=mid_vol,2026-08-19 17:30:00+00:00,,-0.0033768754802443,,ITA|15m|rolling|state_session=afternoon + state_slope=downtrend + state_vol=mid_vol|2026-08-19 17:30:00+00:00,rolling,247.27,2026-08-19T21:32:32.996199+00:00,246.435,,True,long,-0.0033768754802443,
ITA,15m,state_session=afternoon + state_slope=downtrend + state_vol=mid_vol,2026-08-19 19:15:00+00:00,,,,ITA|15m|rolling|state_session=afternoon + state_slope=downtrend + state_vol=mid_vol|2026-08-19 19:15:00+00:00,rolling,246.73,2026-08-19T21:32:40.569437+00:00,,,True,long,,
ITA,15m,state_session=afternoon + state_slope=downtrend + state_vol=mid_vol,2026-08-19 19:45:00+00:00,,,,ITA|15m|rolling|state_session=afternoon + state_slope=downtrend + state_vol=mid_vol|2026-08-19 19:45:00+00:00,rolling,246.05,2026-08-19T21:32:52.480108+00:00,,,True,long,,
ITA,1d,cross_USO_state_slope=uptrend + state_slope=downtrend,2026-08-25 04:00:00+00:00,,-0.0377293906220642,,ITA|1d|rolling|cross_USO_state_slope=uptrend + state_slope=downtrend|2026-08-25,rolling,234.3000030517578,2026-09-04T21:37:51.741586+00:00,225.4600067138672,,True,long,-0.0377293906220642,
ITA,1d,cross_USO_state_slope=uptrend + state_slope=downtrend,2026-08-26 04:00:00+00:00,,-0.0550385375111351,,ITA|1d|rolling|cross_USO_state_slope=uptrend + state_slope=downtrend|2026-08-26,rolling,236.3800048828125,2026-09-04T21:37:55.138788+00:00,223.3699951171875,,True,long,-0.0550385375111351,
ITA,1d,cross_USO_state_slope=uptrend + state_slope=downtrend,2026-08-27 04:00:00+00:00,,-0.0353453383994479,,ITA|1d|rolling|cross_USO_state_slope=uptrend + state_slope=downtrend|2026-08-27,rolling,234.259994506836,2026-09-04T21:37:57.971451+00:00,225.97999572753903,,True,long,-0.0353453383994479,
ITA,1d,cross_USO_state_slope=uptrend + state_slope=downtrend,2026-08-28 04:00:00+00:00,,-0.0310111120053543,,ITA|1d|rolling|cross_USO_state_slope=uptrend + state_slope=downtrend|2026-08-28,rolling,232.82000732421875,2026-09-04T21:38:04.617380+00:00,225.6,,True,long,-0.0310111120053543,
JNJ,1h,state_ext=stretched_down + state_slope=downtrend + state_vol=high_vol,2026-08-27 13:00:00+00:00,,0.0073257993071724,,JNJ|1h|rolling|state_ext=stretched_down + state_slope=downtrend + state_vol=high_vol|2026-08-27 13:00:00+00:00,rolling,264.135,2026-08-28T21:31:42.334696+00:00,266.07,,True,long,0.0073257993071724,
JNJ,1h,state_ext=stretched_down + state_slope=downtrend + state_vol=high_vol,2026-08-27 14:00:00+00:00,,-0.0017091448641135,,JNJ|1h|rolling|state_ext=stretched_down + state_slope=downtrend + state_vol=high_vol|2026-08-27 14:00:00+00:00,rolling,266.215,2026-08-28T21:31:43.782031+00:00,265.76,,True,long,-0.0017091448641135,
JNJ,1h,state_ext=stretched_down + state_slope=downtrend + state_vol=high_vol,2026-08-27 16:00:00+00:00,,0.0010147514798459,,JNJ|1h|rolling|state_ext=stretched_down + state_slope=downtrend + state_vol=high_vol|2026-08-27 16:00:00+00:00,rolling,266.075,2026-08-28T21:31:45.190197+00:00,266.345,,True,long,0.0010147514798459,
JNJ,1h,state_session=morning + state_ext=stretched_down + state_slope=downtrend,2026-08-27 13:00:00+00:00,,0.0073257993071724,0.0062657353247392,JNJ|1h|rolling|state_session=morning + state_ext=stretched_down + state_slope=downtrend|2026-08-27 13:00:00+00:00,rolling,264.135,2026-09-02T19:37:44.953259+00:00,266.07,265.79,False,long,0.0073257993071724,0.0062657353247392
JNJ,1h,state_session=morning + state_ext=stretched_down + state_slope=downtrend,2026-08-27 14:00:00+00:00,,-0.0017091448641135,0.0075315064891161,JNJ|1h|rolling|state_session=morning + state_ext=stretched_down + state_slope=downtrend|2026-08-27 14:00:00+00:00,rolling,266.215,2026-09-02T19:37:45.000807+00:00,265.76,268.22,False,long,-0.0017091448641135,0.0075315064891161
JPM,1d,cross_TLT_state_slope=downtrend + state_ext=stretched_up,2026-07-17 04:00:00+00:00,,0.0352975481707571,,JPM|1d|rolling|cross_TLT_state_slope=downtrend + state_ext=stretched_up|2026-07-17,rolling,341.1000061035156,2026-07-24T21:21:00.745879+00:00,353.14,,True,long,0.0352975481707571,
JPM,1d,cross_TLT_state_slope=downtrend + state_ext=stretched_up,2026-07-21 04:00:00+00:00,,,,JPM|1d|rolling|cross_TLT_state_slope=downtrend + state_ext=stretched_up|2026-07-21,rolling,345.2300109863281,2026-07-24T21:21:11.501115+00:00,,,True,long,,
JPM,1d,cross_TLT_state_slope=downtrend + state_ext=stretched_up,2026-07-22 04:00:00+00:00,,,,JPM|1d|rolling|cross_TLT_state_slope=downtrend + state_ext=stretched_up|2026-07-22,rolling,348.2099914550781,2026-07-24T21:21:16.121375+00:00,,,True,long,,
JPM,1d,cross_TLT_state_slope=downtrend + state_ext=stretched_up,2026-07-23 04:00:00+00:00,,,,JPM|1d|rolling|cross_TLT_state_slope=downtrend + state_ext=stretched_up|2026-07-23,rolling,349.8999938964844,2026-07-24T21:21:25.256363+00:00,,,True,long,,
JPM,1d,cross_USO_state_slope=uptrend + state_slope=downtrend,2026-08-31 04:00:00+00:00,,-0.0070501076498558,,JPM|1d|rolling|cross_USO_state_slope=uptrend + state_slope=downtrend|2026-08-31,rolling,356.0199890136719,2026-09-14T21:50:07.428282+00:00,353.510009765625,,True,long,-0.0070501076498558,
JPM,1d,cross_USO_state_slope=uptrend + state_slope=downtrend,2026-09-01 04:00:00+00:00,,-0.0006762100118287,,JPM|1d|rolling|cross_USO_state_slope=uptrend + state_slope=downtrend|2026-09-01,rolling,354.95001220703125,2026-09-14T21:50:07.906498+00:00,354.7099914550781,,True,long,-0.0006762100118287,
JPM,1d,cross_USO_state_slope=uptrend + state_slope=downtrend,2026-09-02 04:00:00+00:00,,-0.007467305746432,,JPM|1d|rolling|cross_USO_state_slope=uptrend + state_slope=downtrend|2026-09-02,rolling,356.2200012207031,2026-09-14T21:50:08.425482+00:00,353.5599975585937,,True,long,-0.007467305746432,
JPM,1d,cross_USO_state_slope=uptrend + state_slope=downtrend,2026-09-03 04:00:00+00:00,,-0.0161022665071474,,JPM|1d|rolling|cross_USO_state_slope=uptrend + state_slope=downtrend|2026-09-03,rolling,362.05999755859375,2026-09-14T21:50:08.730217+00:00,356.2300109863281,,True,long,-0.0161022665071474,
JPM,1d,cross_USO_state_slope=uptrend + state_slope=downtrend,2026-09-04 04:00:00+00:00,,-0.0235752127567964,,JPM|1d|rolling|cross_USO_state_slope=uptrend + state_slope=downtrend|2026-09-04,rolling,358.6400146484375,2026-09-14T21:50:11.822670+00:00,350.185,,True,long,-0.0235752127567964,
JPM,1d,cross_USO_state_slope=uptrend + state_slope=downtrend,2026-09-08 04:00:00+00:00,,,,JPM|1d|rolling|cross_USO_state_slope=uptrend + state_slope=downtrend|2026-09-08,rolling,353.510009765625,2026-09-14T21:50:15.292943+00:00,,,True,long,,
JPM,1d,cross_USO_state_slope=uptrend + state_slope=downtrend,2026-09-09 04:00:00+00:00,,,,JPM|1d|rolling|cross_USO_state_slope=uptrend + state_slope=downtrend|2026-09-09,rolling,354.7099914550781,2026-09-14T21:50:19.838947+00:00,,,True,long,,
JPM,1d,cross_USO_state_slope=uptrend + state_slope=downtrend,2026-09-10 04:00:00+00:00,,,,JPM|1d|rolling|cross_USO_state_slope=uptrend + state_slope=downtrend|2026-09-10,rolling,353.5599975585937,2026-09-14T21:50:24.732105+00:00,,,True,long,,
JPM,1d,cross_USO_state_vol=high_vol + state_ext=stretched_up,2026-07-17 04:00:00+00:00,,0.0352975481707571,,JPM|1d|rolling|cross_USO_state_vol=high_vol + state_ext=stretched_up|2026-07-17,rolling,341.1000061035156,2026-07-24T21:21:01.370574+00:00,353.14,,True,long,0.0352975481707571,
JPM,1d,cross_USO_state_vol=high_vol + state_ext=stretched_up,2026-07-21 04:00:00+00:00,,,,JPM|1d|rolling|cross_USO_state_vol=high_vol + state_ext=stretched_up|2026-07-21,rolling,345.2300109863281,2026-07-24T21:21:12.458343+00:00,,,True,long,,
JPM,1d,cross_USO_state_vol=high_vol + state_ext=stretched_up,2026-07-22 04:00:00+00:00,,,,JPM|1d|rolling|cross_USO_state_vol=high_vol + state_ext=stretched_up|2026-07-22,rolling,348.2099914550781,2026-07-24T21:21:16.830685+00:00,,,True,long,,
JPM,1d,cross_USO_state_vol=high_vol + state_ext=stretched_up,2026-07-23 04:00:00+00:00,,,,JPM|1d|rolling|cross_USO_state_vol=high_vol + state_ext=stretched_up|2026-07-23,rolling,349.8999938964844,2026-07-24T21:21:25.924535+00:00,,,True,long,,
JPM,1h,state_session=afternoon + state_slope=downtrend + state_vol=low_vol,2026-08-07 18:00:00+00:00,,-0.0010889596247277,0.0191684815993746,JPM|1h|rolling|state_session=afternoon + state_slope=downtrend + state_vol=low_vol|2026-08-07 18:00:00+00:00,rolling,358.14,2026-08-20T21:32:29.452523+00:00,357.75,365.005,False,long,-0.0010889596247277,0.0191684815993746
JPM,1h,state_session=afternoon + state_slope=downtrend + state_vol=low_vol,2026-08-07 19:00:00+00:00,,-0.0001398347153664,0.0225553395886062,JPM|1h|rolling|state_session=afternoon + state_slope=downtrend + state_vol=low_vol|2026-08-07 19:00:00+00:00,rolling,357.565,2026-08-20T21:32:31.164961+00:00,357.515,365.63,False,long,-0.0001398347153664,0.0225553395886062
JPM,1h,state_session=afternoon + state_slope=downtrend + state_vol=low_vol,2026-08-14 19:00:00+00:00,,0.0004961137754257,-0.0172950774488727,JPM|1h|rolling|state_session=afternoon + state_slope=downtrend + state_vol=low_vol|2026-08-14 19:00:00+00:00,rolling,362.82,2026-08-20T21:32:42.815452+00:00,363.0,356.545,False,long,0.0004961137754257,-0.0172950774488727
JPM,1h,state_session=afternoon + state_slope=downtrend + state_vol=low_vol,2026-08-18 18:00:00+00:00,,-0.0127606684159646,,JPM|1h|rolling|state_session=afternoon + state_slope=downtrend + state_vol=low_vol|2026-08-18 18:00:00+00:00,rolling,362.05,2026-08-20T21:32:55.312117+00:00,357.43,,True,long,-0.0127606684159646,
JPM,1h,state_session=afternoon + state_slope=downtrend + state_vol=low_vol,2026-08-18 19:00:00+00:00,,-0.0194874900222949,,JPM|1h|rolling|state_session=afternoon + state_slope=downtrend + state_vol=low_vol|2026-08-18 19:00:00+00:00,rolling,363.31,2026-08-20T21:32:56.294480+00:00,356.23,,True,long,-0.0194874900222949,
JPM,1h,state_session=afternoon + state_slope=downtrend + state_vol=low_vol,2026-08-19 18:00:00+00:00,,-0.0068574794205499,,JPM|1h|rolling|state_session=afternoon + state_slope=downtrend + state_vol=low_vol|2026-08-19 18:00:00+00:00,rolling,356.545,2026-08-20T21:33:05.739525+00:00,354.1,,True,long,-0.0068574794205499,
JPM,1h,state_session=afternoon + state_slope=downtrend + state_vol=low_vol,2026-08-19 19:00:00+00:00,,-0.0105501763026808,,JPM|1h|rolling|state_session=afternoon + state_slope=downtrend + state_vol=low_vol|2026-08-19 19:00:00+00:00,rolling,357.34,2026-08-20T21:33:08.197919+00:00,353.57,,True,long,-0.0105501763026808,
KBE,1h,state_session=morning + state_ext=stretched_down + state_slope=downtrend,2026-10-07 13:00:00+00:00,,0.0036653386454181813,,KBE|1h|rolling|state_session=morning + state_ext=stretched_down + state_slope=downtrend|2026-10-07 13:00:00+00:00,rolling,62.75,2026-10-07T19:43:23.572643+00:00,62.98,,True,long,0.0036653386454181813,
KBE,1h,state_session=morning + state_ext=stretched_down + state_slope=downtrend,2026-10-07 14:00:00+00:00,,0.005588376177550591,,KBE|1h|rolling|state_session=morning + state_ext=stretched_down + state_slope=downtrend|2026-10-07 14:00:00+00:00,rolling,62.63,2026-10-07T19:43:27.489286+00:00,62.98,,True,long,0.005588376177550591,
KBE,1h,state_session=morning + state_ext=stretched_down + state_slope=downtrend,2026-10-07 15:00:00+00:00,,,,KBE|1h|rolling|state_session=morning + state_ext=stretched_down + state_slope=downtrend|2026-10-07 15:00:00+00:00,rolling,62.61,2026-10-07T19:43:29.939130+00:00,,,True,long,,
KLAC,1d,state_ext=stretched_down + state_slope=downtrend,2026-07-09 00:00:00+00:00,,,,KLAC|1d|state_ext=stretched_down + state_slope=downtrend|2026-07-09,insample,229.52,2026-07-13T21:18:31.117234+00:00,,,True,long,,
KLAC,1d,state_ext=stretched_down + state_slope=downtrend,2026-07-10 04:00:00+00:00,,,,KLAC|1d|state_ext=stretched_down + state_slope=downtrend|2026-07-10,insample,231.5200042724609,2026-07-13T21:18:35.931371+00:00,,,True,long,,
KLAC,1d,cross_USO_state_ext=neutral + cross_TLT_state_slope=flat + state_ext=stretched_down,2026-08-10 04:00:00+00:00,,0.0675520838569947,,KLAC|1d|rolling|cross_USO_state_ext=neutral + cross_TLT_state_slope=flat + state_ext=stretched_down|2026-08-10,rolling,192.7400054931641,2026-09-02T19:37:17.478821+00:00,205.759994506836,,True,long,0.0675520838569947,
KLAC,1d,cross_USO_state_ext=neutral + cross_TLT_state_slope=flat + state_ext=stretched_down,2026-08-25 04:00:00+00:00,,-0.0679066062884456,,KLAC|1d|rolling|cross_USO_state_ext=neutral + cross_TLT_state_slope=flat + state_ext=stretched_down|2026-08-25,rolling,183.33999633789065,2026-09-02T19:37:43.566704+00:00,170.88999938964844,,True,long,-0.0679066062884456,
KLAC,1d,cross_USO_state_ext=neutral + cross_TLT_state_slope=flat + state_ext=stretched_down,2026-08-26 04:00:00+00:00,,-0.0625578073029859,,KLAC|1d|rolling|cross_USO_state_ext=neutral + cross_TLT_state_slope=flat + state_ext=stretched_down|2026-08-26,rolling,183.8300018310547,2026-09-02T19:37:48.538950+00:00,172.33,,True,long,-0.0625578073029859,
KLAC,1d,state_ext=stretched_down + state_ret_1=ret_down,2026-07-22 04:00:00+00:00,,,,KLAC|1d|rolling|state_ext=stretched_down + state_ret_1=ret_down|2026-07-22,rolling,214.69000244140625,2026-07-24T21:21:17.553111+00:00,,,True,long,,
KLAC,1d,state_ext=stretched_down + state_ret_1=ret_flat,2026-08-25 04:00:00+00:00,,-0.0679066062884456,,KLAC|1d|rolling|state_ext=stretched_down + state_ret_1=ret_flat|2026-08-25,rolling,183.33999633789065,2026-09-11T21:40:20.603725+00:00,170.88999938964844,,True,long,-0.0679066062884456,
KLAC,1d,state_ext=stretched_down + state_ret_1=ret_flat,2026-08-26 04:00:00+00:00,,-0.0629386237772653,,KLAC|1d|rolling|state_ext=stretched_down + state_ret_1=ret_flat|2026-08-26,rolling,183.8300018310547,2026-09-11T21:40:22.690798+00:00,172.25999450683594,,True,long,-0.0629386237772653,
KLAC,1d,state_ext=stretched_down + state_ret_1=ret_flat,2026-08-27 04:00:00+00:00,,-0.058932369697276,,KLAC|1d|rolling|state_ext=stretched_down + state_ret_1=ret_flat|2026-08-27,rolling,183.7700042724609,2026-09-11T21:40:25.139993+00:00,172.94000244140625,,True,long,-0.058932369697276,
KLAC,1d,state_ext=stretched_down + state_ret_1=ret_flat,2026-09-02 04:00:00+00:00,,0.028561467118531,,KLAC|1d|rolling|state_ext=stretched_down + state_ret_1=ret_flat|2026-09-02,rolling,172.25999450683594,2026-09-11T21:40:30.486974+00:00,177.17999267578125,,True,long,0.028561467118531,
KLAC,1d,state_ext=stretched_down + state_ret_1=ret_flat,2026-09-03 04:00:00+00:00,,0.0446975682286852,,KLAC|1d|rolling|state_ext=stretched_down + state_ret_1=ret_flat|2026-09-03,rolling,172.94000244140625,2026-09-11T21:40:31.887632+00:00,180.67,,True,long,0.0446975682286852,
KLAC,1d,state_ext=stretched_down + state_ret_5=ret_down,2026-07-22 04:00:00+00:00,,,,KLAC|1d|rolling|state_ext=stretched_down + state_ret_5=ret_down|2026-07-22,rolling,214.69000244140625,2026-07-24T21:21:18.213252+00:00,,,True,long,,
KLAC,1d,state_ext=stretched_down + state_slope=downtrend,2026-07-13 04:00:00+00:00,,-0.0659167329425618,,KLAC|1d|rolling|state_ext=stretched_down + state_slope=downtrend|2026-07-13,rolling,222.25,2026-07-28T21:23:10.914785+00:00,207.6000061035156,,True,long,-0.0659167329425618,
KLAC,1d,state_ext=stretched_down + state_slope=downtrend,2026-07-14 04:00:00+00:00,,-0.0556061893046332,,KLAC|1d|rolling|state_ext=stretched_down + state_slope=downtrend|2026-07-14,rolling,230.3699951171875,2026-07-28T21:23:11.028021+00:00,217.5599975585937,,True,long,-0.0556061893046332,
KLAC,1d,state_ext=stretched_down + state_slope=downtrend,2026-07-15 04:00:00+00:00,,-0.0436970938021993,,KLAC|1d|rolling|state_ext=stretched_down + state_slope=downtrend|2026-07-15,rolling,224.5,2026-07-28T21:23:11.372548+00:00,214.69000244140625,,True,long,-0.0436970938021993,
KLAC,1d,state_ext=stretched_down + state_slope=downtrend,2026-07-16 04:00:00+00:00,,-0.0029174426945058,,KLAC|1d|rolling|state_ext=stretched_down + state_slope=downtrend|2026-07-16,rolling,219.3699951171875,2026-07-28T21:23:11.725565+00:00,218.72999572753903,,True,long,-0.0029174426945058,
KLAC,1d,state_ext=stretched_down + state_slope=downtrend,2026-07-17 04:00:00+00:00,,-0.0104817660518874,,KLAC|1d|rolling|state_ext=stretched_down + state_slope=downtrend|2026-07-17,rolling,212.75,2026-07-28T21:23:12.470714+00:00,210.5200042724609,,True,long,-0.0104817660518874,
KLAC,1d,state_ext=stretched_down + state_slope=downtrend,2026-07-20 04:00:00+00:00,,-0.0204239179600497,,KLAC|1d|rolling|state_ext=stretched_down + state_slope=downtrend|2026-07-20,rolling,207.6000061035156,2026-07-28T21:23:12.550123+00:00,203.3600006103516,,True,long,-0.0204239179600497,
KLAC,1d,state_ext=stretched_down + state_slope=downtrend,2026-07-21 04:00:00+00:00,,-0.1227017735712381,,KLAC|1d|rolling|state_ext=stretched_down + state_slope=downtrend|2026-07-21,rolling,217.5599975585937,2026-07-28T21:23:12.897773+00:00,190.865,,True,long,-0.1227017735712381,
KLAC,1d,state_ext=stretched_down + state_slope=downtrend,2026-07-22 04:00:00+00:00,,,,KLAC|1d|rolling|state_ext=stretched_down + state_slope=downtrend|2026-07-22,rolling,214.69000244140625,2026-07-28T21:23:13.610975+00:00,,,True,long,,
KLAC,1d,state_ext=stretched_down + state_slope=downtrend,2026-07-27 04:00:00+00:00,,,,KLAC|1d|rolling|state_ext=stretched_down + state_slope=downtrend|2026-07-27,rolling,203.3600006103516,2026-07-28T21:23:25.505311+00:00,,,True,long,,
KLAC,1d,state_ext=stretched_down + state_slope=downtrend + state_vol=high_vol,2026-07-27 04:00:00+00:00,,,,KLAC|1d|rolling|state_ext=stretched_down + state_slope=downtrend + state_vol=high_vol|2026-07-27,rolling,203.3600006103516,2026-07-29T21:25:51.729744+00:00,,,True,long,,
KLAC,1d,state_ext=stretched_down + state_slope=downtrend + state_vol=high_vol,2026-07-28 04:00:00+00:00,,,,KLAC|1d|rolling|state_ext=stretched_down + state_slope=downtrend + state_vol=high_vol|2026-07-28,rolling,190.8000030517578,2026-07-29T21:27:36.759513+00:00,,,True,long,,
KLAC,1d,state_slope=downtrend + state_vol=high_vol,2026-07-27 04:00:00+00:00,,,,KLAC|1d|rolling|state_slope=downtrend + state_vol=high_vol|2026-07-27,rolling,203.3600006103516,2026-07-31T21:24:47.127604+00:00,,,True,long,,
KLAC,1d,state_slope=downtrend + state_vol=high_vol,2026-07-28 04:00:00+00:00,,,,KLAC|1d|rolling|state_slope=downtrend + state_vol=high_vol|2026-07-28,rolling,190.8000030517578,2026-07-31T21:25:16.552391+00:00,,,True,long,,
KLAC,1d,state_slope=downtrend + state_vol=high_vol,2026-07-29 04:00:00+00:00,,,,KLAC|1d|rolling|state_slope=downtrend + state_vol=high_vol|2026-07-29,rolling,170.19000244140625,2026-07-31T21:26:16.394595+00:00,,,True,long,,
KLAC,1d,state_slope=downtrend + state_vol=high_vol,2026-07-30 04:00:00+00:00,,,,KLAC|1d|rolling|state_slope=downtrend + state_vol=high_vol|2026-07-30,rolling,180.3300018310547,2026-07-31T21:28:06.770568+00:00,,,True,long,,
KLAC,1h,cross_TLT_state_slope=downtrend + state_ext=stretched_down,2026-07-29 19:00:00+00:00,,0.070245506871843,,KLAC|1h|rolling|cross_TLT_state_slope=downtrend + state_ext=stretched_down|2026-07-29 19:00:00+00:00,rolling,170.26,2026-07-31T21:25:28.841576+00:00,182.22,,True,long,0.070245506871843,
KLAC,1h,cross_TLT_state_slope=downtrend + state_ext=stretched_down,2026-07-30 17:00:00+00:00,,0.024681133013086,,KLAC|1h|rolling|cross_TLT_state_slope=downtrend + state_ext=stretched_down|2026-07-30 17:00:00+00:00,rolling,181.11,2026-07-31T21:26:00.006629+00:00,185.58,,True,long,0.024681133013086,
KLAC,1h,cross_TLT_state_slope=downtrend + state_ext=stretched_down,2026-07-30 18:00:00+00:00,,0.0377032746714189,,KLAC|1h|rolling|cross_TLT_state_slope=downtrend + state_ext=stretched_down|2026-07-30 18:00:00+00:00,rolling,179.56,2026-07-31T21:26:05.952495+00:00,186.33,,True,long,0.0377032746714189,
KLAC,1h,cross_TLT_state_slope=downtrend + state_slope=downtrend,2026-07-29 19:00:00+00:00,,0.0637260660166805,,KLAC|1h|rolling|cross_TLT_state_slope=downtrend + state_slope=downtrend|2026-07-29 19:00:00+00:00,rolling,170.26,2026-07-30T21:27:48.632264+00:00,181.11,,True,long,0.0637260660166805,
KLAC,1h,cross_TLT_state_slope=downtrend + state_slope=downtrend,2026-07-30 13:00:00+00:00,,-0.0306105922366786,,KLAC|1h|rolling|cross_TLT_state_slope=downtrend + state_slope=downtrend|2026-07-30 13:00:00+00:00,rolling,185.23,2026-07-30T21:28:01.945045+00:00,179.56,,True,long,-0.0306105922366786,
KLAC,1h,cross_TLT_state_slope=downtrend + state_slope=downtrend,2026-07-30 14:00:00+00:00,,-0.0179888420193223,,KLAC|1h|rolling|cross_TLT_state_slope=downtrend + state_slope=downtrend|2026-07-30 14:00:00+00:00,rolling,183.725,2026-07-30T21:28:09.968490+00:00,180.42,,True,long,-0.0179888420193223,
KLAC,1h,cross_TLT_state_slope=downtrend + state_slope=downtrend,2026-07-30 15:00:00+00:00,,,,KLAC|1h|rolling|cross_TLT_state_slope=downtrend + state_slope=downtrend|2026-07-30 15:00:00+00:00,rolling,183.44,2026-07-30T21:28:18.731323+00:00,,,True,long,,
KLAC,1h,cross_TLT_state_slope=downtrend + state_slope=downtrend,2026-07-30 16:00:00+00:00,,,,KLAC|1h|rolling|cross_TLT_state_slope=downtrend + state_slope=downtrend|2026-07-30 16:00:00+00:00,rolling,182.22,2026-07-30T21:28:29.235250+00:00,,,True,long,,
KLAC,1h,cross_TLT_state_slope=downtrend + state_slope=downtrend,2026-07-30 17:00:00+00:00,,,,KLAC|1h|rolling|cross_TLT_state_slope=downtrend + state_slope=downtrend|2026-07-30 17:00:00+00:00,rolling,181.11,2026-07-30T21:28:42.229434+00:00,,,True,long,,
KLAC,1h,cross_TLT_state_slope=downtrend + state_slope=uptrend,2026-07-31 16:00:00+00:00,,,,KLAC|1h|rolling|cross_TLT_state_slope=downtrend + state_slope=uptrend|2026-07-31 16:00:00+00:00,rolling,186.33,2026-07-31T21:27:16.337750+00:00,,,True,short,,
KLAC,1h,cross_TLT_state_slope=downtrend + state_slope=uptrend,2026-07-31 17:00:00+00:00,,,,KLAC|1h|rolling|cross_TLT_state_slope=downtrend + state_slope=uptrend|2026-07-31 17:00:00+00:00,rolling,187.48,2026-07-31T21:27:36.646668+00:00,,,True,short,,
KLAC,1h,cross_TLT_state_slope=downtrend + state_slope=uptrend,2026-07-31 18:00:00+00:00,,,,KLAC|1h|rolling|cross_TLT_state_slope=downtrend + state_slope=uptrend|2026-07-31 18:00:00+00:00,rolling,186.43,2026-07-31T21:27:54.871430+00:00,,,True,short,,
KLAC,1h,cross_TLT_state_vol=high_vol + state_ext=stretched_down,2026-07-29 19:00:00+00:00,,0.070245506871843,,KLAC|1h|rolling|cross_TLT_state_vol=high_vol + state_ext=stretched_down|2026-07-29 19:00:00+00:00,rolling,170.26,2026-07-31T21:25:28.483012+00:00,182.22,,True,long,0.070245506871843,
KLAC,1h,cross_TLT_state_vol=high_vol + state_ext=stretched_down,2026-07-30 17:00:00+00:00,,0.024681133013086,,KLAC|1h|rolling|cross_TLT_state_vol=high_vol + state_ext=stretched_down|2026-07-30 17:00:00+00:00,rolling,181.11,2026-07-31T21:25:59.651292+00:00,185.58,,True,long,0.024681133013086,
KLAC,1h,cross_TLT_state_vol=high_vol + state_ext=stretched_down,2026-07-30 18:00:00+00:00,,0.0377032746714189,,KLAC|1h|rolling|cross_TLT_state_vol=high_vol + state_ext=stretched_down|2026-07-30 18:00:00+00:00,rolling,179.56,2026-07-31T21:26:05.605136+00:00,186.33,,True,long,0.0377032746714189,
KLAC,1h,cross_TLT_state_vol=mid_vol + state_ext=stretched_down,2026-07-29 14:00:00+00:00,,-0.0240496864069128,0.0453740904110357,KLAC|1h|rolling|cross_TLT_state_vol=mid_vol + state_ext=stretched_down|2026-07-29 14:00:00+00:00,rolling,177.965,2026-07-31T21:24:50.898755+00:00,173.68499755859375,186.04,False,long,-0.0240496864069128,0.0453740904110357
KLAC,1h,cross_TLT_state_vol=mid_vol + state_ext=stretched_down,2026-07-29 15:00:00+00:00,,-0.0003154915576513,0.0688043135342875,KLAC|1h|rolling|cross_TLT_state_vol=mid_vol + state_ext=stretched_down|2026-07-29 15:00:00+00:00,rolling,174.335,2026-07-31T21:24:51.276948+00:00,174.27999877929688,186.33,False,long,-0.0003154915576513,0.0688043135342875
KLAC,1h,cross_TLT_state_vol=mid_vol + state_ext=stretched_down,2026-07-29 16:00:00+00:00,,0.016724570702888,0.0769764016059617,KLAC|1h|rolling|cross_TLT_state_vol=mid_vol + state_ext=stretched_down|2026-07-29 16:00:00+00:00,rolling,173.105,2026-07-31T21:24:51.654915+00:00,176.00010681152344,186.43,False,long,0.016724570702888,0.0769764016059617
KLAC,1h,cross_TLT_state_vol=mid_vol + state_ext=stretched_down,2026-07-29 17:00:00+00:00,,-0.0270424697821773,,KLAC|1h|rolling|cross_TLT_state_vol=mid_vol + state_ext=stretched_down|2026-07-29 17:00:00+00:00,rolling,174.54,2026-07-31T21:24:56.255523+00:00,169.82000732421875,,True,long,-0.0270424697821773,
KLAC,1h,cross_TLT_state_vol=mid_vol + state_ext=stretched_down,2026-07-29 18:00:00+00:00,,0.0197879662522202,,KLAC|1h|rolling|cross_TLT_state_vol=mid_vol + state_ext=stretched_down|2026-07-29 18:00:00+00:00,rolling,180.16,2026-07-31T21:25:04.656496+00:00,183.725,,True,long,0.0197879662522202,
KLAC,1h,cross_USO_state_ext=neutral + cross_TLT_state_slope=downtrend + state_ext=stretched_down,2026-07-30 18:00:00+00:00,,,,KLAC|1h|rolling|cross_USO_state_ext=neutral + cross_TLT_state_slope=downtrend + state_ext=stretched_down|2026-07-30 18:00:00+00:00,rolling,179.56,2026-07-30T21:28:59.507014+00:00,,,True,long,,
KLAC,1h,cross_USO_state_ext=neutral + state_ext=stretched_down,2026-07-30 18:00:00+00:00,,0.0377032746714189,,KLAC|1h|rolling|cross_USO_state_ext=neutral + state_ext=stretched_down|2026-07-30 18:00:00+00:00,rolling,179.56,2026-07-31T21:26:05.225459+00:00,186.33,,True,long,0.0377032746714189,
KLAC,1h,cross_USO_state_ext=stretched_up + cross_TLT_state_slope=flat + state_ext=stretched_down,2026-07-29 18:00:00+00:00,,0.0197879662522202,,KLAC|1h|rolling|cross_USO_state_ext=stretched_up + cross_TLT_state_slope=flat + state_ext=stretched_down|2026-07-29 18:00:00+00:00,rolling,180.16,2026-07-31T21:25:02.595884+00:00,183.725,,True,long,0.0197879662522202,
KLAC,1h,cross_USO_state_ext=stretched_up + cross_TLT_state_slope=flat + state_ext=stretched_down,2026-07-29 19:00:00+00:00,,0.070245506871843,,KLAC|1h|rolling|cross_USO_state_ext=stretched_up + cross_TLT_state_slope=flat + state_ext=stretched_down|2026-07-29 19:00:00+00:00,rolling,170.26,2026-07-31T21:25:20.077607+00:00,182.22,,True,long,0.070245506871843,
KLAC,1h,cross_USO_state_ext=stretched_up + state_ext=stretched_down,2026-07-29 13:00:00+00:00,,-0.0381020713299439,-0.0022673228999614,KLAC|1h|rolling|cross_USO_state_ext=stretched_up + state_ext=stretched_down|2026-07-29 13:00:00+00:00,rolling,180.83,2026-07-31T21:24:50.469766+00:00,173.94000244140625,180.42,False,long,-0.0381020713299439,-0.0022673228999614
KLAC,1h,cross_USO_state_ext=stretched_up + state_ext=stretched_down,2026-07-29 14:00:00+00:00,,-0.0240496864069128,0.0453740904110357,KLAC|1h|rolling|cross_USO_state_ext=stretched_up + state_ext=stretched_down|2026-07-29 14:00:00+00:00,rolling,177.965,2026-07-31T21:24:50.869757+00:00,173.68499755859375,186.04,False,long,-0.0240496864069128,0.0453740904110357
KLAC,1h,cross_USO_state_ext=stretched_up + state_ext=stretched_down,2026-07-29 15:00:00+00:00,,-0.0003154915576513,0.0688043135342875,KLAC|1h|rolling|cross_USO_state_ext=stretched_up + state_ext=stretched_down|2026-07-29 15:00:00+00:00,rolling,174.335,2026-07-31T21:24:51.248053+00:00,174.27999877929688,186.33,False,long,-0.0003154915576513,0.0688043135342875
KLAC,1h,cross_USO_state_ext=stretched_up + state_ext=stretched_down,2026-07-29 16:00:00+00:00,,0.016724570702888,0.0769764016059617,KLAC|1h|rolling|cross_USO_state_ext=stretched_up + state_ext=stretched_down|2026-07-29 16:00:00+00:00,rolling,173.105,2026-07-31T21:24:51.626280+00:00,176.00010681152344,186.43,False,long,0.016724570702888,0.0769764016059617
KLAC,1h,cross_USO_state_ext=stretched_up + state_ext=stretched_down,2026-07-29 17:00:00+00:00,,-0.0270424697821773,,KLAC|1h|rolling|cross_USO_state_ext=stretched_up + state_ext=stretched_down|2026-07-29 17:00:00+00:00,rolling,174.54,2026-07-31T21:24:55.580507+00:00,169.82000732421875,,True,long,-0.0270424697821773,
KLAC,1h,cross_USO_state_ext=stretched_up + state_ext=stretched_down,2026-07-29 18:00:00+00:00,,0.0197879662522202,,KLAC|1h|rolling|cross_USO_state_ext=stretched_up + state_ext=stretched_down|2026-07-29 18:00:00+00:00,rolling,180.16,2026-07-31T21:25:03.627437+00:00,183.725,,True,long,0.0197879662522202,
KLAC,1h,cross_USO_state_ext=stretched_up + state_ext=stretched_down,2026-07-29 19:00:00+00:00,,0.070245506871843,,KLAC|1h|rolling|cross_USO_state_ext=stretched_up + state_ext=stretched_down|2026-07-29 19:00:00+00:00,rolling,170.26,2026-07-31T21:25:27.466127+00:00,182.22,,True,long,0.070245506871843,
KLAC,1h,cross_USO_state_ext=stretched_up + state_ext=stretched_down,2026-07-30 17:00:00+00:00,,0.024681133013086,,KLAC|1h|rolling|cross_USO_state_ext=stretched_up + state_ext=stretched_down|2026-07-30 17:00:00+00:00,rolling,181.11,2026-07-31T21:25:58.936861+00:00,185.58,,True,long,0.024681133013086,
KLAC,1h,cross_USO_state_slope=downtrend + state_ext=stretched_up,2026-07-30 19:00:00+00:00,,0.0391309167498059,,KLAC|1h|rolling|cross_USO_state_slope=downtrend + state_ext=stretched_up|2026-07-30 19:00:00+00:00,rolling,180.42,2026-07-31T21:26:27.273393+00:00,187.48,,True,short,-0.0391309167498059,
KLAC,1h,cross_USO_state_slope=flat + cross_TLT_state_slope=uptrend + state_ext=stretched_down,2026-07-29 16:00:00+00:00,,0.016724570702888,0.0769764016059617,KLAC|1h|rolling|cross_USO_state_slope=flat + cross_TLT_state_slope=uptrend + state_ext=stretched_down|2026-07-29 16:00:00+00:00,rolling,173.105,2026-07-31T21:24:51.568463+00:00,176.00010681152344,186.43,False,long,0.016724570702888,0.0769764016059617
KLAC,1h,cross_USO_state_slope=flat + state_ext=stretched_down,2026-07-29 16:00:00+00:00,,0.016724570702888,0.0769764016059617,KLAC|1h|rolling|cross_USO_state_slope=flat + state_ext=stretched_down|2026-07-29 16:00:00+00:00,rolling,173.105,2026-07-31T21:24:51.669263+00:00,176.00010681152344,186.43,False,long,0.016724570702888,0.0769764016059617
KLAC,1h,cross_USO_state_slope=flat + state_ext=stretched_up,2026-07-31 13:00:00+00:00,,0.015137489790362,,KLAC|1h|rolling|cross_USO_state_slope=flat + state_ext=stretched_up|2026-07-31 13:00:00+00:00,rolling,183.65,2026-07-31T21:26:36.417062+00:00,186.43,,True,short,-0.015137489790362,
KLAC,1h,cross_USO_state_slope=flat + state_ext=stretched_up,2026-07-31 14:00:00+00:00,,-0.0180606321221241,,KLAC|1h|rolling|cross_USO_state_slope=flat + state_ext=stretched_up|2026-07-31 14:00:00+00:00,rolling,186.04,2026-07-31T21:26:43.416552+00:00,182.68,,True,short,0.0180606321221241,
KLAC,1h,cross_USO_state_slope=flat + state_ext=stretched_up,2026-07-31 15:00:00+00:00,,,,KLAC|1h|rolling|cross_USO_state_slope=flat + state_ext=stretched_up|2026-07-31 15:00:00+00:00,rolling,185.58,2026-07-31T21:26:58.144624+00:00,,,True,short,,
KLAC,1h,cross_USO_state_slope=flat + state_ext=stretched_up,2026-07-31 16:00:00+00:00,,,,KLAC|1h|rolling|cross_USO_state_slope=flat + state_ext=stretched_up|2026-07-31 16:00:00+00:00,rolling,186.33,2026-07-31T21:27:19.101009+00:00,,,True,short,,
KLAC,1h,cross_USO_state_slope=flat + state_ext=stretched_up,2026-07-31 17:00:00+00:00,,,,KLAC|1h|rolling|cross_USO_state_slope=flat + state_ext=stretched_up|2026-07-31 17:00:00+00:00,rolling,187.48,2026-07-31T21:27:39.463405+00:00,,,True,short,,
KLAC,1h,cross_USO_state_slope=flat + state_ext=stretched_up,2026-07-31 18:00:00+00:00,,,,KLAC|1h|rolling|cross_USO_state_slope=flat + state_ext=stretched_up|2026-07-31 18:00:00+00:00,rolling,186.43,2026-07-31T21:27:57.648670+00:00,,,True,short,,
KLAC,1h,cross_USO_state_slope=flat + state_slope=downtrend,2026-07-29 16:00:00+00:00,,0.016724570702888,0.0769764016059617,KLAC|1h|rolling|cross_USO_state_slope=flat + state_slope=downtrend|2026-07-29 16:00:00+00:00,rolling,173.105,2026-07-31T21:24:51.597386+00:00,176.00010681152344,186.43,False,long,0.016724570702888,0.0769764016059617
KLAC,1h,cross_USO_state_slope=flat + state_slope=uptrend,2026-07-31 16:00:00+00:00,,,,KLAC|1h|rolling|cross_USO_state_slope=flat + state_slope=uptrend|2026-07-31 16:00:00+00:00,rolling,186.33,2026-07-31T21:27:14.256765+00:00,,,True,short,,
KLAC,1h,cross_USO_state_slope=flat + state_slope=uptrend,2026-07-31 17:00:00+00:00,,,,KLAC|1h|rolling|cross_USO_state_slope=flat + state_slope=uptrend|2026-07-31 17:00:00+00:00,rolling,187.48,2026-07-31T21:27:34.575455+00:00,,,True,short,,
KLAC,1h,cross_USO_state_slope=flat + state_slope=uptrend,2026-07-31 18:00:00+00:00,,,,KLAC|1h|rolling|cross_USO_state_slope=flat + state_slope=uptrend|2026-07-31 18:00:00+00:00,rolling,186.43,2026-07-31T21:27:53.501125+00:00,,,True,short,,
KLAC,1h,cross_USO_state_slope=uptrend + cross_TLT_state_slope=flat + state_ext=stretched_down,2026-07-29 18:00:00+00:00,,0.0197879662522202,,KLAC|1h|rolling|cross_USO_state_slope=uptrend + cross_TLT_state_slope=flat + state_ext=stretched_down|2026-07-29 18:00:00+00:00,rolling,180.16,2026-07-31T21:25:01.161191+00:00,183.725,,True,long,0.0197879662522202,
KLAC,1h,cross_USO_state_slope=uptrend + cross_TLT_state_slope=flat + state_ext=stretched_down,2026-07-29 19:00:00+00:00,,0.070245506871843,,KLAC|1h|rolling|cross_USO_state_slope=uptrend + cross_TLT_state_slope=flat + state_ext=stretched_down|2026-07-29 19:00:00+00:00,rolling,170.26,2026-07-31T21:25:19.756727+00:00,182.22,,True,long,0.070245506871843,
KLAC,1h,cross_USO_state_slope=uptrend + cross_TLT_state_slope=uptrend + state_ext=stretched_down,2026-07-29 17:00:00+00:00,,-0.0270424697821773,,KLAC|1h|rolling|cross_USO_state_slope=uptrend + cross_TLT_state_slope=uptrend + state_ext=stretched_down|2026-07-29 17:00:00+00:00,rolling,174.54,2026-07-31T21:24:54.542151+00:00,169.82000732421875,,True,long,-0.0270424697821773,
KLAC,1h,cross_USO_state_slope=uptrend + state_ext=stretched_down,2026-07-29 17:00:00+00:00,,-0.0270424697821773,,KLAC|1h|rolling|cross_USO_state_slope=uptrend + state_ext=stretched_down|2026-07-29 17:00:00+00:00,rolling,174.54,2026-07-31T21:24:54.849846+00:00,169.82000732421875,,True,long,-0.0270424697821773,
KLAC,1h,cross_USO_state_slope=uptrend + state_ext=stretched_down,2026-07-29 18:00:00+00:00,,0.0197879662522202,,KLAC|1h|rolling|cross_USO_state_slope=uptrend + state_ext=stretched_down|2026-07-29 18:00:00+00:00,rolling,180.16,2026-07-31T21:25:02.942458+00:00,183.725,,True,long,0.0197879662522202,
KLAC,1h,cross_USO_state_slope=uptrend + state_ext=stretched_down,2026-07-29 19:00:00+00:00,,0.070245506871843,,KLAC|1h|rolling|cross_USO_state_slope=uptrend + state_ext=stretched_down|2026-07-29 19:00:00+00:00,rolling,170.26,2026-07-31T21:25:26.396856+00:00,182.22,,True,long,0.070245506871843,
KLAC,1h,cross_USO_state_slope=uptrend + state_ext=stretched_down,2026-07-30 17:00:00+00:00,,0.024681133013086,,KLAC|1h|rolling|cross_USO_state_slope=uptrend + state_ext=stretched_down|2026-07-30 17:00:00+00:00,rolling,181.11,2026-07-31T21:25:57.931231+00:00,185.58,,True,long,0.024681133013086,
KLAC,1h,cross_USO_state_slope=uptrend + state_ext=stretched_down,2026-07-30 18:00:00+00:00,,0.0377032746714189,,KLAC|1h|rolling|cross_USO_state_slope=uptrend + state_ext=stretched_down|2026-07-30 18:00:00+00:00,rolling,179.56,2026-07-31T21:26:03.847958+00:00,186.33,,True,long,0.0377032746714189,
KLAC,1h,cross_USO_state_slope=uptrend + state_slope=downtrend,2026-07-29 17:00:00+00:00,,-0.0270424697821773,,KLAC|1h|rolling|cross_USO_state_slope=uptrend + state_slope=downtrend|2026-07-29 17:00:00+00:00,rolling,174.54,2026-07-31T21:24:52.826953+00:00,169.82000732421875,,True,long,-0.0270424697821773,
KLAC,1h,cross_USO_state_slope=uptrend + state_slope=downtrend,2026-07-29 18:00:00+00:00,,0.0197879662522202,,KLAC|1h|rolling|cross_USO_state_slope=uptrend + state_slope=downtrend|2026-07-29 18:00:00+00:00,rolling,180.16,2026-07-31T21:25:00.508747+00:00,183.725,,True,long,0.0197879662522202,
KLAC,1h,cross_USO_state_slope=uptrend + state_slope=downtrend,2026-07-29 19:00:00+00:00,,0.070245506871843,,KLAC|1h|rolling|cross_USO_state_slope=uptrend + state_slope=downtrend|2026-07-29 19:00:00+00:00,rolling,170.26,2026-07-31T21:25:24.674891+00:00,182.22,,True,long,0.070245506871843,
KLAC,1h,cross_USO_state_slope=uptrend + state_slope=downtrend,2026-07-30 13:00:00+00:00,,-0.0306105922366786,,KLAC|1h|rolling|cross_USO_state_slope=uptrend + state_slope=downtrend|2026-07-30 13:00:00+00:00,rolling,185.23,2026-07-31T21:25:37.235918+00:00,179.56,,True,long,-0.0306105922366786,
KLAC,1h,cross_USO_state_slope=uptrend + state_slope=downtrend,2026-07-30 14:00:00+00:00,,-0.0179888420193223,,KLAC|1h|rolling|cross_USO_state_slope=uptrend + state_slope=downtrend|2026-07-30 14:00:00+00:00,rolling,183.725,2026-07-31T21:25:44.254994+00:00,180.42,,True,long,-0.0179888420193223,
KLAC,1h,cross_USO_state_slope=uptrend + state_slope=downtrend,2026-07-30 15:00:00+00:00,,0.0011447884866986,,KLAC|1h|rolling|cross_USO_state_slope=uptrend + state_slope=downtrend|2026-07-30 15:00:00+00:00,rolling,183.44,2026-07-31T21:25:48.089980+00:00,183.65,,True,long,0.0011447884866986,
KLAC,1h,cross_USO_state_slope=uptrend + state_slope=downtrend,2026-07-30 16:00:00+00:00,,0.0209636702886619,,KLAC|1h|rolling|cross_USO_state_slope=uptrend + state_slope=downtrend|2026-07-30 16:00:00+00:00,rolling,182.22,2026-07-31T21:25:51.946602+00:00,186.04,,True,long,0.0209636702886619,
KLAC,1h,cross_USO_state_slope=uptrend + state_slope=downtrend,2026-07-30 17:00:00+00:00,,0.024681133013086,,KLAC|1h|rolling|cross_USO_state_slope=uptrend + state_slope=downtrend|2026-07-30 17:00:00+00:00,rolling,181.11,2026-07-31T21:25:56.860350+00:00,185.58,,True,long,0.024681133013086,
KLAC,1h,cross_USO_state_vol=high_vol + state_ext=neutral,2026-07-23 18:00:00+00:00,,-0.0023253650823179,-0.1097107245837596,KLAC|1h|rolling|cross_USO_state_vol=high_vol + state_ext=neutral|2026-07-23 18:00:00+00:00,rolling,215.02,2026-09-03T21:41:10.478413+00:00,214.52,191.43,False,long,-0.0023253650823179,-0.1097107245837596
KLAC,1h,cross_USO_state_vol=high_vol + state_ext=neutral,2026-07-23 19:00:00+00:00,,-0.0250937014352318,-0.1234573544199651,KLAC|1h|rolling|cross_USO_state_vol=high_vol + state_ext=neutral|2026-07-23 19:00:00+00:00,rolling,218.78,2026-09-03T21:41:10.508539+00:00,213.29,191.77,False,long,-0.0250937014352318,-0.1234573544199651
KLAC,1h,cross_USO_state_vol=high_vol + state_ext=neutral,2026-07-24 13:00:00+00:00,,-0.0183389790912277,-0.1082116575166451,KLAC|1h|rolling|cross_USO_state_vol=high_vol + state_ext=neutral|2026-07-24 13:00:00+00:00,rolling,214.025,2026-09-03T21:41:10.518897+00:00,210.1,190.865,False,long,-0.0183389790912277,-0.1082116575166451
KLAC,1h,cross_USO_state_vol=high_vol + state_ext=neutral,2026-07-24 14:00:00+00:00,,-0.0196603694472268,-0.1575391926203732,KLAC|1h|rolling|cross_USO_state_vol=high_vol + state_ext=neutral|2026-07-24 14:00:00+00:00,rolling,214.645,2026-09-03T21:41:10.528834+00:00,210.425,180.83,False,long,-0.0196603694472268,-0.1575391926203732
KLAC,1h,cross_USO_state_vol=high_vol + state_ext=neutral,2026-07-24 15:00:00+00:00,,-0.0454702907419809,-0.1780477103203011,KLAC|1h|rolling|cross_USO_state_vol=high_vol + state_ext=neutral|2026-07-24 15:00:00+00:00,rolling,216.515,2026-09-03T21:41:10.539639+00:00,206.67,177.965,False,long,-0.0454702907419809,-0.1780477103203011
KLAC,1h,cross_USO_state_vol=high_vol + state_ext=neutral,2026-07-24 16:00:00+00:00,,-0.0602974081670706,-0.1873251911243707,KLAC|1h|rolling|cross_USO_state_vol=high_vol + state_ext=neutral|2026-07-24 16:00:00+00:00,rolling,214.52,2026-09-03T21:41:10.549808+00:00,201.585,174.335,False,long,-0.0602974081670706,-0.1873251911243707
KLAC,1h,cross_USO_state_vol=high_vol + state_ext=neutral,2026-07-24 17:00:00+00:00,,-0.0702799006048102,-0.1884054573585259,KLAC|1h|rolling|cross_USO_state_vol=high_vol + state_ext=neutral|2026-07-24 17:00:00+00:00,rolling,213.29,2026-09-03T21:41:10.559812+00:00,198.3,173.105,False,long,-0.0702799006048102,-0.1884054573585259
KLAC,1h,cross_USO_state_vol=high_vol + state_ext=neutral,2026-08-11 15:00:00+00:00,,0.0436410230641677,0.0251214371360326,KLAC|1h|rolling|cross_USO_state_vol=high_vol + state_ext=neutral|2026-08-11 15:00:00+00:00,rolling,199.01,2026-09-03T21:41:13.141775+00:00,207.695,204.00941720444183,False,long,0.0436410230641677,0.0251214371360326
KLAC,1h,cross_USO_state_vol=high_vol + state_ext=neutral,2026-08-11 16:00:00+00:00,,0.0388334844363855,0.0143164421316426,KLAC|1h|rolling|cross_USO_state_vol=high_vol + state_ext=neutral|2026-08-11 16:00:00+00:00,rolling,198.54,2026-09-03T21:41:13.169902+00:00,206.25,201.38238642081632,False,long,0.0388334844363855,0.0143164421316426
KLAC,1h,cross_USO_state_vol=high_vol + state_ext=neutral,2026-08-11 17:00:00+00:00,,0.0481116128869489,0.0185021863430612,KLAC|1h|rolling|cross_USO_state_vol=high_vol + state_ext=neutral|2026-08-11 17:00:00+00:00,rolling,198.185,2026-09-03T21:41:13.207450+00:00,207.72,201.8518558003996,False,long,0.0481116128869489,0.0185021863430612
KLAC,1h,cross_USO_state_vol=high_vol + state_ext=neutral,2026-08-11 18:00:00+00:00,,0.0476787640139451,0.0095183626604078,KLAC|1h|rolling|cross_USO_state_vol=high_vol + state_ext=neutral|2026-08-11 18:00:00+00:00,rolling,199.355,2026-09-03T21:41:13.226235+00:00,208.86,201.2525331881656,False,long,0.0476787640139451,0.0095183626604078
KLAC,1h,cross_USO_state_vol=high_vol + state_ext=neutral,2026-08-11 19:00:00+00:00,,0.0494081059390048,0.018361431050641,KLAC|1h|rolling|cross_USO_state_vol=high_vol + state_ext=neutral|2026-08-11 19:00:00+00:00,rolling,199.36,2026-09-03T21:41:13.235667+00:00,209.21,203.0205348942558,False,long,0.0494081059390048,0.018361431050641
KLAC,1h,cross_USO_state_vol=high_vol + state_ext=neutral,2026-09-02 14:00:00+00:00,,0.0090791940018744,,KLAC|1h|rolling|cross_USO_state_vol=high_vol + state_ext=neutral|2026-09-02 14:00:00+00:00,rolling,170.72,2026-09-03T21:41:57.387941+00:00,172.27,,True,long,0.0090791940018744,
KLAC,1h,cross_USO_state_vol=high_vol + state_ext=neutral,2026-09-02 15:00:00+00:00,,-0.01417943107221,,KLAC|1h|rolling|cross_USO_state_vol=high_vol + state_ext=neutral|2026-09-02 15:00:00+00:00,rolling,171.375,2026-09-03T21:41:58.514950+00:00,168.945,,True,long,-0.01417943107221,
KLAC,1h,cross_USO_state_vol=high_vol + state_ext=neutral,2026-09-02 16:00:00+00:00,,-0.0059995340167754,,KLAC|1h|rolling|cross_USO_state_vol=high_vol + state_ext=neutral|2026-09-02 16:00:00+00:00,rolling,171.68,2026-09-03T21:41:59.428140+00:00,170.65,,True,long,-0.0059995340167754,
KLAC,1h,cross_USO_state_vol=high_vol + state_ext=neutral,2026-09-02 18:00:00+00:00,,-0.0021497879263262,,KLAC|1h|rolling|cross_USO_state_vol=high_vol + state_ext=neutral|2026-09-02 18:00:00+00:00,rolling,172.11,2026-09-03T21:42:02.309282+00:00,171.74,,True,long,-0.0021497879263262,
KLAC,1h,cross_USO_state_vol=high_vol + state_ext=stretched_down,2026-07-28 19:00:00+00:00,,-0.0741361887308275,-0.0511094228905246,KLAC|1h|rolling|cross_USO_state_vol=high_vol + state_ext=stretched_down|2026-07-28 19:00:00+00:00,rolling,190.865,2026-07-31T21:24:50.116862+00:00,176.71499633789062,181.11,False,long,-0.0741361887308275,-0.0511094228905246
KLAC,1h,cross_USO_state_vol=high_vol + state_ext=stretched_down,2026-07-29 13:00:00+00:00,,-0.0381020713299439,-0.0022673228999614,KLAC|1h|rolling|cross_USO_state_vol=high_vol + state_ext=stretched_down|2026-07-29 13:00:00+00:00,rolling,180.83,2026-07-31T21:24:50.484092+00:00,173.94000244140625,180.42,False,long,-0.0381020713299439,-0.0022673228999614
KLAC,1h,cross_USO_state_vol=high_vol + state_ext=stretched_down,2026-07-29 14:00:00+00:00,,-0.0240496864069128,0.0453740904110357,KLAC|1h|rolling|cross_USO_state_vol=high_vol + state_ext=stretched_down|2026-07-29 14:00:00+00:00,rolling,177.965,2026-07-31T21:24:50.884317+00:00,173.68499755859375,186.04,False,long,-0.0240496864069128,0.0453740904110357
KLAC,1h,cross_USO_state_vol=high_vol + state_ext=stretched_down,2026-07-29 15:00:00+00:00,,-0.0003154915576513,0.0688043135342875,KLAC|1h|rolling|cross_USO_state_vol=high_vol + state_ext=stretched_down|2026-07-29 15:00:00+00:00,rolling,174.335,2026-07-31T21:24:51.262609+00:00,174.27999877929688,186.33,False,long,-0.0003154915576513,0.0688043135342875
KLAC,1h,cross_USO_state_vol=high_vol + state_ext=stretched_down,2026-07-29 16:00:00+00:00,,0.016724570702888,0.0769764016059617,KLAC|1h|rolling|cross_USO_state_vol=high_vol + state_ext=stretched_down|2026-07-29 16:00:00+00:00,rolling,173.105,2026-07-31T21:24:51.640615+00:00,176.00010681152344,186.43,False,long,0.016724570702888,0.0769764016059617
KLAC,1h,cross_USO_state_vol=high_vol + state_ext=stretched_down,2026-07-29 17:00:00+00:00,,-0.0270424697821773,,KLAC|1h|rolling|cross_USO_state_vol=high_vol + state_ext=stretched_down|2026-07-29 17:00:00+00:00,rolling,174.54,2026-07-31T21:24:55.942504+00:00,169.82000732421875,,True,long,-0.0270424697821773,
KLAC,1h,cross_USO_state_vol=high_vol + state_ext=stretched_down,2026-07-29 18:00:00+00:00,,0.0197879662522202,,KLAC|1h|rolling|cross_USO_state_vol=high_vol + state_ext=stretched_down|2026-07-29 18:00:00+00:00,rolling,180.16,2026-07-31T21:25:04.391504+00:00,183.725,,True,long,0.0197879662522202,
KLAC,1h,cross_USO_state_vol=high_vol + state_ext=stretched_down,2026-07-29 19:00:00+00:00,,0.070245506871843,,KLAC|1h|rolling|cross_USO_state_vol=high_vol + state_ext=stretched_down|2026-07-29 19:00:00+00:00,rolling,170.26,2026-07-31T21:25:27.794890+00:00,182.22,,True,long,0.070245506871843,
KLAC,1h,cross_USO_state_vol=high_vol + state_ext=stretched_down,2026-07-30 17:00:00+00:00,,0.024681133013086,,KLAC|1h|rolling|cross_USO_state_vol=high_vol + state_ext=stretched_down|2026-07-30 17:00:00+00:00,rolling,181.11,2026-07-31T21:25:59.276868+00:00,185.58,,True,long,0.024681133013086,
KLAC,1h,cross_USO_state_vol=high_vol + state_ext=stretched_down,2026-07-30 18:00:00+00:00,,0.0377032746714189,,KLAC|1h|rolling|cross_USO_state_vol=high_vol + state_ext=stretched_down|2026-07-30 18:00:00+00:00,rolling,179.56,2026-07-31T21:26:04.560907+00:00,186.33,,True,long,0.0377032746714189,
KLAC,1h,cross_USO_state_vol=high_vol + state_ext=stretched_up,2026-07-31 15:00:00+00:00,,,,KLAC|1h|rolling|cross_USO_state_vol=high_vol + state_ext=stretched_up|2026-07-31 15:00:00+00:00,rolling,185.58,2026-07-31T21:26:57.389380+00:00,,,True,short,,
KLAC,1h,cross_USO_state_vol=high_vol + state_ext=stretched_up,2026-07-31 16:00:00+00:00,,,,KLAC|1h|rolling|cross_USO_state_vol=high_vol + state_ext=stretched_up|2026-07-31 16:00:00+00:00,rolling,186.33,2026-07-31T21:27:18.391073+00:00,,,True,short,,
KLAC,1h,cross_USO_state_vol=high_vol + state_ext=stretched_up,2026-07-31 17:00:00+00:00,,,,KLAC|1h|rolling|cross_USO_state_vol=high_vol + state_ext=stretched_up|2026-07-31 17:00:00+00:00,rolling,187.48,2026-07-31T21:27:38.742403+00:00,,,True,short,,
KLAC,1h,cross_USO_state_vol=high_vol + state_ext=stretched_up,2026-07-31 18:00:00+00:00,,,,KLAC|1h|rolling|cross_USO_state_vol=high_vol + state_ext=stretched_up|2026-07-31 18:00:00+00:00,rolling,186.43,2026-07-31T21:27:56.993301+00:00,,,True,short,,
KLAC,1h,cross_USO_state_vol=mid_vol + state_ext=stretched_up,2026-07-30 19:00:00+00:00,,0.0391309167498059,,KLAC|1h|rolling|cross_USO_state_vol=mid_vol + state_ext=stretched_up|2026-07-30 19:00:00+00:00,rolling,180.42,2026-07-31T21:26:26.609556+00:00,187.48,,True,short,-0.0391309167498059,
KLAC,1h,cross_USO_state_vol=mid_vol + state_ext=stretched_up,2026-07-31 13:00:00+00:00,,0.015137489790362,,KLAC|1h|rolling|cross_USO_state_vol=mid_vol + state_ext=stretched_up|2026-07-31 13:00:00+00:00,rolling,183.65,2026-07-31T21:26:36.049620+00:00,186.43,,True,short,-0.015137489790362,
KLAC,1h,cross_USO_state_vol=mid_vol + state_ext=stretched_up,2026-07-31 14:00:00+00:00,,-0.0180606321221241,,KLAC|1h|rolling|cross_USO_state_vol=mid_vol + state_ext=stretched_up|2026-07-31 14:00:00+00:00,rolling,186.04,2026-07-31T21:26:43.039940+00:00,182.68,,True,short,0.0180606321221241,
KLAC,1h,state_ext=neutral + state_ret_1=ret_down,2026-08-11 15:00:00+00:00,,0.0436410230641677,0.0251214371360326,KLAC|1h|rolling|state_ext=neutral + state_ret_1=ret_down|2026-08-11 15:00:00+00:00,rolling,199.01,2026-08-28T21:31:01.114421+00:00,207.695,204.00941720444183,False,long,0.0436410230641677,0.0251214371360326
KLAC,1h,state_ext=neutral + state_ret_1=ret_down,2026-08-13 19:00:00+00:00,,-0.0381047523567184,-0.0775719918747759,KLAC|1h|rolling|state_ext=neutral + state_ret_1=ret_down|2026-08-13 19:00:00+00:00,rolling,209.225,2026-08-28T21:31:04.478643+00:00,201.2525331881656,192.995,False,long,-0.0381047523567184,-0.0775719918747759
KLAC,1h,state_ext=neutral + state_ret_1=ret_down,2026-08-14 13:00:00+00:00,,-0.0081076075129187,-0.048172757475083,KLAC|1h|rolling|state_ext=neutral + state_ret_1=ret_down|2026-08-14 13:00:00+00:00,rolling,204.68,2026-08-28T21:31:05.781542+00:00,203.0205348942558,194.82,False,long,-0.0081076075129187,-0.048172757475083
KLAC,1h,state_ext=neutral + state_ret_1=ret_down,2026-08-17 14:00:00+00:00,,-0.0001457442673921,-0.091818888457054,KLAC|1h|rolling|state_ext=neutral + state_ret_1=ret_down|2026-08-17 14:00:00+00:00,rolling,205.84,2026-08-28T21:31:06.836541+00:00,205.81,186.94,False,long,-0.0001457442673921,-0.091818888457054
KLAC,1h,state_ext=neutral + state_ret_1=ret_down,2026-08-17 17:00:00+00:00,,-0.0612530795613737,-0.0953577121878169,KLAC|1h|rolling|state_ext=neutral + state_ret_1=ret_down|2026-08-17 17:00:00+00:00,rolling,207.01,2026-08-28T21:31:06.903138+00:00,194.33,187.27,False,long,-0.0612530795613737,-0.0953577121878169
KLAC,1h,state_ext=neutral + state_ret_1=ret_down,2026-08-17 18:00:00+00:00,,-0.0599447781437706,-0.101869792675838,KLAC|1h|rolling|state_ext=neutral + state_ret_1=ret_down|2026-08-17 18:00:00+00:00,rolling,206.44,2026-08-28T21:31:08.579765+00:00,194.065,185.41,False,long,-0.0599447781437706,-0.101869792675838
KLAC,1h,state_ext=neutral + state_ret_1=ret_down,2026-08-17 19:00:00+00:00,,-0.0633837034157719,-0.1004324376852437,KLAC|1h|rolling|state_ext=neutral + state_ret_1=ret_down|2026-08-17 19:00:00+00:00,rolling,205.81,2026-08-28T21:31:08.621161+00:00,192.765,185.14,False,long,-0.0633837034157719,-0.1004324376852437
KLAC,1h,state_ext=neutral + state_ret_1=ret_down,2026-08-25 14:00:00+00:00,,0.0071424646997417,-0.0067029284105268,KLAC|1h|rolling|state_ext=neutral + state_ret_1=ret_down|2026-08-25 14:00:00+00:00,rolling,182.01,2026-08-28T21:31:22.566313+00:00,183.31,180.79,False,long,0.0071424646997417,-0.0067029284105268
KLAC,1h,state_ext=neutral + state_ret_1=ret_down,2026-08-25 19:00:00+00:00,,0.005591185660253,-0.0382064353450638,KLAC|1h|rolling|state_ext=neutral + state_ret_1=ret_down|2026-08-25 19:00:00+00:00,rolling,182.43,2026-08-28T21:31:22.744638+00:00,183.45,175.46,False,long,0.005591185660253,-0.0382064353450638
KLAC,1h,state_ext=neutral + state_ret_1=ret_down,2026-08-26 13:00:00+00:00,,0.0103342128408092,-0.0351528144239224,KLAC|1h|rolling|state_ext=neutral + state_ret_1=ret_down|2026-08-26 13:00:00+00:00,rolling,181.92,2026-08-28T21:31:30.412367+00:00,183.8,175.525,False,long,0.0103342128408092,-0.0351528144239224
KLAC,1h,state_ext=neutral + state_ret_1=ret_down,2026-08-26 14:00:00+00:00,,0.0219874913134121,,KLAC|1h|rolling|state_ext=neutral + state_ret_1=ret_down|2026-08-26 14:00:00+00:00,rolling,179.875,2026-08-28T21:31:31.122737+00:00,183.83,,True,long,0.0219874913134121,
KLAC,1h,state_ext=neutral + state_ret_1=ret_down,2026-08-26 16:00:00+00:00,,0.0053226696083836,,KLAC|1h|rolling|state_ext=neutral + state_ret_1=ret_down|2026-08-26 16:00:00+00:00,rolling,181.3,2026-08-28T21:31:34.014813+00:00,182.265,,True,long,0.0053226696083836,
KLAC,1h,state_ext=neutral + state_ret_1=ret_down,2026-08-27 13:00:00+00:00,,0.0021992522542335,,KLAC|1h|rolling|state_ext=neutral + state_ret_1=ret_down|2026-08-27 13:00:00+00:00,rolling,181.88,2026-08-28T21:31:43.033600+00:00,182.28,,True,long,0.0021992522542335,
KLAC,1h,state_ext=neutral + state_ret_1=ret_down,2026-08-27 17:00:00+00:00,,-0.0330834063047285,,KLAC|1h|rolling|state_ext=neutral + state_ret_1=ret_down|2026-08-27 17:00:00+00:00,rolling,182.72,2026-08-28T21:31:46.233042+00:00,176.675,,True,long,-0.0330834063047285,
KLAC,1h,state_ext=neutral + state_ret_1=ret_down,2026-08-28 13:00:00+00:00,,-0.0294817191216327,,KLAC|1h|rolling|state_ext=neutral + state_ret_1=ret_down|2026-08-28 13:00:00+00:00,rolling,180.79,2026-08-28T21:31:54.632659+00:00,175.46,,True,long,-0.0294817191216327,
KLAC,1h,state_ext=neutral + state_ret_5=ret_up,2026-09-03 18:00:00+00:00,,0.0887364075129382,0.0579170785602141,KLAC|1h|rolling|state_ext=neutral + state_ret_5=ret_up|2026-09-03 18:00:00+00:00,rolling,171.97,2026-09-11T21:40:30.312472+00:00,187.23,181.93,False,long,0.0887364075129382,0.0579170785602141
KLAC,1h,state_ext=neutral + state_ret_5=ret_up,2026-09-03 19:00:00+00:00,,0.0745785257800526,0.0513287643503657,KLAC|1h|rolling|state_ext=neutral + state_ret_5=ret_up|2026-09-03 19:00:00+00:00,rolling,172.905,2026-09-11T21:40:30.402030+00:00,185.8,181.78,False,long,0.0745785257800526,0.0513287643503657
KLAC,1h,state_ext=neutral + state_ret_5=ret_up,2026-09-11 15:00:00+00:00,,,,KLAC|1h|rolling|state_ext=neutral + state_ret_5=ret_up|2026-09-11 15:00:00+00:00,rolling,181.32,2026-09-11T21:40:50.471937+00:00,,,True,long,,
KLAC,1h,state_ext=neutral + state_slope=downtrend + state_vol=high_vol,2026-09-11 14:00:00+00:00,,-2.7674000276922683e-05,,KLAC|1h|rolling|state_ext=neutral + state_slope=downtrend + state_vol=high_vol|2026-09-11 14:00:00+00:00,rolling,180.675,2026-09-15T19:39:51.115634+00:00,180.67,,True,long,-2.7674000276922683e-05,
KLAC,1h,state_ext=neutral + state_slope=downtrend + state_vol=high_vol,2026-09-11 15:00:00+00:00,,-0.0547099051400837,,KLAC|1h|rolling|state_ext=neutral + state_slope=downtrend + state_vol=high_vol|2026-09-11 15:00:00+00:00,rolling,181.32,2026-09-15T19:39:51.492342+00:00,171.4,,True,long,-0.0547099051400837,
KLAC,1h,state_ext=stretched_down + state_ret_1=ret_down,2026-07-29 13:00:00+00:00,,-0.0381020713299439,-0.0022673228999614,KLAC|1h|rolling|state_ext=stretched_down + state_ret_1=ret_down|2026-07-29 13:00:00+00:00,rolling,180.83,2026-07-31T21:24:50.440886+00:00,173.94000244140625,180.42,False,long,-0.0381020713299439,-0.0022673228999614
KLAC,1h,state_ext=stretched_down + state_ret_1=ret_down,2026-07-29 14:00:00+00:00,,-0.0240496864069128,0.0453740904110357,KLAC|1h|rolling|state_ext=stretched_down + state_ret_1=ret_down|2026-07-29 14:00:00+00:00,rolling,177.965,2026-07-31T21:24:50.826081+00:00,173.68499755859375,186.04,False,long,-0.0240496864069128,0.0453740904110357
KLAC,1h,state_ext=stretched_down + state_ret_1=ret_down,2026-07-29 15:00:00+00:00,,-0.0003154915576513,0.0688043135342875,KLAC|1h|rolling|state_ext=stretched_down + state_ret_1=ret_down|2026-07-29 15:00:00+00:00,rolling,174.335,2026-07-31T21:24:51.204991+00:00,174.27999877929688,186.33,False,long,-0.0003154915576513,0.0688043135342875
KLAC,1h,state_ext=stretched_down + state_ret_1=ret_down,2026-07-29 19:00:00+00:00,,0.070245506871843,,KLAC|1h|rolling|state_ext=stretched_down + state_ret_1=ret_down|2026-07-29 19:00:00+00:00,rolling,170.26,2026-07-31T21:25:25.341353+00:00,182.22,,True,long,0.070245506871843,
KLAC,1h,state_ext=stretched_down + state_slope=downtrend,2026-07-29 14:00:00+00:00,,-0.0240496864069128,0.0453740904110357,KLAC|1h|rolling|state_ext=stretched_down + state_slope=downtrend|2026-07-29 14:00:00+00:00,rolling,177.965,2026-07-31T21:24:50.855208+00:00,173.68499755859375,186.04,False,long,-0.0240496864069128,0.0453740904110357
KLAC,1h,state_ext=stretched_down + state_slope=downtrend,2026-07-29 15:00:00+00:00,,-0.0003154915576513,0.0688043135342875,KLAC|1h|rolling|state_ext=stretched_down + state_slope=downtrend|2026-07-29 15:00:00+00:00,rolling,174.335,2026-07-31T21:24:51.233693+00:00,174.27999877929688,186.33,False,long,-0.0003154915576513,0.0688043135342875
KLAC,1h,state_ext=stretched_down + state_slope=downtrend,2026-07-29 16:00:00+00:00,,0.016724570702888,0.0769764016059617,KLAC|1h|rolling|state_ext=stretched_down + state_slope=downtrend|2026-07-29 16:00:00+00:00,rolling,173.105,2026-07-31T21:24:51.611773+00:00,176.00010681152344,186.43,False,long,0.016724570702888,0.0769764016059617
KLAC,1h,state_ext=stretched_down + state_slope=downtrend,2026-07-29 17:00:00+00:00,,-0.0270424697821773,,KLAC|1h|rolling|state_ext=stretched_down + state_slope=downtrend|2026-07-29 17:00:00+00:00,rolling,174.54,2026-07-31T21:24:55.232534+00:00,169.82000732421875,,True,long,-0.0270424697821773,
KLAC,1h,state_ext=stretched_down + state_slope=downtrend,2026-07-29 18:00:00+00:00,,0.0197879662522202,,KLAC|1h|rolling|state_ext=stretched_down + state_slope=downtrend|2026-07-29 18:00:00+00:00,rolling,180.16,2026-07-31T21:25:03.333498+00:00,183.725,,True,long,0.0197879662522202,
KLAC,1h,state_ext=stretched_down + state_slope=downtrend,2026-07-29 19:00:00+00:00,,0.070245506871843,,KLAC|1h|rolling|state_ext=stretched_down + state_slope=downtrend|2026-07-29 19:00:00+00:00,rolling,170.26,2026-07-31T21:25:26.709392+00:00,182.22,,True,long,0.070245506871843,
KLAC,1h,state_ext=stretched_down + state_slope=downtrend,2026-07-30 17:00:00+00:00,,0.024681133013086,,KLAC|1h|rolling|state_ext=stretched_down + state_slope=downtrend|2026-07-30 17:00:00+00:00,rolling,181.11,2026-07-31T21:25:58.248521+00:00,185.58,,True,long,0.024681133013086,
KLAC,1h,state_ext=stretched_down + state_vol=mid_vol,2026-07-28 19:00:00+00:00,,-0.0741361887308275,-0.0511094228905246,KLAC|1h|rolling|state_ext=stretched_down + state_vol=mid_vol|2026-07-28 19:00:00+00:00,rolling,190.865,2026-07-31T21:24:50.087754+00:00,176.71499633789062,181.11,False,long,-0.0741361887308275,-0.0511094228905246
KLAC,1h,state_ext=stretched_down + state_vol=mid_vol,2026-07-29 13:00:00+00:00,,-0.0381020713299439,-0.0022673228999614,KLAC|1h|rolling|state_ext=stretched_down + state_vol=mid_vol|2026-07-29 13:00:00+00:00,rolling,180.83,2026-07-31T21:24:50.455371+00:00,173.94000244140625,180.42,False,long,-0.0381020713299439,-0.0022673228999614
KLAC,1h,state_ext=stretched_down + state_vol=mid_vol,2026-07-29 14:00:00+00:00,,-0.0240496864069128,0.0453740904110357,KLAC|1h|rolling|state_ext=stretched_down + state_vol=mid_vol|2026-07-29 14:00:00+00:00,rolling,177.965,2026-07-31T21:24:50.840594+00:00,173.68499755859375,186.04,False,long,-0.0240496864069128,0.0453740904110357
KLAC,1h,state_ext=stretched_down + state_vol=mid_vol,2026-07-29 15:00:00+00:00,,-0.0003154915576513,0.0688043135342875,KLAC|1h|rolling|state_ext=stretched_down + state_vol=mid_vol|2026-07-29 15:00:00+00:00,rolling,174.335,2026-07-31T21:24:51.219329+00:00,174.27999877929688,186.33,False,long,-0.0003154915576513,0.0688043135342875
KLAC,1h,state_ext=stretched_down + state_vol=mid_vol,2026-07-29 16:00:00+00:00,,0.016724570702888,0.0769764016059617,KLAC|1h|rolling|state_ext=stretched_down + state_vol=mid_vol|2026-07-29 16:00:00+00:00,rolling,173.105,2026-07-31T21:24:51.582965+00:00,176.00010681152344,186.43,False,long,0.016724570702888,0.0769764016059617
KLAC,1h,state_ext=stretched_down + state_vol=mid_vol,2026-07-29 17:00:00+00:00,,-0.0270424697821773,,KLAC|1h|rolling|state_ext=stretched_down + state_vol=mid_vol|2026-07-29 17:00:00+00:00,rolling,174.54,2026-07-31T21:24:54.144481+00:00,169.82000732421875,,True,long,-0.0270424697821773,
KLAC,1h,state_ext=stretched_down + state_vol=mid_vol,2026-07-29 18:00:00+00:00,,0.0197879662522202,,KLAC|1h|rolling|state_ext=stretched_down + state_vol=mid_vol|2026-07-29 18:00:00+00:00,rolling,180.16,2026-07-31T21:25:01.547138+00:00,183.725,,True,long,0.0197879662522202,
KLAC,1h,state_ext=stretched_down + state_vol=mid_vol,2026-07-29 19:00:00+00:00,,0.070245506871843,,KLAC|1h|rolling|state_ext=stretched_down + state_vol=mid_vol|2026-07-29 19:00:00+00:00,rolling,170.26,2026-07-31T21:25:27.048259+00:00,182.22,,True,long,0.070245506871843,
KLAC,1h,state_ext=stretched_down + state_vol=mid_vol,2026-07-30 17:00:00+00:00,,0.024681133013086,,KLAC|1h|rolling|state_ext=stretched_down + state_vol=mid_vol|2026-07-30 17:00:00+00:00,rolling,181.11,2026-07-31T21:25:58.572199+00:00,185.58,,True,long,0.024681133013086,
KLAC,1h,state_ext=stretched_down + state_vol=mid_vol,2026-07-30 18:00:00+00:00,,0.0377032746714189,,KLAC|1h|rolling|state_ext=stretched_down + state_vol=mid_vol|2026-07-30 18:00:00+00:00,rolling,179.56,2026-07-31T21:26:04.209069+00:00,186.33,,True,long,0.0377032746714189,
KLAC,1h,state_ext=stretched_up + state_ret_1=ret_up,2026-07-31 13:00:00+00:00,,0.015137489790362,,KLAC|1h|rolling|state_ext=stretched_up + state_ret_1=ret_up|2026-07-31 13:00:00+00:00,rolling,183.65,2026-07-31T21:26:35.347864+00:00,186.43,,True,short,-0.015137489790362,
KLAC,1h,state_ext=stretched_up + state_ret_1=ret_up,2026-07-31 14:00:00+00:00,,-0.0180606321221241,,KLAC|1h|rolling|state_ext=stretched_up + state_ret_1=ret_up|2026-07-31 14:00:00+00:00,rolling,186.04,2026-07-31T21:26:42.366332+00:00,182.68,,True,short,0.0180606321221241,
KLAC,1h,state_ext=stretched_up + state_ret_5=ret_up,2026-07-31 16:00:00+00:00,,,,KLAC|1h|rolling|state_ext=stretched_up + state_ret_5=ret_up|2026-07-31 16:00:00+00:00,rolling,186.33,2026-07-31T21:27:15.629632+00:00,,,True,short,,
KLAC,1h,state_ext=stretched_up + state_ret_5=ret_up,2026-07-31 17:00:00+00:00,,,,KLAC|1h|rolling|state_ext=stretched_up + state_ret_5=ret_up|2026-07-31 17:00:00+00:00,rolling,187.48,2026-07-31T21:27:35.968086+00:00,,,True,short,,
KLAC,1h,state_ext=stretched_up + state_slope=uptrend,2026-07-31 16:00:00+00:00,,,,KLAC|1h|rolling|state_ext=stretched_up + state_slope=uptrend|2026-07-31 16:00:00+00:00,rolling,186.33,2026-07-31T21:27:17.691881+00:00,,,True,short,,
KLAC,1h,state_ext=stretched_up + state_slope=uptrend,2026-07-31 17:00:00+00:00,,,,KLAC|1h|rolling|state_ext=stretched_up + state_slope=uptrend|2026-07-31 17:00:00+00:00,rolling,187.48,2026-07-31T21:27:38.044498+00:00,,,True,short,,
KLAC,1h,state_ext=stretched_up + state_slope=uptrend,2026-07-31 18:00:00+00:00,,,,KLAC|1h|rolling|state_ext=stretched_up + state_slope=uptrend|2026-07-31 18:00:00+00:00,rolling,186.43,2026-07-31T21:27:56.305350+00:00,,,True,short,,
KLAC,1h,state_ext=stretched_up + state_slope=uptrend + state_vol=mid_vol,2026-07-31 16:00:00+00:00,,,,KLAC|1h|rolling|state_ext=stretched_up + state_slope=uptrend + state_vol=mid_vol|2026-07-31 16:00:00+00:00,rolling,186.33,2026-07-31T21:27:13.538893+00:00,,,True,short,,
KLAC,1h,state_ext=stretched_up + state_slope=uptrend + state_vol=mid_vol,2026-07-31 17:00:00+00:00,,,,KLAC|1h|rolling|state_ext=stretched_up + state_slope=uptrend + state_vol=mid_vol|2026-07-31 17:00:00+00:00,rolling,187.48,2026-07-31T21:27:33.842784+00:00,,,True,short,,
KLAC,1h,state_ext=stretched_up + state_slope=uptrend + state_vol=mid_vol,2026-07-31 18:00:00+00:00,,,,KLAC|1h|rolling|state_ext=stretched_up + state_slope=uptrend + state_vol=mid_vol|2026-07-31 18:00:00+00:00,rolling,186.43,2026-07-31T21:27:52.775904+00:00,,,True,short,,
KLAC,1h,state_ext=stretched_up + state_vol=mid_vol,2026-07-30 19:00:00+00:00,,0.0391309167498059,,KLAC|1h|rolling|state_ext=stretched_up + state_vol=mid_vol|2026-07-30 19:00:00+00:00,rolling,180.42,2026-07-31T21:26:25.905865+00:00,187.48,,True,short,-0.0391309167498059,
KLAC,1h,state_ext=stretched_up + state_vol=mid_vol,2026-07-31 13:00:00+00:00,,0.015137489790362,,KLAC|1h|rolling|state_ext=stretched_up + state_vol=mid_vol|2026-07-31 13:00:00+00:00,rolling,183.65,2026-07-31T21:26:35.715259+00:00,186.43,,True,short,-0.015137489790362,
KLAC,1h,state_ext=stretched_up + state_vol=mid_vol,2026-07-31 14:00:00+00:00,,-0.0180606321221241,,KLAC|1h|rolling|state_ext=stretched_up + state_vol=mid_vol|2026-07-31 14:00:00+00:00,rolling,186.04,2026-07-31T21:26:42.715647+00:00,182.68,,True,short,0.0180606321221241,
KLAC,1h,state_ext=stretched_up + state_vol=mid_vol,2026-07-31 15:00:00+00:00,,,,KLAC|1h|rolling|state_ext=stretched_up + state_vol=mid_vol|2026-07-31 15:00:00+00:00,rolling,185.58,2026-07-31T21:26:55.994620+00:00,,,True,short,,
KLAC,1h,state_ext=stretched_up + state_vol=mid_vol,2026-07-31 16:00:00+00:00,,,,KLAC|1h|rolling|state_ext=stretched_up + state_vol=mid_vol|2026-07-31 16:00:00+00:00,rolling,186.33,2026-07-31T21:27:14.930792+00:00,,,True,short,,
KLAC,1h,state_ext=stretched_up + state_vol=mid_vol,2026-07-31 17:00:00+00:00,,,,KLAC|1h|rolling|state_ext=stretched_up + state_vol=mid_vol|2026-07-31 17:00:00+00:00,rolling,187.48,2026-07-31T21:27:35.276122+00:00,,,True,short,,
KLAC,1h,state_ext=stretched_up + state_vol=mid_vol,2026-07-31 18:00:00+00:00,,,,KLAC|1h|rolling|state_ext=stretched_up + state_vol=mid_vol|2026-07-31 18:00:00+00:00,rolling,186.43,2026-07-31T21:27:54.163645+00:00,,,True,short,,
KLAC,1h,state_gap_open=gap_open_flat + state_ext=neutral,2026-08-13 19:00:00+00:00,,-0.0381047523567184,-0.0775719918747759,KLAC|1h|rolling|state_gap_open=gap_open_flat + state_ext=neutral|2026-08-13 19:00:00+00:00,rolling,209.225,2026-08-25T21:31:55.285059+00:00,201.2525331881656,192.995,False,long,-0.0381047523567184,-0.0775719918747759
KLAC,1h,state_gap_open=gap_open_flat + state_ext=neutral,2026-08-14 13:00:00+00:00,,-0.0081076075129187,-0.048172757475083,KLAC|1h|rolling|state_gap_open=gap_open_flat + state_ext=neutral|2026-08-14 13:00:00+00:00,rolling,204.68,2026-08-25T21:31:56.761500+00:00,203.0205348942558,194.82,False,long,-0.0081076075129187,-0.048172757475083
KLAC,1h,state_gap_open=gap_open_flat + state_ext=neutral,2026-08-14 14:00:00+00:00,,-0.0038677563992192,-0.0726596161378769,KLAC|1h|rolling|state_gap_open=gap_open_flat + state_ext=neutral|2026-08-14 14:00:00+00:00,rolling,204.24,2026-08-25T21:31:56.798205+00:00,203.45004943302348,189.4,False,long,-0.0038677563992192,-0.0726596161378769
KLAC,1h,state_gap_open=gap_open_flat + state_ext=neutral,2026-08-17 13:00:00+00:00,,-0.0094762852961638,-0.1015042103495429,KLAC|1h|rolling|state_gap_open=gap_open_flat + state_ext=neutral|2026-08-17 13:00:00+00:00,rolling,208.415,2026-08-25T21:31:58.524447+00:00,206.44,187.26,False,long,-0.0094762852961638,-0.1015042103495429
KLAC,1h,state_gap_open=gap_open_flat + state_ext=neutral,2026-08-17 14:00:00+00:00,,-0.0001457442673921,-0.091818888457054,KLAC|1h|rolling|state_gap_open=gap_open_flat + state_ext=neutral|2026-08-17 14:00:00+00:00,rolling,205.84,2026-08-25T21:31:58.628553+00:00,205.81,186.94,False,long,-0.0001457442673921,-0.091818888457054
KLAC,1h,state_gap_open=gap_open_flat + state_ext=neutral,2026-08-17 15:00:00+00:00,,-0.0437427578215526,-0.0919756662804172,KLAC|1h|rolling|state_gap_open=gap_open_flat + state_ext=neutral|2026-08-17 15:00:00+00:00,rolling,207.12,2026-08-25T21:31:58.667467+00:00,198.06,188.07,False,long,-0.0437427578215526,-0.0919756662804172
KLAC,1h,state_gap_open=gap_open_flat + state_ext=neutral,2026-08-17 16:00:00+00:00,,-0.0701416321418249,-0.0992388476731863,KLAC|1h|rolling|state_gap_open=gap_open_flat + state_ext=neutral|2026-08-17 16:00:00+00:00,rolling,207.58,2026-08-25T21:31:58.696432+00:00,193.02,186.98,False,long,-0.0701416321418249,-0.0992388476731863
KLAC,1h,state_gap_open=gap_open_flat + state_ext=neutral,2026-08-17 17:00:00+00:00,,-0.0612530795613737,-0.0953577121878169,KLAC|1h|rolling|state_gap_open=gap_open_flat + state_ext=neutral|2026-08-17 17:00:00+00:00,rolling,207.01,2026-08-25T21:31:58.744964+00:00,194.33,187.27,False,long,-0.0612530795613737,-0.0953577121878169
KLAC,1h,state_gap_open=gap_open_flat + state_ext=neutral,2026-08-17 18:00:00+00:00,,-0.0599447781437706,-0.101869792675838,KLAC|1h|rolling|state_gap_open=gap_open_flat + state_ext=neutral|2026-08-17 18:00:00+00:00,rolling,206.44,2026-08-25T21:32:03.566418+00:00,194.065,185.41,False,long,-0.0599447781437706,-0.101869792675838
KLAC,1h,state_gap_open=gap_open_flat + state_ext=neutral,2026-08-17 19:00:00+00:00,,-0.0633837034157719,-0.1004324376852437,KLAC|1h|rolling|state_gap_open=gap_open_flat + state_ext=neutral|2026-08-17 19:00:00+00:00,rolling,205.81,2026-08-25T21:32:03.645495+00:00,192.765,185.14,False,long,-0.0633837034157719,-0.1004324376852437
KLAC,1h,state_gap_open=gap_open_flat + state_ext=neutral,2026-08-21 17:00:00+00:00,,-0.023045222860861,,KLAC|1h|rolling|state_gap_open=gap_open_flat + state_ext=neutral|2026-08-21 17:00:00+00:00,rolling,184.42,2026-08-25T21:32:25.943667+00:00,180.17,,True,long,-0.023045222860861,
KLAC,1h,state_gap_open=gap_open_flat + state_ext=neutral,2026-08-21 18:00:00+00:00,,-0.0222089487402259,,KLAC|1h|rolling|state_gap_open=gap_open_flat + state_ext=neutral|2026-08-21 18:00:00+00:00,rolling,184.16,2026-08-25T21:32:26.664476+00:00,180.07,,True,long,-0.0222089487402259,
KLAC,1h,state_gap_open=gap_open_flat + state_ext=neutral,2026-08-21 19:00:00+00:00,,-0.0195055691388209,,KLAC|1h|rolling|state_gap_open=gap_open_flat + state_ext=neutral|2026-08-21 19:00:00+00:00,rolling,184.05,2026-08-25T21:32:36.426171+00:00,180.46,,True,long,-0.0195055691388209,
KLAC,1h,state_gap_open=gap_open_flat + state_ext=neutral,2026-08-24 18:00:00+00:00,,0.0040666043853383,,KLAC|1h|rolling|state_gap_open=gap_open_flat + state_ext=neutral|2026-08-24 18:00:00+00:00,rolling,181.97,2026-08-25T21:32:49.736121+00:00,182.71,,True,long,0.0040666043853383,
KLAC,1h,state_gap_open=gap_open_flat + state_ext=neutral,2026-08-24 19:00:00+00:00,,0.0053153401266867,,KLAC|1h|rolling|state_gap_open=gap_open_flat + state_ext=neutral|2026-08-24 19:00:00+00:00,rolling,181.55,2026-08-25T21:32:52.897877+00:00,182.515,,True,long,0.0053153401266867,
KLAC,1h,state_gap_open=gap_open_flat + state_ext=neutral,2026-08-25 13:00:00+00:00,,-0.0077834730019255,,KLAC|1h|rolling|state_gap_open=gap_open_flat + state_ext=neutral|2026-08-25 13:00:00+00:00,rolling,184.365,2026-08-25T21:32:54.472730+00:00,182.93,,True,long,-0.0077834730019255,
KLAC,1h,state_gap_open=gap_open_flat + state_ext=neutral,2026-08-25 14:00:00+00:00,,0.0071424646997417,,KLAC|1h|rolling|state_gap_open=gap_open_flat + state_ext=neutral|2026-08-25 14:00:00+00:00,rolling,182.01,2026-08-25T21:32:56.450701+00:00,183.31,,True,long,0.0071424646997417,
KLAC,1h,state_gap_open=gap_open_flat + state_ext=neutral,2026-08-25 15:00:00+00:00,,,,KLAC|1h|rolling|state_gap_open=gap_open_flat + state_ext=neutral|2026-08-25 15:00:00+00:00,rolling,182.42,2026-08-25T21:32:57.807458+00:00,,,True,long,,
KLAC,1h,state_gap_open=gap_open_flat + state_ext=neutral,2026-08-25 16:00:00+00:00,,,,KLAC|1h|rolling|state_gap_open=gap_open_flat + state_ext=neutral|2026-08-25 16:00:00+00:00,rolling,182.71,2026-08-25T21:33:02.358615+00:00,,,True,long,,
KLAC,1h,state_gap_open=gap_open_flat + state_ext=neutral,2026-08-25 17:00:00+00:00,,,,KLAC|1h|rolling|state_gap_open=gap_open_flat + state_ext=neutral|2026-08-25 17:00:00+00:00,rolling,182.515,2026-08-25T21:33:08.069995+00:00,,,True,long,,
KLAC,1h,state_gap_open=gap_open_flat + state_ext=neutral,2026-08-25 18:00:00+00:00,,,,KLAC|1h|rolling|state_gap_open=gap_open_flat + state_ext=neutral|2026-08-25 18:00:00+00:00,rolling,182.93,2026-08-25T21:33:13.268440+00:00,,,True,long,,
KLAC,1h,state_gap_open=gap_open_flat + state_ext=neutral,2026-08-25 19:00:00+00:00,,,,KLAC|1h|rolling|state_gap_open=gap_open_flat + state_ext=neutral|2026-08-25 19:00:00+00:00,rolling,183.31,2026-08-25T21:33:27.251919+00:00,,,True,long,,
KLAC,1h,state_session=afternoon + state_ext=stretched_down,2026-07-28 19:00:00+00:00,,-0.0741361887308275,-0.0511094228905246,KLAC|1h|rolling|state_session=afternoon + state_ext=stretched_down|2026-07-28 19:00:00+00:00,rolling,190.865,2026-07-31T21:24:50.102242+00:00,176.71499633789062,181.11,False,long,-0.0741361887308275,-0.0511094228905246
KLAC,1h,state_session=afternoon + state_ext=stretched_down,2026-07-29 18:00:00+00:00,,0.0197879662522202,,KLAC|1h|rolling|state_session=afternoon + state_ext=stretched_down|2026-07-29 18:00:00+00:00,rolling,180.16,2026-07-31T21:25:03.955381+00:00,183.725,,True,long,0.0197879662522202,
KLAC,1h,state_session=afternoon + state_ext=stretched_down,2026-07-29 19:00:00+00:00,,0.070245506871843,,KLAC|1h|rolling|state_session=afternoon + state_ext=stretched_down|2026-07-29 19:00:00+00:00,rolling,170.26,2026-07-31T21:25:28.144414+00:00,182.22,,True,long,0.070245506871843,
KLAC,1h,state_session=afternoon + state_ext=stretched_down,2026-07-30 18:00:00+00:00,,0.0377032746714189,,KLAC|1h|rolling|state_session=afternoon + state_ext=stretched_down|2026-07-30 18:00:00+00:00,rolling,179.56,2026-07-31T21:26:04.900449+00:00,186.33,,True,long,0.0377032746714189,
KLAC,1h,state_session=afternoon + state_ext=stretched_down + state_slope=downtrend,2026-07-29 18:00:00+00:00,,0.0197879662522202,,KLAC|1h|rolling|state_session=afternoon + state_ext=stretched_down + state_slope=downtrend|2026-07-29 18:00:00+00:00,rolling,180.16,2026-07-31T21:25:01.941428+00:00,183.725,,True,long,0.0197879662522202,
KLAC,1h,state_session=afternoon + state_ext=stretched_down + state_slope=downtrend,2026-07-29 19:00:00+00:00,,0.070245506871843,,KLAC|1h|rolling|state_session=afternoon + state_ext=stretched_down + state_slope=downtrend|2026-07-29 19:00:00+00:00,rolling,170.26,2026-07-31T21:25:25.691235+00:00,182.22,,True,long,0.070245506871843,
KLAC,1h,state_session=afternoon + state_ext=stretched_up,2026-07-30 19:00:00+00:00,,0.0391309167498059,,KLAC|1h|rolling|state_session=afternoon + state_ext=stretched_up|2026-07-30 19:00:00+00:00,rolling,180.42,2026-07-31T21:26:26.961930+00:00,187.48,,True,short,-0.0391309167498059,
KLAC,1h,state_session=afternoon + state_ext=stretched_up,2026-07-31 18:00:00+00:00,,,,KLAC|1h|rolling|state_session=afternoon + state_ext=stretched_up|2026-07-31 18:00:00+00:00,rolling,186.43,2026-07-31T21:27:58.369938+00:00,,,True,short,,
KLAC,1h,state_session=afternoon + state_ret_5=ret_down,2026-07-29 19:00:00+00:00,,0.070245506871843,,KLAC|1h|rolling|state_session=afternoon + state_ret_5=ret_down|2026-07-29 19:00:00+00:00,rolling,170.26,2026-07-31T21:25:24.266922+00:00,182.22,,True,long,0.070245506871843,
KLAC,1h,state_session=afternoon + state_slope=downtrend,2026-07-29 18:00:00+00:00,,0.0197879662522202,,KLAC|1h|rolling|state_session=afternoon + state_slope=downtrend|2026-07-29 18:00:00+00:00,rolling,180.16,2026-07-31T21:25:02.230609+00:00,183.725,,True,long,0.0197879662522202,
KLAC,1h,state_session=afternoon + state_slope=downtrend,2026-07-29 19:00:00+00:00,,0.070245506871843,,KLAC|1h|rolling|state_session=afternoon + state_slope=downtrend|2026-07-29 19:00:00+00:00,rolling,170.26,2026-07-31T21:25:26.038090+00:00,182.22,,True,long,0.070245506871843,
KLAC,1h,state_session=afternoon + state_slope=downtrend + state_vol=mid_vol,2026-07-29 18:00:00+00:00,,0.0197879662522202,,KLAC|1h|rolling|state_session=afternoon + state_slope=downtrend + state_vol=mid_vol|2026-07-29 18:00:00+00:00,rolling,180.16,2026-07-31T21:25:00.081443+00:00,183.725,,True,long,0.0197879662522202,
KLAC,1h,state_session=afternoon + state_slope=downtrend + state_vol=mid_vol,2026-07-29 19:00:00+00:00,,0.070245506871843,,KLAC|1h|rolling|state_session=afternoon + state_slope=downtrend + state_vol=mid_vol|2026-07-29 19:00:00+00:00,rolling,170.26,2026-07-31T21:25:23.934837+00:00,182.22,,True,long,0.070245506871843,
KLAC,1h,state_session=afternoon + state_slope=uptrend + state_vol=mid_vol,2026-07-31 18:00:00+00:00,,,,KLAC|1h|rolling|state_session=afternoon + state_slope=uptrend + state_vol=mid_vol|2026-07-31 18:00:00+00:00,rolling,186.43,2026-07-31T21:27:50.657045+00:00,,,True,short,,
KLAC,1h,state_session=afternoon + state_vol=mid_vol,2026-07-28 19:00:00+00:00,,-0.0741361887308275,-0.0511094228905246,KLAC|1h|rolling|state_session=afternoon + state_vol=mid_vol|2026-07-28 19:00:00+00:00,rolling,190.865,2026-07-31T21:24:50.154872+00:00,176.71499633789062,181.11,False,long,-0.0741361887308275,-0.0511094228905246
KLAC,1h,state_session=afternoon + state_vol=mid_vol,2026-07-29 18:00:00+00:00,,0.0197879662522202,,KLAC|1h|rolling|state_session=afternoon + state_vol=mid_vol|2026-07-29 18:00:00+00:00,rolling,180.16,2026-07-31T21:25:05.081305+00:00,183.725,,True,long,0.0197879662522202,
KLAC,1h,state_session=afternoon + state_vol=mid_vol,2026-07-29 19:00:00+00:00,,0.070245506871843,,KLAC|1h|rolling|state_session=afternoon + state_vol=mid_vol|2026-07-29 19:00:00+00:00,rolling,170.26,2026-07-31T21:25:29.204992+00:00,182.22,,True,long,0.070245506871843,
KLAC,1h,state_session=afternoon + state_vol=mid_vol,2026-07-30 18:00:00+00:00,,0.0377032746714189,,KLAC|1h|rolling|state_session=afternoon + state_vol=mid_vol|2026-07-30 18:00:00+00:00,rolling,179.56,2026-07-31T21:26:06.300441+00:00,186.33,,True,long,0.0377032746714189,
KLAC,1h,state_session=afternoon + state_vol=mid_vol,2026-07-30 19:00:00+00:00,,0.0391309167498059,,KLAC|1h|rolling|state_session=afternoon + state_vol=mid_vol|2026-07-30 19:00:00+00:00,rolling,180.42,2026-07-31T21:26:25.545377+00:00,187.48,,True,long,0.0391309167498059,
KLAC,1h,state_session=afternoon + state_vol=mid_vol,2026-07-31 18:00:00+00:00,,,,KLAC|1h|rolling|state_session=afternoon + state_vol=mid_vol|2026-07-31 18:00:00+00:00,rolling,186.43,2026-07-31T21:27:49.946420+00:00,,,True,long,,
KLAC,1h,state_session=afternoon + state_vol=mid_vol,2026-07-31 19:00:00+00:00,,,,KLAC|1h|rolling|state_session=afternoon + state_vol=mid_vol|2026-07-31 19:00:00+00:00,rolling,182.68,2026-07-31T21:28:13.797877+00:00,,,True,long,,
KLAC,1h,state_session=afternoon + state_volume=vol_quiet,2026-07-28 19:00:00+00:00,,-0.0741361887308275,-0.0511094228905246,KLAC|1h|rolling|state_session=afternoon + state_volume=vol_quiet|2026-07-28 19:00:00+00:00,rolling,190.865,2026-07-31T21:24:50.169697+00:00,176.71499633789062,181.11,False,short,0.0741361887308275,0.0511094228905246
KLAC,1h,state_session=afternoon + state_volume=vol_quiet,2026-07-29 19:00:00+00:00,,0.070245506871843,,KLAC|1h|rolling|state_session=afternoon + state_volume=vol_quiet|2026-07-29 19:00:00+00:00,rolling,170.26,2026-07-31T21:25:29.542477+00:00,182.22,,True,short,-0.070245506871843,
KLAC,1h,state_session=afternoon + state_volume=vol_quiet,2026-07-30 19:00:00+00:00,,0.0391309167498059,,KLAC|1h|rolling|state_session=afternoon + state_volume=vol_quiet|2026-07-30 19:00:00+00:00,rolling,180.42,2026-07-31T21:26:27.676442+00:00,187.48,,True,short,-0.0391309167498059,
KLAC,1h,state_session=afternoon + state_volume=vol_quiet,2026-07-31 18:00:00+00:00,,,,KLAC|1h|rolling|state_session=afternoon + state_volume=vol_quiet|2026-07-31 18:00:00+00:00,rolling,186.43,2026-07-31T21:27:59.077249+00:00,,,True,short,,
KLAC,1h,state_session=afternoon + state_volume=vol_quiet,2026-07-31 19:00:00+00:00,,,,KLAC|1h|rolling|state_session=afternoon + state_volume=vol_quiet|2026-07-31 19:00:00+00:00,rolling,182.68,2026-07-31T21:28:14.462767+00:00,,,True,short,,
KLAC,1h,state_session=lunch + state_ext=neutral,2026-08-11 16:00:00+00:00,,0.0388334844363855,0.0143164421316426,KLAC|1h|rolling|state_session=lunch + state_ext=neutral|2026-08-11 16:00:00+00:00,rolling,198.54,2026-09-15T19:39:18.628432+00:00,206.25,201.38238642081632,False,long,0.0388334844363855,0.0143164421316426
KLAC,1h,state_session=lunch + state_ext=neutral,2026-08-11 17:00:00+00:00,,0.0481116128869489,0.0185021863430612,KLAC|1h|rolling|state_session=lunch + state_ext=neutral|2026-08-11 17:00:00+00:00,rolling,198.185,2026-09-15T19:39:18.636319+00:00,207.72,201.8518558003996,False,long,0.0481116128869489,0.0185021863430612
KLAC,1h,state_session=lunch + state_ext=neutral,2026-08-17 16:00:00+00:00,,-0.0701416321418249,-0.0992388476731863,KLAC|1h|rolling|state_session=lunch + state_ext=neutral|2026-08-17 16:00:00+00:00,rolling,207.58,2026-09-15T19:39:19.097997+00:00,193.02,186.98,False,long,-0.0701416321418249,-0.0992388476731863
KLAC,1h,state_session=lunch + state_ext=neutral,2026-08-17 17:00:00+00:00,,-0.0612530795613737,-0.0953577121878169,KLAC|1h|rolling|state_session=lunch + state_ext=neutral|2026-08-17 17:00:00+00:00,rolling,207.01,2026-09-15T19:39:19.127747+00:00,194.33,187.27,False,long,-0.0612530795613737,-0.0953577121878169
KLAC,1h,state_session=lunch + state_ext=neutral,2026-08-21 17:00:00+00:00,,-0.023045222860861,-0.0139355818240971,KLAC|1h|rolling|state_session=lunch + state_ext=neutral|2026-08-21 17:00:00+00:00,rolling,184.42,2026-09-15T19:39:24.732329+00:00,180.17,181.85,False,long,-0.023045222860861,-0.0139355818240971
KLAC,1h,state_session=lunch + state_ext=neutral,2026-08-25 16:00:00+00:00,,-0.0024355536095452,-0.0330304854687756,KLAC|1h|rolling|state_session=lunch + state_ext=neutral|2026-08-25 16:00:00+00:00,rolling,182.71,2026-09-15T19:39:28.996491+00:00,182.265,176.675,False,long,-0.0024355536095452,-0.0330304854687756
KLAC,1h,state_session=lunch + state_ext=neutral,2026-08-25 17:00:00+00:00,,-0.0025477358025366,-0.0353943511492205,KLAC|1h|rolling|state_session=lunch + state_ext=neutral|2026-08-25 17:00:00+00:00,rolling,182.515,2026-09-15T19:39:29.033669+00:00,182.05,176.055,False,long,-0.0025477358025366,-0.0353943511492205
KLAC,1h,state_session=lunch + state_ext=neutral,2026-08-26 16:00:00+00:00,,0.0022821006323892,-0.0402254605444046,KLAC|1h|rolling|state_session=lunch + state_ext=neutral|2026-08-26 16:00:00+00:00,rolling,181.85,2026-09-15T19:39:32.538037+00:00,182.265,174.535,False,long,0.0022821006323892,-0.0402254605444046
KLAC,1h,state_session=lunch + state_ext=neutral,2026-08-26 17:00:00+00:00,,0.0,-0.0463614063777595,KLAC|1h|rolling|state_session=lunch + state_ext=neutral|2026-08-26 17:00:00+00:00,rolling,183.45,2026-09-15T19:39:32.575508+00:00,183.45,174.945,False,long,0.0,-0.0463614063777595
KLAC,1h,state_session=lunch + state_ext=neutral,2026-08-27 16:00:00+00:00,,-0.0174100209792115,-0.0703212271476444,KLAC|1h|rolling|state_session=lunch + state_ext=neutral|2026-08-27 16:00:00+00:00,rolling,183.515,2026-09-15T19:39:33.954241+00:00,180.32,170.61,False,long,-0.0174100209792115,-0.0703212271476444
KLAC,1h,state_session=lunch + state_ext=neutral,2026-08-27 17:00:00+00:00,,-0.0330834063047285,-0.0695326182136603,KLAC|1h|rolling|state_session=lunch + state_ext=neutral|2026-08-27 17:00:00+00:00,rolling,182.72,2026-09-15T19:39:33.988186+00:00,176.675,170.015,False,long,-0.0330834063047285,-0.0695326182136603
KLAC,1h,state_session=lunch + state_ext=neutral,2026-09-02 16:00:00+00:00,,-0.0059995340167754,0.1037977632805218,KLAC|1h|rolling|state_session=lunch + state_ext=neutral|2026-09-02 16:00:00+00:00,rolling,171.68,2026-09-15T19:39:41.042539+00:00,170.65,189.5,False,long,-0.0059995340167754,0.1037977632805218
KLAC,1h,state_session=lunch + state_ext=neutral,2026-09-02 17:00:00+00:00,,-0.0028501628664493,0.0915542112610516,KLAC|1h|rolling|state_session=lunch + state_ext=neutral|2026-09-02 17:00:00+00:00,rolling,171.92,2026-09-15T19:39:41.072310+00:00,171.43,187.66,False,long,-0.0028501628664493,0.0915542112610516
KLAC,1h,state_session=lunch + state_ext=neutral,2026-09-03 16:00:00+00:00,,0.0774717596366598,0.0623908233376033,KLAC|1h|rolling|state_session=lunch + state_ext=neutral|2026-09-03 16:00:00+00:00,rolling,171.74,2026-09-15T19:39:41.195565+00:00,185.045,182.455,False,long,0.0774717596366598,0.0623908233376033
KLAC,1h,state_session=lunch + state_ext=neutral,2026-09-03 17:00:00+00:00,,0.0874438153055863,0.0631019788687174,KLAC|1h|rolling|state_session=lunch + state_ext=neutral|2026-09-03 17:00:00+00:00,rolling,171.31,2026-09-15T19:39:41.225533+00:00,186.29,182.12,False,long,0.0874438153055863,0.0631019788687174
KLAC,1h,state_session=lunch + state_ext=stretched_down,2026-07-29 16:00:00+00:00,,0.016724570702888,0.0769764016059617,KLAC|1h|rolling|state_session=lunch + state_ext=stretched_down|2026-07-29 16:00:00+00:00,rolling,173.105,2026-07-31T21:24:51.683663+00:00,176.00010681152344,186.43,False,long,0.016724570702888,0.0769764016059617
KLAC,1h,state_session=lunch + state_ext=stretched_down,2026-07-29 17:00:00+00:00,,-0.0270424697821773,,KLAC|1h|rolling|state_session=lunch + state_ext=stretched_down|2026-07-29 17:00:00+00:00,rolling,174.54,2026-07-31T21:24:56.644952+00:00,169.82000732421875,,True,long,-0.0270424697821773,
KLAC,1h,state_session=lunch + state_ext=stretched_down,2026-07-30 17:00:00+00:00,,0.024681133013086,,KLAC|1h|rolling|state_session=lunch + state_ext=stretched_down|2026-07-30 17:00:00+00:00,rolling,181.11,2026-07-31T21:26:00.382643+00:00,185.58,,True,long,0.024681133013086,
KLAC,1h,state_session=lunch + state_ret_5=ret_down,2026-07-29 16:00:00+00:00,,0.016724570702888,0.0769764016059617,KLAC|1h|rolling|state_session=lunch + state_ret_5=ret_down|2026-07-29 16:00:00+00:00,rolling,173.105,2026-07-31T21:24:51.554042+00:00,176.00010681152344,186.43,False,long,0.016724570702888,0.0769764016059617
KLAC,1h,state_session=lunch + state_ret_5=ret_down,2026-07-29 17:00:00+00:00,,-0.0270424697821773,,KLAC|1h|rolling|state_session=lunch + state_ret_5=ret_down|2026-07-29 17:00:00+00:00,rolling,174.54,2026-07-31T21:24:53.804365+00:00,169.82000732421875,,True,long,-0.0270424697821773,
KLAC,1h,state_session=lunch + state_ret_5=ret_up,2026-07-30 17:00:00+00:00,,0.024681133013086,,KLAC|1h|rolling|state_session=lunch + state_ret_5=ret_up|2026-07-30 17:00:00+00:00,rolling,181.11,2026-07-31T21:26:01.048885+00:00,185.58,,True,short,-0.024681133013086,
KLAC,1h,state_session=lunch + state_ret_5=ret_up,2026-07-31 16:00:00+00:00,,,,KLAC|1h|rolling|state_session=lunch + state_ret_5=ret_up|2026-07-31 16:00:00+00:00,rolling,186.33,2026-07-31T21:27:12.798426+00:00,,,True,short,,
KLAC,1h,state_session=lunch + state_ret_5=ret_up,2026-07-31 17:00:00+00:00,,,,KLAC|1h|rolling|state_session=lunch + state_ret_5=ret_up|2026-07-31 17:00:00+00:00,rolling,187.48,2026-07-31T21:27:33.161273+00:00,,,True,short,,
KLAC,1h,state_session=lunch + state_slope=downtrend + state_vol=mid_vol,2026-07-29 16:00:00+00:00,,0.016724570702888,0.0769764016059617,KLAC|1h|rolling|state_session=lunch + state_slope=downtrend + state_vol=mid_vol|2026-07-29 16:00:00+00:00,rolling,173.105,2026-07-31T21:24:51.525122+00:00,176.00010681152344,186.43,False,long,0.016724570702888,0.0769764016059617
KLAC,1h,state_session=lunch + state_slope=downtrend + state_vol=mid_vol,2026-07-29 17:00:00+00:00,,-0.0270424697821773,,KLAC|1h|rolling|state_session=lunch + state_slope=downtrend + state_vol=mid_vol|2026-07-29 17:00:00+00:00,rolling,174.54,2026-07-31T21:24:53.129868+00:00,169.82000732421875,,True,long,-0.0270424697821773,
KLAC,1h,state_session=lunch + state_slope=downtrend + state_vol=mid_vol,2026-07-30 16:00:00+00:00,,0.0209636702886619,,KLAC|1h|rolling|state_session=lunch + state_slope=downtrend + state_vol=mid_vol|2026-07-30 16:00:00+00:00,rolling,182.22,2026-07-31T21:25:52.294389+00:00,186.04,,True,long,0.0209636702886619,
KLAC,1h,state_session=lunch + state_slope=downtrend + state_vol=mid_vol,2026-07-30 17:00:00+00:00,,0.024681133013086,,KLAC|1h|rolling|state_session=lunch + state_slope=downtrend + state_vol=mid_vol|2026-07-30 17:00:00+00:00,rolling,181.11,2026-07-31T21:25:57.205999+00:00,185.58,,True,long,0.024681133013086,
KLAC,1h,state_session=lunch + state_vol=mid_vol,2026-07-29 16:00:00+00:00,,0.016724570702888,0.0769764016059617,KLAC|1h|rolling|state_session=lunch + state_vol=mid_vol|2026-07-29 16:00:00+00:00,rolling,173.105,2026-07-31T21:24:51.697971+00:00,176.00010681152344,186.43,False,long,0.016724570702888,0.0769764016059617
KLAC,1h,state_session=lunch + state_vol=mid_vol,2026-07-29 17:00:00+00:00,,-0.0270424697821773,,KLAC|1h|rolling|state_session=lunch + state_vol=mid_vol|2026-07-29 17:00:00+00:00,rolling,174.54,2026-07-31T21:24:57.007176+00:00,169.82000732421875,,True,long,-0.0270424697821773,
KLAC,1h,state_session=lunch + state_vol=mid_vol,2026-07-30 16:00:00+00:00,,0.0209636702886619,,KLAC|1h|rolling|state_session=lunch + state_vol=mid_vol|2026-07-30 16:00:00+00:00,rolling,182.22,2026-07-31T21:25:52.974587+00:00,186.04,,True,long,0.0209636702886619,
KLAC,1h,state_session=lunch + state_vol=mid_vol,2026-07-30 17:00:00+00:00,,0.024681133013086,,KLAC|1h|rolling|state_session=lunch + state_vol=mid_vol|2026-07-30 17:00:00+00:00,rolling,181.11,2026-07-31T21:26:00.693213+00:00,185.58,,True,long,0.024681133013086,
KLAC,1h,state_session=lunch + state_vol=mid_vol,2026-07-31 16:00:00+00:00,,,,KLAC|1h|rolling|state_session=lunch + state_vol=mid_vol|2026-07-31 16:00:00+00:00,rolling,186.33,2026-07-31T21:27:10.718206+00:00,,,True,long,,
KLAC,1h,state_session=lunch + state_vol=mid_vol,2026-07-31 17:00:00+00:00,,,,KLAC|1h|rolling|state_session=lunch + state_vol=mid_vol|2026-07-31 17:00:00+00:00,rolling,187.48,2026-07-31T21:27:31.062503+00:00,,,True,long,,
KLAC,1h,state_session=morning + state_ext=stretched_up,2026-07-31 13:00:00+00:00,,0.015137489790362,,KLAC|1h|rolling|state_session=morning + state_ext=stretched_up|2026-07-31 13:00:00+00:00,rolling,183.65,2026-07-31T21:26:36.738361+00:00,186.43,,True,short,-0.015137489790362,
KLAC,1h,state_session=morning + state_ext=stretched_up,2026-07-31 14:00:00+00:00,,-0.0180606321221241,,KLAC|1h|rolling|state_session=morning + state_ext=stretched_up|2026-07-31 14:00:00+00:00,rolling,186.04,2026-07-31T21:26:43.764522+00:00,182.68,,True,short,0.0180606321221241,
KLAC,1h,state_session=morning + state_ext=stretched_up,2026-07-31 15:00:00+00:00,,,,KLAC|1h|rolling|state_session=morning + state_ext=stretched_up|2026-07-31 15:00:00+00:00,rolling,185.58,2026-07-31T21:26:58.829943+00:00,,,True,short,,
KLAC,1h,state_slope=downtrend + state_vol=mid_vol,2026-07-29 14:00:00+00:00,,-0.0240496864069128,0.0453740904110357,KLAC|1h|rolling|state_slope=downtrend + state_vol=mid_vol|2026-07-29 14:00:00+00:00,rolling,177.965,2026-07-31T21:24:50.811381+00:00,173.68499755859375,186.04,False,long,-0.0240496864069128,0.0453740904110357
KLAC,1h,state_slope=downtrend + state_vol=mid_vol,2026-07-29 15:00:00+00:00,,-0.0003154915576513,0.0688043135342875,KLAC|1h|rolling|state_slope=downtrend + state_vol=mid_vol|2026-07-29 15:00:00+00:00,rolling,174.335,2026-07-31T21:24:51.190621+00:00,174.27999877929688,186.33,False,long,-0.0003154915576513,0.0688043135342875
KLAC,1h,state_slope=downtrend + state_vol=mid_vol,2026-07-29 16:00:00+00:00,,0.016724570702888,0.0769764016059617,KLAC|1h|rolling|state_slope=downtrend + state_vol=mid_vol|2026-07-29 16:00:00+00:00,rolling,173.105,2026-07-31T21:24:51.539669+00:00,176.00010681152344,186.43,False,long,0.016724570702888,0.0769764016059617
KLAC,1h,state_slope=downtrend + state_vol=mid_vol,2026-07-29 17:00:00+00:00,,-0.0270424697821773,,KLAC|1h|rolling|state_slope=downtrend + state_vol=mid_vol|2026-07-29 17:00:00+00:00,rolling,174.54,2026-07-31T21:24:53.479951+00:00,169.82000732421875,,True,long,-0.0270424697821773,
KLAC,1h,state_slope=downtrend + state_vol=mid_vol,2026-07-29 18:00:00+00:00,,0.0197879662522202,,KLAC|1h|rolling|state_slope=downtrend + state_vol=mid_vol|2026-07-29 18:00:00+00:00,rolling,180.16,2026-07-31T21:25:00.833640+00:00,183.725,,True,long,0.0197879662522202,
KLAC,1h,state_slope=downtrend + state_vol=mid_vol,2026-07-29 19:00:00+00:00,,0.070245506871843,,KLAC|1h|rolling|state_slope=downtrend + state_vol=mid_vol|2026-07-29 19:00:00+00:00,rolling,170.26,2026-07-31T21:25:24.955587+00:00,182.22,,True,long,0.070245506871843,
KLAC,1h,state_slope=downtrend + state_vol=mid_vol,2026-07-30 13:00:00+00:00,,-0.0306105922366786,,KLAC|1h|rolling|state_slope=downtrend + state_vol=mid_vol|2026-07-30 13:00:00+00:00,rolling,185.23,2026-07-31T21:25:37.601373+00:00,179.56,,True,long,-0.0306105922366786,
KLAC,1h,state_slope=downtrend + state_vol=mid_vol,2026-07-30 14:00:00+00:00,,-0.0179888420193223,,KLAC|1h|rolling|state_slope=downtrend + state_vol=mid_vol|2026-07-30 14:00:00+00:00,rolling,183.725,2026-07-31T21:25:44.609662+00:00,180.42,,True,long,-0.0179888420193223,
KLAC,1h,state_slope=downtrend + state_vol=mid_vol,2026-07-30 15:00:00+00:00,,0.0011447884866986,,KLAC|1h|rolling|state_slope=downtrend + state_vol=mid_vol|2026-07-30 15:00:00+00:00,rolling,183.44,2026-07-31T21:25:48.445638+00:00,183.65,,True,long,0.0011447884866986,
KLAC,1h,state_slope=downtrend + state_vol=mid_vol,2026-07-30 16:00:00+00:00,,0.0209636702886619,,KLAC|1h|rolling|state_slope=downtrend + state_vol=mid_vol|2026-07-30 16:00:00+00:00,rolling,182.22,2026-07-31T21:25:52.636956+00:00,186.04,,True,long,0.0209636702886619,
KLAC,1h,state_slope=downtrend + state_vol=mid_vol,2026-07-30 17:00:00+00:00,,0.024681133013086,,KLAC|1h|rolling|state_slope=downtrend + state_vol=mid_vol|2026-07-30 17:00:00+00:00,rolling,181.11,2026-07-31T21:25:57.512434+00:00,185.58,,True,long,0.024681133013086,
KLAC,1h,state_volume=vol_quiet + state_ext=stretched_up,2026-07-30 19:00:00+00:00,,0.0391309167498059,,KLAC|1h|rolling|state_volume=vol_quiet + state_ext=stretched_up|2026-07-30 19:00:00+00:00,rolling,180.42,2026-07-31T21:26:26.233752+00:00,187.48,,True,short,-0.0391309167498059,
KLAC,1h,state_volume=vol_quiet + state_ext=stretched_up,2026-07-31 15:00:00+00:00,,,,KLAC|1h|rolling|state_volume=vol_quiet + state_ext=stretched_up|2026-07-31 15:00:00+00:00,rolling,185.58,2026-07-31T21:26:56.685704+00:00,,,True,short,,
KLAC,1h,state_volume=vol_quiet + state_ext=stretched_up,2026-07-31 16:00:00+00:00,,,,KLAC|1h|rolling|state_volume=vol_quiet + state_ext=stretched_up|2026-07-31 16:00:00+00:00,rolling,186.33,2026-07-31T21:27:17.043660+00:00,,,True,short,,
KLAC,1h,state_volume=vol_quiet + state_ext=stretched_up,2026-07-31 17:00:00+00:00,,,,KLAC|1h|rolling|state_volume=vol_quiet + state_ext=stretched_up|2026-07-31 17:00:00+00:00,rolling,187.48,2026-07-31T21:27:37.391709+00:00,,,True,short,,
KLAC,1h,state_volume=vol_quiet + state_ext=stretched_up,2026-07-31 18:00:00+00:00,,,,KLAC|1h|rolling|state_volume=vol_quiet + state_ext=stretched_up|2026-07-31 18:00:00+00:00,rolling,186.43,2026-07-31T21:27:55.540933+00:00,,,True,short,,
KLAC,1h,state_volume=vol_quiet + state_ext=stretched_up + state_slope=uptrend,2026-07-31 16:00:00+00:00,,,,KLAC|1h|rolling|state_volume=vol_quiet + state_ext=stretched_up + state_slope=uptrend|2026-07-31 16:00:00+00:00,rolling,186.33,2026-07-31T21:27:11.400671+00:00,,,True,short,,
KLAC,1h,state_volume=vol_quiet + state_ext=stretched_up + state_slope=uptrend,2026-07-31 17:00:00+00:00,,,,KLAC|1h|rolling|state_volume=vol_quiet + state_ext=stretched_up + state_slope=uptrend|2026-07-31 17:00:00+00:00,rolling,187.48,2026-07-31T21:27:31.746824+00:00,,,True,short,,
KLAC,1h,state_volume=vol_quiet + state_ext=stretched_up + state_slope=uptrend,2026-07-31 18:00:00+00:00,,,,KLAC|1h|rolling|state_volume=vol_quiet + state_ext=stretched_up + state_slope=uptrend|2026-07-31 18:00:00+00:00,rolling,186.43,2026-07-31T21:27:51.343976+00:00,,,True,short,,
KLAC,1h,state_volume=vol_quiet + state_slope=uptrend,2026-07-31 16:00:00+00:00,,,,KLAC|1h|rolling|state_volume=vol_quiet + state_slope=uptrend|2026-07-31 16:00:00+00:00,rolling,186.33,2026-07-31T21:27:12.100401+00:00,,,True,short,,
KLAC,1h,state_volume=vol_quiet + state_slope=uptrend,2026-07-31 17:00:00+00:00,,,,KLAC|1h|rolling|state_volume=vol_quiet + state_slope=uptrend|2026-07-31 17:00:00+00:00,rolling,187.48,2026-07-31T21:27:32.439986+00:00,,,True,short,,
KLAC,1h,state_volume=vol_quiet + state_slope=uptrend,2026-07-31 18:00:00+00:00,,,,KLAC|1h|rolling|state_volume=vol_quiet + state_slope=uptrend|2026-07-31 18:00:00+00:00,rolling,186.43,2026-07-31T21:27:52.095122+00:00,,,True,short,,
KMB,1h,cross_USO_state_ext=stretched_up + cross_TLT_state_slope=uptrend + state_ext=neutral,2026-08-19 15:00:00+00:00,,0.0063430777716491,,KMB|1h|rolling|cross_USO_state_ext=stretched_up + cross_TLT_state_slope=uptrend + state_ext=neutral|2026-08-19 15:00:00+00:00,rolling,108.78,2026-08-21T21:32:49.569470+00:00,109.47,,True,short,-0.0063430777716491,
KMB,1h,cross_USO_state_ext=stretched_up + cross_TLT_state_slope=uptrend + state_ext=neutral,2026-08-19 16:00:00+00:00,,-0.0086127909107568,,KMB|1h|rolling|cross_USO_state_ext=stretched_up + cross_TLT_state_slope=uptrend + state_ext=neutral|2026-08-19 16:00:00+00:00,rolling,109.14,2026-08-21T21:32:51.047340+00:00,108.2,,True,short,0.0086127909107568,
KMB,1h,cross_USO_state_ext=stretched_up + cross_TLT_state_slope=uptrend + state_ext=neutral,2026-08-19 17:00:00+00:00,,-0.0044765211035994,,KMB|1h|rolling|cross_USO_state_ext=stretched_up + cross_TLT_state_slope=uptrend + state_ext=neutral|2026-08-19 17:00:00+00:00,rolling,109.46,2026-08-21T21:32:51.776007+00:00,108.97,,True,short,0.0044765211035994,
KMB,1h,cross_USO_state_ext=stretched_up + cross_TLT_state_slope=uptrend + state_ext=neutral,2026-08-20 13:00:00+00:00,,-0.004476112176852,,KMB|1h|rolling|cross_USO_state_ext=stretched_up + cross_TLT_state_slope=uptrend + state_ext=neutral|2026-08-20 13:00:00+00:00,rolling,109.47,2026-08-21T21:33:02.700924+00:00,108.98,,True,short,0.004476112176852,
KMB,1h,cross_USO_state_ext=stretched_up + cross_TLT_state_slope=uptrend + state_ext=neutral,2026-08-20 14:00:00+00:00,,0.0044824399260627,,KMB|1h|rolling|cross_USO_state_ext=stretched_up + cross_TLT_state_slope=uptrend + state_ext=neutral|2026-08-20 14:00:00+00:00,rolling,108.2,2026-08-21T21:33:04.475031+00:00,108.685,,True,short,-0.0044824399260627,
KMB,1h,cross_USO_state_ext=stretched_up + cross_TLT_state_slope=uptrend + state_ext=neutral,2026-08-20 15:00:00+00:00,,-0.0017435991557309,,KMB|1h|rolling|cross_USO_state_ext=stretched_up + cross_TLT_state_slope=uptrend + state_ext=neutral|2026-08-20 15:00:00+00:00,rolling,108.97,2026-08-21T21:33:06.325771+00:00,108.78,,True,short,0.0017435991557309,
KMB,1h,cross_USO_state_ext=stretched_up + cross_TLT_state_slope=uptrend + state_ext=neutral,2026-08-20 16:00:00+00:00,,0.0036628359507349,,KMB|1h|rolling|cross_USO_state_ext=stretched_up + cross_TLT_state_slope=uptrend + state_ext=neutral|2026-08-20 16:00:00+00:00,rolling,109.205,2026-08-21T21:33:09.541456+00:00,109.605,,True,short,-0.0036628359507349,
KMB,1h,cross_USO_state_ext=stretched_up + cross_TLT_state_slope=uptrend + state_ext=neutral,2026-08-20 17:00:00+00:00,,0.003528387481098,,KMB|1h|rolling|cross_USO_state_ext=stretched_up + cross_TLT_state_slope=uptrend + state_ext=neutral|2026-08-20 17:00:00+00:00,rolling,109.115,2026-08-21T21:33:10.355113+00:00,109.5,,True,short,-0.003528387481098,
KMB,1h,cross_USO_state_ext=stretched_up + cross_TLT_state_slope=uptrend + state_ext=neutral,2026-08-20 18:00:00+00:00,,0.0072490365204624,,KMB|1h|rolling|cross_USO_state_ext=stretched_up + cross_TLT_state_slope=uptrend + state_ext=neutral|2026-08-20 18:00:00+00:00,rolling,108.98,2026-08-21T21:33:11.178099+00:00,109.77,,True,short,-0.0072490365204624,
KMB,1h,cross_USO_state_ext=stretched_up + cross_TLT_state_slope=uptrend + state_ext=neutral,2026-08-20 19:00:00+00:00,,0.0076367484013433,,KMB|1h|rolling|cross_USO_state_ext=stretched_up + cross_TLT_state_slope=uptrend + state_ext=neutral|2026-08-20 19:00:00+00:00,rolling,108.685,2026-08-21T21:33:12.593414+00:00,109.515,,True,short,-0.0076367484013433,
KO,1h,state_session=lunch + state_slope=flat + state_vol=mid_vol,2026-08-11 16:00:00+00:00,,-0.0014408391447179,0.012160682381419,KO|1h|rolling|state_session=lunch + state_slope=flat + state_vol=mid_vol|2026-08-11 16:00:00+00:00,rolling,86.755,2026-09-04T21:37:28.185340+00:00,86.63,87.81,False,long,-0.0014408391447179,0.012160682381419
KO,1h,state_session=lunch + state_slope=flat + state_vol=mid_vol,2026-08-11 17:00:00+00:00,,0.0065155970708643,0.010551807645736,KO|1h|rolling|state_session=lunch + state_slope=flat + state_vol=mid_vol|2026-08-11 17:00:00+00:00,rolling,86.715,2026-09-04T21:37:28.205525+00:00,87.28,87.63,False,long,0.0065155970708643,0.010551807645736
KO,1h,state_session=lunch + state_slope=flat + state_vol=mid_vol,2026-08-12 17:00:00+00:00,,0.0053954769831248,-0.0004591895304787,KO|1h|rolling|state_session=lunch + state_slope=flat + state_vol=mid_vol|2026-08-12 17:00:00+00:00,rolling,87.11,2026-09-04T21:37:29.629036+00:00,87.58,87.07,False,long,0.0053954769831248,-0.0004591895304787
KO,1h,state_session=lunch + state_slope=flat + state_vol=mid_vol,2026-08-18 16:00:00+00:00,,0.0127453191969322,0.022332506203474,KO|1h|rolling|state_session=lunch + state_slope=flat + state_vol=mid_vol|2026-08-18 16:00:00+00:00,rolling,88.66,2026-09-04T21:37:35.315117+00:00,89.79,90.64,False,long,0.0127453191969322,0.022332506203474
KO,1h,state_session=lunch + state_slope=flat + state_vol=mid_vol,2026-08-31 17:00:00+00:00,,-0.0089225589225587,0.0001122334455667,KO|1h|rolling|state_session=lunch + state_slope=flat + state_vol=mid_vol|2026-08-31 17:00:00+00:00,rolling,89.1,2026-09-04T21:37:59.086998+00:00,88.305,89.11,False,long,-0.0089225589225587,0.0001122334455667
KRE,1h,state_session=morning + state_ext=stretched_down + state_slope=downtrend,2026-10-07 13:00:00+00:00,,0.003780168653678473,,KRE|1h|rolling|state_session=morning + state_ext=stretched_down + state_slope=downtrend|2026-10-07 13:00:00+00:00,rolling,68.78,2026-10-07T19:43:23.940414+00:00,69.04,,True,long,0.003780168653678473,
KRE,1h,state_session=morning + state_ext=stretched_down + state_slope=downtrend,2026-10-07 14:00:00+00:00,,0.0068548093050389,,KRE|1h|rolling|state_session=morning + state_ext=stretched_down + state_slope=downtrend|2026-10-07 14:00:00+00:00,rolling,68.565,2026-10-07T19:43:27.888210+00:00,69.035,,True,long,0.0068548093050389,
KRE,1h,state_session=morning + state_ext=stretched_down + state_slope=downtrend,2026-10-07 15:00:00+00:00,,,,KRE|1h|rolling|state_session=morning + state_ext=stretched_down + state_slope=downtrend|2026-10-07 15:00:00+00:00,rolling,68.55,2026-10-07T19:43:30.659854+00:00,,,True,long,,
LCID,1d,cross_TLT_state_slope=downtrend + state_ext=stretched_up,2026-07-17 04:00:00+00:00,,-0.1447011024721091,,LCID|1d|rolling|cross_TLT_state_slope=downtrend + state_ext=stretched_up|2026-07-17,rolling,7.360000133514404,2026-07-24T21:21:02.083991+00:00,6.295,,True,short,0.1447011024721091,
LCID,1d,cross_TLT_state_slope=downtrend + state_ext=stretched_up,2026-07-20 04:00:00+00:00,,,,LCID|1d|rolling|cross_TLT_state_slope=downtrend + state_ext=stretched_up|2026-07-20,rolling,7.110000133514404,2026-07-24T21:21:08.995473+00:00,,,True,short,,
LCID,1d,cross_TLT_state_slope=downtrend + state_ext=stretched_up,2026-07-21 04:00:00+00:00,,,,LCID|1d|rolling|cross_TLT_state_slope=downtrend + state_ext=stretched_up|2026-07-21,rolling,7.320000171661377,2026-07-24T21:21:13.060805+00:00,,,True,short,,
LCID,1d,cross_TLT_state_slope=downtrend + state_ext=stretched_up,2026-07-22 04:00:00+00:00,,,,LCID|1d|rolling|cross_TLT_state_slope=downtrend + state_ext=stretched_up|2026-07-22,rolling,6.78000020980835,2026-07-24T21:21:18.923144+00:00,,,True,short,,
LCID,1d,cross_TLT_state_slope=downtrend + state_ext=stretched_up,2026-07-23 04:00:00+00:00,,,,LCID|1d|rolling|cross_TLT_state_slope=downtrend + state_ext=stretched_up|2026-07-23,rolling,6.449999809265137,2026-07-24T21:21:26.632954+00:00,,,True,short,,
LCID,1h,cross_USO_state_vol=mid_vol + state_ext=neutral,2026-08-28 13:00:00+00:00,,-0.015873015873015928,-0.09623015873015883,LCID|1h|rolling|cross_USO_state_vol=mid_vol + state_ext=neutral|2026-08-28 13:00:00+00:00,rolling,5.04,2026-10-07T19:42:28.739959+00:00,4.96,4.555,False,short,0.015873015873015928,0.09623015873015883
LCID,1h,cross_USO_state_vol=mid_vol + state_ext=neutral,2026-08-28 14:00:00+00:00,,-0.02729044834307981,-0.11306042884990253,LCID|1h|rolling|cross_USO_state_vol=mid_vol + state_ext=neutral|2026-08-28 14:00:00+00:00,rolling,5.13,2026-10-07T19:42:28.750154+00:00,4.99,4.55,False,short,0.02729044834307981,0.11306042884990253
LCID,1h,cross_USO_state_vol=mid_vol + state_ext=neutral,2026-08-28 17:00:00+00:00,,0.0020060180541623396,-0.06318956870611847,LCID|1h|rolling|cross_USO_state_vol=mid_vol + state_ext=neutral|2026-08-28 17:00:00+00:00,rolling,4.985,2026-10-07T19:42:28.796560+00:00,4.995,4.67,False,short,-0.0020060180541623396,0.06318956870611847
LCID,1h,cross_USO_state_vol=mid_vol + state_ext=neutral,2026-08-28 18:00:00+00:00,,-0.004032258064516014,-0.040322580645161366,LCID|1h|rolling|cross_USO_state_vol=mid_vol + state_ext=neutral|2026-08-28 18:00:00+00:00,rolling,4.96,2026-10-07T19:42:28.806983+00:00,4.94,4.76,False,short,0.004032258064516014,0.040322580645161366
LCID,1h,cross_USO_state_vol=mid_vol + state_ext=neutral,2026-08-28 19:00:00+00:00,,-0.019038076152304684,-0.049098196392785565,LCID|1h|rolling|cross_USO_state_vol=mid_vol + state_ext=neutral|2026-08-28 19:00:00+00:00,rolling,4.99,2026-10-07T19:42:28.844620+00:00,4.895,4.745,False,short,0.019038076152304684,0.049098196392785565
LCID,1h,cross_USO_state_vol=mid_vol + state_ext=neutral,2026-08-31 15:00:00+00:00,,-0.08208208208208212,-0.048048048048048075,LCID|1h|rolling|cross_USO_state_vol=mid_vol + state_ext=neutral|2026-08-31 15:00:00+00:00,rolling,4.995,2026-10-07T19:42:28.854756+00:00,4.585,4.755,False,short,0.08208208208208212,0.048048048048048075
LCID,1h,cross_USO_state_vol=mid_vol + state_ext=neutral,2026-08-31 16:00:00+00:00,,-0.05852674066599395,-0.05449041372351171,LCID|1h|rolling|cross_USO_state_vol=mid_vol + state_ext=neutral|2026-08-31 16:00:00+00:00,rolling,4.955,2026-10-07T19:42:28.864960+00:00,4.665,4.685,False,short,0.05852674066599395,0.05449041372351171
LCID,1h,cross_USO_state_vol=mid_vol + state_ext=neutral,2026-09-02 17:00:00+00:00,,-0.01575630252100846,-0.011554621848739455,LCID|1h|rolling|cross_USO_state_vol=mid_vol + state_ext=neutral|2026-09-02 17:00:00+00:00,rolling,4.76,2026-10-07T19:42:29.158116+00:00,4.685,4.705,False,short,0.01575630252100846,0.011554621848739455
LCID,1h,cross_USO_state_vol=mid_vol + state_ext=neutral,2026-09-02 18:00:00+00:00,,-0.022964509394572064,-0.02087682672233815,LCID|1h|rolling|cross_USO_state_vol=mid_vol + state_ext=neutral|2026-09-02 18:00:00+00:00,rolling,4.79,2026-10-07T19:42:29.168390+00:00,4.68,4.69,False,short,0.022964509394572064,0.02087682672233815
LCID,1h,cross_USO_state_vol=mid_vol + state_ext=neutral,2026-09-02 19:00:00+00:00,,-0.010559662090813271,-0.011615628299894487,LCID|1h|rolling|cross_USO_state_vol=mid_vol + state_ext=neutral|2026-09-02 19:00:00+00:00,rolling,4.735,2026-10-07T19:42:29.199027+00:00,4.685,4.68,False,short,0.010559662090813271,0.011615628299894487
LCID,1h,cross_USO_state_vol=mid_vol + state_ext=neutral,2026-09-03 14:00:00+00:00,,-0.03364879074658256,-0.041009463722397554,LCID|1h|rolling|cross_USO_state_vol=mid_vol + state_ext=neutral|2026-09-03 14:00:00+00:00,rolling,4.755,2026-10-07T19:42:29.247867+00:00,4.595,4.56,False,short,0.03364879074658256,0.041009463722397554
LCID,1h,cross_USO_state_vol=mid_vol + state_ext=neutral,2026-09-03 15:00:00+00:00,,-0.03308431163287073,-0.06723585912486651,LCID|1h|rolling|cross_USO_state_vol=mid_vol + state_ext=neutral|2026-09-03 15:00:00+00:00,rolling,4.685,2026-10-07T19:42:29.275914+00:00,4.53,4.37,False,short,0.03308431163287073,0.06723585912486651
LCID,1h,cross_USO_state_vol=mid_vol + state_ext=neutral,2026-09-03 16:00:00+00:00,,-0.03525641025641024,-0.07478632478632474,LCID|1h|rolling|cross_USO_state_vol=mid_vol + state_ext=neutral|2026-09-03 16:00:00+00:00,rolling,4.68,2026-10-07T19:42:29.304016+00:00,4.515,4.33,False,short,0.03525641025641024,0.07478632478632474
LCID,1h,cross_USO_state_vol=mid_vol + state_ext=neutral,2026-09-03 17:00:00+00:00,,-0.04695837780149403,-0.08110992529348982,LCID|1h|rolling|cross_USO_state_vol=mid_vol + state_ext=neutral|2026-09-03 17:00:00+00:00,rolling,4.685,2026-10-07T19:42:29.344584+00:00,4.465,4.305,False,short,0.04695837780149403,0.08110992529348982
LCID,1h,cross_USO_state_vol=mid_vol + state_ext=neutral,2026-09-03 18:00:00+00:00,,-0.022580645161290436,-0.0795698924731183,LCID|1h|rolling|cross_USO_state_vol=mid_vol + state_ext=neutral|2026-09-03 18:00:00+00:00,rolling,4.65,2026-10-07T19:42:29.410677+00:00,4.545,4.28,False,short,0.022580645161290436,0.0795698924731183
LCID,1h,cross_USO_state_vol=mid_vol + state_ext=neutral,2026-09-03 19:00:00+00:00,,-0.013978494623655968,-0.08387096774193559,LCID|1h|rolling|cross_USO_state_vol=mid_vol + state_ext=neutral|2026-09-03 19:00:00+00:00,rolling,4.65,2026-10-07T19:42:29.441188+00:00,4.585,4.26,False,short,0.013978494623655968,0.08387096774193559
LCID,1h,cross_USO_state_vol=mid_vol + state_ext=neutral,2026-09-04 17:00:00+00:00,,0.03271537622682663,-0.04471101417666301,LCID|1h|rolling|cross_USO_state_vol=mid_vol + state_ext=neutral|2026-09-04 17:00:00+00:00,rolling,4.585,2026-10-07T19:42:29.517577+00:00,4.735,4.38,False,short,-0.03271537622682663,0.04471101417666301
LCID,1h,cross_USO_state_vol=mid_vol + state_ext=neutral,2026-09-04 18:00:00+00:00,,0.017297297297297343,-0.0713513513513514,LCID|1h|rolling|cross_USO_state_vol=mid_vol + state_ext=neutral|2026-09-04 18:00:00+00:00,rolling,4.625,2026-10-07T19:42:29.548076+00:00,4.705,4.295,False,short,-0.017297297297297343,0.0713513513513514
LCID,1h,cross_USO_state_vol=mid_vol + state_ext=neutral,2026-09-04 19:00:00+00:00,,0.004282655246252709,-0.08779443254817987,LCID|1h|rolling|cross_USO_state_vol=mid_vol + state_ext=neutral|2026-09-04 19:00:00+00:00,rolling,4.67,2026-10-07T19:42:29.558260+00:00,4.69,4.26,False,short,-0.004282655246252709,0.08779443254817987
LCID,1h,cross_USO_state_vol=mid_vol + state_ext=neutral,2026-09-08 13:00:00+00:00,,0.010799136069114423,-0.09719222462203025,LCID|1h|rolling|cross_USO_state_vol=mid_vol + state_ext=neutral|2026-09-08 13:00:00+00:00,rolling,4.63,2026-10-07T19:42:29.578356+00:00,4.68,4.18,False,short,-0.010799136069114423,0.09719222462203025
LCID,1h,cross_USO_state_vol=mid_vol + state_ext=neutral,2026-09-08 14:00:00+00:00,,-0.010706638115631661,-0.07173447537473232,LCID|1h|rolling|cross_USO_state_vol=mid_vol + state_ext=neutral|2026-09-08 14:00:00+00:00,rolling,4.67,2026-10-07T19:42:29.598611+00:00,4.62,4.335,False,short,0.010706638115631661,0.07173447537473232
LCID,1h,cross_USO_state_vol=mid_vol + state_ext=neutral,2026-09-08 15:00:00+00:00,,-0.026680896478121663,-0.08644610458911406,LCID|1h|rolling|cross_USO_state_vol=mid_vol + state_ext=neutral|2026-09-08 15:00:00+00:00,rolling,4.685,2026-10-07T19:42:29.608669+00:00,4.56,4.28,False,short,0.026680896478121663,0.08644610458911406
LCID,1h,cross_USO_state_vol=mid_vol + state_ext=neutral,2026-09-08 16:00:00+00:00,,-0.07120085015940492,-0.08714133900106269,LCID|1h|rolling|cross_USO_state_vol=mid_vol + state_ext=neutral|2026-09-08 16:00:00+00:00,rolling,4.705,2026-10-07T19:42:29.618764+00:00,4.37,4.295,False,short,0.07120085015940492,0.08714133900106269
LCID,1h,cross_USO_state_vol=mid_vol + state_ext=neutral,2026-09-08 18:00:00+00:00,,-0.08012820512820518,-0.09188034188034178,LCID|1h|rolling|cross_USO_state_vol=mid_vol + state_ext=neutral|2026-09-08 18:00:00+00:00,rolling,4.68,2026-10-07T19:42:29.647296+00:00,4.305,4.25,False,short,0.08012820512820518,0.09188034188034178
LCID,1h,cross_USO_state_vol=mid_vol + state_ext=neutral,2026-09-08 19:00:00+00:00,,-0.07359307359307354,-0.07900432900432908,LCID|1h|rolling|cross_USO_state_vol=mid_vol + state_ext=neutral|2026-09-08 19:00:00+00:00,rolling,4.62,2026-10-07T19:42:29.657470+00:00,4.28,4.255,False,short,0.07359307359307354,0.07900432900432908
LCID,1h,cross_USO_state_vol=mid_vol + state_ext=neutral,2026-09-16 19:00:00+00:00,,0.06790123456790131,0.04691358024691361,LCID|1h|rolling|cross_USO_state_vol=mid_vol + state_ext=neutral|2026-09-16 19:00:00+00:00,rolling,4.05,2026-10-07T19:42:32.207300+00:00,4.325,4.24,False,short,-0.06790123456790131,-0.04691358024691361
LCID,1h,cross_USO_state_vol=mid_vol + state_ext=neutral,2026-09-18 14:00:00+00:00,,-0.009685230024213065,0.00363196125907983,LCID|1h|rolling|cross_USO_state_vol=mid_vol + state_ext=neutral|2026-09-18 14:00:00+00:00,rolling,4.13,2026-10-07T19:42:34.751501+00:00,4.09,4.145,False,short,0.009685230024213065,-0.00363196125907983
LCID,1h,cross_USO_state_vol=mid_vol + state_ext=neutral,2026-09-18 16:00:00+00:00,,0.0012019230769231282,-0.01081730769230771,LCID|1h|rolling|cross_USO_state_vol=mid_vol + state_ext=neutral|2026-09-18 16:00:00+00:00,rolling,4.16,2026-10-07T19:42:34.791786+00:00,4.165,4.115,False,short,-0.0012019230769231282,0.01081730769230771
LCID,1h,cross_USO_state_vol=mid_vol + state_ext=neutral,2026-09-18 17:00:00+00:00,,0.029090909090909056,-0.004848484848484769,LCID|1h|rolling|cross_USO_state_vol=mid_vol + state_ext=neutral|2026-09-18 17:00:00+00:00,rolling,4.125,2026-10-07T19:42:34.811831+00:00,4.245,4.105,False,short,-0.029090909090909056,0.004848484848484769
LCID,1h,cross_USO_state_vol=mid_vol + state_ext=neutral,2026-09-21 15:00:00+00:00,,0.021201413427561766,-0.04240282685512364,LCID|1h|rolling|cross_USO_state_vol=mid_vol + state_ext=neutral|2026-09-21 15:00:00+00:00,rolling,4.245,2026-10-07T19:42:34.900455+00:00,4.335,4.065,False,short,-0.021201413427561766,0.04240282685512364
LCID,1h,cross_USO_state_vol=mid_vol + state_ext=neutral,2026-09-21 16:00:00+00:00,,-0.003516998827666984,-0.03165298944900352,LCID|1h|rolling|cross_USO_state_vol=mid_vol + state_ext=neutral|2026-09-21 16:00:00+00:00,rolling,4.265,2026-10-07T19:42:34.938784+00:00,4.25,4.13,False,short,0.003516998827666984,0.03165298944900352
LCID,1h,cross_USO_state_vol=mid_vol + state_ext=neutral,2026-09-21 18:00:00+00:00,,-0.0035377358490567,-0.010613207547169767,LCID|1h|rolling|cross_USO_state_vol=mid_vol + state_ext=neutral|2026-09-21 18:00:00+00:00,rolling,4.24,2026-10-07T19:42:35.727671+00:00,4.225,4.195,False,short,0.0035377358490567,0.010613207547169767
LCID,1h,cross_USO_state_vol=mid_vol + state_ext=neutral,2026-09-21 19:00:00+00:00,,0.02364066193853409,-0.023640661938534424,LCID|1h|rolling|cross_USO_state_vol=mid_vol + state_ext=neutral|2026-09-21 19:00:00+00:00,rolling,4.23,2026-10-07T19:42:35.737724+00:00,4.33,4.13,False,short,-0.02364066193853409,0.023640661938534424
LCID,1h,cross_USO_state_vol=mid_vol + state_ext=neutral,2026-09-22 16:00:00+00:00,,-0.023668639053254337,-0.011834319526627168,LCID|1h|rolling|cross_USO_state_vol=mid_vol + state_ext=neutral|2026-09-22 16:00:00+00:00,rolling,4.225,2026-10-07T19:42:36.046416+00:00,4.125,4.175,False,short,0.023668639053254337,0.011834319526627168
LCID,1h,cross_USO_state_vol=mid_vol + state_ext=neutral,2026-09-22 17:00:00+00:00,,-0.024881516587677566,-0.027251184834123032,LCID|1h|rolling|cross_USO_state_vol=mid_vol + state_ext=neutral|2026-09-22 17:00:00+00:00,rolling,4.22,2026-10-07T19:42:36.076899+00:00,4.115,4.105,False,short,0.024881516587677566,0.027251184834123032
LCID,1h,cross_USO_state_vol=mid_vol + state_ext=neutral,2026-09-23 19:00:00+00:00,,0.00962695547533099,-0.054151624548736454,LCID|1h|rolling|cross_USO_state_vol=mid_vol + state_ext=neutral|2026-09-23 19:00:00+00:00,rolling,4.155,2026-10-07T19:42:36.632047+00:00,4.195,3.93,False,short,-0.00962695547533099,0.054151624548736454
LCID,1h,cross_USO_state_vol=mid_vol + state_ext=neutral,2026-09-29 19:00:00+00:00,,0.023485784919653918,0.02966625463535233,LCID|1h|rolling|cross_USO_state_vol=mid_vol + state_ext=neutral|2026-09-29 19:00:00+00:00,rolling,4.045,2026-10-07T19:42:36.982991+00:00,4.14,4.165,False,short,-0.023485784919653918,-0.02966625463535233
LCID,1h,cross_USO_state_vol=mid_vol + state_ext=neutral,2026-09-30 19:00:00+00:00,,0.013513513513513375,0.01842751842751822,LCID|1h|rolling|cross_USO_state_vol=mid_vol + state_ext=neutral|2026-09-30 19:00:00+00:00,rolling,4.07,2026-10-07T19:42:38.738889+00:00,4.125,4.145,False,short,-0.013513513513513375,-0.01842751842751822
LCID,1h,cross_USO_state_vol=mid_vol + state_ext=neutral,2026-10-01 14:00:00+00:00,,0.0219780219780219,0.04517704517704524,LCID|1h|rolling|cross_USO_state_vol=mid_vol + state_ext=neutral|2026-10-01 14:00:00+00:00,rolling,4.095,2026-10-07T19:42:41.073048+00:00,4.185,4.28,False,short,-0.0219780219780219,-0.04517704517704524
LCID,1h,cross_USO_state_vol=mid_vol + state_ext=neutral,2026-10-01 15:00:00+00:00,,0.0036809815950920033,0.02699386503067469,LCID|1h|rolling|cross_USO_state_vol=mid_vol + state_ext=neutral|2026-10-01 15:00:00+00:00,rolling,4.075,2026-10-07T19:42:41.083370+00:00,4.09,4.185,False,short,-0.0036809815950920033,-0.02699386503067469
LCID,1h,cross_USO_state_vol=mid_vol + state_ext=neutral,2026-10-01 17:00:00+00:00,,-0.004848484848484769,0.01090909090909098,LCID|1h|rolling|cross_USO_state_vol=mid_vol + state_ext=neutral|2026-10-01 17:00:00+00:00,rolling,4.125,2026-10-07T19:42:41.156142+00:00,4.105,4.17,False,short,0.004848484848484769,-0.01090909090909098
LCID,1h,cross_USO_state_vol=mid_vol + state_ext=neutral,2026-10-06 19:00:00+00:00,,-0.062350119904076684,,LCID|1h|rolling|cross_USO_state_vol=mid_vol + state_ext=neutral|2026-10-06 19:00:00+00:00,rolling,4.17,2026-10-07T19:43:18.951275+00:00,3.91,,True,short,0.062350119904076684,
LIN,15m,state_session=morning + state_vol=low_vol,2026-09-02 14:15:00+00:00,,0.0026545044583374,0.0018038331454339,LIN|15m|rolling|state_session=morning + state_vol=low_vol|2026-09-02 14:15:00+00:00,rolling,487.85,2026-09-02T19:38:12.803088+00:00,489.145,488.73,False,short,-0.0026545044583374,-0.0018038331454339
LIN,15m,state_session=morning + state_vol=low_vol,2026-09-02 15:15:00+00:00,,0.0008085149933476,,LIN|15m|rolling|state_session=morning + state_vol=low_vol|2026-09-02 15:15:00+00:00,rolling,488.55,2026-09-02T19:38:16.679289+00:00,488.945,,True,short,-0.0008085149933476,
LLY,15m,cross_USO_state_ext=neutral + cross_TLT_state_slope=flat + state_ext=neutral,2026-08-20 18:15:00+00:00,,-0.007722991425091,,LLY|15m|rolling|cross_USO_state_ext=neutral + cross_TLT_state_slope=flat + state_ext=neutral|2026-08-20 18:15:00+00:00,rolling,1255.99,2026-08-20T21:33:39.286447+00:00,1246.29,,True,long,-0.007722991425091,
LLY,15m,cross_USO_state_ext=neutral + cross_TLT_state_slope=flat + state_ext=neutral,2026-08-20 19:00:00+00:00,,,,LLY|15m|rolling|cross_USO_state_ext=neutral + cross_TLT_state_slope=flat + state_ext=neutral|2026-08-20 19:00:00+00:00,rolling,1252.92,2026-08-20T21:33:42.461243+00:00,,,True,long,,
LLY,15m,cross_USO_state_ext=neutral + cross_TLT_state_slope=flat + state_ext=neutral,2026-08-20 19:15:00+00:00,,,,LLY|15m|rolling|cross_USO_state_ext=neutral + cross_TLT_state_slope=flat + state_ext=neutral|2026-08-20 19:15:00+00:00,rolling,1250.89,2026-08-20T21:33:51.529796+00:00,,,True,long,,
LLY,15m,cross_USO_state_ext=neutral + cross_TLT_state_slope=flat + state_ext=neutral,2026-08-20 19:45:00+00:00,,,,LLY|15m|rolling|cross_USO_state_ext=neutral + cross_TLT_state_slope=flat + state_ext=neutral|2026-08-20 19:45:00+00:00,rolling,1245.55,2026-08-20T21:34:10.441751+00:00,,,True,long,,
LLY,1h,state_ext=neutral + state_slope=downtrend + state_vol=low_vol,2026-10-01 19:00:00+00:00,,-0.010519474892768832,0.004159265196481909,LLY|1h|rolling|state_ext=neutral + state_slope=downtrend + state_vol=low_vol|2026-10-01 19:00:00+00:00,rolling,1154.05,2026-10-07T19:42:41.281677+00:00,1141.91,1158.85,False,short,0.010519474892768832,-0.004159265196481909
LLY,1h,state_ext=neutral + state_slope=downtrend + state_vol=low_vol,2026-10-02 13:00:00+00:00,,-0.006241656119423733,0.00324219359536726,LLY|1h|rolling|state_ext=neutral + state_slope=downtrend + state_vol=low_vol|2026-10-02 13:00:00+00:00,rolling,1153.54,2026-10-07T19:42:45.576049+00:00,1146.34,1157.28,False,short,0.006241656119423733,-0.00324219359536726
LLY,1h,state_ext=neutral + state_slope=downtrend + state_vol=low_vol,2026-10-02 14:00:00+00:00,,-0.008170274771024166,0.0252914238134887,LLY|1h|rolling|state_ext=neutral + state_slope=downtrend + state_vol=low_vol|2026-10-02 14:00:00+00:00,rolling,1152.96,2026-10-07T19:42:45.992769+00:00,1143.54,1182.12,False,short,0.008170274771024166,-0.0252914238134887
LLY,1h,state_ext=neutral + state_slope=downtrend + state_vol=low_vol,2026-10-02 18:00:00+00:00,,0.00793394629865496,0.04281888444963977,LLY|1h|rolling|state_ext=neutral + state_slope=downtrend + state_vol=low_vol|2026-10-02 18:00:00+00:00,rolling,1146.34,2026-10-07T19:42:46.071378+00:00,1155.435,1195.425,False,short,-0.00793394629865496,-0.04281888444963977
LLY,1h,state_ext=neutral + state_slope=downtrend + state_vol=low_vol,2026-10-02 19:00:00+00:00,,0.007450548297392334,0.043942494359620055,LLY|1h|rolling|state_ext=neutral + state_slope=downtrend + state_vol=low_vol|2026-10-02 19:00:00+00:00,rolling,1143.54,2026-10-07T19:42:50.163620+00:00,1152.06,1193.79,False,short,-0.007450548297392334,-0.043942494359620055
LNG,15m,cross_USO_state_vol=high_vol + state_ext=stretched_down,2026-09-04 14:00:00+00:00,,0.0059266211307504,0.009889288631663,LNG|15m|rolling|cross_USO_state_vol=high_vol + state_ext=stretched_down|2026-09-04 14:00:00+00:00,rolling,287.685,2026-09-08T21:40:56.153890+00:00,289.39,290.53,False,long,0.0059266211307504,0.009889288631663
LNG,15m,cross_USO_state_vol=high_vol + state_ext=stretched_down,2026-09-04 14:15:00+00:00,,0.0086254869226489,0.0116861435726209,LNG|15m|rolling|cross_USO_state_vol=high_vol + state_ext=stretched_down|2026-09-04 14:15:00+00:00,rolling,287.52,2026-09-08T21:40:57.566708+00:00,290.0,290.88,False,long,0.0086254869226489,0.0116861435726209
LNG,15m,cross_USO_state_vol=high_vol + state_ext=stretched_down,2026-09-08 14:15:00+00:00,,-0.0118913506070846,-0.0124993294351161,LNG|15m|rolling|cross_USO_state_vol=high_vol + state_ext=stretched_down|2026-09-08 14:15:00+00:00,rolling,279.615,2026-09-08T21:41:04.287264+00:00,276.29,276.12,False,long,-0.0118913506070846,-0.0124993294351161
LNG,15m,cross_USO_state_vol=high_vol + state_ext=stretched_down,2026-09-08 15:00:00+00:00,,-0.0043944960737699,,LNG|15m|rolling|cross_USO_state_vol=high_vol + state_ext=stretched_down|2026-09-08 15:00:00+00:00,rolling,277.62,2026-09-08T21:41:04.323146+00:00,276.4,,True,long,-0.0043944960737699,
LNG,15m,cross_USO_state_vol=high_vol + state_ext=stretched_down,2026-09-08 15:15:00+00:00,,-0.007640586797066,,LNG|15m|rolling|cross_USO_state_vol=high_vol + state_ext=stretched_down|2026-09-08 15:15:00+00:00,rolling,278.12,2026-09-08T21:41:07.048134+00:00,275.995,,True,long,-0.007640586797066,
LNG,15m,cross_USO_state_vol=high_vol + state_ext=stretched_down,2026-09-08 16:15:00+00:00,,-0.0018092343320307,,LNG|15m|rolling|cross_USO_state_vol=high_vol + state_ext=stretched_down|2026-09-08 16:15:00+00:00,rolling,276.36,2026-09-08T21:41:09.875727+00:00,275.86,,True,long,-0.0018092343320307,
LNG,15m,cross_USO_state_vol=high_vol + state_ext=stretched_down,2026-09-08 17:00:00+00:00,,0.0055604861350091,,LNG|15m|rolling|cross_USO_state_vol=high_vol + state_ext=stretched_down|2026-09-08 17:00:00+00:00,rolling,276.055,2026-09-08T21:41:10.235657+00:00,277.59,,True,long,0.0055604861350091,
LNG,15m,state_session=morning + state_slope=downtrend + state_vol=high_vol,2026-09-08 14:15:00+00:00,,-0.0118913506070846,-0.0124993294351161,LNG|15m|rolling|state_session=morning + state_slope=downtrend + state_vol=high_vol|2026-09-08 14:15:00+00:00,rolling,279.615,2026-09-08T21:41:04.305836+00:00,276.29,276.12,False,long,-0.0118913506070846,-0.0124993294351161
LNG,15m,state_session=morning + state_slope=downtrend + state_vol=high_vol,2026-09-08 15:00:00+00:00,,-0.0043944960737699,,LNG|15m|rolling|state_session=morning + state_slope=downtrend + state_vol=high_vol|2026-09-08 15:00:00+00:00,rolling,277.62,2026-09-08T21:41:04.639774+00:00,276.4,,True,long,-0.0043944960737699,
LNG,15m,state_session=morning + state_slope=downtrend + state_vol=high_vol,2026-09-08 15:15:00+00:00,,-0.007640586797066,,LNG|15m|rolling|state_session=morning + state_slope=downtrend + state_vol=high_vol|2026-09-08 15:15:00+00:00,rolling,278.12,2026-09-08T21:41:07.435991+00:00,275.995,,True,long,-0.007640586797066,
LNG,1d,cross_USO_state_slope=downtrend + cross_TLT_state_ext=neutral + state_ext=stretched_down,2026-08-07 04:00:00+00:00,,0.06051377806499447,0.14000149645021986,LNG|1d|rolling|cross_USO_state_slope=downtrend + cross_TLT_state_ext=neutral + state_ext=stretched_down|2026-08-07,rolling,256.1400146484375,2026-10-07T19:42:26.825506+00:00,271.6400146484375,292.0,False,long,0.06051377806499447,0.14000149645021986
LNG,1d,state_slope=flat + state_vol=low_vol,2026-10-06 04:00:00+00:00,,,,LNG|1d|rolling|state_slope=flat + state_vol=low_vol|2026-10-06,rolling,275.260009765625,2026-10-07T19:43:40.437457+00:00,,,True,long,,
LNG,1h,cross_USO_state_slope=flat + state_ext=stretched_down,2026-09-04 13:00:00+00:00,,0.0096685563245575,-0.0399958265224498,LNG|1h|rolling|cross_USO_state_slope=flat + state_ext=stretched_down|2026-09-04 13:00:00+00:00,rolling,287.53,2026-09-09T20:39:42.925205+00:00,290.31,276.03,False,long,0.0096685563245575,-0.0399958265224498
LNG,1h,cross_USO_state_slope=flat + state_ext=stretched_down,2026-09-04 14:00:00+00:00,,0.0157902058987202,,LNG|1h|rolling|cross_USO_state_slope=flat + state_ext=stretched_down|2026-09-04 14:00:00+00:00,rolling,287.52,2026-09-09T20:39:42.945461+00:00,292.06,,True,long,0.0157902058987202,
LNG,1h,cross_USO_state_slope=flat + state_ext=stretched_down,2026-09-08 13:00:00+00:00,,-0.010077547082157,,LNG|1h|rolling|cross_USO_state_slope=flat + state_ext=stretched_down|2026-09-08 13:00:00+00:00,rolling,279.83,2026-09-09T20:39:49.226870+00:00,277.01,,True,long,-0.010077547082157,
LNG,1h,cross_USO_state_slope=flat + state_ext=stretched_down,2026-09-08 14:00:00+00:00,,-0.0059260059800424,,LNG|1h|rolling|cross_USO_state_slope=flat + state_ext=stretched_down|2026-09-08 14:00:00+00:00,rolling,277.59,2026-09-09T20:39:50.983248+00:00,275.945,,True,long,-0.0059260059800424,
LNG,1h,cross_USO_state_slope=flat + state_ext=stretched_down,2026-09-08 15:00:00+00:00,,0.0046331487313135,,LNG|1h|rolling|cross_USO_state_slope=flat + state_ext=stretched_down|2026-09-08 15:00:00+00:00,rolling,276.27,2026-09-09T20:39:52.426082+00:00,277.55,,True,long,0.0046331487313135,
LNG,1h,cross_USO_state_slope=flat + state_ext=stretched_down,2026-09-08 16:00:00+00:00,,0.0092042324974634,,LNG|1h|rolling|cross_USO_state_slope=flat + state_ext=stretched_down|2026-09-08 16:00:00+00:00,rolling,275.96,2026-09-09T20:39:53.777992+00:00,278.5,,True,long,0.0092042324974634,
LNG,1h,cross_USO_state_slope=flat + state_ext=stretched_down,2026-09-08 17:00:00+00:00,,-0.0001991959726196,,LNG|1h|rolling|cross_USO_state_slope=flat + state_ext=stretched_down|2026-09-08 17:00:00+00:00,rolling,276.11,2026-09-09T20:39:54.836660+00:00,276.055,,True,long,-0.0001991959726196,
LNG,1h,cross_USO_state_slope=flat + state_ext=stretched_down,2026-09-08 18:00:00+00:00,,-0.0068228583805638,,LNG|1h|rolling|cross_USO_state_slope=flat + state_ext=stretched_down|2026-09-08 18:00:00+00:00,rolling,277.01,2026-09-09T20:40:00.094626+00:00,275.12,,True,long,-0.0068228583805638,
LOW,1h,cross_TLT_state_slope=uptrend + state_ext=neutral,2026-08-20 13:00:00+00:00,,-0.011500022817505506,-0.009628987359101782,LOW|1h|rolling|cross_TLT_state_slope=uptrend + state_ext=neutral|2026-08-20 13:00:00+00:00,rolling,219.13,2026-10-07T19:42:27.530896+00:00,216.61,217.02,False,short,0.011500022817505506,0.009628987359101782
LOW,1h,cross_TLT_state_slope=uptrend + state_ext=neutral,2026-08-20 14:00:00+00:00,,-0.005353221083455373,-0.01912518301610544,LOW|1h|rolling|cross_TLT_state_slope=uptrend + state_ext=neutral|2026-08-20 14:00:00+00:00,rolling,218.56,2026-10-07T19:42:27.561349+00:00,217.39,214.38,False,short,0.005353221083455373,0.01912518301610544
LOW,1h,cross_TLT_state_slope=uptrend + state_ext=neutral,2026-08-20 15:00:00+00:00,,-0.0009851088201603408,-0.012737686139748017,LOW|1h|rolling|cross_TLT_state_slope=uptrend + state_ext=neutral|2026-08-20 15:00:00+00:00,rolling,218.25,2026-10-07T19:42:27.606975+00:00,218.035,215.47,False,short,0.0009851088201603408,0.012737686139748017
LOW,1h,cross_TLT_state_slope=uptrend + state_ext=neutral,2026-08-20 16:00:00+00:00,,0.0010098691760385137,-0.00819371126922197,LOW|1h|rolling|cross_TLT_state_slope=uptrend + state_ext=neutral|2026-08-20 16:00:00+00:00,rolling,217.85,2026-10-07T19:42:27.678970+00:00,218.07,216.065,False,short,-0.0010098691760385137,0.00819371126922197
LOW,1h,cross_TLT_state_slope=uptrend + state_ext=neutral,2026-08-20 17:00:00+00:00,,0.0051271391949005984,-0.0013626180743204763,LOW|1h|rolling|cross_TLT_state_slope=uptrend + state_ext=neutral|2026-08-20 17:00:00+00:00,rolling,216.495,2026-10-07T19:42:27.689032+00:00,217.605,216.2,False,short,-0.0051271391949005984,0.0013626180743204763
LOW,1h,cross_TLT_state_slope=uptrend + state_ext=neutral,2026-08-20 18:00:00+00:00,,-0.004662757952079821,-0.005216748995891307,LOW|1h|rolling|cross_TLT_state_slope=uptrend + state_ext=neutral|2026-08-20 18:00:00+00:00,rolling,216.61,2026-10-07T19:42:27.718785+00:00,215.6,215.48,False,short,0.004662757952079821,0.005216748995891307
LOW,1h,cross_TLT_state_slope=uptrend + state_ext=neutral,2026-08-20 19:00:00+00:00,,-0.007498044988269892,-0.009660057960347745,LOW|1h|rolling|cross_TLT_state_slope=uptrend + state_ext=neutral|2026-08-20 19:00:00+00:00,rolling,217.39,2026-10-07T19:42:27.739745+00:00,215.76,215.29,False,short,0.007498044988269892,0.009660057960347745
LOW,1h,cross_TLT_state_slope=uptrend + state_ext=neutral,2026-08-25 13:00:00+00:00,,0.0042447989551264165,-0.03570762197966226,LOW|1h|rolling|cross_TLT_state_slope=uptrend + state_ext=neutral|2026-08-25 13:00:00+00:00,rolling,214.38,2026-10-07T19:42:28.093083+00:00,215.29,206.725,False,short,-0.0042447989551264165,0.03570762197966226
LOW,1h,cross_TLT_state_slope=uptrend + state_ext=neutral,2026-08-25 14:00:00+00:00,,-0.0039912748874552095,-0.04042326077876279,LOW|1h|rolling|cross_TLT_state_slope=uptrend + state_ext=neutral|2026-08-25 14:00:00+00:00,rolling,215.47,2026-10-07T19:42:28.152071+00:00,214.61,206.76,False,short,0.0039912748874552095,0.04042326077876279
LOW,1h,cross_TLT_state_slope=uptrend + state_ext=neutral,2026-08-25 15:00:00+00:00,,-0.013167333904149259,-0.03903917802513135,LOW|1h|rolling|cross_TLT_state_slope=uptrend + state_ext=neutral|2026-08-25 15:00:00+00:00,rolling,216.065,2026-10-07T19:42:28.180569+00:00,213.22,207.63,False,short,0.013167333904149259,0.03903917802513135
LOW,1h,cross_TLT_state_slope=uptrend + state_ext=neutral,2026-08-25 16:00:00+00:00,,-0.013297872340425565,-0.041049953746530976,LOW|1h|rolling|cross_TLT_state_slope=uptrend + state_ext=neutral|2026-08-25 16:00:00+00:00,rolling,216.2,2026-10-07T19:42:28.229240+00:00,213.325,207.325,False,short,0.013297872340425565,0.041049953746530976
LOW,1h,cross_TLT_state_slope=uptrend + state_ext=neutral,2026-08-25 17:00:00+00:00,,-0.012066085019491357,-0.041906441433079644,LOW|1h|rolling|cross_TLT_state_slope=uptrend + state_ext=neutral|2026-08-25 17:00:00+00:00,rolling,215.48,2026-10-07T19:42:28.277765+00:00,212.88,206.45,False,short,0.012066085019491357,0.041906441433079644
LOW,1h,cross_TLT_state_slope=uptrend + state_ext=neutral,2026-08-25 18:00:00+00:00,,-0.01481722328022661,-0.0381346091318685,LOW|1h|rolling|cross_TLT_state_slope=uptrend + state_ext=neutral|2026-08-25 18:00:00+00:00,rolling,215.29,2026-10-07T19:42:28.308375+00:00,212.1,207.08,False,short,0.01481722328022661,0.0381346091318685
LOW,1h,cross_TLT_state_slope=uptrend + state_ext=neutral,2026-08-25 19:00:00+00:00,,-0.014584595312427284,-0.028679931037696282,LOW|1h|rolling|cross_TLT_state_slope=uptrend + state_ext=neutral|2026-08-25 19:00:00+00:00,rolling,214.61,2026-10-07T19:42:28.338921+00:00,211.48,208.455,False,short,0.014584595312427284,0.028679931037696282
LOW,1h,cross_TLT_state_slope=uptrend + state_ext=neutral,2026-08-26 13:00:00+00:00,,-0.009848982271831841,-0.024012756777037847,LOW|1h|rolling|cross_TLT_state_slope=uptrend + state_ext=neutral|2026-08-26 13:00:00+00:00,rolling,213.22,2026-10-07T19:42:28.466270+00:00,211.12,208.1,False,short,0.009848982271831841,0.024012756777037847
LOW,1h,cross_TLT_state_slope=uptrend + state_ext=neutral,2026-08-26 14:00:00+00:00,,-0.015169959734057548,-0.04017230077722633,LOW|1h|rolling|cross_TLT_state_slope=uptrend + state_ext=neutral|2026-08-26 14:00:00+00:00,rolling,213.58,2026-10-07T19:42:28.476337+00:00,210.34,205.0,False,short,0.015169959734057548,0.04017230077722633
LOW,1h,cross_TLT_state_slope=uptrend + state_ext=neutral,2026-08-26 15:00:00+00:00,,-0.024567831642239746,-0.030557121382938757,LOW|1h|rolling|cross_TLT_state_slope=uptrend + state_ext=neutral|2026-08-26 15:00:00+00:00,rolling,212.88,2026-10-07T19:42:28.496688+00:00,207.65,206.375,False,short,0.024567831642239746,0.030557121382938757
LOW,1h,cross_TLT_state_slope=uptrend + state_ext=neutral,2026-08-26 16:00:00+00:00,,-0.02215070938645125,-0.028586864605844253,LOW|1h|rolling|cross_TLT_state_slope=uptrend + state_ext=neutral|2026-08-26 16:00:00+00:00,rolling,212.86,2026-10-07T19:42:28.527282+00:00,208.145,206.775,False,short,0.02215070938645125,0.028586864605844253
LOW,1h,cross_TLT_state_slope=uptrend + state_ext=neutral,2026-09-04 13:00:00+00:00,,0.01842288211341736,-0.013779918561922733,LOW|1h|rolling|cross_TLT_state_slope=uptrend + state_ext=neutral|2026-09-04 13:00:00+00:00,rolling,201.38,2026-10-07T19:42:29.487061+00:00,205.09,198.605,False,short,-0.01842288211341736,0.013779918561922733
LOW,1h,cross_TLT_state_slope=uptrend + state_ext=neutral,2026-09-04 14:00:00+00:00,,0.013180714533472138,-0.03096972399781972,LOW|1h|rolling|cross_TLT_state_slope=uptrend + state_ext=neutral|2026-09-04 14:00:00+00:00,rolling,201.81,2026-10-07T19:42:29.497308+00:00,204.47,195.56,False,short,-0.013180714533472138,0.03096972399781972
LOW,1h,cross_TLT_state_slope=uptrend + state_ext=neutral,2026-09-04 15:00:00+00:00,,0.0014114500792394846,-0.02822900158478603,LOW|1h|rolling|cross_TLT_state_slope=uptrend + state_ext=neutral|2026-09-04 15:00:00+00:00,rolling,201.92,2026-10-07T19:42:29.507360+00:00,202.205,196.22,False,short,-0.0014114500792394846,0.02822900158478603
LOW,1h,cross_TLT_state_slope=uptrend + state_ext=neutral,2026-09-04 17:00:00+00:00,,-0.010253774808506422,-0.03859236962533341,LOW|1h|rolling|cross_TLT_state_slope=uptrend + state_ext=neutral|2026-09-04 17:00:00+00:00,rolling,204.315,2026-10-07T19:42:29.527739+00:00,202.22,196.43,False,short,0.010253774808506422,0.03859236962533341
LOW,1h,cross_TLT_state_slope=uptrend + state_ext=neutral,2026-09-04 18:00:00+00:00,,-0.01535794511182742,-0.044389100498095524,LOW|1h|rolling|cross_TLT_state_slope=uptrend + state_ext=neutral|2026-09-04 18:00:00+00:00,rolling,204.78,2026-10-07T19:42:29.537904+00:00,201.635,195.69,False,short,0.01535794511182742,0.044389100498095524
LOW,1h,cross_TLT_state_slope=uptrend + state_ext=neutral,2026-09-04 19:00:00+00:00,,-0.013229324595295244,-0.04086174010857335,LOW|1h|rolling|cross_TLT_state_slope=uptrend + state_ext=neutral|2026-09-04 19:00:00+00:00,rolling,204.47,2026-10-07T19:42:29.568267+00:00,201.765,196.115,False,short,0.013229324595295244,0.04086174010857335
LOW,1h,cross_TLT_state_slope=uptrend + state_ext=neutral,2026-09-08 13:00:00+00:00,,-0.0015330975989713558,-0.027669938923369886,LOW|1h|rolling|cross_TLT_state_slope=uptrend + state_ext=neutral|2026-09-08 13:00:00+00:00,rolling,202.205,2026-10-07T19:42:29.588361+00:00,201.895,196.61,False,short,0.0015330975989713558,0.027669938923369886
LOW,1h,cross_TLT_state_slope=uptrend + state_ext=neutral,2026-09-17 14:00:00+00:00,,-0.00604198668714806,-0.008806963645673349,LOW|1h|rolling|cross_TLT_state_slope=uptrend + state_ext=neutral|2026-09-17 14:00:00+00:00,rolling,195.3,2026-10-07T19:42:33.652924+00:00,194.12,193.58,False,short,0.00604198668714806,0.008806963645673349
LOW,1h,cross_TLT_state_slope=uptrend + state_ext=neutral,2026-09-17 15:00:00+00:00,,-0.007360889483708277,-0.0009780202810520944,LOW|1h|rolling|cross_TLT_state_slope=uptrend + state_ext=neutral|2026-09-17 15:00:00+00:00,rolling,194.27,2026-10-07T19:42:33.699257+00:00,192.84,194.08,False,short,0.007360889483708277,0.0009780202810520944
LOW,1h,cross_TLT_state_slope=uptrend + state_ext=neutral,2026-09-17 16:00:00+00:00,,-0.004094244882194009,-0.0015449980687525233,LOW|1h|rolling|cross_TLT_state_slope=uptrend + state_ext=neutral|2026-09-17 16:00:00+00:00,rolling,194.175,2026-10-07T19:42:33.738386+00:00,193.38,193.875,False,short,0.004094244882194009,0.0015449980687525233
LOW,1h,cross_TLT_state_slope=uptrend + state_ext=neutral,2026-09-17 17:00:00+00:00,,-0.009396662387676558,0.005237483953786981,LOW|1h|rolling|cross_TLT_state_slope=uptrend + state_ext=neutral|2026-09-17 17:00:00+00:00,rolling,194.75,2026-10-07T19:42:33.768690+00:00,192.92,195.77,False,short,0.009396662387676558,-0.005237483953786981
LOW,1h,cross_TLT_state_slope=uptrend + state_ext=neutral,2026-09-17 18:00:00+00:00,,-0.007445383347073453,0.007496908491343657,LOW|1h|rolling|cross_TLT_state_slope=uptrend + state_ext=neutral|2026-09-17 18:00:00+00:00,rolling,194.08,2026-10-07T19:42:33.778970+00:00,192.635,195.535,False,short,0.007445383347073453,-0.007496908491343657
LOW,1h,cross_TLT_state_slope=uptrend + state_ext=neutral,2026-09-17 19:00:00+00:00,,-0.007752936328044524,0.008912013187718948,LOW|1h|rolling|cross_TLT_state_slope=uptrend + state_ext=neutral|2026-09-17 19:00:00+00:00,rolling,194.12,2026-10-07T19:42:33.789250+00:00,192.615,195.85,False,short,0.007752936328044524,-0.008912013187718948
LOW,1h,cross_TLT_state_slope=uptrend + state_ext=neutral,2026-09-18 13:00:00+00:00,,-0.0030076747562747252,0.017164488695291524,LOW|1h|rolling|cross_TLT_state_slope=uptrend + state_ext=neutral|2026-09-18 13:00:00+00:00,rolling,192.84,2026-10-07T19:42:34.740701+00:00,192.26,196.15,False,short,0.0030076747562747252,-0.017164488695291524
LOW,1h,cross_TLT_state_slope=uptrend + state_ext=neutral,2026-09-18 14:00:00+00:00,,-0.0015819091828531695,0.001115116309224451,LOW|1h|rolling|cross_TLT_state_slope=uptrend + state_ext=neutral|2026-09-18 14:00:00+00:00,rolling,192.805,2026-10-07T19:42:34.761787+00:00,192.5,193.02,False,short,0.0015819091828531695,-0.001115116309224451
LOW,1h,cross_TLT_state_slope=uptrend + state_ext=neutral,2026-09-18 16:00:00+00:00,,-0.010615931684273328,0.00018169076232243953,LOW|1h|rolling|cross_TLT_state_slope=uptrend + state_ext=neutral|2026-09-18 16:00:00+00:00,rolling,192.635,2026-10-07T19:42:34.801845+00:00,190.59,192.67,False,short,0.010615931684273328,-0.00018169076232243953
LOW,1h,cross_TLT_state_slope=uptrend + state_ext=neutral,2026-09-18 17:00:00+00:00,,-0.005009994029540832,0.0029852296030941083,LOW|1h|rolling|cross_TLT_state_slope=uptrend + state_ext=neutral|2026-09-18 17:00:00+00:00,rolling,192.615,2026-10-07T19:42:34.842079+00:00,191.65,193.19,False,short,0.005009994029540832,-0.0029852296030941083
LOW,1h,cross_TLT_state_slope=uptrend + state_ext=neutral,2026-09-22 17:00:00+00:00,,-0.01465210831820396,-0.033165417955864585,LOW|1h|rolling|cross_TLT_state_slope=uptrend + state_ext=neutral|2026-09-22 17:00:00+00:00,rolling,195.535,2026-10-07T19:42:36.086952+00:00,192.67,189.05,False,short,0.01465210831820396,0.033165417955864585
LOW,1h,cross_TLT_state_slope=uptrend + state_ext=neutral,2026-09-22 18:00:00+00:00,,-0.011512484650020416,-0.03402578796561606,LOW|1h|rolling|cross_TLT_state_slope=uptrend + state_ext=neutral|2026-09-22 18:00:00+00:00,rolling,195.44,2026-10-07T19:42:36.117504+00:00,193.19,188.79,False,short,0.011512484650020416,0.03402578796561606
LOW,1h,cross_TLT_state_slope=uptrend + state_ext=neutral,2026-09-23 13:00:00+00:00,,-0.002797637550512988,-0.01968707905916489,LOW|1h|rolling|cross_TLT_state_slope=uptrend + state_ext=neutral|2026-09-23 13:00:00+00:00,rolling,193.02,2026-10-07T19:42:36.358700+00:00,192.48,189.22,False,short,0.002797637550512988,0.01968707905916489
LRCX,1d,cross_TLT_state_vol=low_vol + state_ext=neutral,2026-08-04 04:00:00+00:00,,-0.019921907115300286,-0.08667457315344351,LRCX|1d|rolling|cross_TLT_state_vol=low_vol + state_ext=neutral|2026-08-04,rolling,317.739990234375,2026-10-07T19:42:26.690248+00:00,311.4100036621094,290.20001220703125,False,long,-0.019921907115300286,-0.08667457315344351
LRCX,1d,cross_TLT_state_vol=low_vol + state_ext=neutral,2026-08-06 04:00:00+00:00,,0.10216836797072415,-0.04287531746935547,LRCX|1d|rolling|cross_TLT_state_vol=low_vol + state_ext=neutral|2026-08-06,rolling,305.7699890136719,2026-10-07T19:42:26.797989+00:00,337.010009765625,292.6600036621094,False,long,0.10216836797072415,-0.04287531746935547
LRCX,1d,cross_TLT_state_vol=low_vol + state_ext=neutral,2026-08-07 04:00:00+00:00,,0.06748025963121917,-0.011883771108072816,LRCX|1d|rolling|cross_TLT_state_vol=low_vol + state_ext=neutral|2026-08-07,rolling,311.3500061035156,2026-10-07T19:42:26.834815+00:00,332.3599853515625,307.6499938964844,False,long,0.06748025963121917,-0.011883771108072816
LRCX,1d,cross_TLT_state_vol=low_vol + state_ext=neutral,2026-08-10 04:00:00+00:00,,0.12219322189038673,0.045757244812434816,LRCX|1d|rolling|cross_TLT_state_vol=low_vol + state_ext=neutral|2026-08-10,rolling,306.3999938964844,2026-10-07T19:42:26.871597+00:00,343.8399963378906,320.4200134277344,False,long,0.12219322189038673,0.045757244812434816
LRCX,1d,cross_TLT_state_vol=low_vol + state_ext=neutral,2026-08-19 04:00:00+00:00,,0.018589026289903332,-0.12325427031974157,LRCX|1d|rolling|cross_TLT_state_vol=low_vol + state_ext=neutral|2026-08-19,rolling,307.1700134277344,2026-10-07T19:42:27.805405+00:00,312.8800048828125,269.30999755859375,False,long,0.018589026289903332,-0.12325427031974157
LRCX,1d,cross_TLT_state_vol=low_vol + state_ext=neutral,2026-08-20 04:00:00+00:00,,0.02592338203913802,-0.07219918692515426,LRCX|1d|rolling|cross_TLT_state_vol=low_vol + state_ext=neutral|2026-08-20,rolling,310.5299987792969,2026-10-07T19:42:27.944477+00:00,318.5799865722656,288.1099853515625,False,long,0.02592338203913802,-0.07219918692515426
LRCX,1d,cross_TLT_state_vol=low_vol + state_ext=neutral,2026-08-24 04:00:00+00:00,,-0.02798472714185085,0.0014830300646884176,LRCX|1d|rolling|cross_TLT_state_vol=low_vol + state_ext=neutral|2026-08-24,rolling,310.1700134277344,2026-10-07T19:42:28.438095+00:00,301.489990234375,310.6300048828125,False,long,-0.02798472714185085,0.0014830300646884176
LRCX,1d,cross_TLT_state_vol=low_vol + state_ext=neutral,2026-08-25 04:00:00+00:00,,-0.07773466970827325,-0.023453901979666125,LRCX|1d|rolling|cross_TLT_state_vol=low_vol + state_ext=neutral|2026-08-25,rolling,314.6600036621094,2026-10-07T19:42:28.574916+00:00,290.20001220703125,307.2799987792969,False,long,-0.07773466970827325,-0.023453901979666125
LRCX,1d,cross_TLT_state_vol=low_vol + state_ext=neutral,2026-08-26 04:00:00+00:00,,-0.07849653916936161,-0.018281772984647948,LRCX|1d|rolling|cross_TLT_state_vol=low_vol + state_ext=neutral|2026-08-26,rolling,312.8800048828125,2026-10-07T19:42:28.703294+00:00,288.32000732421875,307.1600036621094,False,long,-0.07849653916936161,-0.018281772984647948
LRCX,1d,cross_TLT_state_vol=low_vol + state_ext=neutral,2026-08-27 04:00:00+00:00,,-0.08136098939873815,-0.010578175840380566,LRCX|1d|rolling|cross_TLT_state_vol=low_vol + state_ext=neutral|2026-08-27,rolling,318.5799865722656,2026-10-07T19:42:28.835482+00:00,292.6600036621094,315.2099914550781,False,long,-0.08136098939873815,-0.010578175840380566
LRCX,1d,state_volume=vol_normal + state_ext=stretched_down,2026-07-27 04:00:00+00:00,,0.010287713558173373,0.06364675082643712,LRCX|1d|rolling|state_volume=vol_normal + state_ext=stretched_down|2026-07-27,rolling,291.6099853515625,2026-10-07T19:42:26.563062+00:00,294.6099853515625,310.1700134277344,False,long,0.010287713558173373,0.06364675082643712
LRCX,1d,state_volume=vol_normal + state_ext=stretched_down,2026-07-28 04:00:00+00:00,,0.17851714512744232,0.16709328570231974,LRCX|1d|rolling|state_volume=vol_normal + state_ext=stretched_down|2026-07-28,rolling,269.6099853515625,2026-10-07T19:42:26.596956+00:00,317.739990234375,314.6600036621094,False,long,0.17851714512744232,0.16709328570231974
LRCX,1d,state_volume=vol_normal + state_ext=stretched_down,2026-08-28 04:00:00+00:00,,0.019046042120728135,0.04163632851390098,LRCX|1d|rolling|state_volume=vol_normal + state_ext=stretched_down|2026-08-28,rolling,301.8999938964844,2026-10-07T19:42:28.957704+00:00,307.6499938964844,314.4700012207031,False,long,0.019046042120728135,0.04163632851390098
LRCX,1d,state_volume=vol_normal + state_ext=stretched_down + state_slope=downtrend,2026-07-27 04:00:00+00:00,,0.010287713558173373,0.06364675082643712,LRCX|1d|rolling|state_volume=vol_normal + state_ext=stretched_down + state_slope=downtrend|2026-07-27,rolling,291.6099853515625,2026-10-07T19:42:26.538677+00:00,294.6099853515625,310.1700134277344,False,long,0.010287713558173373,0.06364675082643712
LRCX,1d,state_volume=vol_normal + state_ext=stretched_down + state_slope=downtrend,2026-07-28 04:00:00+00:00,,0.17851714512744232,0.16709328570231974,LRCX|1d|rolling|state_volume=vol_normal + state_ext=stretched_down + state_slope=downtrend|2026-07-28,rolling,269.6099853515625,2026-10-07T19:42:26.573469+00:00,317.739990234375,314.6600036621094,False,long,0.17851714512744232,0.16709328570231974
LRCX,1d,state_volume=vol_normal + state_ext=stretched_down + state_slope=downtrend,2026-07-29 04:00:00+00:00,,0.21822867442939042,0.23986525585605545,LRCX|1d|rolling|state_volume=vol_normal + state_ext=stretched_down + state_slope=downtrend|2026-07-29,rolling,252.3500061035156,2026-10-07T19:42:26.615921+00:00,307.4200134277344,312.8800048828125,False,long,0.21822867442939042,0.23986525585605545
LRCX,1d,state_volume=vol_normal + state_ext=stretched_down + state_slope=downtrend,2026-08-05 04:00:00+00:00,,0.06079621074579644,-0.062130002176990606,LRCX|1d|rolling|state_volume=vol_normal + state_ext=stretched_down + state_slope=downtrend|2026-08-05,rolling,307.4200134277344,2026-10-07T19:42:26.727083+00:00,326.1099853515625,288.32000732421875,False,long,0.06079621074579644,-0.062130002176990606
LRCX,1d,state_volume=vol_normal + state_slope=downtrend,2026-07-27 04:00:00+00:00,,0.010287713558173373,0.06364675082643712,LRCX|1d|rolling|state_volume=vol_normal + state_slope=downtrend|2026-07-27,rolling,291.6099853515625,2026-10-07T19:42:26.550741+00:00,294.6099853515625,310.1700134277344,False,long,0.010287713558173373,0.06364675082643712
LRCX,1d,state_volume=vol_normal + state_slope=downtrend,2026-07-28 04:00:00+00:00,,0.17851714512744232,0.16709328570231974,LRCX|1d|rolling|state_volume=vol_normal + state_slope=downtrend|2026-07-28,rolling,269.6099853515625,2026-10-07T19:42:26.585365+00:00,317.739990234375,314.6600036621094,False,long,0.17851714512744232,0.16709328570231974
LRCX,1d,state_volume=vol_normal + state_slope=downtrend,2026-07-29 04:00:00+00:00,,0.21822867442939042,0.23986525585605545,LRCX|1d|rolling|state_volume=vol_normal + state_slope=downtrend|2026-07-29,rolling,252.3500061035156,2026-10-07T19:42:26.625065+00:00,307.4200134277344,312.8800048828125,False,long,0.21822867442939042,0.23986525585605545
LRCX,1d,state_volume=vol_normal + state_slope=downtrend,2026-08-03 04:00:00+00:00,,0.04001903917429228,0.0233529249682507,LRCX|1d|rolling|state_volume=vol_normal + state_slope=downtrend|2026-08-03,rolling,294.6099853515625,2026-10-07T19:42:26.662109+00:00,306.3999938964844,301.489990234375,False,long,0.04001903917429228,0.0233529249682507
LRCX,1d,state_volume=vol_normal + state_slope=downtrend,2026-08-04 04:00:00+00:00,,-0.019921907115300286,-0.08667457315344351,LRCX|1d|rolling|state_volume=vol_normal + state_slope=downtrend|2026-08-04,rolling,317.739990234375,2026-10-07T19:42:26.699332+00:00,311.4100036621094,290.20001220703125,False,long,-0.019921907115300286,-0.08667457315344351
LRCX,1d,state_volume=vol_normal + state_slope=downtrend,2026-08-05 04:00:00+00:00,,0.06079621074579644,-0.062130002176990606,LRCX|1d|rolling|state_volume=vol_normal + state_slope=downtrend|2026-08-05,rolling,307.4200134277344,2026-10-07T19:42:26.736218+00:00,326.1099853515625,288.32000732421875,False,long,0.06079621074579644,-0.062130002176990606
LRCX,1d,state_volume=vol_normal + state_slope=downtrend,2026-08-06 04:00:00+00:00,,0.10216836797072415,-0.04287531746935547,LRCX|1d|rolling|state_volume=vol_normal + state_slope=downtrend|2026-08-06,rolling,305.7699890136719,2026-10-07T19:42:26.807315+00:00,337.010009765625,292.6600036621094,False,long,0.10216836797072415,-0.04287531746935547
LRCX,1d,state_volume=vol_normal + state_slope=downtrend,2026-08-11 04:00:00+00:00,,0.053016953763434405,0.014225595272102876,LRCX|1d|rolling|state_volume=vol_normal + state_slope=downtrend|2026-08-11,rolling,311.4100036621094,2026-10-07T19:42:26.928542+00:00,327.9200134277344,315.8399963378906,False,long,0.053016953763434405,0.014225595272102876
LRCX,1h,state_ext=stretched_up + state_slope=flat + state_vol=mid_vol,2026-08-25 13:00:00+00:00,,-0.0041009664292981,0.0123346897253306,LRCX|1h|rolling|state_ext=stretched_up + state_slope=flat + state_vol=mid_vol|2026-08-25 13:00:00+00:00,rolling,314.56,2026-09-03T21:41:30.931745+00:00,313.27,318.44,False,short,0.0041009664292981,-0.0123346897253306
LRCX,1h,state_ext=stretched_up + state_slope=flat + state_vol=mid_vol,2026-08-25 16:00:00+00:00,,-0.0058507424719388,-0.0232121848071481,LRCX|1h|rolling|state_ext=stretched_up + state_slope=flat + state_vol=mid_vol|2026-08-25 16:00:00+00:00,rolling,314.49,2026-09-03T21:41:31.006634+00:00,312.65,307.19,False,short,0.0058507424719388,0.0232121848071481
MDLZ,1h,state_volume=vol_quiet + state_slope=uptrend,2026-08-21 14:00:00+00:00,,-0.000387687059006,,MDLZ|1h|rolling|state_volume=vol_quiet + state_slope=uptrend|2026-08-21 14:00:00+00:00,rolling,64.485,2026-08-21T21:33:27.369015+00:00,64.46,,True,short,0.000387687059006,
MDLZ,1h,state_volume=vol_quiet + state_slope=uptrend,2026-08-21 15:00:00+00:00,,,,MDLZ|1h|rolling|state_volume=vol_quiet + state_slope=uptrend|2026-08-21 15:00:00+00:00,rolling,64.435,2026-08-21T21:33:33.950649+00:00,,,True,short,,
MDLZ,1h,state_volume=vol_quiet + state_slope=uptrend,2026-08-21 16:00:00+00:00,,,,MDLZ|1h|rolling|state_volume=vol_quiet + state_slope=uptrend|2026-08-21 16:00:00+00:00,rolling,64.315,2026-08-21T21:33:37.348309+00:00,,,True,short,,
MDLZ,1h,state_volume=vol_quiet + state_slope=uptrend,2026-08-21 17:00:00+00:00,,,,MDLZ|1h|rolling|state_volume=vol_quiet + state_slope=uptrend|2026-08-21 17:00:00+00:00,rolling,64.35,2026-08-21T21:33:40.483009+00:00,,,True,short,,
MDLZ,1h,state_volume=vol_quiet + state_slope=uptrend,2026-08-21 18:00:00+00:00,,,,MDLZ|1h|rolling|state_volume=vol_quiet + state_slope=uptrend|2026-08-21 18:00:00+00:00,rolling,64.45,2026-08-21T21:33:43.249321+00:00,,,True,short,,
MDLZ,1h,state_volume=vol_quiet + state_slope=uptrend,2026-08-21 19:00:00+00:00,,,,MDLZ|1h|rolling|state_volume=vol_quiet + state_slope=uptrend|2026-08-21 19:00:00+00:00,rolling,64.46,2026-08-21T21:33:57.597165+00:00,,,True,short,,
MDT,15m,state_gap_open=gap_open_flat + state_relvol=relvol_elevated + state_ext=stretched_up,2026-09-14 14:00:00+00:00,,-0.00278536611494995,0.004445872837324005,MDT|15m|rolling|state_gap_open=gap_open_flat + state_relvol=relvol_elevated + state_ext=stretched_up|2026-09-14 14:00:00+00:00,rolling,93.345,2026-10-07T19:42:31.440719+00:00,93.085,93.76,False,short,0.00278536611494995,-0.004445872837324005
MDT,15m,state_relvol=relvol_elevated + state_ext=stretched_up,2026-09-14 14:00:00+00:00,,-0.00278536611494995,0.004445872837324005,MDT|15m|rolling|state_relvol=relvol_elevated + state_ext=stretched_up|2026-09-14 14:00:00+00:00,rolling,93.345,2026-10-07T19:42:31.459248+00:00,93.085,93.76,False,short,0.00278536611494995,-0.004445872837324005
MDT,15m,state_session=lunch + state_slope=uptrend + state_vol=mid_vol,2026-08-21 16:15:00+00:00,,-0.004027278096976894,0.0017183053213769561,MDT|15m|rolling|state_session=lunch + state_slope=uptrend + state_vol=mid_vol|2026-08-21 16:15:00+00:00,rolling,93.115,2026-10-07T19:42:27.853320+00:00,92.74,93.275,False,short,0.004027278096976894,-0.0017183053213769561
MDT,15m,state_session=lunch + state_slope=uptrend + state_vol=mid_vol,2026-08-21 17:15:00+00:00,,0.002315064068052042,0.004791644233875125,MDT|15m|rolling|state_session=lunch + state_slope=uptrend + state_vol=mid_vol|2026-08-21 17:15:00+00:00,rolling,92.87,2026-10-07T19:42:27.871138+00:00,93.085,93.315,False,short,-0.002315064068052042,-0.004791644233875125
MDT,15m,state_session=lunch + state_slope=uptrend + state_vol=mid_vol,2026-08-26 17:15:00+00:00,,0.002388059701492473,-0.0071641791044775305,MDT|15m|rolling|state_session=lunch + state_slope=uptrend + state_vol=mid_vol|2026-08-26 17:15:00+00:00,rolling,92.125,2026-10-07T19:42:28.547451+00:00,92.345,91.465,False,short,-0.002388059701492473,0.0071641791044775305
MDT,15m,state_session=lunch + state_slope=uptrend + state_vol=mid_vol,2026-08-28 16:15:00+00:00,,0.00016462711957410114,-0.00043900565219767707,MDT|15m|rolling|state_session=lunch + state_slope=uptrend + state_vol=mid_vol|2026-08-28 16:15:00+00:00,rolling,91.115,2026-10-07T19:42:28.760353+00:00,91.13,91.075,False,short,-0.00016462711957410114,0.00043900565219767707
MDT,15m,state_session=lunch + state_slope=uptrend + state_vol=mid_vol,2026-08-28 17:15:00+00:00,,-0.0014816440761673544,-0.0020304011414146172,MDT|15m|rolling|state_session=lunch + state_slope=uptrend + state_vol=mid_vol|2026-08-28 17:15:00+00:00,rolling,91.115,2026-10-07T19:42:28.778478+00:00,90.98,90.93,False,short,0.0014816440761673544,0.0020304011414146172
MDT,1d,state_volume=vol_quiet + state_slope=flat,2026-09-10 04:00:00+00:00,,0.012551777581421897,,MDT|1d|rolling|state_volume=vol_quiet + state_slope=flat|2026-09-10,rolling,91.62000274658205,2026-10-07T19:42:30.338772+00:00,92.7699966430664,,True,long,0.012551777581421897,
MO,1h,cross_TLT_state_slope=downtrend + state_ext=stretched_up,2026-09-01 13:00:00+00:00,,-0.0007876270943719,,MO|1h|rolling|cross_TLT_state_slope=downtrend + state_ext=stretched_up|2026-09-01 13:00:00+00:00,rolling,69.83,2026-09-01T21:41:05.526335+00:00,69.775,,True,long,-0.0007876270943719,
MO,1h,cross_TLT_state_slope=downtrend + state_ext=stretched_up,2026-09-01 14:00:00+00:00,,-0.0115105868978258,,MO|1h|rolling|cross_TLT_state_slope=downtrend + state_ext=stretched_up|2026-09-01 14:00:00+00:00,rolling,70.37,2026-09-01T21:41:05.898598+00:00,69.56,,True,long,-0.0115105868978258,
MO,1h,cross_TLT_state_slope=downtrend + state_ext=stretched_up,2026-09-01 15:00:00+00:00,,,,MO|1h|rolling|cross_TLT_state_slope=downtrend + state_ext=stretched_up|2026-09-01 15:00:00+00:00,rolling,70.325,2026-09-01T21:41:06.213882+00:00,,,True,long,,
MO,1h,cross_TLT_state_slope=downtrend + state_ext=stretched_up,2026-09-01 16:00:00+00:00,,,,MO|1h|rolling|cross_TLT_state_slope=downtrend + state_ext=stretched_up|2026-09-01 16:00:00+00:00,rolling,70.125,2026-09-01T21:41:07.752228+00:00,,,True,long,,
MO,1h,cross_TLT_state_slope=downtrend + state_ext=stretched_up,2026-09-01 17:00:00+00:00,,,,MO|1h|rolling|cross_TLT_state_slope=downtrend + state_ext=stretched_up|2026-09-01 17:00:00+00:00,rolling,69.935,2026-09-01T21:41:11.110229+00:00,,,True,long,,
MO,1h,cross_USO_state_ext=neutral + state_ext=stretched_up,2026-08-24 13:00:00+00:00,,0.0060579196217493,0.0213504728132387,MO|1h|rolling|cross_USO_state_ext=neutral + state_ext=stretched_up|2026-08-24 13:00:00+00:00,rolling,67.68,2026-08-26T21:33:28.803892+00:00,68.09,69.125,False,long,0.0060579196217493,0.0213504728132387
MO,1h,cross_USO_state_ext=neutral + state_ext=stretched_up,2026-08-24 14:00:00+00:00,,0.002929973630237,,MO|1h|rolling|cross_USO_state_ext=neutral + state_ext=stretched_up|2026-08-24 14:00:00+00:00,rolling,68.26,2026-08-26T21:33:30.202060+00:00,68.46,,True,long,0.002929973630237,
MO,1h,cross_USO_state_ext=neutral + state_ext=stretched_up,2026-08-24 15:00:00+00:00,,-0.0128186453022579,,MO|1h|rolling|cross_USO_state_ext=neutral + state_ext=stretched_up|2026-08-24 15:00:00+00:00,rolling,68.65,2026-08-26T21:33:31.604384+00:00,67.77,,True,long,-0.0128186453022579,
MO,1h,cross_USO_state_ext=neutral + state_ext=stretched_up,2026-08-24 16:00:00+00:00,,-0.0071710815161714,,MO|1h|rolling|cross_USO_state_ext=neutral + state_ext=stretched_up|2026-08-24 16:00:00+00:00,rolling,68.33,2026-08-26T21:33:35.451111+00:00,67.84,,True,long,-0.0071710815161714,
MO,1h,cross_USO_state_ext=neutral + state_ext=stretched_up,2026-08-24 18:00:00+00:00,,-0.0027904244382435,,MO|1h|rolling|cross_USO_state_ext=neutral + state_ext=stretched_up|2026-08-24 18:00:00+00:00,rolling,68.09,2026-08-26T21:33:40.005409+00:00,67.9,,True,long,-0.0027904244382435,
MO,1h,cross_USO_state_ext=neutral + state_ext=stretched_up,2026-08-24 19:00:00+00:00,,-0.0074496056091146,,MO|1h|rolling|cross_USO_state_ext=neutral + state_ext=stretched_up|2026-08-24 19:00:00+00:00,rolling,68.46,2026-08-26T21:33:42.800165+00:00,67.95,,True,long,-0.0074496056091146,
MO,1h,cross_USO_state_ext=neutral + state_ext=stretched_up,2026-08-26 15:00:00+00:00,,,,MO|1h|rolling|cross_USO_state_ext=neutral + state_ext=stretched_up|2026-08-26 15:00:00+00:00,rolling,68.98,2026-08-26T21:34:08.714387+00:00,,,True,long,,
MPC,15m,state_session=morning + state_ext=stretched_down,2026-10-02 14:00:00+00:00,,0.019339907178294036,0.041043444005367524,MPC|15m|rolling|state_session=morning + state_ext=stretched_down|2026-10-02 14:00:00+00:00,rolling,406.155,2026-10-07T19:42:45.301004+00:00,414.01,422.825,False,long,0.019339907178294036,0.041043444005367524
MPC,15m,state_session=morning + state_ext=stretched_down,2026-10-02 14:15:00+00:00,,0.029246233625795703,0.03755314704219814,MPC|15m|rolling|state_session=morning + state_ext=stretched_down|2026-10-02 14:15:00+00:00,rolling,406.89,2026-10-07T19:42:45.646327+00:00,418.79,422.17,False,long,0.029246233625795703,0.03755314704219814
MPC,15m,state_session=morning + state_slope=downtrend,2026-09-23 14:15:00+00:00,,-0.0055833163369365,-0.0101341015704671,MPC|15m|rolling|state_session=morning + state_slope=downtrend|2026-09-23 14:15:00+00:00,rolling,392.24,2026-09-24T21:42:40.156057+00:00,390.05,388.265,False,long,-0.0055833163369365,-0.0101341015704671
MPC,15m,state_session=morning + state_slope=downtrend,2026-09-23 14:30:00+00:00,,-0.0029052728153112,-0.0073906062845637,MPC|15m|rolling|state_session=morning + state_slope=downtrend|2026-09-23 14:30:00+00:00,rolling,392.39,2026-09-24T21:42:43.669533+00:00,391.25,389.49,False,long,-0.0029052728153112,-0.0073906062845637
MPC,15m,state_volume=vol_surge + state_ext=stretched_down,2026-10-02 14:00:00+00:00,,0.019339907178294036,0.041043444005367524,MPC|15m|rolling|state_volume=vol_surge + state_ext=stretched_down|2026-10-02 14:00:00+00:00,rolling,406.155,2026-10-07T19:42:45.319312+00:00,414.01,422.825,False,long,0.019339907178294036,0.041043444005367524
MPC,15m,state_volume=vol_surge + state_slope=downtrend,2026-09-17 14:00:00+00:00,,0.01437336940767242,0.022755821818533306,MPC|15m|rolling|state_volume=vol_surge + state_slope=downtrend|2026-09-17 14:00:00+00:00,rolling,413.96,2026-10-07T19:42:33.563314+00:00,419.91,423.38,False,long,0.01437336940767242,0.022755821818533306
MPC,15m,state_volume=vol_surge + state_slope=downtrend,2026-09-17 15:00:00+00:00,,0.008284320757423691,0.00884617223736428,MPC|15m|rolling|state_volume=vol_surge + state_slope=downtrend|2026-09-17 15:00:00+00:00,rolling,418.26,2026-10-07T19:42:33.617600+00:00,421.725,421.96,False,long,0.008284320757423691,0.00884617223736428
MPC,15m,state_volume=vol_surge + state_slope=downtrend,2026-09-18 19:45:00+00:00,,-0.018559080524741534,-0.021126262983113042,MPC|15m|rolling|state_volume=vol_surge + state_slope=downtrend|2026-09-18 19:45:00+00:00,rolling,424.59,2026-10-07T19:42:34.872232+00:00,416.71,415.62,False,long,-0.018559080524741534,-0.021126262983113042
MPC,15m,state_volume=vol_surge + state_slope=downtrend,2026-09-21 19:15:00+00:00,,-0.02230260696020958,-0.007084944492952605,MPC|15m|rolling|state_volume=vol_surge + state_slope=downtrend|2026-09-21 19:15:00+00:00,rolling,400.85,2026-10-07T19:42:34.948845+00:00,391.91,398.01,False,long,-0.02230260696020958,-0.007084944492952605
MPC,15m,state_volume=vol_surge + state_slope=downtrend,2026-09-21 19:45:00+00:00,,-0.013262665472280277,-0.004255001492982968,MPC|15m|rolling|state_volume=vol_surge + state_slope=downtrend|2026-09-21 19:45:00+00:00,rolling,401.88,2026-10-07T19:42:35.939094+00:00,396.55,400.17,False,long,-0.013262665472280277,-0.004255001492982968
MPC,15m,state_volume=vol_surge + state_slope=downtrend,2026-09-28 19:45:00+00:00,,-0.0014239349351532482,0.007786743294036169,MPC|15m|rolling|state_volume=vol_surge + state_slope=downtrend|2026-09-28 19:45:00+00:00,rolling,389.765,2026-10-07T19:42:36.863204+00:00,389.21,392.8,False,long,-0.0014239349351532482,0.007786743294036169
MPC,15m,state_volume=vol_surge + state_slope=downtrend,2026-10-02 15:15:00+00:00,,0.0178739643969954,0.03769232627231234,MPC|15m|rolling|state_volume=vol_surge + state_slope=downtrend|2026-10-02 15:15:00+00:00,rolling,414.01,2026-10-07T19:42:45.962946+00:00,421.41,429.615,False,long,0.0178739643969954,0.03769232627231234
MPC,1h,cross_TLT_state_slope=flat + state_ext=neutral,2026-08-21 14:00:00+00:00,,-0.003082579967377,-0.018606065632689,MPC|1h|rolling|cross_TLT_state_slope=flat + state_ext=neutral|2026-08-21 14:00:00+00:00,rolling,361.71,2026-09-04T21:37:42.438440+00:00,360.595,354.98,False,long,-0.003082579967377,-0.018606065632689
MPC,1h,cross_TLT_state_slope=flat + state_ext=neutral,2026-08-21 15:00:00+00:00,,0.0022501069836142,-0.016054444306401,MPC|1h|rolling|cross_TLT_state_slope=flat + state_ext=neutral|2026-08-21 15:00:00+00:00,rolling,362.205,2026-09-04T21:37:42.488635+00:00,363.02,356.39,False,long,0.0022501069836142,-0.016054444306401
MRK,15m,cross_USO_state_slope=flat + cross_TLT_state_slope=flat + state_ext=neutral,2026-08-11 14:00:00+00:00,,-0.0042077882334941,-0.0012623364700483,MRK|15m|rolling|cross_USO_state_slope=flat + cross_TLT_state_slope=flat + state_ext=neutral|2026-08-11 14:00:00+00:00,rolling,130.71,2026-09-03T21:41:13.079287+00:00,130.16,130.545,False,long,-0.0042077882334941,-0.0012623364700483
MRK,15m,cross_USO_state_slope=flat + cross_TLT_state_slope=flat + state_ext=neutral,2026-08-11 14:15:00+00:00,,-0.0004988870980121,0.0019955483920486,MRK|15m|rolling|cross_USO_state_slope=flat + cross_TLT_state_slope=flat + state_ext=neutral|2026-08-11 14:15:00+00:00,rolling,130.29,2026-09-03T21:41:13.106261+00:00,130.225,130.55,False,long,-0.0004988870980121,0.0019955483920486
MRK,15m,cross_USO_state_slope=flat + cross_TLT_state_slope=flat + state_ext=neutral,2026-08-11 19:45:00+00:00,,0.0163041393332565,0.0251275559136072,MRK|15m|rolling|cross_USO_state_slope=flat + cross_TLT_state_slope=flat + state_ext=neutral|2026-08-11 19:45:00+00:00,rolling,130.335,2026-09-03T21:41:13.245090+00:00,132.46,133.61,False,long,0.0163041393332565,0.0251275559136072
MRK,15m,cross_USO_state_slope=flat + cross_TLT_state_slope=flat + state_ext=neutral,2026-08-12 14:00:00+00:00,,0.0114025085518814,0.0165716457620674,MRK|15m|rolling|cross_USO_state_slope=flat + cross_TLT_state_slope=flat + state_ext=neutral|2026-08-12 14:00:00+00:00,rolling,131.55,2026-09-03T21:41:14.477086+00:00,133.05,133.73,False,long,0.0114025085518814,0.0165716457620674
MRK,15m,cross_USO_state_slope=flat + cross_TLT_state_slope=flat + state_ext=neutral,2026-08-12 14:15:00+00:00,,0.0086069614013801,0.0146356259952984,MRK|15m|rolling|cross_USO_state_slope=flat + cross_TLT_state_slope=flat + state_ext=neutral|2026-08-12 14:15:00+00:00,rolling,131.87,2026-09-03T21:41:14.494231+00:00,133.005,133.8,False,long,0.0086069614013801,0.0146356259952984
MRK,15m,cross_USO_state_slope=flat + cross_TLT_state_slope=flat + state_ext=neutral,2026-08-12 15:00:00+00:00,,0.00788679245283,0.0093584905660377,MRK|15m|rolling|cross_USO_state_slope=flat + cross_TLT_state_slope=flat + state_ext=neutral|2026-08-12 15:00:00+00:00,rolling,132.5,2026-09-03T21:41:14.510695+00:00,133.545,133.74,False,long,0.00788679245283,0.0093584905660377
MRK,15m,cross_USO_state_slope=flat + cross_TLT_state_slope=flat + state_ext=neutral,2026-08-12 15:15:00+00:00,,0.0058078141499471,0.0115024890632069,MRK|15m|rolling|cross_USO_state_slope=flat + cross_TLT_state_slope=flat + state_ext=neutral|2026-08-12 15:15:00+00:00,rolling,132.58,2026-09-03T21:41:14.536575+00:00,133.35,134.105,False,long,0.0058078141499471,0.0115024890632069
MRK,15m,cross_USO_state_slope=flat + cross_TLT_state_slope=flat + state_ext=neutral,2026-08-12 16:00:00+00:00,,-0.0061760742626142,0.0087962269800867,MRK|15m|rolling|cross_USO_state_slope=flat + cross_TLT_state_slope=flat + state_ext=neutral|2026-08-12 16:00:00+00:00,rolling,133.58,2026-09-03T21:41:14.552910+00:00,132.755,134.755,False,long,-0.0061760742626142,0.0087962269800867
MRK,15m,cross_USO_state_slope=flat + cross_TLT_state_slope=flat + state_ext=neutral,2026-08-12 16:15:00+00:00,,-0.0032953864589574,0.0086878370281604,MRK|15m|rolling|cross_USO_state_slope=flat + cross_TLT_state_slope=flat + state_ext=neutral|2026-08-12 16:15:00+00:00,rolling,133.52,2026-09-03T21:41:14.588513+00:00,133.08,134.68,False,long,-0.0032953864589574,0.0086878370281604
MRK,15m,cross_USO_state_slope=flat + cross_TLT_state_slope=flat + state_ext=neutral,2026-08-12 17:00:00+00:00,,0.0061372792650327,0.0144207236718252,MRK|15m|rolling|cross_USO_state_slope=flat + cross_TLT_state_slope=flat + state_ext=neutral|2026-08-12 17:00:00+00:00,rolling,132.795,2026-09-03T21:41:14.604810+00:00,133.61,134.71,False,long,0.0061372792650327,0.0144207236718252
MRK,15m,cross_USO_state_slope=flat + cross_TLT_state_slope=flat + state_ext=neutral,2026-08-12 17:15:00+00:00,,0.0062109463223667,0.0141157870962884,MRK|15m|rolling|cross_USO_state_slope=flat + cross_TLT_state_slope=flat + state_ext=neutral|2026-08-12 17:15:00+00:00,rolling,132.83,2026-09-03T21:41:14.630450+00:00,133.655,134.705,False,long,0.0062109463223667,0.0141157870962884
MRK,15m,cross_USO_state_slope=flat + cross_TLT_state_slope=flat + state_ext=neutral,2026-08-12 18:00:00+00:00,,0.0023222713311858,0.0087272454865532,MRK|15m|rolling|cross_USO_state_slope=flat + cross_TLT_state_slope=flat + state_ext=neutral|2026-08-12 18:00:00+00:00,rolling,133.49,2026-09-03T21:41:14.646627+00:00,133.8,134.655,False,long,0.0023222713311858,0.0087272454865532
MRK,15m,cross_USO_state_slope=flat + cross_TLT_state_slope=flat + state_ext=neutral,2026-08-13 18:00:00+00:00,,-0.0008527677876235,-0.0029290719661857,MRK|15m|rolling|cross_USO_state_slope=flat + cross_TLT_state_slope=flat + state_ext=neutral|2026-08-13 18:00:00+00:00,rolling,134.855,2026-09-03T21:41:16.104211+00:00,134.74,134.46,False,long,-0.0008527677876235,-0.0029290719661857
MRK,15m,cross_USO_state_slope=flat + cross_TLT_state_slope=flat + state_ext=neutral,2026-08-17 15:00:00+00:00,,0.012636712976648,0.0180682825894176,MRK|15m|rolling|cross_USO_state_slope=flat + cross_TLT_state_slope=flat + state_ext=neutral|2026-08-17 15:00:00+00:00,rolling,135.32,2026-09-03T21:41:18.477131+00:00,137.03,137.765,False,long,0.012636712976648,0.0180682825894176
MRK,15m,cross_USO_state_slope=flat + cross_TLT_state_slope=flat + state_ext=neutral,2026-08-20 18:15:00+00:00,,-0.0121850269858614,0.0063574053839277,MRK|15m|rolling|cross_USO_state_slope=flat + cross_TLT_state_slope=flat + state_ext=neutral|2026-08-20 18:15:00+00:00,rolling,151.005,2026-09-03T21:41:22.816654+00:00,149.165,151.965,False,long,-0.0121850269858614,0.0063574053839277
MRK,15m,cross_USO_state_slope=flat + cross_TLT_state_slope=flat + state_ext=neutral,2026-08-20 19:00:00+00:00,,0.0064935064935065,0.0061622051417971,MRK|15m|rolling|cross_USO_state_slope=flat + cross_TLT_state_slope=flat + state_ext=neutral|2026-08-20 19:00:00+00:00,rolling,150.92,2026-09-03T21:41:22.849251+00:00,151.9,151.85,False,long,0.0064935064935065,0.0061622051417971
MRK,15m,cross_USO_state_slope=flat + cross_TLT_state_slope=flat + state_ext=neutral,2026-08-20 19:15:00+00:00,,0.0231886942675159,0.0096868365180466,MRK|15m|rolling|cross_USO_state_slope=flat + cross_TLT_state_slope=flat + state_ext=neutral|2026-08-20 19:15:00+00:00,rolling,150.72,2026-09-03T21:41:22.926401+00:00,154.215,152.18,False,long,0.0231886942675159,0.0096868365180466
MRK,15m,cross_USO_state_slope=flat + cross_TLT_state_slope=flat + state_ext=neutral,2026-08-20 19:45:00+00:00,,0.0287572060597935,0.0209813647942083,MRK|15m|rolling|cross_USO_state_slope=flat + cross_TLT_state_slope=flat + state_ext=neutral|2026-08-20 19:45:00+00:00,rolling,149.18,2026-09-03T21:41:22.958808+00:00,153.47,152.31,False,long,0.0287572060597935,0.0209813647942083
MRK,15m,cross_USO_state_slope=flat + cross_TLT_state_slope=flat + state_ext=neutral,2026-08-21 19:15:00+00:00,,-0.0141435306443163,-0.0128012048192771,MRK|15m|rolling|cross_USO_state_slope=flat + cross_TLT_state_slope=flat + state_ext=neutral|2026-08-21 19:15:00+00:00,rolling,152.72,2026-09-03T21:41:26.688300+00:00,150.56,150.765,False,long,-0.0141435306443163,-0.0128012048192771
MRK,15m,cross_USO_state_slope=flat + cross_TLT_state_slope=flat + state_ext=neutral,2026-08-21 19:45:00+00:00,,-0.0168458311484005,-0.0123885684320923,MRK|15m|rolling|cross_USO_state_slope=flat + cross_TLT_state_slope=flat + state_ext=neutral|2026-08-21 19:45:00+00:00,rolling,152.56,2026-09-03T21:41:26.720811+00:00,149.99,150.67,False,long,-0.0168458311484005,-0.0123885684320923
MRK,15m,cross_USO_state_slope=flat + cross_TLT_state_slope=flat + state_ext=neutral,2026-08-24 18:15:00+00:00,,0.0018282751055413,0.0294850912475483,MRK|15m|rolling|cross_USO_state_slope=flat + cross_TLT_state_slope=flat + state_ext=neutral|2026-08-24 18:15:00+00:00,rolling,150.415,2026-09-03T21:41:29.964103+00:00,150.69,154.85,False,long,0.0018282751055413,0.0294850912475483
MRK,15m,cross_USO_state_slope=flat + cross_TLT_state_slope=flat + state_ext=neutral,2026-08-24 19:15:00+00:00,,0.0135314407004512,0.0367139824887237,MRK|15m|rolling|cross_USO_state_slope=flat + cross_TLT_state_slope=flat + state_ext=neutral|2026-08-24 19:15:00+00:00,rolling,150.76,2026-09-03T21:41:30.810531+00:00,152.8,156.295,False,long,0.0135314407004512,0.0367139824887237
MRK,15m,cross_USO_state_slope=flat + cross_TLT_state_slope=flat + state_ext=neutral,2026-08-24 19:45:00+00:00,,0.0191101821439234,0.0373245744998507,MRK|15m|rolling|cross_USO_state_slope=flat + cross_TLT_state_slope=flat + state_ext=neutral|2026-08-24 19:45:00+00:00,rolling,150.705,2026-09-03T21:41:30.826643+00:00,153.585,156.33,False,long,0.0191101821439234,0.0373245744998507
MRK,15m,cross_USO_state_slope=flat + cross_TLT_state_slope=flat + state_ext=neutral,2026-08-25 13:30:00+00:00,,0.0144851024515788,0.0297950968423137,MRK|15m|rolling|cross_USO_state_slope=flat + cross_TLT_state_slope=flat + state_ext=neutral|2026-08-25 13:30:00+00:00,rolling,151.535,2026-09-03T21:41:30.905973+00:00,153.73,156.05,False,long,0.0144851024515788,0.0297950968423137
MRK,15m,cross_USO_state_slope=flat + cross_TLT_state_slope=flat + state_ext=neutral,2026-08-25 19:00:00+00:00,,-0.0148019992310649,-0.0132320902217095,MRK|15m|rolling|cross_USO_state_slope=flat + cross_TLT_state_slope=flat + state_ext=neutral|2026-08-25 19:00:00+00:00,rolling,156.06,2026-09-03T21:41:31.167479+00:00,153.75,153.995,False,long,-0.0148019992310649,-0.0132320902217095
MRK,15m,cross_USO_state_slope=flat + cross_TLT_state_slope=flat + state_ext=neutral,2026-08-25 19:15:00+00:00,,-0.0074961558175296,-0.0152485904664275,MRK|15m|rolling|cross_USO_state_slope=flat + cross_TLT_state_slope=flat + state_ext=neutral|2026-08-25 19:15:00+00:00,rolling,156.08,2026-09-03T21:41:31.228326+00:00,154.91,153.7,False,long,-0.0074961558175296,-0.0152485904664275
MRK,15m,cross_USO_state_slope=flat + cross_TLT_state_slope=flat + state_ext=neutral,2026-08-25 19:45:00+00:00,,-0.0108348248529787,-0.0202633597545384,MRK|15m|rolling|cross_USO_state_slope=flat + cross_TLT_state_slope=flat + state_ext=neutral|2026-08-25 19:45:00+00:00,rolling,156.44,2026-09-03T21:41:31.260919+00:00,154.745,153.27,False,long,-0.0108348248529787,-0.0202633597545384
MRK,15m,cross_USO_state_slope=flat + cross_TLT_state_slope=flat + state_ext=neutral,2026-08-26 19:15:00+00:00,,-0.0137236962488564,-0.0120899228858973,MRK|15m|rolling|cross_USO_state_slope=flat + cross_TLT_state_slope=flat + state_ext=neutral|2026-08-26 19:15:00+00:00,rolling,153.02,2026-09-03T21:41:34.750631+00:00,150.92,151.17,False,long,-0.0137236962488564,-0.0120899228858973
MRK,15m,cross_USO_state_slope=flat + cross_TLT_state_slope=flat + state_ext=neutral,2026-08-26 19:45:00+00:00,,-0.0082309903318527,-0.0133916906192841,MRK|15m|rolling|cross_USO_state_slope=flat + cross_TLT_state_slope=flat + state_ext=neutral|2026-08-26 19:45:00+00:00,rolling,153.08,2026-09-03T21:41:34.783084+00:00,151.82,151.03,False,long,-0.0082309903318527,-0.0133916906192841
MRK,15m,cross_USO_state_slope=flat + cross_TLT_state_slope=flat + state_ext=neutral,2026-08-27 14:15:00+00:00,,0.0004964421644879,-0.0055932483865629,MRK|15m|rolling|cross_USO_state_slope=flat + cross_TLT_state_slope=flat + state_ext=neutral|2026-08-27 14:15:00+00:00,rolling,151.075,2026-09-03T21:41:36.657456+00:00,151.15,150.23,False,long,0.0004964421644879,-0.0055932483865629
MRK,15m,cross_USO_state_slope=flat + cross_TLT_state_slope=flat + state_ext=neutral,2026-08-27 15:15:00+00:00,,-0.0030630393254726,-0.0253606481786443,MRK|15m|rolling|cross_USO_state_slope=flat + cross_TLT_state_slope=flat + state_ext=neutral|2026-08-27 15:15:00+00:00,rolling,151.81,2026-09-03T21:41:36.674717+00:00,151.345,147.96,False,long,-0.0030630393254726,-0.0253606481786443
MRK,15m,cross_USO_state_slope=flat + cross_TLT_state_slope=flat + state_ext=neutral,2026-08-27 16:00:00+00:00,,-0.0015532568822498,-0.0228361809709506,MRK|15m|rolling|cross_USO_state_slope=flat + cross_TLT_state_slope=flat + state_ext=neutral|2026-08-27 16:00:00+00:00,rolling,151.295,2026-09-03T21:41:36.691107+00:00,151.06,147.84,False,long,-0.0015532568822498,-0.0228361809709506
MRK,15m,cross_USO_state_slope=flat + cross_TLT_state_slope=flat + state_ext=neutral,2026-08-27 16:15:00+00:00,,-0.0003972457627118,-0.0229409427966101,MRK|15m|rolling|cross_USO_state_slope=flat + cross_TLT_state_slope=flat + state_ext=neutral|2026-08-27 16:15:00+00:00,rolling,151.04,2026-09-03T21:41:36.707308+00:00,150.98,147.575,False,long,-0.0003972457627118,-0.0229409427966101
MRK,15m,cross_USO_state_slope=flat + cross_TLT_state_slope=flat + state_ext=neutral,2026-08-27 17:15:00+00:00,,-0.0008615547750016,-0.022334150705812,MRK|15m|rolling|cross_USO_state_slope=flat + cross_TLT_state_slope=flat + state_ext=neutral|2026-08-27 17:15:00+00:00,rolling,150.89,2026-09-03T21:41:36.742424+00:00,150.76,147.52,False,long,-0.0008615547750016,-0.022334150705812
MRK,15m,cross_USO_state_slope=flat + cross_TLT_state_slope=flat + state_ext=neutral,2026-09-02 14:15:00+00:00,,-0.0024543946932007,0.0064013266998341,MRK|15m|rolling|cross_USO_state_slope=flat + cross_TLT_state_slope=flat + state_ext=neutral|2026-09-02 14:15:00+00:00,rolling,150.75,2026-09-03T21:41:57.097622+00:00,150.38,151.715,False,long,-0.0024543946932007,0.0064013266998341
MRK,15m,cross_USO_state_slope=flat + cross_TLT_state_slope=flat + state_ext=neutral,2026-09-02 15:00:00+00:00,,0.0007314316111444,-0.0028259857703303,MRK|15m|rolling|cross_USO_state_slope=flat + cross_TLT_state_slope=flat + state_ext=neutral|2026-09-02 15:00:00+00:00,rolling,150.39,2026-09-03T21:41:57.163263+00:00,150.5,149.965,False,long,0.0007314316111444,-0.0028259857703303
MRK,15m,cross_USO_state_slope=flat + cross_TLT_state_slope=flat + state_ext=neutral,2026-09-02 15:15:00+00:00,,0.0002325195150307,-0.0045507390798871,MRK|15m|rolling|cross_USO_state_slope=flat + cross_TLT_state_slope=flat + state_ext=neutral|2026-09-02 15:15:00+00:00,rolling,150.525,2026-09-03T21:41:58.482324+00:00,150.56,149.84,False,long,0.0002325195150307,-0.0045507390798871
MRK,15m,cross_USO_state_slope=flat + cross_TLT_state_slope=flat + state_ext=neutral,2026-09-02 16:00:00+00:00,,0.0004648691725328,-0.0020587063355027,MRK|15m|rolling|cross_USO_state_slope=flat + cross_TLT_state_slope=flat + state_ext=neutral|2026-09-02 16:00:00+00:00,rolling,150.58,2026-09-03T21:41:58.498757+00:00,150.65,150.27,False,long,0.0004648691725328,-0.0020587063355027
MRK,15m,cross_USO_state_slope=flat + cross_TLT_state_slope=flat + state_ext=neutral,2026-09-02 16:15:00+00:00,,0.0011623659127892,-0.0010959450034871,MRK|15m|rolling|cross_USO_state_slope=flat + cross_TLT_state_slope=flat + state_ext=neutral|2026-09-02 16:15:00+00:00,rolling,150.555,2026-09-03T21:42:00.119755+00:00,150.73,150.39,False,long,0.0011623659127892,-0.0010959450034871
MRK,15m,cross_USO_state_slope=flat + cross_TLT_state_slope=flat + state_ext=neutral,2026-09-02 19:00:00+00:00,,-0.0106632333036216,0.0014195635667357,MRK|15m|rolling|cross_USO_state_slope=flat + cross_TLT_state_slope=flat + state_ext=neutral|2026-09-02 19:00:00+00:00,rolling,151.455,2026-09-03T21:42:02.292214+00:00,149.84,151.67,False,long,-0.0106632333036216,0.0014195635667357
MRK,15m,cross_USO_state_slope=flat + cross_TLT_state_slope=flat + state_ext=neutral,2026-09-02 19:15:00+00:00,,-0.0099881329113925,0.0001977848101266,MRK|15m|rolling|cross_USO_state_slope=flat + cross_TLT_state_slope=flat + state_ext=neutral|2026-09-02 19:15:00+00:00,rolling,151.68,2026-09-03T21:42:03.006619+00:00,150.165,151.71,False,long,-0.0099881329113925,0.0001977848101266
MRVL,1h,cross_TLT_state_slope=flat + state_slope=downtrend,2026-07-13 13:00:00+00:00,,-0.0131135597850833,,MRVL|1h|cross_TLT_state_slope=flat + state_slope=downtrend|2026-07-13 13:00:00+00:00,insample,219.62,2026-07-13T21:18:32.088306+00:00,216.74,,True,long,-0.0131135597850833,
MRVL,1h,cross_TLT_state_slope=flat + state_slope=downtrend,2026-07-13 14:00:00+00:00,,-0.0227880531271772,,MRVL|1h|cross_TLT_state_slope=flat + state_slope=downtrend|2026-07-13 14:00:00+00:00,insample,222.485,2026-07-13T21:18:32.597916+00:00,217.415,,True,long,-0.0227880531271772,
MRVL,1h,cross_TLT_state_slope=flat + state_slope=downtrend,2026-07-13 15:00:00+00:00,,,,MRVL|1h|cross_TLT_state_slope=flat + state_slope=downtrend|2026-07-13 15:00:00+00:00,insample,220.83,2026-07-13T21:18:33.817162+00:00,,,True,long,,
MS,1h,state_ext=stretched_up + state_vol=low_vol,2026-08-12 14:00:00+00:00,,-0.007295941632467051,-0.0006839945280437965,MS|1h|rolling|state_ext=stretched_up + state_vol=low_vol|2026-08-12 14:00:00+00:00,rolling,219.3,2026-10-07T19:42:26.898814+00:00,217.7,219.15,False,long,-0.007295941632467051,-0.0006839945280437965
MS,1h,state_ext=stretched_up + state_vol=low_vol,2026-08-13 14:00:00+00:00,,-0.008626952415546674,-0.0155512168543408,MS|1h|rolling|state_ext=stretched_up + state_vol=low_vol|2026-08-13 14:00:00+00:00,rolling,220.24,2026-10-07T19:42:26.956286+00:00,218.34,216.815,False,long,-0.008626952415546674,-0.0155512168543408
MS,1h,state_session=afternoon + state_slope=downtrend + state_vol=low_vol,2026-08-19 18:00:00+00:00,,-0.0128624883068287,,MS|1h|rolling|state_session=afternoon + state_slope=downtrend + state_vol=low_vol|2026-08-19 18:00:00+00:00,rolling,213.8,2026-08-21T21:32:53.160726+00:00,211.05,,True,long,-0.0128624883068287,
MS,1h,state_session=afternoon + state_slope=downtrend + state_vol=low_vol,2026-08-19 19:00:00+00:00,,-0.0189269294499287,,MS|1h|rolling|state_session=afternoon + state_slope=downtrend + state_vol=low_vol|2026-08-19 19:00:00+00:00,rolling,214.245,2026-08-21T21:32:55.270060+00:00,210.19,,True,long,-0.0189269294499287,
MS,1h,state_session=afternoon + state_slope=downtrend + state_vol=low_vol,2026-08-20 18:00:00+00:00,,0.0093048844663445,,MS|1h|rolling|state_session=afternoon + state_slope=downtrend + state_vol=low_vol|2026-08-20 18:00:00+00:00,rolling,209.03,2026-08-21T21:33:11.549491+00:00,210.975,,True,long,0.0093048844663445,
MS,1h,state_session=afternoon + state_slope=downtrend + state_vol=low_vol,2026-08-20 19:00:00+00:00,,0.0219425154320986,,MS|1h|rolling|state_session=afternoon + state_slope=downtrend + state_vol=low_vol|2026-08-20 19:00:00+00:00,rolling,207.36,2026-08-21T21:33:12.937212+00:00,211.91,,True,long,0.0219425154320986,
MS,1h,state_session=afternoon + state_vol=low_vol,2026-08-07 18:00:00+00:00,,,,MS|1h|rolling|state_session=afternoon + state_vol=low_vol|2026-08-07 18:00:00+00:00,rolling,215.33,2026-08-07T21:23:04.470198+00:00,,,True,long,,
MS,1h,state_session=afternoon + state_vol=low_vol,2026-08-07 19:00:00+00:00,,,,MS|1h|rolling|state_session=afternoon + state_vol=low_vol|2026-08-07 19:00:00+00:00,rolling,216.34,2026-08-07T21:23:09.291398+00:00,,,True,long,,
MS,1h,state_volume=vol_surge + state_slope=flat,2026-08-26 15:00:00+00:00,,0.007406195972150975,-0.0033176019812157787,MS|1h|rolling|state_volume=vol_surge + state_slope=flat|2026-08-26 15:00:00+00:00,rolling,214.01,2026-10-07T19:42:28.506832+00:00,215.595,213.3,False,long,0.007406195972150975,-0.0033176019812157787
MS,1h,state_volume=vol_surge + state_slope=flat,2026-10-02 17:00:00+00:00,,-0.004480545001965153,-0.013546443076116743,MS|1h|rolling|state_volume=vol_surge + state_slope=flat|2026-10-02 17:00:00+00:00,rolling,190.825,2026-10-07T19:42:46.041600+00:00,189.97,188.24,False,long,-0.004480545001965153,-0.013546443076116743
MS,1h,state_volume=vol_surge + state_slope=flat,2026-10-02 18:00:00+00:00,,-0.005698005698005604,-0.011265323191928744,MS|1h|rolling|state_volume=vol_surge + state_slope=flat|2026-10-02 18:00:00+00:00,rolling,191.295,2026-10-07T19:42:46.081995+00:00,190.205,189.14,False,long,-0.005698005698005604,-0.011265323191928744
MS,1h,state_volume=vol_surge + state_slope=flat,2026-10-02 19:00:00+00:00,,0.0015768725361366975,-0.0060446780551906,MS|1h|rolling|state_volume=vol_surge + state_slope=flat|2026-10-02 19:00:00+00:00,rolling,190.25,2026-10-07T19:42:50.194060+00:00,190.55,189.1,False,long,0.0015768725361366975,-0.0060446780551906
MS,1h,state_volume=vol_surge + state_slope=flat,2026-10-05 13:00:00+00:00,,0.015236525115005284,0.0045736166139283,MS|1h|rolling|state_volume=vol_surge + state_slope=flat|2026-10-05 13:00:00+00:00,rolling,188.035,2026-10-07T19:42:50.215135+00:00,190.9,188.895,False,long,0.015236525115005284,0.0045736166139283
MS,1h,state_volume=vol_surge + state_slope=flat,2026-10-06 19:00:00+00:00,,-0.00997147268968046,,MS|1h|rolling|state_volume=vol_surge + state_slope=flat|2026-10-06 19:00:00+00:00,rolling,191.045,2026-10-07T19:43:19.321417+00:00,189.14,,True,long,-0.00997147268968046,
MS,1h,state_volume=vol_surge + state_slope=flat,2026-10-07 17:00:00+00:00,,,,MS|1h|rolling|state_volume=vol_surge + state_slope=flat|2026-10-07 17:00:00+00:00,rolling,189.14,2026-10-07T19:43:34.887424+00:00,,,True,long,,
MS,1h,state_volume=vol_surge + state_slope=flat,2026-10-07 18:00:00+00:00,,,,MS|1h|rolling|state_volume=vol_surge + state_slope=flat|2026-10-07 18:00:00+00:00,rolling,189.1,2026-10-07T19:43:44.006687+00:00,,,True,long,,
MSFT,15m,state_ext=stretched_up + state_ret_1=ret_down,2026-09-03 14:15:00+00:00,,0.004841428515425905,0.0022933082441491948,MSFT|15m|rolling|state_ext=stretched_up + state_ret_1=ret_down|2026-09-03 14:15:00+00:00,rolling,510.18,2026-10-07T19:42:29.229775+00:00,512.65,511.35,False,long,0.004841428515425905,0.0022933082441491948
MSFT,15m,state_ext=stretched_up + state_ret_1=ret_down,2026-09-03 16:00:00+00:00,,-0.0076080400054481245,-0.023475959761056875,MSFT|15m|rolling|state_ext=stretched_up + state_ret_1=ret_down|2026-09-03 16:00:00+00:00,rolling,513.93,2026-10-07T19:42:29.257981+00:00,510.02,501.865,False,long,-0.0076080400054481245,-0.023475959761056875
MSFT,15m,state_ext=stretched_up + state_ret_1=ret_down,2026-09-03 16:15:00+00:00,,-0.006165444291850508,-0.022587148993367112,MSFT|15m|rolling|state_ext=stretched_up + state_ret_1=ret_down|2026-09-03 16:15:00+00:00,rolling,513.345,2026-10-07T19:42:29.285986+00:00,510.18,501.75,False,long,-0.006165444291850508,-0.022587148993367112
MU,15m,cross_USO_state_ext=stretched_down + cross_TLT_state_slope=uptrend + state_ext=stretched_up,2026-10-02 14:15:00+00:00,,-0.0143492190994313,-0.0185937400162476,MU|15m|rolling|cross_USO_state_ext=stretched_down + cross_TLT_state_slope=uptrend + state_ext=stretched_up|2026-10-02 14:15:00+00:00,rolling,1095.53,2026-10-02T21:40:42.369405+00:00,1079.81,1075.16,False,long,-0.0143492190994313,-0.0185937400162476
MU,15m,state_volume=vol_surge + state_slope=downtrend,2026-08-13 19:45:00+00:00,,0.0215077535293561,0.0121435113539463,MU|15m|rolling|state_volume=vol_surge + state_slope=downtrend|2026-08-13 19:45:00+00:00,rolling,949.89,2026-08-27T21:31:15.503746+00:00,970.32,961.425,False,long,0.0215077535293561,0.0121435113539463
MU,15m,state_volume=vol_surge + state_slope=downtrend,2026-08-17 19:45:00+00:00,,-0.0644080858379274,-0.0770347975576501,MU|15m|rolling|state_volume=vol_surge + state_slope=downtrend|2026-08-17 19:45:00+00:00,rolling,1012.14,2026-08-27T21:31:20.913167+00:00,946.95,934.17,False,long,-0.0644080858379274,-0.0770347975576501
MU,15m,state_volume=vol_surge + state_slope=downtrend,2026-08-18 15:00:00+00:00,,0.0041224308422072,0.0107986272840676,MU|15m|rolling|state_volume=vol_surge + state_slope=downtrend|2026-08-18 15:00:00+00:00,rolling,933.915,2026-08-27T21:31:20.948117+00:00,937.765,944.0,False,long,0.0041224308422072,0.0107986272840676
MU,15m,state_volume=vol_surge + state_slope=downtrend,2026-08-18 18:00:00+00:00,,0.0103874726326944,0.010720990656116,MU|15m|rolling|state_volume=vol_surge + state_slope=downtrend|2026-08-18 18:00:00+00:00,rolling,929.485,2026-08-27T21:31:21.055342+00:00,939.14,939.45,False,long,0.0103874726326944,0.010720990656116
MU,15m,state_volume=vol_surge + state_slope=downtrend,2026-08-18 18:15:00+00:00,,0.0089487616414278,0.0042546806846068,MU|15m|rolling|state_volume=vol_surge + state_slope=downtrend|2026-08-18 18:15:00+00:00,rolling,933.09,2026-08-27T21:31:21.125776+00:00,941.44,937.06,False,long,0.0089487616414278,0.0042546806846068
NEE,1h,cross_USO_state_slope=downtrend + state_slope=uptrend,2026-09-30 18:00:00+00:00,,-0.000920931456387386,0.004999342191816858,NEE|1h|rolling|cross_USO_state_slope=downtrend + state_slope=uptrend|2026-09-30 18:00:00+00:00,rolling,76.01,2026-10-07T19:42:38.708512+00:00,75.94,76.39,False,short,0.000920931456387386,-0.004999342191816858
NEE,1h,cross_USO_state_slope=downtrend + state_slope=uptrend,2026-09-30 19:00:00+00:00,,0.0033506339925102324,0.004073319755600879,NEE|1h|rolling|cross_USO_state_slope=downtrend + state_slope=uptrend|2026-09-30 19:00:00+00:00,rolling,76.105,2026-10-07T19:42:38.718744+00:00,76.36,76.415,False,short,-0.0033506339925102324,-0.004073319755600879
NEE,1h,cross_USO_state_slope=downtrend + state_slope=uptrend,2026-10-05 16:00:00+00:00,,0.0015619915392124373,,NEE|1h|rolling|cross_USO_state_slope=downtrend + state_slope=uptrend|2026-10-05 16:00:00+00:00,rolling,76.825,2026-10-07T19:42:52.865231+00:00,76.945,,True,short,-0.0015619915392124373,
NEE,1h,cross_USO_state_slope=downtrend + state_slope=uptrend,2026-10-05 17:00:00+00:00,,0.009294410263123387,,NEE|1h|rolling|cross_USO_state_slope=downtrend + state_slope=uptrend|2026-10-05 17:00:00+00:00,rolling,76.39,2026-10-07T19:42:53.570091+00:00,77.1,,True,short,-0.009294410263123387,
NEE,1h,cross_USO_state_slope=downtrend + state_slope=uptrend,2026-10-05 18:00:00+00:00,,0.010665445265981788,,NEE|1h|rolling|cross_USO_state_slope=downtrend + state_slope=uptrend|2026-10-05 18:00:00+00:00,rolling,76.415,2026-10-07T19:42:57.491610+00:00,77.23,,True,short,-0.010665445265981788,
NEM,1h,state_slope=downtrend + state_vol=low_vol,2026-08-18 19:00:00+00:00,,0.070910973084886,0.1360852311939266,NEM|1h|rolling|state_slope=downtrend + state_vol=low_vol|2026-08-18 19:00:00+00:00,rolling,115.92,2026-09-29T21:38:01.821162+00:00,124.14,131.695,False,long,0.070910973084886,0.1360852311939266
NEM,1h,state_slope=downtrend + state_vol=low_vol,2026-08-28 13:00:00+00:00,,-0.0401789764340527,-0.0751494471067942,NEM|1h|rolling|state_slope=downtrend + state_vol=low_vol|2026-08-28 13:00:00+00:00,rolling,132.265,2026-09-29T21:38:03.391493+00:00,126.95072768195,122.32535837841984,False,long,-0.0401789764340527,-0.0751494471067942
NEM,1h,state_slope=downtrend + state_vol=low_vol,2026-08-28 14:00:00+00:00,,-0.0264299369776355,-0.0399379935929508,NEM|1h|rolling|state_slope=downtrend + state_vol=low_vol|2026-08-28 14:00:00+00:00,rolling,131.13,2026-09-29T21:38:03.415692+00:00,127.66424236412266,125.89293090015636,False,long,-0.0264299369776355,-0.0399379935929508
NEM,1h,state_slope=downtrend + state_vol=low_vol,2026-08-28 15:00:00+00:00,,-0.0308442002591516,-0.0247574180559404,NEM|1h|rolling|state_slope=downtrend + state_vol=low_vol|2026-08-28 15:00:00+00:00,rolling,128.7,2026-09-29T21:38:03.428268+00:00,124.73035142664716,125.51372029620045,False,long,-0.0308442002591516,-0.0247574180559404
NEM,1h,state_slope=downtrend + state_vol=low_vol,2026-08-28 16:00:00+00:00,,-0.0204373188891815,-0.0272344151406559,NEM|1h|rolling|state_slope=downtrend + state_vol=low_vol|2026-08-28 16:00:00+00:00,rolling,127.73,2026-09-29T21:38:03.460482+00:00,125.11954125828484,124.251348154084,False,long,-0.0204373188891815,-0.0272344151406559
NEM,1h,state_slope=downtrend + state_vol=low_vol,2026-08-28 17:00:00+00:00,,-0.0209016626571063,-0.0318369483831401,NEM|1h|rolling|state_slope=downtrend + state_vol=low_vol|2026-08-28 17:00:00+00:00,rolling,127.76,2026-09-29T21:38:03.504270+00:00,125.08960357892808,123.69251147457004,False,long,-0.0209016626571063,-0.0318369483831401
NEM,1h,state_slope=downtrend + state_vol=low_vol,2026-08-28 18:00:00+00:00,,-0.0147460264887451,-0.0227865178963697,NEM|1h|rolling|state_slope=downtrend + state_vol=low_vol|2026-08-28 18:00:00+00:00,rolling,127.215,2026-09-29T21:38:03.563497+00:00,125.33908424023429,124.31621312581332,False,long,-0.0147460264887451,-0.0227865178963697
NEM,1h,state_slope=downtrend + state_vol=low_vol,2026-08-28 19:00:00+00:00,,-0.0194725513581116,-0.0332795042466174,NEM|1h|rolling|state_slope=downtrend + state_vol=low_vol|2026-08-28 19:00:00+00:00,rolling,127.93,2026-09-29T21:38:03.616178+00:00,125.43887650475678,123.67255302173024,False,long,-0.0194725513581116,-0.0332795042466174
NEM,1h,state_slope=downtrend + state_vol=low_vol,2026-09-11 19:00:00+00:00,,-0.0292448368279992,-0.0425666088601608,NEM|1h|rolling|state_slope=downtrend + state_vol=low_vol|2026-09-11 19:00:00+00:00,rolling,126.86,2026-09-29T21:38:08.863099+00:00,123.15,121.46,False,long,-0.0292448368279992,-0.0425666088601608
NEM,1h,state_slope=downtrend + state_vol=low_vol,2026-09-21 18:00:00+00:00,,0.0170662332385209,-0.0191385615603413,NEM|1h|rolling|state_slope=downtrend + state_vol=low_vol|2026-09-21 18:00:00+00:00,rolling,123.05,2026-09-29T21:38:15.338103+00:00,125.15,120.695,False,long,0.0170662332385209,-0.0191385615603413
NEM,1h,state_slope=downtrend + state_vol=low_vol,2026-09-21 19:00:00+00:00,,0.0218574794832209,-0.0160884049727796,NEM|1h|rolling|state_slope=downtrend + state_vol=low_vol|2026-09-21 19:00:00+00:00,rolling,123.07,2026-09-29T21:38:15.536702+00:00,125.76,121.09,False,long,0.0218574794832209,-0.0160884049727796
NEM,1h,state_slope=downtrend + state_vol=low_vol,2026-09-25 19:00:00+00:00,,-0.041265134667655,,NEM|1h|rolling|state_slope=downtrend + state_vol=low_vol|2026-09-25 19:00:00+00:00,rolling,121.41,2026-09-29T21:38:18.078713+00:00,116.4,,True,long,-0.041265134667655,
NFLX,1h,state_ext=stretched_up + state_vol=high_vol,2026-07-29 17:00:00+00:00,,0.002587108570506,,NFLX|1h|rolling|state_ext=stretched_up + state_vol=high_vol|2026-07-29 17:00:00+00:00,rolling,73.44,2026-07-31T21:24:57.322512+00:00,73.62999725341797,,True,short,-0.002587108570506,
NFLX,1h,state_ext=stretched_up + state_vol=high_vol,2026-07-29 18:00:00+00:00,,-0.0266884531590413,,NFLX|1h|rolling|state_ext=stretched_up + state_vol=high_vol|2026-07-29 18:00:00+00:00,rolling,73.44,2026-07-31T21:25:05.411593+00:00,71.48,,True,short,0.0266884531590413,
NFLX,1h,state_ext=stretched_up + state_vol=high_vol,2026-07-29 19:00:00+00:00,,-0.0074018742360451,,NFLX|1h|rolling|state_ext=stretched_up + state_vol=high_vol|2026-07-29 19:00:00+00:00,rolling,73.63,2026-07-31T21:25:20.442469+00:00,73.085,,True,short,0.0074018742360451,
NOW,1h,cross_TLT_state_ext=neutral + state_ext=stretched_down,2026-07-30 13:00:00+00:00,,0.0147833317934029,,NOW|1h|rolling|cross_TLT_state_ext=neutral + state_ext=stretched_down|2026-07-30 13:00:00+00:00,rolling,108.23,2026-07-30T21:28:02.967400+00:00,109.83,,True,long,0.0147833317934029,
NOW,1h,cross_TLT_state_ext=neutral + state_ext=stretched_down,2026-07-30 14:00:00+00:00,,0.0111151938269336,,NOW|1h|rolling|cross_TLT_state_ext=neutral + state_ext=stretched_down|2026-07-30 14:00:00+00:00,rolling,108.86,2026-07-30T21:28:10.672844+00:00,110.07,,True,long,0.0111151938269336,
NOW,1h,cross_TLT_state_ext=neutral + state_ext=stretched_down,2026-07-30 15:00:00+00:00,,,,NOW|1h|rolling|cross_TLT_state_ext=neutral + state_ext=stretched_down|2026-07-30 15:00:00+00:00,rolling,109.06,2026-07-30T21:28:20.120873+00:00,,,True,long,,
NOW,1h,cross_TLT_state_ext=neutral + state_ext=stretched_down,2026-07-30 16:00:00+00:00,,,,NOW|1h|rolling|cross_TLT_state_ext=neutral + state_ext=stretched_down|2026-07-30 16:00:00+00:00,rolling,109.15,2026-07-30T21:28:32.024817+00:00,,,True,long,,
NOW,1h,cross_TLT_state_ext=neutral + state_ext=stretched_down,2026-07-30 17:00:00+00:00,,,,NOW|1h|rolling|cross_TLT_state_ext=neutral + state_ext=stretched_down|2026-07-30 17:00:00+00:00,rolling,109.69,2026-07-30T21:28:51.437397+00:00,,,True,long,,
NOW,1h,cross_TLT_state_ext=neutral + state_ext=stretched_down,2026-07-30 18:00:00+00:00,,,,NOW|1h|rolling|cross_TLT_state_ext=neutral + state_ext=stretched_down|2026-07-30 18:00:00+00:00,rolling,109.83,2026-07-30T21:29:04.386527+00:00,,,True,long,,
NOW,1h,cross_TLT_state_ext=neutral + state_ext=stretched_down,2026-07-30 19:00:00+00:00,,,,NOW|1h|rolling|cross_TLT_state_ext=neutral + state_ext=stretched_down|2026-07-30 19:00:00+00:00,rolling,110.07,2026-07-30T21:29:29.618184+00:00,,,True,long,,
NOW,1h,cross_TLT_state_ext=neutral + state_ext=stretched_up,2026-07-28 19:00:00+00:00,,0.0531097450732236,,NOW|1h|rolling|cross_TLT_state_ext=neutral + state_ext=stretched_up|2026-07-28 19:00:00+00:00,rolling,110.62,2026-07-30T21:26:43.156238+00:00,116.495,,True,short,-0.0531097450732236,
NOW,1h,cross_TLT_state_ext=neutral + state_ext=stretched_up,2026-07-29 13:00:00+00:00,,0.0324457767589489,,NOW|1h|rolling|cross_TLT_state_ext=neutral + state_ext=stretched_up|2026-07-29 13:00:00+00:00,rolling,113.42,2026-07-30T21:26:49.856011+00:00,117.1,,True,short,-0.0324457767589489,
NOW,1h,cross_TLT_state_ext=neutral + state_ext=stretched_up,2026-07-29 14:00:00+00:00,,0.0202571780870177,,NOW|1h|rolling|cross_TLT_state_ext=neutral + state_ext=stretched_up|2026-07-29 14:00:00+00:00,rolling,113.54,2026-07-30T21:26:55.729459+00:00,115.84,,True,short,-0.0202571780870177,
NOW,1h,cross_TLT_state_ext=neutral + state_ext=stretched_up,2026-07-29 15:00:00+00:00,,-0.0668218658389377,,NOW|1h|rolling|cross_TLT_state_ext=neutral + state_ext=stretched_up|2026-07-29 15:00:00+00:00,rolling,115.98,2026-07-30T21:27:03.828954+00:00,108.23,,True,short,0.0668218658389377,
NOW,1h,cross_TLT_state_ext=neutral + state_ext=stretched_up,2026-07-29 16:00:00+00:00,,-0.0655392935319112,,NOW|1h|rolling|cross_TLT_state_ext=neutral + state_ext=stretched_up|2026-07-29 16:00:00+00:00,rolling,116.495,2026-07-30T21:27:12.544465+00:00,108.86,,True,short,0.0655392935319112,
NOW,1h,cross_TLT_state_ext=neutral + state_ext=stretched_up,2026-07-29 17:00:00+00:00,,-0.0568191645766669,,NOW|1h|rolling|cross_TLT_state_ext=neutral + state_ext=stretched_up|2026-07-29 17:00:00+00:00,rolling,115.63,2026-07-30T21:27:20.598474+00:00,109.06,,True,short,0.0568191645766669,
NOW,1h,cross_TLT_state_ext=neutral + state_ext=stretched_up,2026-07-29 18:00:00+00:00,,-0.0678906917164815,,NOW|1h|rolling|cross_TLT_state_ext=neutral + state_ext=stretched_up|2026-07-29 18:00:00+00:00,rolling,117.1,2026-07-30T21:27:30.059436+00:00,109.15,,True,short,0.0678906917164815,
NOW,1h,cross_TLT_state_ext=neutral + state_ext=stretched_up,2026-07-29 19:00:00+00:00,,-0.0530904696132596,,NOW|1h|rolling|cross_TLT_state_ext=neutral + state_ext=stretched_up|2026-07-29 19:00:00+00:00,rolling,115.84,2026-07-30T21:27:55.635367+00:00,109.69,,True,short,0.0530904696132596,
NOW,1h,cross_TLT_state_slope=flat + state_ext=stretched_up,2026-07-29 18:00:00+00:00,,-0.0703672075149444,,NOW|1h|rolling|cross_TLT_state_slope=flat + state_ext=stretched_up|2026-07-29 18:00:00+00:00,rolling,117.1,2026-07-31T21:25:07.138717+00:00,108.86,,True,short,0.0703672075149444,
NOW,1h,cross_TLT_state_slope=flat + state_ext=stretched_up,2026-07-29 19:00:00+00:00,,-0.0577520718232044,,NOW|1h|rolling|cross_TLT_state_slope=flat + state_ext=stretched_up|2026-07-29 19:00:00+00:00,rolling,115.84,2026-07-31T21:25:20.792034+00:00,109.15,,True,short,0.0577520718232044,
NOW,1h,cross_TLT_state_slope=flat + state_slope=uptrend,2026-07-29 18:00:00+00:00,,-0.0703672075149444,,NOW|1h|rolling|cross_TLT_state_slope=flat + state_slope=uptrend|2026-07-29 18:00:00+00:00,rolling,117.1,2026-07-31T21:25:07.439432+00:00,108.86,,True,short,0.0703672075149444,
NOW,1h,cross_TLT_state_slope=flat + state_slope=uptrend,2026-07-29 19:00:00+00:00,,-0.0577520718232044,,NOW|1h|rolling|cross_TLT_state_slope=flat + state_slope=uptrend|2026-07-29 19:00:00+00:00,rolling,115.84,2026-07-31T21:25:21.144644+00:00,109.15,,True,short,0.0577520718232044,
NOW,1h,cross_TLT_state_slope=uptrend + state_slope=uptrend,2026-07-28 19:00:00+00:00,,0.0343048504001946,-0.0084071596456337,NOW|1h|rolling|cross_TLT_state_slope=uptrend + state_slope=uptrend|2026-07-28 19:00:00+00:00,rolling,110.62,2026-07-31T21:24:50.339098+00:00,114.41480255126952,109.69,False,short,-0.0343048504001946,0.0084071596456337
NOW,1h,cross_TLT_state_slope=uptrend + state_slope=uptrend,2026-07-29 13:00:00+00:00,,0.0246428878318694,-0.0295362369952389,NOW|1h|rolling|cross_TLT_state_slope=uptrend + state_slope=uptrend|2026-07-29 13:00:00+00:00,rolling,113.42,2026-07-31T21:24:50.717304+00:00,116.21499633789062,110.07,False,short,-0.0246428878318694,0.0295362369952389
NOW,1h,cross_TLT_state_slope=uptrend + state_slope=uptrend,2026-07-29 14:00:00+00:00,,0.0193323992456539,-0.03769596617932,NOW|1h|rolling|cross_TLT_state_slope=uptrend + state_slope=uptrend|2026-07-29 14:00:00+00:00,rolling,113.54,2026-07-31T21:24:51.022520+00:00,115.73500061035156,109.26,False,short,-0.0193323992456539,0.03769596617932
NOW,1h,cross_TLT_state_slope=uptrend + state_slope=uptrend,2026-07-29 15:00:00+00:00,,0.005561303673047,-0.0436282117606484,NOW|1h|rolling|cross_TLT_state_slope=uptrend + state_slope=uptrend|2026-07-29 15:00:00+00:00,rolling,115.98,2026-07-31T21:24:51.445592+00:00,116.625,110.92,False,short,-0.005561303673047,0.0436282117606484
NOW,1h,cross_TLT_state_slope=uptrend + state_slope=uptrend,2026-07-29 16:00:00+00:00,,0.003047327989365,-0.0499163054208334,NOW|1h|rolling|cross_TLT_state_slope=uptrend + state_slope=uptrend|2026-07-29 16:00:00+00:00,rolling,116.495,2026-07-31T21:24:51.843230+00:00,116.8499984741211,110.68,False,short,-0.003047327989365,0.0499163054208334
NOW,1h,cross_TLT_state_slope=uptrend + state_slope=uptrend,2026-07-29 17:00:00+00:00,,0.0011242941817044,,NOW|1h|rolling|cross_TLT_state_slope=uptrend + state_slope=uptrend|2026-07-29 17:00:00+00:00,rolling,115.63,2026-07-31T21:24:58.739622+00:00,115.76000213623048,,True,short,-0.0011242941817044,
NOW,1h,cross_TLT_state_vol=low_vol + state_ext=stretched_up,2026-07-28 19:00:00+00:00,,0.0343048504001946,-0.0084071596456337,NOW|1h|rolling|cross_TLT_state_vol=low_vol + state_ext=stretched_up|2026-07-28 19:00:00+00:00,rolling,110.62,2026-07-31T21:24:50.251835+00:00,114.41480255126952,109.69,False,short,-0.0343048504001946,0.0084071596456337
NOW,1h,cross_TLT_state_vol=low_vol + state_ext=stretched_up,2026-07-29 13:00:00+00:00,,0.0246428878318694,-0.0295362369952389,NOW|1h|rolling|cross_TLT_state_vol=low_vol + state_ext=stretched_up|2026-07-29 13:00:00+00:00,rolling,113.42,2026-07-31T21:24:50.608493+00:00,116.21499633789062,110.07,False,short,-0.0246428878318694,0.0295362369952389
NOW,1h,cross_USO_state_ext=neutral + state_ext=stretched_down,2026-07-30 18:00:00+00:00,,0.0099244286624784,,NOW|1h|rolling|cross_USO_state_ext=neutral + state_ext=stretched_down|2026-07-30 18:00:00+00:00,rolling,109.83,2026-07-31T21:26:06.639085+00:00,110.92,,True,long,0.0099244286624784,
NOW,1h,cross_USO_state_ext=neutral + state_ext=stretched_down,2026-07-30 19:00:00+00:00,,0.0095848096665758,,NOW|1h|rolling|cross_USO_state_ext=neutral + state_ext=stretched_down|2026-07-30 19:00:00+00:00,rolling,110.07,2026-07-31T21:26:28.329278+00:00,111.125,,True,long,0.0095848096665758,
NOW,1h,cross_USO_state_ext=neutral + state_ext=stretched_down,2026-07-31 14:00:00+00:00,,0.0183049606443346,,NOW|1h|rolling|cross_USO_state_ext=neutral + state_ext=stretched_down|2026-07-31 14:00:00+00:00,rolling,109.26,2026-07-31T21:26:45.152759+00:00,111.26,,True,long,0.0183049606443346,
NOW,1h,cross_USO_state_ext=neutral + state_ext=stretched_down,2026-07-31 15:00:00+00:00,,,,NOW|1h|rolling|cross_USO_state_ext=neutral + state_ext=stretched_down|2026-07-31 15:00:00+00:00,rolling,110.85,2026-07-31T21:27:00.929636+00:00,,,True,long,,
NOW,1h,cross_USO_state_ext=neutral + state_ext=stretched_down,2026-07-31 16:00:00+00:00,,,,NOW|1h|rolling|cross_USO_state_ext=neutral + state_ext=stretched_down|2026-07-31 16:00:00+00:00,rolling,110.92,2026-07-31T21:27:21.224590+00:00,,,True,long,,
NOW,1h,cross_USO_state_slope=downtrend + state_ext=stretched_down,2026-07-30 19:00:00+00:00,,0.0095848096665758,,NOW|1h|rolling|cross_USO_state_slope=downtrend + state_ext=stretched_down|2026-07-30 19:00:00+00:00,rolling,110.07,2026-07-31T21:26:29.765665+00:00,111.125,,True,long,0.0095848096665758,
NOW,1h,cross_USO_state_slope=downtrend + state_slope=downtrend,2026-07-30 19:00:00+00:00,,0.0095848096665758,,NOW|1h|rolling|cross_USO_state_slope=downtrend + state_slope=downtrend|2026-07-30 19:00:00+00:00,rolling,110.07,2026-07-31T21:26:29.415284+00:00,111.125,,True,long,0.0095848096665758,
NOW,1h,cross_USO_state_slope=downtrend + state_slope=uptrend,2026-07-28 19:00:00+00:00,,0.0343048504001946,-0.0084071596456337,NOW|1h|rolling|cross_USO_state_slope=downtrend + state_slope=uptrend|2026-07-28 19:00:00+00:00,rolling,110.62,2026-07-31T21:24:50.317316+00:00,114.41480255126952,109.69,False,short,-0.0343048504001946,0.0084071596456337
NOW,1h,cross_USO_state_slope=downtrend + state_slope=uptrend,2026-07-29 13:00:00+00:00,,0.0246428878318694,-0.0295362369952389,NOW|1h|rolling|cross_USO_state_slope=downtrend + state_slope=uptrend|2026-07-29 13:00:00+00:00,rolling,113.42,2026-07-31T21:24:50.695578+00:00,116.21499633789062,110.07,False,short,-0.0246428878318694,0.0295362369952389
NOW,1h,cross_USO_state_slope=downtrend + state_slope=uptrend,2026-07-29 14:00:00+00:00,,0.0193323992456539,-0.03769596617932,NOW|1h|rolling|cross_USO_state_slope=downtrend + state_slope=uptrend|2026-07-29 14:00:00+00:00,rolling,113.54,2026-07-31T21:24:51.000785+00:00,115.73500061035156,109.26,False,short,-0.0193323992456539,0.03769596617932
NOW,1h,cross_USO_state_slope=downtrend + state_slope=uptrend,2026-07-29 15:00:00+00:00,,0.005561303673047,-0.0436282117606484,NOW|1h|rolling|cross_USO_state_slope=downtrend + state_slope=uptrend|2026-07-29 15:00:00+00:00,rolling,115.98,2026-07-31T21:24:51.423681+00:00,116.625,110.92,False,short,-0.005561303673047,0.0436282117606484
NOW,1h,cross_USO_state_slope=flat + state_ext=stretched_down,2026-07-31 14:00:00+00:00,,0.0183049606443346,,NOW|1h|rolling|cross_USO_state_slope=flat + state_ext=stretched_down|2026-07-31 14:00:00+00:00,rolling,109.26,2026-07-31T21:26:44.790839+00:00,111.26,,True,long,0.0183049606443346,
NOW,1h,cross_USO_state_slope=flat + state_ext=stretched_down,2026-07-31 15:00:00+00:00,,,,NOW|1h|rolling|cross_USO_state_slope=flat + state_ext=stretched_down|2026-07-31 15:00:00+00:00,rolling,110.85,2026-07-31T21:27:00.252961+00:00,,,True,long,,
NOW,1h,cross_USO_state_slope=flat + state_ext=stretched_down,2026-07-31 16:00:00+00:00,,,,NOW|1h|rolling|cross_USO_state_slope=flat + state_ext=stretched_down|2026-07-31 16:00:00+00:00,rolling,110.92,2026-07-31T21:27:20.502101+00:00,,,True,long,,
NOW,1h,cross_USO_state_slope=flat + state_ext=stretched_up,2026-07-29 16:00:00+00:00,,0.003047327989365,-0.0499163054208334,NOW|1h|rolling|cross_USO_state_slope=flat + state_ext=stretched_up|2026-07-29 16:00:00+00:00,rolling,116.495,2026-07-31T21:24:51.734305+00:00,116.8499984741211,110.68,False,short,-0.003047327989365,0.0499163054208334
NOW,1h,cross_USO_state_slope=flat + state_slope=downtrend,2026-07-31 13:00:00+00:00,,-0.0105489004112282,,NOW|1h|rolling|cross_USO_state_slope=flat + state_slope=downtrend|2026-07-31 13:00:00+00:00,rolling,111.86,2026-07-31T21:26:37.122272+00:00,110.68,,True,long,-0.0105489004112282,
NOW,1h,cross_USO_state_slope=flat + state_slope=downtrend,2026-07-31 14:00:00+00:00,,0.0183049606443346,,NOW|1h|rolling|cross_USO_state_slope=flat + state_slope=downtrend|2026-07-31 14:00:00+00:00,rolling,109.26,2026-07-31T21:26:44.436416+00:00,111.26,,True,long,0.0183049606443346,
NOW,1h,cross_USO_state_slope=flat + state_slope=downtrend,2026-07-31 15:00:00+00:00,,,,NOW|1h|rolling|cross_USO_state_slope=flat + state_slope=downtrend|2026-07-31 15:00:00+00:00,rolling,110.85,2026-07-31T21:26:59.501258+00:00,,,True,long,,
NOW,1h,cross_USO_state_slope=flat + state_slope=downtrend,2026-07-31 16:00:00+00:00,,,,NOW|1h|rolling|cross_USO_state_slope=flat + state_slope=downtrend|2026-07-31 16:00:00+00:00,rolling,110.92,2026-07-31T21:27:19.836980+00:00,,,True,long,,
NOW,1h,cross_USO_state_slope=flat + state_slope=downtrend,2026-07-31 17:00:00+00:00,,,,NOW|1h|rolling|cross_USO_state_slope=flat + state_slope=downtrend|2026-07-31 17:00:00+00:00,rolling,111.125,2026-07-31T21:27:40.154791+00:00,,,True,long,,
NOW,1h,cross_USO_state_slope=flat + state_slope=downtrend,2026-07-31 18:00:00+00:00,,,,NOW|1h|rolling|cross_USO_state_slope=flat + state_slope=downtrend|2026-07-31 18:00:00+00:00,rolling,110.68,2026-07-31T21:27:59.782315+00:00,,,True,long,,
NOW,1h,cross_USO_state_slope=flat + state_slope=downtrend,2026-07-31 19:00:00+00:00,,,,NOW|1h|rolling|cross_USO_state_slope=flat + state_slope=downtrend|2026-07-31 19:00:00+00:00,rolling,111.26,2026-07-31T21:28:15.166283+00:00,,,True,long,,
NOW,1h,cross_USO_state_slope=flat + state_slope=uptrend,2026-07-29 16:00:00+00:00,,0.003047327989365,-0.0499163054208334,NOW|1h|rolling|cross_USO_state_slope=flat + state_slope=uptrend|2026-07-29 16:00:00+00:00,rolling,116.495,2026-07-31T21:24:51.799554+00:00,116.8499984741211,110.68,False,short,-0.003047327989365,0.0499163054208334
NOW,1h,cross_USO_state_vol=mid_vol + state_ext=stretched_down,2026-07-30 19:00:00+00:00,,0.0095848096665758,,NOW|1h|rolling|cross_USO_state_vol=mid_vol + state_ext=stretched_down|2026-07-30 19:00:00+00:00,rolling,110.07,2026-07-31T21:26:30.473527+00:00,111.125,,True,long,0.0095848096665758,
NOW,1h,cross_USO_state_vol=mid_vol + state_ext=stretched_down,2026-07-31 14:00:00+00:00,,0.0183049606443346,,NOW|1h|rolling|cross_USO_state_vol=mid_vol + state_ext=stretched_down|2026-07-31 14:00:00+00:00,rolling,109.26,2026-07-31T21:26:45.868533+00:00,111.26,,True,long,0.0183049606443346,
NOW,1h,state_ext=stretched_down + state_ret_1=ret_down,2026-07-30 13:00:00+00:00,,0.0147833317934029,,NOW|1h|rolling|state_ext=stretched_down + state_ret_1=ret_down|2026-07-30 13:00:00+00:00,rolling,108.23,2026-07-31T21:25:37.963067+00:00,109.83,,True,long,0.0147833317934029,
NOW,1h,state_ext=stretched_down + state_ret_1=ret_down,2026-07-31 14:00:00+00:00,,0.0183049606443346,,NOW|1h|rolling|state_ext=stretched_down + state_ret_1=ret_down|2026-07-31 14:00:00+00:00,rolling,109.26,2026-07-31T21:26:44.135482+00:00,111.26,,True,long,0.0183049606443346,
NOW,1h,state_ext=stretched_down + state_ret_5=ret_down,2026-07-30 13:00:00+00:00,,0.0147833317934029,,NOW|1h|rolling|state_ext=stretched_down + state_ret_5=ret_down|2026-07-30 13:00:00+00:00,rolling,108.23,2026-07-31T21:25:38.397383+00:00,109.83,,True,long,0.0147833317934029,
NOW,1h,state_ext=stretched_down + state_ret_5=ret_down,2026-07-30 14:00:00+00:00,,0.0111151938269336,,NOW|1h|rolling|state_ext=stretched_down + state_ret_5=ret_down|2026-07-30 14:00:00+00:00,rolling,108.86,2026-07-31T21:25:44.960860+00:00,110.07,,True,long,0.0111151938269336,
NOW,1h,state_ext=stretched_down + state_ret_5=ret_down,2026-07-30 15:00:00+00:00,,0.0256739409499358,,NOW|1h|rolling|state_ext=stretched_down + state_ret_5=ret_down|2026-07-30 15:00:00+00:00,rolling,109.06,2026-07-31T21:25:48.768068+00:00,111.86,,True,long,0.0256739409499358,
NOW,1h,state_ext=stretched_down + state_ret_5=ret_down,2026-07-30 16:00:00+00:00,,0.0010077874484653,,NOW|1h|rolling|state_ext=stretched_down + state_ret_5=ret_down|2026-07-30 16:00:00+00:00,rolling,109.15,2026-07-31T21:25:53.359059+00:00,109.26,,True,long,0.0010077874484653,
NOW,1h,state_ext=stretched_down + state_ret_5=ret_down,2026-07-30 17:00:00+00:00,,0.0105752575439874,,NOW|1h|rolling|state_ext=stretched_down + state_ret_5=ret_down|2026-07-30 17:00:00+00:00,rolling,109.69,2026-07-31T21:26:01.409810+00:00,110.85,,True,long,0.0105752575439874,
NOW,1h,state_ext=stretched_down + state_slope=downtrend,2026-07-30 19:00:00+00:00,,0.0095848096665758,,NOW|1h|rolling|state_ext=stretched_down + state_slope=downtrend|2026-07-30 19:00:00+00:00,rolling,110.07,2026-07-31T21:26:29.042688+00:00,111.125,,True,long,0.0095848096665758,
NOW,1h,state_ext=stretched_down + state_slope=downtrend,2026-07-31 14:00:00+00:00,,0.0183049606443346,,NOW|1h|rolling|state_ext=stretched_down + state_slope=downtrend|2026-07-31 14:00:00+00:00,rolling,109.26,2026-07-31T21:26:45.499293+00:00,111.26,,True,long,0.0183049606443346,
NOW,1h,state_ext=stretched_down + state_slope=downtrend,2026-07-31 15:00:00+00:00,,,,NOW|1h|rolling|state_ext=stretched_down + state_slope=downtrend|2026-07-31 15:00:00+00:00,rolling,110.85,2026-07-31T21:27:01.626543+00:00,,,True,long,,
NOW,1h,state_ext=stretched_down + state_slope=downtrend,2026-07-31 16:00:00+00:00,,,,NOW|1h|rolling|state_ext=stretched_down + state_slope=downtrend|2026-07-31 16:00:00+00:00,rolling,110.92,2026-07-31T21:27:21.932239+00:00,,,True,long,,
NOW,1h,state_ext=stretched_up + state_ret_1=ret_up,2026-07-29 13:00:00+00:00,,0.0246428878318694,-0.0295362369952389,NOW|1h|rolling|state_ext=stretched_up + state_ret_1=ret_up|2026-07-29 13:00:00+00:00,rolling,113.42,2026-07-31T21:24:50.498646+00:00,116.21499633789062,110.07,False,short,-0.0246428878318694,0.0295362369952389
NOW,1h,state_ext=stretched_up + state_ret_1=ret_up,2026-07-29 15:00:00+00:00,,0.005561303673047,-0.0436282117606484,NOW|1h|rolling|state_ext=stretched_up + state_ret_1=ret_up|2026-07-29 15:00:00+00:00,rolling,115.98,2026-07-31T21:24:51.291237+00:00,116.625,110.92,False,short,-0.005561303673047,0.0436282117606484
NOW,1h,state_ext=stretched_up + state_ret_1=ret_up,2026-07-29 16:00:00+00:00,,0.003047327989365,-0.0499163054208334,NOW|1h|rolling|state_ext=stretched_up + state_ret_1=ret_up|2026-07-29 16:00:00+00:00,rolling,116.495,2026-07-31T21:24:51.712415+00:00,116.8499984741211,110.68,False,short,-0.003047327989365,0.0499163054208334
NOW,1h,state_ext=stretched_up + state_ret_1=ret_up,2026-07-29 18:00:00+00:00,,-0.0703672075149444,,NOW|1h|rolling|state_ext=stretched_up + state_ret_1=ret_up|2026-07-29 18:00:00+00:00,rolling,117.1,2026-07-31T21:25:05.750919+00:00,108.86,,True,short,0.0703672075149444,
NOW,1h,state_ext=stretched_up + state_ret_5=ret_up,2026-07-29 13:00:00+00:00,,0.0246428878318694,-0.0295362369952389,NOW|1h|rolling|state_ext=stretched_up + state_ret_5=ret_up|2026-07-29 13:00:00+00:00,rolling,113.42,2026-07-31T21:24:50.630317+00:00,116.21499633789062,110.07,False,short,-0.0246428878318694,0.0295362369952389
NOW,1h,state_ext=stretched_up + state_ret_5=ret_up,2026-07-29 14:00:00+00:00,,0.0193323992456539,-0.03769596617932,NOW|1h|rolling|state_ext=stretched_up + state_ret_5=ret_up|2026-07-29 14:00:00+00:00,rolling,113.54,2026-07-31T21:24:50.934964+00:00,115.73500061035156,109.26,False,short,-0.0193323992456539,0.03769596617932
NOW,1h,state_ext=stretched_up + state_ret_5=ret_up,2026-07-29 15:00:00+00:00,,0.005561303673047,-0.0436282117606484,NOW|1h|rolling|state_ext=stretched_up + state_ret_5=ret_up|2026-07-29 15:00:00+00:00,rolling,115.98,2026-07-31T21:24:51.358670+00:00,116.625,110.92,False,short,-0.005561303673047,0.0436282117606484
NOW,1h,state_ext=stretched_up + state_ret_5=ret_up,2026-07-29 16:00:00+00:00,,0.003047327989365,-0.0499163054208334,NOW|1h|rolling|state_ext=stretched_up + state_ret_5=ret_up|2026-07-29 16:00:00+00:00,rolling,116.495,2026-07-31T21:24:51.755908+00:00,116.8499984741211,110.68,False,short,-0.003047327989365,0.0499163054208334
NOW,1h,state_ext=stretched_up + state_ret_5=ret_up,2026-07-29 17:00:00+00:00,,0.0011242941817044,,NOW|1h|rolling|state_ext=stretched_up + state_ret_5=ret_up|2026-07-29 17:00:00+00:00,rolling,115.63,2026-07-31T21:24:57.676296+00:00,115.76000213623048,,True,short,-0.0011242941817044,
NOW,1h,state_ext=stretched_up + state_ret_5=ret_up,2026-07-29 18:00:00+00:00,,-0.0703672075149444,,NOW|1h|rolling|state_ext=stretched_up + state_ret_5=ret_up|2026-07-29 18:00:00+00:00,rolling,117.1,2026-07-31T21:25:06.395832+00:00,108.86,,True,short,0.0703672075149444,
NOW,1h,state_ext=stretched_up + state_ret_5=ret_up,2026-07-29 19:00:00+00:00,,-0.0577520718232044,,NOW|1h|rolling|state_ext=stretched_up + state_ret_5=ret_up|2026-07-29 19:00:00+00:00,rolling,115.84,2026-07-31T21:25:31.328548+00:00,109.15,,True,short,0.0577520718232044,
NOW,1h,state_ext=stretched_up + state_slope=uptrend,2026-07-28 19:00:00+00:00,,0.0343048504001946,-0.0084071596456337,NOW|1h|rolling|state_ext=stretched_up + state_slope=uptrend|2026-07-28 19:00:00+00:00,rolling,110.62,2026-07-31T21:24:50.273655+00:00,114.41480255126952,109.69,False,short,-0.0343048504001946,0.0084071596456337
NOW,1h,state_ext=stretched_up + state_slope=uptrend,2026-07-29 13:00:00+00:00,,0.0246428878318694,-0.0295362369952389,NOW|1h|rolling|state_ext=stretched_up + state_slope=uptrend|2026-07-29 13:00:00+00:00,rolling,113.42,2026-07-31T21:24:50.652037+00:00,116.21499633789062,110.07,False,short,-0.0246428878318694,0.0295362369952389
NOW,1h,state_ext=stretched_up + state_slope=uptrend,2026-07-29 14:00:00+00:00,,0.0193323992456539,-0.03769596617932,NOW|1h|rolling|state_ext=stretched_up + state_slope=uptrend|2026-07-29 14:00:00+00:00,rolling,113.54,2026-07-31T21:24:50.956979+00:00,115.73500061035156,109.26,False,short,-0.0193323992456539,0.03769596617932
NOW,1h,state_ext=stretched_up + state_slope=uptrend,2026-07-29 15:00:00+00:00,,0.005561303673047,-0.0436282117606484,NOW|1h|rolling|state_ext=stretched_up + state_slope=uptrend|2026-07-29 15:00:00+00:00,rolling,115.98,2026-07-31T21:24:51.380415+00:00,116.625,110.92,False,short,-0.005561303673047,0.0436282117606484
NOW,1h,state_ext=stretched_up + state_slope=uptrend,2026-07-29 16:00:00+00:00,,0.003047327989365,-0.0499163054208334,NOW|1h|rolling|state_ext=stretched_up + state_slope=uptrend|2026-07-29 16:00:00+00:00,rolling,116.495,2026-07-31T21:24:51.821437+00:00,116.8499984741211,110.68,False,short,-0.003047327989365,0.0499163054208334
NOW,1h,state_ext=stretched_up + state_slope=uptrend,2026-07-29 17:00:00+00:00,,0.0011242941817044,,NOW|1h|rolling|state_ext=stretched_up + state_slope=uptrend|2026-07-29 17:00:00+00:00,rolling,115.63,2026-07-31T21:24:58.376289+00:00,115.76000213623048,,True,short,-0.0011242941817044,
NOW,1h,state_ext=stretched_up + state_slope=uptrend,2026-07-29 18:00:00+00:00,,-0.0703672075149444,,NOW|1h|rolling|state_ext=stretched_up + state_slope=uptrend|2026-07-29 18:00:00+00:00,rolling,117.1,2026-07-31T21:25:06.793397+00:00,108.86,,True,short,0.0703672075149444,
NOW,1h,state_ext=stretched_up + state_slope=uptrend,2026-07-29 19:00:00+00:00,,-0.0577520718232044,,NOW|1h|rolling|state_ext=stretched_up + state_slope=uptrend|2026-07-29 19:00:00+00:00,rolling,115.84,2026-07-31T21:25:31.657774+00:00,109.15,,True,short,0.0577520718232044,
NOW,1h,state_session=afternoon + state_ext=stretched_down,2026-07-30 18:00:00+00:00,,0.0099244286624784,,NOW|1h|rolling|state_session=afternoon + state_ext=stretched_down|2026-07-30 18:00:00+00:00,rolling,109.83,2026-07-31T21:26:07.027702+00:00,110.92,,True,long,0.0099244286624784,
NOW,1h,state_session=afternoon + state_ext=stretched_down,2026-07-30 19:00:00+00:00,,0.0095848096665758,,NOW|1h|rolling|state_session=afternoon + state_ext=stretched_down|2026-07-30 19:00:00+00:00,rolling,110.07,2026-07-31T21:26:28.713761+00:00,111.125,,True,long,0.0095848096665758,
NOW,1h,state_session=afternoon + state_ext=stretched_down + state_slope=downtrend,2026-07-30 19:00:00+00:00,,0.0095848096665758,,NOW|1h|rolling|state_session=afternoon + state_ext=stretched_down + state_slope=downtrend|2026-07-30 19:00:00+00:00,rolling,110.07,2026-07-31T21:26:28.028242+00:00,111.125,,True,long,0.0095848096665758,
NOW,1h,state_session=afternoon + state_ext=stretched_up,2026-07-28 19:00:00+00:00,,0.0343048504001946,-0.0084071596456337,NOW|1h|rolling|state_session=afternoon + state_ext=stretched_up|2026-07-28 19:00:00+00:00,rolling,110.62,2026-07-31T21:24:50.295561+00:00,114.41480255126952,109.69,False,short,-0.0343048504001946,0.0084071596456337
NOW,1h,state_session=afternoon + state_ext=stretched_up,2026-07-29 18:00:00+00:00,,-0.0703672075149444,,NOW|1h|rolling|state_session=afternoon + state_ext=stretched_up|2026-07-29 18:00:00+00:00,rolling,117.1,2026-07-31T21:25:07.843733+00:00,108.86,,True,short,0.0703672075149444,
NOW,1h,state_session=afternoon + state_ext=stretched_up,2026-07-29 19:00:00+00:00,,-0.0577520718232044,,NOW|1h|rolling|state_session=afternoon + state_ext=stretched_up|2026-07-29 19:00:00+00:00,rolling,115.84,2026-07-31T21:25:31.998114+00:00,109.15,,True,short,0.0577520718232044,
NOW,1h,state_session=afternoon + state_ret_5=ret_up,2026-07-29 18:00:00+00:00,,-0.0703672075149444,,NOW|1h|rolling|state_session=afternoon + state_ret_5=ret_up|2026-07-29 18:00:00+00:00,rolling,117.1,2026-07-31T21:25:06.153504+00:00,108.86,,True,short,0.0703672075149444,
NOW,1h,state_session=afternoon + state_ret_5=ret_up,2026-07-29 19:00:00+00:00,,-0.0577520718232044,,NOW|1h|rolling|state_session=afternoon + state_ret_5=ret_up|2026-07-29 19:00:00+00:00,rolling,115.84,2026-07-31T21:25:30.238739+00:00,109.15,,True,short,0.0577520718232044,
NOW,1h,state_session=afternoon + state_ret_5=ret_up,2026-07-30 18:00:00+00:00,,0.0099244286624784,,NOW|1h|rolling|state_session=afternoon + state_ret_5=ret_up|2026-07-30 18:00:00+00:00,rolling,109.83,2026-07-31T21:26:07.324890+00:00,110.92,,True,short,-0.0099244286624784,
NOW,1h,state_session=afternoon + state_ret_5=ret_up,2026-07-31 19:00:00+00:00,,,,NOW|1h|rolling|state_session=afternoon + state_ret_5=ret_up|2026-07-31 19:00:00+00:00,rolling,111.26,2026-07-31T21:28:16.576090+00:00,,,True,short,,
NOW,1h,state_session=afternoon + state_slope=downtrend,2026-07-30 19:00:00+00:00,,0.0095848096665758,,NOW|1h|rolling|state_session=afternoon + state_slope=downtrend|2026-07-30 19:00:00+00:00,rolling,110.07,2026-07-31T21:26:30.122294+00:00,111.125,,True,long,0.0095848096665758,
NOW,1h,state_session=afternoon + state_slope=downtrend,2026-07-31 18:00:00+00:00,,,,NOW|1h|rolling|state_session=afternoon + state_slope=downtrend|2026-07-31 18:00:00+00:00,rolling,110.68,2026-07-31T21:28:00.476592+00:00,,,True,long,,
NOW,1h,state_session=afternoon + state_slope=downtrend,2026-07-31 19:00:00+00:00,,,,NOW|1h|rolling|state_session=afternoon + state_slope=downtrend|2026-07-31 19:00:00+00:00,rolling,111.26,2026-07-31T21:28:15.850701+00:00,,,True,long,,
NOW,1h,state_session=afternoon + state_volume=vol_quiet,2026-07-28 19:00:00+00:00,,0.0343048504001946,-0.0084071596456337,NOW|1h|rolling|state_session=afternoon + state_volume=vol_quiet|2026-07-28 19:00:00+00:00,rolling,110.62,2026-07-31T21:24:50.361061+00:00,114.41480255126952,109.69,False,short,-0.0343048504001946,0.0084071596456337
NOW,1h,state_session=afternoon + state_volume=vol_quiet,2026-07-29 19:00:00+00:00,,-0.0577520718232044,,NOW|1h|rolling|state_session=afternoon + state_volume=vol_quiet|2026-07-29 19:00:00+00:00,rolling,115.84,2026-07-31T21:25:32.363558+00:00,109.15,,True,short,0.0577520718232044,
NOW,1h,state_session=afternoon + state_volume=vol_quiet,2026-07-30 18:00:00+00:00,,0.0099244286624784,,NOW|1h|rolling|state_session=afternoon + state_volume=vol_quiet|2026-07-30 18:00:00+00:00,rolling,109.83,2026-07-31T21:26:07.711311+00:00,110.92,,True,short,-0.0099244286624784,
NOW,1h,state_session=afternoon + state_volume=vol_quiet,2026-07-30 19:00:00+00:00,,0.0095848096665758,,NOW|1h|rolling|state_session=afternoon + state_volume=vol_quiet|2026-07-30 19:00:00+00:00,rolling,110.07,2026-07-31T21:26:30.826372+00:00,111.125,,True,short,-0.0095848096665758,
NOW,1h,state_session=afternoon + state_volume=vol_quiet,2026-07-31 18:00:00+00:00,,,,NOW|1h|rolling|state_session=afternoon + state_volume=vol_quiet|2026-07-31 18:00:00+00:00,rolling,110.68,2026-07-31T21:28:01.149147+00:00,,,True,short,,
NOW,1h,state_session=afternoon + state_volume=vol_quiet,2026-07-31 19:00:00+00:00,,,,NOW|1h|rolling|state_session=afternoon + state_volume=vol_quiet|2026-07-31 19:00:00+00:00,rolling,111.26,2026-07-31T21:28:17.256880+00:00,,,True,short,,
NOW,1h,state_session=lunch + state_ret_5=ret_down,2026-07-30 16:00:00+00:00,,0.0010077874484653,,NOW|1h|rolling|state_session=lunch + state_ret_5=ret_down|2026-07-30 16:00:00+00:00,rolling,109.15,2026-07-31T21:25:53.691964+00:00,109.26,,True,long,0.0010077874484653,
NOW,1h,state_session=lunch + state_ret_5=ret_down,2026-07-30 17:00:00+00:00,,0.0105752575439874,,NOW|1h|rolling|state_session=lunch + state_ret_5=ret_down|2026-07-30 17:00:00+00:00,rolling,109.69,2026-07-31T21:26:01.750293+00:00,110.85,,True,long,0.0105752575439874,
NOW,1h,state_session=lunch + state_ret_5=ret_up,2026-07-29 16:00:00+00:00,,0.003047327989365,-0.0499163054208334,NOW|1h|rolling|state_session=lunch + state_ret_5=ret_up|2026-07-29 16:00:00+00:00,rolling,116.495,2026-07-31T21:24:51.777771+00:00,116.8499984741211,110.68,False,short,-0.003047327989365,0.0499163054208334
NOW,1h,state_session=lunch + state_ret_5=ret_up,2026-07-29 17:00:00+00:00,,0.0011242941817044,,NOW|1h|rolling|state_session=lunch + state_ret_5=ret_up|2026-07-29 17:00:00+00:00,rolling,115.63,2026-07-31T21:24:58.030260+00:00,115.76000213623048,,True,short,-0.0011242941817044,
NOW,1h,state_session=lunch + state_slope=downtrend,2026-07-31 16:00:00+00:00,,,,NOW|1h|rolling|state_session=lunch + state_slope=downtrend|2026-07-31 16:00:00+00:00,rolling,110.92,2026-07-31T21:27:22.596354+00:00,,,True,long,,
NOW,1h,state_session=lunch + state_slope=downtrend,2026-07-31 17:00:00+00:00,,,,NOW|1h|rolling|state_session=lunch + state_slope=downtrend|2026-07-31 17:00:00+00:00,rolling,111.125,2026-07-31T21:27:40.875684+00:00,,,True,long,,
NOW,1h,state_session=morning + state_ext=stretched_up + state_slope=uptrend,2026-07-29 13:00:00+00:00,,0.0246428878318694,-0.0295362369952389,NOW|1h|rolling|state_session=morning + state_ext=stretched_up + state_slope=uptrend|2026-07-29 13:00:00+00:00,rolling,113.42,2026-07-31T21:24:50.586770+00:00,116.21499633789062,110.07,False,short,-0.0246428878318694,0.0295362369952389
NOW,1h,state_session=morning + state_ext=stretched_up + state_slope=uptrend,2026-07-29 14:00:00+00:00,,0.0193323992456539,-0.03769596617932,NOW|1h|rolling|state_session=morning + state_ext=stretched_up + state_slope=uptrend|2026-07-29 14:00:00+00:00,rolling,113.54,2026-07-31T21:24:50.913183+00:00,115.73500061035156,109.26,False,short,-0.0193323992456539,0.03769596617932
NOW,1h,state_session=morning + state_ext=stretched_up + state_slope=uptrend,2026-07-29 15:00:00+00:00,,0.005561303673047,-0.0436282117606484,NOW|1h|rolling|state_session=morning + state_ext=stretched_up + state_slope=uptrend|2026-07-29 15:00:00+00:00,rolling,115.98,2026-07-31T21:24:51.336261+00:00,116.625,110.92,False,short,-0.005561303673047,0.0436282117606484
NOW,1h,state_session=morning + state_slope=uptrend,2026-07-29 13:00:00+00:00,,0.0246428878318694,-0.0295362369952389,NOW|1h|rolling|state_session=morning + state_slope=uptrend|2026-07-29 13:00:00+00:00,rolling,113.42,2026-07-31T21:24:50.673796+00:00,116.21499633789062,110.07,False,short,-0.0246428878318694,0.0295362369952389
NOW,1h,state_session=morning + state_slope=uptrend,2026-07-29 14:00:00+00:00,,0.0193323992456539,-0.03769596617932,NOW|1h|rolling|state_session=morning + state_slope=uptrend|2026-07-29 14:00:00+00:00,rolling,113.54,2026-07-31T21:24:50.979007+00:00,115.73500061035156,109.26,False,short,-0.0193323992456539,0.03769596617932
NOW,1h,state_session=morning + state_slope=uptrend,2026-07-29 15:00:00+00:00,,0.005561303673047,-0.0436282117606484,NOW|1h|rolling|state_session=morning + state_slope=uptrend|2026-07-29 15:00:00+00:00,rolling,115.98,2026-07-31T21:24:51.401981+00:00,116.625,110.92,False,short,-0.005561303673047,0.0436282117606484
NOW,1h,state_session=morning + state_slope=uptrend,2026-07-30 13:00:00+00:00,,0.0147833317934029,,NOW|1h|rolling|state_session=morning + state_slope=uptrend|2026-07-30 13:00:00+00:00,rolling,108.23,2026-07-31T21:25:38.986008+00:00,109.83,,True,short,-0.0147833317934029,
NOW,1h,state_session=morning + state_volume=vol_quiet,2026-07-31 13:00:00+00:00,,-0.0105489004112282,,NOW|1h|rolling|state_session=morning + state_volume=vol_quiet|2026-07-31 13:00:00+00:00,rolling,111.86,2026-07-31T21:26:37.462805+00:00,110.68,,True,short,0.0105489004112282,
NOW,1h,state_session=morning + state_volume=vol_quiet,2026-07-31 14:00:00+00:00,,0.0183049606443346,,NOW|1h|rolling|state_session=morning + state_volume=vol_quiet|2026-07-31 14:00:00+00:00,rolling,109.26,2026-07-31T21:26:46.188810+00:00,111.26,,True,short,-0.0183049606443346,
NOW,1h,state_session=morning + state_volume=vol_quiet,2026-07-31 15:00:00+00:00,,,,NOW|1h|rolling|state_session=morning + state_volume=vol_quiet|2026-07-31 15:00:00+00:00,rolling,110.85,2026-07-31T21:27:02.308508+00:00,,,True,short,,
NOW,1h,state_volume=vol_quiet + state_ext=stretched_up,2026-07-28 19:00:00+00:00,,0.0343048504001946,-0.0084071596456337,NOW|1h|rolling|state_volume=vol_quiet + state_ext=stretched_up|2026-07-28 19:00:00+00:00,rolling,110.62,2026-07-31T21:24:50.230066+00:00,114.41480255126952,109.69,False,short,-0.0343048504001946,0.0084071596456337
NOW,1h,state_volume=vol_quiet + state_ext=stretched_up,2026-07-29 13:00:00+00:00,,0.0246428878318694,-0.0295362369952389,NOW|1h|rolling|state_volume=vol_quiet + state_ext=stretched_up|2026-07-29 13:00:00+00:00,rolling,113.42,2026-07-31T21:24:50.564856+00:00,116.21499633789062,110.07,False,short,-0.0246428878318694,0.0295362369952389
NOW,1h,state_volume=vol_quiet + state_ext=stretched_up,2026-07-29 19:00:00+00:00,,-0.0577520718232044,,NOW|1h|rolling|state_volume=vol_quiet + state_ext=stretched_up|2026-07-29 19:00:00+00:00,rolling,115.84,2026-07-31T21:25:30.929002+00:00,109.15,,True,short,0.0577520718232044,
NOW,1h,state_volume=vol_quiet + state_ext=stretched_up + state_slope=uptrend,2026-07-28 19:00:00+00:00,,0.0343048504001946,-0.0084071596456337,NOW|1h|rolling|state_volume=vol_quiet + state_ext=stretched_up + state_slope=uptrend|2026-07-28 19:00:00+00:00,rolling,110.62,2026-07-31T21:24:50.184212+00:00,114.41480255126952,109.69,False,short,-0.0343048504001946,0.0084071596456337
NOW,1h,state_volume=vol_quiet + state_ext=stretched_up + state_slope=uptrend,2026-07-29 13:00:00+00:00,,0.0246428878318694,-0.0295362369952389,NOW|1h|rolling|state_volume=vol_quiet + state_ext=stretched_up + state_slope=uptrend|2026-07-29 13:00:00+00:00,rolling,113.42,2026-07-31T21:24:50.520554+00:00,116.21499633789062,110.07,False,short,-0.0246428878318694,0.0295362369952389
NOW,1h,state_volume=vol_quiet + state_ext=stretched_up + state_slope=uptrend,2026-07-29 19:00:00+00:00,,-0.0577520718232044,,NOW|1h|rolling|state_volume=vol_quiet + state_ext=stretched_up + state_slope=uptrend|2026-07-29 19:00:00+00:00,rolling,115.84,2026-07-31T21:25:29.895414+00:00,109.15,,True,short,0.0577520718232044,
NOW,1h,state_volume=vol_quiet + state_slope=uptrend,2026-07-28 19:00:00+00:00,,0.0343048504001946,-0.0084071596456337,NOW|1h|rolling|state_volume=vol_quiet + state_slope=uptrend|2026-07-28 19:00:00+00:00,rolling,110.62,2026-07-31T21:24:50.208059+00:00,114.41480255126952,109.69,False,short,-0.0343048504001946,0.0084071596456337
NOW,1h,state_volume=vol_quiet + state_slope=uptrend,2026-07-29 13:00:00+00:00,,0.0246428878318694,-0.0295362369952389,NOW|1h|rolling|state_volume=vol_quiet + state_slope=uptrend|2026-07-29 13:00:00+00:00,rolling,113.42,2026-07-31T21:24:50.542546+00:00,116.21499633789062,110.07,False,short,-0.0246428878318694,0.0295362369952389
NOW,1h,state_volume=vol_quiet + state_slope=uptrend,2026-07-29 19:00:00+00:00,,-0.0577520718232044,,NOW|1h|rolling|state_volume=vol_quiet + state_slope=uptrend|2026-07-29 19:00:00+00:00,rolling,115.84,2026-07-31T21:25:30.594022+00:00,109.15,,True,short,0.0577520718232044,
NOW,1h,state_volume=vol_quiet + state_slope=uptrend,2026-07-30 13:00:00+00:00,,0.0147833317934029,,NOW|1h|rolling|state_volume=vol_quiet + state_slope=uptrend|2026-07-30 13:00:00+00:00,rolling,108.23,2026-07-31T21:25:38.649471+00:00,109.83,,True,short,-0.0147833317934029,
NVDA,1d,state_ext=stretched_up + state_slope=uptrend,2026-08-13 04:00:00+00:00,,-0.0375055341046799,,NVDA|1d|rolling|state_ext=stretched_up + state_slope=uptrend|2026-08-13,rolling,225.3000030517578,2026-08-25T21:31:57.120628+00:00,216.8500061035156,,True,long,-0.0375055341046799,
NVDA,1d,state_ext=stretched_up + state_slope=uptrend,2026-08-14 04:00:00+00:00,,-0.0463670379801253,,NVDA|1d|rolling|state_ext=stretched_up + state_slope=uptrend|2026-08-14,rolling,225.1600036621093,2026-08-25T21:32:02.112883+00:00,214.72000122070312,,True,long,-0.0463670379801253,
NVDA,1d,state_ext=stretched_up + state_slope=uptrend,2026-08-18 04:00:00+00:00,,-0.0308546706274429,,NVDA|1d|rolling|state_ext=stretched_up + state_slope=uptrend|2026-08-18,rolling,219.7400054931641,2026-08-25T21:32:08.908026+00:00,212.96,,True,long,-0.0308546706274429,
NVDA,1d,state_ext=stretched_up + state_slope=uptrend,2026-08-19 04:00:00+00:00,,,,NVDA|1d|rolling|state_ext=stretched_up + state_slope=uptrend|2026-08-19,rolling,217.5599975585937,2026-08-25T21:32:18.230022+00:00,,,True,long,,
NVDA,1d,state_ext=stretched_up + state_slope=uptrend,2026-08-20 04:00:00+00:00,,,,NVDA|1d|rolling|state_ext=stretched_up + state_slope=uptrend|2026-08-20,rolling,216.8500061035156,2026-08-25T21:32:34.327496+00:00,,,True,long,,
NVDA,1d,state_gap_open=gap_open_flat + state_ext=stretched_up,2026-08-12 04:00:00+00:00,,-0.0291400726762061,,NVDA|1d|rolling|state_gap_open=gap_open_flat + state_ext=stretched_up|2026-08-12,rolling,224.08999633789065,2026-08-27T21:31:15.613854+00:00,217.5599975585937,,True,long,-0.0291400726762061,
NVDA,1d,state_gap_open=gap_open_flat + state_ext=stretched_up,2026-08-13 04:00:00+00:00,,-0.0375055341046799,,NVDA|1d|rolling|state_gap_open=gap_open_flat + state_ext=stretched_up|2026-08-13,rolling,225.3000030517578,2026-08-27T21:31:17.714742+00:00,216.8500061035156,,True,long,-0.0375055341046799,
NVDA,1d,state_gap_open=gap_open_flat + state_ext=stretched_up,2026-08-14 04:00:00+00:00,,-0.0463670379801253,,NVDA|1d|rolling|state_gap_open=gap_open_flat + state_ext=stretched_up|2026-08-14,rolling,225.1600036621093,2026-08-27T21:31:19.804479+00:00,214.72000122070312,,True,long,-0.0463670379801253,
NVDA,1d,state_gap_open=gap_open_flat + state_ext=stretched_up,2026-08-19 04:00:00+00:00,,-0.036311794379188,,NVDA|1d|rolling|state_gap_open=gap_open_flat + state_ext=stretched_up|2026-08-19,rolling,217.5599975585937,2026-08-27T21:31:28.860152+00:00,209.6600036621093,,True,long,-0.036311794379188,
NVDA,1d,state_gap_open=gap_open_flat + state_ext=stretched_up,2026-08-20 04:00:00+00:00,,0.0522019533219688,,NVDA|1d|rolling|state_gap_open=gap_open_flat + state_ext=stretched_up|2026-08-20,rolling,216.8500061035156,2026-08-27T21:31:37.252445+00:00,228.17,,True,long,0.0522019533219688,
NVDA,1d,state_gap_open=gap_open_flat + state_relvol=relvol_normal + state_ext=stretched_up,2026-08-12 04:00:00+00:00,,-0.029140072676206108,-0.025570064800658043,NVDA|1d|rolling|state_gap_open=gap_open_flat + state_relvol=relvol_normal + state_ext=stretched_up|2026-08-12,rolling,224.08999633789065,2026-10-07T19:42:27.078478+00:00,217.55999755859375,218.36000061035156,False,long,-0.029140072676206108,-0.025570064800658043
NVDA,1d,state_gap_open=gap_open_flat + state_relvol=relvol_normal + state_ext=stretched_up,2026-08-13 04:00:00+00:00,,-0.03750553410467994,-0.031114113052251535,NVDA|1d|rolling|state_gap_open=gap_open_flat + state_relvol=relvol_normal + state_ext=stretched_up|2026-08-13,rolling,225.3000030517578,2026-10-07T19:42:27.237584+00:00,216.85000610351562,218.2899932861328,False,long,-0.03750553410467994,-0.031114113052251535
NVDA,1d,state_gap_open=gap_open_flat + state_relvol=relvol_normal + state_ext=stretched_up,2026-08-19 04:00:00+00:00,,-0.03631179437918808,0.008181645519726333,NVDA|1d|rolling|state_gap_open=gap_open_flat + state_relvol=relvol_normal + state_ext=stretched_up|2026-08-19,rolling,217.5599975585937,2026-10-07T19:42:27.814456+00:00,209.66000366210938,219.33999633789062,False,long,-0.03631179437918808,0.008181645519726333
NVDA,1d,state_gap_open=gap_open_flat + state_relvol=relvol_normal + state_ext=stretched_up,2026-08-20 04:00:00+00:00,,0.051325751951837306,0.02499422649938987,NVDA|1d|rolling|state_gap_open=gap_open_flat + state_relvol=relvol_normal + state_ext=stretched_up|2026-08-20,rolling,216.8500061035156,2026-10-07T19:42:27.953675+00:00,227.97999572753906,222.27000427246094,False,long,0.051325751951837306,0.02499422649938987
NVDA,1d,state_gap_open=gap_open_flat + state_relvol=relvol_normal + state_ext=stretched_up,2026-09-29 04:00:00+00:00,,0.05294660632815629,,NVDA|1d|rolling|state_gap_open=gap_open_flat + state_relvol=relvol_normal + state_ext=stretched_up|2026-09-29,rolling,227.2100067138672,2026-10-07T19:42:40.368265+00:00,239.24000549316406,,True,long,0.05294660632815629,
NVDA,1d,state_gap_open=gap_open_flat + state_relvol=relvol_normal + state_ext=stretched_up,2026-09-30 04:00:00+00:00,,0.0374375818127104,,NVDA|1d|rolling|state_gap_open=gap_open_flat + state_relvol=relvol_normal + state_ext=stretched_up|2026-09-30,rolling,228.3800048828125,2026-10-07T19:42:43.866591+00:00,236.93,,True,long,0.0374375818127104,
NVDA,1d,state_gap_open=gap_open_flat + state_relvol=relvol_normal + state_ext=stretched_up,2026-10-01 04:00:00+00:00,,,,NVDA|1d|rolling|state_gap_open=gap_open_flat + state_relvol=relvol_normal + state_ext=stretched_up|2026-10-01,rolling,230.8600006103516,2026-10-07T19:42:47.938094+00:00,,,True,long,,
NVDA,1d,state_gap_open=gap_open_flat + state_relvol=relvol_normal + state_ext=stretched_up,2026-10-05 04:00:00+00:00,,,,NVDA|1d|rolling|state_gap_open=gap_open_flat + state_relvol=relvol_normal + state_ext=stretched_up|2026-10-05,rolling,238.8999938964844,2026-10-07T19:43:14.965814+00:00,,,True,long,,
NVDA,1d,state_gap_open=gap_open_flat + state_relvol=relvol_normal + state_ext=stretched_up,2026-10-06 04:00:00+00:00,,,,NVDA|1d|rolling|state_gap_open=gap_open_flat + state_relvol=relvol_normal + state_ext=stretched_up|2026-10-06,rolling,239.2400054931641,2026-10-07T19:43:41.141969+00:00,,,True,long,,
NVDA,1d,state_relvol=relvol_normal + state_ext=stretched_up,2026-08-18 04:00:00+00:00,,,,NVDA|1d|rolling|state_relvol=relvol_normal + state_ext=stretched_up|2026-08-18,rolling,219.7400054931641,2026-08-20T21:33:14.751381+00:00,,,True,long,,
NVDA,1d,state_relvol=relvol_normal + state_ext=stretched_up,2026-08-19 04:00:00+00:00,,,,NVDA|1d|rolling|state_relvol=relvol_normal + state_ext=stretched_up|2026-08-19,rolling,217.5599975585937,2026-08-20T21:34:03.421400+00:00,,,True,long,,
OIH,1h,state_ext=neutral + state_slope=uptrend + state_vol=high_vol,2026-08-12 16:00:00+00:00,,-0.004992565550088868,0.020163678783409633,OIH|1h|rolling|state_ext=neutral + state_slope=uptrend + state_vol=high_vol|2026-08-12 16:00:00+00:00,rolling,413.615,2026-10-07T19:42:26.909274+00:00,411.55,421.955,False,long,-0.004992565550088868,0.020163678783409633
OIH,1h,state_ext=neutral + state_slope=uptrend + state_vol=high_vol,2026-09-01 16:00:00+00:00,,0.0046890309336069524,-0.00804833667708682,OIH|1h|rolling|state_ext=neutral + state_slope=uptrend + state_vol=high_vol|2026-09-01 16:00:00+00:00,rolling,428.66,2026-10-07T19:42:28.976118+00:00,430.67,425.21,False,long,0.0046890309336069524,-0.00804833667708682
OIH,1h,state_ext=neutral + state_slope=uptrend + state_vol=high_vol,2026-09-01 17:00:00+00:00,,0.01691571328508057,-0.006642540275507924,OIH|1h|rolling|state_ext=neutral + state_slope=uptrend + state_vol=high_vol|2026-09-01 17:00:00+00:00,rolling,428.3,2026-10-07T19:42:28.996699+00:00,435.545,425.455,False,long,0.01691571328508057,-0.006642540275507924
OIH,1h,state_ext=neutral + state_slope=uptrend + state_vol=high_vol,2026-09-01 18:00:00+00:00,,0.011830867596957173,-0.009287347738834217,OIH|1h|rolling|state_ext=neutral + state_slope=uptrend + state_vol=high_vol|2026-09-01 18:00:00+00:00,rolling,428.54,2026-10-07T19:42:29.027204+00:00,433.61,424.56,False,long,0.011830867596957173,-0.009287347738834217
OIH,1h,state_ext=neutral + state_slope=uptrend + state_vol=high_vol,2026-09-01 19:00:00+00:00,,0.01604516068584272,-0.0026234423311158883,OIH|1h|rolling|state_ext=neutral + state_slope=uptrend + state_vol=high_vol|2026-09-01 19:00:00+00:00,rolling,426.92,2026-10-07T19:42:29.037337+00:00,433.77,425.8,False,long,0.01604516068584272,-0.0026234423311158883
OIH,1h,state_ext=neutral + state_slope=uptrend + state_vol=high_vol,2026-09-02 13:00:00+00:00,,0.03441338666540439,0.01221272869281198,OIH|1h|rolling|state_ext=neutral + state_slope=uptrend + state_vol=high_vol|2026-09-02 13:00:00+00:00,rolling,422.51,2026-10-07T19:42:29.047659+00:00,437.05,427.67,False,long,0.03441338666540439,0.01221272869281198
OIH,1h,state_ext=neutral + state_slope=uptrend + state_vol=high_vol,2026-09-02 14:00:00+00:00,,0.013525437109619842,0.008033993544941609,OIH|1h|rolling|state_ext=neutral + state_slope=uptrend + state_vol=high_vol|2026-09-02 14:00:00+00:00,rolling,430.67,2026-10-07T19:42:29.076185+00:00,436.495,434.13,False,long,0.013525437109619842,0.008033993544941609
OIH,1h,state_ext=neutral + state_slope=uptrend + state_vol=high_vol,2026-09-02 16:00:00+00:00,,0.00775471523668636,0.001779770710059303,OIH|1h|rolling|state_ext=neutral + state_slope=uptrend + state_vol=high_vol|2026-09-02 16:00:00+00:00,rolling,432.64,2026-10-07T19:42:29.136867+00:00,435.995,433.41,False,long,0.00775471523668636,0.001779770710059303
OIH,1h,state_ext=neutral + state_slope=uptrend + state_vol=high_vol,2026-09-09 18:00:00+00:00,,-0.02447284789719073,-0.06636665197522551,OIH|1h|rolling|state_ext=neutral + state_slope=uptrend + state_vol=high_vol|2026-09-09 18:00:00+00:00,rolling,431.09,2026-10-07T19:42:29.688541+00:00,420.54,402.48,False,long,-0.02447284789719073,-0.06636665197522551
OIH,1h,state_ext=neutral + state_slope=uptrend + state_vol=high_vol,2026-10-06 13:00:00+00:00,,0.006814091025970859,,OIH|1h|rolling|state_ext=neutral + state_slope=uptrend + state_vol=high_vol|2026-10-06 13:00:00+00:00,rolling,388.9,2026-10-07T19:43:00.064597+00:00,391.55,,True,long,0.006814091025970859,
OIH,1h,state_ext=neutral + state_slope=uptrend + state_vol=high_vol,2026-10-06 14:00:00+00:00,,-0.001555606559049294,,OIH|1h|rolling|state_ext=neutral + state_slope=uptrend + state_vol=high_vol|2026-10-06 14:00:00+00:00,rolling,392.13,2026-10-07T19:43:01.633034+00:00,391.52,,True,long,-0.001555606559049294,
OIH,1h,state_ext=neutral + state_slope=uptrend + state_vol=high_vol,2026-10-06 15:00:00+00:00,,-0.011770707135114522,,OIH|1h|rolling|state_ext=neutral + state_slope=uptrend + state_vol=high_vol|2026-10-06 15:00:00+00:00,rolling,392.075,2026-10-07T19:43:02.662096+00:00,387.46,,True,long,-0.011770707135114522,
OIH,1h,state_ext=neutral + state_slope=uptrend + state_vol=high_vol,2026-10-06 16:00:00+00:00,,-0.028229713877696683,,OIH|1h|rolling|state_ext=neutral + state_slope=uptrend + state_vol=high_vol|2026-10-06 16:00:00+00:00,rolling,392.14,2026-10-07T19:43:05.133136+00:00,381.07,,True,long,-0.028229713877696683,
OIH,1h,state_ext=neutral + state_slope=uptrend + state_vol=high_vol,2026-10-06 17:00:00+00:00,,-0.029397885392885903,,OIH|1h|rolling|state_ext=neutral + state_slope=uptrend + state_vol=high_vol|2026-10-06 17:00:00+00:00,rolling,392.035,2026-10-07T19:43:07.566082+00:00,380.51,,True,long,-0.029397885392885903,
OIH,1h,state_ext=neutral + state_slope=uptrend + state_vol=high_vol,2026-10-06 18:00:00+00:00,,-0.03279274677563537,,OIH|1h|rolling|state_ext=neutral + state_slope=uptrend + state_vol=high_vol|2026-10-06 18:00:00+00:00,rolling,391.55,2026-10-07T19:43:10.280981+00:00,378.71,,True,long,-0.03279274677563537,
OIH,1h,state_ext=neutral + state_slope=uptrend + state_vol=high_vol,2026-10-06 19:00:00+00:00,,-0.03197793216183076,,OIH|1h|rolling|state_ext=neutral + state_slope=uptrend + state_vol=high_vol|2026-10-06 19:00:00+00:00,rolling,391.52,2026-10-07T19:43:19.699658+00:00,379.0,,True,long,-0.03197793216183076,
OIH,1h,state_session=lunch + state_slope=uptrend + state_vol=high_vol,2026-08-31 16:00:00+00:00,,0.0130195411261548,0.0273504879374306,OIH|1h|rolling|state_session=lunch + state_slope=uptrend + state_vol=high_vol|2026-08-31 16:00:00+00:00,rolling,423.21,2026-09-24T21:42:15.028642+00:00,428.72,434.785,False,long,0.0130195411261548,0.0273504879374306
OIH,1h,state_session=lunch + state_slope=uptrend + state_vol=high_vol,2026-08-31 17:00:00+00:00,,0.0048788497173553,0.0136748528135481,OIH|1h|rolling|state_session=lunch + state_slope=uptrend + state_vol=high_vol|2026-08-31 17:00:00+00:00,rolling,426.33,2026-09-24T21:42:15.038739+00:00,428.41,432.16,False,long,0.0048788497173553,0.0136748528135481
OIH,1h,state_session=lunch + state_slope=uptrend + state_vol=high_vol,2026-09-01 16:00:00+00:00,,0.0046890309336069,-0.0080483366770868,OIH|1h|rolling|state_session=lunch + state_slope=uptrend + state_vol=high_vol|2026-09-01 16:00:00+00:00,rolling,428.66,2026-09-24T21:42:18.978721+00:00,430.67,425.21,False,long,0.0046890309336069,-0.0080483366770868
OIH,1h,state_session=lunch + state_slope=uptrend + state_vol=high_vol,2026-09-01 17:00:00+00:00,,0.0169157132850805,-0.0066425402755079,OIH|1h|rolling|state_session=lunch + state_slope=uptrend + state_vol=high_vol|2026-09-01 17:00:00+00:00,rolling,428.3,2026-09-24T21:42:19.019555+00:00,435.545,425.455,False,long,0.0169157132850805,-0.0066425402755079
OIH,1h,state_session=lunch + state_slope=uptrend + state_vol=high_vol,2026-09-02 16:00:00+00:00,,0.0077547152366863,0.0017797707100593,OIH|1h|rolling|state_session=lunch + state_slope=uptrend + state_vol=high_vol|2026-09-02 16:00:00+00:00,rolling,432.64,2026-09-24T21:42:19.203446+00:00,435.995,433.41,False,long,0.0077547152366863,0.0017797707100593
OXY,15m,cross_TLT_state_vol=mid_vol + state_ext=stretched_down,2026-09-16 14:00:00+00:00,,-0.0098830505682754,-0.0173776972492175,OXY|15m|rolling|cross_TLT_state_vol=mid_vol + state_ext=stretched_down|2026-09-16 14:00:00+00:00,rolling,60.71,2026-09-16T20:43:27.627411+00:00,60.11,59.655,False,long,-0.0098830505682754,-0.0173776972492175
OXY,15m,cross_TLT_state_vol=mid_vol + state_ext=stretched_down,2026-09-16 14:15:00+00:00,,-0.0035546003141273,-0.0174423410762999,OXY|15m|rolling|cross_TLT_state_vol=mid_vol + state_ext=stretched_down|2026-09-16 14:15:00+00:00,rolling,60.485,2026-09-16T20:43:27.666074+00:00,60.27,59.43,False,long,-0.0035546003141273,-0.0174423410762999
OXY,15m,cross_TLT_state_vol=mid_vol + state_ext=stretched_down,2026-09-16 15:15:00+00:00,,0.0059865303068096,,OXY|15m|rolling|cross_TLT_state_vol=mid_vol + state_ext=stretched_down|2026-09-16 15:15:00+00:00,rolling,60.135,2026-09-16T20:43:27.703578+00:00,60.495,,True,long,0.0059865303068096,
OXY,15m,cross_TLT_state_vol=mid_vol + state_ext=stretched_down,2026-09-16 16:15:00+00:00,,-0.0011589403973509,,OXY|15m|rolling|cross_TLT_state_vol=mid_vol + state_ext=stretched_down|2026-09-16 16:15:00+00:00,rolling,60.4,2026-09-16T20:43:28.713133+00:00,60.33,,True,long,-0.0011589403973509,
OXY,1h,state_session=morning + state_slope=downtrend + state_vol=mid_vol,2026-08-26 14:00:00+00:00,,0.0003412386964682934,0.0303702439856679,OXY|1h|rolling|state_session=morning + state_slope=downtrend + state_vol=mid_vol|2026-08-26 14:00:00+00:00,rolling,58.61,2026-10-07T19:42:28.486521+00:00,58.63,60.39,False,short,-0.0003412386964682934,-0.0303702439856679
OXY,1h,state_session=morning + state_slope=downtrend + state_vol=mid_vol,2026-08-26 15:00:00+00:00,,-0.009675776608385589,0.01451366491257855,OXY|1h|rolling|state_session=morning + state_slope=downtrend + state_vol=mid_vol|2026-08-26 15:00:00+00:00,rolling,58.91,2026-10-07T19:42:28.516995+00:00,58.34,59.765,False,short,0.009675776608385589,-0.01451366491257855
OXY,1h,state_session=morning + state_slope=downtrend + state_vol=mid_vol,2026-09-21 15:00:00+00:00,,-0.010719888443437298,0.019173784207774158,OXY|1h|rolling|state_session=morning + state_slope=downtrend + state_vol=mid_vol|2026-09-21 15:00:00+00:00,rolling,57.37,2026-10-07T19:42:34.910481+00:00,56.755,58.47,False,short,0.010719888443437298,-0.019173784207774158
OXY,1h,state_session=morning + state_slope=downtrend + state_vol=mid_vol,2026-09-23 13:00:00+00:00,,0.0020942408376964927,-0.0075043630017451735,OXY|1h|rolling|state_session=morning + state_slope=downtrend + state_vol=mid_vol|2026-09-23 13:00:00+00:00,rolling,57.3,2026-10-07T19:42:36.369691+00:00,57.42,56.87,False,short,-0.0020942408376964927,0.0075043630017451735
OXY,1h,state_session=morning + state_slope=downtrend + state_vol=mid_vol,2026-09-23 14:00:00+00:00,,-0.005891526598509889,-0.00979033096517068,OXY|1h|rolling|state_session=morning + state_slope=downtrend + state_vol=mid_vol|2026-09-23 14:00:00+00:00,rolling,57.71,2026-10-07T19:42:36.390251+00:00,57.37,57.145,False,short,0.005891526598509889,0.00979033096517068
OXY,1h,state_session=morning + state_slope=downtrend + state_vol=mid_vol,2026-09-23 15:00:00+00:00,,0.008481176979662441,-0.015318044136737319,OXY|1h|rolling|state_session=morning + state_slope=downtrend + state_vol=mid_vol|2026-09-23 15:00:00+00:00,rolling,57.775,2026-10-07T19:42:36.440838+00:00,58.265,56.89,False,short,-0.008481176979662441,0.015318044136737319
OXY,1h,state_session=morning + state_slope=downtrend + state_vol=mid_vol,2026-09-28 13:00:00+00:00,,-0.01837431096333897,-0.03193630238866052,OXY|1h|rolling|state_session=morning + state_slope=downtrend + state_vol=mid_vol|2026-09-28 13:00:00+00:00,rolling,57.145,2026-10-07T19:42:36.775335+00:00,56.095,55.32,False,short,0.01837431096333897,0.03193630238866052
OXY,1h,state_session=morning + state_slope=downtrend + state_vol=mid_vol,2026-09-28 14:00:00+00:00,,-0.013537271448663901,0.002988748241912642,OXY|1h|rolling|state_session=morning + state_slope=downtrend + state_vol=mid_vol|2026-09-28 14:00:00+00:00,rolling,56.88,2026-10-07T19:42:36.811191+00:00,56.11,57.05,False,short,0.013537271448663901,-0.002988748241912642
PDD,1d,cross_USO_state_slope=downtrend + state_ext=stretched_up,2026-08-07 04:00:00+00:00,,-0.07595903507451107,-0.10407588087868092,PDD|1d|rolling|cross_USO_state_slope=downtrend + state_ext=stretched_up|2026-08-07,rolling,91.76000213623048,2026-10-07T19:42:26.844085+00:00,84.79000091552734,82.20999908447266,False,long,-0.07595903507451107,-0.10407588087868092
PDD,1d,cross_USO_state_slope=downtrend + state_ext=stretched_up,2026-08-10 04:00:00+00:00,,-0.0651612640709005,-0.14247311827956988,PDD|1d|rolling|cross_USO_state_slope=downtrend + state_ext=stretched_up|2026-08-10,rolling,93.0,2026-10-07T19:42:26.880683+00:00,86.94000244140625,79.75,False,long,-0.0651612640709005,-0.14247311827956988
PDD,1d,cross_USO_state_slope=downtrend + state_ext=stretched_up,2026-08-11 04:00:00+00:00,,-0.035690644827995555,-0.13138120872539705,PDD|1d|rolling|cross_USO_state_slope=downtrend + state_ext=stretched_up|2026-08-11,rolling,90.5,2026-10-07T19:42:26.937691+00:00,87.2699966430664,78.61000061035156,False,long,-0.035690644827995555,-0.13138120872539705
PDD,1d,cross_USO_state_slope=downtrend + state_ext=stretched_up,2026-08-12 04:00:00+00:00,,0.013027807960327209,-0.12578621363966758,PDD|1d|rolling|cross_USO_state_slope=downtrend + state_ext=stretched_up|2026-08-12,rolling,89.04000091552734,2026-10-07T19:42:27.088032+00:00,90.19999694824219,77.83999633789062,False,long,0.013027807960327209,-0.12578621363966758
PG,1h,cross_USO_state_slope=downtrend + state_ext=stretched_up,2026-10-06 13:00:00+00:00,,0.0108928026061283,,PG|1h|rolling|cross_USO_state_slope=downtrend + state_ext=stretched_up|2026-10-06 13:00:00+00:00,rolling,147.345,2026-10-06T21:39:34.359952+00:00,148.95,,True,short,-0.0108928026061283,
PG,1h,cross_USO_state_slope=downtrend + state_ext=stretched_up,2026-10-06 14:00:00+00:00,,-0.0003367683707147,,PG|1h|rolling|cross_USO_state_slope=downtrend + state_ext=stretched_up|2026-10-06 14:00:00+00:00,rolling,148.47,2026-10-06T21:39:36.476847+00:00,148.42,,True,short,0.0003367683707147,
PG,1h,cross_USO_state_slope=downtrend + state_ext=stretched_up,2026-10-06 15:00:00+00:00,,,,PG|1h|rolling|cross_USO_state_slope=downtrend + state_ext=stretched_up|2026-10-06 15:00:00+00:00,rolling,149.01,2026-10-06T21:39:39.987771+00:00,,,True,short,,
PG,1h,cross_USO_state_slope=downtrend + state_ext=stretched_up,2026-10-06 16:00:00+00:00,,,,PG|1h|rolling|cross_USO_state_slope=downtrend + state_ext=stretched_up|2026-10-06 16:00:00+00:00,rolling,148.38,2026-10-06T21:39:45.923310+00:00,,,True,short,,
PG,1h,cross_USO_state_slope=downtrend + state_ext=stretched_up,2026-10-06 17:00:00+00:00,,,,PG|1h|rolling|cross_USO_state_slope=downtrend + state_ext=stretched_up|2026-10-06 17:00:00+00:00,rolling,148.66,2026-10-06T21:39:51.865265+00:00,,,True,short,,
PG,1h,cross_USO_state_slope=downtrend + state_ext=stretched_up,2026-10-06 18:00:00+00:00,,,,PG|1h|rolling|cross_USO_state_slope=downtrend + state_ext=stretched_up|2026-10-06 18:00:00+00:00,rolling,148.95,2026-10-06T21:39:57.473237+00:00,,,True,short,,
PG,1h,cross_USO_state_slope=downtrend + state_ext=stretched_up,2026-10-06 19:00:00+00:00,,,,PG|1h|rolling|cross_USO_state_slope=downtrend + state_ext=stretched_up|2026-10-06 19:00:00+00:00,rolling,148.42,2026-10-06T21:40:11.449585+00:00,,,True,short,,
PLTR,15m,cross_TLT_state_vol=high_vol + state_ext=stretched_up,2026-08-13 14:00:00+00:00,,-0.0152035172315984,0.0138420082257835,PLTR|15m|rolling|cross_TLT_state_vol=high_vol + state_ext=stretched_up|2026-08-13 14:00:00+00:00,rolling,176.275,2026-09-17T21:42:37.940773+00:00,173.595,178.715,False,long,-0.0152035172315984,0.0138420082257835
PLTR,15m,cross_TLT_state_vol=high_vol + state_ext=stretched_up,2026-08-13 14:15:00+00:00,,-0.0073763050385837,0.0139014979573308,PLTR|15m|rolling|cross_TLT_state_vol=high_vol + state_ext=stretched_up|2026-08-13 14:15:00+00:00,rolling,176.24,2026-09-17T21:42:37.978948+00:00,174.94,178.69,False,long,-0.0073763050385837,0.0139014979573308
PLTR,15m,cross_TLT_state_vol=high_vol + state_ext=stretched_up,2026-09-03 16:00:00+00:00,,-0.0049809471965159,-0.0407457811649427,PLTR|15m|rolling|cross_TLT_state_vol=high_vol + state_ext=stretched_up|2026-09-03 16:00:00+00:00,rolling,183.7,2026-09-17T21:42:57.741831+00:00,182.785,176.215,False,long,-0.0049809471965159,-0.0407457811649427
PLTR,15m,cross_TLT_state_vol=high_vol + state_ext=stretched_up,2026-09-03 17:00:00+00:00,,-0.0012017917622637,-0.0409155468152518,PLTR|15m|rolling|cross_TLT_state_vol=high_vol + state_ext=stretched_up|2026-09-03 17:00:00+00:00,rolling,183.06,2026-09-17T21:42:57.770196+00:00,182.84,175.57,False,long,-0.0012017917622637,-0.0409155468152518
PLTR,15m,cross_TLT_state_vol=high_vol + state_ext=stretched_up,2026-09-15 17:00:00+00:00,,-0.0007692088544485,-0.0221930999116832,PLTR|15m|rolling|cross_TLT_state_vol=high_vol + state_ext=stretched_up|2026-09-15 17:00:00+00:00,rolling,175.505,2026-09-17T21:43:10.537591+00:00,175.37,171.61,False,long,-0.0007692088544485,-0.0221930999116832
PLTR,15m,cross_TLT_state_vol=high_vol + state_ext=stretched_up,2026-09-15 17:15:00+00:00,,-0.0059875141884221,-0.0271850170261066,PLTR|15m|rolling|cross_TLT_state_vol=high_vol + state_ext=stretched_up|2026-09-15 17:15:00+00:00,rolling,176.2,2026-09-17T21:43:11.198070+00:00,175.145,171.41,False,long,-0.0059875141884221,-0.0271850170261066
PLTR,15m,cross_TLT_state_vol=high_vol + state_ext=stretched_up,2026-09-17 14:00:00+00:00,,0.0050068274920345,-0.002617205279927,PLTR|15m|rolling|cross_TLT_state_vol=high_vol + state_ext=stretched_up|2026-09-17 14:00:00+00:00,rolling,175.76,2026-09-17T21:43:22.396562+00:00,176.64,175.3,False,long,0.0050068274920345,-0.002617205279927
PLTR,15m,cross_TLT_state_vol=high_vol + state_ext=stretched_up,2026-09-17 14:15:00+00:00,,0.0035677879714577,-0.0028882093102278,PLTR|15m|rolling|cross_TLT_state_vol=high_vol + state_ext=stretched_up|2026-09-17 14:15:00+00:00,rolling,176.58,2026-09-17T21:43:23.079978+00:00,177.21,176.07,False,long,0.0035677879714577,-0.0028882093102278
PLTR,1h,cross_USO_state_ext=neutral + cross_TLT_state_slope=downtrend + state_ext=neutral,2026-08-14 19:00:00+00:00,,-0.0021261923916791,0.0030743592690494,PLTR|1h|rolling|cross_USO_state_ext=neutral + cross_TLT_state_slope=downtrend + state_ext=neutral|2026-08-14 19:00:00+00:00,rolling,174.02,2026-09-29T21:38:01.630076+00:00,173.65,174.555,False,long,-0.0021261923916791,0.0030743592690494
PLTR,1h,cross_USO_state_ext=neutral + cross_TLT_state_slope=downtrend + state_ext=neutral,2026-08-17 13:00:00+00:00,,-0.0055000143229538,0.003867197570827,PLTR|1h|rolling|cross_USO_state_ext=neutral + cross_TLT_state_slope=downtrend + state_ext=neutral|2026-08-17 13:00:00+00:00,rolling,174.545,2026-09-29T21:38:01.641256+00:00,173.585,175.22,False,long,-0.0055000143229538,0.003867197570827
PLTR,1h,cross_USO_state_ext=neutral + cross_TLT_state_slope=downtrend + state_ext=neutral,2026-08-17 14:00:00+00:00,,-0.0125622388828477,0.003891718651634,PLTR|1h|rolling|cross_USO_state_ext=neutral + cross_TLT_state_slope=downtrend + state_ext=neutral|2026-08-17 14:00:00+00:00,rolling,174.73,2026-09-29T21:38:01.698138+00:00,172.535,175.41,False,long,-0.0125622388828477,0.003891718651634
PLTR,1h,cross_USO_state_ext=neutral + cross_TLT_state_slope=downtrend + state_ext=neutral,2026-08-17 15:00:00+00:00,,-0.0086030082041933,-0.0013958523245214,PLTR|1h|rolling|cross_USO_state_ext=neutral + cross_TLT_state_slope=downtrend + state_ext=neutral|2026-08-17 15:00:00+00:00,rolling,175.52,2026-09-29T21:38:01.709578+00:00,174.01,175.275,False,long,-0.0086030082041933,-0.0013958523245214
PLTR,1h,cross_USO_state_ext=neutral + cross_TLT_state_slope=downtrend + state_ext=neutral,2026-08-17 16:00:00+00:00,,-0.0120502717782059,0.0049754105432688,PLTR|1h|rolling|cross_USO_state_ext=neutral + cross_TLT_state_slope=downtrend + state_ext=neutral|2026-08-17 16:00:00+00:00,rolling,173.855,2026-09-29T21:38:01.722052+00:00,171.76,174.72,False,long,-0.0120502717782059,0.0049754105432688
PLTR,1h,cross_USO_state_ext=neutral + cross_TLT_state_slope=downtrend + state_ext=neutral,2026-08-24 13:00:00+00:00,,0.0099988572734543,0.0141126728373899,PLTR|1h|rolling|cross_USO_state_ext=neutral + cross_TLT_state_slope=downtrend + state_ext=neutral|2026-08-24 13:00:00+00:00,rolling,175.02,2026-09-29T21:38:02.498593+00:00,176.77,177.49,False,long,0.0099988572734543,0.0141126728373899
PLTR,1h,cross_USO_state_ext=neutral + cross_TLT_state_slope=downtrend + state_ext=neutral,2026-08-24 14:00:00+00:00,,-0.0054283290924512,0.0415040995193667,PLTR|1h|rolling|cross_USO_state_ext=neutral + cross_TLT_state_slope=downtrend + state_ext=neutral|2026-08-24 14:00:00+00:00,rolling,176.85,2026-09-29T21:38:02.531157+00:00,175.89,184.19,False,long,-0.0054283290924512,0.0415040995193667
PLTR,1h,cross_USO_state_ext=neutral + cross_TLT_state_slope=downtrend + state_ext=neutral,2026-08-24 15:00:00+00:00,,0.0049158096960109,0.0446378121821675,PLTR|1h|rolling|cross_USO_state_ext=neutral + cross_TLT_state_slope=downtrend + state_ext=neutral|2026-08-24 15:00:00+00:00,rolling,176.98,2026-09-29T21:38:02.543335+00:00,177.85,184.88,False,long,0.0049158096960109,0.0446378121821675
PLTR,1h,cross_USO_state_ext=neutral + cross_TLT_state_slope=downtrend + state_ext=neutral,2026-09-11 19:00:00+00:00,,0.0354249499267587,0.0317778242802906,PLTR|1h|rolling|cross_USO_state_ext=neutral + cross_TLT_state_slope=downtrend + state_ext=neutral|2026-09-11 19:00:00+00:00,rolling,167.255,2026-09-29T21:38:08.874393+00:00,173.18,172.57,False,long,0.0354249499267587,0.0317778242802906
PLTR,1h,cross_USO_state_ext=neutral + cross_TLT_state_slope=downtrend + state_ext=neutral,2026-09-25 16:00:00+00:00,,-0.0219039155209367,,PLTR|1h|rolling|cross_USO_state_ext=neutral + cross_TLT_state_slope=downtrend + state_ext=neutral|2026-09-25 16:00:00+00:00,rolling,191.29,2026-09-29T21:38:17.132031+00:00,187.1,,True,long,-0.0219039155209367,
PLTR,1h,cross_USO_state_ext=neutral + cross_TLT_state_slope=downtrend + state_ext=neutral,2026-09-25 17:00:00+00:00,,-0.0175639756084848,,PLTR|1h|rolling|cross_USO_state_ext=neutral + cross_TLT_state_slope=downtrend + state_ext=neutral|2026-09-25 17:00:00+00:00,rolling,191.87,2026-09-29T21:38:17.375536+00:00,188.5,,True,long,-0.0175639756084848,
PLTR,1h,cross_USO_state_ext=neutral + cross_TLT_state_slope=downtrend + state_ext=neutral,2026-09-25 18:00:00+00:00,,-0.0127125294271515,,PLTR|1h|rolling|cross_USO_state_ext=neutral + cross_TLT_state_slope=downtrend + state_ext=neutral|2026-09-25 18:00:00+00:00,rolling,191.15,2026-09-29T21:38:17.723633+00:00,188.72,,True,long,-0.0127125294271515,
PLTR,1h,cross_USO_state_ext=neutral + cross_TLT_state_slope=downtrend + state_ext=neutral,2026-09-25 19:00:00+00:00,,-0.00640721404841,,PLTR|1h|rolling|cross_USO_state_ext=neutral + cross_TLT_state_slope=downtrend + state_ext=neutral|2026-09-25 19:00:00+00:00,rolling,189.63,2026-09-29T21:38:18.412688+00:00,188.415,,True,long,-0.00640721404841,
PLTR,1h,cross_USO_state_ext=neutral + cross_TLT_state_slope=downtrend + state_ext=neutral,2026-09-28 13:00:00+00:00,,-0.0028550280215712,,PLTR|1h|rolling|cross_USO_state_ext=neutral + cross_TLT_state_slope=downtrend + state_ext=neutral|2026-09-28 13:00:00+00:00,rolling,189.14,2026-09-29T21:38:19.132035+00:00,188.6,,True,long,-0.0028550280215712,
PLTR,1h,cross_USO_state_ext=neutral + cross_TLT_state_slope=downtrend + state_ext=neutral,2026-09-28 16:00:00+00:00,,-0.016532428995337,,PLTR|1h|rolling|cross_USO_state_ext=neutral + cross_TLT_state_slope=downtrend + state_ext=neutral|2026-09-28 16:00:00+00:00,rolling,188.72,2026-09-29T21:38:20.205684+00:00,185.6,,True,long,-0.016532428995337,
PLTR,1h,cross_USO_state_ext=neutral + cross_TLT_state_slope=downtrend + state_ext=neutral,2026-09-28 17:00:00+00:00,,-0.0170382502113271,,PLTR|1h|rolling|cross_USO_state_ext=neutral + cross_TLT_state_slope=downtrend + state_ext=neutral|2026-09-28 17:00:00+00:00,rolling,189.28,2026-09-29T21:38:20.865085+00:00,186.055,,True,long,-0.0170382502113271,
PLTR,1h,cross_USO_state_ext=neutral + cross_TLT_state_slope=downtrend + state_ext=neutral,2026-09-28 18:00:00+00:00,,-0.0144220572640508,,PLTR|1h|rolling|cross_USO_state_ext=neutral + cross_TLT_state_slope=downtrend + state_ext=neutral|2026-09-28 18:00:00+00:00,rolling,188.6,2026-09-29T21:38:21.923477+00:00,185.88,,True,long,-0.0144220572640508,
PLTR,1h,cross_USO_state_ext=neutral + cross_TLT_state_slope=downtrend + state_ext=neutral,2026-09-28 19:00:00+00:00,,-0.0150709691138164,,PLTR|1h|rolling|cross_USO_state_ext=neutral + cross_TLT_state_slope=downtrend + state_ext=neutral|2026-09-28 19:00:00+00:00,rolling,188.11,2026-09-29T21:38:22.984150+00:00,185.275,,True,long,-0.0150709691138164,
PM,1d,state_volume=vol_normal + state_ext=stretched_down + state_slope=downtrend,2026-08-17 04:00:00+00:00,,,,PM|1d|rolling|state_volume=vol_normal + state_ext=stretched_down + state_slope=downtrend|2026-08-17,rolling,184.5200042724609,2026-08-20T21:32:58.310563+00:00,,,True,long,,
PM,1h,cross_USO_state_ext=neutral + cross_TLT_state_slope=downtrend + state_ext=neutral,2026-09-30 13:00:00+00:00,,-0.0067270375161708,,PM|1h|rolling|cross_USO_state_ext=neutral + cross_TLT_state_slope=downtrend + state_ext=neutral|2026-09-30 13:00:00+00:00,rolling,193.25,2026-09-30T21:31:47.227721+00:00,191.95,,True,long,-0.0067270375161708,
PM,1h,cross_USO_state_ext=neutral + cross_TLT_state_slope=downtrend + state_ext=neutral,2026-09-30 14:00:00+00:00,,-0.0093879668049792,,PM|1h|rolling|cross_USO_state_ext=neutral + cross_TLT_state_slope=downtrend + state_ext=neutral|2026-09-30 14:00:00+00:00,rolling,192.8,2026-09-30T21:31:51.779765+00:00,190.99,,True,long,-0.0093879668049792,
PM,1h,cross_USO_state_ext=neutral + cross_TLT_state_slope=downtrend + state_ext=neutral,2026-09-30 15:00:00+00:00,,,,PM|1h|rolling|cross_USO_state_ext=neutral + cross_TLT_state_slope=downtrend + state_ext=neutral|2026-09-30 15:00:00+00:00,rolling,192.04,2026-09-30T21:31:58.197902+00:00,,,True,long,,
PM,1h,cross_USO_state_ext=neutral + cross_TLT_state_slope=downtrend + state_ext=neutral,2026-09-30 16:00:00+00:00,,,,PM|1h|rolling|cross_USO_state_ext=neutral + cross_TLT_state_slope=downtrend + state_ext=neutral|2026-09-30 16:00:00+00:00,rolling,192.835,2026-09-30T21:31:59.636823+00:00,,,True,long,,
PM,1h,cross_USO_state_ext=neutral + cross_TLT_state_slope=downtrend + state_ext=neutral,2026-09-30 17:00:00+00:00,,,,PM|1h|rolling|cross_USO_state_ext=neutral + cross_TLT_state_slope=downtrend + state_ext=neutral|2026-09-30 17:00:00+00:00,rolling,192.53,2026-09-30T21:32:10.148099+00:00,,,True,long,,
PM,1h,cross_USO_state_ext=neutral + cross_TLT_state_slope=downtrend + state_ext=neutral,2026-09-30 18:00:00+00:00,,,,PM|1h|rolling|cross_USO_state_ext=neutral + cross_TLT_state_slope=downtrend + state_ext=neutral|2026-09-30 18:00:00+00:00,rolling,191.95,2026-09-30T21:32:16.240362+00:00,,,True,long,,
PM,1h,cross_USO_state_ext=neutral + cross_TLT_state_slope=downtrend + state_ext=neutral,2026-09-30 19:00:00+00:00,,,,PM|1h|rolling|cross_USO_state_ext=neutral + cross_TLT_state_slope=downtrend + state_ext=neutral|2026-09-30 19:00:00+00:00,rolling,190.99,2026-09-30T21:32:27.306993+00:00,,,True,long,,
PM,1h,cross_USO_state_ext=stretched_down + cross_TLT_state_slope=downtrend + state_ext=neutral,2026-08-24 15:00:00+00:00,,-0.012248605164136617,-0.006461658232775447,PM|1h|rolling|cross_USO_state_ext=stretched_down + cross_TLT_state_slope=downtrend + state_ext=neutral|2026-08-24 15:00:00+00:00,rolling,192.675,2026-10-07T19:42:27.983271+00:00,190.315,191.43,False,long,-0.012248605164136617,-0.006461658232775447
PM,1h,cross_USO_state_ext=stretched_down + cross_TLT_state_slope=downtrend + state_ext=neutral,2026-09-29 13:00:00+00:00,,0.005074689012647626,-0.028886643975435167,PM|1h|rolling|cross_USO_state_ext=stretched_down + cross_TLT_state_slope=downtrend + state_ext=neutral|2026-09-29 13:00:00+00:00,rolling,192.13,2026-10-07T19:42:36.881338+00:00,193.105,186.58000909299963,False,long,0.005074689012647626,-0.028886643975435167
PM,1h,cross_USO_state_ext=stretched_down + cross_TLT_state_slope=downtrend + state_ext=neutral,2026-09-29 14:00:00+00:00,,0.012874751906403414,-0.01603468087328952,PM|1h|rolling|cross_USO_state_ext=stretched_down + cross_TLT_state_slope=downtrend + state_ext=neutral|2026-09-29 14:00:00+00:00,rolling,191.46,2026-10-07T19:42:36.901826+00:00,193.925,188.39,False,long,0.012874751906403414,-0.01603468087328952
PM,1h,cross_USO_state_ext=stretched_down + cross_TLT_state_slope=downtrend + state_ext=neutral,2026-09-29 15:00:00+00:00,,-0.004949612595139374,-0.021733485666805108,PM|1h|rolling|cross_USO_state_ext=stretched_down + cross_TLT_state_slope=downtrend + state_ext=neutral|2026-09-29 15:00:00+00:00,rolling,192.56,2026-10-07T19:42:36.922096+00:00,191.60690259867997,188.375,False,long,-0.004949612595139374,-0.021733485666805108
PM,1h,cross_USO_state_ext=stretched_down + cross_TLT_state_slope=downtrend + state_ext=neutral,2026-09-29 16:00:00+00:00,,-0.008039392357900965,-0.02968190545379068,PM|1h|rolling|cross_USO_state_ext=stretched_down + cross_TLT_state_slope=downtrend + state_ext=neutral|2026-09-29 16:00:00+00:00,rolling,192.71,2026-10-07T19:42:36.942293+00:00,191.1607286987089,186.99,False,long,-0.008039392357900965,-0.02968190545379068
PM,1h,cross_USO_state_ext=stretched_down + cross_TLT_state_slope=downtrend + state_ext=neutral,2026-09-29 17:00:00+00:00,,-0.012333996127626312,-0.029385066265528947,PM|1h|rolling|cross_USO_state_ext=stretched_down + cross_TLT_state_slope=downtrend + state_ext=neutral|2026-09-29 17:00:00+00:00,rolling,192.785,2026-10-07T19:42:36.962338+00:00,190.40719055653557,187.12,False,long,-0.012333996127626312,-0.029385066265528947
PM,1h,cross_USO_state_ext=stretched_down + cross_TLT_state_slope=downtrend + state_ext=neutral,2026-09-29 18:00:00+00:00,,-0.009888759415079273,-0.030216721472773767,PM|1h|rolling|cross_USO_state_ext=stretched_down + cross_TLT_state_slope=downtrend + state_ext=neutral|2026-09-29 18:00:00+00:00,rolling,193.105,2026-10-07T19:42:36.972676+00:00,191.1954311131511,187.27,False,long,-0.009888759415079273,-0.030216721472773767
PM,1h,cross_USO_state_ext=stretched_down + cross_TLT_state_slope=downtrend + state_ext=neutral,2026-09-29 19:00:00+00:00,,-0.015634784794501644,-0.03256413561944049,PM|1h|rolling|cross_USO_state_ext=stretched_down + cross_TLT_state_slope=downtrend + state_ext=neutral|2026-09-29 19:00:00+00:00,rolling,193.925,2026-10-07T19:42:36.993259+00:00,190.89302435872628,187.61,False,long,-0.015634784794501644,-0.03256413561944049
PM,1h,cross_USO_state_ext=stretched_down + cross_TLT_state_slope=downtrend + state_ext=neutral,2026-10-05 18:00:00+00:00,,0.01211896697713799,,PM|1h|rolling|cross_USO_state_ext=stretched_down + cross_TLT_state_slope=downtrend + state_ext=neutral|2026-10-05 18:00:00+00:00,rolling,188.96,2026-10-07T19:42:57.818424+00:00,191.25,,True,long,0.01211896697713799,
PM,1h,cross_USO_state_ext=stretched_down + cross_TLT_state_slope=downtrend + state_ext=neutral,2026-10-05 19:00:00+00:00,,0.00511576393650115,,PM|1h|rolling|cross_USO_state_ext=stretched_down + cross_TLT_state_slope=downtrend + state_ext=neutral|2026-10-05 19:00:00+00:00,rolling,189.61,2026-10-07T19:42:58.456223+00:00,190.58,,True,long,0.00511576393650115,
PM,1h,cross_USO_state_ext=stretched_down + cross_TLT_state_slope=downtrend + state_ext=neutral,2026-10-06 13:00:00+00:00,,-0.004142197986577112,,PM|1h|rolling|cross_USO_state_ext=stretched_down + cross_TLT_state_slope=downtrend + state_ext=neutral|2026-10-06 13:00:00+00:00,rolling,190.72,2026-10-07T19:43:00.213787+00:00,189.93,,True,long,-0.004142197986577112,
PM,1h,cross_USO_state_ext=stretched_down + cross_TLT_state_slope=downtrend + state_ext=neutral,2026-10-06 14:00:00+00:00,,-0.0012062726176115257,,PM|1h|rolling|cross_USO_state_ext=stretched_down + cross_TLT_state_slope=downtrend + state_ext=neutral|2026-10-06 14:00:00+00:00,rolling,190.67,2026-10-07T19:43:00.944077+00:00,190.44,,True,long,-0.0012062726176115257,
PM,1h,cross_USO_state_ext=stretched_down + cross_TLT_state_slope=downtrend + state_ext=neutral,2026-10-06 15:00:00+00:00,,-0.0036337969256509117,,PM|1h|rolling|cross_USO_state_ext=stretched_down + cross_TLT_state_slope=downtrend + state_ext=neutral|2026-10-06 15:00:00+00:00,rolling,191.26,2026-10-07T19:43:03.040849+00:00,190.565,,True,long,-0.0036337969256509117,
PM,1h,state_volume=vol_normal + state_ext=stretched_up,2026-08-13 13:00:00+00:00,,-0.014979608909338,-0.0354491268430409,PM|1h|rolling|state_volume=vol_normal + state_ext=stretched_up|2026-08-13 13:00:00+00:00,rolling,191.26,2026-08-19T21:31:31.083881+00:00,188.395,184.48,False,long,-0.014979608909338,-0.0354491268430409
PM,1h,state_volume=vol_normal + state_ext=stretched_up,2026-08-13 14:00:00+00:00,,-0.007826452358441,-0.019618657421998,PM|1h|rolling|state_volume=vol_normal + state_ext=stretched_up|2026-08-13 14:00:00+00:00,rolling,190.38,2026-08-19T21:31:31.221918+00:00,188.89,186.645,False,long,-0.007826452358441,-0.019618657421998
PM,1h,state_volume=vol_normal + state_ext=stretched_up + state_slope=uptrend,2026-08-20 15:00:00+00:00,,,,PM|1h|rolling|state_volume=vol_normal + state_ext=stretched_up + state_slope=uptrend|2026-08-20 15:00:00+00:00,rolling,193.44,2026-08-20T21:33:24.971640+00:00,,,True,long,,
PM,1h,state_volume=vol_normal + state_ext=stretched_up + state_slope=uptrend,2026-08-20 16:00:00+00:00,,,,PM|1h|rolling|state_volume=vol_normal + state_ext=stretched_up + state_slope=uptrend|2026-08-20 16:00:00+00:00,rolling,193.54,2026-08-20T21:33:33.682242+00:00,,,True,long,,
PM,1h,state_volume=vol_normal + state_ext=stretched_up + state_slope=uptrend,2026-08-20 17:00:00+00:00,,,,PM|1h|rolling|state_volume=vol_normal + state_ext=stretched_up + state_slope=uptrend|2026-08-20 17:00:00+00:00,rolling,193.495,2026-08-20T21:33:37.541080+00:00,,,True,long,,
PSX,15m,state_ext=stretched_down + state_ret_1=ret_down,2026-09-21 19:15:00+00:00,,-0.00582501874387209,-0.0010573466366763373,PSX|15m|rolling|state_ext=stretched_down + state_ret_1=ret_down|2026-09-21 19:15:00+00:00,rolling,260.085,2026-10-07T19:42:34.984730+00:00,258.57,259.81,False,long,-0.00582501874387209,-0.0010573466366763373
PSX,15m,state_ext=stretched_down + state_ret_1=ret_down,2026-09-21 19:30:00+00:00,,0.003080655409438471,0.003407975046691103,PSX|15m|rolling|state_ext=stretched_down + state_ret_1=ret_down|2026-09-21 19:30:00+00:00,rolling,259.685,2026-10-07T19:42:35.765965+00:00,260.485,260.57,False,long,0.003080655409438471,0.003407975046691103
PSX,15m,state_ext=stretched_down + state_ret_1=ret_down,2026-09-23 17:15:00+00:00,,0.0058706862356208145,0.04256247520825074,PSX|15m|rolling|state_ext=stretched_down + state_ret_1=ret_down|2026-09-23 17:15:00+00:00,rolling,252.1,2026-10-07T19:42:36.489401+00:00,253.58,262.83,False,long,0.0058706862356208145,0.04256247520825074
PSX,15m,state_ext=stretched_down + state_ret_1=ret_down,2026-09-24 19:45:00+00:00,,-0.013306498886240026,-0.01246629411075073,PSX|15m|rolling|state_ext=stretched_down + state_ret_1=ret_down|2026-09-24 19:45:00+00:00,rolling,255.89,2026-10-07T19:42:36.701994+00:00,252.485,252.7,False,long,-0.013306498886240026,-0.01246629411075073
PSX,15m,state_ext=stretched_down + state_ret_1=ret_down,2026-10-02 14:00:00+00:00,,0.019099830267085505,0.036580369510505806,PSX|15m|rolling|state_ext=stretched_down + state_ret_1=ret_down|2026-10-02 14:00:00+00:00,rolling,256.285,2026-10-07T19:42:45.391806+00:00,261.18,265.66,False,long,0.019099830267085505,0.036580369510505806
PSX,15m,state_ext=stretched_down + state_ret_5=ret_down,2026-08-20 19:00:00+00:00,,0.007845993756503633,0.010385015608740833,PSX|15m|rolling|state_ext=stretched_down + state_ret_5=ret_down|2026-08-20 19:00:00+00:00,rolling,240.25,2026-10-07T19:42:27.699158+00:00,242.135,242.745,False,long,0.007845993756503633,0.010385015608740833
PSX,15m,state_ext=stretched_down + state_ret_5=ret_down,2026-09-21 19:15:00+00:00,,-0.00582501874387209,-0.0010573466366763373,PSX|15m|rolling|state_ext=stretched_down + state_ret_5=ret_down|2026-09-21 19:15:00+00:00,rolling,260.085,2026-10-07T19:42:35.002613+00:00,258.57,259.81,False,long,-0.00582501874387209,-0.0010573466366763373
PSX,15m,state_ext=stretched_down + state_ret_5=ret_down,2026-09-21 19:30:00+00:00,,0.003080655409438471,0.003407975046691103,PSX|15m|rolling|state_ext=stretched_down + state_ret_5=ret_down|2026-09-21 19:30:00+00:00,rolling,259.685,2026-10-07T19:42:35.784357+00:00,260.485,260.57,False,long,0.003080655409438471,0.003407975046691103
PSX,15m,state_ext=stretched_down + state_ret_5=ret_down,2026-09-23 17:15:00+00:00,,0.0058706862356208145,0.04256247520825074,PSX|15m|rolling|state_ext=stretched_down + state_ret_5=ret_down|2026-09-23 17:15:00+00:00,rolling,252.1,2026-10-07T19:42:36.507574+00:00,253.58,262.83,False,long,0.0058706862356208145,0.04256247520825074
PSX,15m,state_ext=stretched_down + state_ret_5=ret_down,2026-09-24 19:45:00+00:00,,-0.013306498886240026,-0.01246629411075073,PSX|15m|rolling|state_ext=stretched_down + state_ret_5=ret_down|2026-09-24 19:45:00+00:00,rolling,255.89,2026-10-07T19:42:36.720382+00:00,252.485,252.7,False,long,-0.013306498886240026,-0.01246629411075073
PSX,15m,state_ext=stretched_down + state_ret_5=ret_down,2026-10-02 14:00:00+00:00,,0.019099830267085505,0.036580369510505806,PSX|15m|rolling|state_ext=stretched_down + state_ret_5=ret_down|2026-10-02 14:00:00+00:00,rolling,256.285,2026-10-07T19:42:45.373598+00:00,261.18,265.66,False,long,0.019099830267085505,0.036580369510505806
PSX,15m,state_ext=stretched_down + state_ret_5=ret_down,2026-10-02 14:15:00+00:00,,0.026281976404625595,0.03206401121364322,PSX|15m|rolling|state_ext=stretched_down + state_ret_5=ret_down|2026-10-02 14:15:00+00:00,rolling,256.83,2026-10-07T19:42:45.701662+00:00,263.58,265.065,False,long,0.026281976404625595,0.03206401121364322
PSX,15m,state_ext=stretched_down + state_vol=high_vol,2026-09-21 19:15:00+00:00,,-0.00582501874387209,-0.0010573466366763373,PSX|15m|rolling|state_ext=stretched_down + state_vol=high_vol|2026-09-21 19:15:00+00:00,rolling,260.085,2026-10-07T19:42:34.966436+00:00,258.57,259.81,False,long,-0.00582501874387209,-0.0010573466366763373
PSX,15m,state_ext=stretched_down + state_vol=high_vol,2026-09-21 19:30:00+00:00,,0.003080655409438471,0.003407975046691103,PSX|15m|rolling|state_ext=stretched_down + state_vol=high_vol|2026-09-21 19:30:00+00:00,rolling,259.685,2026-10-07T19:42:35.747864+00:00,260.485,260.57,False,long,0.003080655409438471,0.003407975046691103
PSX,15m,state_ext=stretched_down + state_vol=high_vol,2026-09-23 17:15:00+00:00,,0.0058706862356208145,0.04256247520825074,PSX|15m|rolling|state_ext=stretched_down + state_vol=high_vol|2026-09-23 17:15:00+00:00,rolling,252.1,2026-10-07T19:42:36.471189+00:00,253.58,262.83,False,long,0.0058706862356208145,0.04256247520825074
PSX,15m,state_ext=stretched_down + state_vol=high_vol,2026-09-24 19:45:00+00:00,,-0.013306498886240026,-0.01246629411075073,PSX|15m|rolling|state_ext=stretched_down + state_vol=high_vol|2026-09-24 19:45:00+00:00,rolling,255.89,2026-10-07T19:42:36.683399+00:00,252.485,252.7,False,long,-0.013306498886240026,-0.01246629411075073
PSX,15m,state_ext=stretched_down + state_vol=high_vol,2026-10-02 14:00:00+00:00,,0.019099830267085505,0.036580369510505806,PSX|15m|rolling|state_ext=stretched_down + state_vol=high_vol|2026-10-02 14:00:00+00:00,rolling,256.285,2026-10-07T19:42:45.355529+00:00,261.18,265.66,False,long,0.019099830267085505,0.036580369510505806
PSX,15m,state_ext=stretched_down + state_vol=high_vol,2026-10-02 14:15:00+00:00,,0.026281976404625595,0.03206401121364322,PSX|15m|rolling|state_ext=stretched_down + state_vol=high_vol|2026-10-02 14:15:00+00:00,rolling,256.83,2026-10-07T19:42:45.683006+00:00,263.58,265.065,False,long,0.026281976404625595,0.03206401121364322
PSX,15m,state_gap_open=gap_open_flat + state_ext=stretched_down,2026-08-20 19:00:00+00:00,,0.0078459937565036,0.0103850156087408,PSX|15m|rolling|state_gap_open=gap_open_flat + state_ext=stretched_down|2026-08-20 19:00:00+00:00,rolling,240.25,2026-08-31T21:44:11.121958+00:00,242.135,242.745,False,long,0.0078459937565036,0.0103850156087408
PSX,15m,state_session=morning + state_ext=stretched_down,2026-10-02 14:00:00+00:00,,0.019099830267085505,0.036580369510505806,PSX|15m|rolling|state_session=morning + state_ext=stretched_down|2026-10-02 14:00:00+00:00,rolling,256.285,2026-10-07T19:42:45.337217+00:00,261.18,265.66,False,long,0.019099830267085505,0.036580369510505806
PSX,15m,state_session=morning + state_ext=stretched_down,2026-10-02 14:15:00+00:00,,0.026281976404625595,0.03206401121364322,PSX|15m|rolling|state_session=morning + state_ext=stretched_down|2026-10-02 14:15:00+00:00,rolling,256.83,2026-10-07T19:42:45.664668+00:00,263.58,265.065,False,long,0.026281976404625595,0.03206401121364322
PSX,1h,state_ext=stretched_up + state_slope=uptrend + state_vol=low_vol,2026-08-12 19:00:00+00:00,,0.0189553496208929,0.0568215924845634,PSX|1h|rolling|state_ext=stretched_up + state_slope=uptrend + state_vol=low_vol|2026-08-12 19:00:00+00:00,rolling,225.53,2026-08-19T21:31:29.618230+00:00,229.805,238.3449737530436,False,short,-0.0189553496208929,-0.0568215924845634
PSX,1h,state_ext=stretched_up + state_slope=uptrend + state_vol=low_vol,2026-08-13 14:00:00+00:00,,0.0277434175649406,0.0617158508570419,PSX|1h|rolling|state_ext=stretched_up + state_slope=uptrend + state_vol=low_vol|2026-08-13 14:00:00+00:00,rolling,226.36,2026-08-19T21:31:31.105503+00:00,232.64,240.33,False,short,-0.0277434175649406,-0.0617158508570419
PSX,1h,state_ext=stretched_up + state_slope=uptrend + state_vol=low_vol,2026-08-14 13:00:00+00:00,,-0.008482905982906,0.040491452991453,PSX|1h|rolling|state_ext=stretched_up + state_slope=uptrend + state_vol=low_vol|2026-08-14 13:00:00+00:00,rolling,234.0,2026-08-19T21:31:35.390079+00:00,232.015,243.475,False,short,0.008482905982906,-0.040491452991453
PSX,1h,state_ext=stretched_up + state_slope=uptrend + state_vol=low_vol,2026-08-14 14:00:00+00:00,,-0.0005989176702102,0.0380312720583517,PSX|1h|rolling|state_ext=stretched_up + state_slope=uptrend + state_vol=low_vol|2026-08-14 14:00:00+00:00,rolling,233.755,2026-08-19T21:31:35.450688+00:00,233.615,242.645,False,short,0.0005989176702102,-0.0380312720583517
PSX,1h,state_ext=stretched_up + state_slope=uptrend + state_vol=low_vol,2026-08-14 15:00:00+00:00,,0.0117304412558931,0.0392362748039256,PSX|1h|rolling|state_ext=stretched_up + state_slope=uptrend + state_vol=low_vol|2026-08-14 15:00:00+00:00,rolling,233.33,2026-08-19T21:31:35.514971+00:00,236.0670638582376,242.485,False,short,-0.0117304412558931,-0.0392362748039256
PSX,1h,state_ext=stretched_up + state_slope=uptrend + state_vol=low_vol,2026-08-14 16:00:00+00:00,,0.0213165952296177,0.0456815637647465,PSX|1h|rolling|state_ext=stretched_up + state_slope=uptrend + state_vol=low_vol|2026-08-14 16:00:00+00:00,rolling,232.26,2026-08-19T21:31:35.529272+00:00,237.210992408031,242.87,False,short,-0.0213165952296177,-0.0456815637647465
PSX,1h,state_ext=stretched_up + state_slope=uptrend + state_vol=low_vol,2026-08-14 17:00:00+00:00,,0.0244379129408245,0.0441239776151527,PSX|1h|rolling|state_ext=stretched_up + state_slope=uptrend + state_vol=low_vol|2026-08-14 17:00:00+00:00,rolling,232.3,2026-08-19T21:31:35.556073+00:00,237.9769271761536,242.55,False,short,-0.0244379129408245,-0.0441239776151527
PSX,1h,state_ext=stretched_up + state_slope=uptrend + state_vol=low_vol,2026-08-14 19:00:00+00:00,,0.0184798268717327,0.037947049632943,PSX|1h|rolling|state_ext=stretched_up + state_slope=uptrend + state_vol=low_vol|2026-08-14 19:00:00+00:00,rolling,233.615,2026-08-19T21:31:39.812774+00:00,237.93216475463987,242.48,False,short,-0.0184798268717327,-0.037947049632943
PSX,1h,state_ext=stretched_up + state_slope=uptrend + state_vol=low_vol,2026-08-17 19:00:00+00:00,,0.0051977213189737,,PSX|1h|rolling|state_ext=stretched_up + state_slope=uptrend + state_vol=low_vol|2026-08-17 19:00:00+00:00,rolling,240.49,2026-08-19T21:31:58.842612+00:00,241.74,,True,short,-0.0051977213189737,
PSX,1h,state_ext=stretched_up + state_slope=uptrend + state_vol=low_vol,2026-08-18 14:00:00+00:00,,0.0147539958738824,,PSX|1h|rolling|state_ext=stretched_up + state_slope=uptrend + state_vol=low_vol|2026-08-18 14:00:00+00:00,rolling,239.935,2026-08-19T21:32:00.972616+00:00,243.475,,True,short,-0.0147539958738824,
PSX,1h,state_ext=stretched_up + state_slope=uptrend + state_vol=low_vol,2026-08-18 15:00:00+00:00,,0.0060951591168239,,PSX|1h|rolling|state_ext=stretched_up + state_slope=uptrend + state_vol=low_vol|2026-08-18 15:00:00+00:00,rolling,241.175,2026-08-19T21:32:02.411807+00:00,242.645,,True,short,-0.0060951591168239,
PSX,1h,state_ext=stretched_up + state_slope=uptrend + state_vol=low_vol,2026-08-18 16:00:00+00:00,,0.0064541568090317,,PSX|1h|rolling|state_ext=stretched_up + state_slope=uptrend + state_vol=low_vol|2026-08-18 16:00:00+00:00,rolling,240.93,2026-08-19T21:32:04.777526+00:00,242.485,,True,short,-0.0064541568090317,
PSX,1h,state_ext=stretched_up + state_slope=uptrend + state_vol=low_vol,2026-08-18 17:00:00+00:00,,0.0046744436171093,,PSX|1h|rolling|state_ext=stretched_up + state_slope=uptrend + state_vol=low_vol|2026-08-18 17:00:00+00:00,rolling,241.74,2026-08-19T21:32:07.228454+00:00,242.87,,True,short,-0.0046744436171093,
PSX,1h,state_ext=stretched_up + state_slope=uptrend + state_vol=low_vol,2026-08-18 18:00:00+00:00,,0.0041399296211963,,PSX|1h|rolling|state_ext=stretched_up + state_slope=uptrend + state_vol=low_vol|2026-08-18 18:00:00+00:00,rolling,241.55,2026-08-19T21:32:10.039386+00:00,242.55,,True,short,-0.0041399296211963,
PSX,1h,state_ext=stretched_up + state_slope=uptrend + state_vol=low_vol,2026-08-18 19:00:00+00:00,,-0.0052777492555703,,PSX|1h|rolling|state_ext=stretched_up + state_slope=uptrend + state_vol=low_vol|2026-08-18 19:00:00+00:00,rolling,243.475,2026-08-19T21:32:12.508144+00:00,242.19,,True,short,0.0052777492555703,
PSX,1h,state_ext=stretched_up + state_slope=uptrend + state_vol=low_vol,2026-08-19 13:00:00+00:00,,-0.000680005769746,,PSX|1h|rolling|state_ext=stretched_up + state_slope=uptrend + state_vol=low_vol|2026-08-19 13:00:00+00:00,rolling,242.645,2026-08-19T21:32:17.018425+00:00,242.48,,True,short,0.000680005769746,
PSX,1h,state_ext=stretched_up + state_slope=uptrend + state_vol=low_vol,2026-08-19 14:00:00+00:00,,-0.0011959502649648,,PSX|1h|rolling|state_ext=stretched_up + state_slope=uptrend + state_vol=low_vol|2026-08-19 14:00:00+00:00,rolling,242.485,2026-08-19T21:32:18.836268+00:00,242.195,,True,short,0.0011959502649648,
PSX,1h,state_ext=stretched_up + state_slope=uptrend + state_vol=low_vol,2026-08-19 15:00:00+00:00,,,,PSX|1h|rolling|state_ext=stretched_up + state_slope=uptrend + state_vol=low_vol|2026-08-19 15:00:00+00:00,rolling,242.87,2026-08-19T21:32:22.385342+00:00,,,True,short,,
PSX,1h,state_ext=stretched_up + state_vol=low_vol,2026-08-12 19:00:00+00:00,,0.0189553496208929,0.0568215924845634,PSX|1h|rolling|state_ext=stretched_up + state_vol=low_vol|2026-08-12 19:00:00+00:00,rolling,225.53,2026-08-19T21:31:29.625500+00:00,229.805,238.3449737530436,False,short,-0.0189553496208929,-0.0568215924845634
PSX,1h,state_ext=stretched_up + state_vol=low_vol,2026-08-13 14:00:00+00:00,,0.0277434175649406,0.0617158508570419,PSX|1h|rolling|state_ext=stretched_up + state_vol=low_vol|2026-08-13 14:00:00+00:00,rolling,226.36,2026-08-19T21:31:31.112737+00:00,232.64,240.33,False,short,-0.0277434175649406,-0.0617158508570419
PSX,1h,state_ext=stretched_up + state_vol=low_vol,2026-08-14 13:00:00+00:00,,-0.008482905982906,0.040491452991453,PSX|1h|rolling|state_ext=stretched_up + state_vol=low_vol|2026-08-14 13:00:00+00:00,rolling,234.0,2026-08-19T21:31:35.397350+00:00,232.015,243.475,False,short,0.008482905982906,-0.040491452991453
PSX,1h,state_ext=stretched_up + state_vol=low_vol,2026-08-14 14:00:00+00:00,,-0.0005989176702102,0.0380312720583517,PSX|1h|rolling|state_ext=stretched_up + state_vol=low_vol|2026-08-14 14:00:00+00:00,rolling,233.755,2026-08-19T21:31:35.457849+00:00,233.615,242.645,False,short,0.0005989176702102,-0.0380312720583517
PSX,1h,state_ext=stretched_up + state_vol=low_vol,2026-08-14 15:00:00+00:00,,0.0117304412558931,0.0392362748039256,PSX|1h|rolling|state_ext=stretched_up + state_vol=low_vol|2026-08-14 15:00:00+00:00,rolling,233.33,2026-08-19T21:31:35.522111+00:00,236.0670638582376,242.485,False,short,-0.0117304412558931,-0.0392362748039256
PSX,1h,state_ext=stretched_up + state_vol=low_vol,2026-08-14 16:00:00+00:00,,0.0213165952296177,0.0456815637647465,PSX|1h|rolling|state_ext=stretched_up + state_vol=low_vol|2026-08-14 16:00:00+00:00,rolling,232.26,2026-08-19T21:31:35.536507+00:00,237.210992408031,242.87,False,short,-0.0213165952296177,-0.0456815637647465
PSX,1h,state_ext=stretched_up + state_vol=low_vol,2026-08-14 17:00:00+00:00,,0.0244379129408245,0.0441239776151527,PSX|1h|rolling|state_ext=stretched_up + state_vol=low_vol|2026-08-14 17:00:00+00:00,rolling,232.3,2026-08-19T21:31:35.563434+00:00,237.9769271761536,242.55,False,short,-0.0244379129408245,-0.0441239776151527
PSX,1h,state_ext=stretched_up + state_vol=low_vol,2026-08-14 19:00:00+00:00,,0.0184798268717327,0.037947049632943,PSX|1h|rolling|state_ext=stretched_up + state_vol=low_vol|2026-08-14 19:00:00+00:00,rolling,233.615,2026-08-19T21:31:39.820071+00:00,237.93216475463987,242.48,False,short,-0.0184798268717327,-0.037947049632943
PSX,1h,state_ext=stretched_up + state_vol=low_vol,2026-08-17 19:00:00+00:00,,0.0051977213189737,,PSX|1h|rolling|state_ext=stretched_up + state_vol=low_vol|2026-08-17 19:00:00+00:00,rolling,240.49,2026-08-19T21:31:59.163101+00:00,241.74,,True,short,-0.0051977213189737,
PSX,1h,state_ext=stretched_up + state_vol=low_vol,2026-08-18 14:00:00+00:00,,0.0147539958738824,,PSX|1h|rolling|state_ext=stretched_up + state_vol=low_vol|2026-08-18 14:00:00+00:00,rolling,239.935,2026-08-19T21:32:01.277642+00:00,243.475,,True,short,-0.0147539958738824,
PSX,1h,state_ext=stretched_up + state_vol=low_vol,2026-08-18 15:00:00+00:00,,0.0060951591168239,,PSX|1h|rolling|state_ext=stretched_up + state_vol=low_vol|2026-08-18 15:00:00+00:00,rolling,241.175,2026-08-19T21:32:02.729364+00:00,242.645,,True,short,-0.0060951591168239,
PSX,1h,state_ext=stretched_up + state_vol=low_vol,2026-08-18 16:00:00+00:00,,0.0064541568090317,,PSX|1h|rolling|state_ext=stretched_up + state_vol=low_vol|2026-08-18 16:00:00+00:00,rolling,240.93,2026-08-19T21:32:05.143600+00:00,242.485,,True,short,-0.0064541568090317,
PSX,1h,state_ext=stretched_up + state_vol=low_vol,2026-08-18 17:00:00+00:00,,0.0046744436171093,,PSX|1h|rolling|state_ext=stretched_up + state_vol=low_vol|2026-08-18 17:00:00+00:00,rolling,241.74,2026-08-19T21:32:07.587574+00:00,242.87,,True,short,-0.0046744436171093,
PSX,1h,state_ext=stretched_up + state_vol=low_vol,2026-08-18 18:00:00+00:00,,0.0041399296211963,,PSX|1h|rolling|state_ext=stretched_up + state_vol=low_vol|2026-08-18 18:00:00+00:00,rolling,241.55,2026-08-19T21:32:10.378568+00:00,242.55,,True,short,-0.0041399296211963,
PSX,1h,state_ext=stretched_up + state_vol=low_vol,2026-08-18 19:00:00+00:00,,-0.0052777492555703,,PSX|1h|rolling|state_ext=stretched_up + state_vol=low_vol|2026-08-18 19:00:00+00:00,rolling,243.475,2026-08-19T21:32:12.860493+00:00,242.19,,True,short,0.0052777492555703,
PSX,1h,state_ext=stretched_up + state_vol=low_vol,2026-08-19 13:00:00+00:00,,-0.000680005769746,,PSX|1h|rolling|state_ext=stretched_up + state_vol=low_vol|2026-08-19 13:00:00+00:00,rolling,242.645,2026-08-19T21:32:17.472359+00:00,242.48,,True,short,0.000680005769746,
PSX,1h,state_ext=stretched_up + state_vol=low_vol,2026-08-19 14:00:00+00:00,,-0.0011959502649648,,PSX|1h|rolling|state_ext=stretched_up + state_vol=low_vol|2026-08-19 14:00:00+00:00,rolling,242.485,2026-08-19T21:32:19.146518+00:00,242.195,,True,short,0.0011959502649648,
PSX,1h,state_ext=stretched_up + state_vol=low_vol,2026-08-19 15:00:00+00:00,,,,PSX|1h|rolling|state_ext=stretched_up + state_vol=low_vol|2026-08-19 15:00:00+00:00,rolling,242.87,2026-08-19T21:32:23.033073+00:00,,,True,short,,
QCOM,1h,state_volume=vol_surge + state_ext=neutral + state_slope=flat,2026-09-14 19:00:00+00:00,,0.052814165186501,,QCOM|1h|rolling|state_volume=vol_surge + state_ext=neutral + state_slope=flat|2026-09-14 19:00:00+00:00,rolling,180.16,2026-09-16T20:43:21.364689+00:00,189.675,,True,short,-0.052814165186501,
QQQ,15m,cross_USO_state_slope=downtrend + state_slope=uptrend,2026-08-13 14:00:00+00:00,,-0.0002185493785001,0.001249829258298,QQQ|15m|rolling|cross_USO_state_slope=downtrend + state_slope=uptrend|2026-08-13 14:00:00+00:00,rolling,732.1,2026-09-10T21:40:36.904879+00:00,731.94,733.015,False,long,-0.0002185493785001,0.001249829258298
QQQ,15m,cross_USO_state_slope=downtrend + state_slope=uptrend,2026-08-13 14:15:00+00:00,,-0.0016657677892394,0.000471057284662,QQQ|15m|rolling|cross_USO_state_slope=downtrend + state_slope=uptrend|2026-08-13 14:15:00+00:00,rolling,732.395,2026-09-10T21:40:36.957368+00:00,731.175,732.74,False,long,-0.0016657677892394,0.000471057284662
QQQ,15m,cross_USO_state_slope=downtrend + state_slope=uptrend,2026-08-13 15:00:00+00:00,,-0.001078365798059,0.0018018263967565,QQQ|15m|rolling|cross_USO_state_slope=downtrend + state_slope=uptrend|2026-08-13 15:00:00+00:00,rolling,732.59,2026-09-10T21:40:36.973980+00:00,731.8,733.91,False,long,-0.001078365798059,0.0018018263967565
QQQ,15m,cross_USO_state_slope=downtrend + state_slope=uptrend,2026-08-13 15:15:00+00:00,,-0.0016235427339641,0.0002114698519029,QQQ|15m|rolling|cross_USO_state_slope=downtrend + state_slope=uptrend|2026-08-13 15:15:00+00:00,rolling,732.965,2026-09-10T21:40:37.009366+00:00,731.775,733.12,False,long,-0.0016235427339641,0.0002114698519029
QQQ,15m,cross_USO_state_slope=downtrend + state_slope=uptrend,2026-08-13 16:00:00+00:00,,0.003160962793689,0.0009578675132391,QQQ|15m|rolling|cross_USO_state_slope=downtrend + state_slope=uptrend|2026-08-13 16:00:00+00:00,rolling,730.79,2026-09-10T21:40:37.025917+00:00,733.1,731.49,False,long,0.003160962793689,0.0009578675132391
QQQ,15m,cross_USO_state_slope=downtrend + state_slope=uptrend,2026-08-13 16:15:00+00:00,,0.0019283106084435,-0.0007111500116245,QQQ|15m|rolling|cross_USO_state_slope=downtrend + state_slope=uptrend|2026-08-13 16:15:00+00:00,rolling,731.21,2026-09-10T21:40:37.061388+00:00,732.62,730.69,False,long,0.0019283106084435,-0.0007111500116245
QQQ,15m,cross_USO_state_slope=downtrend + state_slope=uptrend,2026-09-03 18:15:00+00:00,,-0.0015446486967896,0.0007931979794324,QQQ|15m|rolling|cross_USO_state_slope=downtrend + state_slope=uptrend|2026-09-03 18:15:00+00:00,rolling,718.61,2026-09-10T21:41:05.577893+00:00,717.5,719.18,False,long,-0.0015446486967896,0.0007931979794324
QQQ,15m,cross_USO_state_slope=downtrend + state_slope=uptrend,2026-09-03 19:15:00+00:00,,0.0043468568880962,-0.0008359340169415,QQQ|15m|rolling|cross_USO_state_slope=downtrend + state_slope=uptrend|2026-09-03 19:15:00+00:00,rolling,717.76,2026-09-10T21:41:05.626946+00:00,720.88,717.16,False,long,0.0043468568880962,-0.0008359340169415
QQQ,15m,cross_USO_state_slope=downtrend + state_slope=uptrend,2026-09-04 14:15:00+00:00,,-0.0028204237582493,-0.0025078152136157,QQQ|15m|rolling|cross_USO_state_slope=downtrend + state_slope=uptrend|2026-09-04 14:15:00+00:00,rolling,719.75,2026-09-10T21:41:07.636916+00:00,717.72,717.945,False,long,-0.0028204237582493,-0.0025078152136157
QQQ,1d,cross_USO_state_ext=neutral + state_ext=neutral,2026-08-25 04:00:00+00:00,,-0.004333571844956641,0.04290023149253419,QQQ|1d|rolling|cross_USO_state_ext=neutral + state_ext=neutral|2026-08-25,rolling,710.719970703125,2026-10-07T19:42:28.584121+00:00,707.6400146484375,741.2100219726562,False,long,-0.004333571844956641,0.04290023149253419
QQQ,1d,cross_USO_state_ext=neutral + state_ext=neutral,2026-08-26 04:00:00+00:00,,-0.002994229300410156,0.04179257021355309,QQQ|1d|rolling|cross_USO_state_ext=neutral + state_ext=neutral|2026-08-26,rolling,711.3699951171875,2026-10-07T19:42:28.712380+00:00,709.239990234375,741.0999755859375,False,long,-0.002994229300410156,0.04179257021355309
RIVN,15m,state_relvol=relvol_quiet + state_ext=stretched_down,2026-08-14 14:15:00+00:00,,-0.0060761112887752,-0.0079948832747042,RIVN|15m|rolling|state_relvol=relvol_quiet + state_ext=stretched_down|2026-08-14 14:15:00+00:00,rolling,15.635,2026-08-19T21:31:35.419071+00:00,15.54,15.51,False,short,0.0060761112887752,0.0079948832747042
RIVN,15m,state_relvol=relvol_quiet + state_ext=stretched_down,2026-08-17 16:30:00+00:00,,0.0006734006734006,-0.0191919191919192,RIVN|15m|rolling|state_relvol=relvol_quiet + state_ext=stretched_down|2026-08-17 16:30:00+00:00,rolling,14.85,2026-08-19T21:31:43.689060+00:00,14.86,14.565,False,short,-0.0006734006734006,0.0191919191919192
RIVN,15m,state_volume=vol_quiet + state_ext=stretched_down,2026-08-14 14:15:00+00:00,,-0.0060761112887752,-0.0079948832747042,RIVN|15m|rolling|state_volume=vol_quiet + state_ext=stretched_down|2026-08-14 14:15:00+00:00,rolling,15.635,2026-08-19T21:31:35.431421+00:00,15.54,15.51,False,short,0.0060761112887752,0.0079948832747042
RIVN,15m,state_volume=vol_quiet + state_ext=stretched_down,2026-08-17 16:30:00+00:00,,0.0006734006734006,-0.0191919191919192,RIVN|15m|rolling|state_volume=vol_quiet + state_ext=stretched_down|2026-08-17 16:30:00+00:00,rolling,14.85,2026-08-19T21:31:43.702030+00:00,14.86,14.565,False,short,-0.0006734006734006,0.0191919191919192
SBUX,1d,cross_USO_state_vol=high_vol + state_ext=neutral,2026-07-17 04:00:00+00:00,,-0.0215186075432574,,SBUX|1d|rolling|cross_USO_state_vol=high_vol + state_ext=neutral|2026-07-17,rolling,105.48999786376952,2026-07-24T21:21:02.766412+00:00,103.22,,True,long,-0.0215186075432574,
SBUX,1d,cross_USO_state_vol=high_vol + state_ext=neutral,2026-07-20 04:00:00+00:00,,,,SBUX|1d|rolling|cross_USO_state_vol=high_vol + state_ext=neutral|2026-07-20,rolling,104.80999755859376,2026-07-24T21:21:09.850363+00:00,,,True,long,,
SBUX,1d,cross_USO_state_vol=high_vol + state_ext=neutral,2026-07-21 04:00:00+00:00,,,,SBUX|1d|rolling|cross_USO_state_vol=high_vol + state_ext=neutral|2026-07-21,rolling,104.4499969482422,2026-07-24T21:21:13.835322+00:00,,,True,long,,
SBUX,1d,cross_USO_state_vol=high_vol + state_ext=neutral,2026-07-22 04:00:00+00:00,,,,SBUX|1d|rolling|cross_USO_state_vol=high_vol + state_ext=neutral|2026-07-22,rolling,103.9800033569336,2026-07-24T21:21:19.637573+00:00,,,True,long,,
SBUX,1d,cross_USO_state_vol=high_vol + state_ext=neutral,2026-07-23 04:00:00+00:00,,,,SBUX|1d|rolling|cross_USO_state_vol=high_vol + state_ext=neutral|2026-07-23,rolling,103.20999908447266,2026-07-24T21:21:27.362026+00:00,,,True,long,,
SCHW,1d,cross_USO_state_slope=downtrend + state_slope=uptrend,2026-07-10 04:00:00+00:00,,,,SCHW|1d|cross_USO_state_slope=downtrend + state_slope=uptrend|2026-07-10,insample,103.12000274658205,2026-07-13T21:18:36.618226+00:00,,,True,long,,
SHW,15m,state_relvol=relvol_normal + state_ext=stretched_down,2026-10-07 13:30:00+00:00,,-0.003280039297089199,0.0006972064206371975,SHW|15m|rolling|state_relvol=relvol_normal + state_ext=stretched_down|2026-10-07 13:30:00+00:00,rolling,315.545,2026-10-07T19:43:22.724054+00:00,314.51,315.765,False,long,-0.003280039297089199,0.0006972064206371975
SHW,15m,state_relvol=relvol_normal + state_ext=stretched_down,2026-10-07 14:15:00+00:00,,-0.0003821290959460377,0.006114065535139934,SHW|15m|rolling|state_relvol=relvol_normal + state_ext=stretched_down|2026-10-07 14:15:00+00:00,rolling,314.03,2026-10-07T19:43:26.661514+00:00,313.91,315.95,False,long,-0.0003821290959460377,0.006114065535139934
SHW,1d,cross_USO_state_ext=stretched_down + state_ext=stretched_down,2026-10-05 04:00:00+00:00,,,,SHW|1d|rolling|cross_USO_state_ext=stretched_down + state_ext=stretched_down|2026-10-05,rolling,318.4599914550781,2026-10-07T19:43:15.614880+00:00,,,True,long,,
SHW,1d,cross_USO_state_slope=uptrend + state_slope=uptrend,2026-08-04 04:00:00+00:00,,0.0078823078402074,-0.0629477260408278,SHW|1d|rolling|cross_USO_state_slope=uptrend + state_slope=uptrend|2026-08-04,rolling,361.5700073242188,2026-09-04T21:37:26.723795+00:00,364.4200134277344,338.8099975585937,False,long,0.0078823078402074,-0.0629477260408278
SHW,1d,cross_USO_state_slope=uptrend + state_slope=uptrend,2026-08-05 04:00:00+00:00,,-0.0256437477184875,-0.1074712758490943,SHW|1d|rolling|cross_USO_state_slope=uptrend + state_slope=uptrend|2026-08-05,rolling,369.6799926757813,2026-09-04T21:37:26.800210+00:00,360.20001220703125,329.95001220703125,False,long,-0.0256437477184875,-0.1074712758490943
SHW,1d,state_ext=stretched_up + state_ret_1=ret_down,2026-07-29 04:00:00+00:00,,0.075026135357189,,SHW|1d|rolling|state_ext=stretched_up + state_ret_1=ret_down|2026-07-29,rolling,343.8800048828125,2026-08-21T21:32:19.629217+00:00,369.6799926757813,,True,long,0.075026135357189,
SHW,1d,state_ext=stretched_up + state_ret_1=ret_down,2026-08-06 04:00:00+00:00,,-0.0051456319566106,,SHW|1d|rolling|state_ext=stretched_up + state_ret_1=ret_down|2026-08-06,rolling,363.4200134277344,2026-08-21T21:32:27.862139+00:00,361.5499877929688,,True,long,-0.0051456319566106,
SHW,1d,state_ext=stretched_up + state_ret_1=ret_down,2026-08-10 04:00:00+00:00,,-0.0351244568807417,,SHW|1d|rolling|state_ext=stretched_up + state_ret_1=ret_down|2026-08-10,rolling,362.7099914550781,2026-08-21T21:32:31.924694+00:00,349.97,,True,long,-0.0351244568807417,
SHW,1d,state_ext=stretched_up + state_ret_1=ret_down,2026-08-12 04:00:00+00:00,,-0.0414492578772542,,SHW|1d|rolling|state_ext=stretched_up + state_ret_1=ret_down|2026-08-12,rolling,360.20001220703125,2026-08-21T21:32:36.568897+00:00,345.2699890136719,,True,long,-0.0414492578772542,
SHW,1d,state_ext=stretched_up + state_ret_1=ret_down,2026-08-14 04:00:00+00:00,,-0.0339459822729502,,SHW|1d|rolling|state_ext=stretched_up + state_ret_1=ret_down|2026-08-14,rolling,359.1000061035156,2026-08-21T21:32:43.220734+00:00,346.9100036621094,,True,long,-0.0339459822729502,
SLB,1h,state_ext=neutral + state_ret_5=ret_down,2026-08-13 15:00:00+00:00,,0.0186388835786655,0.0231313324412159,SLB|1h|rolling|state_ext=neutral + state_ret_5=ret_down|2026-08-13 15:00:00+00:00,rolling,52.31,2026-09-25T21:42:57.507384+00:00,53.285,53.52,False,long,0.0186388835786655,0.0231313324412159
SLB,1h,state_ext=neutral + state_ret_5=ret_down,2026-08-17 13:00:00+00:00,,0.0049653363312722,0.0039347948285552,SLB|1h|rolling|state_ext=neutral + state_ret_5=ret_down|2026-08-17 13:00:00+00:00,rolling,53.37,2026-09-25T21:42:57.679901+00:00,53.635,53.58,False,long,0.0049653363312722,0.0039347948285552
SLB,1h,state_ext=neutral + state_ret_5=ret_down,2026-08-17 14:00:00+00:00,,0.0138287864534336,0.0158043273753527,SLB|1h|rolling|state_ext=neutral + state_ret_5=ret_down|2026-08-17 14:00:00+00:00,rolling,53.15,2026-09-25T21:42:57.714896+00:00,53.885,53.99,False,long,0.0138287864534336,0.0158043273753527
SLB,1h,state_ext=neutral + state_ret_5=ret_down,2026-08-17 16:00:00+00:00,,0.0024349129050385,0.009365049634763,SLB|1h|rolling|state_ext=neutral + state_ret_5=ret_down|2026-08-17 16:00:00+00:00,rolling,53.39,2026-09-25T21:42:57.732546+00:00,53.52,53.89,False,long,0.0024349129050385,0.009365049634763
SLB,1h,state_ext=neutral + state_ret_5=ret_down,2026-08-17 17:00:00+00:00,,0.0015901225329717,0.0049574408380881,SLB|1h|rolling|state_ext=neutral + state_ret_5=ret_down|2026-08-17 17:00:00+00:00,rolling,53.455,2026-09-25T21:42:57.738304+00:00,53.54,53.72,False,long,0.0015901225329717,0.0049574408380881
SLB,1h,state_ext=neutral + state_ret_5=ret_down,2026-08-18 16:00:00+00:00,,0.009017471350742,0.0086417433777945,SLB|1h|rolling|state_ext=neutral + state_ret_5=ret_down|2026-08-18 16:00:00+00:00,rolling,53.23,2026-09-25T21:42:57.771060+00:00,53.71,53.69,False,long,0.009017471350742,0.0086417433777945
SLB,1h,state_ext=neutral + state_ret_5=ret_down,2026-08-18 17:00:00+00:00,,0.0046948356807512,0.0074178403755869,SLB|1h|rolling|state_ext=neutral + state_ret_5=ret_down|2026-08-18 17:00:00+00:00,rolling,53.25,2026-09-25T21:42:57.792956+00:00,53.5,53.645,False,long,0.0046948356807512,0.0074178403755869
SLB,1h,state_ext=neutral + state_ret_5=ret_down,2026-08-18 18:00:00+00:00,,0.0045910240794526,0.0036540803897686,SLB|1h|rolling|state_ext=neutral + state_ret_5=ret_down|2026-08-18 18:00:00+00:00,rolling,53.365,2026-09-25T21:42:57.798721+00:00,53.61,53.56,False,long,0.0045910240794526,0.0036540803897686
SLB,1h,state_ext=neutral + state_ret_5=ret_down,2026-08-19 18:00:00+00:00,,0.0063694267515923,0.0012176845260396,SLB|1h|rolling|state_ext=neutral + state_ret_5=ret_down|2026-08-19 18:00:00+00:00,rolling,53.38,2026-09-25T21:42:57.891174+00:00,53.72,53.445,False,long,0.0063694267515923,0.0012176845260396
SLB,1h,state_ext=neutral + state_ret_5=ret_down,2026-08-19 19:00:00+00:00,,0.0064661231374754,0.0086214975166338,SLB|1h|rolling|state_ext=neutral + state_ret_5=ret_down|2026-08-19 19:00:00+00:00,rolling,53.355,2026-09-25T21:42:57.897003+00:00,53.7,53.815,False,long,0.0064661231374754,0.0086214975166338
SLB,1h,state_ext=neutral + state_ret_5=ret_down,2026-08-20 19:00:00+00:00,,-9.334453467746416e-05,-0.0017735461588723,SLB|1h|rolling|state_ext=neutral + state_ret_5=ret_down|2026-08-20 19:00:00+00:00,rolling,53.565,2026-09-25T21:42:58.049074+00:00,53.56,53.47,False,long,-9.334453467746416e-05,-0.0017735461588723
SLB,1h,state_ext=neutral + state_ret_5=ret_down,2026-08-21 13:00:00+00:00,,0.0051373061834485,-0.0042966560807025,SLB|1h|rolling|state_ext=neutral + state_ret_5=ret_down|2026-08-21 13:00:00+00:00,rolling,53.53,2026-09-25T21:42:58.102718+00:00,53.805,53.3,False,long,0.0051373061834485,-0.0042966560807025
SLB,1h,state_ext=neutral + state_ret_5=ret_down,2026-08-21 14:00:00+00:00,,0.0091786082232836,-0.0064624894633323,SLB|1h|rolling|state_ext=neutral + state_ret_5=ret_down|2026-08-21 14:00:00+00:00,rolling,53.385,2026-09-25T21:42:58.114203+00:00,53.875,53.04,False,long,0.0091786082232836,-0.0064624894633323
SLB,1h,state_ext=neutral + state_ret_5=ret_down,2026-08-21 15:00:00+00:00,,-0.0063849765258217,0.0045070422535211,SLB|1h|rolling|state_ext=neutral + state_ret_5=ret_down|2026-08-21 15:00:00+00:00,rolling,53.25,2026-09-25T21:42:58.125984+00:00,52.91,53.49,False,long,-0.0063849765258217,0.0045070422535211
SLB,1h,state_ext=neutral + state_ret_5=ret_down,2026-08-24 13:00:00+00:00,,0.0171045171045172,0.0132300132300133,SLB|1h|rolling|state_ext=neutral + state_ret_5=ret_down|2026-08-24 13:00:00+00:00,rolling,52.91,2026-09-25T21:42:58.203164+00:00,53.815,53.61,False,long,0.0171045171045172,0.0132300132300133
SLB,1h,state_ext=neutral + state_ret_5=ret_down,2026-08-24 14:00:00+00:00,,0.0222411508612532,0.0125875449555177,SLB|1h|rolling|state_ext=neutral + state_ret_5=ret_down|2026-08-24 14:00:00+00:00,rolling,52.83,2026-09-25T21:42:58.208862+00:00,54.005,53.495,False,long,0.0222411508612532,0.0125875449555177
SLB,1h,state_ext=neutral + state_ret_5=ret_down,2026-08-24 15:00:00+00:00,,0.0124669437098603,0.0132225160559125,SLB|1h|rolling|state_ext=neutral + state_ret_5=ret_down|2026-08-24 15:00:00+00:00,rolling,52.94,2026-09-25T21:42:58.286435+00:00,53.6,53.64,False,long,0.0124669437098603,0.0132225160559125
SLB,1h,state_ext=neutral + state_ret_5=ret_down,2026-08-24 16:00:00+00:00,,0.0134575569358177,0.0148691887822323,SLB|1h|rolling|state_ext=neutral + state_ret_5=ret_down|2026-08-24 16:00:00+00:00,rolling,53.13,2026-09-25T21:42:58.303291+00:00,53.845,53.92,False,long,0.0134575569358177,0.0148691887822323
SLB,1h,state_ext=neutral + state_ret_5=ret_down,2026-08-24 17:00:00+00:00,,0.0105716156796706,0.0077649920478997,SLB|1h|rolling|state_ext=neutral + state_ret_5=ret_down|2026-08-24 17:00:00+00:00,rolling,53.445,2026-09-25T21:42:58.308991+00:00,54.01,53.86,False,long,0.0105716156796706,0.0077649920478997
SLB,1h,state_ext=neutral + state_ret_5=ret_down,2026-08-25 16:00:00+00:00,,0.0001869857890801,0.0478683620044877,SLB|1h|rolling|state_ext=neutral + state_ret_5=ret_down|2026-08-25 16:00:00+00:00,rolling,53.48,2026-09-25T21:42:58.415368+00:00,53.49,56.04,False,long,0.0001869857890801,0.0478683620044877
SLB,1h,state_ext=neutral + state_ret_5=ret_down,2026-08-25 17:00:00+00:00,,0.0128350320875803,0.0653076632691582,SLB|1h|rolling|state_ext=neutral + state_ret_5=ret_down|2026-08-25 17:00:00+00:00,rolling,52.98,2026-09-25T21:42:58.438038+00:00,53.66,56.44,False,long,0.0128350320875803,0.0653076632691582
SLB,1h,state_ext=neutral + state_ret_5=ret_down,2026-08-25 19:00:00+00:00,,-0.0015009380863039,0.072232645403377,SLB|1h|rolling|state_ext=neutral + state_ret_5=ret_down|2026-08-25 19:00:00+00:00,rolling,53.3,2026-09-25T21:42:58.477434+00:00,53.22,57.15,False,long,-0.0015009380863039,0.072232645403377
SLB,1h,state_ext=neutral + state_ret_5=ret_down,2026-08-26 13:00:00+00:00,,0.0069758672699848,0.0806938159879335,SLB|1h|rolling|state_ext=neutral + state_ret_5=ret_down|2026-08-26 13:00:00+00:00,rolling,53.04,2026-09-25T21:42:58.547296+00:00,53.41,57.32,False,long,0.0069758672699848,0.0806938159879335
SLB,1h,state_ext=neutral + state_ret_5=ret_down,2026-09-01 15:00:00+00:00,,-0.0241728098748499,-0.0265729470255442,SLB|1h|rolling|state_ext=neutral + state_ret_5=ret_down|2026-09-01 15:00:00+00:00,rolling,58.33,2026-09-25T21:43:03.595158+00:00,56.92,56.78,False,long,-0.0241728098748499,-0.0265729470255442
SLB,1h,state_ext=neutral + state_ret_5=ret_down,2026-09-01 16:00:00+00:00,,-0.0054300982589208,-0.0187036717807275,SLB|1h|rolling|state_ext=neutral + state_ret_5=ret_down|2026-09-01 16:00:00+00:00,rolling,58.01,2026-09-25T21:43:03.606962+00:00,57.695,56.925,False,long,-0.0054300982589208,-0.0187036717807275
SLB,1h,state_ext=neutral + state_ret_5=ret_down,2026-09-01 17:00:00+00:00,,0.0076019350380096,-0.0136489288182446,SLB|1h|rolling|state_ext=neutral + state_ret_5=ret_down|2026-09-01 17:00:00+00:00,rolling,57.88,2026-09-25T21:43:03.623686+00:00,58.32,57.09,False,long,0.0076019350380096,-0.0136489288182446
SLB,1h,state_ext=neutral + state_ret_5=ret_down,2026-09-01 18:00:00+00:00,,0.0025870989996552,-0.0160400137978613,SLB|1h|rolling|state_ext=neutral + state_ret_5=ret_down|2026-09-01 18:00:00+00:00,rolling,57.98,2026-09-25T21:43:03.645753+00:00,58.13,57.05,False,long,0.0025870989996552,-0.0160400137978613
SLB,1h,state_ext=neutral + state_ret_5=ret_down,2026-09-01 19:00:00+00:00,,0.0041551246537396,-0.0080505540166204,SLB|1h|rolling|state_ext=neutral + state_ret_5=ret_down|2026-09-01 19:00:00+00:00,rolling,57.76,2026-09-25T21:43:03.651359+00:00,58.0,57.295,False,long,0.0041551246537396,-0.0080505540166204
SLB,1h,state_ext=neutral + state_ret_5=ret_down,2026-09-03 16:00:00+00:00,,-0.0176470588235293,-0.0029411764705881,SLB|1h|rolling|state_ext=neutral + state_ret_5=ret_down|2026-09-03 16:00:00+00:00,rolling,57.8,2026-09-25T21:43:03.806996+00:00,56.78,57.63,False,long,-0.0176470588235293,-0.0029411764705881
SLB,1h,state_ext=neutral + state_ret_5=ret_down,2026-09-03 17:00:00+00:00,,-0.0144563711911357,-0.0039819944598337,SLB|1h|rolling|state_ext=neutral + state_ret_5=ret_down|2026-09-03 17:00:00+00:00,rolling,57.76,2026-09-25T21:43:03.856762+00:00,56.925,57.53,False,long,-0.0144563711911357,-0.0039819944598337
SLB,1h,state_ext=neutral + state_ret_5=ret_down,2026-09-03 18:00:00+00:00,,-0.0057471264367815,0.0037443399512364,SLB|1h|rolling|state_ext=neutral + state_ret_5=ret_down|2026-09-03 18:00:00+00:00,rolling,57.42,2026-09-25T21:43:03.898909+00:00,57.09,57.635,False,long,-0.0057471264367815,0.0037443399512364
SLB,1h,state_ext=neutral + state_ret_5=ret_down,2026-09-03 19:00:00+00:00,,-0.0067896935933148,0.0013927576601673,SLB|1h|rolling|state_ext=neutral + state_ret_5=ret_down|2026-09-03 19:00:00+00:00,rolling,57.44,2026-09-25T21:43:03.941363+00:00,57.05,57.52,False,long,-0.0067896935933148,0.0013927576601673
SLB,1h,state_ext=neutral + state_ret_5=ret_down,2026-09-04 15:00:00+00:00,,0.0194508009153318,-0.020066889632107,SLB|1h|rolling|state_ext=neutral + state_ret_5=ret_down|2026-09-04 15:00:00+00:00,rolling,56.81,2026-09-25T21:43:03.974881+00:00,57.915,55.67,False,long,0.0194508009153318,-0.020066889632107
SLB,1h,state_ext=neutral + state_ret_5=ret_down,2026-09-04 17:00:00+00:00,,0.0148115687992989,-0.0196319018404907,SLB|1h|rolling|state_ext=neutral + state_ret_5=ret_down|2026-09-04 17:00:00+00:00,rolling,57.05,2026-09-25T21:43:04.010951+00:00,57.895,55.93,False,long,0.0148115687992989,-0.0196319018404907
SLB,1h,state_ext=neutral + state_ret_5=ret_down,2026-09-08 17:00:00+00:00,,0.0087519691930684,-0.0245930334325222,SLB|1h|rolling|state_ext=neutral + state_ret_5=ret_down|2026-09-08 17:00:00+00:00,rolling,57.13,2026-09-25T21:43:04.070637+00:00,57.63,55.725,False,long,0.0087519691930684,-0.0245930334325222
SLB,1h,state_ext=neutral + state_ret_5=ret_down,2026-09-08 18:00:00+00:00,,0.0017412502176563,-0.0273376284172035,SLB|1h|rolling|state_ext=neutral + state_ret_5=ret_down|2026-09-08 18:00:00+00:00,rolling,57.43,2026-09-25T21:43:05.347742+00:00,57.53,55.86,False,long,0.0017412502176563,-0.0273376284172035
SLB,1h,state_ext=neutral + state_ret_5=ret_down,2026-09-08 19:00:00+00:00,,0.0091927858518647,-0.0196988268254245,SLB|1h|rolling|state_ext=neutral + state_ret_5=ret_down|2026-09-08 19:00:00+00:00,rolling,57.11,2026-09-25T21:43:05.360223+00:00,57.635,55.985,False,long,0.0091927858518647,-0.0196988268254245
SLB,1h,state_ext=neutral + state_ret_5=ret_down,2026-09-09 18:00:00+00:00,,-0.0276425591098748,-0.0753650904033379,SLB|1h|rolling|state_ext=neutral + state_ret_5=ret_down|2026-09-09 18:00:00+00:00,rolling,57.52,2026-09-25T21:43:05.384228+00:00,55.93,53.185,False,long,-0.0276425591098748,-0.0753650904033379
SLB,1h,state_ext=neutral + state_ret_5=ret_down,2026-09-09 19:00:00+00:00,,-0.0192779530318962,-0.0668594461969857,SLB|1h|rolling|state_ext=neutral + state_ret_5=ret_down|2026-09-09 19:00:00+00:00,rolling,57.06,2026-09-25T21:43:05.390184+00:00,55.96,53.245,False,long,-0.0192779530318962,-0.0668594461969857
SLB,1h,state_ext=neutral + state_ret_5=ret_down,2026-09-16 16:00:00+00:00,,-0.0202740754646143,-0.0402665665477754,SLB|1h|rolling|state_ext=neutral + state_ret_5=ret_down|2026-09-16 16:00:00+00:00,rolling,53.27,2026-09-25T21:43:10.261597+00:00,52.19,51.125,False,long,-0.0202740754646143,-0.0402665665477754
SLB,1h,state_ext=neutral + state_ret_5=ret_down,2026-09-16 17:00:00+00:00,,-0.0249672713671217,-0.03843276603703,SLB|1h|rolling|state_ext=neutral + state_ret_5=ret_down|2026-09-16 17:00:00+00:00,rolling,53.47,2026-09-25T21:43:10.267261+00:00,52.135,51.415,False,long,-0.0249672713671217,-0.03843276603703
SLB,1h,state_ext=neutral + state_ret_5=ret_down,2026-09-23 19:00:00+00:00,,-0.0009639483323693,,SLB|1h|rolling|state_ext=neutral + state_ret_5=ret_down|2026-09-23 19:00:00+00:00,rolling,51.87,2026-09-25T21:43:27.218011+00:00,51.82,,True,long,-0.0009639483323693,
SLB,1h,state_ext=neutral + state_ret_5=ret_down,2026-09-24 19:00:00+00:00,,0.0030129264262805,,SLB|1h|rolling|state_ext=neutral + state_ret_5=ret_down|2026-09-24 19:00:00+00:00,rolling,51.445,2026-09-25T21:43:31.369782+00:00,51.6,,True,long,0.0030129264262805,
SLV,1h,cross_USO_state_slope=downtrend + cross_TLT_state_slope=downtrend + state_ext=neutral,2026-09-29 18:00:00+00:00,,-0.0163534513913986,,SLV|1h|rolling|cross_USO_state_slope=downtrend + cross_TLT_state_slope=downtrend + state_ext=neutral|2026-09-29 18:00:00+00:00,rolling,55.34,2026-10-01T21:33:19.627417+00:00,54.435,,True,long,-0.0163534513913986,
SLV,1h,cross_USO_state_slope=downtrend + cross_TLT_state_slope=downtrend + state_ext=neutral,2026-09-29 19:00:00+00:00,,-0.0207244548567309,,SLV|1h|rolling|cross_USO_state_slope=downtrend + cross_TLT_state_slope=downtrend + state_ext=neutral|2026-09-29 19:00:00+00:00,rolling,55.49,2026-10-01T21:33:20.638098+00:00,54.34,,True,long,-0.0207244548567309,
SLV,1h,cross_USO_state_slope=downtrend + cross_TLT_state_slope=downtrend + state_ext=neutral,2026-09-30 14:00:00+00:00,,-0.0097184377838328,,SLV|1h|rolling|cross_USO_state_slope=downtrend + cross_TLT_state_slope=downtrend + state_ext=neutral|2026-09-30 14:00:00+00:00,rolling,55.05,2026-10-01T21:33:26.255092+00:00,54.515,,True,long,-0.0097184377838328,
SLV,1h,cross_USO_state_slope=downtrend + cross_TLT_state_slope=downtrend + state_ext=neutral,2026-09-30 17:00:00+00:00,,0.0056985294117648,,SLV|1h|rolling|cross_USO_state_slope=downtrend + cross_TLT_state_slope=downtrend + state_ext=neutral|2026-09-30 17:00:00+00:00,rolling,54.4,2026-10-01T21:33:28.704414+00:00,54.71,,True,long,0.0056985294117648,
SLV,1h,cross_USO_state_slope=downtrend + cross_TLT_state_slope=downtrend + state_ext=neutral,2026-09-30 18:00:00+00:00,,0.0037680360261005,,SLV|1h|rolling|cross_USO_state_slope=downtrend + cross_TLT_state_slope=downtrend + state_ext=neutral|2026-09-30 18:00:00+00:00,rolling,54.405,2026-10-01T21:33:30.080409+00:00,54.61,,True,long,0.0037680360261005,
SLV,1h,cross_USO_state_slope=downtrend + cross_TLT_state_slope=downtrend + state_ext=neutral,2026-09-30 19:00:00+00:00,,0.0049527652939558,,SLV|1h|rolling|cross_USO_state_slope=downtrend + cross_TLT_state_slope=downtrend + state_ext=neutral|2026-09-30 19:00:00+00:00,rolling,54.515,2026-10-01T21:33:31.474436+00:00,54.785,,True,long,0.0049527652939558,
SLV,1h,cross_USO_state_slope=downtrend + cross_TLT_state_slope=downtrend + state_ext=neutral,2026-10-01 14:00:00+00:00,,0.002459912536443,,SLV|1h|rolling|cross_USO_state_slope=downtrend + cross_TLT_state_slope=downtrend + state_ext=neutral|2026-10-01 14:00:00+00:00,rolling,54.88,2026-10-01T21:33:37.832890+00:00,55.015,,True,long,0.002459912536443,
SMCI,15m,state_ext=neutral + state_slope=uptrend + state_vol=low_vol,2026-07-31 19:00:00+00:00,,,,SMCI|15m|rolling|state_ext=neutral + state_slope=uptrend + state_vol=low_vol|2026-07-31 19:00:00+00:00,rolling,28.2,2026-07-31T21:28:03.289590+00:00,,,True,long,,
SMCI,15m,state_ext=neutral + state_slope=uptrend + state_vol=low_vol,2026-07-31 19:45:00+00:00,,,,SMCI|15m|rolling|state_ext=neutral + state_slope=uptrend + state_vol=low_vol|2026-07-31 19:45:00+00:00,rolling,28.4,2026-07-31T21:28:20.809184+00:00,,,True,long,,
SMCI,15m,state_session=afternoon + state_ext=neutral + state_slope=uptrend,2026-07-28 18:00:00+00:00,,0.011685552407932,-0.059313031161473,SMCI|15m|rolling|state_session=afternoon + state_ext=neutral + state_slope=uptrend|2026-07-28 18:00:00+00:00,rolling,28.24,2026-07-31T21:24:40.789482+00:00,28.57,26.565,False,long,0.011685552407932,-0.059313031161473
SMCI,15m,state_session=afternoon + state_ext=neutral + state_slope=uptrend,2026-07-30 18:00:00+00:00,,0.0061405093010655,0.0070435253747516,SMCI|15m|rolling|state_session=afternoon + state_ext=neutral + state_slope=uptrend|2026-07-30 18:00:00+00:00,rolling,27.685,2026-07-31T21:26:02.096921+00:00,27.855,27.88,False,long,0.0061405093010655,0.0070435253747516
SMCI,15m,state_session=afternoon + state_ext=neutral + state_slope=uptrend,2026-07-31 18:00:00+00:00,,0.006913667789399,,SMCI|15m|rolling|state_session=afternoon + state_ext=neutral + state_slope=uptrend|2026-07-31 18:00:00+00:00,rolling,28.205,2026-07-31T21:27:42.635453+00:00,28.4,,True,long,0.006913667789399,
SMCI,15m,state_session=afternoon + state_ext=neutral + state_slope=uptrend,2026-07-31 19:00:00+00:00,,,,SMCI|15m|rolling|state_session=afternoon + state_ext=neutral + state_slope=uptrend|2026-07-31 19:00:00+00:00,rolling,28.2,2026-07-31T21:28:02.612373+00:00,,,True,long,,
SMCI,15m,state_session=afternoon + state_ext=neutral + state_slope=uptrend,2026-07-31 19:45:00+00:00,,,,SMCI|15m|rolling|state_session=afternoon + state_ext=neutral + state_slope=uptrend|2026-07-31 19:45:00+00:00,rolling,28.4,2026-07-31T21:28:20.137211+00:00,,,True,long,,
SMH,1d,cross_USO_state_ext=stretched_down + state_ext=neutral,2026-08-04 04:00:00+00:00,,-0.004828870769609472,-0.0331417143381777,SMH|1d|rolling|cross_USO_state_ext=stretched_down + state_ext=neutral|2026-08-04,rolling,575.7100219726562,2026-10-07T19:42:26.708618+00:00,572.9299926757812,556.6300048828125,False,long,-0.004828870769609472,-0.0331417143381777
SMH,1d,cross_USO_state_ext=stretched_down + state_ext=neutral,2026-08-05 04:00:00+00:00,,0.02655784546010187,-0.04297005613370097,SMH|1d|rolling|cross_USO_state_ext=stretched_down + state_ext=neutral|2026-08-05,rolling,569.7000122070312,2026-10-07T19:42:26.745232+00:00,584.8300170898438,545.219970703125,False,long,0.02655784546010187,-0.04297005613370097
SMH,1d,cross_USO_state_ext=stretched_down + state_ext=neutral,2026-08-06 04:00:00+00:00,,0.030867248637421074,-0.03674669405352571,SMH|1d|rolling|cross_USO_state_ext=stretched_down + state_ext=neutral|2026-08-06,rolling,571.47998046875,2026-10-07T19:42:26.816410+00:00,589.1199951171875,550.47998046875,False,long,0.030867248637421074,-0.03674669405352571
SMH,1d,state_ext=stretched_up + state_ret_1=ret_down,2026-09-28 04:00:00+00:00,,0.05648241545449473,,SMH|1d|rolling|state_ext=stretched_up + state_ret_1=ret_down|2026-09-28,rolling,600.010009765625,2026-10-07T19:42:38.159341+00:00,633.9000244140625,,True,long,0.05648241545449473,
SMH,1h,state_ext=neutral + state_slope=flat + state_vol=low_vol,2026-08-11 13:00:00+00:00,,-0.0063358340150736,0.0253259299228907,SMH|1h|rolling|state_ext=neutral + state_slope=flat + state_vol=low_vol|2026-08-11 13:00:00+00:00,rolling,574.51,2026-08-19T21:31:26.622755+00:00,570.87,589.06,False,long,-0.0063358340150736,0.0253259299228907
SMH,1h,state_ext=neutral + state_slope=flat + state_vol=low_vol,2026-08-11 14:00:00+00:00,,-0.0048968535111482,0.0197089671459331,SMH|1h|rolling|state_ext=neutral + state_slope=flat + state_vol=low_vol|2026-08-11 14:00:00+00:00,rolling,575.88,2026-08-19T21:31:26.664311+00:00,573.06,587.23,False,long,-0.0048968535111482,0.0197089671459331
SMH,1h,state_ext=neutral + state_slope=flat + state_vol=low_vol,2026-08-11 15:00:00+00:00,,0.0259615886890356,0.022914453866379,SMH|1h|rolling|state_ext=neutral + state_slope=flat + state_vol=low_vol|2026-08-11 15:00:00+00:00,rolling,574.31,2026-08-19T21:31:26.678789+00:00,589.22,587.47,False,long,0.0259615886890356,0.022914453866379
SMH,1h,state_ext=neutral + state_slope=flat + state_vol=low_vol,2026-08-14 19:00:00+00:00,,0.0154479567185001,-0.0438939739358262,SMH|1h|rolling|state_ext=neutral + state_slope=flat + state_vol=low_vol|2026-08-14 19:00:00+00:00,rolling,587.78,2026-08-19T21:31:39.827314+00:00,596.86,561.98,False,long,0.0154479567185001,-0.0438939739358262
SMH,1h,state_ext=neutral + state_slope=flat + state_vol=low_vol,2026-08-17 13:00:00+00:00,,0.0005952680382983,-0.0603484414038264,SMH|1h|rolling|state_ext=neutral + state_slope=flat + state_vol=low_vol|2026-08-17 13:00:00+00:00,rolling,596.37,2026-08-19T21:31:39.883244+00:00,596.725,560.38,False,long,0.0005952680382983,-0.0603484414038264
SMH,1h,state_ext=neutral + state_slope=flat + state_vol=low_vol,2026-08-17 14:00:00+00:00,,-0.007809302675208,,SMH|1h|rolling|state_ext=neutral + state_slope=flat + state_vol=low_vol|2026-08-17 14:00:00+00:00,rolling,598.645,2026-08-19T21:31:41.964799+00:00,593.97,,True,long,-0.007809302675208,
SMH,1h,state_ext=neutral + state_slope=flat + state_vol=low_vol,2026-08-17 16:00:00+00:00,,-0.0578771695594126,,SMH|1h|rolling|state_ext=neutral + state_slope=flat + state_vol=low_vol|2026-08-17 16:00:00+00:00,rolling,599.2,2026-08-19T21:31:45.058856+00:00,564.52,,True,long,-0.0578771695594126,
SMH,1h,state_ext=neutral + state_slope=flat + state_vol=low_vol,2026-08-17 17:00:00+00:00,,-0.048252521529337,,SMH|1h|rolling|state_ext=neutral + state_slope=flat + state_vol=low_vol|2026-08-17 17:00:00+00:00,rolling,596.86,2026-08-19T21:31:47.561068+00:00,568.06,,True,long,-0.048252521529337,
SMH,1h,state_ext=neutral + state_slope=flat + state_vol=low_vol,2026-08-17 18:00:00+00:00,,-0.0486740123172316,,SMH|1h|rolling|state_ext=neutral + state_slope=flat + state_vol=low_vol|2026-08-17 18:00:00+00:00,rolling,596.725,2026-08-19T21:31:57.086685+00:00,567.68,,True,long,-0.0486740123172316,
SMH,1h,state_ext=neutral + state_slope=flat + state_vol=low_vol,2026-08-17 19:00:00+00:00,,-0.0474603094432379,,SMH|1h|rolling|state_ext=neutral + state_slope=flat + state_vol=low_vol|2026-08-17 19:00:00+00:00,rolling,593.97,2026-08-19T21:31:59.556938+00:00,565.78,,True,long,-0.0474603094432379,
SMH,1h,state_slope=flat + state_vol=low_vol,2026-08-11 13:00:00+00:00,,-0.0063358340150736,0.0253259299228907,SMH|1h|rolling|state_slope=flat + state_vol=low_vol|2026-08-11 13:00:00+00:00,rolling,574.51,2026-08-19T21:31:26.630144+00:00,570.87,589.06,False,long,-0.0063358340150736,0.0253259299228907
SMH,1h,state_slope=flat + state_vol=low_vol,2026-08-11 14:00:00+00:00,,-0.0048968535111482,0.0197089671459331,SMH|1h|rolling|state_slope=flat + state_vol=low_vol|2026-08-11 14:00:00+00:00,rolling,575.88,2026-08-19T21:31:26.671559+00:00,573.06,587.23,False,long,-0.0048968535111482,0.0197089671459331
SMH,1h,state_slope=flat + state_vol=low_vol,2026-08-11 15:00:00+00:00,,0.0259615886890356,0.022914453866379,SMH|1h|rolling|state_slope=flat + state_vol=low_vol|2026-08-11 15:00:00+00:00,rolling,574.31,2026-08-19T21:31:26.686030+00:00,589.22,587.47,False,long,0.0259615886890356,0.022914453866379
SMH,1h,state_slope=flat + state_vol=low_vol,2026-08-14 19:00:00+00:00,,0.0154479567185001,-0.0438939739358262,SMH|1h|rolling|state_slope=flat + state_vol=low_vol|2026-08-14 19:00:00+00:00,rolling,587.78,2026-08-19T21:31:39.834585+00:00,596.86,561.98,False,long,0.0154479567185001,-0.0438939739358262
SMH,1h,state_slope=flat + state_vol=low_vol,2026-08-17 13:00:00+00:00,,0.0005952680382983,-0.0603484414038264,SMH|1h|rolling|state_slope=flat + state_vol=low_vol|2026-08-17 13:00:00+00:00,rolling,596.37,2026-08-19T21:31:39.890347+00:00,596.725,560.38,False,long,0.0005952680382983,-0.0603484414038264
SMH,1h,state_slope=flat + state_vol=low_vol,2026-08-17 14:00:00+00:00,,-0.007809302675208,,SMH|1h|rolling|state_slope=flat + state_vol=low_vol|2026-08-17 14:00:00+00:00,rolling,598.645,2026-08-19T21:31:42.300169+00:00,593.97,,True,long,-0.007809302675208,
SMH,1h,state_slope=flat + state_vol=low_vol,2026-08-17 15:00:00+00:00,,-0.0479999999999999,,SMH|1h|rolling|state_slope=flat + state_vol=low_vol|2026-08-17 15:00:00+00:00,rolling,600.0,2026-08-19T21:31:43.370738+00:00,571.2,,True,long,-0.0479999999999999,
SMH,1h,state_slope=flat + state_vol=low_vol,2026-08-17 16:00:00+00:00,,-0.0578771695594126,,SMH|1h|rolling|state_slope=flat + state_vol=low_vol|2026-08-17 16:00:00+00:00,rolling,599.2,2026-08-19T21:31:45.427602+00:00,564.52,,True,long,-0.0578771695594126,
SMH,1h,state_slope=flat + state_vol=low_vol,2026-08-17 17:00:00+00:00,,-0.048252521529337,,SMH|1h|rolling|state_slope=flat + state_vol=low_vol|2026-08-17 17:00:00+00:00,rolling,596.86,2026-08-19T21:31:47.894413+00:00,568.06,,True,long,-0.048252521529337,
SMH,1h,state_slope=flat + state_vol=low_vol,2026-08-17 18:00:00+00:00,,-0.0486740123172316,,SMH|1h|rolling|state_slope=flat + state_vol=low_vol|2026-08-17 18:00:00+00:00,rolling,596.725,2026-08-19T21:31:57.439667+00:00,567.68,,True,long,-0.0486740123172316,
SMH,1h,state_slope=flat + state_vol=low_vol,2026-08-17 19:00:00+00:00,,-0.0474603094432379,,SMH|1h|rolling|state_slope=flat + state_vol=low_vol|2026-08-17 19:00:00+00:00,rolling,593.97,2026-08-19T21:31:59.930713+00:00,565.78,,True,long,-0.0474603094432379,
SOFI,1h,state_volume=vol_surge + state_slope=flat,2026-10-01 17:00:00+00:00,,0.005395112662646806,0.012059663598857462,SOFI|1h|rolling|state_volume=vol_surge + state_slope=flat|2026-10-01 17:00:00+00:00,rolling,15.755,2026-10-07T19:42:41.166367+00:00,15.84,15.945,False,short,-0.005395112662646806,-0.012059663598857462
SOFI,1h,state_volume=vol_surge + state_slope=flat,2026-10-06 16:00:00+00:00,,-0.02853559109438697,,SOFI|1h|rolling|state_volume=vol_surge + state_slope=flat|2026-10-06 16:00:00+00:00,rolling,15.945,2026-10-07T19:43:05.482590+00:00,15.49,,True,short,0.02853559109438697,
SOFI,1h,state_volume=vol_surge + state_slope=flat,2026-10-06 19:00:00+00:00,,-0.012373096446700482,,SOFI|1h|rolling|state_volume=vol_surge + state_slope=flat|2026-10-06 19:00:00+00:00,rolling,15.76,2026-10-07T19:43:19.993560+00:00,15.565,,True,short,0.012373096446700482,
SOXX,15m,cross_USO_state_ext=stretched_down + cross_TLT_state_slope=uptrend + state_ext=stretched_up,2026-09-16 14:00:00+00:00,,0.0023533813856395636,-0.020284375123084675,SOXX|15m|rolling|cross_USO_state_ext=stretched_down + cross_TLT_state_slope=uptrend + state_ext=stretched_up|2026-09-16 14:00:00+00:00,rolling,507.78,2026-10-07T19:42:32.149965+00:00,508.975,497.48,False,long,0.0023533813856395636,-0.020284375123084675
SOXX,15m,cross_USO_state_ext=stretched_down + cross_TLT_state_slope=uptrend + state_ext=stretched_up,2026-09-16 14:15:00+00:00,,-0.0004421778734192694,-0.01938704320569129,SOXX|15m|rolling|cross_USO_state_ext=stretched_down + cross_TLT_state_slope=uptrend + state_ext=stretched_up|2026-09-16 14:15:00+00:00,rolling,508.845,2026-10-07T19:42:32.168761+00:00,508.62,498.98,False,long,-0.0004421778734192694,-0.01938704320569129
SOXX,15m,cross_USO_state_ext=stretched_down + cross_TLT_state_slope=uptrend + state_ext=stretched_up,2026-09-21 16:15:00+00:00,,-0.00035955702574441695,0.014885660865813222,SOXX|15m|rolling|cross_USO_state_ext=stretched_down + cross_TLT_state_slope=uptrend + state_ext=stretched_up|2026-09-21 16:15:00+00:00,rolling,556.24,2026-10-07T19:42:34.920632+00:00,556.04,564.52,False,long,-0.00035955702574441695,0.014885660865813222
SOXX,15m,cross_USO_state_ext=stretched_down + cross_TLT_state_slope=uptrend + state_ext=stretched_up,2026-10-02 14:00:00+00:00,,-0.005635271754672266,-0.009689303076690137,SOXX|15m|rolling|cross_USO_state_ext=stretched_down + cross_TLT_state_slope=uptrend + state_ext=stretched_up|2026-10-02 14:00:00+00:00,rolling,594.47,2026-10-07T19:42:45.410090+00:00,591.12,588.71,False,long,-0.005635271754672266,-0.009689303076690137
SOXX,15m,cross_USO_state_ext=stretched_down + cross_TLT_state_slope=uptrend + state_ext=stretched_up,2026-10-02 14:15:00+00:00,,-0.004067944763361586,-0.009673976079812352,SOXX|15m|rolling|cross_USO_state_ext=stretched_down + cross_TLT_state_slope=uptrend + state_ext=stretched_up|2026-10-02 14:15:00+00:00,rolling,594.895,2026-10-07T19:42:45.720130+00:00,592.475,589.14,False,long,-0.004067944763361586,-0.009673976079812352
SOXX,15m,cross_USO_state_ext=stretched_down + state_ext=stretched_up,2026-10-02 14:00:00+00:00,,-0.005635271754672266,-0.009689303076690137,SOXX|15m|rolling|cross_USO_state_ext=stretched_down + state_ext=stretched_up|2026-10-02 14:00:00+00:00,rolling,594.47,2026-10-07T19:42:45.428197+00:00,591.12,588.71,False,long,-0.005635271754672266,-0.009689303076690137
SOXX,15m,cross_USO_state_ext=stretched_down + state_ext=stretched_up,2026-10-02 14:15:00+00:00,,-0.004067944763361586,-0.009673976079812352,SOXX|15m|rolling|cross_USO_state_ext=stretched_down + state_ext=stretched_up|2026-10-02 14:15:00+00:00,rolling,594.895,2026-10-07T19:42:45.738922+00:00,592.475,589.14,False,long,-0.004067944763361586,-0.009673976079812352
SOXX,1d,cross_USO_state_ext=stretched_down + state_ext=neutral,2026-08-04 04:00:00+00:00,,-0.0147728913908362,-0.057486973985343,SOXX|1d|rolling|cross_USO_state_ext=stretched_down + state_ext=neutral|2026-08-04,rolling,542.2100219726562,2026-09-29T21:38:00.985421+00:00,534.2000122070312,511.0400085449219,False,long,-0.0147728913908362,-0.057486973985343
SOXX,1d,cross_USO_state_ext=stretched_down + state_ext=neutral,2026-08-05 04:00:00+00:00,,0.0299792213653173,-0.0572640172402748,SOXX|1d|rolling|cross_USO_state_ext=stretched_down + state_ext=neutral|2026-08-05,rolling,530.7000122070312,2026-09-29T21:38:01.035036+00:00,546.6099853515625,500.30999755859375,False,long,0.0299792213653173,-0.0572640172402748
SOXX,1d,cross_USO_state_ext=stretched_down + state_ext=neutral,2026-08-06 04:00:00+00:00,,0.0342146211125791,-0.0583640350595681,SOXX|1d|rolling|cross_USO_state_ext=stretched_down + state_ext=neutral|2026-08-06,rolling,532.52001953125,2026-09-29T21:38:01.095398+00:00,550.739990234375,501.4400024414063,False,long,0.0342146211125791,-0.0583640350595681
SOXX,1h,state_session=lunch + state_slope=uptrend + state_vol=low_vol,2026-09-22 16:00:00+00:00,,-0.00678091480705223,0.00720362118463469,SOXX|1h|rolling|state_session=lunch + state_slope=uptrend + state_vol=low_vol|2026-09-22 16:00:00+00:00,rolling,567.77,2026-10-07T19:42:36.056522+00:00,563.92,571.86,False,long,-0.00678091480705223,0.00720362118463469
SOXX,1h,state_session=lunch + state_slope=uptrend + state_vol=low_vol,2026-09-22 17:00:00+00:00,,-0.01223994513128046,0.009021683695900728,SOXX|1h|rolling|state_session=lunch + state_slope=uptrend + state_vol=low_vol|2026-09-22 17:00:00+00:00,rolling,568.63,2026-10-07T19:42:36.097097+00:00,561.67,573.76,False,long,-0.01223994513128046,0.009021683695900728
SOXX,1h,state_session=lunch + state_volume=vol_surge,2026-09-17 16:00:00+00:00,,0.009756942439812955,0.0912476184977773,SOXX|1h|rolling|state_session=lunch + state_volume=vol_surge|2026-09-17 16:00:00+00:00,rolling,519.63,2026-10-07T19:42:33.748505+00:00,524.7,567.045,False,long,0.009756942439812955,0.0912476184977773
SOXX,1h,state_session=lunch + state_volume=vol_surge,2026-09-28 16:00:00+00:00,,0.02565386059316732,0.019459391815792815,SOXX|1h|rolling|state_session=lunch + state_volume=vol_surge|2026-09-28 16:00:00+00:00,rolling,559.37,2026-10-07T19:42:36.832382+00:00,573.72,570.255,False,long,0.02565386059316732,0.019459391815792815
SOXX,1h,state_session=lunch + state_volume=vol_surge,2026-10-01 17:00:00+00:00,,0.02986277858201647,0.028137758861313644,SOXX|1h|rolling|state_session=lunch + state_volume=vol_surge|2026-10-01 17:00:00+00:00,rolling,576.805,2026-10-07T19:42:41.176676+00:00,594.03,593.035,False,long,0.02986277858201647,0.028137758861313644
SPG,1d,cross_USO_state_vol=high_vol + state_ext=neutral,2026-07-21 04:00:00+00:00,,,,SPG|1d|rolling|cross_USO_state_vol=high_vol + state_ext=neutral|2026-07-21,rolling,226.7899932861328,2026-07-24T21:21:14.446908+00:00,,,True,long,,
SPG,1d,cross_USO_state_vol=high_vol + state_ext=neutral,2026-07-22 04:00:00+00:00,,,,SPG|1d|rolling|cross_USO_state_vol=high_vol + state_ext=neutral|2026-07-22,rolling,226.22000122070312,2026-07-24T21:21:20.335200+00:00,,,True,long,,
SPG,1d,cross_USO_state_vol=high_vol + state_ext=neutral,2026-07-23 04:00:00+00:00,,,,SPG|1d|rolling|cross_USO_state_vol=high_vol + state_ext=neutral|2026-07-23,rolling,225.1999969482422,2026-07-24T21:21:28.030324+00:00,,,True,long,,
SPG,1h,state_session=afternoon + state_vol=mid_vol,2026-09-11 19:00:00+00:00,,4.882335709410768e-05,-0.0173322917683819,SPG|1h|rolling|state_session=afternoon + state_vol=mid_vol|2026-09-11 19:00:00+00:00,rolling,204.82,2026-10-05T21:59:20.021597+00:00,204.83,201.27,False,long,4.882335709410768e-05,-0.0173322917683819
SPOT,15m,state_volume=vol_normal + state_ext=stretched_down,2026-08-27 16:15:00+00:00,,0.0086103209301438,,SPOT|15m|rolling|state_volume=vol_normal + state_ext=stretched_down|2026-08-27 16:15:00+00:00,rolling,523.79,2026-08-27T21:32:18.242395+00:00,528.3,,True,long,0.0086103209301438,
SPY,1h,state_session=afternoon + state_slope=downtrend,2026-07-02 20:00:00+00:00,,0.0105433628556452,0.0016261910841721,SPY|1h|state_session=afternoon + state_slope=downtrend|2026-07-02 20:00:00+00:00,insample,744.07,2026-07-09T21:46:19.128496+00:00,751.915,745.28,False,,,
SPY,1h,state_session=afternoon + state_slope=downtrend,2026-07-08 19:00:00+00:00,,0.0084934521253756,,SPY|1h|state_session=afternoon + state_slope=downtrend|2026-07-08 19:00:00+00:00,insample,745.28,2026-07-09T21:46:21.639576+00:00,751.61,,True,,,
T,1h,cross_USO_state_slope=uptrend + state_slope=uptrend,2026-08-17 18:00:00+00:00,,0.0166160081053698,0.0190476190476189,T|1h|rolling|cross_USO_state_slope=uptrend + state_slope=uptrend|2026-08-17 18:00:00+00:00,rolling,24.675,2026-09-11T21:40:05.472036+00:00,25.085,25.145,False,long,0.0166160081053698,0.0190476190476189
T,1h,cross_USO_state_slope=uptrend + state_slope=uptrend,2026-08-17 19:00:00+00:00,,0.0168016194331983,0.0202429149797571,T|1h|rolling|cross_USO_state_slope=uptrend + state_slope=uptrend|2026-08-17 19:00:00+00:00,rolling,24.7,2026-09-11T21:40:05.482335+00:00,25.115,25.2,False,long,0.0168016194331983,0.0202429149797571
T,1h,cross_USO_state_slope=uptrend + state_slope=uptrend,2026-08-18 14:00:00+00:00,,-0.0099324592769169,0.0111243543901469,T|1h|rolling|cross_USO_state_slope=uptrend + state_slope=uptrend|2026-08-18 14:00:00+00:00,rolling,25.17,2026-09-11T21:40:05.491908+00:00,24.92,25.45,False,long,-0.0099324592769169,0.0111243543901469
T,1h,cross_USO_state_slope=uptrend + state_slope=uptrend,2026-08-18 15:00:00+00:00,,0.0091724825523429,0.0163509471585243,T|1h|rolling|cross_USO_state_slope=uptrend + state_slope=uptrend|2026-08-18 15:00:00+00:00,rolling,25.075,2026-09-11T21:40:05.501399+00:00,25.305,25.485,False,long,0.0091724825523429,0.0163509471585243
T,1h,cross_USO_state_slope=uptrend + state_slope=uptrend,2026-08-18 16:00:00+00:00,,0.0121586605541159,0.0167430735499301,T|1h|rolling|cross_USO_state_slope=uptrend + state_slope=uptrend|2026-08-18 16:00:00+00:00,rolling,25.085,2026-09-11T21:40:05.529944+00:00,25.39,25.505,False,long,0.0121586605541159,0.0167430735499301
T,1h,cross_USO_state_slope=uptrend + state_slope=uptrend,2026-08-18 17:00:00+00:00,,0.0069679474417678,0.0103523790563408,T|1h|rolling|cross_USO_state_slope=uptrend + state_slope=uptrend|2026-08-18 17:00:00+00:00,rolling,25.115,2026-09-11T21:40:05.575662+00:00,25.29,25.375,False,long,0.0069679474417678,0.0103523790563408
T,1h,cross_USO_state_slope=uptrend + state_slope=uptrend,2026-08-18 18:00:00+00:00,,0.0005965400676077,0.0069596341220918,T|1h|rolling|cross_USO_state_slope=uptrend + state_slope=uptrend|2026-08-18 18:00:00+00:00,rolling,25.145,2026-09-11T21:40:05.585055+00:00,25.16,25.32,False,long,0.0005965400676077,0.0069596341220918
T,1h,cross_USO_state_slope=uptrend + state_slope=uptrend,2026-08-18 19:00:00+00:00,,0.0079968012794882,0.012794882047181,T|1h|rolling|cross_USO_state_slope=uptrend + state_slope=uptrend|2026-08-18 19:00:00+00:00,rolling,25.01,2026-09-11T21:40:05.604009+00:00,25.21,25.33,False,long,0.0079968012794882,0.012794882047181
T,1h,cross_USO_state_slope=uptrend + state_slope=uptrend,2026-08-19 13:00:00+00:00,,-0.004742145820984,0.0001975894092076,T|1h|rolling|cross_USO_state_slope=uptrend + state_slope=uptrend|2026-08-19 13:00:00+00:00,rolling,25.305,2026-09-11T21:40:06.656658+00:00,25.185,25.31,False,long,-0.004742145820984,0.0001975894092076
T,1h,cross_USO_state_slope=uptrend + state_slope=uptrend,2026-08-19 14:00:00+00:00,,-0.0100433241433635,0.0057109098070107,T|1h|rolling|cross_USO_state_slope=uptrend + state_slope=uptrend|2026-08-19 14:00:00+00:00,rolling,25.39,2026-09-11T21:40:06.676464+00:00,25.135,25.535,False,long,-0.0100433241433635,0.0057109098070107
T,1h,cross_USO_state_slope=uptrend + state_slope=uptrend,2026-08-19 15:00:00+00:00,,-0.0041518386714116,0.0140371688414393,T|1h|rolling|cross_USO_state_slope=uptrend + state_slope=uptrend|2026-08-19 15:00:00+00:00,rolling,25.29,2026-09-11T21:40:06.704965+00:00,25.185,25.645,False,long,-0.0041518386714116,0.0140371688414393
T,1h,cross_USO_state_slope=uptrend + state_slope=uptrend,2026-08-19 16:00:00+00:00,,-0.0005961844197138,0.0210651828298886,T|1h|rolling|cross_USO_state_slope=uptrend + state_slope=uptrend|2026-08-19 16:00:00+00:00,rolling,25.16,2026-09-11T21:40:06.733190+00:00,25.145,25.69,False,long,-0.0005961844197138,0.0210651828298886
T,1h,cross_USO_state_slope=uptrend + state_slope=uptrend,2026-08-19 17:00:00+00:00,,-0.0029750099166997,0.0182467274890916,T|1h|rolling|cross_USO_state_slope=uptrend + state_slope=uptrend|2026-08-19 17:00:00+00:00,rolling,25.21,2026-09-11T21:40:06.742678+00:00,25.135,25.67,False,long,-0.0029750099166997,0.0182467274890916
T,1h,cross_USO_state_slope=uptrend + state_slope=uptrend,2026-08-19 18:00:00+00:00,,-0.0029779630732578,0.0220369267421083,T|1h|rolling|cross_USO_state_slope=uptrend + state_slope=uptrend|2026-08-19 18:00:00+00:00,rolling,25.185,2026-09-11T21:40:06.780391+00:00,25.11,25.74,False,long,-0.0029779630732578,0.0220369267421083
T,1h,cross_USO_state_slope=uptrend + state_slope=uptrend,2026-08-19 19:00:00+00:00,,0.0003978516013525,0.0234732444798089,T|1h|rolling|cross_USO_state_slope=uptrend + state_slope=uptrend|2026-08-19 19:00:00+00:00,rolling,25.135,2026-09-11T21:40:06.817960+00:00,25.145,25.725,False,long,0.0003978516013525,0.0234732444798089
T,1h,cross_USO_state_slope=uptrend + state_slope=uptrend,2026-08-20 13:00:00+00:00,,0.0005955926146516,0.0208457415128053,T|1h|rolling|cross_USO_state_slope=uptrend + state_slope=uptrend|2026-08-20 13:00:00+00:00,rolling,25.185,2026-09-11T21:40:08.314934+00:00,25.2,25.71,False,long,0.0005955926146516,0.0208457415128053
T,1h,cross_USO_state_slope=uptrend + state_slope=uptrend,2026-08-20 14:00:00+00:00,,0.0015907735136209,0.01590773513621,T|1h|rolling|cross_USO_state_slope=uptrend + state_slope=uptrend|2026-08-20 14:00:00+00:00,rolling,25.145,2026-09-11T21:40:08.352842+00:00,25.185,25.545,False,long,0.0015907735136209,0.01590773513621
T,1h,cross_USO_state_slope=uptrend + state_slope=uptrend,2026-08-20 15:00:00+00:00,,0.0125323254426097,0.0226775412771034,T|1h|rolling|cross_USO_state_slope=uptrend + state_slope=uptrend|2026-08-20 15:00:00+00:00,rolling,25.135,2026-09-11T21:40:08.381394+00:00,25.45,25.705,False,long,0.0125323254426097,0.0226775412771034
T,1h,cross_USO_state_slope=uptrend + state_slope=uptrend,2026-08-20 16:00:00+00:00,,0.0149342891278374,0.0252887295898049,T|1h|rolling|cross_USO_state_slope=uptrend + state_slope=uptrend|2026-08-20 16:00:00+00:00,rolling,25.11,2026-09-11T21:40:08.479619+00:00,25.485,25.745,False,long,0.0149342891278374,0.0252887295898049
T,1h,cross_USO_state_slope=uptrend + state_slope=uptrend,2026-08-21 16:00:00+00:00,,0.0106403940886699,0.0193103448275862,T|1h|rolling|cross_USO_state_slope=uptrend + state_slope=uptrend|2026-08-21 16:00:00+00:00,rolling,25.375,2026-09-11T21:40:12.223985+00:00,25.645,25.865,False,long,0.0106403940886699,0.0193103448275862
T,1h,cross_USO_state_slope=uptrend + state_slope=uptrend,2026-09-11 14:00:00+00:00,,-0.0057251908396945,,T|1h|rolling|cross_USO_state_slope=uptrend + state_slope=uptrend|2026-09-11 14:00:00+00:00,rolling,26.2,2026-09-11T21:40:49.067107+00:00,26.05,,True,long,-0.0057251908396945,
T,1h,cross_USO_state_slope=uptrend + state_slope=uptrend,2026-09-11 15:00:00+00:00,,,,T|1h|rolling|cross_USO_state_slope=uptrend + state_slope=uptrend|2026-09-11 15:00:00+00:00,rolling,26.17,2026-09-11T21:40:51.192274+00:00,,,True,long,,
T,1h,cross_USO_state_slope=uptrend + state_slope=uptrend,2026-09-11 19:00:00+00:00,,,,T|1h|rolling|cross_USO_state_slope=uptrend + state_slope=uptrend|2026-09-11 19:00:00+00:00,rolling,26.05,2026-09-11T21:40:59.557051+00:00,,,True,long,,
TGT,1d,cross_USO_state_vol=high_vol + state_ext=neutral,2026-07-23 04:00:00+00:00,,,,TGT|1d|rolling|cross_USO_state_vol=high_vol + state_ext=neutral|2026-07-23,rolling,134.47999572753906,2026-07-24T21:21:28.726123+00:00,,,True,long,,
TGT,1h,state_ext=neutral + state_slope=downtrend + state_vol=mid_vol,2026-10-05 16:00:00+00:00,,0.006328907447884502,,TGT|1h|rolling|state_ext=neutral + state_slope=downtrend + state_vol=mid_vol|2026-10-05 16:00:00+00:00,rolling,153.265,2026-10-07T19:42:53.212015+00:00,154.235,,True,long,0.006328907447884502,
TGT,1h,state_ext=neutral + state_slope=downtrend + state_vol=mid_vol,2026-10-05 17:00:00+00:00,,0.003779979144942658,,TGT|1h|rolling|state_ext=neutral + state_slope=downtrend + state_vol=mid_vol|2026-10-05 17:00:00+00:00,rolling,153.44,2026-10-07T19:42:53.918098+00:00,154.02,,True,long,0.003779979144942658,
TGT,1h,state_ext=neutral + state_slope=downtrend + state_vol=mid_vol,2026-10-05 18:00:00+00:00,,0.0011762783858846326,,TGT|1h|rolling|state_ext=neutral + state_slope=downtrend + state_vol=mid_vol|2026-10-05 18:00:00+00:00,rolling,153.025,2026-10-07T19:42:54.262848+00:00,153.205,,True,long,0.0011762783858846326,
TGT,1h,state_ext=neutral + state_slope=downtrend + state_vol=mid_vol,2026-10-05 19:00:00+00:00,,0.001078431372548927,,TGT|1h|rolling|state_ext=neutral + state_slope=downtrend + state_vol=mid_vol|2026-10-05 19:00:00+00:00,rolling,153.0,2026-10-07T19:42:58.866040+00:00,153.165,,True,long,0.001078431372548927,
TGT,1h,state_ext=neutral + state_slope=downtrend + state_vol=mid_vol,2026-10-06 13:00:00+00:00,,0.006792945787067239,,TGT|1h|rolling|state_ext=neutral + state_slope=downtrend + state_vol=mid_vol|2026-10-06 13:00:00+00:00,rolling,153.1,2026-10-07T19:43:00.655353+00:00,154.14,,True,long,0.006792945787067239,
TGT,1h,state_ext=neutral + state_slope=downtrend + state_vol=mid_vol,2026-10-06 14:00:00+00:00,,0.0009401238370019271,,TGT|1h|rolling|state_ext=neutral + state_slope=downtrend + state_vol=mid_vol|2026-10-06 14:00:00+00:00,rolling,154.235,2026-10-07T19:43:01.955919+00:00,154.38,,True,long,0.0009401238370019271,
TGT,1h,state_ext=neutral + state_slope=downtrend + state_vol=mid_vol,2026-10-06 15:00:00+00:00,,-0.00077911959485788,,TGT|1h|rolling|state_ext=neutral + state_slope=downtrend + state_vol=mid_vol|2026-10-06 15:00:00+00:00,rolling,154.02,2026-10-07T19:43:03.485653+00:00,153.9,,True,long,-0.00077911959485788,
TGT,1h,state_ext=neutral + state_slope=downtrend + state_vol=mid_vol,2026-10-06 16:00:00+00:00,,0.0018602526027218236,,TGT|1h|rolling|state_ext=neutral + state_slope=downtrend + state_vol=mid_vol|2026-10-06 16:00:00+00:00,rolling,153.205,2026-10-07T19:43:05.839936+00:00,153.49,,True,long,0.0018602526027218236,
TGT,1h,state_ext=neutral + state_slope=downtrend + state_vol=mid_vol,2026-10-06 17:00:00+00:00,,0.003199164299938051,,TGT|1h|rolling|state_ext=neutral + state_slope=downtrend + state_vol=mid_vol|2026-10-06 17:00:00+00:00,rolling,153.165,2026-10-07T19:43:07.903123+00:00,153.655,,True,long,0.003199164299938051,
TGT,1h,state_ext=neutral + state_slope=downtrend + state_vol=mid_vol,2026-10-06 18:00:00+00:00,,-0.00577397171402616,,TGT|1h|rolling|state_ext=neutral + state_slope=downtrend + state_vol=mid_vol|2026-10-06 18:00:00+00:00,rolling,154.14,2026-10-07T19:43:10.397221+00:00,153.25,,True,long,-0.00577397171402616,
TGT,1h,state_ext=neutral + state_slope=downtrend + state_vol=mid_vol,2026-10-06 19:00:00+00:00,,-0.006090646969255209,,TGT|1h|rolling|state_ext=neutral + state_slope=downtrend + state_vol=mid_vol|2026-10-06 19:00:00+00:00,rolling,154.335,2026-10-07T19:43:11.468989+00:00,153.395,,True,long,-0.006090646969255209,
TGT,1h,state_volume=vol_surge + state_ext=stretched_down,2026-08-17 17:00:00+00:00,,0.00487098472880465,0.053909952606635336,TGT|1h|rolling|state_volume=vol_surge + state_ext=stretched_down|2026-08-17 17:00:00+00:00,rolling,151.92,2026-10-07T19:42:27.296480+00:00,152.66,160.11,False,long,0.00487098472880465,0.053909952606635336
TGT,1h,state_volume=vol_surge + state_ext=stretched_down,2026-08-25 13:00:00+00:00,,0.007589781562384212,0.023725780575095667,TGT|1h|rolling|state_volume=vol_surge + state_ext=stretched_down|2026-08-25 13:00:00+00:00,rolling,162.06,2026-10-07T19:42:28.103298+00:00,163.29,165.905,False,long,0.007589781562384212,0.023725780575095667
TGT,1h,state_volume=vol_surge + state_ext=stretched_down,2026-10-05 14:00:00+00:00,,0.014454316403660128,,TGT|1h|rolling|state_volume=vol_surge + state_ext=stretched_down|2026-10-05 14:00:00+00:00,rolling,150.82,2026-10-07T19:42:51.112898+00:00,153.0,,True,long,0.014454316403660128,
TGT,1h,state_volume=vol_surge + state_ext=stretched_down,2026-10-05 15:00:00+00:00,,0.007402533311399839,,TGT|1h|rolling|state_volume=vol_surge + state_ext=stretched_down|2026-10-05 15:00:00+00:00,rolling,151.975,2026-10-07T19:42:52.237728+00:00,153.1,,True,long,0.007402533311399839,
TGT,1h,state_volume=vol_surge + state_ext=stretched_down,2026-10-05 18:00:00+00:00,,0.0060413041336968565,,TGT|1h|rolling|state_volume=vol_surge + state_ext=stretched_down|2026-10-05 18:00:00+00:00,rolling,152.285,2026-10-07T19:42:58.164146+00:00,153.205,,True,long,0.0060413041336968565,
TMO,1h,state_gap_open=gap_open_flat + state_relvol=relvol_elevated + state_ext=stretched_down,2026-10-01 15:00:00+00:00,,-0.017176378332730113,-0.004373265773917168,TMO|1h|rolling|state_gap_open=gap_open_flat + state_relvol=relvol_elevated + state_ext=stretched_down|2026-10-01 15:00:00+00:00,rolling,663.12,2026-10-07T19:42:41.114503+00:00,651.73,660.22,False,long,-0.017176378332730113,-0.004373265773917168
TMO,1h,state_gap_open=gap_open_flat + state_relvol=relvol_elevated + state_ext=stretched_down,2026-10-01 17:00:00+00:00,,-0.0024305132268682694,0.008594416676825478,TMO|1h|rolling|state_gap_open=gap_open_flat + state_relvol=relvol_elevated + state_ext=stretched_down|2026-10-01 17:00:00+00:00,rolling,656.24,2026-10-07T19:42:41.186893+00:00,654.645,661.88,False,long,-0.0024305132268682694,0.008594416676825478
TMO,1h,state_gap_open=gap_open_flat + state_relvol=relvol_elevated + state_ext=stretched_down,2026-10-01 18:00:00+00:00,,-0.008904645142679302,0.004972329555374966,TMO|1h|rolling|state_gap_open=gap_open_flat + state_relvol=relvol_elevated + state_ext=stretched_down|2026-10-01 18:00:00+00:00,rolling,658.645,2026-10-07T19:42:41.229659+00:00,652.78,661.92,False,long,-0.008904645142679302,0.004972329555374966
TMO,1h,state_gap_open=gap_open_flat + state_relvol=relvol_elevated + state_ext=stretched_down,2026-10-02 13:00:00+00:00,,0.003314255903518193,0.007886701548187158,TMO|1h|rolling|state_gap_open=gap_open_flat + state_relvol=relvol_elevated + state_ext=stretched_down|2026-10-02 13:00:00+00:00,rolling,651.73,2026-10-07T19:42:45.586412+00:00,653.89,656.87,False,long,0.003314255903518193,0.007886701548187158
TMO,1h,state_relvol=relvol_elevated + state_ext=stretched_down,2026-10-01 15:00:00+00:00,,-0.017176378332730113,-0.004373265773917168,TMO|1h|rolling|state_relvol=relvol_elevated + state_ext=stretched_down|2026-10-01 15:00:00+00:00,rolling,663.12,2026-10-07T19:42:41.124882+00:00,651.73,660.22,False,long,-0.017176378332730113,-0.004373265773917168
TMO,1h,state_relvol=relvol_elevated + state_ext=stretched_down,2026-10-01 17:00:00+00:00,,-0.0024305132268682694,0.008594416676825478,TMO|1h|rolling|state_relvol=relvol_elevated + state_ext=stretched_down|2026-10-01 17:00:00+00:00,rolling,656.24,2026-10-07T19:42:41.197475+00:00,654.645,661.88,False,long,-0.0024305132268682694,0.008594416676825478
TMO,1h,state_relvol=relvol_elevated + state_ext=stretched_down,2026-10-01 18:00:00+00:00,,-0.008904645142679302,0.004972329555374966,TMO|1h|rolling|state_relvol=relvol_elevated + state_ext=stretched_down|2026-10-01 18:00:00+00:00,rolling,658.645,2026-10-07T19:42:41.271037+00:00,652.78,661.92,False,long,-0.008904645142679302,0.004972329555374966
TMO,1h,state_relvol=relvol_elevated + state_ext=stretched_down,2026-10-02 13:00:00+00:00,,0.003314255903518193,0.007886701548187158,TMO|1h|rolling|state_relvol=relvol_elevated + state_ext=stretched_down|2026-10-02 13:00:00+00:00,rolling,651.73,2026-10-07T19:42:45.596895+00:00,653.89,656.87,False,long,0.003314255903518193,0.007886701548187158
TSLA,1d,cross_USO_state_ext=stretched_down + cross_TLT_state_slope=downtrend + state_ext=stretched_down,2026-08-04 04:00:00+00:00,,0.01667936872850273,0.12402628790749737,TSLA|1d|rolling|cross_USO_state_ext=stretched_down + cross_TLT_state_slope=downtrend + state_ext=stretched_down|2026-08-04,rolling,327.3500061035156,2026-10-07T19:42:26.717756+00:00,332.80999755859375,367.95001220703125,False,long,0.01667936872850273,0.12402628790749737
TSLA,1d,cross_USO_state_ext=stretched_down + cross_TLT_state_slope=downtrend + state_ext=stretched_down,2026-08-05 04:00:00+00:00,,0.018535289065206406,0.1074172285994941,TSLA|1d|rolling|cross_USO_state_ext=stretched_down + cross_TLT_state_slope=downtrend + state_ext=stretched_down|2026-08-05,rolling,321.54998779296875,2026-10-07T19:42:26.754365+00:00,327.510009765625,356.0899963378906,False,long,0.018535289065206406,0.1074172285994941
TSLA,1d,cross_USO_state_ext=stretched_down + cross_TLT_state_slope=downtrend + state_ext=stretched_down,2026-09-29 04:00:00+00:00,,0.07890260919068304,,TSLA|1d|rolling|cross_USO_state_ext=stretched_down + cross_TLT_state_slope=downtrend + state_ext=stretched_down|2026-09-29,rolling,352.8399963378906,2026-10-07T19:42:40.772913+00:00,380.67999267578125,,True,long,0.07890260919068304,
TSLA,1d,cross_USO_state_ext=stretched_down + cross_TLT_state_slope=downtrend + state_ext=stretched_down,2026-09-30 04:00:00+00:00,,0.06306192777927921,,TSLA|1d|rolling|cross_USO_state_ext=stretched_down + cross_TLT_state_slope=downtrend + state_ext=stretched_down|2026-09-30,rolling,354.8099975585937,2026-10-07T19:42:44.660037+00:00,377.185,,True,long,0.06306192777927921,
TSM,1d,state_ext=neutral + state_ret_1=ret_down,2026-08-28 04:00:00+00:00,,0.024531668968471143,0.084690593982514,TSM|1d|rolling|state_ext=neutral + state_ret_1=ret_down|2026-08-28,rolling,417.5199890136719,2026-10-07T19:42:28.966861+00:00,427.762451171875,452.8800048828125,False,long,0.024531668968471143,0.084690593982514
TXN,15m,cross_USO_state_slope=downtrend + cross_TLT_state_slope=uptrend + state_ext=stretched_up,2026-09-11 15:00:00+00:00,,0.0023975508096343,,TXN|15m|rolling|cross_USO_state_slope=downtrend + cross_TLT_state_slope=uptrend + state_ext=stretched_up|2026-09-11 15:00:00+00:00,rolling,271.11,2026-09-11T21:40:48.346205+00:00,271.76,,True,long,0.0023975508096343,
TXN,15m,cross_USO_state_slope=downtrend + cross_TLT_state_slope=uptrend + state_ext=stretched_up,2026-09-11 15:15:00+00:00,,0.0004782928623987,,TXN|15m|rolling|cross_USO_state_slope=downtrend + cross_TLT_state_slope=uptrend + state_ext=stretched_up|2026-09-11 15:15:00+00:00,rolling,271.8,2026-09-11T21:40:49.415304+00:00,271.93,,True,long,0.0004782928623987,
UBER,15m,cross_USO_state_vol=high_vol + state_ext=stretched_down,2026-08-31 15:15:00+00:00,,-0.0026281208935609,-0.0161629434954007,UBER|15m|rolling|cross_USO_state_vol=high_vol + state_ext=stretched_down|2026-08-31 15:15:00+00:00,rolling,76.1,2026-09-24T21:42:14.989993+00:00,75.9,74.87,False,long,-0.0026281208935609,-0.0161629434954007
UNG,1h,cross_USO_state_ext=neutral + cross_TLT_state_slope=flat + state_ext=stretched_up,2026-09-23 14:00:00+00:00,,0.015902712815715647,0.00654817586529477,UNG|1h|rolling|cross_USO_state_ext=neutral + cross_TLT_state_slope=flat + state_ext=stretched_up|2026-09-23 14:00:00+00:00,rolling,10.69,2026-10-07T19:42:36.400466+00:00,10.86,10.76,False,short,-0.015902712815715647,-0.00654817586529477
UNG,1h,cross_USO_state_ext=neutral + cross_TLT_state_slope=flat + state_ext=stretched_up,2026-09-23 15:00:00+00:00,,0.0009259259259259967,-0.0018518518518519933,UNG|1h|rolling|cross_USO_state_ext=neutral + cross_TLT_state_slope=flat + state_ext=stretched_up|2026-09-23 15:00:00+00:00,rolling,10.8,2026-10-07T19:42:36.451040+00:00,10.81,10.78,False,short,-0.0009259259259259967,0.0018518518518519933
UNG,1h,cross_USO_state_ext=neutral + cross_TLT_state_slope=flat + state_ext=stretched_up,2026-10-05 14:00:00+00:00,,0.002849002849002913,,UNG|1h|rolling|cross_USO_state_ext=neutral + cross_TLT_state_slope=flat + state_ext=stretched_up|2026-10-05 14:00:00+00:00,rolling,10.53,2026-10-07T19:42:51.485655+00:00,10.56,,True,short,-0.002849002849002913,
UNG,1h,cross_USO_state_ext=neutral + cross_TLT_state_slope=flat + state_ext=stretched_up,2026-10-05 15:00:00+00:00,,0.0185185185185186,,UNG|1h|rolling|cross_USO_state_ext=neutral + cross_TLT_state_slope=flat + state_ext=stretched_up|2026-10-05 15:00:00+00:00,rolling,10.53,2026-10-07T19:42:52.512931+00:00,10.725,,True,short,-0.0185185185185186,
UNG,1h,cross_USO_state_ext=neutral + cross_TLT_state_slope=flat + state_ext=stretched_up,2026-10-06 19:00:00+00:00,,0.02236719478098781,,UNG|1h|rolling|cross_USO_state_ext=neutral + cross_TLT_state_slope=flat + state_ext=stretched_up|2026-10-06 19:00:00+00:00,rolling,10.73,2026-10-07T19:43:20.396700+00:00,10.97,,True,short,-0.02236719478098781,
UNG,1h,cross_USO_state_ext=neutral + cross_TLT_state_slope=flat + state_ext=stretched_up,2026-10-07 13:00:00+00:00,,0.013799448022079108,,UNG|1h|rolling|cross_USO_state_ext=neutral + cross_TLT_state_slope=flat + state_ext=stretched_up|2026-10-07 13:00:00+00:00,rolling,10.87,2026-10-07T19:43:24.332248+00:00,11.02,,True,short,-0.013799448022079108,
UNG,1h,cross_USO_state_ext=neutral + cross_TLT_state_slope=flat + state_ext=stretched_up,2026-10-07 14:00:00+00:00,,-0.01341681574239717,,UNG|1h|rolling|cross_USO_state_ext=neutral + cross_TLT_state_slope=flat + state_ext=stretched_up|2026-10-07 14:00:00+00:00,rolling,11.18,2026-10-07T19:43:28.250662+00:00,11.03,,True,short,0.01341681574239717,
UNG,1h,cross_USO_state_ext=neutral + cross_TLT_state_slope=flat + state_ext=stretched_up,2026-10-07 15:00:00+00:00,,,,UNG|1h|rolling|cross_USO_state_ext=neutral + cross_TLT_state_slope=flat + state_ext=stretched_up|2026-10-07 15:00:00+00:00,rolling,11.17,2026-10-07T19:43:31.352499+00:00,,,True,short,,
UNG,1h,cross_USO_state_ext=neutral + cross_TLT_state_slope=flat + state_ext=stretched_up,2026-10-07 17:00:00+00:00,,,,UNG|1h|rolling|cross_USO_state_ext=neutral + cross_TLT_state_slope=flat + state_ext=stretched_up|2026-10-07 17:00:00+00:00,rolling,10.97,2026-10-07T19:43:35.573852+00:00,,,True,short,,
UNG,1h,cross_USO_state_ext=neutral + cross_TLT_state_slope=flat + state_ext=stretched_up,2026-10-07 18:00:00+00:00,,,,UNG|1h|rolling|cross_USO_state_ext=neutral + cross_TLT_state_slope=flat + state_ext=stretched_up|2026-10-07 18:00:00+00:00,rolling,11.02,2026-10-07T19:43:44.691852+00:00,,,True,short,,
UNH,15m,state_ext=stretched_up + state_vol=mid_vol,2026-09-08 17:15:00+00:00,,-0.0024987879013911,,UNH|15m|rolling|state_ext=stretched_up + state_vol=mid_vol|2026-09-08 17:15:00+00:00,rolling,402.195,2026-09-08T21:41:16.158082+00:00,401.19,,True,long,-0.0024987879013911,
URA,15m,cross_TLT_state_slope=uptrend + state_ext=stretched_up,2026-09-30 14:15:00+00:00,,-0.0194091796875,-0.024658203125,URA|15m|rolling|cross_TLT_state_slope=uptrend + state_ext=stretched_up|2026-09-30 14:15:00+00:00,rolling,40.96,2026-10-05T21:59:31.160538+00:00,40.165,39.95,False,long,-0.0194091796875,-0.024658203125
URA,15m,cross_TLT_state_slope=uptrend + state_ext=stretched_up,2026-10-02 14:00:00+00:00,,-0.0067365269461077,-0.0067365269461077,URA|15m|rolling|cross_TLT_state_slope=uptrend + state_ext=stretched_up|2026-10-02 14:00:00+00:00,rolling,40.08,2026-10-05T21:59:48.336203+00:00,39.81,39.81,False,long,-0.0067365269461077,-0.0067365269461077
URA,15m,cross_TLT_state_slope=uptrend + state_ext=stretched_up,2026-10-02 14:15:00+00:00,,-0.0077210460772103,-0.0082191780821917,URA|15m|rolling|cross_TLT_state_slope=uptrend + state_ext=stretched_up|2026-10-02 14:15:00+00:00,rolling,40.15,2026-10-05T21:59:51.004424+00:00,39.84,39.82,False,long,-0.0077210460772103,-0.0082191780821917
URA,15m,cross_USO_state_slope=downtrend + cross_TLT_state_slope=uptrend + state_ext=stretched_up,2026-09-17 14:00:00+00:00,,0.0039981185324551305,0.007525870178739513,URA|15m|rolling|cross_USO_state_slope=downtrend + cross_TLT_state_slope=uptrend + state_ext=stretched_up|2026-09-17 14:00:00+00:00,rolling,42.52,2026-10-07T19:42:33.581815+00:00,42.69,42.84,False,long,0.0039981185324551305,0.007525870178739513
URA,15m,cross_USO_state_slope=downtrend + cross_TLT_state_slope=uptrend + state_ext=stretched_up,2026-09-17 14:15:00+00:00,,0.006823529411764673,0.007294117647058895,URA|15m|rolling|cross_USO_state_slope=downtrend + cross_TLT_state_slope=uptrend + state_ext=stretched_up|2026-09-17 14:15:00+00:00,rolling,42.5,2026-10-07T19:42:33.599717+00:00,42.79,42.81,False,long,0.006823529411764673,0.007294117647058895
URA,15m,cross_USO_state_slope=downtrend + cross_TLT_state_slope=uptrend + state_ext=stretched_up,2026-09-17 15:00:00+00:00,,0.010362694300518172,-0.007065473386717036,URA|15m|rolling|cross_USO_state_slope=downtrend + cross_TLT_state_slope=uptrend + state_ext=stretched_up|2026-09-17 15:00:00+00:00,rolling,42.46,2026-10-07T19:42:33.635223+00:00,42.9,42.16,False,long,0.010362694300518172,-0.007065473386717036
URA,15m,cross_USO_state_slope=downtrend + cross_TLT_state_slope=uptrend + state_ext=stretched_up,2026-09-17 15:15:00+00:00,,0.008450704225352101,-0.013849765258216018,URA|15m|rolling|cross_USO_state_slope=downtrend + cross_TLT_state_slope=uptrend + state_ext=stretched_up|2026-09-17 15:15:00+00:00,rolling,42.6,2026-10-07T19:42:33.663204+00:00,42.96,42.01,False,long,0.008450704225352101,-0.013849765258216018
URA,15m,cross_USO_state_slope=downtrend + cross_TLT_state_slope=uptrend + state_ext=stretched_up,2026-09-17 16:00:00+00:00,,-0.0018645845472555767,-0.021093112690828586,URA|15m|rolling|cross_USO_state_slope=downtrend + cross_TLT_state_slope=uptrend + state_ext=stretched_up|2026-09-17 16:00:00+00:00,rolling,42.905,2026-10-07T19:42:33.681450+00:00,42.825,42.0,False,long,-0.0018645845472555767,-0.021093112690828586
URA,15m,cross_USO_state_slope=downtrend + cross_TLT_state_slope=uptrend + state_ext=stretched_up,2026-09-17 16:15:00+00:00,,-0.0032580870374679938,-0.0242029322783337,URA|15m|rolling|cross_USO_state_slope=downtrend + cross_TLT_state_slope=uptrend + state_ext=stretched_up|2026-09-17 16:15:00+00:00,rolling,42.97,2026-10-07T19:42:33.709467+00:00,42.83,41.93,False,long,-0.0032580870374679938,-0.0242029322783337
URA,15m,cross_USO_state_slope=downtrend + cross_TLT_state_slope=uptrend + state_ext=stretched_up,2026-10-02 14:00:00+00:00,,-0.006736526946107713,-0.006736526946107713,URA|15m|rolling|cross_USO_state_slope=downtrend + cross_TLT_state_slope=uptrend + state_ext=stretched_up|2026-10-02 14:00:00+00:00,rolling,40.08,2026-10-07T19:42:45.446460+00:00,39.81,39.81,False,long,-0.006736526946107713,-0.006736526946107713
URA,15m,cross_USO_state_slope=downtrend + cross_TLT_state_slope=uptrend + state_ext=stretched_up,2026-10-02 14:15:00+00:00,,-0.007721046077210358,-0.008219178082191747,URA|15m|rolling|cross_USO_state_slope=downtrend + cross_TLT_state_slope=uptrend + state_ext=stretched_up|2026-10-02 14:15:00+00:00,rolling,40.15,2026-10-07T19:42:45.758199+00:00,39.84,39.82,False,long,-0.007721046077210358,-0.008219178082191747
URA,15m,cross_USO_state_slope=downtrend + cross_TLT_state_slope=uptrend + state_ext=stretched_up,2026-10-06 13:30:00+00:00,,0.022693997071742356,0.02684236212786728,URA|15m|rolling|cross_USO_state_slope=downtrend + cross_TLT_state_slope=uptrend + state_ext=stretched_up|2026-10-06 13:30:00+00:00,rolling,40.98,2026-10-07T19:43:00.029010+00:00,41.91,42.08,False,long,0.022693997071742356,0.02684236212786728
URA,15m,cross_USO_state_slope=downtrend + cross_TLT_state_slope=uptrend + state_ext=stretched_up,2026-10-06 14:15:00+00:00,,0.00979221399570096,0.0009553379508000504,URA|15m|rolling|cross_USO_state_slope=downtrend + cross_TLT_state_slope=uptrend + state_ext=stretched_up|2026-10-06 14:15:00+00:00,rolling,41.87,2026-10-07T19:43:01.396659+00:00,42.28,41.91,False,long,0.00979221399570096,0.0009553379508000504
URA,15m,cross_USO_state_slope=downtrend + cross_TLT_state_slope=uptrend + state_ext=stretched_up,2026-10-06 15:15:00+00:00,,0.004744395682599878,-0.04305539081959431,URA|15m|rolling|cross_USO_state_slope=downtrend + cross_TLT_state_slope=uptrend + state_ext=stretched_up|2026-10-06 15:15:00+00:00,rolling,42.155,2026-10-07T19:43:02.326726+00:00,42.355,40.34,False,long,0.004744395682599878,-0.04305539081959431
URA,15m,cross_USO_state_slope=downtrend + cross_TLT_state_slope=uptrend + state_ext=stretched_up,2026-10-06 16:15:00+00:00,,0.002838557066824565,-0.051685393258426804,URA|15m|rolling|cross_USO_state_slope=downtrend + cross_TLT_state_slope=uptrend + state_ext=stretched_up|2026-10-06 16:15:00+00:00,rolling,42.275,2026-10-07T19:43:02.364454+00:00,42.395,40.09,False,long,0.002838557066824565,-0.051685393258426804
URA,15m,cross_USO_state_slope=downtrend + state_ext=stretched_up,2026-08-25 14:15:00+00:00,,0.01698513800424628,0.01868365180467091,URA|15m|rolling|cross_USO_state_slope=downtrend + state_ext=stretched_up|2026-08-25 14:15:00+00:00,rolling,47.1,2026-10-07T19:42:28.133768+00:00,47.9,47.98,False,long,0.01698513800424628,0.01868365180467091
URA,15m,cross_USO_state_slope=downtrend + state_ext=stretched_up,2026-08-25 15:15:00+00:00,,0.002822201317027151,0.03522525347548866,URA|15m|rolling|cross_USO_state_slope=downtrend + state_ext=stretched_up|2026-08-25 15:15:00+00:00,rolling,47.835,2026-10-07T19:42:28.162376+00:00,47.97,49.52,False,long,0.002822201317027151,0.03522525347548866
URA,15m,cross_USO_state_slope=downtrend + state_ext=stretched_up,2026-08-25 16:15:00+00:00,,0.007713154054617588,0.005628517823639934,URA|15m|rolling|cross_USO_state_slope=downtrend + state_ext=stretched_up|2026-08-25 16:15:00+00:00,rolling,47.97,2026-10-07T19:42:28.211311+00:00,48.34,48.24,False,long,0.007713154054617588,0.005628517823639934
URA,15m,cross_USO_state_slope=downtrend + state_ext=stretched_up,2026-08-25 17:15:00+00:00,,0.0002072538860102835,-0.004559585492227902,URA|15m|rolling|cross_USO_state_slope=downtrend + state_ext=stretched_up|2026-08-25 17:15:00+00:00,rolling,48.25,2026-10-07T19:42:28.259843+00:00,48.26,48.03,False,long,0.0002072538860102835,-0.004559585492227902
URA,15m,state_ext=stretched_up + state_slope=uptrend + state_vol=mid_vol,2026-09-30 14:15:00+00:00,,-0.0194091796875,-0.024658203125,URA|15m|rolling|state_ext=stretched_up + state_slope=uptrend + state_vol=mid_vol|2026-09-30 14:15:00+00:00,rolling,40.96,2026-10-07T19:42:38.601761+00:00,40.165,39.95,False,long,-0.0194091796875,-0.024658203125
URA,15m,state_ext=stretched_up + state_slope=uptrend + state_vol=mid_vol,2026-10-06 14:15:00+00:00,,0.00979221399570096,0.0009553379508000504,URA|15m|rolling|state_ext=stretched_up + state_slope=uptrend + state_vol=mid_vol|2026-10-06 14:15:00+00:00,rolling,41.87,2026-10-07T19:43:01.416046+00:00,42.28,41.91,False,long,0.00979221399570096,0.0009553379508000504
URA,15m,state_ext=stretched_up + state_slope=uptrend + state_vol=mid_vol,2026-10-06 15:15:00+00:00,,0.004744395682599878,-0.04305539081959431,URA|15m|rolling|state_ext=stretched_up + state_slope=uptrend + state_vol=mid_vol|2026-10-06 15:15:00+00:00,rolling,42.155,2026-10-07T19:43:02.345838+00:00,42.355,40.34,False,long,0.004744395682599878,-0.04305539081959431
URA,15m,state_ext=stretched_up + state_slope=uptrend + state_vol=mid_vol,2026-10-06 16:15:00+00:00,,0.002838557066824565,-0.051685393258426804,URA|15m|rolling|state_ext=stretched_up + state_slope=uptrend + state_vol=mid_vol|2026-10-06 16:15:00+00:00,rolling,42.275,2026-10-07T19:43:02.382510+00:00,42.395,40.09,False,long,0.002838557066824565,-0.051685393258426804
URA,15m,state_ext=stretched_up + state_slope=uptrend + state_vol=mid_vol,2026-10-06 16:30:00+00:00,,0.00390671244228713,-0.05031372084763819,URA|15m|rolling|state_ext=stretched_up + state_slope=uptrend + state_vol=mid_vol|2026-10-06 16:30:00+00:00,rolling,42.235,2026-10-07T19:43:04.421340+00:00,42.4,40.11,False,long,0.00390671244228713,-0.05031372084763819
URA,15m,state_ext=stretched_up + state_slope=uptrend + state_vol=mid_vol,2026-10-06 17:15:00+00:00,,-0.006610009442870712,-0.0571293673276676,URA|15m|rolling|state_ext=stretched_up + state_slope=uptrend + state_vol=mid_vol|2026-10-06 17:15:00+00:00,rolling,42.36,2026-10-07T19:43:07.235189+00:00,42.08,39.94,False,long,-0.006610009442870712,-0.0571293673276676
VLO,15m,cross_TLT_state_vol=mid_vol + state_ext=stretched_down,2026-09-30 19:45:00+00:00,,0.039721011783513394,0.04838460150065771,VLO|15m|rolling|cross_TLT_state_vol=mid_vol + state_ext=stretched_down|2026-09-30 19:45:00+00:00,rolling,387.83,2026-10-07T19:42:38.767046+00:00,403.235,406.595,False,long,0.039721011783513394,0.04838460150065771
VLO,15m,cross_USO_state_ext=neutral + state_ext=stretched_down,2026-09-30 19:45:00+00:00,,0.039721011783513394,0.04838460150065771,VLO|15m|rolling|cross_USO_state_ext=neutral + state_ext=stretched_down|2026-09-30 19:45:00+00:00,rolling,387.83,2026-10-07T19:42:38.821219+00:00,403.235,406.595,False,long,0.039721011783513394,0.04838460150065771
VLO,15m,cross_USO_state_slope=downtrend + state_ext=stretched_down,2026-09-30 19:45:00+00:00,,0.039721011783513394,0.04838460150065771,VLO|15m|rolling|cross_USO_state_slope=downtrend + state_ext=stretched_down|2026-09-30 19:45:00+00:00,rolling,387.83,2026-10-07T19:42:38.748977+00:00,403.235,406.595,False,long,0.039721011783513394,0.04838460150065771
VLO,15m,cross_USO_state_slope=downtrend + state_ext=stretched_down,2026-10-02 14:00:00+00:00,,0.017910524029740138,0.039423592835790444,VLO|15m|rolling|cross_USO_state_slope=downtrend + state_ext=stretched_down|2026-10-02 14:00:00+00:00,rolling,391.39,2026-10-07T19:42:45.464402+00:00,398.4,406.82,False,long,0.017910524029740138,0.039423592835790444
VLO,15m,cross_USO_state_slope=downtrend + state_ext=stretched_down,2026-10-02 14:15:00+00:00,,0.02548313634686572,0.034147148255111226,VLO|15m|rolling|cross_USO_state_slope=downtrend + state_ext=stretched_down|2026-10-02 14:15:00+00:00,rolling,393.005,2026-10-07T19:42:45.814902+00:00,403.02,406.425,False,long,0.02548313634686572,0.034147148255111226
VLO,15m,state_ext=stretched_down + state_ret_1=ret_down,2026-09-14 18:00:00+00:00,,-0.001524149892258464,0.03990382088610911,VLO|15m|rolling|state_ext=stretched_down + state_ret_1=ret_down|2026-09-14 18:00:00+00:00,rolling,380.54,2026-10-07T19:42:31.553942+00:00,379.96,395.725,False,long,-0.001524149892258464,0.03990382088610911
VLO,15m,state_ext=stretched_down + state_ret_1=ret_down,2026-09-21 19:15:00+00:00,,-0.02214285714285713,-0.015918367346938744,VLO|15m|rolling|state_ext=stretched_down + state_ret_1=ret_down|2026-09-21 19:15:00+00:00,rolling,392.0,2026-10-07T19:42:35.056460+00:00,383.32,385.76,False,long,-0.02214285714285713,-0.015918367346938744
VLO,15m,state_ext=stretched_down + state_ret_1=ret_down,2026-09-21 19:30:00+00:00,,-0.01574320179922295,-0.007590472296053918,VLO|15m|rolling|state_ext=stretched_down + state_ret_1=ret_down|2026-09-21 19:30:00+00:00,rolling,391.28,2026-10-07T19:42:35.874826+00:00,385.12,388.31,False,long,-0.01574320179922295,-0.007590472296053918
VLO,15m,state_ext=stretched_down + state_ret_1=ret_down,2026-09-21 19:45:00+00:00,,-0.02397660818713454,-0.008733790999237212,VLO|15m|rolling|state_ext=stretched_down + state_ret_1=ret_down|2026-09-21 19:45:00+00:00,rolling,393.3,2026-10-07T19:42:35.992867+00:00,383.87,389.865,False,long,-0.02397660818713454,-0.008733790999237212
VLO,15m,state_ext=stretched_down + state_ret_1=ret_down,2026-09-23 17:15:00+00:00,,0.017687779352447475,0.06589992368908759,VLO|15m|rolling|state_ext=stretched_down + state_ret_1=ret_down|2026-09-23 17:15:00+00:00,rolling,366.92,2026-10-07T19:42:36.544505+00:00,373.41,391.1,False,long,0.017687779352447475,0.06589992368908759
VLO,15m,state_ext=stretched_down + state_ret_1=ret_down,2026-10-02 14:00:00+00:00,,0.017910524029740138,0.039423592835790444,VLO|15m|rolling|state_ext=stretched_down + state_ret_1=ret_down|2026-10-02 14:00:00+00:00,rolling,391.39,2026-10-07T19:42:45.518819+00:00,398.4,406.82,False,long,0.017910524029740138,0.039423592835790444
VLO,15m,state_ext=stretched_down + state_ret_5=ret_down,2026-09-21 19:15:00+00:00,,-0.02214285714285713,-0.015918367346938744,VLO|15m|rolling|state_ext=stretched_down + state_ret_5=ret_down|2026-09-21 19:15:00+00:00,rolling,392.0,2026-10-07T19:42:35.096158+00:00,383.32,385.76,False,long,-0.02214285714285713,-0.015918367346938744
VLO,15m,state_ext=stretched_down + state_ret_5=ret_down,2026-09-21 19:30:00+00:00,,-0.01574320179922295,-0.007590472296053918,VLO|15m|rolling|state_ext=stretched_down + state_ret_5=ret_down|2026-09-21 19:30:00+00:00,rolling,391.28,2026-10-07T19:42:35.892797+00:00,385.12,388.31,False,long,-0.01574320179922295,-0.007590472296053918
VLO,15m,state_ext=stretched_down + state_ret_5=ret_down,2026-09-21 19:45:00+00:00,,-0.02397660818713454,-0.008733790999237212,VLO|15m|rolling|state_ext=stretched_down + state_ret_5=ret_down|2026-09-21 19:45:00+00:00,rolling,393.3,2026-10-07T19:42:36.010796+00:00,383.87,389.865,False,long,-0.02397660818713454,-0.008733790999237212
VLO,15m,state_ext=stretched_down + state_ret_5=ret_down,2026-09-23 17:15:00+00:00,,0.017687779352447475,0.06589992368908759,VLO|15m|rolling|state_ext=stretched_down + state_ret_5=ret_down|2026-09-23 17:15:00+00:00,rolling,366.92,2026-10-07T19:42:36.581963+00:00,373.41,391.1,False,long,0.017687779352447475,0.06589992368908759
VLO,15m,state_ext=stretched_down + state_ret_5=ret_down,2026-09-30 19:45:00+00:00,,0.039721011783513394,0.04838460150065771,VLO|15m|rolling|state_ext=stretched_down + state_ret_5=ret_down|2026-09-30 19:45:00+00:00,rolling,387.83,2026-10-07T19:42:38.785064+00:00,403.235,406.595,False,long,0.039721011783513394,0.04838460150065771
VLO,15m,state_ext=stretched_down + state_ret_5=ret_down,2026-10-02 14:00:00+00:00,,0.017910524029740138,0.039423592835790444,VLO|15m|rolling|state_ext=stretched_down + state_ret_5=ret_down|2026-10-02 14:00:00+00:00,rolling,391.39,2026-10-07T19:42:45.537076+00:00,398.4,406.82,False,long,0.017910524029740138,0.039423592835790444
VLO,15m,state_ext=stretched_down + state_ret_5=ret_down,2026-10-02 14:15:00+00:00,,0.02548313634686572,0.034147148255111226,VLO|15m|rolling|state_ext=stretched_down + state_ret_5=ret_down|2026-10-02 14:15:00+00:00,rolling,393.005,2026-10-07T19:42:45.907643+00:00,403.02,406.425,False,long,0.02548313634686572,0.034147148255111226
VLO,15m,state_ext=stretched_down + state_slope=downtrend,2026-09-14 18:00:00+00:00,,-0.001524149892258464,0.03990382088610911,VLO|15m|rolling|state_ext=stretched_down + state_slope=downtrend|2026-09-14 18:00:00+00:00,rolling,380.54,2026-10-07T19:42:31.535294+00:00,379.96,395.725,False,long,-0.001524149892258464,0.03990382088610911
VLO,15m,state_ext=stretched_down + state_slope=downtrend,2026-09-21 19:15:00+00:00,,-0.02214285714285713,-0.015918367346938744,VLO|15m|rolling|state_ext=stretched_down + state_slope=downtrend|2026-09-21 19:15:00+00:00,rolling,392.0,2026-10-07T19:42:35.114230+00:00,383.32,385.76,False,long,-0.02214285714285713,-0.015918367346938744
VLO,15m,state_ext=stretched_down + state_slope=downtrend,2026-09-21 19:30:00+00:00,,-0.01574320179922295,-0.007590472296053918,VLO|15m|rolling|state_ext=stretched_down + state_slope=downtrend|2026-09-21 19:30:00+00:00,rolling,391.28,2026-10-07T19:42:35.910766+00:00,385.12,388.31,False,long,-0.01574320179922295,-0.007590472296053918
VLO,15m,state_ext=stretched_down + state_slope=downtrend,2026-09-21 19:45:00+00:00,,-0.02397660818713454,-0.008733790999237212,VLO|15m|rolling|state_ext=stretched_down + state_slope=downtrend|2026-09-21 19:45:00+00:00,rolling,393.3,2026-10-07T19:42:36.028596+00:00,383.87,389.865,False,long,-0.02397660818713454,-0.008733790999237212
VLO,15m,state_ext=stretched_down + state_slope=downtrend,2026-09-23 17:15:00+00:00,,0.017687779352447475,0.06589992368908759,VLO|15m|rolling|state_ext=stretched_down + state_slope=downtrend|2026-09-23 17:15:00+00:00,rolling,366.92,2026-10-07T19:42:36.563227+00:00,373.41,391.1,False,long,0.017687779352447475,0.06589992368908759
VLO,15m,state_ext=stretched_down + state_slope=downtrend,2026-09-30 19:45:00+00:00,,0.039721011783513394,0.04838460150065771,VLO|15m|rolling|state_ext=stretched_down + state_slope=downtrend|2026-09-30 19:45:00+00:00,rolling,387.83,2026-10-07T19:42:38.802858+00:00,403.235,406.595,False,long,0.039721011783513394,0.04838460150065771
VLO,15m,state_ext=stretched_down + state_slope=downtrend,2026-10-02 14:15:00+00:00,,0.02548313634686572,0.034147148255111226,VLO|15m|rolling|state_ext=stretched_down + state_slope=downtrend|2026-10-02 14:15:00+00:00,rolling,393.005,2026-10-07T19:42:45.925815+00:00,403.02,406.425,False,long,0.02548313634686572,0.034147148255111226
VLO,15m,state_ext=stretched_down + state_slope=downtrend + state_vol=high_vol,2026-09-21 19:15:00+00:00,,-0.02214285714285713,-0.015918367346938744,VLO|15m|rolling|state_ext=stretched_down + state_slope=downtrend + state_vol=high_vol|2026-09-21 19:15:00+00:00,rolling,392.0,2026-10-07T19:42:35.020482+00:00,383.32,385.76,False,long,-0.02214285714285713,-0.015918367346938744
VLO,15m,state_ext=stretched_down + state_slope=downtrend + state_vol=high_vol,2026-09-21 19:30:00+00:00,,-0.01574320179922295,-0.007590472296053918,VLO|15m|rolling|state_ext=stretched_down + state_slope=downtrend + state_vol=high_vol|2026-09-21 19:30:00+00:00,rolling,391.28,2026-10-07T19:42:35.839012+00:00,385.12,388.31,False,long,-0.01574320179922295,-0.007590472296053918
VLO,15m,state_ext=stretched_down + state_slope=downtrend + state_vol=high_vol,2026-09-21 19:45:00+00:00,,-0.02397660818713454,-0.008733790999237212,VLO|15m|rolling|state_ext=stretched_down + state_slope=downtrend + state_vol=high_vol|2026-09-21 19:45:00+00:00,rolling,393.3,2026-10-07T19:42:35.956814+00:00,383.87,389.865,False,long,-0.02397660818713454,-0.008733790999237212
VLO,15m,state_ext=stretched_down + state_slope=downtrend + state_vol=high_vol,2026-10-02 14:15:00+00:00,,0.02548313634686572,0.034147148255111226,VLO|15m|rolling|state_ext=stretched_down + state_slope=downtrend + state_vol=high_vol|2026-10-02 14:15:00+00:00,rolling,393.005,2026-10-07T19:42:45.870897+00:00,403.02,406.425,False,long,0.02548313634686572,0.034147148255111226
VLO,15m,state_ext=stretched_down + state_vol=high_vol,2026-09-14 18:00:00+00:00,,-0.001524149892258464,0.03990382088610911,VLO|15m|rolling|state_ext=stretched_down + state_vol=high_vol|2026-09-14 18:00:00+00:00,rolling,380.54,2026-10-07T19:42:31.497511+00:00,379.96,395.725,False,long,-0.001524149892258464,0.03990382088610911
VLO,15m,state_ext=stretched_down + state_vol=high_vol,2026-09-21 19:15:00+00:00,,-0.02214285714285713,-0.015918367346938744,VLO|15m|rolling|state_ext=stretched_down + state_vol=high_vol|2026-09-21 19:15:00+00:00,rolling,392.0,2026-10-07T19:42:35.038587+00:00,383.32,385.76,False,long,-0.02214285714285713,-0.015918367346938744
VLO,15m,state_ext=stretched_down + state_vol=high_vol,2026-09-21 19:30:00+00:00,,-0.01574320179922295,-0.007590472296053918,VLO|15m|rolling|state_ext=stretched_down + state_vol=high_vol|2026-09-21 19:30:00+00:00,rolling,391.28,2026-10-07T19:42:35.856829+00:00,385.12,388.31,False,long,-0.01574320179922295,-0.007590472296053918
VLO,15m,state_ext=stretched_down + state_vol=high_vol,2026-09-21 19:45:00+00:00,,-0.02397660818713454,-0.008733790999237212,VLO|15m|rolling|state_ext=stretched_down + state_vol=high_vol|2026-09-21 19:45:00+00:00,rolling,393.3,2026-10-07T19:42:35.974827+00:00,383.87,389.865,False,long,-0.02397660818713454,-0.008733790999237212
VLO,15m,state_ext=stretched_down + state_vol=high_vol,2026-09-23 17:15:00+00:00,,0.017687779352447475,0.06589992368908759,VLO|15m|rolling|state_ext=stretched_down + state_vol=high_vol|2026-09-23 17:15:00+00:00,rolling,366.92,2026-10-07T19:42:36.525889+00:00,373.41,391.1,False,long,0.017687779352447475,0.06589992368908759
VLO,15m,state_ext=stretched_down + state_vol=high_vol,2026-10-02 14:00:00+00:00,,0.017910524029740138,0.039423592835790444,VLO|15m|rolling|state_ext=stretched_down + state_vol=high_vol|2026-10-02 14:00:00+00:00,rolling,391.39,2026-10-07T19:42:45.500791+00:00,398.4,406.82,False,long,0.017910524029740138,0.039423592835790444
VLO,15m,state_ext=stretched_down + state_vol=high_vol,2026-10-02 14:15:00+00:00,,0.02548313634686572,0.034147148255111226,VLO|15m|rolling|state_ext=stretched_down + state_vol=high_vol|2026-10-02 14:15:00+00:00,rolling,393.005,2026-10-07T19:42:45.889386+00:00,403.02,406.425,False,long,0.02548313634686572,0.034147148255111226
VLO,15m,state_relvol=relvol_quiet + state_ext=stretched_down,2026-09-21 19:30:00+00:00,,-0.01574320179922295,-0.007590472296053918,VLO|15m|rolling|state_relvol=relvol_quiet + state_ext=stretched_down|2026-09-21 19:30:00+00:00,rolling,391.28,2026-10-07T19:42:35.820917+00:00,385.12,388.31,False,long,-0.01574320179922295,-0.007590472296053918
VLO,15m,state_relvol=relvol_quiet + state_ext=stretched_down,2026-10-02 14:15:00+00:00,,0.02548313634686572,0.034147148255111226,VLO|15m|rolling|state_relvol=relvol_quiet + state_ext=stretched_down|2026-10-02 14:15:00+00:00,rolling,393.005,2026-10-07T19:42:45.777578+00:00,403.02,406.425,False,long,0.02548313634686572,0.034147148255111226
VLO,15m,state_session=morning + state_ext=stretched_down,2026-10-02 14:00:00+00:00,,0.017910524029740138,0.039423592835790444,VLO|15m|rolling|state_session=morning + state_ext=stretched_down|2026-10-02 14:00:00+00:00,rolling,391.39,2026-10-07T19:42:45.482549+00:00,398.4,406.82,False,long,0.017910524029740138,0.039423592835790444
VLO,15m,state_session=morning + state_ext=stretched_down,2026-10-02 14:15:00+00:00,,0.02548313634686572,0.034147148255111226,VLO|15m|rolling|state_session=morning + state_ext=stretched_down|2026-10-02 14:15:00+00:00,rolling,393.005,2026-10-07T19:42:45.852113+00:00,403.02,406.425,False,long,0.02548313634686572,0.034147148255111226
VLO,15m,state_session=morning + state_ext=stretched_down + state_slope=downtrend,2026-10-02 14:15:00+00:00,,0.02548313634686572,0.034147148255111226,VLO|15m|rolling|state_session=morning + state_ext=stretched_down + state_slope=downtrend|2026-10-02 14:15:00+00:00,rolling,393.005,2026-10-07T19:42:45.833447+00:00,403.02,406.425,False,long,0.02548313634686572,0.034147148255111226
VLO,15m,state_volume=vol_normal + state_ext=stretched_down,2026-09-21 19:15:00+00:00,,-0.0221428571428571,-0.0159183673469387,VLO|15m|rolling|state_volume=vol_normal + state_ext=stretched_down|2026-09-21 19:15:00+00:00,rolling,392.0,2026-09-22T18:48:02.894455+00:00,383.32,385.76,False,long,-0.0221428571428571,-0.0159183673469387
VLO,15m,state_volume=vol_quiet + state_ext=stretched_down,2026-09-21 19:30:00+00:00,,-0.01574320179922295,-0.007590472296053918,VLO|15m|rolling|state_volume=vol_quiet + state_ext=stretched_down|2026-09-21 19:30:00+00:00,rolling,391.28,2026-10-07T19:42:35.802647+00:00,385.12,388.31,False,long,-0.01574320179922295,-0.007590472296053918
VLO,15m,state_volume=vol_quiet + state_ext=stretched_down,2026-10-02 14:15:00+00:00,,0.02548313634686572,0.034147148255111226,VLO|15m|rolling|state_volume=vol_quiet + state_ext=stretched_down|2026-10-02 14:15:00+00:00,rolling,393.005,2026-10-07T19:42:45.796292+00:00,403.02,406.425,False,long,0.02548313634686572,0.034147148255111226
VLO,15m,state_volume=vol_surge + state_slope=downtrend,2026-10-02 16:15:00+00:00,,0.008189846563718017,0.02486555824164971,VLO|15m|rolling|state_volume=vol_surge + state_slope=downtrend|2026-10-02 16:15:00+00:00,rolling,405.38,2026-10-07T19:42:46.022866+00:00,408.7,415.46,False,long,0.008189846563718017,0.02486555824164971
VLO,1h,cross_TLT_state_slope=flat + state_slope=downtrend,2026-08-21 14:00:00+00:00,,0.0062020423469681,-0.0256735706455893,VLO|1h|rolling|cross_TLT_state_slope=flat + state_slope=downtrend|2026-08-21 14:00:00+00:00,rolling,346.66,2026-09-23T21:46:54.301286+00:00,348.81,337.76,False,long,0.0062020423469681,-0.0256735706455893
VLO,1h,cross_TLT_state_slope=flat + state_slope=downtrend,2026-08-21 15:00:00+00:00,,0.0088309139707367,-0.016276586534299,VLO|1h|rolling|cross_TLT_state_slope=flat + state_slope=downtrend|2026-08-21 15:00:00+00:00,rolling,346.51,2026-09-23T21:46:54.331850+00:00,349.57,340.87,False,long,0.0088309139707367,-0.016276586534299
VLO,1h,cross_TLT_state_slope=flat + state_slope=downtrend,2026-09-21 18:00:00+00:00,,-0.0311739885827748,,VLO|1h|rolling|cross_TLT_state_slope=flat + state_slope=downtrend|2026-09-21 18:00:00+00:00,rolling,402.9,2026-09-23T21:47:23.549130+00:00,390.34,,True,long,-0.0311739885827748,
VLO,1h,cross_TLT_state_slope=flat + state_slope=downtrend,2026-09-21 19:00:00+00:00,,-0.0191711161962878,,VLO|1h|rolling|cross_TLT_state_slope=flat + state_slope=downtrend|2026-09-21 19:00:00+00:00,rolling,393.3,2026-09-23T21:47:24.661682+00:00,385.76,,True,long,-0.0191711161962878,
VLO,1h,cross_TLT_state_slope=flat + state_slope=downtrend,2026-09-23 14:00:00+00:00,,-0.0155554391661865,,VLO|1h|rolling|cross_TLT_state_slope=flat + state_slope=downtrend|2026-09-23 14:00:00+00:00,rolling,381.86,2026-09-23T21:47:32.706204+00:00,375.92,,True,long,-0.0155554391661865,
VLO,1h,cross_TLT_state_slope=flat + state_slope=downtrend,2026-09-23 15:00:00+00:00,,,,VLO|1h|rolling|cross_TLT_state_slope=flat + state_slope=downtrend|2026-09-23 15:00:00+00:00,rolling,379.495,2026-09-23T21:47:35.857782+00:00,,,True,long,,
VLO,1h,state_ext=stretched_down + state_ret_1=ret_down,2026-09-21 19:00:00+00:00,,-0.019171116196287863,-0.022603610475463998,VLO|1h|rolling|state_ext=stretched_down + state_ret_1=ret_down|2026-09-21 19:00:00+00:00,rolling,393.3,2026-10-07T19:42:35.928904+00:00,385.76,384.41,False,long,-0.019171116196287863,-0.022603610475463998
VLO,1h,state_ext=stretched_down + state_ret_1=ret_down,2026-09-22 16:00:00+00:00,,-0.042475790336629515,-0.038325562330276175,VLO|1h|rolling|state_ext=stretched_down + state_ret_1=ret_down|2026-09-22 16:00:00+00:00,rolling,390.34,2026-10-07T19:42:36.066734+00:00,373.76,375.38,False,long,-0.042475790336629515,-0.038325562330276175
VLO,1h,state_ext=stretched_down + state_ret_1=ret_down,2026-09-22 17:00:00+00:00,,-0.016240667772708384,-0.017783077561177918,VLO|1h|rolling|state_ext=stretched_down + state_ret_1=ret_down|2026-09-22 17:00:00+00:00,rolling,385.76,2026-10-07T19:42:36.107274+00:00,379.495,378.9,False,long,-0.016240667772708384,-0.017783077561177918
VLO,1h,state_ext=stretched_down + state_ret_1=ret_down,2026-09-23 14:00:00+00:00,,-0.015555439166186513,0.02233802964437226,VLO|1h|rolling|state_ext=stretched_down + state_ret_1=ret_down|2026-09-23 14:00:00+00:00,rolling,381.86,2026-10-07T19:42:36.410403+00:00,375.92,390.39,False,long,-0.015555439166186513,0.02233802964437226
VLO,1h,state_ext=stretched_down + state_ret_1=ret_down,2026-09-23 16:00:00+00:00,,0.05049274420619443,0.05493285683344151,VLO|1h|rolling|state_ext=stretched_down + state_ret_1=ret_down|2026-09-23 16:00:00+00:00,rolling,369.36,2026-10-07T19:42:36.461058+00:00,388.01,389.65,False,long,0.05049274420619443,0.05493285683344151
VLO,1h,state_ext=stretched_down + state_ret_1=ret_down,2026-09-23 17:00:00+00:00,,0.06589992368908759,0.0633108034448926,VLO|1h|rolling|state_ext=stretched_down + state_ret_1=ret_down|2026-09-23 17:00:00+00:00,rolling,366.92,2026-10-07T19:42:36.600616+00:00,391.1,390.15,False,long,0.06589992368908759,0.0633108034448926
VLO,1h,state_ext=stretched_down + state_ret_1=ret_down,2026-09-23 19:00:00+00:00,,0.04195041498191099,0.034648329431793856,VLO|1h|rolling|state_ext=stretched_down + state_ret_1=ret_down|2026-09-23 19:00:00+00:00,rolling,375.92,2026-10-07T19:42:36.642462+00:00,391.69,388.945,False,long,0.04195041498191099,0.034648329431793856
VOO,1d,state_slope=uptrend + state_vol=mid_vol,2026-08-10 04:00:00+00:00,,-0.000534756069805,,VOO|1d|rolling|state_slope=uptrend + state_vol=mid_vol|2026-08-10,rolling,710.6500244140625,2026-08-21T21:32:32.218662+00:00,710.27,,True,long,-0.000534756069805,
VOO,1d,state_slope=uptrend + state_vol=mid_vol,2026-08-11 04:00:00+00:00,,0.0026114969449251,,VOO|1d|rolling|state_slope=uptrend + state_vol=mid_vol|2026-08-11,rolling,708.4199829101562,2026-08-21T21:32:34.533596+00:00,710.27001953125,,True,long,0.0026114969449251,
VOO,1d,state_slope=uptrend + state_vol=mid_vol,2026-08-12 04:00:00+00:00,,-0.0067166433542392,,VOO|1d|rolling|state_slope=uptrend + state_vol=mid_vol|2026-08-12,rolling,710.1699829101562,2026-08-21T21:32:36.824882+00:00,705.4000244140625,,True,long,-0.0067166433542392,
VOO,1d,state_slope=uptrend + state_vol=mid_vol,2026-08-13 04:00:00+00:00,,-0.0112455960909498,,VOO|1d|rolling|state_slope=uptrend + state_vol=mid_vol|2026-08-13,rolling,714.9500122070312,2026-08-21T21:32:39.419546+00:00,706.9099731445312,,True,long,-0.0112455960909498,
VOO,1d,state_slope=uptrend + state_vol=mid_vol,2026-08-14 04:00:00+00:00,,-0.0176566693916566,,VOO|1d|rolling|state_slope=uptrend + state_vol=mid_vol|2026-08-14,rolling,713.6099853515625,2026-08-21T21:32:43.582210+00:00,701.010009765625,,True,long,-0.0176566693916566,
VOO,1d,state_slope=uptrend + state_vol=mid_vol,2026-08-17 04:00:00+00:00,,,,VOO|1d|rolling|state_slope=uptrend + state_vol=mid_vol|2026-08-17,rolling,710.27001953125,2026-08-21T21:32:46.863230+00:00,,,True,long,,
VOO,1d,state_slope=uptrend + state_vol=mid_vol,2026-08-18 04:00:00+00:00,,,,VOO|1d|rolling|state_slope=uptrend + state_vol=mid_vol|2026-08-18,rolling,705.4000244140625,2026-08-21T21:33:00.903294+00:00,,,True,long,,
VOO,1d,state_slope=uptrend + state_vol=mid_vol,2026-08-19 04:00:00+00:00,,,,VOO|1d|rolling|state_slope=uptrend + state_vol=mid_vol|2026-08-19,rolling,706.9099731445312,2026-08-21T21:33:24.432025+00:00,,,True,long,,
VOO,1d,state_slope=uptrend + state_vol=mid_vol,2026-08-20 04:00:00+00:00,,,,VOO|1d|rolling|state_slope=uptrend + state_vol=mid_vol|2026-08-20,rolling,701.010009765625,2026-08-21T21:33:56.071521+00:00,,,True,long,,
VOO,1d,state_volume=vol_normal + state_ext=neutral + state_slope=uptrend,2026-08-18 04:00:00+00:00,,-0.0019563436845054794,-0.017238494129324988,VOO|1d|rolling|state_volume=vol_normal + state_ext=neutral + state_slope=uptrend|2026-08-18,rolling,705.4000244140625,2026-10-07T19:42:27.521731+00:00,704.02001953125,693.239990234375,False,long,-0.0019563436845054794,-0.017238494129324988
VOO,1d,state_volume=vol_normal + state_ext=neutral + state_slope=uptrend,2026-08-19 04:00:00+00:00,,-0.003833530492497239,-0.008317811420173626,VOO|1d|rolling|state_volume=vol_normal + state_ext=neutral + state_slope=uptrend|2026-08-19,rolling,706.9099731445312,2026-10-07T19:42:27.823700+00:00,704.2000122070312,701.030029296875,False,long,-0.003833530492497239,-0.008317811420173626
VRTX,1d,cross_USO_state_ext=stretched_down + state_ext=stretched_down,2026-10-02 04:00:00+00:00,,,,VRTX|1d|rolling|cross_USO_state_ext=stretched_down + state_ext=stretched_down|2026-10-02,rolling,504.7300109863281,2026-10-07T19:42:55.993025+00:00,,,True,long,,
VRTX,1d,cross_USO_state_ext=stretched_down + state_ext=stretched_down,2026-10-05 04:00:00+00:00,,,,VRTX|1d|rolling|cross_USO_state_ext=stretched_down + state_ext=stretched_down|2026-10-05,rolling,503.5,2026-10-07T19:43:16.151945+00:00,,,True,long,,
VRTX,1d,cross_USO_state_ext=stretched_down + state_ext=stretched_down,2026-10-06 04:00:00+00:00,,,,VRTX|1d|rolling|cross_USO_state_ext=stretched_down + state_ext=stretched_down|2026-10-06,rolling,502.30999755859375,2026-10-07T19:43:41.996890+00:00,,,True,long,,
VRTX,1d,state_ext=stretched_down + state_ret_1=ret_down,2026-08-03 04:00:00+00:00,,0.11299705087077716,0.1507690368725758,VRTX|1d|rolling|state_ext=stretched_down + state_ret_1=ret_down|2026-08-03,rolling,470.7200012207031,2026-10-07T19:42:26.671585+00:00,523.9099731445312,541.6900024414062,False,long,0.11299705087077716,0.1507690368725758
VRTX,1d,state_ext=stretched_down + state_ret_1=ret_down,2026-09-08 04:00:00+00:00,,-0.02698056130184323,-0.050274202359749,VRTX|1d|rolling|state_ext=stretched_down + state_ret_1=ret_down|2026-09-08,rolling,528.9000244140625,2026-10-07T19:42:29.718108+00:00,514.6300048828125,502.30999755859375,False,long,-0.02698056130184323,-0.050274202359749
VRTX,1d,state_ext=stretched_down + state_ret_1=ret_down,2026-09-09 04:00:00+00:00,,-0.015082870404531268,-0.03128836979959082,VRTX|1d|rolling|state_ext=stretched_down + state_ret_1=ret_down|2026-09-09,rolling,521.1199951171875,2026-10-07T19:42:29.756418+00:00,513.260009765625,504.815,False,long,-0.015082870404531268,-0.03128836979959082
VRTX,1d,state_ext=stretched_down + state_ret_1=ret_down,2026-09-10 04:00:00+00:00,,0.0034593231213475573,,VRTX|1d|rolling|state_ext=stretched_down + state_ret_1=ret_down|2026-09-10,rolling,514.5599975585938,2026-10-07T19:42:30.582215+00:00,516.3400268554688,,True,long,0.0034593231213475573,
VRTX,1d,state_ext=stretched_down + state_ret_1=ret_down,2026-09-15 04:00:00+00:00,,0.0006995032317334005,,VRTX|1d|rolling|state_ext=stretched_down + state_ret_1=ret_down|2026-09-15,rolling,514.6300048828125,2026-10-07T19:42:32.750223+00:00,514.989990234375,,True,long,0.0006995032317334005,
VRTX,1d,state_ext=stretched_down + state_ret_1=ret_down,2026-09-18 04:00:00+00:00,,0.035114305842758986,,VRTX|1d|rolling|state_ext=stretched_down + state_ret_1=ret_down|2026-09-18,rolling,508.3399963378906,2026-10-07T19:42:35.132252+00:00,526.1900024414062,,True,long,0.035114305842758986,
VRTX,1d,state_ext=stretched_down + state_ret_1=ret_down,2026-10-01 04:00:00+00:00,,,,VRTX|1d|rolling|state_ext=stretched_down + state_ret_1=ret_down|2026-10-01,rolling,506.739990234375,2026-10-07T19:42:48.737418+00:00,,,True,long,,
VRTX,1d,state_ext=stretched_down + state_ret_5=ret_down,2026-07-24 04:00:00+00:00,,-0.0005446188537470142,0.13176643695373502,VRTX|1d|rolling|state_ext=stretched_down + state_ret_5=ret_down|2026-07-24,rolling,477.3599853515625,2026-10-07T19:42:26.526232+00:00,477.1000061035156,540.260009765625,False,long,-0.0005446188537470142,0.13176643695373502
VRTX,1d,state_ext=stretched_down + state_ret_5=ret_down,2026-08-03 04:00:00+00:00,,0.11299705087077716,0.1507690368725758,VRTX|1d|rolling|state_ext=stretched_down + state_ret_5=ret_down|2026-08-03,rolling,470.7200012207031,2026-10-07T19:42:26.680848+00:00,523.9099731445312,541.6900024414062,False,long,0.11299705087077716,0.1507690368725758
VRTX,1d,state_ext=stretched_down + state_ret_5=ret_down,2026-09-08 04:00:00+00:00,,-0.02698056130184323,-0.050274202359749,VRTX|1d|rolling|state_ext=stretched_down + state_ret_5=ret_down|2026-09-08,rolling,528.9000244140625,2026-10-07T19:42:29.727564+00:00,514.6300048828125,502.30999755859375,False,long,-0.02698056130184323,-0.050274202359749
VRTX,1d,state_ext=stretched_down + state_ret_5=ret_down,2026-09-09 04:00:00+00:00,,-0.015082870404531268,-0.03128836979959082,VRTX|1d|rolling|state_ext=stretched_down + state_ret_5=ret_down|2026-09-09,rolling,521.1199951171875,2026-10-07T19:42:30.025237+00:00,513.260009765625,504.815,False,long,-0.015082870404531268,-0.03128836979959082
VRTX,1d,state_ext=stretched_down + state_ret_5=ret_down,2026-09-10 04:00:00+00:00,,0.0034593231213475573,,VRTX|1d|rolling|state_ext=stretched_down + state_ret_5=ret_down|2026-09-10,rolling,514.5599975585938,2026-10-07T19:42:31.194580+00:00,516.3400268554688,,True,long,0.0034593231213475573,
VRTX,1d,state_ext=stretched_down + state_ret_5=ret_down,2026-09-11 04:00:00+00:00,,-0.013774650919381681,,VRTX|1d|rolling|state_ext=stretched_down + state_ret_5=ret_down|2026-09-11,rolling,515.4400024414062,2026-10-07T19:42:31.571926+00:00,508.3399963378906,,True,long,-0.013774650919381681,
VRTX,1d,state_ext=stretched_down + state_ret_5=ret_down,2026-09-14 04:00:00+00:00,,-0.016919805931915444,,VRTX|1d|rolling|state_ext=stretched_down + state_ret_5=ret_down|2026-09-14,rolling,519.510009765625,2026-10-07T19:42:31.897848+00:00,510.7200012207031,,True,long,-0.016919805931915444,
VRTX,1d,state_ext=stretched_down + state_ret_5=ret_down,2026-09-15 04:00:00+00:00,,0.0006995032317334005,,VRTX|1d|rolling|state_ext=stretched_down + state_ret_5=ret_down|2026-09-15,rolling,514.6300048828125,2026-10-07T19:42:33.173959+00:00,514.989990234375,,True,long,0.0006995032317334005,
VRTX,1d,state_ext=stretched_down + state_ret_5=ret_down,2026-09-16 04:00:00+00:00,,0.006000890447806828,,VRTX|1d|rolling|state_ext=stretched_down + state_ret_5=ret_down|2026-09-16,rolling,513.260009765625,2026-10-07T19:42:34.288685+00:00,516.3400268554688,,True,long,0.006000890447806828,
VRTX,1d,state_ext=stretched_down + state_ret_5=ret_down,2026-09-18 04:00:00+00:00,,0.035114305842758986,,VRTX|1d|rolling|state_ext=stretched_down + state_ret_5=ret_down|2026-09-18,rolling,508.3399963378906,2026-10-07T19:42:35.365029+00:00,526.1900024414062,,True,long,0.035114305842758986,
VRTX,1d,state_ext=stretched_down + state_ret_5=ret_down,2026-09-21 04:00:00+00:00,,0.03318840391788047,,VRTX|1d|rolling|state_ext=stretched_down + state_ret_5=ret_down|2026-09-21,rolling,510.7200012207031,2026-10-07T19:42:36.127592+00:00,527.6699829101562,,True,long,0.03318840391788047,
VRTX,1d,state_ext=stretched_down + state_ret_5=ret_down,2026-10-01 04:00:00+00:00,,,,VRTX|1d|rolling|state_ext=stretched_down + state_ret_5=ret_down|2026-10-01,rolling,506.739990234375,2026-10-07T19:42:49.467384+00:00,,,True,long,,
VRTX,1d,state_ext=stretched_down + state_ret_5=ret_down,2026-10-02 04:00:00+00:00,,,,VRTX|1d|rolling|state_ext=stretched_down + state_ret_5=ret_down|2026-10-02,rolling,504.7300109863281,2026-10-07T19:42:56.777784+00:00,,,True,long,,
VRTX,1d,state_ext=stretched_down + state_ret_5=ret_down,2026-10-05 04:00:00+00:00,,,,VRTX|1d|rolling|state_ext=stretched_down + state_ret_5=ret_down|2026-10-05,rolling,503.5,2026-10-07T19:43:17.053146+00:00,,,True,long,,
VRTX,1d,state_ext=stretched_down + state_ret_5=ret_down,2026-10-06 04:00:00+00:00,,,,VRTX|1d|rolling|state_ext=stretched_down + state_ret_5=ret_down|2026-10-06,rolling,502.30999755859375,2026-10-07T19:43:42.705723+00:00,,,True,long,,
VRTX,1d,state_gap_open=gap_open_flat + state_ext=stretched_down,2026-09-09 04:00:00+00:00,,-0.0150828704045312,,VRTX|1d|rolling|state_gap_open=gap_open_flat + state_ext=stretched_down|2026-09-09,rolling,521.1199951171875,2026-09-22T18:47:41.732693+00:00,513.260009765625,,True,long,-0.0150828704045312,
VRTX,1d,state_gap_open=gap_open_flat + state_ext=stretched_down,2026-09-10 04:00:00+00:00,,0.0034593231213475,,VRTX|1d|rolling|state_gap_open=gap_open_flat + state_ext=stretched_down|2026-09-10,rolling,514.5599975585938,2026-09-22T18:47:43.131848+00:00,516.3400268554688,,True,long,0.0034593231213475,
VRTX,1d,state_gap_open=gap_open_flat + state_ext=stretched_down,2026-09-11 04:00:00+00:00,,-0.0137746509193816,,VRTX|1d|rolling|state_gap_open=gap_open_flat + state_ext=stretched_down|2026-09-11,rolling,515.4400024414062,2026-09-22T18:47:43.844344+00:00,508.3399963378906,,True,long,-0.0137746509193816,
VRTX,1d,state_gap_open=gap_open_flat + state_ext=stretched_down,2026-09-14 04:00:00+00:00,,-0.0169198059319154,,VRTX|1d|rolling|state_gap_open=gap_open_flat + state_ext=stretched_down|2026-09-14,rolling,519.510009765625,2026-09-22T18:47:45.236730+00:00,510.7200012207031,,True,long,-0.0169198059319154,
VRTX,1d,state_gap_open=gap_open_flat + state_ext=stretched_down,2026-09-15 04:00:00+00:00,,0.0078114277812131,,VRTX|1d|rolling|state_gap_open=gap_open_flat + state_ext=stretched_down|2026-09-15,rolling,514.6300048828125,2026-09-22T18:47:49.098092+00:00,518.65,,True,long,0.0078114277812131,
VRTX,1d,state_gap_open=gap_open_flat + state_ext=stretched_down,2026-09-16 04:00:00+00:00,,,,VRTX|1d|rolling|state_gap_open=gap_open_flat + state_ext=stretched_down|2026-09-16,rolling,513.260009765625,2026-09-22T18:47:53.289146+00:00,,,True,long,,
VRTX,1d,state_gap_open=gap_open_flat + state_ext=stretched_down,2026-09-17 04:00:00+00:00,,,,VRTX|1d|rolling|state_gap_open=gap_open_flat + state_ext=stretched_down|2026-09-17,rolling,516.3400268554688,2026-09-22T18:48:00.301073+00:00,,,True,long,,
VRTX,1d,state_gap_open=gap_open_flat + state_ext=stretched_down,2026-09-18 04:00:00+00:00,,,,VRTX|1d|rolling|state_gap_open=gap_open_flat + state_ext=stretched_down|2026-09-18,rolling,508.3399963378906,2026-09-22T18:48:06.292098+00:00,,,True,long,,
VRTX,1d,state_gap_open=gap_open_flat + state_ext=stretched_down,2026-09-21 04:00:00+00:00,,,,VRTX|1d|rolling|state_gap_open=gap_open_flat + state_ext=stretched_down|2026-09-21,rolling,510.7200012207031,2026-09-22T18:48:15.746870+00:00,,,True,long,,
WFC,1d,state_relvol=relvol_quiet + state_ext=stretched_down,2026-08-24 04:00:00+00:00,,0.01971197054866436,-0.018531629747433942,WFC|1d|rolling|state_relvol=relvol_quiet + state_ext=stretched_down|2026-08-24,rolling,84.72000122070312,2026-10-07T19:42:28.447394+00:00,86.38999938964844,83.1500015258789,False,long,0.01971197054866436,-0.018531629747433942
WFC,1d,state_volume=vol_quiet + state_ext=stretched_down,2026-08-24 04:00:00+00:00,,0.01971197054866436,-0.018531629747433942,WFC|1d|rolling|state_volume=vol_quiet + state_ext=stretched_down|2026-08-24,rolling,84.72000122070312,2026-10-07T19:42:28.456861+00:00,86.38999938964844,83.1500015258789,False,long,0.01971197054866436,-0.018531629747433942
WMT,1d,cross_USO_state_ext=neutral + state_ext=neutral,2026-08-03 04:00:00+00:00,,0.0176136265356559,-0.0688284961574962,WMT|1d|rolling|cross_USO_state_ext=neutral + state_ext=neutral|2026-08-03,rolling,110.70999908447266,2026-10-06T21:38:55.422098+00:00,112.66000366210938,103.08999633789062,False,long,0.0176136265356559,-0.0688284961574962
WMT,1d,cross_USO_state_ext=neutral + state_ext=neutral,2026-08-10 04:00:00+00:00,,0.0148233293414341,-0.0489970184007499,WMT|1d|rolling|cross_USO_state_ext=neutral + state_ext=neutral|2026-08-10,rolling,112.66000366210938,2026-10-06T21:38:55.559372+00:00,114.33,107.13999938964844,False,long,0.0148233293414341,-0.0489970184007499
WMT,1d,cross_USO_state_ext=neutral + state_ext=neutral,2026-09-25 04:00:00+00:00,,-0.0344508344605849,,WMT|1d|rolling|cross_USO_state_ext=neutral + state_ext=neutral|2026-09-25,rolling,107.9800033569336,2026-10-06T21:39:04.809522+00:00,104.26000213623048,,True,long,-0.0344508344605849,
WMT,1d,cross_USO_state_ext=neutral + state_ext=neutral,2026-09-28 04:00:00+00:00,,-0.0336613956507891,,WMT|1d|rolling|cross_USO_state_ext=neutral + state_ext=neutral|2026-09-28,rolling,108.7300033569336,2026-10-06T21:39:06.678224+00:00,105.06999969482422,,True,long,-0.0336613956507891,
XBI,15m,state_volume=vol_surge + state_slope=downtrend,2026-08-20 15:15:00+00:00,,-0.0094967336075489,0.0068654730220181,XBI|15m|rolling|state_volume=vol_surge + state_slope=downtrend|2026-08-20 15:15:00+00:00,rolling,165.32,2026-09-10T21:40:43.341270+00:00,163.75,166.455,False,long,-0.0094967336075489,0.0068654730220181
XBI,15m,state_volume=vol_surge + state_slope=downtrend,2026-08-20 16:15:00+00:00,,-0.00262787997311,0.0187923974821244,XBI|15m|rolling|state_volume=vol_surge + state_slope=downtrend|2026-08-20 16:15:00+00:00,rolling,163.63,2026-09-10T21:40:43.433480+00:00,163.2,166.705,False,long,-0.00262787997311,0.0187923974821244
XBI,15m,state_volume=vol_surge + state_slope=downtrend,2026-08-20 17:15:00+00:00,,0.0032575291948371,0.0252612169637369,XBI|15m|rolling|state_volume=vol_surge + state_slope=downtrend|2026-08-20 17:15:00+00:00,rolling,162.7,2026-09-10T21:40:43.469085+00:00,163.23,166.81,False,long,0.0032575291948371,0.0252612169637369
XBI,15m,state_volume=vol_surge + state_slope=downtrend,2026-08-20 18:15:00+00:00,,-0.0002448729721457,0.0206917661463115,XBI|15m|rolling|state_volume=vol_surge + state_slope=downtrend|2026-08-20 18:15:00+00:00,rolling,163.35,2026-09-10T21:40:43.494865+00:00,163.31,166.73,False,long,-0.0002448729721457,0.0206917661463115
XBI,15m,state_volume=vol_surge + state_slope=downtrend,2026-08-20 19:45:00+00:00,,0.0239647415297032,0.0120282802313838,XBI|15m|rolling|state_volume=vol_surge + state_slope=downtrend|2026-08-20 19:45:00+00:00,rolling,163.365,2026-09-10T21:40:43.546491+00:00,167.28,165.33,False,long,0.0239647415297032,0.0120282802313838
XBI,15m,state_volume=vol_surge + state_slope=downtrend,2026-09-09 19:45:00+00:00,,-0.0115461847389558,-0.0158132530120482,XBI|15m|rolling|state_volume=vol_surge + state_slope=downtrend|2026-09-09 19:45:00+00:00,rolling,159.36,2026-09-10T21:41:20.221240+00:00,157.52,156.84,False,long,-0.0115461847389558,-0.0158132530120482
XBI,1d,cross_USO_state_vol=high_vol + state_ext=stretched_down,2026-07-20 04:00:00+00:00,,,,XBI|1d|rolling|cross_USO_state_vol=high_vol + state_ext=stretched_down|2026-07-20,rolling,150.94000244140625,2026-07-24T21:21:10.548285+00:00,,,True,long,,
XBI,1d,cross_USO_state_vol=high_vol + state_ext=stretched_down,2026-07-22 04:00:00+00:00,,,,XBI|1d|rolling|cross_USO_state_vol=high_vol + state_ext=stretched_down|2026-07-22,rolling,152.11000061035156,2026-07-24T21:21:21.022254+00:00,,,True,long,,
XBI,1d,cross_USO_state_vol=high_vol + state_ext=stretched_down,2026-07-23 04:00:00+00:00,,,,XBI|1d|rolling|cross_USO_state_vol=high_vol + state_ext=stretched_down|2026-07-23,rolling,152.22999572753906,2026-07-24T21:21:29.428267+00:00,,,True,long,,
XEL,1d,cross_USO_state_slope=downtrend + state_ext=neutral,2026-08-07 04:00:00+00:00,,0.014089899813257256,-0.022159643444295885,XEL|1d|rolling|cross_USO_state_slope=downtrend + state_ext=neutral|2026-08-07,rolling,78.06999969482422,2026-10-07T19:42:26.853238+00:00,79.16999816894531,76.33999633789062,False,long,0.014089899813257256,-0.022159643444295885
XEL,1d,cross_USO_state_slope=downtrend + state_ext=neutral,2026-08-11 04:00:00+00:00,,0.019958734860574534,-0.010043862630822575,XEL|1d|rolling|cross_USO_state_slope=downtrend + state_ext=neutral|2026-08-11,rolling,77.66000366210938,2026-10-07T19:42:26.946849+00:00,79.20999908447266,76.87999725341797,False,long,0.019958734860574534,-0.010043862630822575
XEL,1d,cross_USO_state_slope=downtrend + state_ext=neutral,2026-08-12 04:00:00+00:00,,0.00725190465508585,-0.030661527729015536,XEL|1d|rolling|cross_USO_state_slope=downtrend + state_ext=neutral|2026-08-12,rolling,78.5999984741211,2026-10-07T19:42:27.097281+00:00,79.16999816894531,76.19000244140625,False,long,0.00725190465508585,-0.030661527729015536
XEL,1d,cross_USO_state_slope=downtrend + state_ext=neutral,2026-08-13 04:00:00+00:00,,0.005444419940481504,-0.045201311003879696,XEL|1d|rolling|cross_USO_state_slope=downtrend + state_ext=neutral|2026-08-13,rolling,78.9800033569336,2026-10-07T19:42:27.246715+00:00,79.41000366210938,75.41000366210938,False,long,0.005444419940481504,-0.045201311003879696
XEL,1d,cross_USO_state_slope=downtrend + state_ext=neutral,2026-08-14 04:00:00+00:00,,-0.005810270242662341,-0.046355920851655186,XEL|1d|rolling|cross_USO_state_slope=downtrend + state_ext=neutral|2026-08-14,rolling,79.16999816894531,2026-10-07T19:42:27.315804+00:00,78.70999908447266,75.5,False,long,-0.005810270242662341,-0.046355920851655186
XEL,1d,cross_USO_state_slope=downtrend + state_ext=neutral,2026-08-17 04:00:00+00:00,,-0.023734342572243494,-0.08483778940000553,XEL|1d|rolling|cross_USO_state_slope=downtrend + state_ext=neutral|2026-08-17,rolling,79.20999908447266,2026-10-07T19:42:27.392893+00:00,77.33000183105469,72.48999786376953,False,long,-0.023734342572243494,-0.08483778940000553
XEL,1d,cross_USO_state_slope=downtrend + state_ext=neutral,2026-10-05 04:00:00+00:00,,,,XEL|1d|rolling|cross_USO_state_slope=downtrend + state_ext=neutral|2026-10-05,rolling,71.48999786376953,2026-10-07T19:43:17.766786+00:00,,,True,long,,
XEL,1d,cross_USO_state_slope=downtrend + state_ext=neutral,2026-10-06 04:00:00+00:00,,,,XEL|1d|rolling|cross_USO_state_slope=downtrend + state_ext=neutral|2026-10-06,rolling,72.7300033569336,2026-10-07T19:43:43.420761+00:00,,,True,long,,
XLB,1h,cross_USO_state_ext=neutral + state_ext=stretched_down,2026-07-31 13:00:00+00:00,,0.0004946576968738,,XLB|1h|rolling|cross_USO_state_ext=neutral + state_ext=stretched_down|2026-07-31 13:00:00+00:00,rolling,50.54,2026-07-31T21:26:37.814344+00:00,50.565,,True,long,0.0004946576968738,
XLB,1h,cross_USO_state_ext=neutral + state_ext=stretched_down,2026-07-31 14:00:00+00:00,,-0.0025722200237435,,XLB|1h|rolling|cross_USO_state_ext=neutral + state_ext=stretched_down|2026-07-31 14:00:00+00:00,rolling,50.54,2026-07-31T21:26:46.566639+00:00,50.41,,True,long,-0.0025722200237435,
XLB,1h,cross_USO_state_ext=neutral + state_ext=stretched_down,2026-07-31 15:00:00+00:00,,,,XLB|1h|rolling|cross_USO_state_ext=neutral + state_ext=stretched_down|2026-07-31 15:00:00+00:00,rolling,50.465,2026-07-31T21:27:03.035596+00:00,,,True,long,,
XLB,1h,cross_USO_state_ext=neutral + state_ext=stretched_down,2026-07-31 16:00:00+00:00,,,,XLB|1h|rolling|cross_USO_state_ext=neutral + state_ext=stretched_down|2026-07-31 16:00:00+00:00,rolling,50.54,2026-07-31T21:27:23.313368+00:00,,,True,long,,
XLB,1h,cross_USO_state_ext=neutral + state_ext=stretched_down,2026-07-31 17:00:00+00:00,,,,XLB|1h|rolling|cross_USO_state_ext=neutral + state_ext=stretched_down|2026-07-31 17:00:00+00:00,rolling,50.53,2026-07-31T21:27:41.590600+00:00,,,True,long,,
XLB,1h,cross_USO_state_ext=neutral + state_ext=stretched_down,2026-07-31 19:00:00+00:00,,,,XLB|1h|rolling|cross_USO_state_ext=neutral + state_ext=stretched_down|2026-07-31 19:00:00+00:00,rolling,50.41,2026-07-31T21:28:17.953837+00:00,,,True,long,,
XLB,1h,state_relvol=relvol_elevated + state_ext=neutral,2026-08-21 17:00:00+00:00,,-0.0019624334174377,0.0045790113073544,XLB|1h|rolling|state_relvol=relvol_elevated + state_ext=neutral|2026-08-21 17:00:00+00:00,rolling,53.505,2026-09-04T21:37:42.574338+00:00,53.4,53.75,False,long,-0.0019624334174377,0.0045790113073544
XLB,1h,state_relvol=relvol_elevated + state_ext=neutral,2026-08-21 18:00:00+00:00,,-0.0030818079940231,0.0030818079940231,XLB|1h|rolling|state_relvol=relvol_elevated + state_ext=neutral|2026-08-21 18:00:00+00:00,rolling,53.54,2026-09-04T21:37:42.584278+00:00,53.375,53.705,False,long,-0.0030818079940231,0.0030818079940231
XLB,1h,state_relvol=relvol_elevated + state_ext=neutral,2026-08-28 14:00:00+00:00,,0.0,-0.0077111152905774,XLB|1h|rolling|state_relvol=relvol_elevated + state_ext=neutral|2026-08-28 14:00:00+00:00,rolling,53.17,2026-09-04T21:37:57.293847+00:00,53.17,52.76,False,long,0.0,-0.0077111152905774
XLB,1h,state_relvol=relvol_elevated + state_ext=neutral,2026-08-28 15:00:00+00:00,,0.0,0.0024525988114327,XLB|1h|rolling|state_relvol=relvol_elevated + state_ext=neutral|2026-08-28 15:00:00+00:00,rolling,53.005,2026-09-04T21:37:57.303732+00:00,53.005,53.135,False,long,0.0,0.0024525988114327
XLB,1h,state_relvol=relvol_elevated + state_ext=neutral,2026-08-28 16:00:00+00:00,,-0.0009437523593808,0.0001887504718762,XLB|1h|rolling|state_relvol=relvol_elevated + state_ext=neutral|2026-08-28 16:00:00+00:00,rolling,52.98,2026-09-04T21:37:57.331253+00:00,52.93,52.99,False,long,-0.0009437523593808,0.0001887504718762
XLE,1h,cross_USO_state_ext=stretched_up + state_ext=neutral,2026-08-21 17:00:00+00:00,,,,XLE|1h|rolling|cross_USO_state_ext=stretched_up + state_ext=neutral|2026-08-21 17:00:00+00:00,rolling,63.605,2026-08-21T21:33:41.817142+00:00,,,True,long,,
XLE,1h,state_session=lunch + state_ext=stretched_down,2026-07-28 16:00:00+00:00,,0.0011284881167941,0.0180555555555554,XLE|1h|rolling|state_session=lunch + state_ext=stretched_down|2026-07-28 16:00:00+00:00,rolling,57.6,2026-07-31T21:24:40.741245+00:00,57.665000915527344,58.64,False,long,0.0011284881167941,0.0180555555555554
XLE,1h,state_session=lunch + state_ext=stretched_down,2026-07-28 17:00:00+00:00,,-0.0021675365190686,0.0091902202184845,XLE|1h|rolling|state_session=lunch + state_ext=stretched_down|2026-07-28 17:00:00+00:00,rolling,57.67,2026-07-31T21:24:40.757387+00:00,57.54499816894531,58.2,False,long,-0.0021675365190686,0.0091902202184845
XLE,1h,state_volume=vol_normal + state_ext=neutral + state_slope=uptrend,2026-08-20 15:00:00+00:00,,-0.0100837728824075,-0.0290102389078497,XLE|1h|rolling|state_volume=vol_normal + state_ext=neutral + state_slope=uptrend|2026-08-20 15:00:00+00:00,rolling,64.46,2026-09-04T21:37:38.448667+00:00,63.81,62.59,False,long,-0.0100837728824075,-0.0290102389078497
XLE,1h,state_volume=vol_normal + state_ext=neutral + state_slope=uptrend,2026-08-20 17:00:00+00:00,,-0.0018789634385031,-0.0196508259610115,XLE|1h|rolling|state_volume=vol_normal + state_ext=neutral + state_slope=uptrend|2026-08-20 17:00:00+00:00,rolling,63.865,2026-09-04T21:37:38.549556+00:00,63.745,62.61,False,long,-0.0018789634385031,-0.0196508259610115
XLE,1h,state_volume=vol_normal + state_ext=neutral + state_slope=uptrend,2026-08-31 16:00:00+00:00,,0.0185785437583998,0.0309905921416713,XLE|1h|rolling|state_volume=vol_normal + state_ext=neutral + state_slope=uptrend|2026-08-31 16:00:00+00:00,rolling,63.245,2026-09-04T21:37:59.077052+00:00,64.42,65.205,False,long,0.0185785437583998,0.0309905921416713
XLE,1h,state_volume=vol_normal + state_ext=neutral + state_slope=uptrend,2026-09-02 13:00:00+00:00,,0.0132908440851857,-0.0040416601896472,XLE|1h|rolling|state_volume=vol_normal + state_ext=neutral + state_slope=uptrend|2026-09-02 13:00:00+00:00,rolling,64.33,2026-09-04T21:38:08.127632+00:00,65.185,64.07,False,long,0.0132908440851857,-0.0040416601896472
XLE,1h,state_volume=vol_normal + state_ext=neutral + state_slope=uptrend,2026-09-02 14:00:00+00:00,,0.0050189174581114,,XLE|1h|rolling|state_volume=vol_normal + state_ext=neutral + state_slope=uptrend|2026-09-02 14:00:00+00:00,rolling,64.755,2026-09-04T21:38:08.507826+00:00,65.08,,True,long,0.0050189174581114,
XLE,1h,state_volume=vol_normal + state_ext=neutral + state_slope=uptrend,2026-09-02 18:00:00+00:00,,-0.0012272762138528,,XLE|1h|rolling|state_volume=vol_normal + state_ext=neutral + state_slope=uptrend|2026-09-02 18:00:00+00:00,rolling,65.185,2026-09-04T21:38:12.003325+00:00,65.105,,True,long,-0.0012272762138528,
XLE,1h,state_volume=vol_normal + state_ext=neutral + state_slope=uptrend,2026-09-03 13:00:00+00:00,,-0.003379935473959,,XLE|1h|rolling|state_volume=vol_normal + state_ext=neutral + state_slope=uptrend|2026-09-03 13:00:00+00:00,rolling,65.09,2026-09-04T21:38:14.109706+00:00,64.87,,True,long,-0.003379935473959,
XLE,1h,state_volume=vol_normal + state_ext=neutral + state_slope=uptrend,2026-09-03 14:00:00+00:00,,-0.0093500919681177,,XLE|1h|rolling|state_volume=vol_normal + state_ext=neutral + state_slope=uptrend|2026-09-03 14:00:00+00:00,rolling,65.24,2026-09-04T21:38:14.791173+00:00,64.63,,True,long,-0.0093500919681177,
XLE,1h,state_volume=vol_normal + state_ext=neutral + state_slope=uptrend,2026-09-03 15:00:00+00:00,,-0.0256882140940111,,XLE|1h|rolling|state_volume=vol_normal + state_ext=neutral + state_slope=uptrend|2026-09-03 15:00:00+00:00,rolling,65.205,2026-09-04T21:38:15.514814+00:00,63.53,,True,long,-0.0256882140940111,
XLE,1h,state_volume=vol_normal + state_ext=neutral + state_slope=uptrend,2026-09-03 16:00:00+00:00,,-0.0131326319023117,,XLE|1h|rolling|state_volume=vol_normal + state_ext=neutral + state_slope=uptrend|2026-09-03 16:00:00+00:00,rolling,65.105,2026-09-04T21:38:17.324726+00:00,64.25,,True,long,-0.0131326319023117,
XLI,15m,state_session=afternoon + state_slope=downtrend,2026-08-18 18:00:00+00:00,,0.0,-0.0063101778817387,XLI|15m|rolling|state_session=afternoon + state_slope=downtrend|2026-08-18 18:00:00+00:00,rolling,183.83,2026-08-19T21:32:06.582199+00:00,183.83,182.67,False,long,0.0,-0.0063101778817387
XLI,15m,state_session=afternoon + state_slope=downtrend,2026-08-18 18:15:00+00:00,,0.0007078682276069,-0.0068064252654506,XLI|15m|rolling|state_session=afternoon + state_slope=downtrend|2026-08-18 18:15:00+00:00,rolling,183.65,2026-08-19T21:32:09.708089+00:00,183.78,182.4,False,long,0.0007078682276069,-0.0068064252654506
XLI,15m,state_session=afternoon + state_slope=downtrend,2026-08-18 19:00:00+00:00,,-0.0005448700484933,-0.0057756225140304,XLI|15m|rolling|state_session=afternoon + state_slope=downtrend|2026-08-18 19:00:00+00:00,rolling,183.53,2026-08-19T21:32:09.732495+00:00,183.43,182.47,False,long,-0.0005448700484933,-0.0057756225140304
XLI,15m,state_session=afternoon + state_slope=downtrend,2026-08-18 19:15:00+00:00,,-0.0066964285714287,-0.0064514372822299,XLI|15m|rolling|state_session=afternoon + state_slope=downtrend|2026-08-18 19:15:00+00:00,rolling,183.68,2026-08-19T21:32:11.833612+00:00,182.45,182.495,False,long,-0.0066964285714287,-0.0064514372822299
XLI,15m,state_session=afternoon + state_slope=downtrend,2026-08-18 19:45:00+00:00,,-0.0002724647158192,-0.0064846602364994,XLI|15m|rolling|state_session=afternoon + state_slope=downtrend|2026-08-18 19:45:00+00:00,rolling,183.51,2026-08-19T21:32:11.858350+00:00,183.46,182.32,False,long,-0.0002724647158192,-0.0064846602364994
XLI,15m,state_session=afternoon + state_slope=downtrend,2026-08-19 18:15:00+00:00,,-0.0027691717160639,,XLI|15m|rolling|state_session=afternoon + state_slope=downtrend|2026-08-19 18:15:00+00:00,rolling,182.365,2026-08-19T21:32:33.599859+00:00,181.86,,True,long,-0.0027691717160639,
XLI,15m,state_session=afternoon + state_slope=downtrend,2026-08-19 19:15:00+00:00,,,,XLI|15m|rolling|state_session=afternoon + state_slope=downtrend|2026-08-19 19:15:00+00:00,rolling,182.05,2026-08-19T21:32:41.849239+00:00,,,True,long,,
XLI,15m,state_session=afternoon + state_slope=downtrend,2026-08-19 19:45:00+00:00,,,,XLI|15m|rolling|state_session=afternoon + state_slope=downtrend|2026-08-19 19:45:00+00:00,rolling,181.94,2026-08-19T21:32:53.781206+00:00,,,True,long,,
XLI,1h,state_ext=neutral + state_ret_5=ret_down,2026-08-11 18:00:00+00:00,,0.003583263733599,0.0035293800684321,XLI|1h|rolling|state_ext=neutral + state_ret_5=ret_down|2026-08-11 18:00:00+00:00,rolling,185.585,2026-08-19T21:31:26.822048+00:00,186.25,186.24,False,long,0.003583263733599,0.0035293800684321
XLI,1h,state_ext=neutral + state_ret_5=ret_down,2026-08-13 13:00:00+00:00,,0.004808731359412,0.0065377134212232,XLI|1h|rolling|state_ext=neutral + state_ret_5=ret_down|2026-08-13 13:00:00+00:00,rolling,185.08,2026-08-19T21:31:31.091084+00:00,185.97,186.29,False,long,0.004808731359412,0.0065377134212232
XLI,1h,state_ext=neutral + state_ret_5=ret_down,2026-08-13 14:00:00+00:00,,0.0032939143582266,-0.0005669852583832,XLI|1h|rolling|state_ext=neutral + state_ret_5=ret_down|2026-08-13 14:00:00+00:00,rolling,185.19,2026-08-19T21:31:31.229220+00:00,185.8,185.085,False,long,0.0032939143582266,-0.0005669852583832
XLI,1h,state_ext=neutral + state_ret_5=ret_down,2026-08-13 15:00:00+00:00,,0.0075651140170756,-0.00286393602075,XLI|1h|rolling|state_ext=neutral + state_ret_5=ret_down|2026-08-13 15:00:00+00:00,rolling,185.06,2026-08-19T21:31:31.293031+00:00,186.46,184.53,False,long,0.0075651140170756,-0.00286393602075
XLI,1h,state_ext=neutral + state_ret_5=ret_down,2026-08-13 16:00:00+00:00,,0.005281595257343,-0.0078415521422797,XLI|1h|rolling|state_ext=neutral + state_ret_5=ret_down|2026-08-13 16:00:00+00:00,rolling,185.55,2026-08-19T21:31:31.358971+00:00,186.53,184.095,False,long,0.005281595257343,-0.0078415521422797
XLI,1h,state_ext=neutral + state_ret_5=ret_down,2026-08-17 19:00:00+00:00,,-0.0130441784314776,,XLI|1h|rolling|state_ext=neutral + state_ret_5=ret_down|2026-08-17 19:00:00+00:00,rolling,186.29,2026-08-19T21:32:00.577016+00:00,183.86,,True,long,-0.0130441784314776,
XLI,1h,state_ext=neutral + state_ret_5=ret_down,2026-08-18 14:00:00+00:00,,-0.0055275564948789,,XLI|1h|rolling|state_ext=neutral + state_ret_5=ret_down|2026-08-18 14:00:00+00:00,rolling,184.53,2026-08-19T21:32:01.986619+00:00,183.51,,True,long,-0.0055275564948789,
XLI,1h,state_ext=neutral + state_ret_5=ret_down,2026-08-18 15:00:00+00:00,,-0.0036122654064477,,XLI|1h|rolling|state_ext=neutral + state_ret_5=ret_down|2026-08-18 15:00:00+00:00,rolling,184.095,2026-08-19T21:32:03.393531+00:00,183.43,,True,long,-0.0036122654064477,
XLI,1h,state_ext=neutral + state_ret_5=ret_down,2026-08-18 16:00:00+00:00,,-0.0037218147242596,,XLI|1h|rolling|state_ext=neutral + state_ret_5=ret_down|2026-08-18 16:00:00+00:00,rolling,184.05,2026-08-19T21:32:06.189522+00:00,183.365,,True,long,-0.0037218147242596,
XLI,1h,state_ext=neutral + state_ret_5=ret_down,2026-08-18 17:00:00+00:00,,-0.0070705971935168,,XLI|1h|rolling|state_ext=neutral + state_ret_5=ret_down|2026-08-18 17:00:00+00:00,rolling,183.86,2026-08-19T21:32:08.645815+00:00,182.56,,True,long,-0.0070705971935168,
XLI,1h,state_ext=neutral + state_ret_5=ret_down,2026-08-18 18:00:00+00:00,,-0.0069956719383726,,XLI|1h|rolling|state_ext=neutral + state_ret_5=ret_down|2026-08-18 18:00:00+00:00,rolling,183.685,2026-08-19T21:32:11.125283+00:00,182.4,,True,long,-0.0069956719383726,
XLI,1h,state_ext=neutral + state_ret_5=ret_down,2026-08-18 19:00:00+00:00,,-0.0055310337311317,,XLI|1h|rolling|state_ext=neutral + state_ret_5=ret_down|2026-08-18 19:00:00+00:00,rolling,183.51,2026-08-19T21:32:13.217019+00:00,182.495,,True,long,-0.0055310337311317,
XLI,1h,state_ext=neutral + state_ret_5=ret_down,2026-08-19 13:00:00+00:00,,-0.0077958894401134,,XLI|1h|rolling|state_ext=neutral + state_ret_5=ret_down|2026-08-19 13:00:00+00:00,rolling,183.43,2026-08-19T21:32:18.080599+00:00,182.0,,True,long,-0.0077958894401134,
XLI,1h,state_ext=neutral + state_ret_5=ret_down,2026-08-19 14:00:00+00:00,,-0.0077713849426008,,XLI|1h|rolling|state_ext=neutral + state_ret_5=ret_down|2026-08-19 14:00:00+00:00,rolling,183.365,2026-08-19T21:32:19.839304+00:00,181.94,,True,long,-0.0077713849426008,
XLI,1h,state_ext=neutral + state_ret_5=ret_down,2026-08-19 15:00:00+00:00,,,,XLI|1h|rolling|state_ext=neutral + state_ret_5=ret_down|2026-08-19 15:00:00+00:00,rolling,182.56,2026-08-19T21:32:24.398962+00:00,,,True,long,,
XLI,1h,state_ext=neutral + state_ret_5=ret_down,2026-08-19 16:00:00+00:00,,,,XLI|1h|rolling|state_ext=neutral + state_ret_5=ret_down|2026-08-19 16:00:00+00:00,rolling,182.4,2026-08-19T21:32:27.922353+00:00,,,True,long,,
XLI,1h,state_ext=neutral + state_ret_5=ret_down,2026-08-19 17:00:00+00:00,,,,XLI|1h|rolling|state_ext=neutral + state_ret_5=ret_down|2026-08-19 17:00:00+00:00,rolling,182.495,2026-08-19T21:32:30.024654+00:00,,,True,long,,
XLI,1h,state_ext=neutral + state_ret_5=ret_down,2026-08-19 18:00:00+00:00,,,,XLI|1h|rolling|state_ext=neutral + state_ret_5=ret_down|2026-08-19 18:00:00+00:00,rolling,182.0,2026-08-19T21:32:36.737381+00:00,,,True,long,,
XLI,1h,state_ext=neutral + state_ret_5=ret_down,2026-08-19 19:00:00+00:00,,,,XLI|1h|rolling|state_ext=neutral + state_ret_5=ret_down|2026-08-19 19:00:00+00:00,rolling,181.94,2026-08-19T21:32:50.964568+00:00,,,True,long,,
XLK,15m,cross_TLT_state_slope=uptrend + state_slope=uptrend,2026-08-13 14:00:00+00:00,,-0.0003658026755853,-0.0005225752508362,XLK|15m|rolling|cross_TLT_state_slope=uptrend + state_slope=uptrend|2026-08-13 14:00:00+00:00,rolling,191.36,2026-08-19T21:31:31.064403+00:00,191.29,191.26,False,long,-0.0003658026755853,-0.0005225752508362
XLK,15m,cross_TLT_state_slope=uptrend + state_slope=uptrend,2026-08-13 14:15:00+00:00,,-0.0012286618043028,-0.0005228348103416,XLK|15m|rolling|cross_TLT_state_slope=uptrend + state_slope=uptrend|2026-08-13 14:15:00+00:00,rolling,191.265,2026-08-19T21:31:31.157146+00:00,191.03,191.165,False,long,-0.0012286618043028,-0.0005228348103416
XLK,15m,cross_TLT_state_slope=uptrend + state_slope=uptrend,2026-08-13 15:00:00+00:00,,-0.0015157058485339,-0.0011498458161292,XLK|15m|rolling|cross_TLT_state_slope=uptrend + state_slope=uptrend|2026-08-13 15:00:00+00:00,rolling,191.33,2026-08-19T21:31:31.181809+00:00,191.04,191.11,False,long,-0.0015157058485339,-0.0011498458161292
XLK,15m,cross_TLT_state_slope=uptrend + state_slope=uptrend,2026-08-13 15:15:00+00:00,,-0.0030815836205996,-0.0040217277760368,XLK|15m|rolling|cross_TLT_state_slope=uptrend + state_slope=uptrend|2026-08-13 15:15:00+00:00,rolling,191.46,2026-08-19T21:31:31.256182+00:00,190.87,190.69,False,long,-0.0030815836205996,-0.0040217277760368
XLK,15m,cross_TLT_state_slope=uptrend + state_slope=uptrend,2026-08-13 16:00:00+00:00,,0.0034591194968554,-0.0021488469601678,XLK|15m|rolling|cross_TLT_state_slope=uptrend + state_slope=uptrend|2026-08-13 16:00:00+00:00,rolling,190.8,2026-08-19T21:31:31.280788+00:00,191.46,190.39,False,long,0.0034591194968554,-0.0021488469601678
XLK,15m,cross_TLT_state_slope=uptrend + state_slope=uptrend,2026-08-13 16:15:00+00:00,,0.0027255097227318,-0.0023586141831332,XLK|15m|rolling|cross_TLT_state_slope=uptrend + state_slope=uptrend|2026-08-13 16:15:00+00:00,rolling,190.79,2026-08-19T21:31:31.326998+00:00,191.31,190.34,False,long,0.0027255097227318,-0.0023586141831332
XLK,15m,cross_TLT_state_slope=uptrend + state_slope=uptrend,2026-08-13 17:00:00+00:00,,-0.0027169653586915,-0.0111291081038716,XLK|15m|rolling|cross_TLT_state_slope=uptrend + state_slope=uptrend|2026-08-13 17:00:00+00:00,rolling,191.39,2026-08-19T21:31:31.339127+00:00,190.87,189.26,False,long,-0.0027169653586915,-0.0111291081038716
XLK,15m,cross_TLT_state_slope=uptrend + state_slope=uptrend,2026-08-13 17:15:00+00:00,,0.000104449550867,-0.0097660330060579,XLK|15m|rolling|cross_TLT_state_slope=uptrend + state_slope=uptrend|2026-08-13 17:15:00+00:00,rolling,191.48,2026-08-19T21:31:31.380678+00:00,191.5,189.61,False,long,0.000104449550867,-0.0097660330060579
XLK,1d,cross_TLT_state_slope=uptrend + state_ext=neutral,2026-07-06 00:00:00+00:00,,,,XLK|1d|cross_TLT_state_slope=uptrend + state_ext=neutral|2026-07-06,insample,183.57,2026-07-09T21:46:19.998806+00:00,,,True,,,
XLK,1d,cross_USO_state_ext=neutral + cross_TLT_state_slope=flat + state_ext=neutral,2026-08-26 04:00:00+00:00,,0.004156693178993809,0.06492020681317778,XLK|1d|rolling|cross_USO_state_ext=neutral + cross_TLT_state_slope=flat + state_ext=neutral|2026-08-26,rolling,182.83999633789065,2026-10-07T19:42:28.721713+00:00,183.60000610351562,194.7100067138672,False,long,0.004156693178993809,0.06492020681317778
XLK,1d,cross_USO_state_ext=neutral + state_ext=neutral,2026-08-26 04:00:00+00:00,,0.004156693178993809,0.06492020681317778,XLK|1d|rolling|cross_USO_state_ext=neutral + state_ext=neutral|2026-08-26,rolling,182.83999633789065,2026-10-07T19:42:28.730845+00:00,183.60000610351562,194.7100067138672,False,long,0.004156693178993809,0.06492020681317778
XLK,1d,state_ext=stretched_down + state_ret_1=ret_down,2026-07-27 04:00:00+00:00,,,,XLK|1d|rolling|state_ext=stretched_down + state_ret_1=ret_down|2026-07-27,rolling,174.3000030517578,2026-07-31T21:24:49.362321+00:00,,,True,long,,
XLK,1d,state_ext=stretched_down + state_ret_1=ret_down,2026-07-28 04:00:00+00:00,,,,XLK|1d|rolling|state_ext=stretched_down + state_ret_1=ret_down|2026-07-28,rolling,171.08999633789062,2026-07-31T21:25:18.684979+00:00,,,True,long,,
XLK,1d,state_ext=stretched_down + state_ret_1=ret_down,2026-07-29 04:00:00+00:00,,,,XLK|1d|rolling|state_ext=stretched_down + state_ret_1=ret_down|2026-07-29,rolling,166.57000732421875,2026-07-31T21:26:19.204126+00:00,,,True,long,,
XLK,1h,cross_USO_state_vol=mid_vol + state_ext=stretched_down,2026-07-02 19:00:00+00:00,,0.0159002770083103,0.002382271468144,XLK|1h|cross_USO_state_vol=mid_vol + state_ext=stretched_down|2026-07-02 19:00:00+00:00,insample,180.5,2026-07-09T21:46:19.142778+00:00,183.37,180.93,False,,,
XLK,1h,cross_USO_state_vol=mid_vol + state_ext=stretched_down,2026-07-08 15:00:00+00:00,,0.0466790394241043,,XLK|1h|cross_USO_state_vol=mid_vol + state_ext=stretched_down|2026-07-08 15:00:00+00:00,insample,177.81,2026-07-09T21:46:20.851824+00:00,186.11,,True,,,
XLK,1h,cross_TLT_state_slope=uptrend + state_ext=stretched_down,2026-07-29 13:00:00+00:00,,-0.0100153570983103,0.0347295864262988,XLK|1h|rolling|cross_TLT_state_slope=uptrend + state_ext=stretched_down|2026-07-29 13:00:00+00:00,rolling,169.74,2026-07-31T21:24:50.738819+00:00,168.0399932861328,175.635,False,long,-0.0100153570983103,0.0347295864262988
XLK,1h,cross_TLT_state_slope=uptrend + state_ext=stretched_down,2026-07-29 14:00:00+00:00,,-0.0006809036425183,0.0330086740282422,XLK|1h|rolling|cross_TLT_state_slope=uptrend + state_ext=stretched_down|2026-07-29 14:00:00+00:00,rolling,168.895,2026-07-31T21:24:51.044295+00:00,168.77999877929688,174.47,False,long,-0.0006809036425183,0.0330086740282422
XLK,1h,cross_TLT_state_slope=uptrend + state_ext=stretched_down,2026-07-29 15:00:00+00:00,,0.0099999564034598,0.0414285714285713,XLK|1h|rolling|cross_TLT_state_slope=uptrend + state_ext=stretched_down|2026-07-29 15:00:00+00:00,rolling,168.0,2026-07-31T21:24:51.467347+00:00,169.67999267578125,174.96,False,long,0.0099999564034598,0.0414285714285713
XLK,1h,cross_TLT_state_slope=uptrend + state_ext=stretched_down,2026-07-29 16:00:00+00:00,,0.0088553429216688,0.0424937596576726,XLK|1h|rolling|cross_TLT_state_slope=uptrend + state_ext=stretched_down|2026-07-29 16:00:00+00:00,rolling,168.26,2026-07-31T21:24:51.865134+00:00,169.75,175.41,False,long,0.0088553429216688,0.0424937596576726
XLK,1h,cross_USO_state_slope=flat + state_ext=stretched_down,2026-07-29 16:00:00+00:00,,0.0088553429216688,0.0424937596576726,XLK|1h|rolling|cross_USO_state_slope=flat + state_ext=stretched_down|2026-07-29 16:00:00+00:00,rolling,168.26,2026-07-31T21:24:51.879748+00:00,169.75,175.41,False,long,0.0088553429216688,0.0424937596576726
XLK,1h,state_session=afternoon + state_volume=vol_surge,2026-09-30 19:00:00+00:00,,0.0107296137339054,0.0266196607398323,XLK|1h|rolling|state_session=afternoon + state_volume=vol_surge|2026-09-30 19:00:00+00:00,rolling,195.72,2026-10-05T21:59:31.320713+00:00,197.82,200.93,False,long,0.0107296137339054,0.0266196607398323
XLK,1h,state_session=afternoon + state_volume=vol_surge,2026-10-01 18:00:00+00:00,,0.0079657171666247,,XLK|1h|rolling|state_session=afternoon + state_volume=vol_surge|2026-10-01 18:00:00+00:00,rolling,198.35,2026-10-05T21:59:42.574043+00:00,199.93,,True,long,0.0079657171666247,
XLK,1h,state_session=lunch + state_volume=vol_surge,2026-10-06 16:00:00+00:00,,-0.010963504370586241,,XLK|1h|rolling|state_session=lunch + state_volume=vol_surge|2026-10-06 16:00:00+00:00,rolling,202.49,2026-10-07T19:43:06.194641+00:00,200.27,,True,long,-0.010963504370586241,
XLK,1h,state_session=lunch + state_volume=vol_surge,2026-10-07 17:00:00+00:00,,,,XLK|1h|rolling|state_session=lunch + state_volume=vol_surge|2026-10-07 17:00:00+00:00,rolling,201.26,2026-10-07T19:43:36.255794+00:00,,,True,long,,
XLP,1h,state_volume=vol_quiet + state_ext=neutral + state_slope=uptrend,2026-08-13 16:00:00+00:00,,0.001048767697954922,-0.0006991784653033184,XLP|1h|rolling|state_volume=vol_quiet + state_ext=neutral + state_slope=uptrend|2026-08-13 16:00:00+00:00,rolling,85.815,2026-10-07T19:42:26.966505+00:00,85.905,85.755,False,short,-0.001048767697954922,0.0006991784653033184
XLP,1h,state_volume=vol_quiet + state_ext=neutral + state_slope=uptrend,2026-08-13 17:00:00+00:00,,0.005366621944816963,0.0013999883334303576,XLP|1h|rolling|state_volume=vol_quiet + state_ext=neutral + state_slope=uptrend|2026-08-13 17:00:00+00:00,rolling,85.715,2026-10-07T19:42:26.996989+00:00,86.175,85.835,False,short,-0.005366621944816963,-0.0013999883334303576
XLP,1h,state_volume=vol_quiet + state_ext=neutral + state_slope=uptrend,2026-08-13 18:00:00+00:00,,0.0023300518436535356,0.0007572668491875323,XLP|1h|rolling|state_volume=vol_quiet + state_ext=neutral + state_slope=uptrend|2026-08-13 18:00:00+00:00,rolling,85.835,2026-10-07T19:42:27.027642+00:00,86.035,85.9,False,short,-0.0023300518436535356,-0.0007572668491875323
XLP,1h,state_volume=vol_quiet + state_ext=neutral + state_slope=uptrend,2026-08-13 19:00:00+00:00,,0.0019217330538086053,-0.0004076403447472732,XLP|1h|rolling|state_volume=vol_quiet + state_ext=neutral + state_slope=uptrend|2026-08-13 19:00:00+00:00,rolling,85.86,2026-10-07T19:42:27.047891+00:00,86.025,85.825,False,short,-0.0019217330538086053,0.0004076403447472732
XLP,1h,state_volume=vol_quiet + state_ext=neutral + state_slope=uptrend,2026-08-14 14:00:00+00:00,,-0.00017423626437451656,0.009524915785805499,XLP|1h|rolling|state_volume=vol_quiet + state_ext=neutral + state_slope=uptrend|2026-08-14 14:00:00+00:00,rolling,86.09,2026-10-07T19:42:27.116127+00:00,86.075,86.91,False,short,0.00017423626437451656,-0.009524915785805499
XLP,1h,state_volume=vol_quiet + state_ext=neutral + state_slope=uptrend,2026-08-14 15:00:00+00:00,,-0.011203993962614511,0.007546731684662689,XLP|1h|rolling|state_volume=vol_quiet + state_ext=neutral + state_slope=uptrend|2026-08-14 15:00:00+00:00,rolling,86.13,2026-10-07T19:42:27.136488+00:00,85.165,86.78,False,short,0.011203993962614511,-0.007546731684662689
XLP,1h,state_volume=vol_quiet + state_ext=neutral + state_slope=uptrend,2026-08-14 17:00:00+00:00,,-0.01522813135716361,0.006451612903225712,XLP|1h|rolling|state_volume=vol_quiet + state_ext=neutral + state_slope=uptrend|2026-08-14 17:00:00+00:00,rolling,86.025,2026-10-07T19:42:27.167146+00:00,84.715,86.58,False,short,0.01522813135716361,-0.006451612903225712
XLP,1h,state_volume=vol_quiet + state_ext=neutral + state_slope=uptrend,2026-08-14 18:00:00+00:00,,-0.013997792879131055,0.00737643027240531,XLP|1h|rolling|state_volume=vol_quiet + state_ext=neutral + state_slope=uptrend|2026-08-14 18:00:00+00:00,rolling,86.085,2026-10-07T19:42:27.187756+00:00,84.88,86.72,False,short,0.013997792879131055,-0.00737643027240531
XLP,1h,state_volume=vol_quiet + state_ext=neutral + state_slope=uptrend,2026-08-14 19:00:00+00:00,,-0.015398919170201641,0.01011098843628333,XLP|1h|rolling|state_volume=vol_quiet + state_ext=neutral + state_slope=uptrend|2026-08-14 19:00:00+00:00,rolling,86.045,2026-10-07T19:42:27.208136+00:00,84.72,86.915,False,short,0.015398919170201641,-0.01011098843628333
XLP,1h,state_volume=vol_quiet + state_ext=neutral + state_slope=uptrend,2026-08-17 13:00:00+00:00,,-0.0061057946339460045,0.015910291786531916,XLP|1h|rolling|state_volume=vol_quiet + state_ext=neutral + state_slope=uptrend|2026-08-17 13:00:00+00:00,rolling,85.165,2026-10-07T19:42:27.255999+00:00,84.645,86.52,False,short,0.0061057946339460045,-0.015910291786531916
XLP,1h,state_volume=vol_quiet + state_ext=neutral + state_slope=uptrend,2026-08-17 14:00:00+00:00,,-0.005927577909501713,0.0058688890193085985,XLP|1h|rolling|state_volume=vol_quiet + state_ext=neutral + state_slope=uptrend|2026-08-17 14:00:00+00:00,rolling,85.195,2026-10-07T19:42:27.276239+00:00,84.69,85.695,False,short,0.005927577909501713,-0.0058688890193085985
XLP,1h,state_volume=vol_quiet + state_ext=neutral + state_slope=uptrend,2026-08-19 15:00:00+00:00,,-0.010964279531421317,0.007040221593860085,XLP|1h|rolling|state_volume=vol_quiet + state_ext=neutral + state_slope=uptrend|2026-08-19 15:00:00+00:00,rolling,86.645,2026-10-07T19:42:27.412416+00:00,85.695,87.255,False,short,0.010964279531421317,-0.007040221593860085
XLP,1h,state_volume=vol_quiet + state_ext=neutral + state_slope=uptrend,2026-08-19 16:00:00+00:00,,-0.011757210703115972,0.009961774585891314,XLP|1h|rolling|state_volume=vol_quiet + state_ext=neutral + state_slope=uptrend|2026-08-19 16:00:00+00:00,rolling,86.33,2026-10-07T19:42:27.432912+00:00,85.315,87.19,False,short,0.011757210703115972,-0.009961774585891314
XLP,1h,state_volume=vol_quiet + state_ext=neutral + state_slope=uptrend,2026-08-19 18:00:00+00:00,,-0.012764489420423186,0.002472401103955857,XLP|1h|rolling|state_volume=vol_quiet + state_ext=neutral + state_slope=uptrend|2026-08-19 18:00:00+00:00,rolling,86.96,2026-10-07T19:42:27.453283+00:00,85.85,87.175,False,short,0.012764489420423186,-0.002472401103955857
XLP,1h,state_volume=vol_quiet + state_ext=neutral + state_slope=uptrend,2026-08-19 19:00:00+00:00,,-0.010678827060725093,0.006291849457400245,XLP|1h|rolling|state_volume=vol_quiet + state_ext=neutral + state_slope=uptrend|2026-08-19 19:00:00+00:00,rolling,86.62,2026-10-07T19:42:27.473452+00:00,85.695,87.165,False,short,0.010678827060725093,-0.006291849457400245
XLP,1h,state_volume=vol_quiet + state_ext=neutral + state_slope=uptrend,2026-08-20 14:00:00+00:00,,-0.0008196721311476418,0.011709601873536313,XLP|1h|rolling|state_volume=vol_quiet + state_ext=neutral + state_slope=uptrend|2026-08-20 14:00:00+00:00,rolling,85.4,2026-10-07T19:42:27.541269+00:00,85.33,86.4,False,short,0.0008196721311476418,-0.011709601873536313
XLP,1h,state_volume=vol_quiet + state_ext=neutral + state_slope=uptrend,2026-08-20 15:00:00+00:00,,-0.002334812047630197,0.009339248190520566,XLP|1h|rolling|state_volume=vol_quiet + state_ext=neutral + state_slope=uptrend|2026-08-20 15:00:00+00:00,rolling,85.66,2026-10-07T19:42:27.617109+00:00,85.46,86.46,False,short,0.002334812047630197,-0.009339248190520566
XLP,1h,state_volume=vol_quiet + state_ext=neutral + state_slope=uptrend,2026-08-20 16:00:00+00:00,,0.0005236820667984254,0.00506225997905263,XLP|1h|rolling|state_volume=vol_quiet + state_ext=neutral + state_slope=uptrend|2026-08-20 16:00:00+00:00,rolling,85.93,2026-10-07T19:42:27.647897+00:00,85.975,86.365,False,short,-0.0005236820667984254,-0.00506225997905263
XLP,1h,state_volume=vol_quiet + state_ext=neutral + state_slope=uptrend,2026-08-24 15:00:00+00:00,,-0.009742120343839478,-0.021432664756447006,XLP|1h|rolling|state_volume=vol_quiet + state_ext=neutral + state_slope=uptrend|2026-08-24 15:00:00+00:00,rolling,87.25,2026-10-07T19:42:27.962902+00:00,86.4,85.38,False,short,0.009742120343839478,0.021432664756447006
XLP,1h,state_volume=vol_quiet + state_ext=neutral + state_slope=uptrend,2026-08-24 16:00:00+00:00,,-0.008713597798670092,-0.016739279981655475,XLP|1h|rolling|state_volume=vol_quiet + state_ext=neutral + state_slope=uptrend|2026-08-24 16:00:00+00:00,rolling,87.22,2026-10-07T19:42:27.993440+00:00,86.46,85.76,False,short,0.008713597798670092,0.016739279981655475
XLP,1h,state_volume=vol_quiet + state_ext=neutral + state_slope=uptrend,2026-08-24 18:00:00+00:00,,-0.008489646073538748,-0.01961796592669085,XLP|1h|rolling|state_volume=vol_quiet + state_ext=neutral + state_slope=uptrend|2026-08-24 18:00:00+00:00,rolling,87.165,2026-10-07T19:42:28.031882+00:00,86.425,85.455,False,short,0.008489646073538748,0.01961796592669085
XLP,1h,state_volume=vol_quiet + state_ext=neutral + state_slope=uptrend,2026-08-24 19:00:00+00:00,,-0.0066601596141699915,-0.020382385026123773,XLP|1h|rolling|state_volume=vol_quiet + state_ext=neutral + state_slope=uptrend|2026-08-24 19:00:00+00:00,rolling,87.085,2026-10-07T19:42:28.052312+00:00,86.505,85.31,False,short,0.0066601596141699915,0.020382385026123773
XLP,1h,state_volume=vol_quiet + state_ext=neutral + state_slope=uptrend,2026-08-25 13:00:00+00:00,,-0.0036851499971208845,-0.02009558357805019,XLP|1h|rolling|state_volume=vol_quiet + state_ext=neutral + state_slope=uptrend|2026-08-25 13:00:00+00:00,rolling,86.835,2026-10-07T19:42:28.072695+00:00,86.515,85.09,False,short,0.0036851499971208845,0.02009558357805019
XLP,1h,state_volume=vol_quiet + state_ext=neutral + state_slope=uptrend,2026-08-25 14:00:00+00:00,,-0.0001155935729973967,-0.012021731591723595,XLP|1h|rolling|state_volume=vol_quiet + state_ext=neutral + state_slope=uptrend|2026-08-25 14:00:00+00:00,rolling,86.51,2026-10-07T19:42:28.113446+00:00,86.5,85.47,False,short,0.0001155935729973967,0.012021731591723595
XLP,1h,state_volume=vol_quiet + state_ext=neutral + state_slope=uptrend,2026-08-25 15:00:00+00:00,,5.789382272913812e-05,-0.012041915127655733,XLP|1h|rolling|state_volume=vol_quiet + state_ext=neutral + state_slope=uptrend|2026-08-25 15:00:00+00:00,rolling,86.365,2026-10-07T19:42:28.190914+00:00,86.37,85.325,False,short,-5.789382272913812e-05,0.012041915127655733
XLP,1h,state_volume=vol_quiet + state_ext=neutral + state_slope=uptrend,2026-08-25 16:00:00+00:00,,-0.0006942435637836697,-0.011281457911483828,XLP|1h|rolling|state_volume=vol_quiet + state_ext=neutral + state_slope=uptrend|2026-08-25 16:00:00+00:00,rolling,86.425,2026-10-07T19:42:28.239331+00:00,86.365,85.45,False,short,0.0006942435637836697,0.011281457911483828
XLP,1h,state_volume=vol_quiet + state_ext=neutral + state_slope=uptrend,2026-08-25 17:00:00+00:00,,-0.0006358013987629585,-0.013756430264146524,XLP|1h|rolling|state_volume=vol_quiet + state_ext=neutral + state_slope=uptrend|2026-08-25 17:00:00+00:00,rolling,86.505,2026-10-07T19:42:28.287956+00:00,86.45,85.315,False,short,0.0006358013987629585,0.013756430264146524
XLP,1h,state_volume=vol_quiet + state_ext=neutral + state_slope=uptrend,2026-08-25 18:00:00+00:00,,-0.0017915968329191845,-0.013292492631335695,XLP|1h|rolling|state_volume=vol_quiet + state_ext=neutral + state_slope=uptrend|2026-08-25 18:00:00+00:00,rolling,86.515,2026-10-07T19:42:28.318392+00:00,86.36,85.365,False,short,0.0017915968329191845,0.013292492631335695
XLP,1h,state_volume=vol_quiet + state_ext=neutral + state_slope=uptrend,2026-08-25 19:00:00+00:00,,-0.001387283236994219,-0.011907514450867018,XLP|1h|rolling|state_volume=vol_quiet + state_ext=neutral + state_slope=uptrend|2026-08-25 19:00:00+00:00,rolling,86.5,2026-10-07T19:42:28.348970+00:00,86.38,85.47,False,short,0.001387283236994219,0.011907514450867018
XLP,1h,state_volume=vol_quiet + state_ext=neutral + state_slope=uptrend,2026-09-02 18:00:00+00:00,,-0.005403207064838544,-0.023820590285847043,XLP|1h|rolling|state_volume=vol_quiet + state_ext=neutral + state_slope=uptrend|2026-09-02 18:00:00+00:00,rolling,86.06,2026-10-07T19:42:29.178688+00:00,85.595,84.01,False,short,0.005403207064838544,0.023820590285847043
XLP,1h,state_volume=vol_quiet + state_ext=neutral + state_slope=uptrend,2026-09-02 19:00:00+00:00,,-0.0011106564564213883,-0.01747822528789378,XLP|1h|rolling|state_volume=vol_quiet + state_ext=neutral + state_slope=uptrend|2026-09-02 19:00:00+00:00,rolling,85.535,2026-10-07T19:42:29.209248+00:00,85.44,84.04,False,short,0.0011106564564213883,0.01747822528789378
XLP,1h,state_volume=vol_quiet + state_ext=neutral + state_slope=uptrend,2026-09-14 18:00:00+00:00,,-0.007042670296502296,-0.018292912152376273,XLP|1h|rolling|state_volume=vol_quiet + state_ext=neutral + state_slope=uptrend|2026-09-14 18:00:00+00:00,rolling,84.485,2026-10-07T19:42:31.836868+00:00,83.89,82.93952331680649,False,short,0.007042670296502296,0.018292912152376273
XLP,1h,state_volume=vol_quiet + state_ext=neutral + state_slope=uptrend,2026-09-15 15:00:00+00:00,,-0.000954255382596747,-0.015125255927232018,XLP|1h|rolling|state_volume=vol_quiet + state_ext=neutral + state_slope=uptrend|2026-09-15 15:00:00+00:00,rolling,83.835,2026-10-07T19:42:31.857277+00:00,83.755,82.5669741693405,False,short,0.000954255382596747,0.015125255927232018
XLP,1h,state_volume=vol_quiet + state_ext=neutral + state_slope=uptrend,2026-09-15 19:00:00+00:00,,0.0021469465648853436,-0.01530248678975954,XLP|1h|rolling|state_volume=vol_quiet + state_ext=neutral + state_slope=uptrend|2026-09-15 19:00:00+00:00,rolling,83.84,2026-10-07T19:42:31.877540+00:00,84.02,82.55703950754656,False,short,-0.0021469465648853436,0.01530248678975954
XLP,1h,state_volume=vol_quiet + state_ext=neutral + state_slope=uptrend,2026-09-23 14:00:00+00:00,,-0.004707870593915975,-0.00869145340415256,XLP|1h|rolling|state_volume=vol_quiet + state_ext=neutral + state_slope=uptrend|2026-09-23 14:00:00+00:00,rolling,82.84,2026-10-07T19:42:36.420513+00:00,82.45,82.12,False,short,0.004707870593915975,0.00869145340415256
XLP,1h,state_volume=vol_quiet + state_ext=neutral + state_slope=uptrend,2026-09-23 17:00:00+00:00,,-0.0013963936615871697,-0.0012749681257968604,XLP|1h|rolling|state_volume=vol_quiet + state_ext=neutral + state_slope=uptrend|2026-09-23 17:00:00+00:00,rolling,82.355,2026-10-07T19:42:36.611134+00:00,82.24,82.25,False,short,0.0013963936615871697,0.0012749681257968604
XLP,1h,state_volume=vol_quiet + state_ext=neutral + state_slope=uptrend,2026-10-06 13:00:00+00:00,,0.006091557962096816,,XLP|1h|rolling|state_volume=vol_quiet + state_ext=neutral + state_slope=uptrend|2026-10-06 13:00:00+00:00,rolling,81.26,2026-10-07T19:42:59.160740+00:00,81.755,,True,short,-0.006091557962096816,
XLP,1h,state_volume=vol_quiet + state_ext=neutral + state_slope=uptrend,2026-10-06 18:00:00+00:00,,0.005641402992396349,,XLP|1h|rolling|state_volume=vol_quiet + state_ext=neutral + state_slope=uptrend|2026-10-06 18:00:00+00:00,rolling,81.54,2026-10-07T19:43:09.336872+00:00,82.0,,True,short,-0.005641402992396349,
XLP,1h,state_volume=vol_quiet + state_ext=neutral + state_slope=uptrend,2026-10-06 19:00:00+00:00,,0.004407983347618494,,XLP|1h|rolling|state_volume=vol_quiet + state_ext=neutral + state_slope=uptrend|2026-10-06 19:00:00+00:00,rolling,81.67,2026-10-07T19:43:11.834438+00:00,82.03,,True,short,-0.004407983347618494,
XLP,1h,state_volume=vol_quiet + state_ext=neutral + state_slope=uptrend,2026-10-07 13:00:00+00:00,,0.0003049524274212345,,XLP|1h|rolling|state_volume=vol_quiet + state_ext=neutral + state_slope=uptrend|2026-10-07 13:00:00+00:00,rolling,81.98,2026-10-07T19:43:21.795743+00:00,82.005,,True,short,-0.0003049524274212345,
XLP,1h,state_volume=vol_quiet + state_ext=neutral + state_slope=uptrend,2026-10-07 14:00:00+00:00,,-0.00115903129384487,,XLP|1h|rolling|state_volume=vol_quiet + state_ext=neutral + state_slope=uptrend|2026-10-07 14:00:00+00:00,rolling,81.965,2026-10-07T19:43:25.814859+00:00,81.87,,True,short,0.00115903129384487,
XLP,1h,state_volume=vol_quiet + state_ext=neutral + state_slope=uptrend,2026-10-07 15:00:00+00:00,,,,XLP|1h|rolling|state_volume=vol_quiet + state_ext=neutral + state_slope=uptrend|2026-10-07 15:00:00+00:00,rolling,82.01,2026-10-07T19:43:32.060459+00:00,,,True,short,,
XLP,1h,state_volume=vol_quiet + state_ext=neutral + state_slope=uptrend,2026-10-07 18:00:00+00:00,,,,XLP|1h|rolling|state_volume=vol_quiet + state_ext=neutral + state_slope=uptrend|2026-10-07 18:00:00+00:00,rolling,82.01,2026-10-07T19:43:37.666936+00:00,,,True,short,,
XLP,1h,state_volume=vol_quiet + state_slope=uptrend,2026-08-13 16:00:00+00:00,,0.001048767697954922,-0.0006991784653033184,XLP|1h|rolling|state_volume=vol_quiet + state_slope=uptrend|2026-08-13 16:00:00+00:00,rolling,85.815,2026-10-07T19:42:26.976655+00:00,85.905,85.755,False,short,-0.001048767697954922,0.0006991784653033184
XLP,1h,state_volume=vol_quiet + state_slope=uptrend,2026-08-13 17:00:00+00:00,,0.005366621944816963,0.0013999883334303576,XLP|1h|rolling|state_volume=vol_quiet + state_slope=uptrend|2026-08-13 17:00:00+00:00,rolling,85.715,2026-10-07T19:42:27.007228+00:00,86.175,85.835,False,short,-0.005366621944816963,-0.0013999883334303576
XLP,1h,state_volume=vol_quiet + state_slope=uptrend,2026-08-13 18:00:00+00:00,,0.0023300518436535356,0.0007572668491875323,XLP|1h|rolling|state_volume=vol_quiet + state_slope=uptrend|2026-08-13 18:00:00+00:00,rolling,85.835,2026-10-07T19:42:27.037793+00:00,86.035,85.9,False,short,-0.0023300518436535356,-0.0007572668491875323
XLP,1h,state_volume=vol_quiet + state_slope=uptrend,2026-08-13 19:00:00+00:00,,0.0019217330538086053,-0.0004076403447472732,XLP|1h|rolling|state_volume=vol_quiet + state_slope=uptrend|2026-08-13 19:00:00+00:00,rolling,85.86,2026-10-07T19:42:27.058085+00:00,86.025,85.825,False,short,-0.0019217330538086053,0.0004076403447472732
XLP,1h,state_volume=vol_quiet + state_slope=uptrend,2026-08-14 14:00:00+00:00,,-0.00017423626437451656,0.009524915785805499,XLP|1h|rolling|state_volume=vol_quiet + state_slope=uptrend|2026-08-14 14:00:00+00:00,rolling,86.09,2026-10-07T19:42:27.126369+00:00,86.075,86.91,False,short,0.00017423626437451656,-0.009524915785805499
XLP,1h,state_volume=vol_quiet + state_slope=uptrend,2026-08-14 15:00:00+00:00,,-0.011203993962614511,0.007546731684662689,XLP|1h|rolling|state_volume=vol_quiet + state_slope=uptrend|2026-08-14 15:00:00+00:00,rolling,86.13,2026-10-07T19:42:27.146617+00:00,85.165,86.78,False,short,0.011203993962614511,-0.007546731684662689
XLP,1h,state_volume=vol_quiet + state_slope=uptrend,2026-08-14 17:00:00+00:00,,-0.01522813135716361,0.006451612903225712,XLP|1h|rolling|state_volume=vol_quiet + state_slope=uptrend|2026-08-14 17:00:00+00:00,rolling,86.025,2026-10-07T19:42:27.177451+00:00,84.715,86.58,False,short,0.01522813135716361,-0.006451612903225712
XLP,1h,state_volume=vol_quiet + state_slope=uptrend,2026-08-14 18:00:00+00:00,,-0.013997792879131055,0.00737643027240531,XLP|1h|rolling|state_volume=vol_quiet + state_slope=uptrend|2026-08-14 18:00:00+00:00,rolling,86.085,2026-10-07T19:42:27.197905+00:00,84.88,86.72,False,short,0.013997792879131055,-0.00737643027240531
XLP,1h,state_volume=vol_quiet + state_slope=uptrend,2026-08-14 19:00:00+00:00,,-0.015398919170201641,0.01011098843628333,XLP|1h|rolling|state_volume=vol_quiet + state_slope=uptrend|2026-08-14 19:00:00+00:00,rolling,86.045,2026-10-07T19:42:27.218263+00:00,84.72,86.915,False,short,0.015398919170201641,-0.01011098843628333
XLP,1h,state_volume=vol_quiet + state_slope=uptrend,2026-08-17 13:00:00+00:00,,-0.0061057946339460045,0.015910291786531916,XLP|1h|rolling|state_volume=vol_quiet + state_slope=uptrend|2026-08-17 13:00:00+00:00,rolling,85.165,2026-10-07T19:42:27.266224+00:00,84.645,86.52,False,short,0.0061057946339460045,-0.015910291786531916
XLP,1h,state_volume=vol_quiet + state_slope=uptrend,2026-08-17 14:00:00+00:00,,-0.005927577909501713,0.0058688890193085985,XLP|1h|rolling|state_volume=vol_quiet + state_slope=uptrend|2026-08-17 14:00:00+00:00,rolling,85.195,2026-10-07T19:42:27.286305+00:00,84.69,85.695,False,short,0.005927577909501713,-0.0058688890193085985
XLP,1h,state_volume=vol_quiet + state_slope=uptrend,2026-08-19 14:00:00+00:00,,-0.006202618883528688,0.0014357914082241408,XLP|1h|rolling|state_volume=vol_quiet + state_slope=uptrend|2026-08-19 14:00:00+00:00,rolling,87.06,2026-10-07T19:42:27.402347+00:00,86.52,87.185,False,short,0.006202618883528688,-0.0014357914082241408
XLP,1h,state_volume=vol_quiet + state_slope=uptrend,2026-08-19 15:00:00+00:00,,-0.010964279531421317,0.007040221593860085,XLP|1h|rolling|state_volume=vol_quiet + state_slope=uptrend|2026-08-19 15:00:00+00:00,rolling,86.645,2026-10-07T19:42:27.422668+00:00,85.695,87.255,False,short,0.010964279531421317,-0.007040221593860085
XLP,1h,state_volume=vol_quiet + state_slope=uptrend,2026-08-19 16:00:00+00:00,,-0.011757210703115972,0.009961774585891314,XLP|1h|rolling|state_volume=vol_quiet + state_slope=uptrend|2026-08-19 16:00:00+00:00,rolling,86.33,2026-10-07T19:42:27.443139+00:00,85.315,87.19,False,short,0.011757210703115972,-0.009961774585891314
XLP,1h,state_volume=vol_quiet + state_slope=uptrend,2026-08-19 18:00:00+00:00,,-0.012764489420423186,0.002472401103955857,XLP|1h|rolling|state_volume=vol_quiet + state_slope=uptrend|2026-08-19 18:00:00+00:00,rolling,86.96,2026-10-07T19:42:27.463435+00:00,85.85,87.175,False,short,0.012764489420423186,-0.002472401103955857
XLP,1h,state_volume=vol_quiet + state_slope=uptrend,2026-08-19 19:00:00+00:00,,-0.010678827060725093,0.006291849457400245,XLP|1h|rolling|state_volume=vol_quiet + state_slope=uptrend|2026-08-19 19:00:00+00:00,rolling,86.62,2026-10-07T19:42:27.483621+00:00,85.695,87.165,False,short,0.010678827060725093,-0.006291849457400245
XLP,1h,state_volume=vol_quiet + state_slope=uptrend,2026-08-20 14:00:00+00:00,,-0.0008196721311476418,0.011709601873536313,XLP|1h|rolling|state_volume=vol_quiet + state_slope=uptrend|2026-08-20 14:00:00+00:00,rolling,85.4,2026-10-07T19:42:27.551302+00:00,85.33,86.4,False,short,0.0008196721311476418,-0.011709601873536313
XLP,1h,state_volume=vol_quiet + state_slope=uptrend,2026-08-20 15:00:00+00:00,,-0.002334812047630197,0.009339248190520566,XLP|1h|rolling|state_volume=vol_quiet + state_slope=uptrend|2026-08-20 15:00:00+00:00,rolling,85.66,2026-10-07T19:42:27.627375+00:00,85.46,86.46,False,short,0.002334812047630197,-0.009339248190520566
XLP,1h,state_volume=vol_quiet + state_slope=uptrend,2026-08-20 16:00:00+00:00,,0.0005236820667984254,0.00506225997905263,XLP|1h|rolling|state_volume=vol_quiet + state_slope=uptrend|2026-08-20 16:00:00+00:00,rolling,85.93,2026-10-07T19:42:27.658120+00:00,85.975,86.365,False,short,-0.0005236820667984254,-0.00506225997905263
XLP,1h,state_volume=vol_quiet + state_slope=uptrend,2026-08-24 15:00:00+00:00,,-0.009742120343839478,-0.021432664756447006,XLP|1h|rolling|state_volume=vol_quiet + state_slope=uptrend|2026-08-24 15:00:00+00:00,rolling,87.25,2026-10-07T19:42:27.973108+00:00,86.4,85.38,False,short,0.009742120343839478,0.021432664756447006
XLP,1h,state_volume=vol_quiet + state_slope=uptrend,2026-08-24 16:00:00+00:00,,-0.008713597798670092,-0.016739279981655475,XLP|1h|rolling|state_volume=vol_quiet + state_slope=uptrend|2026-08-24 16:00:00+00:00,rolling,87.22,2026-10-07T19:42:28.003498+00:00,86.46,85.76,False,short,0.008713597798670092,0.016739279981655475
XLP,1h,state_volume=vol_quiet + state_slope=uptrend,2026-08-24 18:00:00+00:00,,-0.008489646073538748,-0.01961796592669085,XLP|1h|rolling|state_volume=vol_quiet + state_slope=uptrend|2026-08-24 18:00:00+00:00,rolling,87.165,2026-10-07T19:42:28.042149+00:00,86.425,85.455,False,short,0.008489646073538748,0.01961796592669085
XLP,1h,state_volume=vol_quiet + state_slope=uptrend,2026-08-24 19:00:00+00:00,,-0.0066601596141699915,-0.020382385026123773,XLP|1h|rolling|state_volume=vol_quiet + state_slope=uptrend|2026-08-24 19:00:00+00:00,rolling,87.085,2026-10-07T19:42:28.062459+00:00,86.505,85.31,False,short,0.0066601596141699915,0.020382385026123773
XLP,1h,state_volume=vol_quiet + state_slope=uptrend,2026-08-25 13:00:00+00:00,,-0.0036851499971208845,-0.02009558357805019,XLP|1h|rolling|state_volume=vol_quiet + state_slope=uptrend|2026-08-25 13:00:00+00:00,rolling,86.835,2026-10-07T19:42:28.082873+00:00,86.515,85.09,False,short,0.0036851499971208845,0.02009558357805019
XLP,1h,state_volume=vol_quiet + state_slope=uptrend,2026-08-25 14:00:00+00:00,,-0.0001155935729973967,-0.012021731591723595,XLP|1h|rolling|state_volume=vol_quiet + state_slope=uptrend|2026-08-25 14:00:00+00:00,rolling,86.51,2026-10-07T19:42:28.123569+00:00,86.5,85.47,False,short,0.0001155935729973967,0.012021731591723595
XLP,1h,state_volume=vol_quiet + state_slope=uptrend,2026-08-25 15:00:00+00:00,,5.789382272913812e-05,-0.012041915127655733,XLP|1h|rolling|state_volume=vol_quiet + state_slope=uptrend|2026-08-25 15:00:00+00:00,rolling,86.365,2026-10-07T19:42:28.201204+00:00,86.37,85.325,False,short,-5.789382272913812e-05,0.012041915127655733
XLP,1h,state_volume=vol_quiet + state_slope=uptrend,2026-08-25 16:00:00+00:00,,-0.0006942435637836697,-0.011281457911483828,XLP|1h|rolling|state_volume=vol_quiet + state_slope=uptrend|2026-08-25 16:00:00+00:00,rolling,86.425,2026-10-07T19:42:28.249561+00:00,86.365,85.45,False,short,0.0006942435637836697,0.011281457911483828
XLP,1h,state_volume=vol_quiet + state_slope=uptrend,2026-08-25 17:00:00+00:00,,-0.0006358013987629585,-0.013756430264146524,XLP|1h|rolling|state_volume=vol_quiet + state_slope=uptrend|2026-08-25 17:00:00+00:00,rolling,86.505,2026-10-07T19:42:28.298218+00:00,86.45,85.315,False,short,0.0006358013987629585,0.013756430264146524
XLP,1h,state_volume=vol_quiet + state_slope=uptrend,2026-08-25 18:00:00+00:00,,-0.0017915968329191845,-0.013292492631335695,XLP|1h|rolling|state_volume=vol_quiet + state_slope=uptrend|2026-08-25 18:00:00+00:00,rolling,86.515,2026-10-07T19:42:28.328733+00:00,86.36,85.365,False,short,0.0017915968329191845,0.013292492631335695
XLP,1h,state_volume=vol_quiet + state_slope=uptrend,2026-08-25 19:00:00+00:00,,-0.001387283236994219,-0.011907514450867018,XLP|1h|rolling|state_volume=vol_quiet + state_slope=uptrend|2026-08-25 19:00:00+00:00,rolling,86.5,2026-10-07T19:42:28.359124+00:00,86.38,85.47,False,short,0.001387283236994219,0.011907514450867018
XLP,1h,state_volume=vol_quiet + state_slope=uptrend,2026-09-02 18:00:00+00:00,,-0.005403207064838544,-0.023820590285847043,XLP|1h|rolling|state_volume=vol_quiet + state_slope=uptrend|2026-09-02 18:00:00+00:00,rolling,86.06,2026-10-07T19:42:29.188896+00:00,85.595,84.01,False,short,0.005403207064838544,0.023820590285847043
XLP,1h,state_volume=vol_quiet + state_slope=uptrend,2026-09-02 19:00:00+00:00,,-0.0011106564564213883,-0.01747822528789378,XLP|1h|rolling|state_volume=vol_quiet + state_slope=uptrend|2026-09-02 19:00:00+00:00,rolling,85.535,2026-10-07T19:42:29.219542+00:00,85.44,84.04,False,short,0.0011106564564213883,0.01747822528789378
XLP,1h,state_volume=vol_quiet + state_slope=uptrend,2026-09-14 18:00:00+00:00,,-0.007042670296502296,-0.018292912152376273,XLP|1h|rolling|state_volume=vol_quiet + state_slope=uptrend|2026-09-14 18:00:00+00:00,rolling,84.485,2026-10-07T19:42:31.847105+00:00,83.89,82.93952331680649,False,short,0.007042670296502296,0.018292912152376273
XLP,1h,state_volume=vol_quiet + state_slope=uptrend,2026-09-15 15:00:00+00:00,,-0.000954255382596747,-0.015125255927232018,XLP|1h|rolling|state_volume=vol_quiet + state_slope=uptrend|2026-09-15 15:00:00+00:00,rolling,83.835,2026-10-07T19:42:31.867422+00:00,83.755,82.5669741693405,False,short,0.000954255382596747,0.015125255927232018
XLP,1h,state_volume=vol_quiet + state_slope=uptrend,2026-09-15 19:00:00+00:00,,0.0021469465648853436,-0.01530248678975954,XLP|1h|rolling|state_volume=vol_quiet + state_slope=uptrend|2026-09-15 19:00:00+00:00,rolling,83.84,2026-10-07T19:42:31.887745+00:00,84.02,82.55703950754656,False,short,-0.0021469465648853436,0.01530248678975954
XLP,1h,state_volume=vol_quiet + state_slope=uptrend,2026-09-23 14:00:00+00:00,,-0.004707870593915975,-0.00869145340415256,XLP|1h|rolling|state_volume=vol_quiet + state_slope=uptrend|2026-09-23 14:00:00+00:00,rolling,82.84,2026-10-07T19:42:36.430739+00:00,82.45,82.12,False,short,0.004707870593915975,0.00869145340415256
XLP,1h,state_volume=vol_quiet + state_slope=uptrend,2026-09-23 17:00:00+00:00,,-0.0013963936615871697,-0.0012749681257968604,XLP|1h|rolling|state_volume=vol_quiet + state_slope=uptrend|2026-09-23 17:00:00+00:00,rolling,82.355,2026-10-07T19:42:36.621661+00:00,82.24,82.25,False,short,0.0013963936615871697,0.0012749681257968604
XLP,1h,state_volume=vol_quiet + state_slope=uptrend,2026-10-06 13:00:00+00:00,,0.006091557962096816,,XLP|1h|rolling|state_volume=vol_quiet + state_slope=uptrend|2026-10-06 13:00:00+00:00,rolling,81.26,2026-10-07T19:42:59.573701+00:00,81.755,,True,short,-0.006091557962096816,
XLP,1h,state_volume=vol_quiet + state_slope=uptrend,2026-10-06 18:00:00+00:00,,0.005641402992396349,,XLP|1h|rolling|state_volume=vol_quiet + state_slope=uptrend|2026-10-06 18:00:00+00:00,rolling,81.54,2026-10-07T19:43:09.937215+00:00,82.0,,True,short,-0.005641402992396349,
XLP,1h,state_volume=vol_quiet + state_slope=uptrend,2026-10-06 19:00:00+00:00,,0.004407983347618494,,XLP|1h|rolling|state_volume=vol_quiet + state_slope=uptrend|2026-10-06 19:00:00+00:00,rolling,81.67,2026-10-07T19:43:12.399615+00:00,82.03,,True,short,-0.004407983347618494,
XLP,1h,state_volume=vol_quiet + state_slope=uptrend,2026-10-07 13:00:00+00:00,,0.0003049524274212345,,XLP|1h|rolling|state_volume=vol_quiet + state_slope=uptrend|2026-10-07 13:00:00+00:00,rolling,81.98,2026-10-07T19:43:22.383333+00:00,82.005,,True,short,-0.0003049524274212345,
XLP,1h,state_volume=vol_quiet + state_slope=uptrend,2026-10-07 14:00:00+00:00,,-0.00115903129384487,,XLP|1h|rolling|state_volume=vol_quiet + state_slope=uptrend|2026-10-07 14:00:00+00:00,rolling,81.965,2026-10-07T19:43:26.233281+00:00,81.87,,True,short,0.00115903129384487,
XLP,1h,state_volume=vol_quiet + state_slope=uptrend,2026-10-07 15:00:00+00:00,,,,XLP|1h|rolling|state_volume=vol_quiet + state_slope=uptrend|2026-10-07 15:00:00+00:00,rolling,82.01,2026-10-07T19:43:32.899934+00:00,,,True,short,,
XLP,1h,state_volume=vol_quiet + state_slope=uptrend,2026-10-07 18:00:00+00:00,,,,XLP|1h|rolling|state_volume=vol_quiet + state_slope=uptrend|2026-10-07 18:00:00+00:00,rolling,82.01,2026-10-07T19:43:38.465729+00:00,,,True,short,,
XLRE,15m,state_session=morning + state_slope=flat + state_vol=low_vol,2026-10-06 13:30:00+00:00,,0.009073075036782674,0.0066208925944089,XLRE|15m|rolling|state_session=morning + state_slope=flat + state_vol=low_vol|2026-10-06 13:30:00+00:00,rolling,40.78,2026-10-07T19:43:00.046894+00:00,41.15,41.05,False,short,-0.009073075036782674,-0.0066208925944089
XLU,1h,cross_USO_state_slope=uptrend + state_slope=downtrend,2026-07-29 19:30:00+00:00,,-0.0055679625252309,,XLU|1h|rolling|cross_USO_state_slope=uptrend + state_slope=downtrend|2026-07-29 19:30:00+00:00,rolling,44.900001525878906,2026-07-31T21:28:18.653675+00:00,44.65,,True,long,-0.0055679625252309,
XLV,1d,state_volume=vol_surge + state_ext=stretched_down,2026-09-08 04:00:00+00:00,,0.003171176711617374,-0.00023938577007720507,XLV|1d|rolling|state_volume=vol_surge + state_ext=stretched_down|2026-09-08,rolling,167.1300048828125,2026-10-07T19:42:29.736934+00:00,167.66000366210938,167.08999633789062,False,long,0.003171176711617374,-0.00023938577007720507
XLY,1d,state_ext=stretched_down + state_ret_1=ret_flat,2026-09-02 04:00:00+00:00,,-0.0252481413065355,,XLY|1d|rolling|state_ext=stretched_down + state_ret_1=ret_flat|2026-09-02,rolling,114.86000061035156,2026-09-11T21:40:30.837933+00:00,111.95999908447266,,True,long,-0.0252481413065355,
XLY,1d,state_ext=stretched_down + state_ret_1=ret_flat,2026-09-10 04:00:00+00:00,,,,XLY|1d|rolling|state_ext=stretched_down + state_ret_1=ret_flat|2026-09-10,rolling,111.95999908447266,2026-09-11T21:40:56.750007+00:00,,,True,long,,
XLY,1d,state_ext=stretched_up + state_ret_5=ret_down,2026-08-14 04:00:00+00:00,,-0.0015228452607711773,-0.04526225560279651,XLY|1d|rolling|state_ext=stretched_up + state_ret_5=ret_down|2026-08-14,rolling,118.1999969482422,2026-10-07T19:42:27.325044+00:00,118.0199966430664,112.8499984741211,False,long,-0.0015228452607711773,-0.04526225560279651
XLY,1d,state_slope=flat + state_vol=low_vol,2026-08-28 04:00:00+00:00,,-0.019622860168317935,-0.0700452107209365,XLY|1d|rolling|state_slope=flat + state_vol=low_vol|2026-08-28,rolling,117.20999908447266,2026-10-07T19:42:28.948454+00:00,114.91000366210938,109.0,False,long,-0.019622860168317935,-0.0700452107209365
XLY,1h,cross_TLT_state_ext=neutral + state_ext=stretched_down,2026-09-01 18:00:00+00:00,,0.004631045480361751,0.002533968281707377,XLY|1h|rolling|cross_TLT_state_ext=neutral + state_ext=stretched_down|2026-09-01 18:00:00+00:00,rolling,114.445,2026-10-07T19:42:29.016946+00:00,114.975,114.735,False,long,0.004631045480361751,0.002533968281707377
XLY,1h,state_ext=stretched_down + state_ret_1=ret_down,2026-09-01 18:00:00+00:00,,0.004631045480361751,0.002533968281707377,XLY|1h|rolling|state_ext=stretched_down + state_ret_1=ret_down|2026-09-01 18:00:00+00:00,rolling,114.445,2026-10-07T19:42:29.006844+00:00,114.975,114.735,False,long,0.004631045480361751,0.002533968281707377
XME,1d,cross_USO_state_slope=uptrend + state_slope=downtrend,2026-09-28 04:00:00+00:00,,,,XME|1d|rolling|cross_USO_state_slope=uptrend + state_slope=downtrend|2026-09-28,rolling,105.41999816894533,2026-09-30T21:31:42.631277+00:00,,,True,long,,
XME,1h,state_session=lunch + state_slope=uptrend + state_vol=mid_vol,2026-08-11 16:00:00+00:00,,-0.0008942639356129,0.001575607886556,XME|1h|rolling|state_session=lunch + state_slope=uptrend + state_vol=mid_vol|2026-08-11 16:00:00+00:00,rolling,117.415,2026-09-02T19:37:17.382211+00:00,117.31,117.6,False,long,-0.0008942639356129,0.001575607886556
XME,1h,state_session=lunch + state_slope=uptrend + state_vol=mid_vol,2026-08-11 17:00:00+00:00,,-0.0020929437895096,0.0076883649410557,XME|1h|rolling|state_session=lunch + state_slope=uptrend + state_vol=mid_vol|2026-08-11 17:00:00+00:00,rolling,117.06,2026-09-02T19:37:17.431387+00:00,116.815,117.96,False,long,-0.0020929437895096,0.0076883649410557
XOM,15m,state_ext=stretched_down + state_ret_5=ret_down,2026-09-16 14:00:00+00:00,,-0.011508103874194,-0.0179550521178525,XOM|15m|rolling|state_ext=stretched_down + state_ret_5=ret_down|2026-09-16 14:00:00+00:00,rolling,165.97,2026-09-16T20:43:27.647378+00:00,164.06,162.99,False,long,-0.011508103874194,-0.0179550521178525
XOM,15m,state_ext=stretched_down + state_ret_5=ret_down,2026-09-16 14:15:00+00:00,,-0.0039336722343258,-0.013919147906076,XOM|15m|rolling|state_ext=stretched_down + state_ret_5=ret_down|2026-09-16 14:15:00+00:00,rolling,165.24,2026-09-16T20:43:27.685104+00:00,164.59,162.94,False,long,-0.0039336722343258,-0.013919147906076
XOM,15m,state_ext=stretched_down + state_ret_5=ret_down,2026-09-16 15:15:00+00:00,,0.0033206397562832,,XOM|15m|rolling|state_ext=stretched_down + state_ret_5=ret_down|2026-09-16 15:15:00+00:00,rolling,164.125,2026-09-16T20:43:28.022749+00:00,164.67,,True,long,0.0033206397562832,
XOM,15m,state_ext=stretched_down + state_slope=downtrend,2026-09-16 14:00:00+00:00,,-0.011508103874194,-0.0179550521178525,XOM|15m|rolling|state_ext=stretched_down + state_slope=downtrend|2026-09-16 14:00:00+00:00,rolling,165.97,2026-09-16T20:43:27.656788+00:00,164.06,162.99,False,long,-0.011508103874194,-0.0179550521178525
XOM,15m,state_ext=stretched_down + state_slope=downtrend,2026-09-16 14:15:00+00:00,,-0.0039336722343258,-0.013919147906076,XOM|15m|rolling|state_ext=stretched_down + state_slope=downtrend|2026-09-16 14:15:00+00:00,rolling,165.24,2026-09-16T20:43:27.694391+00:00,164.59,162.94,False,long,-0.0039336722343258,-0.013919147906076
XOM,15m,state_ext=stretched_down + state_slope=downtrend,2026-09-16 15:15:00+00:00,,0.0033206397562832,,XOM|15m|rolling|state_ext=stretched_down + state_slope=downtrend|2026-09-16 15:15:00+00:00,rolling,164.125,2026-09-16T20:43:28.423276+00:00,164.67,,True,long,0.0033206397562832,
XOM,1h,state_session=afternoon + state_vol=mid_vol,2026-08-20 18:00:00+00:00,,-0.0087425149700599,,XOM|1h|rolling|state_session=afternoon + state_vol=mid_vol|2026-08-20 18:00:00+00:00,rolling,167.0,2026-08-21T21:33:11.822688+00:00,165.54,,True,long,-0.0087425149700599,
XOM,1h,state_session=afternoon + state_vol=mid_vol,2026-08-20 19:00:00+00:00,,-0.0082714229855325,,XOM|1h|rolling|state_session=afternoon + state_vol=mid_vol|2026-08-20 19:00:00+00:00,rolling,166.235,2026-08-21T21:33:13.631318+00:00,164.86,,True,long,-0.0082714229855325,
XOM,1h,state_session=afternoon + state_vol=mid_vol,2026-08-21 18:00:00+00:00,,,,XOM|1h|rolling|state_session=afternoon + state_vol=mid_vol|2026-08-21 18:00:00+00:00,rolling,165.535,2026-08-21T21:33:44.617853+00:00,,,True,long,,
XOP,1d,state_ext=stretched_down + state_slope=downtrend,2026-07-02 04:00:00+00:00,,,,XOP|1d|state_ext=stretched_down + state_slope=downtrend|2026-07-02,insample,154.72,2026-07-09T21:46:18.271286+00:00,,,True,,,
XOP,1d,state_ext=stretched_down + state_slope=downtrend,2026-07-06 00:00:00+00:00,,,,XOP|1d|state_ext=stretched_down + state_slope=downtrend|2026-07-06,insample,153.96,2026-07-09T21:46:19.151747+00:00,,,True,,,
XOP,1h,state_ext=neutral + state_slope=uptrend + state_vol=high_vol,2026-07-29 19:00:00+00:00,,0.0071499157123757,,XOP|1h|rolling|state_ext=neutral + state_slope=uptrend + state_vol=high_vol|2026-07-29 19:00:00+00:00,rolling,172.03,2026-07-31T21:25:21.488406+00:00,173.26,,True,long,0.0071499157123757,
XRT,1h,state_relvol=relvol_elevated + state_ext=stretched_down,2026-09-16 18:00:00+00:00,,-0.0018688623386308167,-0.003068222837203649,XRT|1h|rolling|state_relvol=relvol_elevated + state_ext=stretched_down|2026-09-16 18:00:00+00:00,rolling,83.11,2026-10-07T19:42:32.186693+00:00,82.95467885103639,82.855,False,long,-0.0018688623386308167,-0.003068222837203649
XRT,1h,state_volume=vol_surge + state_ext=stretched_down,2026-08-20 14:00:00+00:00,,0.00023062730627310124,0.014529520295202936,XRT|1h|rolling|state_volume=vol_surge + state_ext=stretched_down|2026-08-20 14:00:00+00:00,rolling,86.72,2026-10-07T19:42:27.596227+00:00,86.74,87.98,False,long,0.00023062730627310124,0.014529520295202936
XRT,1h,state_volume=vol_surge + state_ext=stretched_down,2026-08-20 15:00:00+00:00,,0.010762643212591128,0.014813100335609342,XRT|1h|rolling|state_volume=vol_surge + state_ext=stretched_down|2026-08-20 15:00:00+00:00,rolling,86.41,2026-10-07T19:42:27.637687+00:00,87.34,87.69,False,long,0.010762643212591128,0.014813100335609342
XRT,1h,state_volume=vol_surge + state_ext=stretched_down,2026-08-20 16:00:00+00:00,,0.012237358577695812,0.013738166705148824,XRT|1h|rolling|state_volume=vol_surge + state_ext=stretched_down|2026-08-20 16:00:00+00:00,rolling,86.62,2026-10-07T19:42:27.668768+00:00,87.68,87.81,False,long,0.012237358577695812,0.013738166705148824
XRT,1h,state_volume=vol_surge + state_ext=stretched_down,2026-08-20 18:00:00+00:00,,0.011672252398012395,0.01386802265110365,XRT|1h|rolling|state_volume=vol_surge + state_ext=stretched_down|2026-08-20 18:00:00+00:00,rolling,86.53,2026-10-07T19:42:27.729273+00:00,87.54,87.73,False,long,0.011672252398012395,0.01386802265110365
XRT,1h,state_volume=vol_surge + state_ext=stretched_down,2026-09-09 19:00:00+00:00,,-0.00758383694750564,0.018663348738002128,XRT|1h|rolling|state_volume=vol_surge + state_ext=stretched_down|2026-09-09 19:00:00+00:00,rolling,84.39,2026-10-07T19:42:29.698805+00:00,83.75,85.965,False,long,-0.00758383694750564,0.018663348738002128
XRT,1h,state_volume=vol_surge + state_ext=stretched_down,2026-09-10 18:00:00+00:00,,0.015340364333652934,0.0040747842761266195,XRT|1h|rolling|state_volume=vol_surge + state_ext=stretched_down|2026-09-10 18:00:00+00:00,rolling,83.44,2026-10-07T19:42:29.746192+00:00,84.72,83.78,False,long,0.015340364333652934,0.0040747842761266195
XRT,1h,state_volume=vol_surge + state_ext=stretched_down,2026-09-16 18:00:00+00:00,,-0.0018688623386308167,-0.003068222837203649,XRT|1h|rolling|state_volume=vol_surge + state_ext=stretched_down|2026-09-16 18:00:00+00:00,rolling,83.11,2026-10-07T19:42:32.197252+00:00,82.95467885103639,82.855,False,long,-0.0018688623386308167,-0.003068222837203649
XRT,1h,state_volume=vol_surge + state_ext=stretched_down,2026-09-16 19:00:00+00:00,,0.0025968949338124325,0.0032648125755743163,XRT|1h|rolling|state_volume=vol_surge + state_ext=stretched_down|2026-09-16 19:00:00+00:00,rolling,82.7,2026-10-07T19:42:32.217293+00:00,82.91476321102628,82.97,False,long,0.0025968949338124325,0.0032648125755743163
XYZ,1d,state_ext=stretched_down + state_slope=flat + state_vol=low_vol,2026-08-07 04:00:00+00:00,,0.049113889283771694,0.047594963749752806,XYZ|1d|rolling|state_ext=stretched_down + state_slope=flat + state_vol=low_vol|2026-08-07,rolling,79.0,2026-10-07T19:42:26.862536+00:00,82.87999725341797,82.76000213623047,False,long,0.049113889283771694,0.047594963749752806
XYZ,1d,state_ext=stretched_down + state_slope=flat + state_vol=low_vol,2026-08-10 04:00:00+00:00,,0.015446866794814884,0.014180742841019,XYZ|1d|rolling|state_ext=stretched_down + state_slope=flat + state_vol=low_vol|2026-08-10,rolling,78.9800033569336,2026-10-07T19:42:26.889763+00:00,80.19999694824219,80.0999984741211,False,long,0.015446866794814884,0.014180742841019
XYZ,1d,state_ext=stretched_down + state_slope=flat + state_vol=low_vol,2026-08-11 04:00:00+00:00,,0.004552935522208257,0.004173540310210555,XYZ|1d|rolling|state_ext=stretched_down + state_slope=flat + state_vol=low_vol|2026-08-11,rolling,79.06999969482422,2026-10-07T19:42:26.919396+00:00,79.43000030517578,79.4000015258789,False,long,0.004552935522208257,0.004173540310210555
XYZ,1d,state_ext=stretched_down + state_slope=flat + state_vol=low_vol,2026-08-12 04:00:00+00:00,,0.03385285599390886,0.010091989369528154,XYZ|1d|rolling|state_ext=stretched_down + state_slope=flat + state_vol=low_vol|2026-08-12,rolling,78.27999877929688,2026-10-07T19:42:27.106898+00:00,80.93000030517578,79.06999969482422,False,long,0.03385285599390886,0.010091989369528154
