rank,symbol,timeframe,slice_combination,bin_mode,validation_n_folds,side,verdict,triage_bucket,train_n,train_pass,valid_n,valid_pass,valid_mean_ret_costadj,valid_excess_vs_baseline,valid_best_parent_filter,valid_excess_vs_best_parent,valid_p_value_nw,walk_forward_pass_count,walk_forward_pass_pattern,walk_forward_survival_rate,scenario_survived_count,scenario_positive_baseline_excess_count,scenario_positive_parent_excess_count,scenario_significant_count,robustness_score,default_verdict,cost2_verdict,cost5_verdict,split06_verdict,split08_verdict,short_borrow2_verdict,short_borrow5_verdict,short_borrow10_verdict,best_fwd_horizon,best_stop_atr_mult,expected_return,valid_in_bull,valid_in_neutral,valid_in_bear,search_wide_family_size,search_wide_rank,search_wide_bh_pass,search_wide_bonferroni_pass,research_shard_id
59,AAPL,1d,state_gap_open=gap_open_flat + state_relvol=relvol_elevated + state_ext=stretched_up,rolling,4,long,survived,clean_survivor_wf_mixed,44,True,18,True,0.0199999068911751,0.0158197747414819,state_relvol=relvol_elevated,0.0007436505691991,4.868523025303162e-05,1,1000,0.25,5,8,7,8,16.25,survived,survived,rejected,rejected,provisional,survived,survived,survived,20,3.36223731371127,0.048129787495786,,,,62861,835.0,True,False,1d-00
2,ABBV,1d,state_ext=stretched_down + state_vol=low_vol,rolling,4,long,survived,clean_survivor_wf_strong,147,True,44,True,0.0186939163402541,0.0146269411835609,state_ext=stretched_down,0.0106628029164904,0.0003996938402675,3,0111,0.75,8,8,8,8,20.5,survived,survived,survived,survived,survived,survived,survived,survived,10,3.13240669242298,0.0185572953759056,True,True,True,62861,1416.0,True,False,1d-00
25,ABBV,1d,state_ext=stretched_down + state_slope=downtrend + state_vol=low_vol,rolling,4,long,survived,clean_survivor_wf_mixed,120,True,33,True,0.0246032428618868,0.0205362677051935,state_ext=stretched_down + state_vol=low_vol,0.0059093265216326,4.420869132815142e-05,2,0110,0.5,7,8,8,8,19.0,survived,survived,survived,survived,provisional,survived,survived,survived,10,3.1405907415250707,0.0178823407152059,True,True,True,62861,825.0,True,False,1d-00
58,ACWI,1d,state_volume=vol_surge + state_ext=stretched_down + state_slope=downtrend,rolling,4,long,survived,clean_survivor_wf_mixed,160,True,63,True,0.0123327109562264,0.0100594260260392,state_volume=vol_surge + state_ext=stretched_down,0.0010897253398691,0.0015543079605222,1,0001,0.25,5,8,8,7,16.25,survived,rejected,rejected,rejected,survived,survived,survived,survived,20,5.0,0.0252421595701823,,,,62861,2152.0,True,False,1d-00
7,ADBE,1d,cross_USO_state_slope=downtrend + cross_TLT_state_ext=stretched_up + state_ext=stretched_down,rolling,4,long,survived,clean_survivor_wf_mixed,214,True,32,True,0.0345454947745675,0.0357301779123418,cross_TLT_state_ext=stretched_up + state_ext=stretched_down,0.0136021088464024,1.3792348011687494e-05,2,0101,0.5,8,8,8,8,20.0,survived,survived,survived,survived,survived,survived,survived,survived,10,3.113864235161106,0.0229103637093261,False,True,True,62861,652.0,True,False,1d-00
1,ADI,1d,state_ext=stretched_down + state_ret_1=ret_down,rolling,4,long,survived,clean_survivor_wf_strong,473,True,237,True,0.0148344261408717,0.0097088081828128,state_ext=stretched_down,0.0017125331779083,0.0001128555337235,4,1111,1.0,8,8,8,8,21.0,survived,survived,survived,survived,survived,survived,survived,survived,20,4.445297373563064,0.0325745196546299,True,True,True,62861,1002.0,True,False,1d-00
5,ADI,1d,state_volume=vol_normal + state_slope=downtrend,rolling,4,long,survived,clean_survivor_wf_strong,847,True,412,True,0.0126045515935258,0.0074789336354668,state_slope=downtrend,0.001671674606161,0.0009226766201646,3,1011,0.75,8,8,8,8,20.5,survived,survived,survived,survived,survived,survived,survived,survived,20,4.695032344327025,0.0261231694457012,True,True,True,62861,1800.0,True,False,1d-00
11,ADI,1d,state_ext=stretched_down + state_vol=mid_vol,rolling,4,long,survived,clean_survivor_wf_mixed,274,True,156,True,0.018723636609351,0.013598018651292,state_ext=stretched_down,0.0056017436463876,0.0001186113679605,2,0101,0.5,8,8,8,8,20.0,survived,survived,survived,survived,survived,survived,survived,survived,20,4.591976165635305,0.03078860544419,True,True,True,62861,1012.0,True,False,1d-00
12,ADI,1d,cross_USO_state_ext=neutral + state_ext=stretched_down,rolling,4,long,survived,clean_survivor_wf_mixed,208,True,107,True,0.0186647025452861,0.0135390845872272,state_ext=stretched_down,0.0055428095823227,1.5805404070423634e-05,2,0101,0.5,8,8,8,8,20.0,survived,survived,survived,survived,survived,survived,survived,survived,20,3.928607947017057,0.032336033660088,True,True,True,62861,668.0,True,False,1d-00
13,ADI,1d,cross_USO_state_vol=mid_vol + state_ext=stretched_down,rolling,4,long,survived,clean_survivor_wf_mixed,245,True,152,True,0.0149724984290532,0.0098468804709942,state_ext=stretched_down,0.0018506054660897,0.0003014689192384,2,0101,0.5,8,8,8,8,20.0,survived,survived,survived,survived,survived,survived,survived,survived,20,4.329127485679229,0.0380693826550059,True,True,True,62861,1292.0,True,False,1d-00
14,ADI,1d,state_ext=stretched_down + state_slope=downtrend,rolling,4,long,survived,clean_survivor_wf_mixed,714,True,343,True,0.0147328033013761,0.0096071853433172,state_ext=stretched_down,0.0016109103384127,0.0002087284207039,2,0101,0.5,8,8,8,8,20.0,survived,survived,survived,survived,survived,survived,survived,survived,20,4.573535364135441,0.0310197497462571,True,True,True,62861,1182.0,True,False,1d-00
16,ADI,1d,state_volume=vol_normal + state_ext=stretched_down,rolling,4,long,survived,clean_survivor_wf_mixed,689,True,336,True,0.0134809584667755,0.0083553405087165,state_ext=stretched_down,0.000359065503812,0.0008619407225012,2,0101,0.5,8,8,7,8,19.75,survived,survived,survived,survived,survived,survived,survived,survived,20,4.529435317457191,0.0321042959613544,True,True,True,62861,1758.0,True,False,1d-00
17,ADI,1d,state_volume=vol_normal + state_ext=stretched_down + state_slope=downtrend,rolling,4,long,survived,clean_survivor_wf_mixed,527,True,257,True,0.0150417735964743,0.0099161556384153,state_ext=stretched_down + state_slope=downtrend,0.0003089702950981,0.0012531397684498,2,0101,0.5,8,8,7,8,19.75,survived,survived,survived,survived,survived,survived,survived,survived,20,4.56106570997747,0.0308445439871276,True,True,True,62861,1984.0,True,False,1d-00
18,ADI,1d,state_relvol=relvol_normal + state_ext=stretched_down,rolling,4,long,survived,clean_survivor_wf_mixed,818,True,383,True,0.0134402087462233,0.0083145907881643,state_ext=stretched_down,0.0003183157832598,0.0004065034996556,2,0101,0.5,8,8,6,8,19.5,survived,survived,survived,survived,survived,survived,survived,survived,20,4.322130859481456,0.0327913995686577,True,True,True,62861,1419.0,True,False,1d-00
26,ADI,1d,state_ext=stretched_down + state_slope=downtrend + state_vol=mid_vol,rolling,4,long,survived,clean_survivor_wf_mixed,212,True,120,True,0.0204531911977305,0.0153275732396715,state_ext=stretched_down + state_vol=mid_vol,0.0017295545883795,0.0001115471906247,2,0101,0.5,7,8,8,8,19.0,survived,survived,rejected,survived,survived,survived,survived,survived,20,4.427358537632123,0.0308078924593095,True,True,True,62861,999.0,True,False,1d-00
29,ADI,1d,cross_USO_state_slope=downtrend + cross_TLT_state_ext=stretched_up + state_ext=stretched_down,rolling,4,long,survived,clean_survivor_wf_mixed,241,True,26,True,0.0319741749811354,0.0268485570230764,cross_TLT_state_ext=stretched_up + state_ext=stretched_down,0.0129021517443515,1.1346673826517772e-05,2,0101,0.5,7,8,7,7,18.5,survived,survived,survived,rejected,survived,survived,survived,survived,20,4.286087898585015,0.0427587269780043,True,True,True,62861,619.0,True,False,1d-00
31,ADI,1d,cross_USO_state_ext=stretched_down + cross_TLT_state_slope=uptrend + state_ext=stretched_down,rolling,4,long,survived,clean_survivor_wf_mixed,281,True,38,True,0.0255634776743127,0.0204378597162537,cross_USO_state_ext=stretched_down + state_ext=stretched_down,0.0049004077234857,0.0013180304863698,2,0101,0.5,7,8,7,7,18.5,survived,survived,survived,rejected,survived,survived,survived,survived,20,4.900537959374561,0.041414709530724,True,True,True,62861,2027.0,True,False,1d-00
47,AMAT,1d,state_ext=stretched_down + state_ret_1=ret_down,rolling,4,long,survived,clean_survivor_wf_mixed,559,True,264,True,0.0150620700517649,0.0059338718403581,state_ext=stretched_down,0.0007527702653824,0.0013541031796022,1,0001,0.25,6,8,6,8,17.0,survived,rejected,rejected,survived,survived,survived,survived,survived,20,4.7841802722920965,0.0266921714143059,True,True,True,62861,2042.0,True,False,1d-00
11,ARKW,1d,state_volume=vol_normal + state_slope=uptrend,rolling,4,long,survived,clean_survivor_wf_mixed,440,True,234,True,0.0159497281558021,0.00857039076255,state_slope=uptrend,0.0024284756087211,0.0004857692806621,2,0101,0.5,8,8,8,8,20.0,survived,survived,survived,survived,survived,survived,survived,survived,20,5.0,0.0323928761757225,True,False,False,62861,1470.0,True,False,1d-01
23,ARKW,1d,state_volume=vol_normal + state_ext=neutral + state_slope=uptrend,rolling,4,long,survived,clean_survivor_wf_mixed,52,True,21,True,0.0242610189815643,0.0168816815883121,state_volume=vol_normal + state_slope=uptrend,0.0083112908257621,0.0006622671451899,2,1100,0.5,7,8,8,8,19.0,survived,survived,survived,survived,provisional,survived,survived,survived,20,4.891514079338032,0.0292414566946311,True,True,,62861,1620.0,True,False,1d-01
3,AVGO,1d,cross_USO_state_ext=stretched_down + state_ext=stretched_down,rolling,4,long,survived,clean_survivor_wf_mixed,346,True,153,True,0.0282631992417459,0.0185868995967459,cross_USO_state_ext=stretched_down,0.0092877560003556,0.0006870064950317,2,0101,0.5,8,8,8,8,20.0,survived,survived,survived,survived,survived,survived,survived,survived,20,4.8498090036618695,0.0606242265591902,True,True,True,62861,1641.0,True,False,1d-01
18,AVGO,1d,cross_USO_state_slope=downtrend + cross_TLT_state_ext=stretched_up + state_ext=stretched_down,rolling,4,long,survived,clean_survivor_wf_strong,173,True,31,True,0.0603522122789166,0.0506759126339166,cross_TLT_state_ext=stretched_up + state_ext=stretched_down,0.005641807075062,0.0001190506109098,3,1101,0.75,7,8,7,7,19.0,survived,survived,survived,rejected,survived,survived,survived,survived,20,5.0,0.0709127918898312,True,True,True,62861,1013.0,True,False,1d-01
27,AVGO,1d,state_ext=stretched_down + state_slope=downtrend,rolling,4,long,survived,clean_survivor_wf_mixed,529,True,289,True,0.0224129694178488,0.0127366697728487,state_ext=stretched_down,0.0034834837688205,0.0005757956229808,2,0101,0.5,7,8,8,8,19.0,survived,survived,rejected,survived,survived,survived,survived,survived,20,4.629673922926019,0.0517665926700671,True,True,True,62861,1546.0,True,False,1d-01
4,BAC,1d,state_volume=vol_quiet + state_slope=downtrend,rolling,4,long,survived,clean_survivor_wf_mixed,103,True,32,True,0.0167178764322273,0.0131055596311599,state_volume=vol_quiet,0.007302115860381,0.0004151582226126,2,0101,0.5,8,8,8,8,20.0,survived,survived,survived,survived,survived,survived,survived,survived,10,3.192194966526998,0.0457372091191571,True,True,True,62861,1427.0,True,False,1d-01
7,BLK,1d,cross_USO_state_ext=neutral + cross_TLT_state_slope=flat + state_ext=neutral,rolling,4,long,survived,clean_survivor_wf_mixed,89,True,46,True,0.0128099470136914,0.0096536017247775,cross_USO_state_ext=neutral + cross_TLT_state_slope=flat,0.003524495930027,0.0011176271674249,2,1001,0.5,8,8,8,8,20.0,survived,survived,survived,survived,survived,survived,survived,survived,20,4.346234701470003,0.0186091924106828,True,True,True,62861,1919.0,True,False,1d-01
6,CAT,1d,state_ext=stretched_up + state_ret_1=ret_flat,rolling,4,long,survived,clean_survivor_wf_mixed,534,True,236,True,0.0136868928556392,0.0070088032606923,state_ext=stretched_up,0.0042240904408812,0.0001216656521632,2,0011,0.5,8,8,8,8,20.0,survived,survived,survived,survived,survived,survived,survived,survived,20,5.0,0.0218967860318034,True,True,True,62861,1022.0,True,False,1d-01
32,CBOE,1d,state_ext=stretched_down + state_vol=low_vol,rolling,4,long,survived,clean_survivor_wf_mixed,131,True,29,True,0.0115612513952727,0.0081326816725303,state_ext=stretched_down,0.0049987973778541,0.0017130703616501,2,1100,0.5,7,8,7,8,18.75,survived,survived,survived,survived,provisional,survived,survived,survived,20,3.7502388658525656,0.0312285664050238,True,True,True,62861,2237.0,True,False,1d-01
27,COST,1d,state_ext=stretched_up + state_ret_1=ret_flat,rolling,4,long,survived,clean_survivor_wf_mixed,535,True,183,True,0.00710394086165,0.0032766373796876,state_ext=stretched_up,0.0017096622854657,0.001340194806787,1,0010,0.25,5,8,8,7,16.25,survived,survived,rejected,rejected,rejected,survived,survived,survived,20,4.648542849429662,0.0126710451583823,True,True,True,62861,2035.0,True,False,1d-02
12,DASH,1d,cross_USO_state_ext=stretched_down + state_ext=stretched_down,rolling,4,long,survived,clean_survivor_wf_mixed,109,True,39,True,0.0403928665210592,0.0378171313372393,cross_USO_state_ext=stretched_down,0.0282365862408375,0.0002476945751928,2,0011,0.5,6,8,8,8,18.0,survived,survived,rejected,rejected,survived,survived,survived,survived,5,1.7667660582242155,0.0256264286977829,True,True,True,62861,1232.0,True,False,1d-02
2,DE,1d,state_slope=downtrend + state_vol=mid_vol,rolling,4,long,survived,clean_survivor_wf_mixed,294,True,249,True,0.0169994215328152,0.01234574471186,state_slope=downtrend,0.0071270115300844,8.99515994874367e-05,2,1001,0.5,8,8,8,8,20.0,survived,survived,survived,survived,survived,survived,survived,survived,20,3.8678568692365,0.0326770792930696,True,True,True,62861,949.0,True,False,1d-02
6,DE,1d,state_volume=vol_surge + state_slope=downtrend,rolling,4,long,survived,clean_survivor_wf_strong,152,True,72,True,0.0261202620130032,0.021466585192048,state_volume=vol_surge,0.0128132584884985,6.501463284491749e-05,3,1011,0.75,7,8,8,8,19.5,survived,survived,survived,rejected,survived,survived,survived,survived,20,3.142069856184311,0.0380188267399568,True,True,True,62861,886.0,True,False,1d-02
7,DE,1d,state_volume=vol_surge + state_ext=stretched_down + state_slope=downtrend,rolling,4,long,survived,clean_survivor_wf_strong,113,True,55,True,0.0276707418198627,0.0230170649989075,state_volume=vol_surge + state_slope=downtrend,0.0015504798068594,0.0008575635647898,3,1011,0.75,7,8,8,8,19.5,survived,survived,survived,rejected,survived,survived,survived,survived,20,3.1154592394740663,0.041663901144528,True,True,True,62861,1754.0,True,False,1d-02
8,DE,1d,state_ext=stretched_down + state_slope=downtrend,rolling,4,long,survived,clean_survivor_wf_mixed,725,True,339,True,0.0136573346289461,0.0090036578079909,state_ext=stretched_down,0.0027154687663104,0.0005536841644184,2,0101,0.5,7,8,8,8,19.0,survived,survived,rejected,survived,survived,survived,survived,survived,20,3.918754083852346,0.0283013382297864,True,True,True,62861,1534.0,True,False,1d-02
9,DE,1d,cross_TLT_state_ext=stretched_up + state_ext=stretched_down,rolling,4,long,survived,clean_survivor_wf_mixed,391,True,86,True,0.0183525470510979,0.0136988702301427,state_ext=stretched_down,0.0074106811884622,0.0011140253716481,2,0101,0.5,7,8,8,7,18.75,survived,survived,survived,rejected,survived,survived,survived,survived,20,4.370085055140773,0.0391198954776369,True,True,True,62861,1918.0,True,False,1d-02
11,DE,1d,cross_USO_state_slope=downtrend + cross_TLT_state_ext=stretched_up + state_ext=stretched_down,rolling,4,long,survived,clean_survivor_wf_mixed,230,True,46,True,0.023541537955614,0.0188878611346588,cross_TLT_state_ext=stretched_up + state_ext=stretched_down,0.005188990904516,0.0012757106928931,2,0101,0.5,7,8,7,7,18.5,survived,survived,survived,rejected,survived,survived,survived,survived,20,5.0,0.0348115544216452,True,True,True,62861,1992.0,True,False,1d-02
13,DE,1d,state_ext=stretched_down + state_ret_5=ret_down,rolling,4,long,survived,clean_survivor_wf_mixed,685,True,328,True,0.0119076809659383,0.0072540041449831,state_ext=stretched_down,0.0009658151033027,0.0003689142003715,2,0101,0.5,6,8,7,8,17.75,survived,rejected,rejected,survived,survived,survived,survived,survived,20,3.969574361696417,0.0296167899643915,True,True,True,62861,1375.0,True,False,1d-02
1,DUK,1d,cross_USO_state_slope=downtrend + cross_TLT_state_slope=uptrend + state_ext=neutral,rolling,4,long,survived,clean_survivor_wf_mixed,228,True,46,True,0.0149256521054359,0.0130451620545779,cross_USO_state_slope=downtrend + cross_TLT_state_slope=uptrend,0.0081687446315424,0.000216388986276,2,1001,0.5,8,8,8,8,20.0,survived,survived,survived,survived,survived,survived,survived,survived,20,4.300238891436212,0.019644431056603,True,True,True,62861,1192.0,True,False,1d-02
18,EEM,1d,state_relvol=relvol_elevated + state_ext=stretched_down,rolling,4,long,survived,clean_survivor_wf_mixed,86,True,15,True,0.0271885483484238,0.0252331420799668,state_relvol=relvol_elevated,0.0086041851586741,0.0018028584237139,1,0100,0.25,6,8,8,7,17.25,survived,survived,survived,rejected,provisional,survived,survived,survived,5,4.073360600576969,0.01505982166047,True,True,True,62861,2297.0,True,False,1d-02
35,EQIX,1d,cross_USO_state_slope=downtrend + cross_TLT_state_slope=uptrend + state_ext=stretched_down,rolling,4,long,survived,clean_survivor_wf_mixed,178,True,25,True,0.0202279342713405,0.018415078244039,cross_USO_state_slope=downtrend + state_ext=stretched_down,0.0100752911959894,0.0010800636980046,2,0101,0.5,7,8,8,7,18.75,survived,survived,survived,rejected,survived,survived,survived,survived,20,4.029655638552516,0.0477953011643431,True,True,True,62861,1898.0,True,False,1d-03
36,EQIX,1d,cross_USO_state_ext=stretched_down + cross_TLT_state_slope=uptrend + state_ext=stretched_down,rolling,4,long,survived,clean_survivor_wf_mixed,184,True,24,True,0.0205503506112845,0.018737494583983,cross_USO_state_ext=stretched_down + state_ext=stretched_down,0.0075151213393358,0.0007623549913089,2,0101,0.5,7,8,8,7,18.75,survived,survived,survived,rejected,survived,survived,survived,survived,20,4.047572758779449,0.0486100340776194,True,True,True,62861,1696.0,True,False,1d-03
54,ETN,1d,cross_USO_state_slope=downtrend + cross_TLT_state_ext=stretched_up + state_ext=stretched_down,rolling,4,long,survived,clean_survivor_wf_mixed,249,True,47,True,0.0214838250293422,0.0157978587402574,cross_USO_state_slope=downtrend + state_ext=stretched_down,0.0047341773446338,0.0006845134366997,2,0101,0.5,6,8,7,7,17.5,survived,survived,rejected,rejected,survived,survived,survived,survived,20,5.0,0.0285643926743376,,,,62861,1640.0,True,False,1d-03
37,GD,1d,state_ext=neutral + state_slope=uptrend + state_vol=high_vol,rolling,4,long,survived,clean_survivor_wf_mixed,46,True,39,True,0.0161218719419375,0.012753726236651,state_ext=neutral + state_vol=high_vol,0.0029924631198026,0.0008817204317983,2,0011,0.5,7,8,7,8,18.75,survived,survived,survived,rejected,survived,survived,survived,survived,5,1.5,0.0182996920942304,True,True,True,62861,1778.0,True,False,1d-03
48,GE,1d,cross_TLT_state_vol=high_vol + state_ext=stretched_up,rolling,4,long,survived,clean_survivor_wf_mixed,409,True,305,True,0.0146372674855695,0.0059887441343992,state_ext=stretched_up,0.0052061286966941,0.0009254549175836,2,1001,0.5,6,8,8,8,18.0,survived,rejected,rejected,survived,survived,survived,survived,survived,20,4.600116399421557,0.0289335415480123,True,True,True,62861,1804.0,True,False,1d-03
1,GILD,1d,cross_TLT_state_slope=uptrend + state_slope=downtrend,rolling,4,long,survived,clean_survivor_wf_strong,456,True,85,True,0.0182667881205043,0.0144629709758874,cross_TLT_state_slope=uptrend,0.0105751427738058,7.569202953305876e-05,4,1111,1.0,8,8,8,8,21.0,survived,survived,survived,survived,survived,survived,survived,survived,20,4.010844589837888,0.0241799805795337,True,True,True,62861,916.0,True,False,1d-03
3,GILD,1d,cross_TLT_state_slope=uptrend + state_ext=stretched_down,rolling,4,long,survived,clean_survivor_wf_strong,369,True,57,True,0.0154298905502185,0.0116260734056015,cross_TLT_state_slope=uptrend,0.0077382452035199,0.0009681945026867,3,1101,0.75,8,8,8,8,20.5,survived,survived,survived,survived,survived,survived,survived,survived,20,4.779547914712143,0.022967889875461,True,True,True,62861,1826.0,True,False,1d-03
4,GILD,1d,cross_TLT_state_ext=stretched_up + state_ext=stretched_down,rolling,4,long,survived,clean_survivor_wf_strong,317,True,51,True,0.0122345631833,0.0084307460386831,state_ext=stretched_down,0.0059370665600881,0.0017852213636513,3,1101,0.75,8,8,8,8,20.5,survived,survived,survived,survived,survived,survived,survived,survived,20,4.9248087003700896,0.0287403429569119,True,True,True,62861,2287.0,True,False,1d-03
25,GILD,1d,cross_TLT_state_slope=uptrend + state_ext=neutral,rolling,4,long,survived,clean_survivor_wf_strong,343,True,153,True,0.0115447369203654,0.0077409197757484,cross_TLT_state_slope=uptrend,0.0038530915736668,9.426281332292064e-05,3,1011,0.75,7,8,8,8,19.5,survived,survived,survived,rejected,survived,survived,survived,survived,20,4.657295591925164,0.0230477627339507,True,True,True,62861,961.0,True,False,1d-03
14,GLD,1d,cross_USO_state_slope=downtrend + cross_TLT_state_ext=stretched_up + state_ext=neutral,rolling,4,long,survived,clean_survivor_wf_mixed,145,True,57,True,0.0117385608701324,0.0091892392283917,cross_USO_state_slope=downtrend + cross_TLT_state_ext=stretched_up,0.0061655377234983,4.724456680982314e-06,2,0101,0.5,8,8,8,8,20.0,survived,survived,survived,survived,survived,survived,survived,survived,20,4.883603670491149,0.0221695909157988,True,True,True,62861,548.0,True,False,1d-03
2,GOLD,1d,cross_USO_state_slope=downtrend + cross_TLT_state_slope=uptrend + state_ext=stretched_down,rolling,4,long,survived,clean_survivor_wf_strong,99,True,28,True,0.0394776765264001,0.035640911533576,cross_USO_state_slope=downtrend + cross_TLT_state_slope=uptrend,0.0217147911513221,0.0002115867830936,3,1101,0.75,8,8,8,8,20.5,survived,survived,survived,survived,survived,survived,survived,survived,20,3.050268277602667,0.0969502088969896,True,True,True,62861,1186.0,True,False,1d-03
65,GOOG,1d,state_ext=neutral + state_slope=flat + state_vol=low_vol,rolling,4,long,survived,clean_survivor_wf_mixed,396,True,34,True,0.0219882715157409,0.0163556492953916,state_slope=flat + state_vol=low_vol,0.0054981950402967,3.68068307476932e-06,2,0011,0.5,5,8,7,8,16.75,survived,rejected,rejected,rejected,survived,survived,survived,survived,20,5.0,0.0182256943132736,,,,62861,522.0,True,False,1d-03
19,GOOGL,1d,state_ext=neutral + state_slope=flat + state_vol=low_vol,rolling,4,long,survived,clean_survivor_wf_mixed,391,True,34,True,0.0166692981237364,0.0109783944239829,state_slope=flat + state_vol=low_vol,0.001065463535952,0.0003066300342307,2,0011,0.5,8,8,7,8,19.75,survived,survived,survived,survived,survived,survived,survived,survived,20,5.0,0.0189958118975624,True,True,True,62861,1303.0,True,False,1d-03
28,HON,1d,state_relvol=relvol_quiet + state_ext=stretched_down,rolling,4,long,survived,clean_survivor_wf_mixed,36,True,21,True,0.0265176307182979,0.0250057659662706,state_relvol=relvol_quiet,0.0207162376461447,3.732646711074317e-05,1,0010,0.25,6,8,8,8,17.5,survived,survived,survived,rejected,provisional,survived,survived,survived,20,3.1971161906066072,0.0534933072583406,True,True,True,62861,783.0,True,False,1d-04
29,HON,1d,state_volume=vol_quiet + state_ext=stretched_down,rolling,4,long,survived,clean_survivor_wf_mixed,36,True,21,True,0.0265176307182979,0.0250057659662706,state_volume=vol_quiet,0.0207162376461447,3.732646711074317e-05,1,0010,0.25,6,8,8,8,17.5,survived,survived,survived,rejected,provisional,survived,survived,survived,20,3.1971161906066072,0.0534933072583406,True,True,True,62861,784.0,True,False,1d-04
3,HUM,1d,cross_USO_state_slope=uptrend + cross_TLT_state_ext=stretched_down + state_ext=stretched_down,rolling,4,long,survived,clean_survivor_wf_mixed,49,True,80,True,0.018923519148337,0.0176236143201236,cross_TLT_state_ext=stretched_down + state_ext=stretched_down,0.0094822127616028,0.0017947146847134,2,0101,0.5,8,8,8,8,20.0,survived,survived,survived,survived,survived,survived,survived,survived,20,2.7880227931885804,0.0868991112017175,True,True,True,62861,2291.0,True,False,1d-04
36,ISRG,1d,state_ext=neutral + state_slope=uptrend + state_vol=low_vol,rolling,4,long,survived,clean_survivor_wf_mixed,55,True,19,True,0.0188301515057328,0.0161558852762114,state_ext=neutral + state_vol=low_vol,0.0100100478793907,0.0007460418831892,1,0100,0.25,5,8,8,8,16.5,survived,survived,rejected,rejected,provisional,survived,survived,survived,10,3.411062814268172,0.0175267915800214,True,True,,62861,1691.0,True,False,1d-04
6,ITA,1d,cross_USO_state_slope=downtrend + cross_TLT_state_ext=stretched_up + state_ext=neutral,rolling,4,long,survived,clean_survivor_wf_mixed,156,True,46,True,0.0157238113909489,0.0122349252852698,cross_USO_state_slope=downtrend + cross_TLT_state_ext=stretched_up,0.0027991020987352,0.0007779954283615,2,0101,0.5,8,8,8,8,20.0,survived,survived,survived,survived,survived,survived,survived,survived,20,5.0,0.0172385068366489,True,False,True,62861,1703.0,True,False,1d-04
1,JD,1d,cross_USO_state_slope=downtrend + cross_TLT_state_ext=stretched_up + state_ext=stretched_down,rolling,4,long,survived,clean_survivor_wf_strong,113,True,42,True,0.0307068225230914,0.0329583903436406,cross_USO_state_slope=downtrend + cross_TLT_state_ext=stretched_up,0.0118518133446115,4.099936898871448e-07,3,0111,0.75,8,8,8,8,20.5,survived,survived,survived,survived,survived,survived,survived,survived,20,3.971779126229246,0.0490551251266226,True,True,True,62861,367.0,True,True,1d-04
50,JPM,1d,state_volume=vol_normal + state_ext=stretched_up + state_slope=flat,rolling,4,long,survived,clean_survivor_wf_mixed,325,True,146,True,0.0120344881449152,0.0071422508836867,state_ext=stretched_up + state_slope=flat,0.0012742320586569,0.0013593592516925,1,0001,0.25,7,8,8,8,18.5,survived,survived,rejected,survived,survived,survived,survived,survived,20,4.704594153388625,0.0154423704811196,True,True,True,62861,2043.0,True,False,1d-05
1,KO,1d,cross_TLT_state_slope=flat + state_ext=stretched_down,rolling,4,long,survived,clean_survivor_wf_strong,174,True,69,True,0.0148427969683806,0.0124177555181501,state_ext=stretched_down,0.0094952452981462,0.0007429911873639,3,1101,0.75,8,8,8,8,20.5,survived,survived,survived,survived,survived,survived,survived,survived,20,3.4365057605059905,0.0245527600264014,True,True,True,62861,1686.0,True,False,1d-05
27,LNG,1d,state_volume=vol_surge + state_ext=stretched_down + state_slope=flat,rolling,4,long,survived,clean_survivor_wf_mixed,60,True,19,True,0.0348180054077873,0.0284165708500428,state_volume=vol_surge + state_ext=stretched_down,0.0091143758521777,0.0006606304874881,2,1001,0.5,7,8,8,8,19.0,survived,survived,survived,rejected,survived,survived,survived,survived,20,4.428051867918293,0.0476949989212776,True,True,True,62861,1619.0,True,False,1d-05
31,LNG,1d,cross_USO_state_slope=downtrend + cross_TLT_state_ext=neutral + state_ext=stretched_down,rolling,4,long,survived,clean_survivor_wf_mixed,244,True,64,True,0.0188991259901777,0.0124976914324332,cross_USO_state_slope=downtrend + state_ext=stretched_down,0.0009378389849781,0.0003674665506019,2,1001,0.5,7,8,8,8,19.0,survived,survived,rejected,survived,survived,survived,survived,survived,20,4.567327727922437,0.0799821663364237,True,True,True,62861,1373.0,True,False,1d-05
39,LNG,1d,state_slope=flat + state_vol=low_vol,rolling,4,long,survived,clean_survivor_wf_mixed,882,True,486,True,0.0092437361175813,0.0028423015598368,state_slope=flat,0.0021217615744059,0.0009662584083376,2,1010,0.5,7,8,8,7,18.75,survived,survived,survived,survived,rejected,survived,survived,survived,20,4.477659524097192,0.023650681153528,True,True,True,62861,1824.0,True,False,1d-05
3,LRCX,1d,state_volume=vol_normal + state_ext=stretched_down + state_slope=downtrend,rolling,4,long,survived,clean_survivor_wf_strong,530,True,255,True,0.0219188714990998,0.0119666423677065,state_volume=vol_normal + state_slope=downtrend,0.0025546939266685,0.0005460186078918,3,1101,0.75,8,8,8,8,20.5,survived,survived,survived,survived,survived,survived,survived,survived,20,4.416041172212743,0.0402899848495617,True,True,True,62861,1524.0,True,False,1d-05
4,LRCX,1d,state_volume=vol_normal + state_slope=downtrend,rolling,4,long,survived,clean_survivor_wf_strong,678,True,370,True,0.0193641775724312,0.0094119484410379,state_slope=downtrend,0.0022494229223007,0.0003889951920039,3,1101,0.75,8,8,8,8,20.5,survived,survived,survived,survived,survived,survived,survived,survived,20,4.30174277265653,0.0402459579270853,True,True,True,62861,1392.0,True,False,1d-05
12,LRCX,1d,state_volume=vol_normal + state_ext=stretched_down,rolling,4,long,survived,clean_survivor_wf_mixed,816,True,361,True,0.0179920430278724,0.0080398138964791,state_ext=stretched_down,0.003295624991972,0.0006188545662846,2,1001,0.5,8,8,8,8,20.0,survived,survived,survived,survived,survived,survived,survived,survived,20,4.360196649568747,0.0359065286860212,True,True,True,62861,1579.0,True,False,1d-05
26,LRCX,1d,cross_TLT_state_vol=low_vol + state_ext=neutral,rolling,4,long,survived,clean_survivor_wf_mixed,220,True,56,True,0.0471927245552353,0.037240495423842,cross_TLT_state_vol=low_vol,0.0295292042045425,0.000109274256776,2,0011,0.5,7,8,8,8,19.0,survived,survived,survived,rejected,survived,survived,survived,survived,20,4.511352689641328,0.0454935036430877,True,True,True,62861,994.0,True,False,1d-05
21,MDT,1d,state_volume=vol_quiet + state_slope=flat,rolling,4,long,survived,clean_survivor_wf_strong,133,True,35,True,0.0134299291443132,0.013223164232893,state_volume=vol_quiet,0.0107328868285687,1.5661552055235002e-09,3,1011,0.75,7,8,8,8,19.5,survived,survived,survived,rejected,survived,survived,survived,survived,20,4.2467963078120246,0.0230551521734131,True,True,True,62861,228.0,True,True,1d-05
27,META,1d,cross_TLT_state_slope=uptrend + state_ext=neutral,rolling,4,long,survived,clean_survivor_wf_mixed,234,True,66,True,0.0201026693247721,0.0123559685078268,cross_TLT_state_slope=uptrend,0.0102897130331576,0.0017860692066056,2,0011,0.5,7,8,8,8,19.0,survived,survived,survived,rejected,survived,survived,survived,survived,20,5.0,0.0271932338045487,True,True,True,62861,2288.0,True,False,1d-06
57,META,1d,state_slope=downtrend + state_vol=low_vol,rolling,4,long,survived,clean_survivor_wf_mixed,206,True,63,True,0.0254229664627858,0.0176762656458405,state_vol=low_vol,0.0142413440360893,0.0015120884507342,1,0001,0.25,6,8,8,8,17.5,survived,rejected,rejected,survived,survived,survived,survived,survived,20,4.682777430759949,0.0200498520592986,,,,62861,2129.0,True,False,1d-06
66,META,1d,cross_USO_state_slope=downtrend + cross_TLT_state_ext=stretched_up + state_ext=stretched_down,rolling,4,long,survived,clean_survivor_wf_mixed,114,True,26,True,0.03816638134548,0.0304196805285347,cross_TLT_state_ext=stretched_up + state_ext=stretched_down,0.0149599334684253,0.0003833051380086,2,1001,0.5,5,8,8,8,17.0,survived,rejected,rejected,rejected,survived,survived,survived,survived,20,5.0,0.0577767063839375,,,,62861,1386.0,True,False,1d-06
58,MRK,1d,state_volume=vol_surge + state_ext=stretched_down + state_slope=flat,rolling,4,long,survived,clean_survivor_wf_mixed,42,True,15,True,0.0224033467999605,0.0194221519537772,state_ext=stretched_down + state_slope=flat,0.0127924639455339,4.194694734760418e-05,1,0010,0.25,6,8,8,8,17.5,survived,survived,survived,rejected,provisional,survived,survived,survived,20,5.0,0.0206763781220261,,,,62861,812.0,True,False,1d-06
4,NEE,1d,cross_USO_state_slope=downtrend + cross_TLT_state_slope=uptrend + state_ext=neutral,rolling,4,long,survived,clean_survivor_wf_strong,194,True,41,True,0.0216593015213998,0.020439727818835,cross_TLT_state_slope=uptrend + state_ext=neutral,0.0096774433398167,3.952454954436746e-07,3,1101,0.75,8,8,8,8,20.5,survived,survived,survived,survived,survived,survived,survived,survived,20,4.0392407164171145,0.0240634190182291,True,True,False,62861,364.0,True,True,1d-06
16,NKE,1d,cross_USO_state_slope=downtrend + cross_TLT_state_ext=stretched_up + state_ext=stretched_down,rolling,4,long,survived,clean_survivor_wf_strong,177,True,30,True,0.0399194440377153,0.042602245607441,cross_USO_state_slope=downtrend + cross_TLT_state_ext=stretched_up,0.0267548746705293,4.664046926450283e-12,3,1101,0.75,7,8,8,7,19.25,survived,survived,survived,rejected,survived,survived,survived,survived,20,5.0,0.0354460150710687,False,True,True,62861,177.0,True,True,1d-06
17,NKE,1d,cross_USO_state_slope=downtrend + cross_TLT_state_slope=uptrend + state_ext=stretched_down,rolling,4,long,survived,clean_survivor_wf_strong,200,True,39,True,0.0369218060293247,0.0396046075990504,cross_TLT_state_slope=uptrend + state_ext=stretched_down,0.0242316070664071,0.0001701629756907,3,1101,0.75,7,8,8,7,19.25,survived,survived,survived,rejected,survived,survived,survived,survived,20,5.0,0.0304393448676224,False,True,True,62861,1115.0,True,False,1d-06
30,NKE,1d,cross_USO_state_ext=stretched_down + cross_TLT_state_slope=uptrend + state_ext=stretched_down,rolling,4,long,survived,clean_survivor_wf_mixed,218,True,34,True,0.0310166450933826,0.0336994466631083,cross_TLT_state_slope=uptrend + state_ext=stretched_down,0.018326446130465,0.0001678953627943,2,0101,0.5,7,8,8,7,18.75,survived,survived,survived,rejected,survived,survived,survived,survived,20,5.0,0.0340467146715999,False,True,True,62861,1110.0,True,False,1d-06
2,NOW,1d,cross_TLT_state_vol=high_vol + state_ext=stretched_down,rolling,4,long,survived,clean_survivor_wf_strong,183,True,141,True,0.0308539039817704,0.0273359195600065,cross_TLT_state_vol=high_vol,0.0168789398117676,0.0003965824127249,3,1011,0.75,8,8,8,8,20.5,survived,survived,survived,survived,survived,survived,survived,survived,20,4.421708218794006,0.0552826349059384,True,True,True,62861,1411.0,True,False,1d-06
15,NVDA,1d,state_gap_open=gap_open_flat + state_relvol=relvol_normal + state_ext=stretched_up,rolling,4,long,survived,clean_survivor_wf_strong,1303,True,571,True,0.0152226798347446,0.0036106381185976,state_gap_open=gap_open_flat + state_ext=stretched_up,0.0005472930846584,0.0018007469696463,3,0111,0.75,7,8,8,8,19.5,survived,survived,survived,rejected,survived,survived,survived,survived,20,5.0,0.0391808899583285,True,True,True,62861,2296.0,True,False,1d-06
48,NVDA,1d,cross_USO_state_ext=stretched_down + state_ext=stretched_down,rolling,4,long,survived,clean_survivor_wf_strong,517,True,173,True,0.0302917193113741,0.0186796775952272,cross_USO_state_ext=stretched_down,0.0100717197701866,0.0002055865606087,3,1101,0.75,6,8,7,7,18.0,survived,survived,rejected,rejected,survived,survived,survived,survived,20,4.786455274901612,0.0326982929035959,True,True,True,62861,1173.0,True,False,1d-06
68,NVDA,1d,cross_USO_state_ext=stretched_down + cross_TLT_state_slope=uptrend + state_ext=stretched_down,rolling,4,long,survived,clean_survivor_wf_mixed,279,True,60,True,0.043526634696422,0.031914592980275,cross_TLT_state_slope=uptrend + state_ext=stretched_down,0.0108993518429575,0.0010626298699571,2,0101,0.5,5,8,8,7,16.75,survived,rejected,rejected,rejected,survived,survived,survived,survived,20,3.859073862001005,0.0421749204640154,,,,62861,1889.0,True,False,1d-06
28,O,1d,cross_USO_state_ext=stretched_down + cross_TLT_state_slope=uptrend + state_ext=neutral,rolling,4,long,survived,clean_survivor_wf_mixed,194,True,59,True,0.0145977815570968,0.0138936373965801,cross_USO_state_ext=stretched_down + cross_TLT_state_slope=uptrend,0.0077825818729153,0.0002970303745515,2,0101,0.5,7,8,8,8,19.0,survived,survived,rejected,survived,survived,survived,survived,survived,20,5.0,0.0123146099431371,False,True,True,62861,1286.0,True,False,1d-06
7,PANW,1d,cross_USO_state_ext=stretched_down + state_ext=neutral,rolling,4,long,survived,clean_survivor_wf_mixed,159,True,69,True,0.0221573666716907,0.0133010877328004,cross_USO_state_ext=stretched_down,0.0019440782791348,0.0004607286027358,2,0011,0.5,8,8,7,8,19.75,survived,survived,survived,survived,survived,survived,survived,survived,20,5.0,0.0338696757263913,True,True,True,62861,1455.0,True,False,1d-07
3,PDD,1d,cross_USO_state_slope=downtrend + state_ext=stretched_up,rolling,4,long,survived,clean_survivor_wf_strong,178,True,70,True,0.0364800814617863,0.037155593845931,cross_USO_state_slope=downtrend,0.0011279589201065,0.0015160746689502,3,1011,0.75,8,8,7,8,20.25,survived,survived,survived,survived,survived,survived,survived,survived,20,4.157897853312046,0.0935960439379515,True,True,True,62861,2133.0,True,False,1d-07
15,PDD,1d,cross_USO_state_slope=downtrend + cross_TLT_state_slope=uptrend + state_ext=stretched_up,rolling,4,long,survived,clean_survivor_wf_mixed,104,True,32,True,0.0602536549557047,0.0609291673398494,cross_USO_state_slope=downtrend + cross_TLT_state_slope=uptrend,0.0067364921429245,0.0013115716032752,2,0011,0.5,7,8,8,8,19.0,survived,survived,survived,rejected,survived,survived,survived,survived,20,3.744113686193314,0.1099469103494262,True,True,True,62861,2024.0,True,False,1d-07
1,PLD,1d,cross_USO_state_slope=downtrend + cross_TLT_state_ext=stretched_up + state_ext=neutral,rolling,4,long,survived,clean_survivor_wf_strong,113,True,29,True,0.0255740701154852,0.0236788368089259,cross_USO_state_slope=downtrend + cross_TLT_state_ext=stretched_up,0.0103645635575648,0.0008377843165301,3,0111,0.75,8,8,8,8,20.5,survived,survived,survived,survived,survived,survived,survived,survived,20,5.0,0.033502437812007,True,True,True,62861,1740.0,True,False,1d-07
36,QQQ,1d,cross_USO_state_ext=neutral + state_ext=neutral,rolling,4,long,survived,clean_survivor_wf_mixed,395,True,130,True,0.0075893648825367,0.0039690105384468,cross_USO_state_ext=neutral,0.0027103583768662,0.0014362995276187,2,1001,0.5,5,8,8,8,17.0,survived,rejected,rejected,survived,rejected,survived,survived,survived,20,5.0,0.0196635769551944,True,True,True,62861,2091.0,True,False,1d-07
2,REGN,1d,cross_USO_state_ext=neutral + cross_TLT_state_slope=flat + state_ext=neutral,rolling,4,long,survived,clean_survivor_wf_strong,56,True,36,True,0.0187990716744691,0.0170721063564191,cross_TLT_state_slope=flat + state_ext=neutral,0.004939455085177,5.522473596419886e-06,3,1101,0.75,8,8,8,8,20.5,survived,survived,survived,survived,survived,survived,survived,survived,20,4.027631943780055,0.0399249628532374,True,True,True,62861,556.0,True,False,1d-07
14,REGN,1d,cross_TLT_state_ext=stretched_up + state_ext=neutral,rolling,4,long,survived,clean_survivor_wf_mixed,168,True,117,True,0.0168152514607754,0.0150882861427254,state_ext=neutral,0.0085160325473284,7.909878612566423e-05,2,0011,0.5,7,8,8,8,19.0,survived,survived,survived,rejected,survived,survived,survived,survived,20,4.012166105714587,0.0386277435854024,True,True,True,62861,923.0,True,False,1d-07
4,SHOP,1d,state_ext=stretched_down + state_ret_5=ret_flat,rolling,4,long,survived,clean_survivor_wf_mixed,97,True,77,True,0.043832758924894,0.0340827167509925,state_ext=stretched_down,0.0245685677498731,3.365184023507162e-05,2,1001,0.5,8,8,8,8,20.0,survived,survived,survived,survived,survived,survived,survived,survived,20,3.997157284896887,0.0585441874172097,True,True,True,62861,766.0,True,False,1d-08
7,SHOP,1d,cross_TLT_state_slope=uptrend + state_slope=flat,rolling,4,long,survived,clean_survivor_wf_mixed,192,True,86,True,0.0294601251347968,0.0197100829608953,cross_TLT_state_slope=uptrend,0.0079400980830501,0.0003757169810918,2,0101,0.5,8,8,8,8,20.0,survived,survived,survived,survived,survived,survived,survived,survived,20,4.264766857320554,0.0593728194383058,True,True,True,62861,1379.0,True,False,1d-08
19,SHW,1d,cross_USO_state_ext=stretched_down + state_ext=stretched_down,rolling,4,long,survived,clean_survivor_wf_strong,317,True,108,True,0.0183187724310111,0.0166591666254813,cross_USO_state_ext=stretched_down,0.0111845957279997,0.0002153938317817,3,1101,0.75,7,8,8,7,19.25,survived,survived,survived,rejected,survived,survived,survived,survived,20,4.570418559815463,0.0315388533582036,True,True,True,62861,1190.0,True,False,1d-08
3,SLV,1d,cross_USO_state_slope=downtrend + cross_TLT_state_ext=stretched_up + state_ext=neutral,rolling,4,long,survived,clean_survivor_wf_strong,110,True,23,True,0.0199151256041753,0.0161801206457393,cross_USO_state_slope=downtrend + cross_TLT_state_ext=stretched_up,0.0035911195320017,0.0005922559326441,3,0111,0.75,8,8,8,8,20.5,survived,survived,survived,survived,survived,survived,survived,survived,10,2.7621105667364603,0.0254825424818008,True,True,True,62861,1563.0,True,False,1d-08
23,SMH,1d,cross_TLT_state_ext=stretched_up + state_ext=neutral,rolling,4,long,survived,clean_survivor_wf_mixed,285,True,71,True,0.0225850757777151,0.0150648438668023,cross_TLT_state_ext=stretched_up,0.0095355190012875,0.0002411647820768,2,0011,0.5,7,8,8,8,19.0,survived,survived,survived,rejected,survived,survived,survived,survived,20,5.0,0.0224998851199166,True,True,True,62861,1225.0,True,False,1d-08
35,SMH,1d,state_ext=stretched_up + state_ret_1=ret_down,rolling,4,long,survived,clean_survivor_wf_strong,233,True,169,True,0.0150559188649845,0.0075356869540717,state_ret_1=ret_down,0.0030654461536117,0.0002446375521203,3,0111,0.75,6,8,8,8,18.5,survived,survived,rejected,rejected,survived,survived,survived,survived,20,5.0,0.0198102107959623,True,True,False,62861,1227.0,True,False,1d-08
37,SMH,1d,cross_USO_state_ext=stretched_down + state_ext=neutral,rolling,4,long,survived,clean_survivor_wf_mixed,434,True,111,True,0.0167167875212455,0.0091965556103326,cross_USO_state_ext=stretched_down,0.0022881254631236,0.0001473631577204,2,0011,0.5,6,8,8,8,18.0,survived,survived,rejected,rejected,survived,survived,survived,survived,20,5.0,0.0151951785073596,True,True,True,62861,1066.0,True,False,1d-08
44,SO,1d,state_ext=neutral + state_slope=uptrend + state_vol=low_vol,rolling,4,long,survived,clean_survivor_wf_mixed,116,True,17,True,0.0114629716047634,0.0091110429790486,state_slope=uptrend + state_vol=low_vol,0.0009508727849959,3.7365504961250906e-06,2,1100,0.5,6,8,6,8,17.5,survived,survived,rejected,survived,provisional,survived,survived,survived,20,5.0,0.0123638304262764,True,True,,62861,523.0,True,False,1d-08
2,TMO,1d,state_slope=flat + state_vol=low_vol,rolling,4,long,survived,clean_survivor_wf_strong,552,True,83,True,0.0137488276458691,0.0116786678907827,state_slope=flat,0.0050318490618694,0.0013497087914062,3,1011,0.75,8,8,8,8,20.5,survived,survived,survived,survived,survived,survived,survived,survived,20,4.674585762850508,0.0143523326200473,True,True,True,62861,2037.0,True,False,1d-08
6,TMO,1d,state_volume=vol_surge + state_slope=flat,rolling,4,long,survived,clean_survivor_wf_mixed,142,True,37,True,0.0171611961224622,0.0150910363673759,state_slope=flat,0.0084442175384626,0.0009306836640214,2,1001,0.5,8,8,8,8,20.0,survived,survived,survived,survived,survived,survived,survived,survived,20,4.612392321184044,0.0149332036576819,True,True,True,62861,1805.0,True,False,1d-08
15,TSLA,1d,cross_TLT_state_slope=uptrend + state_slope=uptrend,rolling,4,long,survived,clean_survivor_wf_mixed,272,True,89,True,0.0464811080127831,0.0433592717778807,state_slope=uptrend,0.0298212306789664,0.0008800472032737,2,0101,0.5,8,8,8,8,20.0,survived,survived,survived,survived,survived,survived,survived,survived,20,4.946361799455077,0.0667977213244725,True,True,True,62861,1775.0,True,False,1d-09
34,TSLA,1d,cross_USO_state_ext=stretched_down + cross_TLT_state_slope=downtrend + state_ext=stretched_down,rolling,4,long,survived,clean_survivor_wf_mixed,91,True,53,True,0.0645772796736481,0.0614554434387456,cross_USO_state_ext=stretched_down + cross_TLT_state_slope=downtrend,0.0410960303766297,0.0003936003675633,2,0101,0.5,7,8,8,8,19.0,survived,survived,survived,rejected,survived,survived,survived,survived,20,3.021061173829137,0.114717428349817,False,True,True,62861,1404.0,True,False,1d-09
13,TSM,1d,state_ext=neutral + state_ret_1=ret_down,rolling,4,long,survived,clean_survivor_wf_strong,294,True,111,True,0.016790261403338,0.0097664988432476,state_ext=neutral,0.0041560591956802,0.0013749117110868,3,1101,0.75,8,8,7,8,20.25,survived,survived,survived,survived,survived,survived,survived,survived,20,4.818659360189739,0.013940608801832,True,True,True,62861,2055.0,True,False,1d-09
5,UNP,1d,cross_USO_state_ext=stretched_up + cross_TLT_state_slope=uptrend + state_ext=stretched_down,rolling,4,long,survived,clean_survivor_wf_strong,55,True,21,True,0.0149709595101991,0.0131643069498307,cross_TLT_state_slope=uptrend + state_ext=stretched_down,0.0049096650498645,0.0001975823446849,3,0111,0.75,8,8,8,8,20.5,survived,survived,survived,survived,survived,survived,survived,survived,20,3.1176012262145507,0.0422598451815052,True,True,True,62861,1156.0,True,False,1d-09
38,UPS,1d,cross_USO_state_ext=stretched_down + cross_TLT_state_slope=uptrend + state_ext=stretched_down,rolling,4,long,survived,clean_survivor_wf_mixed,212,True,42,True,0.0199366160838936,0.0202797577846667,cross_USO_state_ext=stretched_down + cross_TLT_state_slope=uptrend,0.01031056981978,1.1840382905248248e-06,2,0101,0.5,7,8,8,7,18.75,survived,survived,survived,rejected,survived,survived,survived,survived,20,5.0,0.0199458364670186,True,False,True,62861,437.0,True,False,1d-09
66,VOO,1d,state_volume=vol_normal + state_ext=neutral + state_slope=uptrend,rolling,4,long,survived,clean_survivor_wf_mixed,178,True,95,True,0.0084061442439044,0.0059245698403772,state_ext=neutral + state_slope=uptrend,0.0006872182009474,0.0009441860675907,2,0011,0.5,6,8,7,8,17.75,survived,survived,rejected,rejected,survived,survived,survived,survived,20,5.0,0.0122712738745629,,,,62861,1811.0,True,False,1d-09
12,VRTX,1d,cross_USO_state_ext=stretched_down + state_ext=stretched_down,rolling,4,long,survived,clean_survivor_wf_strong,502,True,101,True,0.015995111327303,0.0131115882807524,state_ext=stretched_down,0.0051403650570389,1.3787088922745385e-05,3,0111,0.75,8,8,7,8,20.25,survived,survived,survived,survived,survived,survived,survived,survived,20,4.1895225720986105,0.0314768246485331,True,True,True,62861,651.0,True,False,1d-09
33,VRTX,1d,state_ext=stretched_down + state_ret_5=ret_down,rolling,4,long,survived,clean_survivor_wf_strong,710,True,241,True,0.0112945420750036,0.008411019028453,state_ext=stretched_down,0.0004397958047395,0.0008116946413136,3,0111,0.75,7,8,7,8,19.25,survived,survived,survived,rejected,survived,survived,survived,survived,20,4.204771560848381,0.0325004566000356,True,True,True,62861,1729.0,True,False,1d-09
37,VRTX,1d,state_ext=stretched_down + state_ret_1=ret_down,rolling,4,long,survived,clean_survivor_wf_mixed,540,True,170,True,0.0132838269954465,0.0104003039488959,state_ext=stretched_down,0.0024290807251824,0.000122079494075,2,0011,0.5,7,8,8,8,19.0,survived,survived,survived,rejected,survived,survived,survived,survived,20,4.421641785032234,0.0320484020100692,True,True,True,62861,1024.0,True,False,1d-09
87,VT,1d,state_volume=vol_quiet + state_ext=stretched_up + state_slope=flat,rolling,4,long,survived,clean_survivor_wf_mixed,72,True,24,True,0.010996710353899,0.0088781932203302,state_volume=vol_quiet,0.0053214403029055,6.347030693842903e-05,1,0010,0.25,5,8,8,8,16.5,survived,survived,rejected,rejected,provisional,survived,survived,survived,20,4.533126913691881,0.0076902084327053,,,,62861,882.0,True,False,1d-09
22,VWO,1d,cross_USO_state_slope=downtrend + cross_TLT_state_ext=stretched_up + state_ext=neutral,rolling,4,long,survived,clean_survivor_wf_mixed,120,True,50,True,0.0111898539688501,0.0095206382812535,cross_USO_state_slope=downtrend + cross_TLT_state_ext=stretched_up,0.0016531614983135,1.2819946622499856e-05,2,0101,0.5,8,8,8,8,20.0,survived,survived,survived,survived,survived,survived,survived,survived,20,5.0,0.0272286153024913,True,True,True,62861,636.0,True,False,1d-09
40,VZ,1d,cross_USO_state_slope=flat + cross_TLT_state_slope=flat + state_ext=stretched_down,rolling,4,long,survived,clean_survivor_wf_strong,89,True,38,True,0.0119922165281303,0.0114181064606924,cross_TLT_state_slope=flat + state_ext=stretched_down,0.0041598159457408,1.3730715697768405e-05,3,1011,0.75,6,8,8,8,18.5,survived,survived,rejected,rejected,survived,survived,survived,survived,20,3.554191341938671,0.0174750922552169,False,True,True,62861,650.0,True,False,1d-10
24,WFC,1d,state_volume=vol_quiet + state_ext=stretched_down,rolling,4,long,survived,clean_survivor_wf_mixed,54,True,26,True,0.0255754134164981,0.0203853996543502,state_ext=stretched_down,0.0160244051276368,4.718585980167944e-06,2,0011,0.5,7,8,8,8,19.0,survived,survived,survived,rejected,survived,survived,survived,survived,10,2.972515730216546,0.0306162176318259,,True,True,62861,544.0,True,False,1d-10
25,WFC,1d,state_relvol=relvol_quiet + state_ext=stretched_down,rolling,4,long,survived,clean_survivor_wf_mixed,54,True,26,True,0.0255754134164981,0.0203853996543502,state_ext=stretched_down,0.0160244051276368,4.718585980167944e-06,2,0011,0.5,7,8,8,8,19.0,survived,survived,survived,rejected,survived,survived,survived,survived,10,2.972515730216546,0.0306162176318259,,True,True,62861,545.0,True,False,1d-10
11,WMT,1d,cross_USO_state_ext=neutral + state_ext=neutral,rolling,4,long,survived,clean_survivor_wf_mixed,394,True,141,True,0.0106508583217063,0.0073580231168761,cross_USO_state_ext=neutral,0.0047430633327034,0.0010504593360993,2,0101,0.5,8,8,8,8,20.0,survived,survived,survived,survived,survived,survived,survived,survived,20,5.0,0.0128912554558514,True,True,True,62861,1882.0,True,False,1d-10
3,XEL,1d,cross_TLT_state_slope=uptrend + state_slope=flat,rolling,4,long,survived,clean_survivor_wf_strong,377,True,111,True,0.0123373279862941,0.0114932570215683,cross_TLT_state_slope=uptrend,0.0061257302794319,0.0010991926785683,3,0111,0.75,8,8,8,8,20.5,survived,survived,survived,survived,survived,survived,survived,survived,20,4.589431941973042,0.013536750469353,True,True,True,62861,1906.0,True,False,1d-10
5,XEL,1d,cross_TLT_state_slope=uptrend + state_ext=neutral,rolling,4,long,survived,clean_survivor_wf_strong,489,True,168,True,0.0099490519382549,0.0091049809735292,cross_TLT_state_slope=uptrend,0.0037374542313927,0.0011837286397029,3,1101,0.75,8,8,8,8,20.5,survived,survived,survived,survived,survived,survived,survived,survived,20,4.6253645857968255,0.0175480832667143,True,True,True,62861,1959.0,True,False,1d-10
19,XEL,1d,cross_USO_state_slope=downtrend + cross_TLT_state_ext=stretched_up + state_ext=neutral,rolling,4,long,survived,clean_survivor_wf_strong,171,True,57,True,0.0146208847262078,0.0137768137614821,cross_USO_state_slope=downtrend + state_ext=neutral,0.0066337049827452,4.513603967826185e-05,3,1101,0.75,7,8,8,7,19.25,survived,survived,survived,rejected,survived,survived,survived,survived,20,4.298442856585523,0.0237734035378031,True,True,True,62861,826.0,True,False,1d-10
72,XEL,1d,cross_USO_state_slope=downtrend + state_ext=neutral,rolling,4,long,survived,clean_survivor_wf_mixed,478,True,179,True,0.0079871797434626,0.0071431087787368,cross_USO_state_slope=downtrend,0.0053195871948744,0.001625018938429,2,0101,0.5,5,8,8,7,16.75,survived,rejected,rejected,rejected,survived,survived,survived,survived,20,4.774219036672774,0.0093466664535412,,,,62861,2190.0,True,False,1d-10
8,XLB,1d,state_ext=stretched_down + state_slope=downtrend + state_vol=mid_vol,rolling,4,long,survived,clean_survivor_wf_strong,236,True,136,True,0.0101345432638051,0.0082466121938612,state_ext=stretched_down + state_vol=mid_vol,0.0015842546753429,0.0003849934157726,3,1101,0.75,8,8,8,8,20.5,survived,survived,survived,survived,survived,survived,survived,survived,20,5.0,0.0277091539066752,True,True,True,62861,1388.0,True,False,1d-10
22,XLB,1d,cross_USO_state_slope=downtrend + cross_TLT_state_slope=uptrend + state_ext=stretched_down,rolling,4,long,survived,clean_survivor_wf_strong,271,True,38,True,0.0160405786333523,0.0141526475634085,cross_USO_state_slope=downtrend + cross_TLT_state_slope=uptrend,0.008241136328697,0.0004654247157711,3,1101,0.75,7,8,7,7,19.0,survived,survived,survived,rejected,survived,survived,survived,survived,20,5.0,0.0250459774251584,,True,True,62861,1457.0,True,False,1d-10
23,XLB,1d,cross_USO_state_slope=downtrend + cross_TLT_state_ext=stretched_up + state_ext=stretched_down,rolling,4,long,survived,clean_survivor_wf_strong,252,True,33,True,0.0154831252563335,0.0135951941863897,cross_USO_state_slope=downtrend + cross_TLT_state_ext=stretched_up,0.0060749547945581,0.0003984357233344,3,1101,0.75,7,8,7,7,19.0,survived,survived,survived,rejected,survived,survived,survived,survived,20,5.0,0.025893479890789,True,True,True,62861,1415.0,True,False,1d-10
27,XLC,1d,state_ext=stretched_down + state_vol=mid_vol,rolling,4,long,survived,clean_survivor_wf_mixed,67,True,47,True,0.0172864599941528,0.0145806293700424,state_ext=stretched_down,0.0077822982458316,6.723556755794391e-07,2,0011,0.5,7,8,8,8,19.0,survived,survived,survived,rejected,survived,survived,survived,survived,10,2.794314648103173,0.0203238310830538,True,True,False,62861,393.0,True,True,1d-10
51,XLK,1d,cross_USO_state_ext=neutral + cross_TLT_state_slope=flat + state_ext=neutral,rolling,4,long,survived,clean_survivor_wf_mixed,112,True,51,True,0.0136761106953673,0.0091236894240676,cross_USO_state_ext=neutral + state_ext=neutral,0.0032888808000194,1.2474822155272849e-06,2,1001,0.5,6,8,8,8,18.0,survived,rejected,rejected,survived,survived,survived,survived,survived,20,5.0,0.0186405198343805,,,,62861,443.0,True,False,1d-10
69,XLK,1d,cross_USO_state_ext=neutral + state_ext=neutral,rolling,4,long,survived,clean_survivor_wf_mixed,398,True,120,True,0.0103872298953479,0.0058348086240481,cross_USO_state_ext=neutral,0.0045612058556742,0.0001298348952971,2,1001,0.5,5,8,8,8,17.0,survived,rejected,rejected,rejected,survived,survived,survived,survived,20,5.0,0.0172162202450509,,,,62861,1043.0,True,False,1d-10
2,XLP,1d,state_volume=vol_surge + state_ext=stretched_down,rolling,4,long,survived,clean_survivor_wf_strong,143,True,51,True,0.0126447899738641,0.0114125348650559,state_volume=vol_surge,0.0073714122175112,1.4063110610251783e-05,3,0111,0.75,8,8,8,8,20.5,survived,survived,survived,survived,survived,survived,survived,survived,20,5.0,0.0106075557299799,False,True,False,62861,655.0,True,False,1d-10
49,XLP,1d,cross_USO_state_vol=mid_vol + state_ext=stretched_down,rolling,4,long,survived,clean_survivor_wf_mixed,121,True,75,True,0.0092908551962157,0.0080586000874076,state_ext=stretched_down,0.0048515707502417,0.0002179884653394,2,0011,0.5,6,8,8,8,18.0,survived,survived,rejected,rejected,survived,survived,survived,survived,20,3.203095337377448,0.0163348055160788,,True,True,62861,1197.0,True,False,1d-10
4,XLU,1d,cross_USO_state_slope=downtrend + cross_TLT_state_slope=uptrend + state_ext=neutral,rolling,4,long,survived,clean_survivor_wf_strong,255,True,62,True,0.0136170904510372,0.0119945509838696,cross_USO_state_slope=downtrend + cross_TLT_state_slope=uptrend,0.0047018729464099,0.0003784954001688,3,1101,0.75,8,8,8,8,20.5,survived,survived,survived,survived,survived,survived,survived,survived,20,4.809796299551663,0.0139814868152251,True,True,True,62861,1382.0,True,False,1d-10
28,XLV,1d,state_relvol=relvol_elevated + state_ext=stretched_down,rolling,4,long,survived,clean_survivor_wf_mixed,78,True,20,True,0.0206314882359236,0.0187328392252428,state_relvol=relvol_elevated,0.0067241601271853,6.324399621782106e-07,2,0110,0.5,7,8,8,8,19.0,survived,survived,survived,survived,provisional,survived,survived,survived,20,5.0,0.0176658051431645,,True,True,62861,391.0,True,True,1d-10
30,XLV,1d,state_volume=vol_surge + state_ext=stretched_down,rolling,4,long,survived,clean_survivor_wf_mixed,189,True,61,True,0.0126430716246263,0.0107444226139455,state_volume=vol_surge,0.0051593437220236,0.0005190331835331,2,0101,0.5,7,8,8,8,19.0,survived,survived,rejected,survived,survived,survived,survived,survived,20,5.0,0.0151242015841603,True,True,True,62861,1501.0,True,False,1d-10
26,XLY,1d,state_ext=stretched_up + state_ret_5=ret_down,rolling,4,long,survived,clean_survivor_wf_mixed,45,True,39,True,0.0133906352677898,0.0116333136852992,state_ret_5=ret_down,0.0101800913372642,0.0001145891007208,2,0011,0.5,7,8,8,8,19.0,survived,survived,survived,rejected,survived,survived,survived,survived,10,2.210648260158368,0.020300021536084,True,True,True,62861,1007.0,True,False,1d-10
58,XLY,1d,state_volume=vol_quiet + state_ext=stretched_up + state_slope=flat,rolling,4,long,survived,clean_survivor_wf_mixed,78,True,21,True,0.0142116542146492,0.0124543326321587,state_volume=vol_quiet + state_slope=flat,0.0104380741017569,0.0017783222682723,1,1000,0.25,6,8,8,8,17.5,survived,survived,rejected,survived,provisional,survived,survived,survived,20,5.0,0.0103859239940733,,,,62861,2281.0,True,False,1d-10
73,XLY,1d,state_slope=flat + state_vol=low_vol,rolling,4,long,survived,clean_survivor_wf_mixed,651,True,36,True,0.0166525377092115,0.014895216126721,state_vol=low_vol,0.0069489312933502,3.858269103673706e-05,2,1100,0.5,5,8,7,7,16.5,survived,survived,rejected,rejected,provisional,survived,survived,survived,20,5.0,0.0130977400800359,,,,62861,796.0,True,False,1d-10
1,XYZ,1d,state_volume=vol_quiet + state_slope=uptrend,rolling,4,long,survived,clean_survivor_wf_mixed,76,True,39,True,0.0274465866146731,0.0241293661897928,state_volume=vol_quiet,0.0184582918970729,0.000794070943066,2,0011,0.5,8,8,8,8,20.0,survived,survived,survived,survived,survived,survived,survived,survived,20,5.0,0.0434612802105374,True,True,True,62861,1717.0,True,False,1d-11
2,XYZ,1d,state_volume=vol_quiet + state_ext=stretched_up + state_slope=uptrend,rolling,4,long,survived,clean_survivor_wf_mixed,72,True,36,True,0.0289124312965043,0.0255952108716239,state_volume=vol_quiet + state_slope=uptrend,0.0014658446818311,0.0010038382917516,2,0011,0.5,8,8,7,8,19.75,survived,survived,survived,survived,survived,survived,survived,survived,20,5.0,0.0406154537262693,True,True,True,62861,1853.0,True,False,1d-11
3,XYZ,1d,state_ext=stretched_down + state_slope=flat + state_vol=low_vol,rolling,4,long,survived,clean_survivor_wf_mixed,18,True,33,True,0.0318169105525561,0.0284996901276757,state_slope=flat + state_vol=low_vol,0.0121407524787859,0.0006485543539584,1,0001,0.25,8,8,8,8,19.5,survived,survived,survived,survived,survived,survived,survived,survived,5,1.5,0.0364665029233432,True,True,True,62861,1607.0,True,False,1d-11
4,XYZ,1d,cross_USO_state_slope=downtrend + state_slope=uptrend,rolling,4,long,survived,clean_survivor_wf_mixed,122,True,42,True,0.0505157468256982,0.0471985264008178,cross_USO_state_slope=downtrend,0.0347027578317831,1.1431284685503584e-06,2,0110,0.5,7,8,8,7,18.75,survived,survived,survived,survived,rejected,survived,survived,survived,20,4.034525048998946,0.0889607845973184,True,True,True,62861,435.0,True,False,1d-11
5,XYZ,1d,cross_USO_state_slope=downtrend + cross_TLT_state_slope=uptrend + state_ext=stretched_up,rolling,4,long,survived,clean_survivor_wf_strong,135,True,48,True,0.037322630492893,0.0340054100680126,cross_USO_state_slope=downtrend + cross_TLT_state_slope=uptrend,0.0168543162118039,0.0014120098423593,3,1110,0.75,6,7,7,6,17.75,survived,survived,survived,rejected,rejected,survived,survived,survived,20,5.0,0.0791213331523252,False,True,True,62861,2073.0,True,False,1d-11
6,XYZ,1d,cross_USO_state_ext=stretched_down + cross_TLT_state_slope=uptrend + state_ext=stretched_up,rolling,4,long,survived,clean_survivor_wf_mixed,133,True,47,True,0.0375611192296746,0.0342438988047943,cross_USO_state_ext=stretched_down + cross_TLT_state_slope=uptrend,0.0163119003057033,0.0016790756575546,2,1100,0.5,6,7,7,6,17.25,survived,survived,survived,rejected,rejected,survived,survived,survived,20,3.814390751825402,0.0725923062726733,True,True,True,62861,2216.0,True,False,1d-11
33,AAPL,1h,cross_USO_state_slope=uptrend + cross_TLT_state_slope=flat + state_ext=stretched_down,rolling,4,long,rejected,late_emerging_valid_supported,44,False,24,True,0.009205084070292,0.0084478002452017,cross_TLT_state_slope=flat + state_ext=stretched_down,0.0022679893784841,0.0010077746381289,1,0010,0.25,1,8,7,7,9.0,rejected,rejected,rejected,survived,rejected,rejected,rejected,rejected,20,3.836561140354015,0.0144761831471855,True,True,,75258,2155.0,True,False,1h-00
27,ABNB,1h,state_session=lunch + state_ext=neutral + state_slope=downtrend,rolling,4,long,rejected,late_emerging_regime_switching,122,False,64,True,0.0101418685275685,0.0087979302227588,state_session=lunch + state_slope=downtrend,0.0032321391524015,2.056572833009085e-05,2,0011,0.5,1,8,8,8,10.0,rejected,rejected,rejected,rejected,survived,rejected,rejected,rejected,20,5.0,0.0043710343884284,False,False,True,75258,997.0,True,False,1h-00
7,ACWI,1h,cross_TLT_state_slope=downtrend + state_ext=stretched_down,rolling,4,long,survived,clean_survivor_wf_mixed,25,True,20,True,0.0083301783810142,0.0081455437765333,state_ext=stretched_down,0.0040809731019559,2.5403764298603804e-05,1,0010,0.25,7,8,8,8,18.5,survived,survived,survived,survived,provisional,survived,survived,survived,20,2.474110095786967,0.0268574016727216,,True,,75258,1031.0,True,False,1h-00
3,ADI,1h,cross_USO_state_ext=stretched_up + cross_TLT_state_slope=flat + state_ext=stretched_down,rolling,4,long,survived,clean_survivor_wf_mixed,19,True,44,True,0.0115096837612656,0.0106667552310731,cross_USO_state_ext=stretched_up + cross_TLT_state_slope=flat,0.0058235895606644,0.0005901275353086,1,0001,0.25,8,8,8,8,19.5,survived,survived,survived,survived,survived,survived,survived,survived,20,2.8496616107411894,0.0238616475134286,True,True,,75258,1863.0,True,False,1h-00
25,AFRM,1h,cross_USO_state_slope=downtrend + state_slope=downtrend,rolling,4,long,rejected,late_emerging_regime_switching,272,False,79,True,0.0144415170166778,0.0130593444766529,state_slope=downtrend,0.0074109590399034,0.0015669881655475,3,0111,0.75,1,8,8,8,10.5,rejected,rejected,rejected,rejected,survived,rejected,rejected,rejected,10,3.2191549095389926,0.0158623994900096,True,True,False,75258,2427.0,True,False,1h-00
5,BITO,1h,cross_USO_state_slope=uptrend + cross_TLT_state_slope=downtrend + state_ext=stretched_down,rolling,4,long,survived,clean_survivor_wf_mixed,70,True,52,True,0.0081438122108518,0.0071342752744281,cross_TLT_state_slope=downtrend + state_ext=stretched_down,0.0025023055776745,7.683700867366916e-05,1,0001,0.25,8,8,8,8,19.5,survived,survived,survived,survived,survived,survived,survived,survived,10,2.3610237096408486,0.0206716839179094,True,True,True,75258,1220.0,True,False,1h-01
10,BITO,1h,cross_USO_state_ext=stretched_up + cross_TLT_state_slope=downtrend + state_ext=stretched_down,rolling,4,long,survived,clean_survivor_wf_mixed,32,True,48,True,0.0077760520987738,0.0067665151623502,cross_TLT_state_slope=downtrend + state_ext=stretched_down,0.0021345454655965,0.0006507322457338,1,0001,0.25,7,8,7,8,18.25,survived,survived,rejected,survived,survived,survived,survived,survived,20,3.7010400687945912,0.0237401176036161,True,True,True,75258,1911.0,True,False,1h-01
19,CL,1h,cross_TLT_state_slope=uptrend + state_ext=stretched_up,rolling,4,short,rejected,late_emerging_regime_switching,79,False,34,True,0.0107394003081436,0.0104993671208966,state_ext=stretched_up,0.0019630102503962,2.390176945255007e-11,2,0011,0.5,1,8,8,8,10.0,rejected,rejected,rejected,rejected,survived,rejected,rejected,rejected,20,4.373049861530943,0.0147278760976419,True,True,True,75258,341.0,True,True,1h-01
21,CMCSA,1h,cross_USO_state_ext=neutral + cross_TLT_state_slope=downtrend + state_ext=stretched_down,rolling,4,long,rejected,late_emerging_recent_only,70,False,26,True,0.00611445321927,0.0078367580013848,cross_TLT_state_slope=downtrend + state_ext=stretched_down,0.0039861260525675,6.825393506781907e-05,1,0001,0.25,1,8,8,8,9.5,rejected,rejected,rejected,rejected,survived,rejected,rejected,rejected,10,2.2032822716645195,0.0065710348639527,True,True,True,75258,1192.0,True,False,1h-01
20,CMG,1h,state_relvol=relvol_elevated + state_ext=stretched_up,rolling,4,short,rejected,late_emerging_recent_only,50,False,17,True,0.0095126025754181,0.0093192653636885,state_relvol=relvol_elevated,0.0068611271924346,0.0001312417619439,1,0001,0.25,1,8,8,8,9.5,rejected,rejected,rejected,rejected,survived,rejected,rejected,rejected,20,3.827352550017451,0.014604010782163,True,True,True,75258,1339.0,True,False,1h-01
29,COST,1h,state_volume=vol_quiet + state_slope=uptrend,rolling,4,short,rejected,late_emerging_regime_switching,85,False,51,True,0.0053989225572546,0.0053504624112664,state_slope=uptrend,0.0036071452518082,0.0015414702584672,2,0101,0.5,1,8,8,8,10.0,rejected,rejected,rejected,rejected,survived,rejected,rejected,rejected,20,5.0,0.0064895943901023,False,True,True,75258,2409.0,True,False,1h-02
31,COST,1h,state_volume=vol_quiet + state_ext=neutral + state_slope=uptrend,rolling,4,short,rejected,late_emerging_regime_switching,76,False,49,True,0.0056315698190018,0.0055831096730136,state_volume=vol_quiet + state_slope=uptrend,0.0002326472617471,0.0012574845434389,2,0101,0.5,1,8,8,8,10.0,rejected,rejected,rejected,rejected,survived,rejected,rejected,rejected,20,5.0,0.0066000614186311,False,True,True,75258,2298.0,True,False,1h-02
1,CRWD,1h,state_session=morning + state_ext=stretched_up + state_slope=flat,rolling,4,long,survived,clean_survivor_wf_mixed,85,True,23,True,0.010326457896119,0.0057475654097141,state_ext=stretched_up + state_slope=flat,0.0036199159581098,9.797435800140696e-05,2,0101,0.5,8,8,8,8,20.0,survived,survived,survived,survived,survived,survived,survived,survived,20,5.0,0.0175565502816362,True,True,True,75258,1266.0,True,False,1h-02
34,CSX,1h,cross_TLT_state_vol=mid_vol + state_ext=stretched_up,rolling,4,short,rejected,late_emerging_valid_supported,44,False,45,True,0.0057709984371688,0.0065888213602971,state_ext=stretched_up,0.0023213023645146,0.0010304358153487,1,0100,0.25,1,8,8,8,9.5,rejected,rejected,rejected,survived,provisional,rejected,rejected,rejected,10,2.066876940893968,0.006628519899897,True,True,,75258,2166.0,True,False,1h-02
33,CVS,1h,cross_TLT_state_vol=low_vol + state_ext=stretched_up,rolling,4,long,rejected,late_emerging_recent_only,174,False,102,True,0.0067647487075562,0.0063524414064956,state_ext=stretched_up,0.0032286881903524,0.0006372329271753,1,0001,0.25,1,8,8,8,9.5,rejected,rejected,rejected,rejected,survived,rejected,rejected,rejected,20,4.346531337737323,0.0087367605058701,True,True,True,75258,1904.0,True,False,1h-02
28,DE,1h,state_session=morning + state_ext=neutral + state_slope=flat,rolling,4,short,rejected,late_emerging_recent_only,189,False,52,True,0.0034135650128537,0.0041655551495831,state_session=morning + state_slope=flat,0.0007142170050203,0.0006588308928627,1,0001,0.25,2,8,8,7,10.25,rejected,rejected,rejected,survived,survived,rejected,rejected,rejected,3,2.152458204407212,-0.0003116613091053,True,False,False,75258,1916.0,True,False,1h-02
2,DIS,1h,cross_USO_state_ext=stretched_up + state_ext=stretched_down,rolling,4,long,survived,clean_survivor_wf_mixed,34,True,64,True,0.0068380633852603,0.0070973928464826,state_ext=stretched_down,0.0007715775316639,0.0004497007728549,1,0001,0.25,8,8,8,8,19.5,survived,survived,survived,survived,survived,survived,survived,survived,20,2.846945640031252,0.0102089503371594,,True,True,75258,1739.0,True,False,1h-02
9,DIS,1h,cross_USO_state_slope=uptrend + state_ext=stretched_down,rolling,4,long,survived,clean_survivor_wf_mixed,40,True,62,True,0.0071320162090286,0.0073913456702509,state_ext=stretched_down,0.0010655303554322,0.0005621357565019,2,0011,0.5,6,8,8,8,18.0,survived,survived,rejected,rejected,survived,survived,survived,survived,20,2.6868418984629665,0.0117977626622681,,True,True,75258,1831.0,True,False,1h-02
3,FBTC,1h,cross_USO_state_slope=uptrend + cross_TLT_state_slope=downtrend + state_ext=stretched_down,rolling,4,long,survived,clean_survivor_wf_mixed,69,True,51,True,0.0079467962939895,0.0068695922475682,cross_TLT_state_slope=downtrend + state_ext=stretched_down,0.0018444749099022,0.0001122876618691,1,0001,0.25,8,8,8,8,19.5,survived,survived,survived,survived,survived,survived,survived,survived,10,2.460883825476572,0.0198001726709118,True,True,True,75258,1299.0,True,False,1h-03
7,FBTC,1h,cross_USO_state_ext=stretched_up + cross_TLT_state_slope=downtrend + state_ext=stretched_down,rolling,4,long,survived,clean_survivor_wf_mixed,32,True,48,True,0.0075360696037823,0.0064588655573611,cross_TLT_state_slope=downtrend + state_ext=stretched_down,0.0014337482196951,0.0007704242746622,1,0001,0.25,7,8,7,8,18.25,survived,survived,rejected,survived,survived,survived,survived,survived,20,5.0,0.0237552768490742,True,True,True,75258,2009.0,True,False,1h-03
31,FBTC,1h,cross_USO_state_ext=stretched_up + cross_TLT_state_slope=flat + state_ext=neutral,rolling,4,long,rejected,late_emerging_regime_switching,84,False,88,True,0.0117862765940025,0.0107090725475813,cross_USO_state_ext=stretched_up + state_ext=neutral,0.0068991528293454,0.0002988040882254,3,1011,0.75,1,8,8,8,10.5,rejected,rejected,rejected,rejected,survived,rejected,rejected,rejected,20,5.0,0.0145990456858171,True,True,True,75258,1564.0,True,False,1h-03
32,FBTC,1h,state_volume=vol_quiet + state_ext=stretched_up,rolling,4,short,rejected,late_emerging_regime_switching,142,False,49,True,0.0090279623623862,0.0105051664088074,state_ext=stretched_up,0.0085338272841181,0.0006696597426745,2,0011,0.5,1,8,8,8,10.0,rejected,rejected,rejected,rejected,survived,rejected,rejected,rejected,20,5.0,0.0085203829327264,False,True,True,75258,1929.0,True,False,1h-03
33,FBTC,1h,state_relvol=relvol_quiet + state_ext=stretched_up,rolling,4,short,rejected,late_emerging_regime_switching,142,False,49,True,0.0090279623623862,0.0105051664088074,state_ext=stretched_up,0.0085338272841181,0.0006696597426745,2,0011,0.5,1,8,8,8,10.0,rejected,rejected,rejected,rejected,survived,rejected,rejected,rejected,20,5.0,0.0085203829327264,False,True,True,75258,1930.0,True,False,1h-03
36,FDX,1h,cross_USO_state_ext=stretched_up + cross_TLT_state_slope=flat + state_ext=stretched_down,rolling,4,long,rejected,late_emerging_recent_only,14,False,33,True,0.0146921083840922,0.0148906552258978,cross_TLT_state_slope=flat + state_ext=stretched_down,0.0046261045005917,2.3857119583414743e-05,1,0001,0.25,1,8,8,8,9.5,rejected,rejected,rejected,rejected,survived,rejected,rejected,rejected,20,2.3746613593061774,0.0173384310556248,True,True,,75258,1021.0,True,False,1h-03
37,FDX,1h,cross_USO_state_slope=uptrend + cross_TLT_state_slope=flat + state_ext=stretched_down,rolling,4,long,rejected,late_emerging_recent_only,29,False,35,True,0.0130243279145269,0.0132228747563325,cross_TLT_state_slope=flat + state_ext=stretched_down,0.0029583240310264,0.0007069384180138,1,0001,0.25,1,8,8,8,9.5,rejected,rejected,rejected,rejected,survived,rejected,rejected,rejected,20,3.353793154642171,0.013727329586789,True,True,True,75258,1963.0,True,False,1h-03
4,GILD,1h,cross_USO_state_slope=uptrend + cross_TLT_state_slope=downtrend + state_ext=stretched_down,rolling,4,long,survived,clean_survivor_wf_mixed,20,True,43,True,0.0048429777717818,0.0051044368824796,cross_TLT_state_slope=downtrend + state_ext=stretched_down,0.002756243973779,0.0003965548858519,2,0011,0.5,7,8,8,8,19.0,survived,survived,survived,provisional,survived,survived,survived,survived,20,2.824239752278262,0.0174958829031182,True,True,,75258,1688.0,True,False,1h-03
16,GM,1h,state_volume=vol_surge + state_ext=stretched_down + state_slope=downtrend,rolling,4,long,survived,clean_survivor_wf_mixed,88,True,38,True,0.0113988037967763,0.0114896934504047,state_volume=vol_surge + state_ext=stretched_down,0.0019280785895026,2.4688859419086384e-06,1,0001,0.25,5,8,8,8,16.5,survived,rejected,rejected,rejected,survived,survived,survived,survived,10,2.4846972250718298,0.0101483421065038,True,True,False,75258,782.0,True,False,1h-03
35,HD,1h,cross_TLT_state_slope=uptrend + state_ext=neutral,rolling,4,short,rejected,late_emerging_recent_only,597,False,162,True,0.0058040473259475,0.0047053123398998,cross_TLT_state_slope=uptrend,0.0018983372834843,0.0007559909923615,1,0001,0.25,1,8,8,7,9.25,rejected,rejected,rejected,rejected,survived,rejected,rejected,rejected,20,5.0,0.0044629614788986,True,True,True,75258,1996.0,True,False,1h-04
33,HOOD,1h,state_session=afternoon + state_slope=downtrend + state_vol=mid_vol,rolling,4,long,rejected,late_emerging_recent_only,109,False,74,True,0.0192434890058827,0.016977165254896,state_session=afternoon + state_vol=mid_vol,0.0080003021200807,0.0007883569997484,1,0001,0.25,1,8,8,8,9.5,rejected,rejected,rejected,survived,rejected,rejected,rejected,rejected,20,4.4087019768662365,0.0251618559901792,True,False,True,75258,2016.0,True,False,1h-04
30,HUM,1h,cross_TLT_state_slope=flat + state_ext=stretched_up,rolling,4,long,rejected,late_emerging_regime_switching,222,False,167,True,0.0098471675743366,0.0063683476928443,state_ext=stretched_up,0.0037828113287146,0.0006507241115882,2,0011,0.5,1,8,8,8,10.0,rejected,rejected,rejected,rejected,survived,rejected,rejected,rejected,20,4.555044510977694,0.0139510030314094,True,True,False,75258,1910.0,True,False,1h-04
31,HUM,1h,cross_USO_state_slope=downtrend + cross_TLT_state_slope=flat + state_ext=stretched_up,rolling,4,long,rejected,late_emerging_regime_switching,64,False,57,True,0.0133990035010899,0.0099201836195976,cross_TLT_state_slope=flat + state_ext=stretched_up,0.0035518359267533,9.580778599693752e-05,2,0101,0.5,1,8,8,8,10.0,rejected,rejected,rejected,rejected,survived,rejected,rejected,rejected,20,3.936885521601701,0.0271130710647889,True,True,False,75258,1260.0,True,False,1h-04
1,IBIT,1h,cross_USO_state_slope=uptrend + cross_TLT_state_slope=downtrend + state_ext=stretched_down,rolling,4,long,survived,clean_survivor_wf_mixed,69,True,51,True,0.0080240613357679,0.0069452855957193,cross_TLT_state_slope=downtrend + state_ext=stretched_down,0.0026214844006308,9.795290169378744e-05,1,0001,0.25,8,8,8,8,19.5,survived,survived,survived,survived,survived,survived,survived,survived,10,2.440567149153998,0.0198633213716273,True,True,True,75258,1265.0,True,False,1h-04
24,IBIT,1h,cross_USO_state_ext=stretched_up + cross_TLT_state_slope=flat + state_ext=neutral,rolling,4,long,rejected,late_emerging_regime_switching,84,False,88,True,0.0115701660721255,0.0104913903320769,cross_USO_state_ext=stretched_up + state_ext=neutral,0.0067655351462843,0.0004080815132811,3,1011,0.75,1,8,8,8,10.5,rejected,rejected,rejected,rejected,survived,rejected,rejected,rejected,20,5.0,0.0146919167346027,True,True,True,75258,1695.0,True,False,1h-04
25,IBIT,1h,cross_USO_state_ext=stretched_up + cross_TLT_state_slope=downtrend + state_ext=stretched_down,rolling,4,long,rejected,late_emerging_recent_only,32,False,48,True,0.0076006067737917,0.0065218310337431,cross_TLT_state_slope=downtrend + state_ext=stretched_down,0.0021980298386546,0.0006908508555198,1,0001,0.25,2,8,7,8,10.25,rejected,rejected,rejected,survived,survived,rejected,rejected,rejected,20,4.875320565841656,0.023890956281211,True,True,True,75258,1946.0,True,False,1h-04
2,ICE,1h,state_ext=stretched_up + state_ret_1=ret_down,rolling,4,long,survived,clean_survivor_wf_strong,32,True,29,True,0.0114509550738706,0.0115109180002682,state_ext=stretched_up,0.0074261125410969,0.0001940430416778,3,1011,0.75,7,8,8,8,19.5,survived,survived,rejected,survived,survived,survived,survived,survived,10,2.979060353057399,0.0084822847175744,True,True,True,75258,1428.0,True,False,1h-04
27,ICE,1h,cross_TLT_state_slope=downtrend + state_ext=stretched_down,rolling,4,long,rejected,late_emerging_regime_switching,74,False,28,True,0.0122617043010228,0.0123216672274204,cross_TLT_state_slope=downtrend,0.0110344581741779,4.760143257342976e-08,2,0011,0.5,1,8,8,8,10.0,rejected,rejected,rejected,rejected,survived,rejected,rejected,rejected,20,2.5420594346991794,0.0148510767402949,True,True,True,75258,546.0,True,True,1h-04
29,ICE,1h,cross_USO_state_slope=downtrend + state_ext=stretched_up,rolling,4,long,rejected,late_emerging_regime_switching,86,False,46,True,0.0124164045911906,0.0124763675175881,state_ext=stretched_up,0.0083915620584168,6.702126083535376e-05,2,0011,0.5,1,8,8,8,10.0,rejected,rejected,rejected,rejected,survived,rejected,rejected,rejected,20,3.847630913100138,0.0129830024485778,True,True,True,75258,1183.0,True,False,1h-04
33,KBE,1h,state_session=morning + state_ext=stretched_down + state_slope=downtrend,rolling,4,long,rejected,late_emerging_regime_switching,66,False,34,True,0.0078282125329859,0.0080689256414902,state_session=morning + state_ext=stretched_down,0.0018447486975349,0.0003852943271354,2,0011,0.5,1,8,8,8,10.0,rejected,rejected,rejected,rejected,survived,rejected,rejected,rejected,20,3.837407998100701,0.0083405846458087,True,True,,75258,1674.0,True,False,1h-05
32,KRE,1h,state_session=morning + state_ext=stretched_down + state_slope=downtrend,rolling,4,long,rejected,late_emerging_regime_switching,73,False,34,True,0.0077097245943507,0.0078590985486565,state_session=morning + state_ext=stretched_down,0.0018642819822939,0.0006884002867113,2,0011,0.5,1,8,8,8,10.0,rejected,rejected,rejected,rejected,survived,rejected,rejected,rejected,20,4.0147900323455685,0.0071318230412324,True,True,,75258,1943.0,True,False,1h-05
2,LCID,1h,cross_USO_state_vol=mid_vol + state_ext=neutral,rolling,4,short,survived,clean_survivor_wf_mixed,192,True,55,True,0.023930928884893,0.0217348005913235,cross_USO_state_vol=mid_vol,0.0109670107927149,7.859349123262582e-05,2,0101,0.5,8,8,8,8,20.0,survived,survived,survived,survived,survived,survived,survived,survived,20,3.715045895598141,0.0259921127846419,True,True,True,75258,1223.0,True,False,1h-05
29,LLY,1h,state_ext=neutral + state_slope=downtrend + state_vol=low_vol,rolling,4,short,rejected,late_emerging_regime_switching,123,False,40,True,0.010507947021442,0.0113923559163541,state_slope=downtrend + state_vol=low_vol,0.0057987883910352,4.6597282000515605e-05,2,0011,0.5,1,8,8,8,10.0,rejected,rejected,rejected,rejected,survived,rejected,rejected,rejected,10,4.203087621484865,0.0067879083735334,True,True,True,75258,1126.0,True,False,1h-05
18,LOW,1h,cross_TLT_state_slope=uptrend + state_slope=flat,rolling,4,short,survived,clean_survivor_wf_strong,242,True,75,True,0.0098043954892138,0.0081241848689602,cross_TLT_state_slope=uptrend,0.00401304793591,0.0006804662612147,3,1011,0.75,3,8,8,8,15.5,survived,rejected,rejected,survived,survived,rejected,rejected,rejected,20,4.430279638854406,0.0077009532662735,True,True,True,75258,1938.0,True,False,1h-05
30,LOW,1h,cross_TLT_state_slope=uptrend + state_ext=neutral,rolling,4,short,rejected,late_emerging_regime_switching,574,False,170,True,0.0080446612926559,0.0063644506724023,cross_TLT_state_slope=uptrend,0.0022533137393521,4.251440600677725e-06,2,1001,0.5,1,8,8,8,10.0,rejected,rejected,rejected,rejected,survived,rejected,rejected,rejected,20,5.0,0.0064389033004366,True,True,True,75258,826.0,True,False,1h-05
39,LOW,1h,cross_USO_state_ext=neutral + cross_TLT_state_slope=uptrend + state_ext=neutral,rolling,4,short,rejected,late_emerging_recent_only,376,False,60,True,0.0120402668342803,0.0103600562140266,cross_USO_state_ext=neutral + cross_TLT_state_slope=uptrend,0.0023875128236675,0.0001595089330512,1,0001,0.25,1,8,7,8,9.25,rejected,rejected,rejected,rejected,survived,rejected,rejected,rejected,20,5.0,0.0060586656056769,True,True,True,75258,1384.0,True,False,1h-05
4,MS,1h,state_volume=vol_surge + state_slope=flat,rolling,4,long,survived,clean_survivor_wf_strong,91,True,22,True,0.011842681384896,0.0115696052043187,state_volume=vol_surge,0.010288330954535,5.374012346237578e-11,3,1011,0.75,6,8,8,8,18.5,survived,survived,rejected,rejected,survived,survived,survived,survived,20,5.0,0.0110427677133242,True,True,,75258,352.0,True,True,1h-06
13,MS,1h,state_ext=stretched_up + state_vol=low_vol,rolling,4,long,survived,clean_survivor_wf_mixed,50,True,21,True,0.020552283723462,0.0202792075428847,state_vol=low_vol,0.0183348707929329,7.156735621904886e-07,1,0010,0.25,4,8,8,8,15.5,survived,rejected,rejected,rejected,provisional,survived,survived,survived,20,3.8680857639963824,0.0141245580282293,True,False,,75258,688.0,True,False,1h-06
26,NEE,1h,cross_USO_state_slope=downtrend + state_slope=uptrend,rolling,4,short,rejected,late_emerging_valid_supported,247,False,91,True,0.0054009322591186,0.0048905204870976,cross_USO_state_slope=downtrend,0.0035438481761892,0.0001928195682885,2,1010,0.5,1,8,8,7,9.75,rejected,rejected,rejected,survived,rejected,rejected,rejected,rejected,10,3.9064607132330975,0.005974264010276,True,True,True,75258,1426.0,True,False,1h-06
25,NIO,1h,state_volume=vol_quiet + state_ext=neutral + state_slope=downtrend,rolling,4,short,rejected,late_emerging_regime_switching,46,False,27,True,0.0189532298521926,0.0177653271188789,state_volume=vol_quiet + state_slope=downtrend,0.0102050527826697,8.417323914322594e-05,2,1001,0.5,1,8,8,8,10.0,rejected,rejected,rejected,rejected,survived,rejected,rejected,rejected,10,3.6529060268672606,0.01171591741341,True,True,True,75258,1238.0,True,False,1h-06
2,OIH,1h,state_ext=neutral + state_slope=uptrend + state_vol=high_vol,rolling,4,long,survived,clean_survivor_wf_mixed,145,True,42,True,0.0124896437107776,0.0125520529107645,state_slope=uptrend + state_vol=high_vol,0.0070404333659599,2.912480567829334e-07,2,0101,0.5,7,8,8,8,19.0,survived,survived,rejected,survived,survived,survived,survived,survived,20,3.8690865123277,0.0132859608971733,True,True,True,75258,630.0,True,True,1h-06
10,OXY,1h,state_session=morning + state_slope=downtrend + state_vol=mid_vol,rolling,4,short,survived,clean_survivor_wf_mixed,67,True,56,True,0.0047292394697479,0.0062188542923884,state_session=morning + state_vol=mid_vol,0.0030614609926267,0.0001338981644729,1,0001,0.25,6,8,8,8,17.5,survived,survived,survived,survived,survived,survived,rejected,rejected,5,3.4194980511172743,0.0008113794281916,True,False,True,75258,1344.0,True,False,1h-07
11,PG,1h,cross_TLT_state_slope=uptrend + state_ext=stretched_up,rolling,4,short,survived,clean_survivor_wf_strong,58,True,33,True,0.0127712161758438,0.0126218510231718,state_ext=stretched_up,0.007329593869717,1.0278407134300949e-06,3,1011,0.75,5,8,8,8,17.5,survived,survived,rejected,survived,survived,survived,rejected,rejected,20,2.936484820368511,0.0162231937164136,True,True,,75258,715.0,True,False,1h-07
20,PG,1h,cross_USO_state_slope=downtrend + cross_TLT_state_slope=uptrend + state_ext=stretched_up,rolling,4,short,survived,clean_survivor_wf_mixed,37,True,25,True,0.0131535583975288,0.0130041932448568,cross_TLT_state_slope=uptrend + state_ext=stretched_up,0.0003823422216849,3.5395125036918884e-05,2,1001,0.5,4,8,7,8,15.75,survived,survived,rejected,survived,survived,rejected,rejected,rejected,20,3.011738734253395,0.0186564892194363,True,True,,75258,1087.0,True,False,1h-07
24,PG,1h,cross_USO_state_slope=downtrend + state_ext=stretched_up,rolling,4,short,rejected,late_emerging_regime_switching,76,False,62,True,0.007982244196043,0.007832879043371,state_ext=stretched_up,0.0025406218899162,0.0003741785659083,2,1001,0.5,1,8,8,8,10.0,rejected,rejected,rejected,survived,rejected,rejected,rejected,rejected,20,4.647748233487835,0.0079283692805823,True,True,False,75258,1657.0,True,False,1h-07
25,PG,1h,cross_USO_state_ext=stretched_down + cross_TLT_state_slope=uptrend + state_ext=stretched_up,rolling,4,short,rejected,late_emerging_regime_switching,24,False,27,True,0.0127842739922818,0.0126349088396098,cross_TLT_state_slope=uptrend + state_ext=stretched_up,1.3057816438016498e-05,1.7713276907915798e-05,2,1001,0.5,1,8,7,8,9.75,rejected,rejected,rejected,rejected,survived,rejected,rejected,rejected,20,2.3873103989245203,0.0243676001762866,True,True,,75258,985.0,True,False,1h-07
23,PM,1h,cross_USO_state_ext=stretched_down + cross_TLT_state_slope=downtrend + state_ext=neutral,rolling,4,long,rejected,late_emerging_recent_only,64,False,35,True,0.0057359345191588,0.0057252902588144,cross_USO_state_ext=stretched_down + cross_TLT_state_slope=downtrend,0.0037833328427959,0.0006022943344556,1,0001,0.25,2,8,8,8,10.5,rejected,rejected,rejected,survived,survived,rejected,rejected,rejected,20,3.5657229692733887,0.0108502494927714,True,True,,75258,1869.0,True,False,1h-07
2,SOFI,1h,state_volume=vol_surge + state_slope=flat,rolling,4,short,survived,clean_survivor_wf_mixed,99,True,53,True,0.020773633864261,0.0202686954192899,state_slope=flat,0.0141444989206303,0.0014584190937823,2,0101,0.5,7,8,8,8,19.0,survived,survived,survived,survived,survived,survived,survived,rejected,5,2.409770534222634,0.0140308159147331,True,True,True,75258,2381.0,True,False,1h-08
8,SOFI,1h,state_ext=stretched_down + state_slope=downtrend + state_vol=high_vol,rolling,4,long,survived,clean_survivor_wf_mixed,278,True,103,True,0.0138037438036888,0.01470868224866,state_ext=stretched_down + state_vol=high_vol,0.0016353648765184,2.1230814505113216e-05,2,0011,0.5,6,8,8,8,18.0,survived,survived,rejected,rejected,survived,survived,survived,survived,20,4.317029098474499,0.0234253807414661,True,True,True,75258,1002.0,True,False,1h-08
24,SOFI,1h,state_ext=stretched_down + state_vol=high_vol,rolling,4,long,rejected,late_emerging_regime_switching,325,False,112,True,0.0121683789271704,0.0130733173721416,state_vol=high_vol,0.0078454697757065,0.0006415042970462,2,0011,0.5,1,8,8,8,10.0,rejected,rejected,rejected,rejected,survived,rejected,rejected,rejected,20,4.772976256326032,0.0216199365433209,True,True,True,75258,1907.0,True,False,1h-08
25,SOXX,1h,state_session=lunch + state_volume=vol_surge,rolling,4,long,rejected,late_emerging_regime_switching,169,False,67,True,0.0174122539849593,0.0151509096948787,state_volume=vol_surge,0.007153667766615,7.096595755484714e-09,2,0011,0.5,1,8,8,8,10.0,rejected,rejected,rejected,rejected,survived,rejected,rejected,rejected,20,5.0,0.0114343731438734,True,True,True,75258,479.0,True,True,1h-08
26,SOXX,1h,state_session=lunch + state_slope=uptrend + state_vol=low_vol,rolling,4,long,rejected,late_emerging_valid_supported,73,False,19,True,0.0144058923063042,0.0121445480162236,state_session=lunch + state_vol=low_vol,0.0026358721084548,3.697103583499839e-06,2,0110,0.5,1,8,8,7,9.75,rejected,rejected,rejected,survived,rejected,rejected,rejected,rejected,20,5.0,0.0108190927265097,True,False,False,75258,816.0,True,False,1h-08
13,SPOT,1h,cross_USO_state_slope=uptrend + cross_TLT_state_slope=uptrend + state_ext=stretched_up,rolling,4,short,survived,clean_survivor_wf_mixed,38,True,18,True,0.0063818301162444,0.0070939605947726,cross_USO_state_slope=uptrend + cross_TLT_state_slope=uptrend,0.0004164033211075,0.0005832743577862,2,1010,0.5,6,8,7,8,17.75,survived,survived,survived,survived,provisional,survived,survived,rejected,10,2.3777734066794687,0.0112089755295017,True,True,True,75258,1852.0,True,False,1h-08
4,TGT,1h,state_volume=vol_surge + state_ext=stretched_down,rolling,4,long,survived,clean_survivor_wf_mixed,183,True,31,True,0.0110202555569472,0.0096006658385575,state_volume=vol_surge,0.0071408593309971,0.0006912880212972,1,0001,0.25,7,8,8,8,18.5,survived,survived,rejected,survived,survived,survived,survived,survived,20,3.5672651099323907,0.0114234304702147,True,True,True,75258,1947.0,True,False,1h-08
6,TMO,1h,state_relvol=relvol_elevated + state_ext=stretched_down,rolling,4,long,survived,clean_survivor_wf_mixed,66,True,26,True,0.0094870657420931,0.0084480836149384,state_relvol=relvol_elevated,0.0084943881998766,5.3685406120607126e-08,2,1001,0.5,6,8,8,8,18.0,survived,survived,rejected,rejected,survived,survived,survived,survived,5,2.230794111080468,0.0095240994145766,True,True,True,75258,551.0,True,True,1h-08
9,TMO,1h,state_gap_open=gap_open_flat + state_relvol=relvol_elevated + state_ext=stretched_down,rolling,4,long,survived,clean_survivor_wf_mixed,62,True,25,True,0.0095703616463938,0.0085313795192391,state_relvol=relvol_elevated + state_ext=stretched_down,8.329590430070262e-05,1.0036887410080909e-07,2,1001,0.5,6,8,8,8,18.0,survived,survived,rejected,rejected,survived,survived,survived,survived,5,2.253559385808507,0.0097483077113059,True,True,True,75258,577.0,True,True,1h-08
30,TSM,1h,state_volume=vol_surge + state_ext=stretched_down + state_slope=downtrend,rolling,4,long,rejected,late_emerging_regime_switching,130,False,57,True,0.0136753993605594,0.0127053607068409,state_volume=vol_surge + state_ext=stretched_down,0.0027249479467535,0.0011344136808286,2,0011,0.5,1,8,8,8,10.0,rejected,rejected,rejected,rejected,survived,rejected,rejected,rejected,20,4.36113169023243,0.0251977451720122,True,True,True,75258,2234.0,True,False,1h-09
20,UNG,1h,cross_USO_state_ext=neutral + cross_TLT_state_slope=flat + state_ext=stretched_up,rolling,4,short,survived,clean_survivor_wf_mixed,177,True,27,True,0.0151544749504795,0.0147119993068145,state_ext=stretched_up,0.0088530971383649,0.0004796022094311,2,0101,0.5,4,8,8,7,15.75,survived,survived,rejected,rejected,survived,survived,rejected,rejected,20,5.0,0.0179974963224148,True,True,True,75258,1766.0,True,False,1h-09
29,VLO,1h,state_ext=stretched_down + state_ret_1=ret_down,rolling,4,long,rejected,late_emerging_regime_switching,204,False,86,True,0.0103904161877162,0.0071484178442129,state_ext=stretched_down,0.0040026399567303,0.00012777920363,2,0011,0.5,1,8,8,8,10.0,rejected,rejected,rejected,rejected,survived,rejected,rejected,rejected,20,4.628574487149154,0.0117122930400253,True,True,True,75258,1332.0,True,False,1h-09
31,VLO,1h,state_volume=vol_quiet + state_slope=downtrend,rolling,4,long,rejected,late_emerging_regime_switching,98,False,53,True,0.007255485054466,0.0040134867109627,state_slope=downtrend,0.0025747202053903,0.0004269838480088,2,0011,0.5,1,8,8,8,10.0,rejected,rejected,rejected,rejected,survived,rejected,rejected,rejected,10,3.942163316589133,0.0054052541512479,True,True,True,75258,1713.0,True,False,1h-09
6,VT,1h,cross_TLT_state_slope=downtrend + state_ext=stretched_down,rolling,4,long,survived,clean_survivor_wf_mixed,24,True,20,True,0.0082480364676363,0.0080870419854921,state_ext=stretched_down,0.0034129941706231,4.054568907485567e-05,1,0010,0.25,7,8,8,8,18.5,survived,survived,survived,survived,provisional,survived,survived,survived,20,2.351430598812526,0.0268376685425622,,True,,75258,1106.0,True,False,1h-09
18,XLC,1h,cross_TLT_state_slope=downtrend + state_ext=stretched_down,rolling,4,long,rejected,late_emerging_regime_switching,35,False,23,True,0.0074103554514421,0.0077725487903519,state_ext=stretched_down,0.0041616850611766,3.498326073270164e-10,2,1001,0.5,1,8,8,8,10.0,rejected,rejected,rejected,rejected,survived,rejected,rejected,rejected,20,2.674374911924508,0.028825195556713,True,True,True,75258,401.0,True,True,1h-10
20,XLP,1h,state_volume=vol_quiet + state_slope=uptrend,rolling,4,short,rejected,late_emerging_regime_switching,89,False,76,True,0.004415287831781,0.0042592284445792,state_slope=uptrend,0.0020311596574748,0.0001615367588132,2,0011,0.5,1,8,8,8,10.0,rejected,rejected,rejected,rejected,survived,rejected,rejected,rejected,10,2.9982943344574364,0.0040371404346018,True,True,,75258,1389.0,True,False,1h-10
22,XLP,1h,state_volume=vol_quiet + state_ext=neutral + state_slope=uptrend,rolling,4,short,rejected,late_emerging_regime_switching,81,False,74,True,0.0047819315787663,0.0046258721915645,state_volume=vol_quiet + state_slope=uptrend,0.0003666437469853,3.361157340586729e-05,2,0011,0.5,1,8,8,8,10.0,rejected,rejected,rejected,rejected,survived,rejected,rejected,rejected,10,2.9982943344574364,0.0043123770160431,True,True,,75258,1078.0,True,False,1h-10
5,XLY,1h,state_ext=stretched_down + state_slope=downtrend,rolling,4,long,survived,clean_survivor_wf_mixed,191,True,88,True,0.0055752010029175,0.006043444202014,state_ext=stretched_down,0.0002536866073808,0.0009660921562808,2,0011,0.5,5,8,8,8,17.0,survived,rejected,rejected,rejected,survived,survived,survived,survived,20,4.158955334227106,0.0099825836282747,True,True,True,75258,2136.0,True,False,1h-10
21,XLY,1h,state_ext=stretched_down + state_ret_1=ret_down,rolling,4,long,rejected,late_emerging_regime_switching,126,False,63,True,0.005745925682681,0.0062141688817774,state_ext=stretched_down,0.0004244112871443,0.0007814714854315,2,0011,0.5,1,8,8,8,10.0,rejected,rejected,rejected,rejected,survived,rejected,rejected,rejected,20,4.188730044232226,0.0102333724596938,True,True,True,75258,2013.0,True,False,1h-10
23,XLY,1h,cross_TLT_state_ext=neutral + state_ext=stretched_down,rolling,4,long,rejected,late_emerging_regime_switching,166,False,90,True,0.0054520078560924,0.0059202510551889,state_ext=stretched_down,0.0001304934605557,0.0008850313585968,2,0011,0.5,1,8,7,8,9.75,rejected,rejected,rejected,rejected,survived,rejected,rejected,rejected,20,4.287927707985597,0.0074154923907918,True,True,True,75258,2089.0,True,False,1h-10
19,XRT,1h,state_volume=vol_surge + state_ext=stretched_down,rolling,4,long,rejected,late_emerging_regime_switching,107,False,51,True,0.006357466245428,0.0067034491797424,state_ext=stretched_down,0.0036094001539179,0.0006789519152494,2,0011,0.5,1,8,8,8,10.0,rejected,rejected,rejected,rejected,survived,rejected,rejected,rejected,20,4.603886265951598,0.0073158520328973,True,True,True,75258,1937.0,True,False,1h-10
25,XRT,1h,state_relvol=relvol_elevated + state_ext=stretched_down,rolling,4,long,rejected,late_emerging_recent_only,54,False,28,True,0.0073968994320449,0.0077428823663594,state_ext=stretched_down,0.0046488333405348,2.527435840393721e-05,1,0001,0.25,1,8,8,8,9.5,rejected,rejected,rejected,rejected,survived,rejected,rejected,rejected,20,4.492323873552363,0.0085526084763324,True,True,True,75258,1030.0,True,False,1h-10
28,ABT,15m,state_ext=stretched_up + state_ret_1=ret_down,rolling,4,short,rejected,late_emerging_regime_switching,14,False,29,True,0.0055391395773448,0.0060347242620243,state_ext=stretched_up,0.0028770360697337,2.6363422229724875e-06,2,0011,0.5,1,8,8,8,10.0,rejected,rejected,rejected,rejected,survived,rejected,rejected,rejected,10,1.566984678380584,0.0042174653643549,,True,True,67697,777.0,True,False,15m-00
29,ABT,15m,cross_USO_state_vol=high_vol + state_ext=stretched_up,rolling,4,short,rejected,late_emerging_regime_switching,46,False,31,True,0.0052803793820383,0.0057759640667178,state_ext=stretched_up,0.0026182758744273,0.0001970787272924,2,0011,0.5,1,8,8,8,10.0,rejected,rejected,rejected,rejected,survived,rejected,rejected,rejected,10,1.9102520555381528,0.0032319302702467,,True,False,67697,1445.0,True,False,15m-00
30,ABT,15m,cross_TLT_state_vol=high_vol + state_ext=stretched_up,rolling,4,short,rejected,late_emerging_regime_switching,29,False,45,True,0.0047894306746999,0.0052850153593794,state_ext=stretched_up,0.0021273271670888,0.0003449138000923,2,0011,0.5,1,8,8,8,10.0,rejected,rejected,rejected,rejected,survived,rejected,rejected,rejected,10,1.6969297248497974,0.0055121400988494,,True,True,67697,1588.0,True,False,15m-00
31,ABT,15m,state_session=morning + state_ext=stretched_up + state_slope=uptrend,rolling,4,short,rejected,late_emerging_regime_switching,43,False,91,True,0.0037126834357559,0.0042082681204354,state_ext=stretched_up + state_slope=uptrend,0.000587314665111,7.86812013315874e-05,2,0011,0.5,1,8,8,7,9.75,rejected,rejected,rejected,rejected,survived,rejected,rejected,rejected,10,2.011627906976724,0.0034641557284082,True,True,True,67697,1226.0,True,False,15m-00
32,ABT,15m,state_volume=vol_surge + state_ext=stretched_up + state_slope=uptrend,rolling,4,short,rejected,late_emerging_regime_switching,38,False,65,True,0.0039532834202878,0.0044488681049673,state_volume=vol_surge + state_ext=stretched_up,0.0005475740038902,0.0002533848818406,2,0011,0.5,1,8,8,7,9.75,rejected,rejected,rejected,rejected,survived,rejected,rejected,rejected,10,1.7859337764307188,0.0045213715624213,True,True,True,67697,1490.0,True,False,15m-00
33,ABT,15m,state_ext=stretched_up + state_slope=uptrend,rolling,4,short,rejected,late_emerging_regime_switching,68,False,113,True,0.0031253687706449,0.0036209534553243,state_ext=stretched_up,0.0004632652630338,0.0003422005857027,2,0011,0.5,1,8,8,7,9.75,rejected,rejected,rejected,rejected,survived,rejected,rejected,rejected,10,2.011627906976724,0.0034641557284082,True,True,True,67697,1583.0,True,False,15m-00
34,ABT,15m,state_session=morning + state_ext=stretched_up,rolling,4,short,rejected,late_emerging_regime_switching,46,False,95,True,0.0031174066522254,0.0036129913369049,state_ext=stretched_up,0.0004553031446143,0.0012909562220553,2,0011,0.5,1,8,8,7,9.75,rejected,rejected,rejected,rejected,survived,rejected,rejected,rejected,10,2.0792862592383785,0.003418710297969,True,True,True,67697,2121.0,True,False,15m-00
35,ABT,15m,state_ext=stretched_up + state_slope=uptrend + state_vol=high_vol,rolling,4,short,rejected,late_emerging_regime_switching,48,False,109,True,0.0031582327711401,0.0036538174558196,state_ext=stretched_up + state_slope=uptrend,3.2864000495290945e-05,0.0004837376470874,2,0011,0.5,1,8,8,7,9.75,rejected,rejected,rejected,rejected,survived,rejected,rejected,rejected,10,1.9989640845878365,0.0039207885341184,,True,True,67697,1683.0,True,False,15m-00
36,ABT,15m,cross_USO_state_slope=uptrend + state_ext=stretched_up,rolling,4,short,rejected,late_emerging_recent_only,17,False,26,True,0.006647878962885,0.0071434636475645,state_ext=stretched_up,0.003985775455274,6.205625178168361e-07,1,0001,0.25,1,8,8,8,9.5,rejected,rejected,rejected,rejected,survived,rejected,rejected,rejected,10,1.630656010805002,0.0059477843182772,,True,False,67697,674.0,True,True,15m-00
27,ARKG,15m,cross_USO_state_ext=neutral + cross_TLT_state_slope=downtrend + state_ext=stretched_up,rolling,4,short,rejected,late_emerging_regime_switching,79,False,54,True,0.0058638541759551,0.0071189363755668,cross_TLT_state_slope=downtrend + state_ext=stretched_up,0.0015847006368538,0.0005395713593956,3,1011,0.75,1,8,8,8,10.5,rejected,rejected,rejected,rejected,survived,rejected,rejected,rejected,20,2.748188265635074,0.0072008559671595,True,True,,67697,1733.0,True,False,15m-00
17,AVGO,15m,cross_TLT_state_slope=uptrend + state_ext=stretched_down,rolling,4,long,rejected,late_emerging_regime_switching,124,False,71,True,0.0070947848723496,0.0077611463713409,state_ext=stretched_down,0.004431891159923,0.0004601974785147,2,0101,0.5,1,8,8,8,10.0,rejected,rejected,rejected,rejected,survived,rejected,rejected,rejected,20,3.5275328591592268,0.014707766456864,True,True,,67697,1667.0,True,False,15m-01
9,BITO,15m,state_session=afternoon + state_slope=uptrend + state_vol=mid_vol,rolling,4,short,survived,clean_survivor_wf_strong,211,True,61,True,0.0073546596349042,0.0079659381630883,state_slope=uptrend + state_vol=mid_vol,0.0055954460556444,0.0001059143248156,3,0111,0.75,2,8,8,8,14.5,survived,rejected,rejected,rejected,survived,rejected,rejected,rejected,20,5.0,0.003384061274558,True,False,True,67697,1304.0,True,False,15m-01
21,BSX,15m,state_session=afternoon + state_vol=high_vol,rolling,4,short,rejected,late_emerging_regime_switching,709,False,289,True,0.0029326422226781,0.0029439816967202,state_vol=high_vol,0.0022925146356255,0.0001154790935387,2,0011,0.5,1,8,8,7,9.75,rejected,rejected,rejected,rejected,survived,rejected,rejected,rejected,20,5.0,0.0030072635401989,True,True,True,67697,1321.0,True,False,15m-01
24,CAT,15m,cross_USO_state_slope=downtrend + cross_TLT_state_slope=uptrend + state_ext=stretched_down,rolling,4,long,rejected,late_emerging_recent_only,39,False,33,True,0.0064299620326378,0.0066004958655794,cross_TLT_state_slope=uptrend + state_ext=stretched_down,0.0031529008665584,0.0002580043105284,1,0001,0.25,1,8,8,8,9.5,rejected,rejected,rejected,rejected,survived,rejected,rejected,rejected,5,2.0929817605126155,0.0044603164176277,True,True,,67697,1495.0,True,False,15m-01
25,CBOE,15m,cross_TLT_state_vol=high_vol + state_ext=stretched_down,rolling,4,long,rejected,late_emerging_recent_only,68,False,42,True,0.0044819644662206,0.0046723891045769,cross_TLT_state_vol=high_vol,0.0049538195919541,0.0002096656408392,1,0001,0.25,1,8,8,7,9.25,rejected,rejected,rejected,rejected,survived,rejected,rejected,rejected,5,2.1733375124672785,0.0032083819049855,True,True,,67697,1457.0,True,False,15m-01
23,CL,15m,cross_USO_state_ext=neutral + cross_TLT_state_slope=downtrend + state_ext=stretched_up,rolling,4,long,rejected,late_emerging_valid_supported,24,False,21,True,0.0048032390253385,0.0050622841926352,cross_TLT_state_slope=downtrend + state_ext=stretched_up,0.0015585432866079,2.8518331953053533e-05,2,1010,0.5,1,8,7,7,9.5,rejected,rejected,rejected,survived,rejected,rejected,rejected,rejected,10,1.5732046532339532,0.0070641773542435,True,True,,67697,1062.0,True,False,15m-01
5,CRM,15m,cross_USO_state_ext=stretched_down + state_ext=neutral,rolling,4,short,survived,clean_survivor_wf_strong,330,True,174,True,0.0033140714401224,0.0038802963046177,cross_USO_state_ext=stretched_down,0.0016517123487679,0.000489262266019,3,0111,0.75,4,8,8,7,16.25,survived,survived,rejected,survived,survived,rejected,rejected,rejected,20,5.0,0.0069059302676301,True,False,True,67697,1684.0,True,False,15m-02
14,DKNG,15m,state_session=afternoon + state_slope=downtrend + state_vol=high_vol,rolling,4,short,rejected,late_emerging_regime_switching,194,False,90,True,0.0069611496820803,0.0065144882607923,state_session=afternoon + state_vol=high_vol,0.0040285001052009,0.0014138813169437,2,0011,0.5,1,8,8,8,10.0,rejected,rejected,rejected,rejected,survived,rejected,rejected,rejected,20,5.0,0.0038297649640956,False,True,True,67697,2178.0,True,False,15m-02
3,ETN,15m,cross_USO_state_ext=stretched_down + cross_TLT_state_slope=uptrend + state_ext=stretched_down,rolling,4,long,survived,clean_survivor_wf_mixed,18,True,19,True,0.0052303939183086,0.0051674562980398,cross_TLT_state_slope=uptrend + state_ext=stretched_down,0.0020558553454257,0.0001448126886094,1,0001,0.25,7,8,7,8,18.25,survived,survived,survived,provisional,survived,survived,survived,survived,10,1.5,0.0100774481202717,True,True,,67697,1372.0,True,False,15m-03
1,GE,15m,cross_USO_state_ext=stretched_up + cross_TLT_state_slope=uptrend + state_ext=neutral,rolling,4,short,survived,clean_survivor_wf_strong,35,True,20,True,0.0069275420908506,0.0070701895648917,cross_USO_state_ext=stretched_up + cross_TLT_state_slope=uptrend,0.001514150772188,0.0004680042766638,3,1101,0.75,7,8,8,8,19.5,survived,survived,survived,survived,survived,survived,survived,rejected,10,1.5,0.0077859072794943,True,True,,67697,1672.0,True,False,15m-03
13,IBIT,15m,state_session=afternoon + state_slope=uptrend + state_vol=mid_vol,rolling,4,short,survived,clean_survivor_wf_mixed,213,True,72,True,0.0058977339634138,0.0065330214780709,state_session=afternoon + state_vol=mid_vol,0.004109584202938,0.0005679771578241,2,0110,0.5,2,8,8,7,13.75,survived,survived,rejected,rejected,rejected,rejected,rejected,rejected,20,5.0,0.0029562994033078,True,False,True,67697,1753.0,True,False,15m-04
3,ISRG,15m,cross_USO_state_ext=stretched_up + cross_TLT_state_slope=flat + state_ext=stretched_down,rolling,4,short,survived,clean_survivor_wf_mixed,22,True,15,True,0.0099576138043051,0.0100999646443877,cross_USO_state_ext=stretched_up + state_ext=stretched_down,0.0043050415742996,7.882688177751618e-06,1,0100,0.25,6,8,8,8,17.5,survived,survived,survived,survived,provisional,survived,survived,rejected,20,2.415349835500544,0.0111536845211766,,True,True,67697,885.0,True,False,15m-04
2,ITA,15m,cross_USO_state_ext=stretched_up + cross_TLT_state_slope=uptrend + state_ext=neutral,rolling,4,short,survived,clean_survivor_wf_mixed,45,True,24,True,0.0045026199608867,0.0045075381806879,cross_USO_state_ext=stretched_up + cross_TLT_state_slope=uptrend,0.0001397067770223,0.0007745828449761,2,0101,0.5,6,8,7,7,17.5,survived,survived,survived,survived,survived,survived,rejected,rejected,10,1.5,0.005057865059739,True,True,,67697,1891.0,True,False,15m-04
16,IYR,15m,state_session=morning + state_slope=flat + state_vol=low_vol,rolling,4,short,survived,clean_survivor_wf_mixed,151,True,77,True,0.001465921769741,0.0015611620772574,state_session=morning + state_slope=flat,0.0004974695744564,0.0015301967741423,1,0001,0.25,2,8,8,5,12.75,survived,rejected,rejected,rejected,survived,rejected,rejected,rejected,20,5.0,0.0008462204077168,True,True,,67697,2213.0,True,False,15m-04
1,LCID,15m,cross_TLT_state_vol=low_vol + state_ext=stretched_down,rolling,4,short,survived,clean_survivor_wf_mixed,371,True,191,True,0.0086200844837626,0.0086113373173959,cross_TLT_state_vol=low_vol,0.0086804347098054,0.0007471687313143,2,1001,0.5,6,8,8,8,18.0,survived,survived,survived,survived,survived,survived,rejected,rejected,20,5.0,0.0091627204508543,,True,True,67697,1874.0,True,False,15m-05
4,LNG,15m,cross_TLT_state_vol=high_vol + state_ext=stretched_down,rolling,4,long,survived,clean_survivor_wf_mixed,112,True,25,True,0.0093693243907387,0.0091633508246946,state_ext=stretched_down,0.0060929194108393,0.0003031893657627,1,0001,0.25,6,8,8,8,17.5,survived,rejected,rejected,survived,survived,survived,survived,survived,20,3.2898214746241483,0.0044575676542197,True,True,True,67697,1534.0,True,False,15m-05
26,MCD,15m,state_relvol=relvol_normal + state_ext=stretched_up,rolling,4,short,rejected,late_emerging_recent_only,10,False,31,True,0.0036918327976991,0.0035557180211186,state_ext=stretched_up,0.0005034963430433,0.0007110097104874,1,0001,0.25,1,8,8,7,9.25,rejected,rejected,rejected,rejected,survived,rejected,rejected,rejected,10,1.5,0.0054587181305787,True,True,True,67697,1854.0,True,False,15m-05
21,MDT,15m,cross_TLT_state_slope=uptrend + state_ext=stretched_up,rolling,4,short,rejected,late_emerging_regime_switching,8,False,31,True,0.0061296830532744,0.0067134914770624,state_ext=stretched_up,0.0037927540625011,4.9482500139586e-06,2,0011,0.5,1,8,8,8,10.0,rejected,rejected,rejected,rejected,survived,rejected,rejected,rejected,10,1.5,0.0064536216093786,False,True,,67697,837.0,True,False,15m-05
22,MDT,15m,state_relvol=relvol_elevated + state_ext=stretched_up,rolling,4,short,rejected,late_emerging_regime_switching,33,False,36,True,0.005224472026724,0.005808280450512,state_ext=stretched_up,0.0028875430359506,0.0001613765205878,2,0011,0.5,1,8,8,8,10.0,rejected,rejected,rejected,rejected,survived,rejected,rejected,rejected,10,1.5,0.0046049745798838,True,True,True,67697,1399.0,True,False,15m-05
23,MDT,15m,state_gap_open=gap_open_flat + state_relvol=relvol_elevated + state_ext=stretched_up,rolling,4,short,rejected,late_emerging_regime_switching,33,False,33,True,0.0055878501738422,0.0061716585976302,state_relvol=relvol_elevated + state_ext=stretched_up,0.0003633781471181,7.299408725880419e-05,2,0011,0.5,1,8,7,8,9.75,rejected,rejected,rejected,rejected,survived,rejected,rejected,rejected,10,1.5,0.0045176108593781,True,True,True,67697,1217.0,True,False,15m-05
24,MDT,15m,state_session=lunch + state_slope=uptrend + state_vol=mid_vol,rolling,4,short,rejected,late_emerging_regime_switching,186,False,103,True,0.0013187998461766,0.0019026082699645,state_session=lunch + state_slope=uptrend,0.0003387155332421,0.0004709296334275,3,0111,0.75,1,8,7,5,9.5,rejected,rejected,rejected,rejected,survived,rejected,rejected,rejected,20,5.0,0.0015479000211845,False,True,True,67697,1673.0,True,False,15m-05
4,MPC,15m,state_session=morning + state_ext=stretched_down,rolling,4,long,survived,clean_survivor_wf_mixed,126,True,65,True,0.0075507294170893,0.0065972538803679,state_ext=stretched_down,0.0026295341736777,6.201954301232604e-07,1,0001,0.25,7,8,8,8,18.5,survived,survived,rejected,survived,survived,survived,survived,survived,20,4.589592641504596,0.0058814592343672,True,True,,67697,672.0,True,True,15m-06
8,MPC,15m,state_volume=vol_surge + state_ext=stretched_down,rolling,4,long,survived,clean_survivor_wf_mixed,128,True,57,True,0.0060597743084994,0.005106298771778,state_ext=stretched_down,0.0011385790650878,0.0006873904661381,1,0001,0.25,6,8,8,8,17.5,survived,rejected,rejected,survived,survived,survived,survived,survived,20,4.352964415635994,0.0087766217177655,True,True,,67697,1839.0,True,False,15m-06
20,MPC,15m,state_volume=vol_surge + state_slope=downtrend,rolling,4,long,rejected,late_emerging_regime_switching,579,False,225,True,0.0028646231960542,0.0019111476593327,state_slope=downtrend,0.0010480746477183,0.0009017887803486,2,1001,0.5,1,8,8,8,10.0,rejected,rejected,rejected,rejected,survived,rejected,rejected,rejected,20,5.0,0.004693987474525,True,True,,67697,1958.0,True,False,15m-06
21,MPC,15m,state_session=morning + state_ret_5=ret_down,rolling,4,long,rejected,late_emerging_recent_only,631,False,233,True,0.0031321244133464,0.002178648876625,state_ret_5=ret_down,0.0014641115673781,0.0011603964143094,1,0001,0.25,1,8,8,8,9.5,rejected,rejected,rejected,rejected,survived,rejected,rejected,rejected,20,5.0,0.003535784465514,True,True,,67697,2073.0,True,False,15m-06
2,MSFT,15m,state_ext=stretched_up + state_ret_1=ret_down,rolling,4,long,survived,clean_survivor_wf_mixed,38,True,32,True,0.0034700920920104,0.0033699535021609,state_ext=stretched_up,0.0022186079893058,0.0009415587404364,2,0011,0.5,7,8,8,8,19.0,survived,survived,survived,rejected,survived,survived,survived,survived,20,3.503389346598916,0.0054800430475767,False,True,True,67697,1976.0,True,False,15m-06
4,PSX,15m,state_session=morning + state_ext=stretched_down,rolling,4,long,survived,clean_survivor_wf_mixed,132,True,57,True,0.0058418278537426,0.005138034566035,state_ext=stretched_down,0.0016357034897758,3.354332199956289e-05,2,0011,0.5,6,8,8,8,18.0,survived,survived,rejected,rejected,survived,survived,survived,survived,20,5.0,0.0039023214086875,True,False,,67697,1083.0,True,False,15m-07
5,PSX,15m,state_ext=stretched_down + state_ret_5=ret_down,rolling,4,long,survived,clean_survivor_wf_mixed,204,True,84,True,0.0045929432406745,0.0038891499529668,state_ext=stretched_down,0.0003868188767076,5.328081752731251e-05,2,0011,0.5,6,8,8,8,18.0,survived,survived,rejected,rejected,survived,survived,survived,survived,20,4.819064769848604,0.0053307026887637,True,False,,67697,1172.0,True,False,15m-07
25,PSX,15m,state_ext=stretched_down + state_vol=high_vol,rolling,4,long,rejected,late_emerging_regime_switching,187,False,57,True,0.0053562818773464,0.0046524885896388,state_ext=stretched_down,0.0011501575133796,0.0001502651150091,2,0011,0.5,1,8,8,8,10.0,rejected,rejected,rejected,rejected,survived,rejected,rejected,rejected,20,5.0,0.003095260228743,True,False,,67697,1382.0,True,False,15m-07
26,PSX,15m,state_ext=stretched_down + state_ret_1=ret_down,rolling,4,long,rejected,late_emerging_regime_switching,148,False,67,True,0.0045944930514284,0.0038906997637207,state_ext=stretched_down,0.0003883686874615,3.6401689070375554e-05,2,0011,0.5,1,8,7,8,9.75,rejected,rejected,rejected,rejected,survived,rejected,rejected,rejected,20,4.914795087313428,0.0042555075434646,True,False,,67697,1100.0,True,False,15m-07
7,SBUX,15m,cross_USO_state_vol=mid_vol + state_ext=stretched_down,rolling,4,long,survived,clean_survivor_wf_mixed,31,True,16,True,0.0059246492628234,0.0061402294889499,state_ext=stretched_down,0.003418768624212,0.0002508379915062,1,0001,0.25,6,8,8,8,17.5,survived,rejected,rejected,survived,survived,survived,survived,survived,5,1.54604601482496,0.0035802157456274,True,True,True,67697,1486.0,True,False,15m-07
6,SHW,15m,state_relvol=relvol_normal + state_ext=stretched_down,rolling,4,long,rejected,late_emerging_regime_switching,86,False,37,True,0.0052439470781045,0.0052305154623466,state_ext=stretched_down,0.0011582136080185,3.499026441611264e-05,2,0101,0.5,1,8,8,8,10.0,rejected,rejected,rejected,survived,rejected,rejected,rejected,rejected,20,3.816022840372269,0.0028357009666568,False,True,True,67697,1095.0,True,False,15m-08
8,SHW,15m,cross_USO_state_ext=stretched_up + cross_TLT_state_slope=uptrend + state_ext=neutral,rolling,4,short,rejected,late_emerging_recent_only,50,False,28,True,0.0058051843872647,0.0062186160030226,cross_USO_state_ext=stretched_up + cross_TLT_state_slope=uptrend,0.000366329278507,6.295768351094464e-10,1,0001,0.25,1,8,8,8,9.5,rejected,rejected,rejected,rejected,survived,rejected,rejected,rejected,20,3.217365816627489,0.0069582592407335,,True,True,67697,390.0,True,True,15m-08
4,SOXX,15m,cross_USO_state_ext=stretched_down + state_ext=stretched_up,rolling,4,long,rejected,late_emerging_regime_switching,118,False,98,True,0.0037849512543941,0.0038079854770044,state_ext=stretched_up,0.0028783624361665,0.000349681193231,2,0011,0.5,1,8,8,8,10.0,rejected,rejected,rejected,rejected,survived,rejected,rejected,rejected,20,3.326407006306932,0.0060199294550726,True,True,,67697,1597.0,True,False,15m-08
5,SOXX,15m,cross_USO_state_ext=stretched_down + cross_TLT_state_slope=uptrend + state_ext=stretched_up,rolling,4,long,rejected,late_emerging_regime_switching,74,False,71,True,0.0051581728382381,0.0051812070608483,cross_USO_state_ext=stretched_down + state_ext=stretched_up,0.0013732215838439,2.672577938023224e-05,2,0011,0.5,1,8,8,8,10.0,rejected,rejected,rejected,rejected,survived,rejected,rejected,rejected,20,3.078866622834529,0.0084592164568238,True,True,,67697,1050.0,True,False,15m-08
1,URA,15m,state_ext=stretched_up + state_slope=uptrend + state_vol=mid_vol,rolling,4,long,survived,clean_survivor_wf_strong,209,True,86,True,0.0042471470914643,0.0049017255302591,state_ext=stretched_up + state_vol=mid_vol,0.0007690032707981,0.0014335415047677,3,1011,0.75,8,8,8,8,20.5,survived,survived,survived,survived,survived,survived,survived,survived,10,3.3100875430288843,0.0059156464652977,True,True,True,67697,2184.0,True,False,15m-09
34,URA,15m,cross_TLT_state_slope=uptrend + state_ext=stretched_up,rolling,4,long,rejected,late_emerging_regime_switching,249,False,138,True,0.0032222993821341,0.0038768778209289,state_ext=stretched_up,0.0019573686227861,0.0015974948724282,2,0011,0.5,1,8,8,8,10.0,rejected,rejected,rejected,rejected,survived,rejected,rejected,rejected,10,2.433049889648081,0.0050375116763722,True,True,True,67697,2237.0,True,False,15m-09
36,URA,15m,cross_USO_state_slope=downtrend + cross_TLT_state_slope=uptrend + state_ext=stretched_up,rolling,4,long,rejected,late_emerging_regime_switching,152,False,98,True,0.004818838912132,0.0054734173509268,cross_USO_state_slope=downtrend + state_ext=stretched_up,0.0013666361046643,2.823972041765544e-05,2,0011,0.5,1,8,8,8,10.0,rejected,rejected,rejected,rejected,survived,rejected,rejected,rejected,10,2.439071648461914,0.0063188083870562,True,True,True,67697,1060.0,True,False,15m-09
2,VLO,15m,state_session=morning + state_ext=stretched_down,rolling,4,long,survived,clean_survivor_wf_mixed,163,True,82,True,0.0079015992278268,0.0069753115387676,state_ext=stretched_down,0.0010512286665779,1.6114833521596594e-05,2,0011,0.5,8,8,8,8,20.0,survived,survived,survived,survived,survived,survived,survived,survived,20,3.3566483740381097,0.0100592295433467,True,True,,67697,984.0,True,False,15m-09
3,VLO,15m,state_session=morning + state_ext=stretched_down + state_slope=downtrend,rolling,4,long,survived,clean_survivor_wf_mixed,149,True,75,True,0.0081074218751449,0.0071811341860857,state_session=morning + state_ext=stretched_down,0.0002058226473181,2.3720766502144382e-05,2,0011,0.5,8,8,7,8,19.75,survived,survived,survived,survived,survived,survived,survived,survived,20,3.325186605325621,0.0103800543839514,True,True,,67697,1038.0,True,False,15m-09
5,VLO,15m,state_ext=stretched_down + state_ret_5=ret_down,rolling,4,long,survived,clean_survivor_wf_mixed,265,True,119,True,0.0072067646650725,0.0062804769760133,state_ext=stretched_down,0.0003563941038236,3.5956918582602526e-05,2,0011,0.5,7,8,8,8,19.0,survived,survived,rejected,survived,survived,survived,survived,survived,20,3.331017671112701,0.01028491925916,True,True,,67697,1098.0,True,False,15m-09
6,VLO,15m,state_ext=stretched_down + state_slope=downtrend,rolling,4,long,survived,clean_survivor_wf_mixed,288,True,133,True,0.0068867641586914,0.0059604764696322,state_ext=stretched_down,3.639359744248959e-05,1.0651846384490682e-05,2,0011,0.5,7,8,6,8,18.5,survived,survived,rejected,survived,survived,survived,survived,survived,20,3.325186605325621,0.0103800543839514,True,True,,67697,922.0,True,False,15m-09
7,VLO,15m,state_volume=vol_quiet + state_ext=stretched_down,rolling,4,long,survived,clean_survivor_wf_mixed,50,True,26,True,0.0092882819296712,0.008361994240612,state_ext=stretched_down,0.0024379113684223,0.0001026030527577,1,0100,0.25,7,8,8,8,18.5,survived,survived,survived,survived,provisional,survived,survived,survived,20,2.914050988688346,0.008242056878736,True,True,,67697,1299.0,True,False,15m-09
8,VLO,15m,state_relvol=relvol_quiet + state_ext=stretched_down,rolling,4,long,survived,clean_survivor_wf_mixed,50,True,26,True,0.0092882819296712,0.008361994240612,state_ext=stretched_down,0.0024379113684223,0.0001026030527577,1,0100,0.25,7,8,8,8,18.5,survived,survived,survived,survived,provisional,survived,survived,survived,20,2.914050988688346,0.008242056878736,True,True,,67697,1300.0,True,False,15m-09
12,VLO,15m,cross_USO_state_ext=stretched_down + cross_TLT_state_slope=uptrend + state_ext=stretched_down,rolling,4,long,survived,clean_survivor_wf_mixed,93,True,31,True,0.007942011893067,0.0070157242040078,cross_USO_state_ext=stretched_down + state_ext=stretched_down,0.0005967834849337,0.0015549828964729,1,0100,0.25,6,8,7,8,17.25,survived,survived,rejected,survived,provisional,survived,survived,survived,10,2.1792600668405515,0.0066548591472575,True,True,,67697,2224.0,True,False,15m-09
16,VLO,15m,state_volume=vol_surge + state_slope=downtrend,rolling,4,long,survived,clean_survivor_wf_mixed,564,True,237,True,0.0029060654253104,0.0019797777362512,state_slope=downtrend,0.0001896602379124,0.0014699115135412,2,1001,0.5,5,8,8,8,17.0,survived,rejected,rejected,rejected,survived,survived,survived,survived,20,5.0,0.007629970555989,True,True,,67697,2198.0,True,False,15m-09
17,VLO,15m,state_ext=stretched_down + state_slope=downtrend + state_vol=high_vol,rolling,4,long,survived,clean_survivor_wf_mixed,224,True,92,True,0.0075850436497118,0.0066587559606526,state_ext=stretched_down + state_vol=high_vol,0.0001071773316755,7.457818988365616e-06,2,0011,0.5,5,8,6,8,16.5,survived,rejected,rejected,rejected,survived,survived,survived,survived,20,3.358266245730072,0.0079063579152059,True,True,,67697,876.0,True,False,15m-09
35,VLO,15m,cross_USO_state_slope=downtrend + state_ext=stretched_down,rolling,4,long,rejected,late_emerging_regime_switching,192,False,81,True,0.0083048463040911,0.0073785586150319,state_ext=stretched_down,0.0014544757428422,4.406025836178884e-06,2,0011,0.5,1,8,8,8,10.0,rejected,rejected,rejected,rejected,survived,rejected,rejected,rejected,20,3.531871917633391,0.0087106216570188,True,True,,67697,825.0,True,False,15m-09
37,VLO,15m,cross_USO_state_ext=neutral + cross_TLT_state_slope=downtrend + state_ext=stretched_down,rolling,4,long,rejected,late_emerging_regime_switching,35,False,25,True,0.0091397353991754,0.0082134477101162,cross_TLT_state_slope=downtrend + state_ext=stretched_down,0.0009913691940432,9.247447252391794e-11,2,0011,0.5,1,8,8,8,10.0,rejected,rejected,rejected,rejected,survived,rejected,rejected,rejected,20,2.392979451555225,0.0174706001757085,True,,,67697,348.0,True,True,15m-09
38,VLO,15m,cross_TLT_state_vol=mid_vol + state_ext=stretched_down,rolling,4,long,rejected,late_emerging_regime_switching,64,False,62,True,0.0077344089914075,0.0068081213023483,state_ext=stretched_down,0.0008840384301586,5.901123193519098e-05,2,0011,0.5,1,8,8,8,10.0,rejected,rejected,rejected,rejected,survived,rejected,rejected,rejected,20,3.001729149693732,0.010762884256453,True,True,,67697,1185.0,True,False,15m-09
39,VLO,15m,state_ext=stretched_down + state_vol=high_vol,rolling,4,long,rejected,late_emerging_regime_switching,241,False,100,True,0.0074778663180362,0.0065515786289771,state_ext=stretched_down,0.0006274957567873,1.194604513754527e-05,2,0011,0.5,1,8,8,8,10.0,rejected,rejected,rejected,rejected,survived,rejected,rejected,rejected,20,3.414638047621376,0.0076610896662345,True,True,,67697,944.0,True,False,15m-09
40,VLO,15m,state_ext=stretched_down + state_ret_1=ret_down,rolling,4,long,rejected,late_emerging_regime_switching,191,False,85,True,0.0071332736853998,0.0062069859963406,state_ext=stretched_down,0.0002829031241509,1.2261545175640263e-05,2,0011,0.5,1,8,8,8,10.0,rejected,rejected,rejected,rejected,survived,rejected,rejected,rejected,20,3.329351652316393,0.0100902170434117,True,True,,67697,951.0,True,False,15m-09
42,VLO,15m,cross_USO_state_vol=high_vol + state_ext=stretched_down,rolling,4,long,rejected,late_emerging_regime_switching,230,False,84,True,0.0069785938292243,0.0060523061401651,state_ext=stretched_down,0.0001282232679754,3.40602870863016e-05,2,0011,0.5,1,8,7,8,9.75,rejected,rejected,rejected,rejected,survived,rejected,rejected,rejected,20,3.371498101891851,0.0095165712512621,True,True,,67697,1092.0,True,False,15m-09
43,VLO,15m,cross_USO_state_ext=neutral + state_ext=stretched_down,rolling,4,long,rejected,late_emerging_regime_switching,164,False,82,True,0.0069152200653352,0.005988932376276,state_ext=stretched_down,6.484950408633047e-05,0.0002516273252308,2,0011,0.5,1,8,7,8,9.75,rejected,rejected,rejected,rejected,survived,rejected,rejected,rejected,20,3.0038329233923715,0.0116990399185949,True,False,,67697,1489.0,True,False,15m-09
8,XLRE,15m,state_session=morning + state_slope=flat + state_vol=low_vol,rolling,4,short,rejected,late_emerging_regime_switching,154,False,72,True,0.0015249449652919,0.0016290696098824,state_session=morning + state_slope=flat,0.0004441209187324,0.0002326465871598,2,0011,0.5,1,8,8,5,9.25,rejected,rejected,rejected,rejected,survived,rejected,rejected,rejected,20,5.0,0.0006464792588043,True,True,,67697,1477.0,True,False,15m-10
16,XLV,15m,state_ext=stretched_up + state_slope=uptrend,rolling,4,short,rejected,late_emerging_recent_only,17,False,53,True,0.0017753754996806,0.002262739659287,state_ext=stretched_up,0.0002759814866509,0.0004961041721021,1,0001,0.25,1,8,8,5,8.75,rejected,rejected,rejected,rejected,survived,rejected,rejected,rejected,10,2.2695991611394644,0.002371260396956,True,True,,67697,1692.0,True,False,15m-10
