kind,action,symbol,reason,stop_price,order_id,timestamp_utc,logged_at_utc,stage,qty,unrealized_r,autonomous_fill_journaled,fill_price,order_status,error,slice_combination,stable_filter,current_stable_state,bars_held,horizon_bars,timeframe,r_multiple_suppressed_horizon,context_source,r_per_share,r_dollars,atr,bin_mode,matched,tradable,bar_ts_utc,close_adj,current_state,slice_label,side,suggested_qty,suggested_side,suggested_notional,risk_group,exit_horizon,stop_atr_mult,regime_symbol,regime,regime_favourable,regime_close,regime_short_ma,regime_long_ma,sizing_mode,sizing_conviction,sizing_target_notional,sizing_atr,sizing_qty_notional,sizing_qty_risk,sizing_expected_cost_bps_rt,risk_check,blocked_reasons,old_stop_price,new_stop_price,qty_changed,adverse_guard
stop_intent,stop_adopted,KLAC,found an existing resting stop order (63cf7840-4e16-421e-98a2-24c67ddb6e3b) at the broker for KLAC with no local tracked state -- adopting it instead of submitting a duplicate (local state was likely lost/reset),174.82,63cf7840-4e16-421e-98a2-24c67ddb6e3b,2026-07-16T14:45:56.162617+00:00,2026-07-16T14:46:00.246965+00:00,,,,,,,,,,,,,,,,,,,,,,,,,,,,,,,,,,,,,,,,,,,,,,,,,,,
stop_intent,stop_adopted,ETN,found an existing resting stop order (a559b969-4fc0-415d-9361-1170a7f86efd) at the broker for ETN with no local tracked state -- adopting it instead of submitting a duplicate (local state was likely lost/reset),364.07,a559b969-4fc0-415d-9361-1170a7f86efd,2026-07-16T15:45:57.424152+00:00,2026-07-16T15:46:00.286811+00:00,,,,,,,,,,,,,,,,,,,,,,,,,,,,,,,,,,,,,,,,,,,,,,,,,,,
stop_intent,stop_unchanged,KLAC,,174.82,,2026-07-16T15:45:57.424165+00:00,2026-07-16T15:46:00.289880+00:00,initial,9.0,0.092,,,,,,,,,,,,,,,,,,,,,,,,,,,,,,,,,,,,,,,,,,,,,,,,
stop_intent,stop_unchanged,ETN,,364.07,,2026-07-16T16:45:59.255029+00:00,2026-07-16T16:46:03.379809+00:00,initial,2.0,-0.163,,,,,,,,,,,,,,,,,,,,,,,,,,,,,,,,,,,,,,,,,,,,,,,,
stop_intent,stop_unchanged,KLAC,,174.82,,2026-07-16T16:45:59.255036+00:00,2026-07-16T16:46:03.383414+00:00,initial,9.0,0.041,,,,,,,,,,,,,,,,,,,,,,,,,,,,,,,,,,,,,,,,,,,,,,,,
stop_intent,stop_unchanged,ETN,,364.07,,2026-07-16T17:45:49.600060+00:00,2026-07-16T17:45:54.011621+00:00,initial,2.0,-0.085,,,,,,,,,,,,,,,,,,,,,,,,,,,,,,,,,,,,,,,,,,,,,,,,
stop_intent,stop_unchanged,KLAC,,174.82,,2026-07-16T17:45:49.600067+00:00,2026-07-16T17:45:54.015459+00:00,initial,9.0,0.037,,,,,,,,,,,,,,,,,,,,,,,,,,,,,,,,,,,,,,,,,,,,,,,,
stop_intent,stop_unchanged,ETN,,364.07,,2026-07-16T18:45:54.382705+00:00,2026-07-16T18:45:58.825790+00:00,initial,2.0,-0.083,,,,,,,,,,,,,,,,,,,,,,,,,,,,,,,,,,,,,,,,,,,,,,,,
stop_intent,stop_unchanged,KLAC,,174.82,,2026-07-16T18:45:54.382714+00:00,2026-07-16T18:45:58.829632+00:00,initial,9.0,0.064,,,,,,,,,,,,,,,,,,,,,,,,,,,,,,,,,,,,,,,,,,,,,,,,
stop_intent,stop_state_cleared,ETN,position no longer open (stopped out or closed by another exit policy),,,2026-07-16T19:45:49.701692+00:00,2026-07-16T19:45:54.252421+00:00,,,,False,,,,,,,,,,,,,,,,,,,,,,,,,,,,,,,,,,,,,,,,,,,,,,,
stop_intent,stop_unchanged,KLAC,,174.82,,2026-07-16T19:45:49.701700+00:00,2026-07-16T19:45:54.256276+00:00,initial,9.0,0.026,,,,,,,,,,,,,,,,,,,,,,,,,,,,,,,,,,,,,,,,,,,,,,,,
stop_intent,stop_unchanged,KLAC,,174.82,,2026-07-16T20:45:50.171925+00:00,2026-07-16T20:45:55.749643+00:00,initial,9.0,0.072,,,,,,,,,,,,,,,,,,,,,,,,,,,,,,,,,,,,,,,,,,,,,,,,
stop_intent,stop_unchanged,KLAC,,174.82,,2026-07-16T21:46:00.685158+00:00,2026-07-16T21:46:06.906541+00:00,initial,9.0,0.08,,,,,,,,,,,,,,,,,,,,,,,,,,,,,,,,,,,,,,,,,,,,,,,,
stop_intent,stop_unchanged,KLAC,,174.82,,2026-07-16T22:46:00.692759+00:00,2026-07-16T22:46:06.000150+00:00,initial,9.0,0.07,,,,,,,,,,,,,,,,,,,,,,,,,,,,,,,,,,,,,,,,,,,,,,,,
stop_intent,stop_unchanged,KLAC,,174.82,,2026-07-16T23:45:49.544293+00:00,2026-07-16T23:45:53.249639+00:00,initial,9.0,0.02,,,,,,,,,,,,,,,,,,,,,,,,,,,,,,,,,,,,,,,,,,,,,,,,
stop_intent,stop_unchanged,KLAC,,174.82,,2026-07-17T00:45:58.685100+00:00,2026-07-17T00:46:05.003235+00:00,initial,9.0,0.024,,,,,,,,,,,,,,,,,,,,,,,,,,,,,,,,,,,,,,,,,,,,,,,,
stop_intent,stop_unchanged,KLAC,,174.82,,2026-07-17T01:45:54.986304+00:00,2026-07-17T01:45:58.649745+00:00,initial,9.0,0.016,,,,,,,,,,,,,,,,,,,,,,,,,,,,,,,,,,,,,,,,,,,,,,,,
stop_intent,stop_unchanged,KLAC,,174.82,,2026-07-17T02:45:59.940784+00:00,2026-07-17T02:46:05.592729+00:00,initial,9.0,-0.002,,,,,,,,,,,,,,,,,,,,,,,,,,,,,,,,,,,,,,,,,,,,,,,,
stop_intent,stop_unchanged,KLAC,,174.82,,2026-07-17T03:45:50.827349+00:00,2026-07-17T03:45:54.514748+00:00,initial,9.0,0.009,,,,,,,,,,,,,,,,,,,,,,,,,,,,,,,,,,,,,,,,,,,,,,,,
stop_intent,stop_unchanged,KLAC,,174.82,,2026-07-17T04:45:51.533851+00:00,2026-07-17T04:45:56.038989+00:00,initial,9.0,-0.084,,,,,,,,,,,,,,,,,,,,,,,,,,,,,,,,,,,,,,,,,,,,,,,,
stop_intent,stop_unchanged,KLAC,,174.82,,2026-07-17T05:46:03.064918+00:00,2026-07-17T05:46:06.491194+00:00,initial,9.0,-0.15,,,,,,,,,,,,,,,,,,,,,,,,,,,,,,,,,,,,,,,,,,,,,,,,
stop_intent,stop_unchanged,KLAC,,174.82,,2026-07-17T06:50:25.231201+00:00,2026-07-17T06:50:30.300205+00:00,initial,9.0,-0.115,,,,,,,,,,,,,,,,,,,,,,,,,,,,,,,,,,,,,,,,,,,,,,,,
stop_intent,stop_unchanged,KLAC,,174.82,,2026-07-17T07:45:54.017696+00:00,2026-07-17T07:45:57.663098+00:00,initial,9.0,-0.165,,,,,,,,,,,,,,,,,,,,,,,,,,,,,,,,,,,,,,,,,,,,,,,,
stop_intent,stop_unchanged,KLAC,,174.82,,2026-07-17T08:46:03.632108+00:00,2026-07-17T08:46:09.128030+00:00,initial,9.0,-0.216,,,,,,,,,,,,,,,,,,,,,,,,,,,,,,,,,,,,,,,,,,,,,,,,
stop_intent,stop_unchanged,KLAC,,174.82,,2026-07-17T09:46:00.449657+00:00,2026-07-17T09:46:03.489475+00:00,initial,9.0,-0.174,,,,,,,,,,,,,,,,,,,,,,,,,,,,,,,,,,,,,,,,,,,,,,,,
stop_intent,stop_unchanged,KLAC,,174.82,,2026-07-17T10:46:02.543275+00:00,2026-07-17T10:46:08.048611+00:00,initial,9.0,-0.093,,,,,,,,,,,,,,,,,,,,,,,,,,,,,,,,,,,,,,,,,,,,,,,,
stop_intent,stop_unchanged,KLAC,,174.82,,2026-07-17T11:45:49.443615+00:00,2026-07-17T11:45:54.171708+00:00,initial,9.0,-0.129,,,,,,,,,,,,,,,,,,,,,,,,,,,,,,,,,,,,,,,,,,,,,,,,
stop_intent,stop_unchanged,KLAC,,174.82,,2026-07-17T12:46:03.686957+00:00,2026-07-17T12:46:07.247500+00:00,initial,9.0,-0.145,,,,,,,,,,,,,,,,,,,,,,,,,,,,,,,,,,,,,,,,,,,,,,,,
stop_intent,stop_adopted,ETN,found an existing resting stop order (8c672cc4-6e8f-4124-b461-c4aad7b63191) at the broker for ETN with no local tracked state -- adopting it instead of submitting a duplicate (local state was likely lost/reset),350.57,8c672cc4-6e8f-4124-b461-c4aad7b63191,2026-07-17T13:46:00.010742+00:00,2026-07-17T13:46:04.421731+00:00,,,,,,,,,,,,,,,,,,,,,,,,,,,,,,,,,,,,,,,,,,,,,,,,,,,
stop_intent,stop_unchanged,KLAC,,174.82,,2026-07-17T13:46:00.010774+00:00,2026-07-17T13:46:04.425751+00:00,initial,9.0,-0.242,,,,,,,,,,,,,,,,,,,,,,,,,,,,,,,,,,,,,,,,,,,,,,,,
stop_intent,stop_unchanged,ETN,,350.57,,2026-07-17T14:54:46.054285+00:00,2026-07-17T14:54:51.114280+00:00,initial,2.0,0.366,,,,,,,,,,,,,,,,,,,,,,,,,,,,,,,,,,,,,,,,,,,,,,,,
stop_intent,stop_unchanged,KLAC,,174.82,,2026-07-17T14:54:46.054300+00:00,2026-07-17T14:54:51.118327+00:00,initial,9.0,-0.154,,,,,,,,,,,,,,,,,,,,,,,,,,,,,,,,,,,,,,,,,,,,,,,,
stop_intent,stop_unchanged,ETN,,350.57,,2026-07-17T15:45:58.091611+00:00,2026-07-17T15:46:02.649741+00:00,initial,2.0,0.446,,,,,,,,,,,,,,,,,,,,,,,,,,,,,,,,,,,,,,,,,,,,,,,,
stop_intent,stop_unchanged,KLAC,,174.82,,2026-07-17T15:45:58.091622+00:00,2026-07-17T15:46:02.653742+00:00,initial,9.0,-0.122,,,,,,,,,,,,,,,,,,,,,,,,,,,,,,,,,,,,,,,,,,,,,,,,
exit_intent,exit,ETN,stable filter broken: state_vol=high_vol (expected mid_vol),,f1c988e7-77c8-4351-b040-c75cbd670756,2026-07-17T16:45:51.022040+00:00,2026-07-17T16:45:57.450494+00:00,,,,,,pending_new,,state_ext=neutral + state_vol=mid_vol,state_ext=neutral + state_vol=mid_vol,"{'state_ext': 'neutral', 'state_vol': 'high_vol'}",,5.0,1d,False,monitored_slices_single,,,,,,,,,,,,,,,,,,,,,,,,,,,,,,,,,,,,
stop_intent,stop_unchanged,ETN,,350.57,,2026-07-17T16:45:51.036038+00:00,2026-07-17T16:45:57.455098+00:00,initial,2.0,0.507,,,,,,,,,,,,,,,,,,,,,,,,,,,,,,,,,,,,,,,,,,,,,,,,
stop_intent,stop_unchanged,KLAC,,174.82,,2026-07-17T16:45:51.036052+00:00,2026-07-17T16:45:57.459055+00:00,initial,9.0,-0.056,,,,,,,,,,,,,,,,,,,,,,,,,,,,,,,,,,,,,,,,,,,,,,,,
stop_intent,stop_state_cleared,ETN,position no longer open (stopped out or closed by another exit policy),,,2026-07-17T17:45:58.749619+00:00,2026-07-17T17:46:02.745274+00:00,,,,False,,,,,,,,,,,,,,,,,,,,,,,,,,,,,,,,,,,,,,,,,,,,,,,
stop_intent,stop_unchanged,KLAC,,174.82,,2026-07-17T17:45:58.749632+00:00,2026-07-17T17:46:02.748662+00:00,initial,9.0,-0.056,,,,,,,,,,,,,,,,,,,,,,,,,,,,,,,,,,,,,,,,,,,,,,,,
stop_intent,stop_unchanged,KLAC,,174.82,,2026-07-17T18:45:46.260963+00:00,2026-07-17T18:45:50.609255+00:00,initial,9.0,-0.106,,,,,,,,,,,,,,,,,,,,,,,,,,,,,,,,,,,,,,,,,,,,,,,,
stop_intent,stop_unchanged,KLAC,,174.82,,2026-07-17T19:45:51.567940+00:00,2026-07-17T19:45:56.504080+00:00,initial,9.0,-0.092,,,,,,,,,,,,,,,,,,,,,,,,,,,,,,,,,,,,,,,,,,,,,,,,
stop_intent,stop_unchanged,KLAC,,174.82,,2026-07-17T20:45:58.107616+00:00,2026-07-17T20:46:02.154807+00:00,initial,9.0,-0.104,,,,,,,,,,,,,,,,,,,,,,,,,,,,,,,,,,,,,,,,,,,,,,,,
stop_intent,stop_unchanged,KLAC,,174.82,,2026-07-17T21:45:48.156729+00:00,2026-07-17T21:45:53.440894+00:00,initial,9.0,-0.107,,,,,,,,,,,,,,,,,,,,,,,,,,,,,,,,,,,,,,,,,,,,,,,,
stop_intent,stop_unchanged,KLAC,,174.82,,2026-07-17T22:45:52.698381+00:00,2026-07-17T22:45:57.160685+00:00,initial,9.0,-0.109,,,,,,,,,,,,,,,,,,,,,,,,,,,,,,,,,,,,,,,,,,,,,,,,
stop_intent,stop_unchanged,KLAC,,174.82,,2026-07-17T23:45:50.080779+00:00,2026-07-17T23:45:54.226414+00:00,initial,9.0,-0.12,,,,,,,,,,,,,,,,,,,,,,,,,,,,,,,,,,,,,,,,,,,,,,,,
stop_intent,stop_unchanged,KLAC,,174.82,,2026-07-18T00:45:54.178814+00:00,2026-07-18T00:45:59.072570+00:00,initial,9.0,-0.112,,,,,,,,,,,,,,,,,,,,,,,,,,,,,,,,,,,,,,,,,,,,,,,,
stop_intent,stop_unchanged,KLAC,,174.82,,2026-07-18T02:45:55.316751+00:00,2026-07-18T02:46:01.596219+00:00,initial,9.0,-0.104,,,,,,,,,,,,,,,,,,,,,,,,,,,,,,,,,,,,,,,,,,,,,,,,
stop_intent,stop_unchanged,KLAC,,174.82,,2026-07-18T03:45:44.820202+00:00,2026-07-18T03:45:49.981039+00:00,initial,9.0,-0.104,,,,,,,,,,,,,,,,,,,,,,,,,,,,,,,,,,,,,,,,,,,,,,,,
stop_intent,stop_unchanged,KLAC,,174.82,,2026-07-18T04:45:49.686246+00:00,2026-07-18T04:45:55.180314+00:00,initial,9.0,-0.104,,,,,,,,,,,,,,,,,,,,,,,,,,,,,,,,,,,,,,,,,,,,,,,,
stop_intent,stop_unchanged,KLAC,,174.82,,2026-07-18T05:46:02.238329+00:00,2026-07-18T05:46:08.882830+00:00,initial,9.0,-0.104,,,,,,,,,,,,,,,,,,,,,,,,,,,,,,,,,,,,,,,,,,,,,,,,
stop_intent,stop_unchanged,KLAC,,174.82,,2026-07-18T06:45:53.712535+00:00,2026-07-18T06:45:57.874506+00:00,initial,9.0,-0.104,,,,,,,,,,,,,,,,,,,,,,,,,,,,,,,,,,,,,,,,,,,,,,,,
stop_intent,stop_unchanged,KLAC,,174.82,,2026-07-18T07:45:59.025601+00:00,2026-07-18T07:46:05.090476+00:00,initial,9.0,-0.104,,,,,,,,,,,,,,,,,,,,,,,,,,,,,,,,,,,,,,,,,,,,,,,,
stop_intent,stop_unchanged,KLAC,,174.82,,2026-07-18T08:46:00.002389+00:00,2026-07-18T08:46:05.768957+00:00,initial,9.0,-0.104,,,,,,,,,,,,,,,,,,,,,,,,,,,,,,,,,,,,,,,,,,,,,,,,
stop_intent,stop_unchanged,KLAC,,174.82,,2026-07-18T09:45:48.871638+00:00,2026-07-18T09:45:51.918996+00:00,initial,9.0,-0.104,,,,,,,,,,,,,,,,,,,,,,,,,,,,,,,,,,,,,,,,,,,,,,,,
stop_intent,stop_unchanged,KLAC,,174.82,,2026-07-18T10:45:49.161332+00:00,2026-07-18T10:45:54.468473+00:00,initial,9.0,-0.104,,,,,,,,,,,,,,,,,,,,,,,,,,,,,,,,,,,,,,,,,,,,,,,,
stop_intent,stop_unchanged,KLAC,,174.82,,2026-07-18T11:45:58.130578+00:00,2026-07-18T11:46:01.742269+00:00,initial,9.0,-0.104,,,,,,,,,,,,,,,,,,,,,,,,,,,,,,,,,,,,,,,,,,,,,,,,
stop_intent,stop_unchanged,KLAC,,174.82,,2026-07-18T12:45:52.222608+00:00,2026-07-18T12:45:55.586993+00:00,initial,9.0,-0.104,,,,,,,,,,,,,,,,,,,,,,,,,,,,,,,,,,,,,,,,,,,,,,,,
stop_intent,stop_unchanged,KLAC,,174.82,,2026-07-18T13:45:46.834501+00:00,2026-07-18T13:45:52.160450+00:00,initial,9.0,-0.104,,,,,,,,,,,,,,,,,,,,,,,,,,,,,,,,,,,,,,,,,,,,,,,,
stop_intent,stop_unchanged,KLAC,,174.82,,2026-07-18T14:45:59.517192+00:00,2026-07-18T14:46:05.273373+00:00,initial,9.0,-0.104,,,,,,,,,,,,,,,,,,,,,,,,,,,,,,,,,,,,,,,,,,,,,,,,
stop_intent,stop_unchanged,KLAC,,174.82,,2026-07-18T15:45:57.347974+00:00,2026-07-18T15:46:03.350247+00:00,initial,9.0,-0.104,,,,,,,,,,,,,,,,,,,,,,,,,,,,,,,,,,,,,,,,,,,,,,,,
stop_intent,stop_unchanged,KLAC,,174.82,,2026-07-18T16:45:50.393384+00:00,2026-07-18T16:45:55.720971+00:00,initial,9.0,-0.104,,,,,,,,,,,,,,,,,,,,,,,,,,,,,,,,,,,,,,,,,,,,,,,,
stop_intent,stop_unchanged,KLAC,,174.82,,2026-07-18T17:45:59.673619+00:00,2026-07-18T17:46:03.815570+00:00,initial,9.0,-0.104,,,,,,,,,,,,,,,,,,,,,,,,,,,,,,,,,,,,,,,,,,,,,,,,
stop_intent,stop_unchanged,KLAC,,174.82,,2026-07-18T18:45:46.673671+00:00,2026-07-18T18:45:51.878206+00:00,initial,9.0,-0.104,,,,,,,,,,,,,,,,,,,,,,,,,,,,,,,,,,,,,,,,,,,,,,,,
stop_intent,stop_unchanged,KLAC,,174.82,,2026-07-18T19:45:57.707601+00:00,2026-07-18T19:46:01.496199+00:00,initial,9.0,-0.104,,,,,,,,,,,,,,,,,,,,,,,,,,,,,,,,,,,,,,,,,,,,,,,,
stop_intent,stop_unchanged,KLAC,,174.82,,2026-07-18T20:45:51.438410+00:00,2026-07-18T20:45:55.765800+00:00,initial,9.0,-0.104,,,,,,,,,,,,,,,,,,,,,,,,,,,,,,,,,,,,,,,,,,,,,,,,
stop_intent,stop_unchanged,KLAC,,174.82,,2026-07-18T21:45:56.360138+00:00,2026-07-18T21:46:00.625793+00:00,initial,9.0,-0.104,,,,,,,,,,,,,,,,,,,,,,,,,,,,,,,,,,,,,,,,,,,,,,,,
stop_intent,stop_unchanged,KLAC,,174.82,,2026-07-18T22:46:00.998825+00:00,2026-07-18T22:46:06.919300+00:00,initial,9.0,-0.104,,,,,,,,,,,,,,,,,,,,,,,,,,,,,,,,,,,,,,,,,,,,,,,,
stop_intent,stop_unchanged,KLAC,,174.82,,2026-07-18T23:45:49.283551+00:00,2026-07-18T23:45:52.991138+00:00,initial,9.0,-0.104,,,,,,,,,,,,,,,,,,,,,,,,,,,,,,,,,,,,,,,,,,,,,,,,
stop_intent,stop_unchanged,KLAC,,174.82,,2026-07-19T00:45:49.113821+00:00,2026-07-19T00:45:54.332255+00:00,initial,9.0,-0.104,,,,,,,,,,,,,,,,,,,,,,,,,,,,,,,,,,,,,,,,,,,,,,,,
stop_intent,stop_unchanged,KLAC,,174.82,,2026-07-19T01:45:54.270692+00:00,2026-07-19T01:45:59.957854+00:00,initial,9.0,-0.104,,,,,,,,,,,,,,,,,,,,,,,,,,,,,,,,,,,,,,,,,,,,,,,,
stop_intent,stop_unchanged,KLAC,,174.82,,2026-07-19T02:46:01.026758+00:00,2026-07-19T02:46:07.449940+00:00,initial,9.0,-0.104,,,,,,,,,,,,,,,,,,,,,,,,,,,,,,,,,,,,,,,,,,,,,,,,
stop_intent,stop_unchanged,KLAC,,174.82,,2026-07-19T03:46:03.743722+00:00,2026-07-19T03:46:09.574083+00:00,initial,9.0,-0.104,,,,,,,,,,,,,,,,,,,,,,,,,,,,,,,,,,,,,,,,,,,,,,,,
stop_intent,stop_unchanged,KLAC,,174.82,,2026-07-19T04:45:59.039816+00:00,2026-07-19T04:46:04.708873+00:00,initial,9.0,-0.104,,,,,,,,,,,,,,,,,,,,,,,,,,,,,,,,,,,,,,,,,,,,,,,,
stop_intent,stop_unchanged,KLAC,,174.82,,2026-07-19T05:45:59.824812+00:00,2026-07-19T05:46:03.514248+00:00,initial,9.0,-0.104,,,,,,,,,,,,,,,,,,,,,,,,,,,,,,,,,,,,,,,,,,,,,,,,
stop_intent,stop_unchanged,KLAC,,174.82,,2026-07-19T06:45:52.467716+00:00,2026-07-19T06:45:56.161126+00:00,initial,9.0,-0.104,,,,,,,,,,,,,,,,,,,,,,,,,,,,,,,,,,,,,,,,,,,,,,,,
stop_intent,stop_unchanged,KLAC,,174.82,,2026-07-19T07:45:51.276941+00:00,2026-07-19T07:45:56.664374+00:00,initial,9.0,-0.104,,,,,,,,,,,,,,,,,,,,,,,,,,,,,,,,,,,,,,,,,,,,,,,,
stop_intent,stop_unchanged,KLAC,,174.82,,2026-07-19T08:45:51.354533+00:00,2026-07-19T08:45:55.101570+00:00,initial,9.0,-0.104,,,,,,,,,,,,,,,,,,,,,,,,,,,,,,,,,,,,,,,,,,,,,,,,
stop_intent,stop_unchanged,KLAC,,174.82,,2026-07-19T09:45:47.892571+00:00,2026-07-19T09:45:51.931956+00:00,initial,9.0,-0.104,,,,,,,,,,,,,,,,,,,,,,,,,,,,,,,,,,,,,,,,,,,,,,,,
stop_intent,stop_unchanged,KLAC,,174.82,,2026-07-19T10:45:56.318062+00:00,2026-07-19T10:46:02.264591+00:00,initial,9.0,-0.104,,,,,,,,,,,,,,,,,,,,,,,,,,,,,,,,,,,,,,,,,,,,,,,,
stop_intent,stop_unchanged,KLAC,,174.82,,2026-07-19T11:45:49.976150+00:00,2026-07-19T11:45:55.302368+00:00,initial,9.0,-0.104,,,,,,,,,,,,,,,,,,,,,,,,,,,,,,,,,,,,,,,,,,,,,,,,
stop_intent,stop_unchanged,KLAC,,174.82,,2026-07-19T12:46:00.203024+00:00,2026-07-19T12:46:05.989987+00:00,initial,9.0,-0.104,,,,,,,,,,,,,,,,,,,,,,,,,,,,,,,,,,,,,,,,,,,,,,,,
stop_intent,stop_unchanged,KLAC,,174.82,,2026-07-19T13:45:49.851471+00:00,2026-07-19T13:45:55.075043+00:00,initial,9.0,-0.104,,,,,,,,,,,,,,,,,,,,,,,,,,,,,,,,,,,,,,,,,,,,,,,,
stop_intent,stop_unchanged,KLAC,,174.82,,2026-07-19T14:45:52.133827+00:00,2026-07-19T14:45:55.363029+00:00,initial,9.0,-0.104,,,,,,,,,,,,,,,,,,,,,,,,,,,,,,,,,,,,,,,,,,,,,,,,
stop_intent,stop_unchanged,KLAC,,174.82,,2026-07-19T15:45:56.185391+00:00,2026-07-19T15:46:00.385839+00:00,initial,9.0,-0.104,,,,,,,,,,,,,,,,,,,,,,,,,,,,,,,,,,,,,,,,,,,,,,,,
stop_intent,stop_unchanged,KLAC,,174.82,,2026-07-19T16:45:55.199448+00:00,2026-07-19T16:45:59.148513+00:00,initial,9.0,-0.104,,,,,,,,,,,,,,,,,,,,,,,,,,,,,,,,,,,,,,,,,,,,,,,,
stop_intent,stop_unchanged,KLAC,,174.82,,2026-07-19T17:45:55.207930+00:00,2026-07-19T17:46:00.953853+00:00,initial,9.0,-0.104,,,,,,,,,,,,,,,,,,,,,,,,,,,,,,,,,,,,,,,,,,,,,,,,
stop_intent,stop_unchanged,KLAC,,174.82,,2026-07-19T18:45:57.738432+00:00,2026-07-19T18:46:03.456056+00:00,initial,9.0,-0.104,,,,,,,,,,,,,,,,,,,,,,,,,,,,,,,,,,,,,,,,,,,,,,,,
stop_intent,stop_unchanged,KLAC,,174.82,,2026-07-19T19:46:00.533784+00:00,2026-07-19T19:46:06.281710+00:00,initial,9.0,-0.104,,,,,,,,,,,,,,,,,,,,,,,,,,,,,,,,,,,,,,,,,,,,,,,,
stop_intent,stop_unchanged,KLAC,,174.82,,2026-07-19T20:45:58.487727+00:00,2026-07-19T20:46:04.227675+00:00,initial,9.0,-0.104,,,,,,,,,,,,,,,,,,,,,,,,,,,,,,,,,,,,,,,,,,,,,,,,
stop_intent,stop_unchanged,KLAC,,174.82,,2026-07-19T21:45:56.497264+00:00,2026-07-19T21:46:00.806082+00:00,initial,9.0,-0.104,,,,,,,,,,,,,,,,,,,,,,,,,,,,,,,,,,,,,,,,,,,,,,,,
stop_intent,stop_unchanged,KLAC,,174.82,,2026-07-19T22:45:51.483580+00:00,2026-07-19T22:45:55.385287+00:00,initial,9.0,-0.104,,,,,,,,,,,,,,,,,,,,,,,,,,,,,,,,,,,,,,,,,,,,,,,,
stop_intent,stop_unchanged,KLAC,,174.82,,2026-07-19T23:45:53.810720+00:00,2026-07-19T23:45:59.925067+00:00,initial,9.0,-0.104,,,,,,,,,,,,,,,,,,,,,,,,,,,,,,,,,,,,,,,,,,,,,,,,
stop_intent,stop_unchanged,KLAC,,174.82,,2026-07-20T03:05:39.334140+00:00,2026-07-20T03:05:44.862625+00:00,initial,9.0,-0.041,,,,,,,,,,,,,,,,,,,,,,,,,,,,,,,,,,,,,,,,,,,,,,,,
stop_intent,stop_unchanged,KLAC,,174.82,,2026-07-20T03:45:49.223722+00:00,2026-07-20T03:45:52.494366+00:00,initial,9.0,-0.051,,,,,,,,,,,,,,,,,,,,,,,,,,,,,,,,,,,,,,,,,,,,,,,,
stop_intent,stop_unchanged,KLAC,,174.82,,2026-07-20T04:46:32.405232+00:00,2026-07-20T04:46:36.355541+00:00,initial,9.0,-0.034,,,,,,,,,,,,,,,,,,,,,,,,,,,,,,,,,,,,,,,,,,,,,,,,
stop_intent,stop_unchanged,KLAC,,174.82,,2026-07-20T05:46:44.077445+00:00,2026-07-20T05:46:49.909090+00:00,initial,9.0,-0.094,,,,,,,,,,,,,,,,,,,,,,,,,,,,,,,,,,,,,,,,,,,,,,,,
stop_intent,stop_unchanged,KLAC,,174.82,,2026-07-20T06:46:31.531208+00:00,2026-07-20T06:46:34.910382+00:00,initial,9.0,-0.115,,,,,,,,,,,,,,,,,,,,,,,,,,,,,,,,,,,,,,,,,,,,,,,,
stop_intent,stop_unchanged,KLAC,,174.82,,2026-07-20T07:46:37.193212+00:00,2026-07-20T07:46:41.041572+00:00,initial,9.0,-0.051,,,,,,,,,,,,,,,,,,,,,,,,,,,,,,,,,,,,,,,,,,,,,,,,
stop_intent,stop_unchanged,KLAC,,174.82,,2026-07-20T08:46:40.140376+00:00,2026-07-20T08:46:46.296277+00:00,initial,9.0,-0.064,,,,,,,,,,,,,,,,,,,,,,,,,,,,,,,,,,,,,,,,,,,,,,,,
stop_intent,stop_unchanged,KLAC,,174.82,,2026-07-20T09:46:41.577164+00:00,2026-07-20T09:46:45.501213+00:00,initial,9.0,-0.026,,,,,,,,,,,,,,,,,,,,,,,,,,,,,,,,,,,,,,,,,,,,,,,,
stop_intent,stop_unchanged,KLAC,,174.82,,2026-07-20T10:46:34.832676+00:00,2026-07-20T10:46:38.259152+00:00,initial,9.0,-0.004,,,,,,,,,,,,,,,,,,,,,,,,,,,,,,,,,,,,,,,,,,,,,,,,
stop_intent,stop_unchanged,KLAC,,174.82,,2026-07-20T11:46:29.966084+00:00,2026-07-20T11:46:34.104205+00:00,initial,9.0,0.069,,,,,,,,,,,,,,,,,,,,,,,,,,,,,,,,,,,,,,,,,,,,,,,,
stop_intent,stop_unchanged,KLAC,,174.82,,2026-07-20T12:46:42.736402+00:00,2026-07-20T12:46:48.272045+00:00,initial,9.0,0.044,,,,,,,,,,,,,,,,,,,,,,,,,,,,,,,,,,,,,,,,,,,,,,,,
stop_intent,stop_unchanged,KLAC,,174.82,,2026-07-20T13:46:33.225230+00:00,2026-07-20T13:46:38.908611+00:00,initial,9.0,0.064,,,,,,,,,,,,,,,,,,,,,,,,,,,,,,,,,,,,,,,,,,,,,,,,
exit_intent,exit,AMC,stable filter broken: cross_TLT_state_slope=uptrend (expected flat); state_slope=downtrend (expected flat),,40d30229-e7db-4b32-901a-6d4e32fe271d,2026-07-20T14:46:33.089153+00:00,2026-07-20T14:46:39.075010+00:00,,,,,,pending_new,,cross_TLT_state_slope=flat + state_slope=flat,cross_TLT_state_slope=flat + state_slope=flat,"{'cross_TLT_state_slope': 'uptrend', 'state_slope': 'downtrend'}",,5.0,1h,False,monitored_slices_single,,,,,,,,,,,,,,,,,,,,,,,,,,,,,,,,,,,,
stop_intent,stop_adopted,AMC,found an existing resting stop order (7cf0083d-ce55-48ed-b525-7527b4cd8aa5) at the broker for AMC with no local tracked state -- adopting it instead of submitting a duplicate (local state was likely lost/reset),2.48,7cf0083d-ce55-48ed-b525-7527b4cd8aa5,2026-07-20T14:46:33.361537+00:00,2026-07-20T14:46:39.079847+00:00,,,,,,,,,,,,,,,,,,,,,,,,,,,,,,,,,,,,,,,,,,,,,,,,,,,
stop_intent,stop_adopted,HUM,found an existing resting stop order (dc3b853a-226a-4ae7-9353-07c91aa4b976) at the broker for HUM with no local tracked state -- adopting it instead of submitting a duplicate (local state was likely lost/reset),370.51,dc3b853a-226a-4ae7-9353-07c91aa4b976,2026-07-20T14:46:33.361550+00:00,2026-07-20T14:46:39.083711+00:00,,,,,,,,,,,,,,,,,,,,,,,,,,,,,,,,,,,,,,,,,,,,,,,,,,,
stop_intent,stop_unchanged,KLAC,,174.82,,2026-07-20T14:46:33.361554+00:00,2026-07-20T14:46:39.087586+00:00,initial,9.0,-0.124,,,,,,,,,,,,,,,,,,,,,,,,,,,,,,,,,,,,,,,,,,,,,,,,
stop_intent,stop_state_cleared,AMC,position no longer open (stopped out or closed by another exit policy),,,2026-07-20T15:46:30.526270+00:00,2026-07-20T15:46:34.116517+00:00,,,,False,,,,,,,,,,,,,,,,,,,,,,,,,,,,,,,,,,,,,,,,,,,,,,,
stop_intent,stop_state_cleared,HUM,position no longer open (stopped out or closed by another exit policy),,,2026-07-20T15:46:30.526284+00:00,2026-07-20T15:46:34.121182+00:00,,,,False,,,,,,,,,,,,,,,,,,,,,,,,,,,,,,,,,,,,,,,,,,,,,,,
stop_intent,stop_unchanged,KLAC,,174.82,,2026-07-20T15:46:30.526289+00:00,2026-07-20T15:46:34.125291+00:00,initial,9.0,-0.145,,,,,,,,,,,,,,,,,,,,,,,,,,,,,,,,,,,,,,,,,,,,,,,,
stop_intent,stop_unchanged,KLAC,,174.82,,2026-07-20T16:46:41.800731+00:00,2026-07-20T16:46:47.964795+00:00,initial,9.0,-0.164,,,,,,,,,,,,,,,,,,,,,,,,,,,,,,,,,,,,,,,,,,,,,,,,
stop_intent,stop_unchanged,KLAC,,174.82,,2026-07-20T17:46:31.066402+00:00,2026-07-20T17:46:35.153032+00:00,initial,9.0,-0.186,,,,,,,,,,,,,,,,,,,,,,,,,,,,,,,,,,,,,,,,,,,,,,,,
stop_intent,stop_unchanged,KLAC,,174.82,,2026-07-20T18:46:29.610982+00:00,2026-07-20T18:46:33.998334+00:00,initial,9.0,-0.192,,,,,,,,,,,,,,,,,,,,,,,,,,,,,,,,,,,,,,,,,,,,,,,,
stop_intent,stop_unchanged,KLAC,,174.82,,2026-07-20T20:46:36.274132+00:00,2026-07-20T20:46:41.213509+00:00,initial,9.0,-0.257,,,,,,,,,,,,,,,,,,,,,,,,,,,,,,,,,,,,,,,,,,,,,,,,
stop_intent,stop_unchanged,KLAC,,174.82,,2026-07-20T21:46:39.135498+00:00,2026-07-20T21:46:44.712731+00:00,initial,9.0,-0.237,,,,,,,,,,,,,,,,,,,,,,,,,,,,,,,,,,,,,,,,,,,,,,,,
stop_intent,stop_unchanged,KLAC,,174.82,,2026-07-20T22:46:36.490916+00:00,2026-07-20T22:46:41.346527+00:00,initial,9.0,-0.265,,,,,,,,,,,,,,,,,,,,,,,,,,,,,,,,,,,,,,,,,,,,,,,,
stop_intent,stop_unchanged,KLAC,,174.82,,2026-07-20T23:46:49.729284+00:00,2026-07-20T23:46:55.540082+00:00,initial,9.0,-0.232,,,,,,,,,,,,,,,,,,,,,,,,,,,,,,,,,,,,,,,,,,,,,,,,
stop_intent,stop_unchanged,KLAC,,174.82,,2026-07-21T00:45:52.954923+00:00,2026-07-21T00:45:57.735234+00:00,initial,9.0,-0.223,,,,,,,,,,,,,,,,,,,,,,,,,,,,,,,,,,,,,,,,,,,,,,,,
stop_intent,stop_unchanged,KLAC,,174.82,,2026-07-21T01:46:15.698461+00:00,2026-07-21T01:46:22.162971+00:00,initial,9.0,-0.186,,,,,,,,,,,,,,,,,,,,,,,,,,,,,,,,,,,,,,,,,,,,,,,,
stop_intent,stop_unchanged,KLAC,,174.82,,2026-07-21T03:45:59.086849+00:00,2026-07-21T03:46:02.568597+00:00,initial,9.0,-0.083,,,,,,,,,,,,,,,,,,,,,,,,,,,,,,,,,,,,,,,,,,,,,,,,
stop_intent,stop_unchanged,KLAC,,174.82,,2026-07-21T04:46:11.270857+00:00,2026-07-21T04:46:15.863220+00:00,initial,9.0,-0.081,,,,,,,,,,,,,,,,,,,,,,,,,,,,,,,,,,,,,,,,,,,,,,,,
stop_intent,stop_unchanged,KLAC,,174.82,,2026-07-21T05:46:09.525335+00:00,2026-07-21T05:46:14.837032+00:00,initial,9.0,-0.062,,,,,,,,,,,,,,,,,,,,,,,,,,,,,,,,,,,,,,,,,,,,,,,,
stop_intent,stop_unchanged,KLAC,,174.82,,2026-07-21T06:45:56.122788+00:00,2026-07-21T06:46:01.237791+00:00,initial,9.0,-0.016,,,,,,,,,,,,,,,,,,,,,,,,,,,,,,,,,,,,,,,,,,,,,,,,
stop_intent,stop_unchanged,KLAC,,174.82,,2026-07-21T07:45:58.561501+00:00,2026-07-21T07:46:02.505306+00:00,initial,9.0,-0.034,,,,,,,,,,,,,,,,,,,,,,,,,,,,,,,,,,,,,,,,,,,,,,,,
stop_intent,stop_unchanged,KLAC,,174.82,,2026-07-21T08:45:51.409769+00:00,2026-07-21T08:45:56.129044+00:00,initial,9.0,0.03,,,,,,,,,,,,,,,,,,,,,,,,,,,,,,,,,,,,,,,,,,,,,,,,
stop_intent,stop_unchanged,KLAC,,174.82,,2026-07-21T09:46:06.390343+00:00,2026-07-21T09:46:09.618985+00:00,initial,9.0,0.02,,,,,,,,,,,,,,,,,,,,,,,,,,,,,,,,,,,,,,,,,,,,,,,,
stop_intent,stop_unchanged,KLAC,,174.82,,2026-07-21T10:45:54.176276+00:00,2026-07-21T10:45:59.812200+00:00,initial,9.0,0.014,,,,,,,,,,,,,,,,,,,,,,,,,,,,,,,,,,,,,,,,,,,,,,,,
stop_intent,stop_unchanged,KLAC,,174.82,,2026-07-21T11:46:02.974746+00:00,2026-07-21T11:46:08.442802+00:00,initial,9.0,0.013,,,,,,,,,,,,,,,,,,,,,,,,,,,,,,,,,,,,,,,,,,,,,,,,
stop_intent,stop_unchanged,KLAC,,174.82,,2026-07-21T12:46:07.167300+00:00,2026-07-21T12:46:13.159905+00:00,initial,9.0,0.018,,,,,,,,,,,,,,,,,,,,,,,,,,,,,,,,,,,,,,,,,,,,,,,,
exit_intent,exit,XBI,stable filter broken: state_ext=neutral (expected stretched_down),,73ad0107-5b54-4fc4-814e-f42a9c7c6eb7,2026-07-21T13:45:57.800362+00:00,2026-07-21T13:46:02.757051+00:00,,,,,,pending_new,,cross_USO_state_vol=high_vol + state_ext=stretched_down,cross_USO_state_vol=high_vol + state_ext=stretched_down,"{'cross_USO_state_vol': 'high_vol', 'state_ext': 'neutral'}",,5.0,1d,False,monitored_slices_single,,,,,,,,,,,,,,,,,,,,,,,,,,,,,,,,,,,,
stop_intent,stop_adopted,AMT,found an existing resting stop order (3eb7e7fc-eef5-4ce0-8a57-878ac2f2b0a6) at the broker for AMT with no local tracked state -- adopting it instead of submitting a duplicate (local state was likely lost/reset),159.12,3eb7e7fc-eef5-4ce0-8a57-878ac2f2b0a6,2026-07-21T13:45:57.932354+00:00,2026-07-21T13:46:02.761952+00:00,,,,,,,,,,,,,,,,,,,,,,,,,,,,,,,,,,,,,,,,,,,,,,,,,,,
stop_intent,stop_unchanged,KLAC,,174.82,,2026-07-21T13:45:57.932368+00:00,2026-07-21T13:46:02.766181+00:00,initial,9.0,-0.041,,,,,,,,,,,,,,,,,,,,,,,,,,,,,,,,,,,,,,,,,,,,,,,,
stop_intent,stop_adopted,SBUX,found an existing resting stop order (1e0fcf20-e23f-4c49-934e-ebaeb3a45b96) at the broker for SBUX with no local tracked state -- adopting it instead of submitting a duplicate (local state was likely lost/reset),98.9,1e0fcf20-e23f-4c49-934e-ebaeb3a45b96,2026-07-21T13:45:57.932374+00:00,2026-07-21T13:46:02.770554+00:00,,,,,,,,,,,,,,,,,,,,,,,,,,,,,,,,,,,,,,,,,,,,,,,,,,,
stop_intent,stop_adopted,XBI,found an existing resting stop order (4802122d-9f06-46f1-9143-8a9d01155909) at the broker for XBI with no local tracked state -- adopting it instead of submitting a duplicate (local state was likely lost/reset),142.39,4802122d-9f06-46f1-9143-8a9d01155909,2026-07-21T13:45:57.932378+00:00,2026-07-21T13:46:02.774796+00:00,,,,,,,,,,,,,,,,,,,,,,,,,,,,,,,,,,,,,,,,,,,,,,,,,,,
exit_intent,exit,BITO,stable filter broken: state_ext=neutral (expected stretched_up),,d5f29f37-eb8d-4292-934f-ce22dccb55a5,2026-07-21T14:46:00.846537+00:00,2026-07-21T14:46:06.427512+00:00,,,,,,pending_new,,cross_USO_state_slope=uptrend + state_ext=stretched_up,cross_USO_state_slope=uptrend + state_ext=stretched_up,"{'cross_USO_state_slope': 'uptrend', 'state_ext': 'neutral'}",,5.0,1h,False,monitored_slices_single,,,,,,,,,,,,,,,,,,,,,,,,,,,,,,,,,,,,
exit_intent,exit,GOLD,stable filter broken: state_ext=stretched_down (expected stretched_up); state_vol=low_vol (expected mid_vol),,3ca86eb9-7026-4327-bcea-17064fec98f9,2026-07-21T14:46:00.846543+00:00,2026-07-21T14:46:07.469177+00:00,,,,,,pending_new,,state_ext=stretched_up + state_vol=mid_vol,state_ext=stretched_up + state_vol=mid_vol,"{'state_ext': 'stretched_down', 'state_vol': 'low_vol'}",,5.0,1h,False,monitored_slices_single,,,,,,,,,,,,,,,,,,,,,,,,,,,,,,,,,,,,
stop_intent,stop_state_cleared,XBI,position no longer open (stopped out or closed by another exit policy),,,2026-07-21T14:46:01.299154+00:00,2026-07-21T14:46:07.474246+00:00,,,,False,,,,,,,,,,,,,,,,,,,,,,,,,,,,,,,,,,,,,,,,,,,,,,,
stop_intent,stop_unchanged,AMT,,159.12,,2026-07-21T14:46:01.299165+00:00,2026-07-21T14:46:07.478629+00:00,initial,5.0,-0.095,,,,,,,,,,,,,,,,,,,,,,,,,,,,,,,,,,,,,,,,,,,,,,,,
stop_intent,stop_adopted,BITO,found an existing resting stop order (bfc8ad17-8605-466f-9a6b-3061bbc6f3e5) at the broker for BITO with no local tracked state -- adopting it instead of submitting a duplicate (local state was likely lost/reset),9.55,bfc8ad17-8605-466f-9a6b-3061bbc6f3e5,2026-07-21T14:46:01.299171+00:00,2026-07-21T14:46:07.482974+00:00,,,,,,,,,,,,,,,,,,,,,,,,,,,,,,,,,,,,,,,,,,,,,,,,,,,
stop_intent,stop_adopted,GOLD,found an existing resting stop order (365eda78-69ec-469a-92da-996771f79f1f) at the broker for GOLD with no local tracked state -- adopting it instead of submitting a duplicate (local state was likely lost/reset),35.39,365eda78-69ec-469a-92da-996771f79f1f,2026-07-21T14:46:01.299175+00:00,2026-07-21T14:46:07.487184+00:00,,,,,,,,,,,,,,,,,,,,,,,,,,,,,,,,,,,,,,,,,,,,,,,,,,,
stop_intent,stop_adopted,HUM,found an existing resting stop order (81ca8e8a-3628-4b45-9192-5349f0cf0e59) at the broker for HUM with no local tracked state -- adopting it instead of submitting a duplicate (local state was likely lost/reset),372.04,81ca8e8a-3628-4b45-9192-5349f0cf0e59,2026-07-21T14:46:01.299179+00:00,2026-07-21T14:46:07.491467+00:00,,,,,,,,,,,,,,,,,,,,,,,,,,,,,,,,,,,,,,,,,,,,,,,,,,,
stop_intent,stop_unchanged,KLAC,,174.82,,2026-07-21T14:46:01.299183+00:00,2026-07-21T14:46:07.495689+00:00,initial,9.0,-0.018,,,,,,,,,,,,,,,,,,,,,,,,,,,,,,,,,,,,,,,,,,,,,,,,
stop_intent,stop_unchanged,SBUX,,98.9,,2026-07-21T14:46:01.299186+00:00,2026-07-21T14:46:07.500076+00:00,initial,10.0,0.013,,,,,,,,,,,,,,,,,,,,,,,,,,,,,,,,,,,,,,,,,,,,,,,,
stop_intent,stop_state_cleared,XBI,position no longer open (stopped out or closed by another exit policy),,,2026-07-21T15:46:01.588518+00:00,2026-07-21T15:46:06.875475+00:00,,,,False,,,,,,,,,,,,,,,,,,,,,,,,,,,,,,,,,,,,,,,,,,,,,,,
stop_intent,stop_state_cleared,BITO,position no longer open (stopped out or closed by another exit policy),,,2026-07-21T15:46:01.588533+00:00,2026-07-21T15:46:06.881025+00:00,,,,False,,,,,,,,,,,,,,,,,,,,,,,,,,,,,,,,,,,,,,,,,,,,,,,
stop_intent,stop_state_cleared,GOLD,position no longer open (stopped out or closed by another exit policy),,,2026-07-21T15:46:01.588538+00:00,2026-07-21T15:46:06.885939+00:00,,,,False,,,,,,,,,,,,,,,,,,,,,,,,,,,,,,,,,,,,,,,,,,,,,,,
stop_intent,stop_state_cleared,HUM,position no longer open (stopped out or closed by another exit policy),,,2026-07-21T15:46:01.588542+00:00,2026-07-21T15:46:06.890762+00:00,,,,False,,,,,,,,,,,,,,,,,,,,,,,,,,,,,,,,,,,,,,,,,,,,,,,
stop_intent,stop_unchanged,AMT,,159.12,,2026-07-21T15:46:01.588546+00:00,2026-07-21T15:46:06.895478+00:00,initial,5.0,-0.193,,,,,,,,,,,,,,,,,,,,,,,,,,,,,,,,,,,,,,,,,,,,,,,,
stop_intent,stop_unchanged,KLAC,,174.82,,2026-07-21T15:46:01.588549+00:00,2026-07-21T15:46:06.900349+00:00,initial,9.0,-0.027,,,,,,,,,,,,,,,,,,,,,,,,,,,,,,,,,,,,,,,,,,,,,,,,
stop_intent,stop_unchanged,SBUX,,98.9,,2026-07-21T15:46:01.588552+00:00,2026-07-21T15:46:06.905163+00:00,initial,10.0,-0.028,,,,,,,,,,,,,,,,,,,,,,,,,,,,,,,,,,,,,,,,,,,,,,,,
stop_intent,stop_unchanged,AMT,,159.12,,2026-07-21T16:46:06.762360+00:00,2026-07-21T16:46:13.272829+00:00,initial,5.0,-0.214,,,,,,,,,,,,,,,,,,,,,,,,,,,,,,,,,,,,,,,,,,,,,,,,
stop_intent,stop_unchanged,KLAC,,174.82,,2026-07-21T16:46:06.762367+00:00,2026-07-21T16:46:13.279003+00:00,initial,9.0,0.011,,,,,,,,,,,,,,,,,,,,,,,,,,,,,,,,,,,,,,,,,,,,,,,,
stop_intent,stop_unchanged,SBUX,,98.9,,2026-07-21T16:46:06.762372+00:00,2026-07-21T16:46:13.284058+00:00,initial,10.0,0.044,,,,,,,,,,,,,,,,,,,,,,,,,,,,,,,,,,,,,,,,,,,,,,,,
stop_intent,stop_state_cleared,AMT,position no longer open (stopped out or closed by another exit policy),,,2026-07-21T17:45:59.731739+00:00,2026-07-21T17:46:03.460616+00:00,,,,False,,,,,,,,,,,,,,,,,,,,,,,,,,,,,,,,,,,,,,,,,,,,,,,
stop_intent,stop_unchanged,KLAC,,174.82,,2026-07-21T17:45:59.731755+00:00,2026-07-21T17:46:03.466519+00:00,initial,9.0,0.015,,,,,,,,,,,,,,,,,,,,,,,,,,,,,,,,,,,,,,,,,,,,,,,,
stop_intent,stop_unchanged,SBUX,,98.9,,2026-07-21T17:45:59.731761+00:00,2026-07-21T17:46:03.471472+00:00,initial,10.0,-0.001,,,,,,,,,,,,,,,,,,,,,,,,,,,,,,,,,,,,,,,,,,,,,,,,
stop_intent,stop_adopted,AMT,found an existing resting stop order (aa257db4-2c1c-45e6-a189-c0c7db967642) at the broker for AMT with no local tracked state -- adopting it instead of submitting a duplicate (local state was likely lost/reset),156.74,aa257db4-2c1c-45e6-a189-c0c7db967642,2026-07-21T18:46:02.372220+00:00,2026-07-21T18:46:06.905606+00:00,,,,,,,,,,,,,,,,,,,,,,,,,,,,,,,,,,,,,,,,,,,,,,,,,,,
stop_intent,stop_unchanged,KLAC,,174.82,,2026-07-21T18:46:02.372236+00:00,2026-07-21T18:46:06.910948+00:00,initial,9.0,0.018,,,,,,,,,,,,,,,,,,,,,,,,,,,,,,,,,,,,,,,,,,,,,,,,
stop_intent,stop_unchanged,SBUX,,98.9,,2026-07-21T18:46:02.372241+00:00,2026-07-21T18:46:06.915674+00:00,initial,10.0,-0.03,,,,,,,,,,,,,,,,,,,,,,,,,,,,,,,,,,,,,,,,,,,,,,,,
stop_intent,stop_unchanged,AMT,,156.74,,2026-07-21T19:45:57.776041+00:00,2026-07-21T19:46:02.321772+00:00,initial,5.0,0.027,,,,,,,,,,,,,,,,,,,,,,,,,,,,,,,,,,,,,,,,,,,,,,,,
stop_intent,stop_unchanged,KLAC,,174.82,,2026-07-21T19:45:57.776053+00:00,2026-07-21T19:46:02.327538+00:00,initial,9.0,0.012,,,,,,,,,,,,,,,,,,,,,,,,,,,,,,,,,,,,,,,,,,,,,,,,
stop_intent,stop_unchanged,SBUX,,98.9,,2026-07-21T19:45:57.776058+00:00,2026-07-21T19:46:02.332268+00:00,initial,10.0,-0.004,,,,,,,,,,,,,,,,,,,,,,,,,,,,,,,,,,,,,,,,,,,,,,,,
stop_intent,stop_unchanged,AMT,,156.74,,2026-07-21T20:45:54.984881+00:00,2026-07-21T20:46:00.673296+00:00,initial,5.0,-0.056,,,,,,,,,,,,,,,,,,,,,,,,,,,,,,,,,,,,,,,,,,,,,,,,
stop_intent,stop_unchanged,KLAC,,174.82,,2026-07-21T20:45:54.984892+00:00,2026-07-21T20:46:00.679155+00:00,initial,9.0,-0.006,,,,,,,,,,,,,,,,,,,,,,,,,,,,,,,,,,,,,,,,,,,,,,,,
stop_intent,stop_unchanged,SBUX,,98.9,,2026-07-21T20:45:54.984897+00:00,2026-07-21T20:46:00.684143+00:00,initial,10.0,-0.028,,,,,,,,,,,,,,,,,,,,,,,,,,,,,,,,,,,,,,,,,,,,,,,,
stop_intent,stop_unchanged,AMT,,156.74,,2026-07-21T21:46:08.615361+00:00,2026-07-21T21:46:11.938802+00:00,initial,5.0,-0.056,,,,,,,,,,,,,,,,,,,,,,,,,,,,,,,,,,,,,,,,,,,,,,,,
stop_intent,stop_unchanged,KLAC,,174.82,,2026-07-21T21:46:08.615372+00:00,2026-07-21T21:46:11.943023+00:00,initial,9.0,0.033,,,,,,,,,,,,,,,,,,,,,,,,,,,,,,,,,,,,,,,,,,,,,,,,
stop_intent,stop_unchanged,SBUX,,98.9,,2026-07-21T21:46:08.615375+00:00,2026-07-21T21:46:11.946400+00:00,initial,10.0,-0.064,,,,,,,,,,,,,,,,,,,,,,,,,,,,,,,,,,,,,,,,,,,,,,,,
stop_intent,stop_unchanged,AMT,,156.74,,2026-07-21T22:45:58.879332+00:00,2026-07-21T22:46:03.719048+00:00,initial,5.0,-0.065,,,,,,,,,,,,,,,,,,,,,,,,,,,,,,,,,,,,,,,,,,,,,,,,
stop_intent,stop_unchanged,KLAC,,174.82,,2026-07-21T22:45:58.879342+00:00,2026-07-21T22:46:03.724850+00:00,initial,9.0,-0.017,,,,,,,,,,,,,,,,,,,,,,,,,,,,,,,,,,,,,,,,,,,,,,,,
stop_intent,stop_unchanged,SBUX,,98.9,,2026-07-21T22:45:58.879347+00:00,2026-07-21T22:46:03.729916+00:00,initial,10.0,-0.025,,,,,,,,,,,,,,,,,,,,,,,,,,,,,,,,,,,,,,,,,,,,,,,,
stop_intent,stop_unchanged,AMT,,156.74,,2026-07-21T23:46:05.697164+00:00,2026-07-21T23:46:11.876301+00:00,initial,5.0,0.007,,,,,,,,,,,,,,,,,,,,,,,,,,,,,,,,,,,,,,,,,,,,,,,,
stop_intent,stop_unchanged,KLAC,,174.82,,2026-07-21T23:46:05.697174+00:00,2026-07-21T23:46:11.882306+00:00,initial,9.0,0.006,,,,,,,,,,,,,,,,,,,,,,,,,,,,,,,,,,,,,,,,,,,,,,,,
stop_intent,stop_unchanged,SBUX,,98.9,,2026-07-21T23:46:05.697179+00:00,2026-07-21T23:46:11.887341+00:00,initial,10.0,-0.025,,,,,,,,,,,,,,,,,,,,,,,,,,,,,,,,,,,,,,,,,,,,,,,,
stop_intent,stop_unchanged,AMT,,156.74,,2026-07-22T00:46:12.477570+00:00,2026-07-22T00:46:15.369255+00:00,initial,5.0,0.007,,,,,,,,,,,,,,,,,,,,,,,,,,,,,,,,,,,,,,,,,,,,,,,,
stop_intent,stop_unchanged,KLAC,,174.82,,2026-07-22T00:46:12.477579+00:00,2026-07-22T00:46:15.373183+00:00,initial,9.0,-0.051,,,,,,,,,,,,,,,,,,,,,,,,,,,,,,,,,,,,,,,,,,,,,,,,
stop_intent,stop_unchanged,SBUX,,98.9,,2026-07-22T00:46:12.477582+00:00,2026-07-22T00:46:15.376108+00:00,initial,10.0,-0.025,,,,,,,,,,,,,,,,,,,,,,,,,,,,,,,,,,,,,,,,,,,,,,,,
stop_intent,stop_unchanged,AMT,,156.74,,2026-07-22T01:45:56.109343+00:00,2026-07-22T01:46:00.413610+00:00,initial,5.0,0.007,,,,,,,,,,,,,,,,,,,,,,,,,,,,,,,,,,,,,,,,,,,,,,,,
stop_intent,stop_unchanged,KLAC,,174.82,,2026-07-22T01:45:56.109355+00:00,2026-07-22T01:46:00.419449+00:00,initial,9.0,-0.05,,,,,,,,,,,,,,,,,,,,,,,,,,,,,,,,,,,,,,,,,,,,,,,,
stop_intent,stop_unchanged,SBUX,,98.9,,2026-07-22T01:45:56.109360+00:00,2026-07-22T01:46:00.424214+00:00,initial,10.0,-0.025,,,,,,,,,,,,,,,,,,,,,,,,,,,,,,,,,,,,,,,,,,,,,,,,
stop_intent,stop_unchanged,AMT,,156.74,,2026-07-22T02:46:00.014822+00:00,2026-07-22T02:46:05.427407+00:00,initial,5.0,0.007,,,,,,,,,,,,,,,,,,,,,,,,,,,,,,,,,,,,,,,,,,,,,,,,
stop_intent,stop_unchanged,KLAC,,174.82,,2026-07-22T02:46:00.014834+00:00,2026-07-22T02:46:05.433581+00:00,initial,9.0,-0.082,,,,,,,,,,,,,,,,,,,,,,,,,,,,,,,,,,,,,,,,,,,,,,,,
stop_intent,stop_unchanged,SBUX,,98.9,,2026-07-22T02:46:00.014839+00:00,2026-07-22T02:46:05.438838+00:00,initial,10.0,-0.025,,,,,,,,,,,,,,,,,,,,,,,,,,,,,,,,,,,,,,,,,,,,,,,,
stop_intent,stop_unchanged,AMT,,156.74,,2026-07-22T03:46:12.747235+00:00,2026-07-22T03:46:18.705404+00:00,initial,5.0,0.007,,,,,,,,,,,,,,,,,,,,,,,,,,,,,,,,,,,,,,,,,,,,,,,,
stop_intent,stop_unchanged,KLAC,,174.82,,2026-07-22T03:46:12.747248+00:00,2026-07-22T03:46:18.711870+00:00,initial,9.0,-0.107,,,,,,,,,,,,,,,,,,,,,,,,,,,,,,,,,,,,,,,,,,,,,,,,
stop_intent,stop_unchanged,SBUX,,98.9,,2026-07-22T03:46:12.747253+00:00,2026-07-22T03:46:18.717257+00:00,initial,10.0,-0.025,,,,,,,,,,,,,,,,,,,,,,,,,,,,,,,,,,,,,,,,,,,,,,,,
stop_intent,stop_unchanged,AMT,,156.74,,2026-07-22T04:46:39.364033+00:00,2026-07-22T04:46:43.784623+00:00,initial,5.0,0.007,,,,,,,,,,,,,,,,,,,,,,,,,,,,,,,,,,,,,,,,,,,,,,,,
stop_intent,stop_unchanged,KLAC,,174.82,,2026-07-22T04:46:39.364044+00:00,2026-07-22T04:46:43.790526+00:00,initial,9.0,-0.098,,,,,,,,,,,,,,,,,,,,,,,,,,,,,,,,,,,,,,,,,,,,,,,,
stop_intent,stop_unchanged,SBUX,,98.9,,2026-07-22T04:46:39.364049+00:00,2026-07-22T04:46:43.795416+00:00,initial,10.0,-0.025,,,,,,,,,,,,,,,,,,,,,,,,,,,,,,,,,,,,,,,,,,,,,,,,
stop_intent,stop_unchanged,AMT,,156.74,,2026-07-22T05:46:19.180854+00:00,2026-07-22T05:46:24.624835+00:00,initial,5.0,0.007,,,,,,,,,,,,,,,,,,,,,,,,,,,,,,,,,,,,,,,,,,,,,,,,
stop_intent,stop_unchanged,KLAC,,174.82,,2026-07-22T05:46:19.180867+00:00,2026-07-22T05:46:24.630987+00:00,initial,9.0,-0.145,,,,,,,,,,,,,,,,,,,,,,,,,,,,,,,,,,,,,,,,,,,,,,,,
stop_intent,stop_unchanged,SBUX,,98.9,,2026-07-22T05:46:19.180872+00:00,2026-07-22T05:46:24.636206+00:00,initial,10.0,-0.025,,,,,,,,,,,,,,,,,,,,,,,,,,,,,,,,,,,,,,,,,,,,,,,,
stop_intent,stop_unchanged,AMT,,156.74,,2026-07-22T06:46:02.192544+00:00,2026-07-22T06:46:07.656978+00:00,initial,5.0,0.007,,,,,,,,,,,,,,,,,,,,,,,,,,,,,,,,,,,,,,,,,,,,,,,,
stop_intent,stop_unchanged,KLAC,,174.82,,2026-07-22T06:46:02.192557+00:00,2026-07-22T06:46:07.662854+00:00,initial,9.0,-0.167,,,,,,,,,,,,,,,,,,,,,,,,,,,,,,,,,,,,,,,,,,,,,,,,
stop_intent,stop_unchanged,SBUX,,98.9,,2026-07-22T06:46:02.192562+00:00,2026-07-22T06:46:07.667928+00:00,initial,10.0,-0.025,,,,,,,,,,,,,,,,,,,,,,,,,,,,,,,,,,,,,,,,,,,,,,,,
stop_intent,stop_unchanged,AMT,,156.74,,2026-07-22T07:46:11.457614+00:00,2026-07-22T07:46:17.174004+00:00,initial,5.0,0.007,,,,,,,,,,,,,,,,,,,,,,,,,,,,,,,,,,,,,,,,,,,,,,,,
stop_intent,stop_unchanged,KLAC,,174.82,,2026-07-22T07:46:11.457625+00:00,2026-07-22T07:46:17.179694+00:00,initial,9.0,-0.149,,,,,,,,,,,,,,,,,,,,,,,,,,,,,,,,,,,,,,,,,,,,,,,,
stop_intent,stop_unchanged,SBUX,,98.9,,2026-07-22T07:46:11.457630+00:00,2026-07-22T07:46:17.184855+00:00,initial,10.0,-0.025,,,,,,,,,,,,,,,,,,,,,,,,,,,,,,,,,,,,,,,,,,,,,,,,
exit_intent,exit,KLAC,horizon reached: held 8 bars >= 5 (1d),,81c81fcf-51d5-459f-bfd6-31471045cd65,2026-07-22T08:45:55.823688+00:00,2026-07-22T08:46:01.695883+00:00,,,,,,pending_new,,state_ext=stretched_down + state_slope=downtrend,state_ext=stretched_down + state_slope=downtrend,"{'state_ext': 'stretched_down', 'state_slope': 'downtrend'}",8.0,5.0,1d,False,paper_trade_log_enter,,,,,,,,,,,,,,,,,,,,,,,,,,,,,,,,,,,,
stop_intent,stop_unchanged,AMT,,156.74,,2026-07-22T08:45:55.843260+00:00,2026-07-22T08:46:01.701688+00:00,initial,5.0,0.007,,,,,,,,,,,,,,,,,,,,,,,,,,,,,,,,,,,,,,,,,,,,,,,,
stop_intent,stop_unchanged,KLAC,,174.82,,2026-07-22T08:45:55.843270+00:00,2026-07-22T08:46:01.706744+00:00,initial,9.0,-0.143,,,,,,,,,,,,,,,,,,,,,,,,,,,,,,,,,,,,,,,,,,,,,,,,
stop_intent,stop_unchanged,SBUX,,98.9,,2026-07-22T08:45:55.843275+00:00,2026-07-22T08:46:01.711817+00:00,initial,10.0,-0.059,,,,,,,,,,,,,,,,,,,,,,,,,,,,,,,,,,,,,,,,,,,,,,,,
exit_intent,exit,KLAC,horizon reached: held 8 bars >= 5 (1d),,c5913a11-4422-49ee-b5d9-6a64cbf7c29f,2026-07-22T09:46:05.284776+00:00,2026-07-22T09:46:10.857593+00:00,,,,,,pending_new,,state_ext=stretched_down + state_slope=downtrend,state_ext=stretched_down + state_slope=downtrend,"{'state_ext': 'stretched_down', 'state_slope': 'downtrend'}",8.0,5.0,1d,False,paper_trade_log_enter,,,,,,,,,,,,,,,,,,,,,,,,,,,,,,,,,,,,
stop_intent,stop_unchanged,AMT,,156.74,,2026-07-22T09:46:05.326722+00:00,2026-07-22T09:46:10.861814+00:00,initial,5.0,0.007,,,,,,,,,,,,,,,,,,,,,,,,,,,,,,,,,,,,,,,,,,,,,,,,
stop_intent,stop_unchanged,KLAC,,174.82,,2026-07-22T09:46:05.326735+00:00,2026-07-22T09:46:10.865624+00:00,initial,9.0,-0.142,,,,,,,,,,,,,,,,,,,,,,,,,,,,,,,,,,,,,,,,,,,,,,,,
stop_intent,stop_unchanged,SBUX,,98.9,,2026-07-22T09:46:05.326739+00:00,2026-07-22T09:46:10.869426+00:00,initial,10.0,-0.059,,,,,,,,,,,,,,,,,,,,,,,,,,,,,,,,,,,,,,,,,,,,,,,,
exit_intent,exit,KLAC,horizon reached: held 8 bars >= 5 (1d),,faa4a139-3ae4-43da-be90-d290228bd1f9,2026-07-22T10:46:04.762788+00:00,2026-07-22T10:46:10.671455+00:00,,,,,,pending_new,,state_ext=stretched_down + state_slope=downtrend,state_ext=stretched_down + state_slope=downtrend,"{'state_ext': 'stretched_down', 'state_slope': 'downtrend'}",8.0,5.0,1d,False,paper_trade_log_enter,,,,,,,,,,,,,,,,,,,,,,,,,,,,,,,,,,,,
stop_intent,stop_unchanged,AMT,,156.74,,2026-07-22T10:46:04.800866+00:00,2026-07-22T10:46:10.675821+00:00,initial,5.0,0.007,,,,,,,,,,,,,,,,,,,,,,,,,,,,,,,,,,,,,,,,,,,,,,,,
stop_intent,stop_unchanged,KLAC,,174.82,,2026-07-22T10:46:04.800879+00:00,2026-07-22T10:46:10.711992+00:00,initial,9.0,-0.131,,,,,,,,,,,,,,,,,,,,,,,,,,,,,,,,,,,,,,,,,,,,,,,,
stop_intent,stop_unchanged,SBUX,,98.9,,2026-07-22T10:46:04.800883+00:00,2026-07-22T10:46:10.716090+00:00,initial,10.0,-0.056,,,,,,,,,,,,,,,,,,,,,,,,,,,,,,,,,,,,,,,,,,,,,,,,
exit_intent,exit,KLAC,horizon reached: held 8 bars >= 5 (1d),,44b64c6d-348b-47ef-9859-3554e1c880ff,2026-07-22T11:45:58.461630+00:00,2026-07-22T11:46:04.893474+00:00,,,,,,pending_new,,state_ext=stretched_down + state_slope=downtrend,state_ext=stretched_down + state_slope=downtrend,"{'state_ext': 'stretched_down', 'state_slope': 'downtrend'}",8.0,5.0,1d,False,paper_trade_log_enter,,,,,,,,,,,,,,,,,,,,,,,,,,,,,,,,,,,,
stop_intent,stop_unchanged,AMT,,156.74,,2026-07-22T11:45:58.515663+00:00,2026-07-22T11:46:04.899386+00:00,initial,5.0,0.007,,,,,,,,,,,,,,,,,,,,,,,,,,,,,,,,,,,,,,,,,,,,,,,,
stop_intent,stop_unchanged,KLAC,,174.82,,2026-07-22T11:45:58.515677+00:00,2026-07-22T11:46:04.904753+00:00,initial,9.0,-0.169,,,,,,,,,,,,,,,,,,,,,,,,,,,,,,,,,,,,,,,,,,,,,,,,
stop_intent,stop_unchanged,SBUX,,98.9,,2026-07-22T11:45:58.515682+00:00,2026-07-22T11:46:04.910118+00:00,initial,10.0,-0.056,,,,,,,,,,,,,,,,,,,,,,,,,,,,,,,,,,,,,,,,,,,,,,,,
exit_intent,exit,KLAC,horizon reached: held 8 bars >= 5 (1d),,9ea1725e-5127-4053-9c20-519e47273dc0,2026-07-22T12:46:03.030488+00:00,2026-07-22T12:46:08.213648+00:00,,,,,,pending_new,,state_ext=stretched_down + state_slope=downtrend,state_ext=stretched_down + state_slope=downtrend,"{'state_ext': 'stretched_down', 'state_slope': 'downtrend'}",8.0,5.0,1d,False,paper_trade_log_enter,,,,,,,,,,,,,,,,,,,,,,,,,,,,,,,,,,,,
stop_intent,stop_unchanged,AMT,,156.74,,2026-07-22T12:46:03.075893+00:00,2026-07-22T12:46:08.219964+00:00,initial,5.0,0.007,,,,,,,,,,,,,,,,,,,,,,,,,,,,,,,,,,,,,,,,,,,,,,,,
stop_intent,stop_unchanged,KLAC,,174.82,,2026-07-22T12:46:03.075901+00:00,2026-07-22T12:46:08.225508+00:00,initial,9.0,-0.19,,,,,,,,,,,,,,,,,,,,,,,,,,,,,,,,,,,,,,,,,,,,,,,,
stop_intent,stop_unchanged,SBUX,,98.9,,2026-07-22T12:46:03.075905+00:00,2026-07-22T12:46:08.230771+00:00,initial,10.0,0.001,,,,,,,,,,,,,,,,,,,,,,,,,,,,,,,,,,,,,,,,,,,,,,,,
exit_intent,exit,AVGO,stable filter broken: state_ext=neutral (expected stretched_up),,e1dead69-4b0d-4a6c-9849-dc5f5daa6d84,2026-07-22T13:46:20.078387+00:00,2026-07-22T13:46:28.866431+00:00,,,,,,pending_new,,cross_USO_state_slope=uptrend + cross_TLT_state_slope=downtrend + state_ext=stretched_up,cross_USO_state_slope=uptrend + cross_TLT_state_slope=downtrend + state_ext=stretched_up,"{'cross_USO_state_slope': 'uptrend', 'cross_TLT_state_slope': 'downtrend', 'state_ext': 'neutral'}",0.0,5.0,1h,False,paper_trade_log_enter,,,,,,,,,,,,,,,,,,,,,,,,,,,,,,,,,,,,
exit_intent,exit,JPM,stable filter broken: state_ext=neutral (expected stretched_up),,de2b6490-c620-43c7-a311-ac61a1282af9,2026-07-22T13:46:20.078395+00:00,2026-07-22T13:46:31.498063+00:00,,,,,,pending_new,,cross_TLT_state_slope=downtrend + state_ext=stretched_up,cross_TLT_state_slope=downtrend + state_ext=stretched_up,"{'cross_TLT_state_slope': 'downtrend', 'state_ext': 'neutral'}",0.0,5.0,1d,False,paper_trade_log_enter,,,,,,,,,,,,,,,,,,,,,,,,,,,,,,,,,,,,
stop_intent,stop_state_cleared,KLAC,position no longer open (stopped out or closed by another exit policy),,,2026-07-22T13:46:21.434008+00:00,2026-07-22T13:46:31.503912+00:00,,,,False,,,,,,,,,,,,,,,,,,,,,,,,,,,,,,,,,,,,,,,,,,,,,,,
stop_intent,stop_adopted,AMAT,found an existing resting stop order (3e3b0b15-f5a1-45af-96fd-151ffc889c26) at the broker for AMAT with no local tracked state -- adopting it instead of submitting a duplicate (local state was likely lost/reset),461.12,3e3b0b15-f5a1-45af-96fd-151ffc889c26,2026-07-22T13:46:21.434024+00:00,2026-07-22T13:46:31.509091+00:00,,,,,,,,,,,,,,,,,,,,,,,,,,,,,,,,,,,,,,,,,,,,,,,,,,,
stop_intent,stop_unchanged,AMT,,156.74,,2026-07-22T13:46:21.434031+00:00,2026-07-22T13:46:31.514275+00:00,initial,5.0,0.01,,,,,,,,,,,,,,,,,,,,,,,,,,,,,,,,,,,,,,,,,,,,,,,,
stop_intent,stop_adopted,AVGO,found an existing resting stop order (7f041b50-06bd-42bf-97a6-e474edf2478c) at the broker for AVGO with no local tracked state -- adopting it instead of submitting a duplicate (local state was likely lost/reset),349.71,7f041b50-06bd-42bf-97a6-e474edf2478c,2026-07-22T13:46:21.434037+00:00,2026-07-22T13:46:31.519620+00:00,,,,,,,,,,,,,,,,,,,,,,,,,,,,,,,,,,,,,,,,,,,,,,,,,,,
stop_intent,stop_adopted,CVS,found an existing resting stop order (e5f3a7b7-11c6-41ba-a115-456f6983528b) at the broker for CVS with no local tracked state -- adopting it instead of submitting a duplicate (local state was likely lost/reset),104.59,e5f3a7b7-11c6-41ba-a115-456f6983528b,2026-07-22T13:46:21.434042+00:00,2026-07-22T13:46:31.524765+00:00,,,,,,,,,,,,,,,,,,,,,,,,,,,,,,,,,,,,,,,,,,,,,,,,,,,
stop_intent,stop_adopted,JPM,found an existing resting stop order (ba6ab4cb-b0a8-4437-aef1-2f9d1a2a6be3) at the broker for JPM with no local tracked state -- adopting it instead of submitting a duplicate (local state was likely lost/reset),329.13,ba6ab4cb-b0a8-4437-aef1-2f9d1a2a6be3,2026-07-22T13:46:21.434046+00:00,2026-07-22T13:46:31.529949+00:00,,,,,,,,,,,,,,,,,,,,,,,,,,,,,,,,,,,,,,,,,,,,,,,,,,,
stop_intent,stop_unchanged,SBUX,,98.9,,2026-07-22T13:46:21.434050+00:00,2026-07-22T13:46:31.535186+00:00,initial,10.0,0.124,,,,,,,,,,,,,,,,,,,,,,,,,,,,,,,,,,,,,,,,,,,,,,,,
exit_intent,exit,SPG,stable filter broken: state_ext=stretched_up (expected neutral),,6c325d44-bede-42c4-8c6f-acc196996678,2026-07-22T14:46:05.816504+00:00,2026-07-22T14:46:12.004583+00:00,,,,,,pending_new,,cross_USO_state_vol=high_vol + state_ext=neutral,cross_USO_state_vol=high_vol + state_ext=neutral,"{'cross_USO_state_vol': 'high_vol', 'state_ext': 'stretched_up'}",0.0,5.0,1d,False,paper_trade_log_enter,,,,,,,,,,,,,,,,,,,,,,,,,,,,,,,,,,,,
stop_intent,stop_state_cleared,AVGO,position no longer open (stopped out or closed by another exit policy),,,2026-07-22T14:46:06.115499+00:00,2026-07-22T14:46:12.010555+00:00,,,,False,,,,,,,,,,,,,,,,,,,,,,,,,,,,,,,,,,,,,,,,,,,,,,,
stop_intent,stop_state_cleared,JPM,position no longer open (stopped out or closed by another exit policy),,,2026-07-22T14:46:06.115510+00:00,2026-07-22T14:46:12.015887+00:00,,,,False,,,,,,,,,,,,,,,,,,,,,,,,,,,,,,,,,,,,,,,,,,,,,,,
stop_intent,stop_unchanged,AMAT,,461.12,,2026-07-22T14:46:06.115515+00:00,2026-07-22T14:46:12.021184+00:00,initial,3.0,0.087,,,,,,,,,,,,,,,,,,,,,,,,,,,,,,,,,,,,,,,,,,,,,,,,
stop_intent,stop_unchanged,AMT,,156.74,,2026-07-22T14:46:06.115519+00:00,2026-07-22T14:46:12.026596+00:00,initial,5.0,0.193,,,,,,,,,,,,,,,,,,,,,,,,,,,,,,,,,,,,,,,,,,,,,,,,
stop_intent,stop_unchanged,CVS,,104.59,,2026-07-22T14:46:06.115523+00:00,2026-07-22T14:46:12.032010+00:00,initial,8.0,-0.001,,,,,,,,,,,,,,,,,,,,,,,,,,,,,,,,,,,,,,,,,,,,,,,,
stop_intent,stop_ratchet_failed,KLAC,"{""code"":42210000,""message"":""order is not open""}",,,2026-07-22T14:46:06.115526+00:00,2026-07-22T14:46:12.037371+00:00,,,,,,,,,,,,,,,,,,,,,,,,,,,,,,,,,,,,,,,,,,,,,,,,,,,
stop_intent,stop_unchanged,SBUX,,98.9,,2026-07-22T14:46:06.115529+00:00,2026-07-22T14:46:12.042610+00:00,initial,10.0,-0.08,,,,,,,,,,,,,,,,,,,,,,,,,,,,,,,,,,,,,,,,,,,,,,,,
stop_intent,stop_adopted,SPG,found an existing resting stop order (443514f6-693a-4fae-8428-4d11a9996437) at the broker for SPG with no local tracked state -- adopting it instead of submitting a duplicate (local state was likely lost/reset),217.8,443514f6-693a-4fae-8428-4d11a9996437,2026-07-22T14:46:06.115532+00:00,2026-07-22T14:46:12.048015+00:00,,,,,,,,,,,,,,,,,,,,,,,,,,,,,,,,,,,,,,,,,,,,,,,,,,,
stop_intent,stop_state_cleared,AMT,position no longer open (stopped out or closed by another exit policy),,,2026-07-22T15:46:10.740058+00:00,2026-07-22T15:46:15.746619+00:00,,,,False,,,,,,,,,,,,,,,,,,,,,,,,,,,,,,,,,,,,,,,,,,,,,,,
stop_intent,stop_state_cleared,AVGO,position no longer open (stopped out or closed by another exit policy),,,2026-07-22T15:46:10.740070+00:00,2026-07-22T15:46:15.751682+00:00,,,,False,,,,,,,,,,,,,,,,,,,,,,,,,,,,,,,,,,,,,,,,,,,,,,,
stop_intent,stop_state_cleared,CVS,position no longer open (stopped out or closed by another exit policy),,,2026-07-22T15:46:10.740074+00:00,2026-07-22T15:46:15.756144+00:00,,,,False,,,,,,,,,,,,,,,,,,,,,,,,,,,,,,,,,,,,,,,,,,,,,,,
stop_intent,stop_state_cleared,JPM,position no longer open (stopped out or closed by another exit policy),,,2026-07-22T15:46:10.740077+00:00,2026-07-22T15:46:15.760521+00:00,,,,False,,,,,,,,,,,,,,,,,,,,,,,,,,,,,,,,,,,,,,,,,,,,,,,
stop_intent,stop_state_cleared,SPG,position no longer open (stopped out or closed by another exit policy),,,2026-07-22T15:46:10.740081+00:00,2026-07-22T15:46:15.765599+00:00,,,,False,,,,,,,,,,,,,,,,,,,,,,,,,,,,,,,,,,,,,,,,,,,,,,,
stop_intent,stop_unchanged,AMAT,,461.12,,2026-07-22T15:46:10.740085+00:00,2026-07-22T15:46:15.770622+00:00,initial,3.0,0.1,,,,,,,,,,,,,,,,,,,,,,,,,,,,,,,,,,,,,,,,,,,,,,,,
stop_intent,stop_ratchet_failed,KLAC,"{""code"":42210000,""message"":""order is not open""}",,,2026-07-22T15:46:10.740088+00:00,2026-07-22T15:46:15.775278+00:00,,,,,,,,,,,,,,,,,,,,,,,,,,,,,,,,,,,,,,,,,,,,,,,,,,,
stop_intent,stop_unchanged,SBUX,,98.9,,2026-07-22T15:46:10.740091+00:00,2026-07-22T15:46:15.779552+00:00,initial,10.0,-0.073,,,,,,,,,,,,,,,,,,,,,,,,,,,,,,,,,,,,,,,,,,,,,,,,
stop_intent,stop_unchanged,AMAT,,461.12,,2026-07-22T16:46:09.424831+00:00,2026-07-22T16:46:13.968613+00:00,initial,3.0,0.076,,,,,,,,,,,,,,,,,,,,,,,,,,,,,,,,,,,,,,,,,,,,,,,,
stop_intent,stop_adopted,AMT,found an existing resting stop order (a606b9b7-9397-4414-a55f-eb61fb9c25f2) at the broker for AMT with no local tracked state -- adopting it instead of submitting a duplicate (local state was likely lost/reset),158.73,a606b9b7-9397-4414-a55f-eb61fb9c25f2,2026-07-22T16:46:09.424841+00:00,2026-07-22T16:46:13.973202+00:00,,,,,,,,,,,,,,,,,,,,,,,,,,,,,,,,,,,,,,,,,,,,,,,,,,,
stop_intent,stop_ratchet_failed,KLAC,"{""code"":42210000,""message"":""order is not open""}",,,2026-07-22T16:46:09.424845+00:00,2026-07-22T16:46:13.977309+00:00,,,,,,,,,,,,,,,,,,,,,,,,,,,,,,,,,,,,,,,,,,,,,,,,,,,
stop_intent,stop_unchanged,SBUX,,98.9,,2026-07-22T16:46:09.424848+00:00,2026-07-22T16:46:13.981331+00:00,initial,10.0,-0.114,,,,,,,,,,,,,,,,,,,,,,,,,,,,,,,,,,,,,,,,,,,,,,,,
stop_intent,stop_unchanged,AMAT,,461.12,,2026-07-22T17:46:18.215744+00:00,2026-07-22T17:46:24.460697+00:00,initial,3.0,0.105,,,,,,,,,,,,,,,,,,,,,,,,,,,,,,,,,,,,,,,,,,,,,,,,
stop_intent,stop_unchanged,AMT,,158.73,,2026-07-22T17:46:18.215755+00:00,2026-07-22T17:46:24.466772+00:00,initial,5.0,0.125,,,,,,,,,,,,,,,,,,,,,,,,,,,,,,,,,,,,,,,,,,,,,,,,
stop_intent,stop_ratchet_failed,KLAC,"{""code"":42210000,""message"":""order is not open""}",,,2026-07-22T17:46:18.215760+00:00,2026-07-22T17:46:24.472437+00:00,,,,,,,,,,,,,,,,,,,,,,,,,,,,,,,,,,,,,,,,,,,,,,,,,,,
stop_intent,stop_unchanged,SBUX,,98.9,,2026-07-22T17:46:18.215764+00:00,2026-07-22T17:46:24.477822+00:00,initial,10.0,-0.114,,,,,,,,,,,,,,,,,,,,,,,,,,,,,,,,,,,,,,,,,,,,,,,,
stop_intent,stop_unchanged,AMAT,,461.12,,2026-07-22T18:46:05.183097+00:00,2026-07-22T18:46:08.082465+00:00,initial,3.0,0.11,,,,,,,,,,,,,,,,,,,,,,,,,,,,,,,,,,,,,,,,,,,,,,,,
stop_intent,stop_unchanged,AMT,,158.73,,2026-07-22T18:46:05.183110+00:00,2026-07-22T18:46:08.180308+00:00,initial,5.0,0.083,,,,,,,,,,,,,,,,,,,,,,,,,,,,,,,,,,,,,,,,,,,,,,,,
stop_intent,stop_attached,GOLD,,36.4576,3fbd0150-1a51-4058-97ba-676ad9dbee45,2026-07-22T18:46:05.183115+00:00,2026-07-22T18:46:08.286243+00:00,,,,,,,,,,,,,,,,3.4029,78.27,1.7014,,,,,,,,,,,,,,,,,,,,,,,,,,,,,,,,,
stop_intent,stop_ratchet_failed,KLAC,"{""code"":42210000,""message"":""order is not open""}",,,2026-07-22T18:46:05.183118+00:00,2026-07-22T18:46:08.400666+00:00,,,,,,,,,,,,,,,,,,,,,,,,,,,,,,,,,,,,,,,,,,,,,,,,,,,
stop_intent,stop_unchanged,SBUX,,98.9,,2026-07-22T18:46:05.183120+00:00,2026-07-22T18:46:08.433269+00:00,initial,10.0,-0.169,,,,,,,,,,,,,,,,,,,,,,,,,,,,,,,,,,,,,,,,,,,,,,,,
stop_intent,stop_state_cleared,AMT,position no longer open (stopped out or closed by another exit policy),,,2026-07-22T19:46:01.405290+00:00,2026-07-22T19:46:05.345513+00:00,,,,False,,,,,,,,,,,,,,,,,,,,,,,,,,,,,,,,,,,,,,,,,,,,,,,
stop_intent,stop_state_cleared,GOLD,position no longer open (stopped out or closed by another exit policy),,,2026-07-22T19:46:01.405301+00:00,2026-07-22T19:46:05.351661+00:00,,,,False,,,,,,,,,,,,,,,,,,,,,,,,,,,,,,,,,,,,,,,,,,,,,,,
stop_intent,stop_unchanged,AMAT,,461.12,,2026-07-22T19:46:01.405306+00:00,2026-07-22T19:46:05.357334+00:00,initial,3.0,0.093,,,,,,,,,,,,,,,,,,,,,,,,,,,,,,,,,,,,,,,,,,,,,,,,
stop_intent,stop_ratchet_failed,KLAC,"{""code"":42210000,""message"":""order is not open""}",,,2026-07-22T19:46:01.405310+00:00,2026-07-22T19:46:05.363058+00:00,,,,,,,,,,,,,,,,,,,,,,,,,,,,,,,,,,,,,,,,,,,,,,,,,,,
stop_intent,stop_unchanged,SBUX,,98.9,,2026-07-22T19:46:01.405314+00:00,2026-07-22T19:46:05.368621+00:00,initial,10.0,-0.175,,,,,,,,,,,,,,,,,,,,,,,,,,,,,,,,,,,,,,,,,,,,,,,,
stop_intent,stop_unchanged,AMAT,,461.12,,2026-07-22T20:46:00.913782+00:00,2026-07-22T20:46:05.393059+00:00,initial,3.0,0.066,,,,,,,,,,,,,,,,,,,,,,,,,,,,,,,,,,,,,,,,,,,,,,,,
stop_intent,stop_ratchet_failed,KLAC,"{""code"":42210000,""message"":""order is not open""}",,,2026-07-22T20:46:00.913793+00:00,2026-07-22T20:46:05.399350+00:00,,,,,,,,,,,,,,,,,,,,,,,,,,,,,,,,,,,,,,,,,,,,,,,,,,,
stop_intent,stop_unchanged,SBUX,,98.9,,2026-07-22T20:46:00.913823+00:00,2026-07-22T20:46:05.404901+00:00,initial,10.0,-0.158,,,,,,,,,,,,,,,,,,,,,,,,,,,,,,,,,,,,,,,,,,,,,,,,
stop_intent,stop_unchanged,AMAT,,461.12,,2026-07-22T21:51:16.380134+00:00,2026-07-22T21:51:22.480261+00:00,initial,3.0,0.123,,,,,,,,,,,,,,,,,,,,,,,,,,,,,,,,,,,,,,,,,,,,,,,,
stop_intent,stop_ratchet_failed,KLAC,"{""code"":42210000,""message"":""order is not open""}",,,2026-07-22T21:51:16.380145+00:00,2026-07-22T21:51:22.486789+00:00,,,,,,,,,,,,,,,,,,,,,,,,,,,,,,,,,,,,,,,,,,,,,,,,,,,
stop_intent,stop_unchanged,SBUX,,98.9,,2026-07-22T21:51:16.380151+00:00,2026-07-22T21:51:22.492614+00:00,initial,10.0,-0.203,,,,,,,,,,,,,,,,,,,,,,,,,,,,,,,,,,,,,,,,,,,,,,,,
stop_intent,stop_unchanged,AMAT,,461.12,,2026-07-22T22:46:15.563250+00:00,2026-07-22T22:46:20.655743+00:00,initial,3.0,0.061,,,,,,,,,,,,,,,,,,,,,,,,,,,,,,,,,,,,,,,,,,,,,,,,
stop_intent,stop_ratchet_failed,KLAC,"{""code"":42210000,""message"":""order is not open""}",,,2026-07-22T22:46:15.563263+00:00,2026-07-22T22:46:20.662474+00:00,,,,,,,,,,,,,,,,,,,,,,,,,,,,,,,,,,,,,,,,,,,,,,,,,,,
stop_intent,stop_unchanged,SBUX,,98.9,,2026-07-22T22:46:15.563268+00:00,2026-07-22T22:46:20.668560+00:00,initial,10.0,-0.127,,,,,,,,,,,,,,,,,,,,,,,,,,,,,,,,,,,,,,,,,,,,,,,,
stop_intent,stop_unchanged,AMAT,,461.12,,2026-07-22T23:46:06.838769+00:00,2026-07-22T23:46:10.320707+00:00,initial,3.0,0.061,,,,,,,,,,,,,,,,,,,,,,,,,,,,,,,,,,,,,,,,,,,,,,,,
stop_intent,stop_ratchet_failed,KLAC,"{""code"":42210000,""message"":""order is not open""}",,,2026-07-22T23:46:06.838781+00:00,2026-07-22T23:46:10.325933+00:00,,,,,,,,,,,,,,,,,,,,,,,,,,,,,,,,,,,,,,,,,,,,,,,,,,,
stop_intent,stop_unchanged,SBUX,,98.9,,2026-07-22T23:46:06.838787+00:00,2026-07-22T23:46:10.330595+00:00,initial,10.0,-0.127,,,,,,,,,,,,,,,,,,,,,,,,,,,,,,,,,,,,,,,,,,,,,,,,
stop_intent,stop_unchanged,AMAT,,461.12,,2026-07-23T00:46:10.587348+00:00,2026-07-23T00:46:16.119523+00:00,initial,3.0,0.123,,,,,,,,,,,,,,,,,,,,,,,,,,,,,,,,,,,,,,,,,,,,,,,,
stop_intent,stop_ratchet_failed,KLAC,"{""code"":42210000,""message"":""order is not open""}",,,2026-07-23T00:46:10.587360+00:00,2026-07-23T00:46:16.126604+00:00,,,,,,,,,,,,,,,,,,,,,,,,,,,,,,,,,,,,,,,,,,,,,,,,,,,
stop_intent,stop_unchanged,SBUX,,98.9,,2026-07-23T00:46:10.587365+00:00,2026-07-23T00:46:16.132717+00:00,initial,10.0,-0.127,,,,,,,,,,,,,,,,,,,,,,,,,,,,,,,,,,,,,,,,,,,,,,,,
stop_intent,stop_unchanged,AMAT,,461.12,,2026-07-23T01:46:15.881527+00:00,2026-07-23T01:46:21.485866+00:00,initial,3.0,0.133,,,,,,,,,,,,,,,,,,,,,,,,,,,,,,,,,,,,,,,,,,,,,,,,
stop_intent,stop_ratchet_failed,KLAC,"{""code"":42210000,""message"":""order is not open""}",,,2026-07-23T01:46:15.881539+00:00,2026-07-23T01:46:21.492564+00:00,,,,,,,,,,,,,,,,,,,,,,,,,,,,,,,,,,,,,,,,,,,,,,,,,,,
stop_intent,stop_unchanged,SBUX,,98.9,,2026-07-23T01:46:15.881544+00:00,2026-07-23T01:46:21.498595+00:00,initial,10.0,-0.127,,,,,,,,,,,,,,,,,,,,,,,,,,,,,,,,,,,,,,,,,,,,,,,,
stop_intent,stop_unchanged,AMAT,,461.12,,2026-07-23T02:45:57.751271+00:00,2026-07-23T02:46:02.548114+00:00,initial,3.0,0.024,,,,,,,,,,,,,,,,,,,,,,,,,,,,,,,,,,,,,,,,,,,,,,,,
stop_intent,stop_ratchet_failed,KLAC,"{""code"":42210000,""message"":""order is not open""}",,,2026-07-23T02:45:57.751281+00:00,2026-07-23T02:46:02.554720+00:00,,,,,,,,,,,,,,,,,,,,,,,,,,,,,,,,,,,,,,,,,,,,,,,,,,,
stop_intent,stop_unchanged,SBUX,,98.9,,2026-07-23T02:45:57.751287+00:00,2026-07-23T02:46:02.560643+00:00,initial,10.0,-0.127,,,,,,,,,,,,,,,,,,,,,,,,,,,,,,,,,,,,,,,,,,,,,,,,
stop_intent,stop_unchanged,AMAT,,461.12,,2026-07-23T03:46:15.041949+00:00,2026-07-23T03:46:20.564925+00:00,initial,3.0,0.053,,,,,,,,,,,,,,,,,,,,,,,,,,,,,,,,,,,,,,,,,,,,,,,,
stop_intent,stop_ratchet_failed,KLAC,"{""code"":42210000,""message"":""order is not open""}",,,2026-07-23T03:46:15.041959+00:00,2026-07-23T03:46:20.571787+00:00,,,,,,,,,,,,,,,,,,,,,,,,,,,,,,,,,,,,,,,,,,,,,,,,,,,
stop_intent,stop_unchanged,SBUX,,98.9,,2026-07-23T03:46:15.041964+00:00,2026-07-23T03:46:20.577895+00:00,initial,10.0,-0.127,,,,,,,,,,,,,,,,,,,,,,,,,,,,,,,,,,,,,,,,,,,,,,,,
stop_intent,stop_unchanged,AMAT,,461.12,,2026-07-23T04:45:58.237534+00:00,2026-07-23T04:46:03.904185+00:00,initial,3.0,0.056,,,,,,,,,,,,,,,,,,,,,,,,,,,,,,,,,,,,,,,,,,,,,,,,
stop_intent,stop_ratchet_failed,KLAC,"{""code"":42210000,""message"":""order is not open""}",,,2026-07-23T04:45:58.237544+00:00,2026-07-23T04:46:03.911158+00:00,,,,,,,,,,,,,,,,,,,,,,,,,,,,,,,,,,,,,,,,,,,,,,,,,,,
stop_intent,stop_unchanged,SBUX,,98.9,,2026-07-23T04:45:58.237549+00:00,2026-07-23T04:46:03.917205+00:00,initial,10.0,-0.127,,,,,,,,,,,,,,,,,,,,,,,,,,,,,,,,,,,,,,,,,,,,,,,,
stop_intent,stop_unchanged,AMAT,,461.12,,2026-07-23T05:46:18.233735+00:00,2026-07-23T05:46:23.735611+00:00,initial,3.0,0.069,,,,,,,,,,,,,,,,,,,,,,,,,,,,,,,,,,,,,,,,,,,,,,,,
stop_intent,stop_ratchet_failed,KLAC,"{""code"":42210000,""message"":""order is not open""}",,,2026-07-23T05:46:18.233748+00:00,2026-07-23T05:46:23.742660+00:00,,,,,,,,,,,,,,,,,,,,,,,,,,,,,,,,,,,,,,,,,,,,,,,,,,,
stop_intent,stop_unchanged,SBUX,,98.9,,2026-07-23T05:46:18.233753+00:00,2026-07-23T05:46:23.749104+00:00,initial,10.0,-0.127,,,,,,,,,,,,,,,,,,,,,,,,,,,,,,,,,,,,,,,,,,,,,,,,
stop_intent,stop_unchanged,AMAT,,461.12,,2026-07-23T06:46:02.470302+00:00,2026-07-23T06:46:05.364674+00:00,initial,3.0,0.044,,,,,,,,,,,,,,,,,,,,,,,,,,,,,,,,,,,,,,,,,,,,,,,,
stop_intent,stop_ratchet_failed,KLAC,"{""code"":42210000,""message"":""order is not open""}",,,2026-07-23T06:46:02.470311+00:00,2026-07-23T06:46:05.369994+00:00,,,,,,,,,,,,,,,,,,,,,,,,,,,,,,,,,,,,,,,,,,,,,,,,,,,
stop_intent,stop_unchanged,SBUX,,98.9,,2026-07-23T06:46:02.470315+00:00,2026-07-23T06:46:05.374478+00:00,initial,10.0,-0.09,,,,,,,,,,,,,,,,,,,,,,,,,,,,,,,,,,,,,,,,,,,,,,,,
stop_intent,stop_unchanged,AMAT,,461.12,,2026-07-23T07:45:59.625603+00:00,2026-07-23T07:46:03.581966+00:00,initial,3.0,-0.051,,,,,,,,,,,,,,,,,,,,,,,,,,,,,,,,,,,,,,,,,,,,,,,,
stop_intent,stop_ratchet_failed,KLAC,"{""code"":40410000,""message"":""order not found""}",,,2026-07-23T07:45:59.625614+00:00,2026-07-23T07:46:03.588672+00:00,,,,,,,,,,,,,,,,,,,,,,,,,,,,,,,,,,,,,,,,,,,,,,,,,,,
stop_intent,stop_unchanged,SBUX,,98.9,,2026-07-23T07:45:59.625620+00:00,2026-07-23T07:46:03.594490+00:00,initial,10.0,-0.228,,,,,,,,,,,,,,,,,,,,,,,,,,,,,,,,,,,,,,,,,,,,,,,,
stop_intent,stop_unchanged,AMAT,,461.12,,2026-07-23T08:46:08.187997+00:00,2026-07-23T08:46:12.252862+00:00,initial,3.0,0.038,,,,,,,,,,,,,,,,,,,,,,,,,,,,,,,,,,,,,,,,,,,,,,,,
stop_intent,stop_ratchet_failed,KLAC,"{""code"":40410000,""message"":""order not found""}",,,2026-07-23T08:46:08.188009+00:00,2026-07-23T08:46:12.259030+00:00,,,,,,,,,,,,,,,,,,,,,,,,,,,,,,,,,,,,,,,,,,,,,,,,,,,
stop_intent,stop_unchanged,SBUX,,98.9,,2026-07-23T08:46:08.188013+00:00,2026-07-23T08:46:12.264771+00:00,initial,10.0,-0.228,,,,,,,,,,,,,,,,,,,,,,,,,,,,,,,,,,,,,,,,,,,,,,,,
stop_intent,stop_unchanged,AMAT,,461.12,,2026-07-23T09:46:01.495567+00:00,2026-07-23T09:46:05.193676+00:00,initial,3.0,0.062,,,,,,,,,,,,,,,,,,,,,,,,,,,,,,,,,,,,,,,,,,,,,,,,
stop_intent,stop_ratchet_failed,KLAC,"{""code"":40410000,""message"":""order not found""}",,,2026-07-23T09:46:01.495580+00:00,2026-07-23T09:46:05.200539+00:00,,,,,,,,,,,,,,,,,,,,,,,,,,,,,,,,,,,,,,,,,,,,,,,,,,,
stop_intent,stop_unchanged,SBUX,,98.9,,2026-07-23T09:46:01.495585+00:00,2026-07-23T09:46:05.206650+00:00,initial,10.0,-0.228,,,,,,,,,,,,,,,,,,,,,,,,,,,,,,,,,,,,,,,,,,,,,,,,
stop_intent,stop_unchanged,AMAT,,461.12,,2026-07-23T10:46:03.346139+00:00,2026-07-23T10:46:07.463202+00:00,initial,3.0,0.071,,,,,,,,,,,,,,,,,,,,,,,,,,,,,,,,,,,,,,,,,,,,,,,,
stop_intent,stop_ratchet_failed,KLAC,"{""code"":40410000,""message"":""order not found""}",,,2026-07-23T10:46:03.346150+00:00,2026-07-23T10:46:07.468799+00:00,,,,,,,,,,,,,,,,,,,,,,,,,,,,,,,,,,,,,,,,,,,,,,,,,,,
stop_intent,stop_unchanged,SBUX,,98.9,,2026-07-23T10:46:03.346154+00:00,2026-07-23T10:46:07.556084+00:00,initial,10.0,-0.228,,,,,,,,,,,,,,,,,,,,,,,,,,,,,,,,,,,,,,,,,,,,,,,,
stop_intent,stop_unchanged,AMAT,,461.12,,2026-07-23T11:45:58.536338+00:00,2026-07-23T11:46:02.136685+00:00,initial,3.0,-0.003,,,,,,,,,,,,,,,,,,,,,,,,,,,,,,,,,,,,,,,,,,,,,,,,
stop_intent,stop_ratchet_failed,KLAC,"{""code"":40410000,""message"":""order not found""}",,,2026-07-23T11:45:58.536350+00:00,2026-07-23T11:46:02.143660+00:00,,,,,,,,,,,,,,,,,,,,,,,,,,,,,,,,,,,,,,,,,,,,,,,,,,,
stop_intent,stop_unchanged,SBUX,,98.9,,2026-07-23T11:45:58.536356+00:00,2026-07-23T11:46:02.149897+00:00,initial,10.0,-0.121,,,,,,,,,,,,,,,,,,,,,,,,,,,,,,,,,,,,,,,,,,,,,,,,
stop_intent,stop_unchanged,AMAT,,461.12,,2026-07-23T12:46:01.924986+00:00,2026-07-23T12:46:06.430605+00:00,initial,3.0,-0.087,,,,,,,,,,,,,,,,,,,,,,,,,,,,,,,,,,,,,,,,,,,,,,,,
stop_intent,stop_ratchet_failed,KLAC,"{""code"":40410000,""message"":""order not found""}",,,2026-07-23T12:46:01.924998+00:00,2026-07-23T12:46:06.437436+00:00,,,,,,,,,,,,,,,,,,,,,,,,,,,,,,,,,,,,,,,,,,,,,,,,,,,
stop_intent,stop_unchanged,SBUX,,98.9,,2026-07-23T12:46:01.925004+00:00,2026-07-23T12:46:06.443540+00:00,initial,10.0,-0.16,,,,,,,,,,,,,,,,,,,,,,,,,,,,,,,,,,,,,,,,,,,,,,,,
exit_intent,exit,AVGO,stable filter broken: cross_TLT_state_slope=flat (expected downtrend),,ce43bbf9-c30f-47dd-a407-f61058e5a5ee,2026-07-23T13:46:11.026010+00:00,2026-07-23T13:46:17.975912+00:00,,,,,,pending_new,,cross_USO_state_slope=uptrend + cross_TLT_state_slope=downtrend + state_ext=stretched_up,cross_USO_state_slope=uptrend + cross_TLT_state_slope=downtrend + state_ext=stretched_up,"{'cross_USO_state_slope': 'uptrend', 'cross_TLT_state_slope': 'flat', 'state_ext': 'stretched_up'}",0.0,5.0,1h,False,paper_trade_log_enter,,,,,,,,,,,,,,,,,,,,,,,,,,,,,,,,,,,,
exit_intent,exit,XBI,stable filter broken: state_ext=neutral (expected stretched_down),,e3845bb3-416b-41a1-9ae5-b335d767727f,2026-07-23T13:46:11.026033+00:00,2026-07-23T13:46:24.990513+00:00,,,,,,pending_new,,cross_USO_state_vol=high_vol + state_ext=stretched_down,cross_USO_state_vol=high_vol + state_ext=stretched_down,"{'cross_USO_state_vol': 'high_vol', 'state_ext': 'neutral'}",0.0,5.0,1d,False,paper_trade_log_enter,,,,,,,,,,,,,,,,,,,,,,,,,,,,,,,,,,,,
stop_intent,stop_unchanged,AMAT,,461.12,,2026-07-23T13:46:11.694094+00:00,2026-07-23T13:46:24.997762+00:00,initial,3.0,0.18,,,,,,,,,,,,,,,,,,,,,,,,,,,,,,,,,,,,,,,,,,,,,,,,
stop_intent,stop_adopted,AVGO,found an existing resting stop order (3acbf170-5bdc-44ff-8b1e-c5a083524c21) at the broker for AVGO with no local tracked state -- adopting it instead of submitting a duplicate (local state was likely lost/reset),360.13,3acbf170-5bdc-44ff-8b1e-c5a083524c21,2026-07-23T13:46:11.694109+00:00,2026-07-23T13:46:25.004301+00:00,,,,,,,,,,,,,,,,,,,,,,,,,,,,,,,,,,,,,,,,,,,,,,,,,,,
stop_intent,stop_adopted,JPM,found an existing resting stop order (c35b43fe-7407-47ea-ad3b-47bcc454d7b0) at the broker for JPM with no local tracked state -- adopting it instead of submitting a duplicate (local state was likely lost/reset),331.44,c35b43fe-7407-47ea-ad3b-47bcc454d7b0,2026-07-23T13:46:11.694117+00:00,2026-07-23T13:46:25.010617+00:00,,,,,,,,,,,,,,,,,,,,,,,,,,,,,,,,,,,,,,,,,,,,,,,,,,,
stop_intent,stop_ratchet_failed,KLAC,"{""code"":40410000,""message"":""order not found""}",,,2026-07-23T13:46:11.694128+00:00,2026-07-23T13:46:25.016976+00:00,,,,,,,,,,,,,,,,,,,,,,,,,,,,,,,,,,,,,,,,,,,,,,,,,,,
stop_intent,stop_unchanged,SBUX,,98.9,,2026-07-23T13:46:11.694133+00:00,2026-07-23T13:46:25.023269+00:00,initial,10.0,-0.37,,,,,,,,,,,,,,,,,,,,,,,,,,,,,,,,,,,,,,,,,,,,,,,,
stop_intent,stop_adopted,SPG,found an existing resting stop order (2463b90b-bbd8-4f7a-be84-447bb46d40d4) at the broker for SPG with no local tracked state -- adopting it instead of submitting a duplicate (local state was likely lost/reset),217.23,2463b90b-bbd8-4f7a-be84-447bb46d40d4,2026-07-23T13:46:11.694140+00:00,2026-07-23T13:46:25.030941+00:00,,,,,,,,,,,,,,,,,,,,,,,,,,,,,,,,,,,,,,,,,,,,,,,,,,,
stop_intent,stop_adopted,XBI,found an existing resting stop order (6ee5cc05-4da8-41ed-99dc-30495b5d7c7d) at the broker for XBI with no local tracked state -- adopting it instead of submitting a duplicate (local state was likely lost/reset),140.76,6ee5cc05-4da8-41ed-99dc-30495b5d7c7d,2026-07-23T13:46:11.694145+00:00,2026-07-23T13:46:25.038000+00:00,,,,,,,,,,,,,,,,,,,,,,,,,,,,,,,,,,,,,,,,,,,,,,,,,,,
stop_intent,stop_state_cleared,AVGO,position no longer open (stopped out or closed by another exit policy),,,2026-07-23T14:46:01.685880+00:00,2026-07-23T14:46:07.105256+00:00,,,,False,,,,,,,,,,,,,,,,,,,,,,,,,,,,,,,,,,,,,,,,,,,,,,,
stop_intent,stop_state_cleared,XBI,position no longer open (stopped out or closed by another exit policy),,,2026-07-23T14:46:01.685887+00:00,2026-07-23T14:46:07.112029+00:00,,,,False,,,,,,,,,,,,,,,,,,,,,,,,,,,,,,,,,,,,,,,,,,,,,,,
stop_intent,stop_unchanged,AMAT,,461.12,,2026-07-23T14:46:01.685892+00:00,2026-07-23T14:46:07.118513+00:00,initial,3.0,0.218,,,,,,,,,,,,,,,,,,,,,,,,,,,,,,,,,,,,,,,,,,,,,,,,
stop_intent,stop_unchanged,JPM,,331.44,,2026-07-23T14:46:01.685896+00:00,2026-07-23T14:46:07.125062+00:00,initial,3.0,0.031,,,,,,,,,,,,,,,,,,,,,,,,,,,,,,,,,,,,,,,,,,,,,,,,
stop_intent,stop_ratchet_failed,KLAC,"{""code"":40410000,""message"":""order not found""}",,,2026-07-23T14:46:01.685899+00:00,2026-07-23T14:46:07.131630+00:00,,,,,,,,,,,,,,,,,,,,,,,,,,,,,,,,,,,,,,,,,,,,,,,,,,,
stop_intent,stop_unchanged,SBUX,,98.9,,2026-07-23T14:46:01.685903+00:00,2026-07-23T14:46:07.137970+00:00,initial,10.0,-0.342,,,,,,,,,,,,,,,,,,,,,,,,,,,,,,,,,,,,,,,,,,,,,,,,
stop_intent,stop_unchanged,SPG,,217.23,,2026-07-23T14:46:01.685906+00:00,2026-07-23T14:46:07.144538+00:00,initial,5.0,0.151,,,,,,,,,,,,,,,,,,,,,,,,,,,,,,,,,,,,,,,,,,,,,,,,
stop_intent,stop_unchanged,AMAT,,461.12,,2026-07-23T15:46:19.314556+00:00,2026-07-23T15:46:25.394154+00:00,initial,3.0,0.127,,,,,,,,,,,,,,,,,,,,,,,,,,,,,,,,,,,,,,,,,,,,,,,,
stop_intent,stop_unchanged,JPM,,331.44,,2026-07-23T15:46:19.314564+00:00,2026-07-23T15:46:25.401192+00:00,initial,3.0,-0.03,,,,,,,,,,,,,,,,,,,,,,,,,,,,,,,,,,,,,,,,,,,,,,,,
stop_intent,stop_ratchet_failed,KLAC,"{""code"":40410000,""message"":""order not found""}",,,2026-07-23T15:46:19.314568+00:00,2026-07-23T15:46:25.407801+00:00,,,,,,,,,,,,,,,,,,,,,,,,,,,,,,,,,,,,,,,,,,,,,,,,,,,
stop_intent,stop_unchanged,SBUX,,98.9,,2026-07-23T15:46:19.314572+00:00,2026-07-23T15:46:25.414173+00:00,initial,10.0,-0.422,,,,,,,,,,,,,,,,,,,,,,,,,,,,,,,,,,,,,,,,,,,,,,,,
stop_intent,stop_unchanged,SPG,,217.23,,2026-07-23T15:46:19.314575+00:00,2026-07-23T15:46:25.420865+00:00,initial,5.0,0.036,,,,,,,,,,,,,,,,,,,,,,,,,,,,,,,,,,,,,,,,,,,,,,,,
stop_intent,stop_unchanged,AMAT,,461.12,,2026-07-23T16:45:59.936044+00:00,2026-07-23T16:46:06.026965+00:00,initial,3.0,0.178,,,,,,,,,,,,,,,,,,,,,,,,,,,,,,,,,,,,,,,,,,,,,,,,
stop_intent,stop_unchanged,JPM,,331.44,,2026-07-23T16:45:59.936054+00:00,2026-07-23T16:46:06.034272+00:00,initial,3.0,-0.012,,,,,,,,,,,,,,,,,,,,,,,,,,,,,,,,,,,,,,,,,,,,,,,,
stop_intent,stop_ratchet_failed,KLAC,"{""code"":40410000,""message"":""order not found""}",,,2026-07-23T16:45:59.936059+00:00,2026-07-23T16:46:06.041080+00:00,,,,,,,,,,,,,,,,,,,,,,,,,,,,,,,,,,,,,,,,,,,,,,,,,,,
stop_intent,stop_unchanged,SBUX,,98.9,,2026-07-23T16:45:59.936064+00:00,2026-07-23T16:46:06.047708+00:00,initial,10.0,-0.34,,,,,,,,,,,,,,,,,,,,,,,,,,,,,,,,,,,,,,,,,,,,,,,,
stop_intent,stop_unchanged,SPG,,217.23,,2026-07-23T16:45:59.936067+00:00,2026-07-23T16:46:06.054470+00:00,initial,5.0,-0.038,,,,,,,,,,,,,,,,,,,,,,,,,,,,,,,,,,,,,,,,,,,,,,,,
stop_intent,stop_unchanged,AMAT,,461.12,,2026-07-23T17:46:12.907740+00:00,2026-07-23T17:46:17.571423+00:00,initial,3.0,0.109,,,,,,,,,,,,,,,,,,,,,,,,,,,,,,,,,,,,,,,,,,,,,,,,
stop_intent,stop_unchanged,JPM,,331.44,,2026-07-23T17:46:12.907755+00:00,2026-07-23T17:46:17.609426+00:00,initial,3.0,-0.017,,,,,,,,,,,,,,,,,,,,,,,,,,,,,,,,,,,,,,,,,,,,,,,,
stop_intent,stop_ratchet_failed,KLAC,"{""code"":40410000,""message"":""order not found""}",,,2026-07-23T17:46:12.907760+00:00,2026-07-23T17:46:17.622443+00:00,,,,,,,,,,,,,,,,,,,,,,,,,,,,,,,,,,,,,,,,,,,,,,,,,,,
stop_intent,stop_unchanged,SBUX,,98.9,,2026-07-23T17:46:12.907763+00:00,2026-07-23T17:46:17.658047+00:00,initial,10.0,-0.292,,,,,,,,,,,,,,,,,,,,,,,,,,,,,,,,,,,,,,,,,,,,,,,,
stop_intent,stop_unchanged,SPG,,217.23,,2026-07-23T17:46:12.907767+00:00,2026-07-23T17:46:17.671418+00:00,initial,5.0,-0.186,,,,,,,,,,,,,,,,,,,,,,,,,,,,,,,,,,,,,,,,,,,,,,,,
stop_intent,stop_unchanged,AMAT,,461.12,,2026-07-23T18:46:17.493534+00:00,2026-07-23T18:46:23.950851+00:00,initial,3.0,0.085,,,,,,,,,,,,,,,,,,,,,,,,,,,,,,,,,,,,,,,,,,,,,,,,
stop_intent,stop_unchanged,JPM,,331.44,,2026-07-23T18:46:17.493545+00:00,2026-07-23T18:46:23.959178+00:00,initial,3.0,-0.008,,,,,,,,,,,,,,,,,,,,,,,,,,,,,,,,,,,,,,,,,,,,,,,,
stop_intent,stop_ratchet_failed,KLAC,"{""code"":40410000,""message"":""order not found""}",,,2026-07-23T18:46:17.493551+00:00,2026-07-23T18:46:23.967096+00:00,,,,,,,,,,,,,,,,,,,,,,,,,,,,,,,,,,,,,,,,,,,,,,,,,,,
stop_intent,stop_unchanged,SBUX,,98.9,,2026-07-23T18:46:17.493554+00:00,2026-07-23T18:46:23.974167+00:00,initial,10.0,-0.276,,,,,,,,,,,,,,,,,,,,,,,,,,,,,,,,,,,,,,,,,,,,,,,,
stop_intent,stop_unchanged,SPG,,217.23,,2026-07-23T18:46:17.493558+00:00,2026-07-23T18:46:23.982069+00:00,initial,5.0,-0.08,,,,,,,,,,,,,,,,,,,,,,,,,,,,,,,,,,,,,,,,,,,,,,,,
stop_intent,stop_unchanged,AMAT,,461.12,,2026-07-23T19:45:56.165715+00:00,2026-07-23T19:46:00.840957+00:00,initial,3.0,0.091,,,,,,,,,,,,,,,,,,,,,,,,,,,,,,,,,,,,,,,,,,,,,,,,
stop_intent,stop_unchanged,JPM,,331.44,,2026-07-23T19:45:56.165727+00:00,2026-07-23T19:46:00.848091+00:00,initial,3.0,0.022,,,,,,,,,,,,,,,,,,,,,,,,,,,,,,,,,,,,,,,,,,,,,,,,
stop_intent,stop_ratchet_failed,KLAC,"{""code"":40410000,""message"":""order not found""}",,,2026-07-23T19:45:56.165732+00:00,2026-07-23T19:46:00.854571+00:00,,,,,,,,,,,,,,,,,,,,,,,,,,,,,,,,,,,,,,,,,,,,,,,,,,,
stop_intent,stop_unchanged,SBUX,,98.9,,2026-07-23T19:45:56.165736+00:00,2026-07-23T19:46:00.860869+00:00,initial,10.0,-0.311,,,,,,,,,,,,,,,,,,,,,,,,,,,,,,,,,,,,,,,,,,,,,,,,
stop_intent,stop_unchanged,SPG,,217.23,,2026-07-23T19:45:56.165740+00:00,2026-07-23T19:46:00.867382+00:00,initial,5.0,-0.129,,,,,,,,,,,,,,,,,,,,,,,,,,,,,,,,,,,,,,,,,,,,,,,,
stop_intent,stop_unchanged,AMAT,,461.12,,2026-07-23T20:46:05.449032+00:00,2026-07-23T20:46:10.303240+00:00,initial,3.0,0.295,,,,,,,,,,,,,,,,,,,,,,,,,,,,,,,,,,,,,,,,,,,,,,,,
stop_intent,stop_unchanged,JPM,,331.44,,2026-07-23T20:46:05.449044+00:00,2026-07-23T20:46:10.311302+00:00,initial,3.0,0.097,,,,,,,,,,,,,,,,,,,,,,,,,,,,,,,,,,,,,,,,,,,,,,,,
stop_intent,stop_ratchet_failed,KLAC,"{""code"":40410000,""message"":""order not found""}",,,2026-07-23T20:46:05.449050+00:00,2026-07-23T20:46:10.319084+00:00,,,,,,,,,,,,,,,,,,,,,,,,,,,,,,,,,,,,,,,,,,,,,,,,,,,
stop_intent,stop_unchanged,SBUX,,98.9,,2026-07-23T20:46:05.449054+00:00,2026-07-23T20:46:10.326447+00:00,initial,10.0,-0.299,,,,,,,,,,,,,,,,,,,,,,,,,,,,,,,,,,,,,,,,,,,,,,,,
stop_intent,stop_unchanged,SPG,,217.23,,2026-07-23T20:46:05.449058+00:00,2026-07-23T20:46:10.334011+00:00,initial,5.0,-0.11,,,,,,,,,,,,,,,,,,,,,,,,,,,,,,,,,,,,,,,,,,,,,,,,
stop_intent,stop_unchanged,AMAT,,461.12,,2026-07-23T21:46:01.748032+00:00,2026-07-23T21:46:06.409781+00:00,initial,3.0,0.245,,,,,,,,,,,,,,,,,,,,,,,,,,,,,,,,,,,,,,,,,,,,,,,,
stop_intent,stop_unchanged,JPM,,331.44,,2026-07-23T21:46:01.748046+00:00,2026-07-23T21:46:06.417283+00:00,initial,3.0,0.088,,,,,,,,,,,,,,,,,,,,,,,,,,,,,,,,,,,,,,,,,,,,,,,,
stop_intent,stop_ratchet_failed,KLAC,"{""code"":40410000,""message"":""order not found""}",,,2026-07-23T21:46:01.748051+00:00,2026-07-23T21:46:06.424071+00:00,,,,,,,,,,,,,,,,,,,,,,,,,,,,,,,,,,,,,,,,,,,,,,,,,,,
stop_intent,stop_unchanged,SBUX,,98.9,,2026-07-23T21:46:01.748056+00:00,2026-07-23T21:46:06.430495+00:00,initial,10.0,-0.322,,,,,,,,,,,,,,,,,,,,,,,,,,,,,,,,,,,,,,,,,,,,,,,,
stop_intent,stop_unchanged,SPG,,217.23,,2026-07-23T21:46:01.748060+00:00,2026-07-23T21:46:06.437127+00:00,initial,5.0,-0.11,,,,,,,,,,,,,,,,,,,,,,,,,,,,,,,,,,,,,,,,,,,,,,,,
stop_intent,stop_unchanged,AMAT,,461.12,,2026-07-23T22:46:01.749871+00:00,2026-07-23T22:46:05.484299+00:00,initial,3.0,0.261,,,,,,,,,,,,,,,,,,,,,,,,,,,,,,,,,,,,,,,,,,,,,,,,
stop_intent,stop_unchanged,JPM,,331.44,,2026-07-23T22:46:01.749881+00:00,2026-07-23T22:46:05.562308+00:00,initial,3.0,0.091,,,,,,,,,,,,,,,,,,,,,,,,,,,,,,,,,,,,,,,,,,,,,,,,
stop_intent,stop_ratchet_failed,KLAC,"{""code"":40410000,""message"":""order not found""}",,,2026-07-23T22:46:01.749885+00:00,2026-07-23T22:46:05.571491+00:00,,,,,,,,,,,,,,,,,,,,,,,,,,,,,,,,,,,,,,,,,,,,,,,,,,,
stop_intent,stop_unchanged,SBUX,,98.9,,2026-07-23T22:46:01.749888+00:00,2026-07-23T22:46:05.611525+00:00,initial,10.0,-0.223,,,,,,,,,,,,,,,,,,,,,,,,,,,,,,,,,,,,,,,,,,,,,,,,
stop_intent,stop_unchanged,SPG,,217.23,,2026-07-23T22:46:01.749891+00:00,2026-07-23T22:46:05.631639+00:00,initial,5.0,-0.11,,,,,,,,,,,,,,,,,,,,,,,,,,,,,,,,,,,,,,,,,,,,,,,,
stop_intent,stop_unchanged,AMAT,,461.12,,2026-07-23T23:50:31.343313+00:00,2026-07-23T23:50:37.202943+00:00,initial,3.0,0.284,,,,,,,,,,,,,,,,,,,,,,,,,,,,,,,,,,,,,,,,,,,,,,,,
stop_intent,stop_unchanged,JPM,,331.44,,2026-07-23T23:50:31.343323+00:00,2026-07-23T23:50:37.210288+00:00,initial,3.0,0.098,,,,,,,,,,,,,,,,,,,,,,,,,,,,,,,,,,,,,,,,,,,,,,,,
stop_intent,stop_ratchet_failed,KLAC,"{""code"":40410000,""message"":""order not found""}",,,2026-07-23T23:50:31.343328+00:00,2026-07-23T23:50:37.217285+00:00,,,,,,,,,,,,,,,,,,,,,,,,,,,,,,,,,,,,,,,,,,,,,,,,,,,
stop_intent,stop_unchanged,SBUX,,98.9,,2026-07-23T23:50:31.343332+00:00,2026-07-23T23:50:37.224010+00:00,initial,10.0,-0.257,,,,,,,,,,,,,,,,,,,,,,,,,,,,,,,,,,,,,,,,,,,,,,,,
stop_intent,stop_unchanged,SPG,,217.23,,2026-07-23T23:50:31.343336+00:00,2026-07-23T23:50:37.230956+00:00,initial,5.0,-0.11,,,,,,,,,,,,,,,,,,,,,,,,,,,,,,,,,,,,,,,,,,,,,,,,
stop_intent,stop_unchanged,AMAT,,461.12,,2026-07-24T00:46:02.839149+00:00,2026-07-24T00:46:06.483607+00:00,initial,3.0,0.172,,,,,,,,,,,,,,,,,,,,,,,,,,,,,,,,,,,,,,,,,,,,,,,,
stop_intent,stop_unchanged,JPM,,331.44,,2026-07-24T00:46:02.839164+00:00,2026-07-24T00:46:06.491150+00:00,initial,3.0,0.1,,,,,,,,,,,,,,,,,,,,,,,,,,,,,,,,,,,,,,,,,,,,,,,,
stop_intent,stop_ratchet_failed,KLAC,"{""code"":40410000,""message"":""order not found""}",,,2026-07-24T00:46:02.839170+00:00,2026-07-24T00:46:06.498003+00:00,,,,,,,,,,,,,,,,,,,,,,,,,,,,,,,,,,,,,,,,,,,,,,,,,,,
stop_intent,stop_unchanged,SBUX,,98.9,,2026-07-24T00:46:02.839174+00:00,2026-07-24T00:46:06.504646+00:00,initial,10.0,-0.257,,,,,,,,,,,,,,,,,,,,,,,,,,,,,,,,,,,,,,,,,,,,,,,,
stop_intent,stop_unchanged,SPG,,217.23,,2026-07-24T00:46:02.839177+00:00,2026-07-24T00:46:06.511380+00:00,initial,5.0,-0.11,,,,,,,,,,,,,,,,,,,,,,,,,,,,,,,,,,,,,,,,,,,,,,,,
stop_intent,stop_unchanged,AMAT,,461.12,,2026-07-24T01:45:57.923242+00:00,2026-07-24T01:46:03.218801+00:00,initial,3.0,0.203,,,,,,,,,,,,,,,,,,,,,,,,,,,,,,,,,,,,,,,,,,,,,,,,
stop_intent,stop_unchanged,JPM,,331.44,,2026-07-24T01:45:57.923255+00:00,2026-07-24T01:46:03.226621+00:00,initial,3.0,0.1,,,,,,,,,,,,,,,,,,,,,,,,,,,,,,,,,,,,,,,,,,,,,,,,
stop_intent,stop_ratchet_failed,KLAC,"{""code"":40410000,""message"":""order not found""}",,,2026-07-24T01:45:57.923260+00:00,2026-07-24T01:46:03.233708+00:00,,,,,,,,,,,,,,,,,,,,,,,,,,,,,,,,,,,,,,,,,,,,,,,,,,,
stop_intent,stop_unchanged,SBUX,,98.9,,2026-07-24T01:45:57.923263+00:00,2026-07-24T01:46:03.240570+00:00,initial,10.0,-0.257,,,,,,,,,,,,,,,,,,,,,,,,,,,,,,,,,,,,,,,,,,,,,,,,
stop_intent,stop_unchanged,SPG,,217.23,,2026-07-24T01:45:57.923267+00:00,2026-07-24T01:46:03.247580+00:00,initial,5.0,-0.11,,,,,,,,,,,,,,,,,,,,,,,,,,,,,,,,,,,,,,,,,,,,,,,,
stop_intent,stop_unchanged,AMAT,,461.12,,2026-07-24T02:46:13.264709+00:00,2026-07-24T02:46:17.153268+00:00,initial,3.0,0.094,,,,,,,,,,,,,,,,,,,,,,,,,,,,,,,,,,,,,,,,,,,,,,,,
stop_intent,stop_unchanged,JPM,,331.44,,2026-07-24T02:46:13.264722+00:00,2026-07-24T02:46:17.160882+00:00,initial,3.0,0.1,,,,,,,,,,,,,,,,,,,,,,,,,,,,,,,,,,,,,,,,,,,,,,,,
stop_intent,stop_ratchet_failed,KLAC,"{""code"":40410000,""message"":""order not found""}",,,2026-07-24T02:46:13.264727+00:00,2026-07-24T02:46:17.167669+00:00,,,,,,,,,,,,,,,,,,,,,,,,,,,,,,,,,,,,,,,,,,,,,,,,,,,
stop_intent,stop_unchanged,SBUX,,98.9,,2026-07-24T02:46:13.264731+00:00,2026-07-24T02:46:17.174276+00:00,initial,10.0,-0.257,,,,,,,,,,,,,,,,,,,,,,,,,,,,,,,,,,,,,,,,,,,,,,,,
stop_intent,stop_unchanged,SPG,,217.23,,2026-07-24T02:46:13.264735+00:00,2026-07-24T02:46:17.181084+00:00,initial,5.0,-0.11,,,,,,,,,,,,,,,,,,,,,,,,,,,,,,,,,,,,,,,,,,,,,,,,
stop_intent,stop_unchanged,AMAT,,461.12,,2026-07-24T03:46:20.503698+00:00,2026-07-24T03:46:26.510124+00:00,initial,3.0,0.06,,,,,,,,,,,,,,,,,,,,,,,,,,,,,,,,,,,,,,,,,,,,,,,,
stop_intent,stop_unchanged,JPM,,331.44,,2026-07-24T03:46:20.503710+00:00,2026-07-24T03:46:26.518141+00:00,initial,3.0,0.118,,,,,,,,,,,,,,,,,,,,,,,,,,,,,,,,,,,,,,,,,,,,,,,,
stop_intent,stop_ratchet_failed,KLAC,"{""code"":40410000,""message"":""order not found""}",,,2026-07-24T03:46:20.503715+00:00,2026-07-24T03:46:26.525611+00:00,,,,,,,,,,,,,,,,,,,,,,,,,,,,,,,,,,,,,,,,,,,,,,,,,,,
stop_intent,stop_unchanged,SBUX,,98.9,,2026-07-24T03:46:20.503719+00:00,2026-07-24T03:46:26.532739+00:00,initial,10.0,-0.257,,,,,,,,,,,,,,,,,,,,,,,,,,,,,,,,,,,,,,,,,,,,,,,,
stop_intent,stop_unchanged,SPG,,217.23,,2026-07-24T03:46:20.503723+00:00,2026-07-24T03:46:26.540124+00:00,initial,5.0,-0.11,,,,,,,,,,,,,,,,,,,,,,,,,,,,,,,,,,,,,,,,,,,,,,,,
stop_intent,stop_unchanged,AMAT,,461.12,,2026-07-24T04:46:12.583920+00:00,2026-07-24T04:46:16.791415+00:00,initial,3.0,0.06,,,,,,,,,,,,,,,,,,,,,,,,,,,,,,,,,,,,,,,,,,,,,,,,
stop_intent,stop_unchanged,JPM,,331.44,,2026-07-24T04:46:12.583931+00:00,2026-07-24T04:46:16.799527+00:00,initial,3.0,0.193,,,,,,,,,,,,,,,,,,,,,,,,,,,,,,,,,,,,,,,,,,,,,,,,
stop_intent,stop_ratchet_failed,KLAC,"{""code"":40410000,""message"":""order not found""}",,,2026-07-24T04:46:12.583935+00:00,2026-07-24T04:46:16.829879+00:00,,,,,,,,,,,,,,,,,,,,,,,,,,,,,,,,,,,,,,,,,,,,,,,,,,,
stop_intent,stop_unchanged,SBUX,,98.9,,2026-07-24T04:46:12.583938+00:00,2026-07-24T04:46:16.839264+00:00,initial,10.0,-0.257,,,,,,,,,,,,,,,,,,,,,,,,,,,,,,,,,,,,,,,,,,,,,,,,
stop_intent,stop_unchanged,SPG,,217.23,,2026-07-24T04:46:12.583941+00:00,2026-07-24T04:46:16.970583+00:00,initial,5.0,-0.11,,,,,,,,,,,,,,,,,,,,,,,,,,,,,,,,,,,,,,,,,,,,,,,,
stop_intent,stop_unchanged,AMAT,,461.12,,2026-07-24T05:45:59.809269+00:00,2026-07-24T05:46:03.400428+00:00,initial,3.0,0.119,,,,,,,,,,,,,,,,,,,,,,,,,,,,,,,,,,,,,,,,,,,,,,,,
stop_intent,stop_unchanged,JPM,,331.44,,2026-07-24T05:45:59.809281+00:00,2026-07-24T05:46:03.407996+00:00,initial,3.0,0.165,,,,,,,,,,,,,,,,,,,,,,,,,,,,,,,,,,,,,,,,,,,,,,,,
stop_intent,stop_ratchet_failed,KLAC,"{""code"":40410000,""message"":""order not found""}",,,2026-07-24T05:45:59.809286+00:00,2026-07-24T05:46:03.414953+00:00,,,,,,,,,,,,,,,,,,,,,,,,,,,,,,,,,,,,,,,,,,,,,,,,,,,
stop_intent,stop_unchanged,SBUX,,98.9,,2026-07-24T05:45:59.809290+00:00,2026-07-24T05:46:03.421683+00:00,initial,10.0,-0.257,,,,,,,,,,,,,,,,,,,,,,,,,,,,,,,,,,,,,,,,,,,,,,,,
stop_intent,stop_unchanged,SPG,,217.23,,2026-07-24T05:45:59.809293+00:00,2026-07-24T05:46:03.428644+00:00,initial,5.0,-0.11,,,,,,,,,,,,,,,,,,,,,,,,,,,,,,,,,,,,,,,,,,,,,,,,
stop_intent,stop_unchanged,AMAT,,461.12,,2026-07-24T06:46:09.099237+00:00,2026-07-24T06:46:14.390384+00:00,initial,3.0,0.038,,,,,,,,,,,,,,,,,,,,,,,,,,,,,,,,,,,,,,,,,,,,,,,,
stop_intent,stop_unchanged,JPM,,331.44,,2026-07-24T06:46:09.099249+00:00,2026-07-24T06:46:14.398554+00:00,initial,3.0,0.148,,,,,,,,,,,,,,,,,,,,,,,,,,,,,,,,,,,,,,,,,,,,,,,,
stop_intent,stop_ratchet_failed,KLAC,"{""code"":40410000,""message"":""order not found""}",,,2026-07-24T06:46:09.099254+00:00,2026-07-24T06:46:14.406101+00:00,,,,,,,,,,,,,,,,,,,,,,,,,,,,,,,,,,,,,,,,,,,,,,,,,,,
stop_intent,stop_unchanged,SBUX,,98.9,,2026-07-24T06:46:09.099258+00:00,2026-07-24T06:46:14.413321+00:00,initial,10.0,-0.257,,,,,,,,,,,,,,,,,,,,,,,,,,,,,,,,,,,,,,,,,,,,,,,,
stop_intent,stop_unchanged,SPG,,217.23,,2026-07-24T06:46:09.099262+00:00,2026-07-24T06:46:14.420710+00:00,initial,5.0,-0.11,,,,,,,,,,,,,,,,,,,,,,,,,,,,,,,,,,,,,,,,,,,,,,,,
stop_intent,stop_unchanged,AMAT,,461.12,,2026-07-24T07:46:04.093314+00:00,2026-07-24T07:46:07.624281+00:00,initial,3.0,0.107,,,,,,,,,,,,,,,,,,,,,,,,,,,,,,,,,,,,,,,,,,,,,,,,
stop_intent,stop_unchanged,JPM,,331.44,,2026-07-24T07:46:04.093326+00:00,2026-07-24T07:46:07.631986+00:00,initial,3.0,0.148,,,,,,,,,,,,,,,,,,,,,,,,,,,,,,,,,,,,,,,,,,,,,,,,
stop_intent,stop_ratchet_failed,KLAC,"{""code"":40410000,""message"":""order not found""}",,,2026-07-24T07:46:04.093331+00:00,2026-07-24T07:46:07.639098+00:00,,,,,,,,,,,,,,,,,,,,,,,,,,,,,,,,,,,,,,,,,,,,,,,,,,,
stop_intent,stop_unchanged,SBUX,,98.9,,2026-07-24T07:46:04.093335+00:00,2026-07-24T07:46:07.645942+00:00,initial,10.0,-0.257,,,,,,,,,,,,,,,,,,,,,,,,,,,,,,,,,,,,,,,,,,,,,,,,
stop_intent,stop_unchanged,SPG,,217.23,,2026-07-24T07:46:04.093339+00:00,2026-07-24T07:46:07.652966+00:00,initial,5.0,-0.11,,,,,,,,,,,,,,,,,,,,,,,,,,,,,,,,,,,,,,,,,,,,,,,,
stop_intent,stop_unchanged,AMAT,,461.12,,2026-07-24T08:46:19.940888+00:00,2026-07-24T08:46:25.168850+00:00,initial,3.0,0.083,,,,,,,,,,,,,,,,,,,,,,,,,,,,,,,,,,,,,,,,,,,,,,,,
stop_intent,stop_unchanged,JPM,,331.44,,2026-07-24T08:46:19.940902+00:00,2026-07-24T08:46:25.177160+00:00,initial,3.0,0.177,,,,,,,,,,,,,,,,,,,,,,,,,,,,,,,,,,,,,,,,,,,,,,,,
stop_intent,stop_ratchet_failed,KLAC,"{""code"":40410000,""message"":""order not found""}",,,2026-07-24T08:46:19.940907+00:00,2026-07-24T08:46:25.184841+00:00,,,,,,,,,,,,,,,,,,,,,,,,,,,,,,,,,,,,,,,,,,,,,,,,,,,
stop_intent,stop_unchanged,SBUX,,98.9,,2026-07-24T08:46:19.940910+00:00,2026-07-24T08:46:25.192150+00:00,initial,10.0,-0.257,,,,,,,,,,,,,,,,,,,,,,,,,,,,,,,,,,,,,,,,,,,,,,,,
stop_intent,stop_unchanged,SPG,,217.23,,2026-07-24T08:46:19.940915+00:00,2026-07-24T08:46:25.199703+00:00,initial,5.0,-0.11,,,,,,,,,,,,,,,,,,,,,,,,,,,,,,,,,,,,,,,,,,,,,,,,
stop_intent,stop_unchanged,AMAT,,461.12,,2026-07-24T09:46:22.709928+00:00,2026-07-24T09:46:28.673563+00:00,initial,3.0,0.155,,,,,,,,,,,,,,,,,,,,,,,,,,,,,,,,,,,,,,,,,,,,,,,,
stop_intent,stop_unchanged,JPM,,331.44,,2026-07-24T09:46:22.709938+00:00,2026-07-24T09:46:28.681552+00:00,initial,3.0,0.228,,,,,,,,,,,,,,,,,,,,,,,,,,,,,,,,,,,,,,,,,,,,,,,,
stop_intent,stop_ratchet_failed,KLAC,"{""code"":40410000,""message"":""order not found""}",,,2026-07-24T09:46:22.709944+00:00,2026-07-24T09:46:28.689001+00:00,,,,,,,,,,,,,,,,,,,,,,,,,,,,,,,,,,,,,,,,,,,,,,,,,,,
stop_intent,stop_unchanged,SBUX,,98.9,,2026-07-24T09:46:22.709948+00:00,2026-07-24T09:46:28.696190+00:00,initial,10.0,-0.257,,,,,,,,,,,,,,,,,,,,,,,,,,,,,,,,,,,,,,,,,,,,,,,,
stop_intent,stop_unchanged,SPG,,217.23,,2026-07-24T09:46:22.709951+00:00,2026-07-24T09:46:28.703570+00:00,initial,5.0,-0.11,,,,,,,,,,,,,,,,,,,,,,,,,,,,,,,,,,,,,,,,,,,,,,,,
stop_intent,stop_unchanged,AMAT,,461.12,,2026-07-24T10:46:25.137196+00:00,2026-07-24T10:46:28.433822+00:00,initial,3.0,0.138,,,,,,,,,,,,,,,,,,,,,,,,,,,,,,,,,,,,,,,,,,,,,,,,
stop_intent,stop_unchanged,JPM,,331.44,,2026-07-24T10:46:25.137210+00:00,2026-07-24T10:46:28.441544+00:00,initial,3.0,0.168,,,,,,,,,,,,,,,,,,,,,,,,,,,,,,,,,,,,,,,,,,,,,,,,
stop_intent,stop_ratchet_failed,KLAC,"{""code"":40410000,""message"":""order not found""}",,,2026-07-24T10:46:25.137215+00:00,2026-07-24T10:46:28.448896+00:00,,,,,,,,,,,,,,,,,,,,,,,,,,,,,,,,,,,,,,,,,,,,,,,,,,,
stop_intent,stop_unchanged,SBUX,,98.9,,2026-07-24T10:46:25.137218+00:00,2026-07-24T10:46:28.455910+00:00,initial,10.0,-0.257,,,,,,,,,,,,,,,,,,,,,,,,,,,,,,,,,,,,,,,,,,,,,,,,
stop_intent,stop_unchanged,SPG,,217.23,,2026-07-24T10:46:25.137222+00:00,2026-07-24T10:46:28.463109+00:00,initial,5.0,-0.11,,,,,,,,,,,,,,,,,,,,,,,,,,,,,,,,,,,,,,,,,,,,,,,,
stop_intent,stop_unchanged,AMAT,,461.12,,2026-07-24T11:46:02.237745+00:00,2026-07-24T11:46:07.342753+00:00,initial,3.0,0.131,,,,,,,,,,,,,,,,,,,,,,,,,,,,,,,,,,,,,,,,,,,,,,,,
stop_intent,stop_unchanged,JPM,,331.44,,2026-07-24T11:46:02.237755+00:00,2026-07-24T11:46:07.350785+00:00,initial,3.0,0.173,,,,,,,,,,,,,,,,,,,,,,,,,,,,,,,,,,,,,,,,,,,,,,,,
stop_intent,stop_ratchet_failed,KLAC,"{""code"":40410000,""message"":""order not found""}",,,2026-07-24T11:46:02.237760+00:00,2026-07-24T11:46:07.358369+00:00,,,,,,,,,,,,,,,,,,,,,,,,,,,,,,,,,,,,,,,,,,,,,,,,,,,
stop_intent,stop_unchanged,SBUX,,98.9,,2026-07-24T11:46:02.237764+00:00,2026-07-24T11:46:07.365593+00:00,initial,10.0,-0.257,,,,,,,,,,,,,,,,,,,,,,,,,,,,,,,,,,,,,,,,,,,,,,,,
stop_intent,stop_unchanged,SPG,,217.23,,2026-07-24T11:46:02.237768+00:00,2026-07-24T11:46:07.373062+00:00,initial,5.0,-0.11,,,,,,,,,,,,,,,,,,,,,,,,,,,,,,,,,,,,,,,,,,,,,,,,
stop_intent,stop_unchanged,AMAT,,461.12,,2026-07-24T12:46:05.572845+00:00,2026-07-24T12:46:11.805785+00:00,initial,3.0,0.128,,,,,,,,,,,,,,,,,,,,,,,,,,,,,,,,,,,,,,,,,,,,,,,,
stop_intent,stop_unchanged,JPM,,331.44,,2026-07-24T12:46:05.572856+00:00,2026-07-24T12:46:11.814568+00:00,initial,3.0,0.185,,,,,,,,,,,,,,,,,,,,,,,,,,,,,,,,,,,,,,,,,,,,,,,,
stop_intent,stop_ratchet_failed,KLAC,"{""code"":40410000,""message"":""order not found""}",,,2026-07-24T12:46:05.572862+00:00,2026-07-24T12:46:11.822999+00:00,,,,,,,,,,,,,,,,,,,,,,,,,,,,,,,,,,,,,,,,,,,,,,,,,,,
stop_intent,stop_unchanged,SBUX,,98.9,,2026-07-24T12:46:05.572866+00:00,2026-07-24T12:46:11.831074+00:00,initial,10.0,-0.24,,,,,,,,,,,,,,,,,,,,,,,,,,,,,,,,,,,,,,,,,,,,,,,,
stop_intent,stop_unchanged,SPG,,217.23,,2026-07-24T12:46:05.572870+00:00,2026-07-24T12:46:11.839034+00:00,initial,5.0,-0.11,,,,,,,,,,,,,,,,,,,,,,,,,,,,,,,,,,,,,,,,,,,,,,,,
stop_intent,stop_unchanged,AMAT,,461.12,,2026-07-24T13:46:04.860237+00:00,2026-07-24T13:46:09.346089+00:00,initial,3.0,0.081,,,,,,,,,,,,,,,,,,,,,,,,,,,,,,,,,,,,,,,,,,,,,,,,
stop_intent,stop_unchanged,JPM,,331.44,,2026-07-24T13:46:04.860245+00:00,2026-07-24T13:46:09.353962+00:00,initial,3.0,0.101,,,,,,,,,,,,,,,,,,,,,,,,,,,,,,,,,,,,,,,,,,,,,,,,
stop_intent,stop_ratchet_failed,KLAC,"{""code"":40410000,""message"":""order not found""}",,,2026-07-24T13:46:04.860249+00:00,2026-07-24T13:46:09.361301+00:00,,,,,,,,,,,,,,,,,,,,,,,,,,,,,,,,,,,,,,,,,,,,,,,,,,,
stop_intent,stop_unchanged,SBUX,,98.9,,2026-07-24T13:46:04.860253+00:00,2026-07-24T13:46:09.368313+00:00,initial,10.0,-0.05,,,,,,,,,,,,,,,,,,,,,,,,,,,,,,,,,,,,,,,,,,,,,,,,
stop_intent,stop_unchanged,SPG,,217.23,,2026-07-24T13:46:04.860257+00:00,2026-07-24T13:46:09.375575+00:00,initial,5.0,0.084,,,,,,,,,,,,,,,,,,,,,,,,,,,,,,,,,,,,,,,,,,,,,,,,
stop_intent,stop_unchanged,AMAT,,461.12,,2026-07-24T14:46:12.702782+00:00,2026-07-24T14:46:18.770719+00:00,initial,3.0,-0.162,,,,,,,,,,,,,,,,,,,,,,,,,,,,,,,,,,,,,,,,,,,,,,,,
stop_intent,stop_unchanged,JPM,,331.44,,2026-07-24T14:46:12.702792+00:00,2026-07-24T14:46:18.778563+00:00,initial,3.0,0.091,,,,,,,,,,,,,,,,,,,,,,,,,,,,,,,,,,,,,,,,,,,,,,,,
stop_intent,stop_ratchet_failed,KLAC,"{""code"":40410000,""message"":""order not found""}",,,2026-07-24T14:46:12.702797+00:00,2026-07-24T14:46:18.786143+00:00,,,,,,,,,,,,,,,,,,,,,,,,,,,,,,,,,,,,,,,,,,,,,,,,,,,
stop_intent,stop_unchanged,SBUX,,98.9,,2026-07-24T14:46:12.702801+00:00,2026-07-24T14:46:18.793442+00:00,initial,10.0,-0.05,,,,,,,,,,,,,,,,,,,,,,,,,,,,,,,,,,,,,,,,,,,,,,,,
stop_intent,stop_unchanged,SPG,,217.23,,2026-07-24T14:46:12.702805+00:00,2026-07-24T14:46:18.801052+00:00,initial,5.0,0.261,,,,,,,,,,,,,,,,,,,,,,,,,,,,,,,,,,,,,,,,,,,,,,,,
stop_intent,stop_adopted,XBI,found an existing resting stop order (e8f782d7-e30d-41dd-8db7-20db2d9654a8) at the broker for XBI with no local tracked state -- adopting it instead of submitting a duplicate (local state was likely lost/reset),142.37,e8f782d7-e30d-41dd-8db7-20db2d9654a8,2026-07-24T14:46:12.702808+00:00,2026-07-24T14:46:18.808558+00:00,,,,,,,,,,,,,,,,,,,,,,,,,,,,,,,,,,,,,,,,,,,,,,,,,,,
stop_intent,stop_unchanged,AMAT,,461.12,,2026-07-24T15:46:00.729456+00:00,2026-07-24T15:46:05.418388+00:00,initial,3.0,-0.033,,,,,,,,,,,,,,,,,,,,,,,,,,,,,,,,,,,,,,,,,,,,,,,,
stop_intent,stop_unchanged,JPM,,331.44,,2026-07-24T15:46:00.729464+00:00,2026-07-24T15:46:05.426456+00:00,initial,3.0,0.285,,,,,,,,,,,,,,,,,,,,,,,,,,,,,,,,,,,,,,,,,,,,,,,,
stop_intent,stop_ratchet_failed,KLAC,"{""code"":40410000,""message"":""order not found""}",,,2026-07-24T15:46:00.729469+00:00,2026-07-24T15:46:05.433994+00:00,,,,,,,,,,,,,,,,,,,,,,,,,,,,,,,,,,,,,,,,,,,,,,,,,,,
stop_intent,stop_unchanged,SBUX,,98.9,,2026-07-24T15:46:00.729473+00:00,2026-07-24T15:46:05.441248+00:00,initial,10.0,0.032,,,,,,,,,,,,,,,,,,,,,,,,,,,,,,,,,,,,,,,,,,,,,,,,
stop_intent,stop_unchanged,SPG,,217.23,,2026-07-24T15:46:00.729476+00:00,2026-07-24T15:46:05.448676+00:00,initial,5.0,0.315,,,,,,,,,,,,,,,,,,,,,,,,,,,,,,,,,,,,,,,,,,,,,,,,
stop_intent,stop_unchanged,XBI,,142.37,,2026-07-24T15:46:00.729480+00:00,2026-07-24T15:46:05.456169+00:00,initial,15.0,0.033,,,,,,,,,,,,,,,,,,,,,,,,,,,,,,,,,,,,,,,,,,,,,,,,
stop_intent,stop_unchanged,AMAT,,461.12,,2026-07-24T16:46:05.394454+00:00,2026-07-24T16:46:10.931877+00:00,initial,3.0,-0.033,,,,,,,,,,,,,,,,,,,,,,,,,,,,,,,,,,,,,,,,,,,,,,,,
stop_intent,stop_unchanged,JPM,,331.44,,2026-07-24T16:46:05.394462+00:00,2026-07-24T16:46:10.939956+00:00,initial,3.0,0.274,,,,,,,,,,,,,,,,,,,,,,,,,,,,,,,,,,,,,,,,,,,,,,,,
stop_intent,stop_ratchet_failed,KLAC,"{""code"":40410000,""message"":""order not found""}",,,2026-07-24T16:46:05.394468+00:00,2026-07-24T16:46:10.947463+00:00,,,,,,,,,,,,,,,,,,,,,,,,,,,,,,,,,,,,,,,,,,,,,,,,,,,
stop_intent,stop_unchanged,SBUX,,98.9,,2026-07-24T16:46:05.394472+00:00,2026-07-24T16:46:10.954868+00:00,initial,10.0,-0.09,,,,,,,,,,,,,,,,,,,,,,,,,,,,,,,,,,,,,,,,,,,,,,,,
stop_intent,stop_unchanged,SPG,,217.23,,2026-07-24T16:46:05.394476+00:00,2026-07-24T16:46:10.962617+00:00,initial,5.0,0.291,,,,,,,,,,,,,,,,,,,,,,,,,,,,,,,,,,,,,,,,,,,,,,,,
stop_intent,stop_unchanged,XBI,,142.37,,2026-07-24T16:46:05.394479+00:00,2026-07-24T16:46:10.970148+00:00,initial,15.0,0.044,,,,,,,,,,,,,,,,,,,,,,,,,,,,,,,,,,,,,,,,,,,,,,,,
stop_intent,stop_unchanged,AMAT,,461.12,,2026-07-24T17:46:17.318547+00:00,2026-07-24T17:46:23.666110+00:00,initial,3.0,-0.054,,,,,,,,,,,,,,,,,,,,,,,,,,,,,,,,,,,,,,,,,,,,,,,,
stop_intent,stop_unchanged,JPM,,331.44,,2026-07-24T17:46:17.318557+00:00,2026-07-24T17:46:23.675008+00:00,initial,3.0,0.276,,,,,,,,,,,,,,,,,,,,,,,,,,,,,,,,,,,,,,,,,,,,,,,,
stop_intent,stop_ratchet_failed,KLAC,"{""code"":40410000,""message"":""order not found""}",,,2026-07-24T17:46:17.318563+00:00,2026-07-24T17:46:23.683082+00:00,,,,,,,,,,,,,,,,,,,,,,,,,,,,,,,,,,,,,,,,,,,,,,,,,,,
stop_intent,stop_unchanged,SBUX,,98.9,,2026-07-24T17:46:17.318567+00:00,2026-07-24T17:46:23.690860+00:00,initial,10.0,-0.104,,,,,,,,,,,,,,,,,,,,,,,,,,,,,,,,,,,,,,,,,,,,,,,,
stop_intent,stop_unchanged,SPG,,217.23,,2026-07-24T17:46:17.318570+00:00,2026-07-24T17:46:23.698697+00:00,initial,5.0,0.32,,,,,,,,,,,,,,,,,,,,,,,,,,,,,,,,,,,,,,,,,,,,,,,,
stop_intent,stop_unchanged,XBI,,142.37,,2026-07-24T17:46:17.318574+00:00,2026-07-24T17:46:23.706496+00:00,initial,15.0,-0.001,,,,,,,,,,,,,,,,,,,,,,,,,,,,,,,,,,,,,,,,,,,,,,,,
stop_intent,stop_unchanged,AMAT,,461.12,,2026-07-24T18:46:14.290383+00:00,2026-07-24T18:46:20.042753+00:00,initial,3.0,-0.165,,,,,,,,,,,,,,,,,,,,,,,,,,,,,,,,,,,,,,,,,,,,,,,,
stop_intent,stop_unchanged,JPM,,331.44,,2026-07-24T18:46:14.290395+00:00,2026-07-24T18:46:20.050939+00:00,initial,3.0,0.247,,,,,,,,,,,,,,,,,,,,,,,,,,,,,,,,,,,,,,,,,,,,,,,,
stop_intent,stop_ratchet_failed,KLAC,"{""code"":40410000,""message"":""order not found""}",,,2026-07-24T18:46:14.290400+00:00,2026-07-24T18:46:20.058747+00:00,,,,,,,,,,,,,,,,,,,,,,,,,,,,,,,,,,,,,,,,,,,,,,,,,,,
stop_intent,stop_unchanged,SBUX,,98.9,,2026-07-24T18:46:14.290404+00:00,2026-07-24T18:46:20.066316+00:00,initial,10.0,-0.167,,,,,,,,,,,,,,,,,,,,,,,,,,,,,,,,,,,,,,,,,,,,,,,,
stop_intent,stop_unchanged,SPG,,217.23,,2026-07-24T18:46:14.290407+00:00,2026-07-24T18:46:20.074149+00:00,initial,5.0,0.286,,,,,,,,,,,,,,,,,,,,,,,,,,,,,,,,,,,,,,,,,,,,,,,,
stop_intent,stop_unchanged,XBI,,142.37,,2026-07-24T18:46:14.290410+00:00,2026-07-24T18:46:20.081931+00:00,initial,15.0,-0.067,,,,,,,,,,,,,,,,,,,,,,,,,,,,,,,,,,,,,,,,,,,,,,,,
stop_intent,stop_unchanged,AMAT,,461.12,,2026-07-24T19:45:56.102761+00:00,2026-07-24T19:46:00.608217+00:00,initial,3.0,-0.191,,,,,,,,,,,,,,,,,,,,,,,,,,,,,,,,,,,,,,,,,,,,,,,,
stop_intent,stop_unchanged,JPM,,331.44,,2026-07-24T19:45:56.102773+00:00,2026-07-24T19:46:00.616350+00:00,initial,3.0,0.273,,,,,,,,,,,,,,,,,,,,,,,,,,,,,,,,,,,,,,,,,,,,,,,,
stop_intent,stop_ratchet_failed,KLAC,"{""code"":40410000,""message"":""order not found""}",,,2026-07-24T19:45:56.102779+00:00,2026-07-24T19:46:00.624020+00:00,,,,,,,,,,,,,,,,,,,,,,,,,,,,,,,,,,,,,,,,,,,,,,,,,,,
stop_intent,stop_unchanged,SBUX,,98.9,,2026-07-24T19:45:56.102783+00:00,2026-07-24T19:46:00.631359+00:00,initial,10.0,-0.125,,,,,,,,,,,,,,,,,,,,,,,,,,,,,,,,,,,,,,,,,,,,,,,,
stop_intent,stop_unchanged,SPG,,217.23,,2026-07-24T19:45:56.102787+00:00,2026-07-24T19:46:00.638887+00:00,initial,5.0,0.33,,,,,,,,,,,,,,,,,,,,,,,,,,,,,,,,,,,,,,,,,,,,,,,,
stop_intent,stop_unchanged,XBI,,142.37,,2026-07-24T19:45:56.102790+00:00,2026-07-24T19:46:00.646373+00:00,initial,15.0,-0.105,,,,,,,,,,,,,,,,,,,,,,,,,,,,,,,,,,,,,,,,,,,,,,,,
stop_intent,stop_unchanged,AMAT,,461.12,,2026-07-24T20:45:57.876233+00:00,2026-07-24T20:46:02.475471+00:00,initial,3.0,-0.132,,,,,,,,,,,,,,,,,,,,,,,,,,,,,,,,,,,,,,,,,,,,,,,,
stop_intent,stop_unchanged,JPM,,331.44,,2026-07-24T20:45:57.876243+00:00,2026-07-24T20:46:02.483568+00:00,initial,3.0,0.301,,,,,,,,,,,,,,,,,,,,,,,,,,,,,,,,,,,,,,,,,,,,,,,,
stop_intent,stop_ratchet_failed,KLAC,"{""code"":40410000,""message"":""order not found""}",,,2026-07-24T20:45:57.876249+00:00,2026-07-24T20:46:02.491252+00:00,,,,,,,,,,,,,,,,,,,,,,,,,,,,,,,,,,,,,,,,,,,,,,,,,,,
stop_intent,stop_unchanged,SBUX,,98.9,,2026-07-24T20:45:57.876253+00:00,2026-07-24T20:46:02.498620+00:00,initial,10.0,-0.134,,,,,,,,,,,,,,,,,,,,,,,,,,,,,,,,,,,,,,,,,,,,,,,,
stop_intent,stop_unchanged,SPG,,217.23,,2026-07-24T20:45:57.876257+00:00,2026-07-24T20:46:02.506196+00:00,initial,5.0,0.35,,,,,,,,,,,,,,,,,,,,,,,,,,,,,,,,,,,,,,,,,,,,,,,,
stop_intent,stop_unchanged,XBI,,142.37,,2026-07-24T20:45:57.876260+00:00,2026-07-24T20:46:02.513759+00:00,initial,15.0,-0.069,,,,,,,,,,,,,,,,,,,,,,,,,,,,,,,,,,,,,,,,,,,,,,,,
stop_intent,stop_unchanged,AMAT,,461.12,,2026-07-24T21:46:06.296282+00:00,2026-07-24T21:46:09.744897+00:00,initial,3.0,-0.134,,,,,,,,,,,,,,,,,,,,,,,,,,,,,,,,,,,,,,,,,,,,,,,,
stop_intent,stop_unchanged,JPM,,331.44,,2026-07-24T21:46:06.296293+00:00,2026-07-24T21:46:09.812710+00:00,initial,3.0,0.309,,,,,,,,,,,,,,,,,,,,,,,,,,,,,,,,,,,,,,,,,,,,,,,,
stop_intent,stop_ratchet_failed,KLAC,"{""code"":40410000,""message"":""order not found""}",,,2026-07-24T21:46:06.296298+00:00,2026-07-24T21:46:09.822033+00:00,,,,,,,,,,,,,,,,,,,,,,,,,,,,,,,,,,,,,,,,,,,,,,,,,,,
stop_intent,stop_unchanged,SBUX,,98.9,,2026-07-24T21:46:06.296301+00:00,2026-07-24T21:46:10.012599+00:00,initial,10.0,-0.272,,,,,,,,,,,,,,,,,,,,,,,,,,,,,,,,,,,,,,,,,,,,,,,,
stop_intent,stop_unchanged,SPG,,217.23,,2026-07-24T21:46:06.296304+00:00,2026-07-24T21:46:10.096245+00:00,initial,5.0,0.35,,,,,,,,,,,,,,,,,,,,,,,,,,,,,,,,,,,,,,,,,,,,,,,,
stop_intent,stop_unchanged,XBI,,142.37,,2026-07-24T21:46:06.296306+00:00,2026-07-24T21:46:10.104544+00:00,initial,15.0,-0.099,,,,,,,,,,,,,,,,,,,,,,,,,,,,,,,,,,,,,,,,,,,,,,,,
stop_intent,stop_unchanged,AMAT,,461.12,,2026-07-24T22:46:13.443241+00:00,2026-07-24T22:46:19.058023+00:00,initial,3.0,-0.148,,,,,,,,,,,,,,,,,,,,,,,,,,,,,,,,,,,,,,,,,,,,,,,,
stop_intent,stop_unchanged,JPM,,331.44,,2026-07-24T22:46:13.443253+00:00,2026-07-24T22:46:19.066646+00:00,initial,3.0,0.313,,,,,,,,,,,,,,,,,,,,,,,,,,,,,,,,,,,,,,,,,,,,,,,,
stop_intent,stop_ratchet_failed,KLAC,"{""code"":40410000,""message"":""order not found""}",,,2026-07-24T22:46:13.443258+00:00,2026-07-24T22:46:19.074981+00:00,,,,,,,,,,,,,,,,,,,,,,,,,,,,,,,,,,,,,,,,,,,,,,,,,,,
stop_intent,stop_unchanged,SBUX,,98.9,,2026-07-24T22:46:13.443262+00:00,2026-07-24T22:46:19.082983+00:00,initial,10.0,-0.299,,,,,,,,,,,,,,,,,,,,,,,,,,,,,,,,,,,,,,,,,,,,,,,,
stop_intent,stop_unchanged,SPG,,217.23,,2026-07-24T22:46:13.443265+00:00,2026-07-24T22:46:19.091160+00:00,initial,5.0,0.401,,,,,,,,,,,,,,,,,,,,,,,,,,,,,,,,,,,,,,,,,,,,,,,,
stop_intent,stop_unchanged,XBI,,142.37,,2026-07-24T22:46:13.443269+00:00,2026-07-24T22:46:19.099319+00:00,initial,15.0,-0.117,,,,,,,,,,,,,,,,,,,,,,,,,,,,,,,,,,,,,,,,,,,,,,,,
stop_intent,stop_unchanged,AMAT,,461.12,,2026-07-24T23:45:59.436838+00:00,2026-07-24T23:46:03.562160+00:00,initial,3.0,-0.158,,,,,,,,,,,,,,,,,,,,,,,,,,,,,,,,,,,,,,,,,,,,,,,,
stop_intent,stop_unchanged,JPM,,331.44,,2026-07-24T23:45:59.436849+00:00,2026-07-24T23:46:03.570471+00:00,initial,3.0,0.314,,,,,,,,,,,,,,,,,,,,,,,,,,,,,,,,,,,,,,,,,,,,,,,,
stop_intent,stop_ratchet_failed,KLAC,"{""code"":40410000,""message"":""order not found""}",,,2026-07-24T23:45:59.436854+00:00,2026-07-24T23:46:03.578223+00:00,,,,,,,,,,,,,,,,,,,,,,,,,,,,,,,,,,,,,,,,,,,,,,,,,,,
stop_intent,stop_unchanged,SBUX,,98.9,,2026-07-24T23:45:59.436857+00:00,2026-07-24T23:46:03.585610+00:00,initial,10.0,-0.299,,,,,,,,,,,,,,,,,,,,,,,,,,,,,,,,,,,,,,,,,,,,,,,,
stop_intent,stop_unchanged,SPG,,217.23,,2026-07-24T23:45:59.436860+00:00,2026-07-24T23:46:03.593239+00:00,initial,5.0,0.401,,,,,,,,,,,,,,,,,,,,,,,,,,,,,,,,,,,,,,,,,,,,,,,,
stop_intent,stop_unchanged,XBI,,142.37,,2026-07-24T23:45:59.436863+00:00,2026-07-24T23:46:03.600760+00:00,initial,15.0,-0.117,,,,,,,,,,,,,,,,,,,,,,,,,,,,,,,,,,,,,,,,,,,,,,,,
stop_intent,stop_unchanged,AMAT,,461.12,,2026-07-25T00:46:17.428400+00:00,2026-07-25T00:46:21.507808+00:00,initial,3.0,-0.144,,,,,,,,,,,,,,,,,,,,,,,,,,,,,,,,,,,,,,,,,,,,,,,,
stop_intent,stop_unchanged,JPM,,331.44,,2026-07-25T00:46:17.428410+00:00,2026-07-25T00:46:21.514900+00:00,initial,3.0,0.315,,,,,,,,,,,,,,,,,,,,,,,,,,,,,,,,,,,,,,,,,,,,,,,,
stop_intent,stop_ratchet_failed,KLAC,"{""code"":40410000,""message"":""order not found""}",,,2026-07-25T00:46:17.428415+00:00,2026-07-25T00:46:21.521545+00:00,,,,,,,,,,,,,,,,,,,,,,,,,,,,,,,,,,,,,,,,,,,,,,,,,,,
stop_intent,stop_unchanged,SBUX,,98.9,,2026-07-25T00:46:17.428418+00:00,2026-07-25T00:46:21.528041+00:00,initial,10.0,-0.299,,,,,,,,,,,,,,,,,,,,,,,,,,,,,,,,,,,,,,,,,,,,,,,,
stop_intent,stop_unchanged,SPG,,217.23,,2026-07-25T00:46:17.428421+00:00,2026-07-25T00:46:21.534576+00:00,initial,5.0,0.401,,,,,,,,,,,,,,,,,,,,,,,,,,,,,,,,,,,,,,,,,,,,,,,,
stop_intent,stop_unchanged,XBI,,142.37,,2026-07-25T00:46:17.428423+00:00,2026-07-25T00:46:21.541140+00:00,initial,15.0,-0.099,,,,,,,,,,,,,,,,,,,,,,,,,,,,,,,,,,,,,,,,,,,,,,,,
stop_intent,stop_unchanged,AMAT,,461.12,,2026-07-25T01:46:02.195026+00:00,2026-07-25T01:46:07.059295+00:00,initial,3.0,-0.144,,,,,,,,,,,,,,,,,,,,,,,,,,,,,,,,,,,,,,,,,,,,,,,,
stop_intent,stop_unchanged,JPM,,331.44,,2026-07-25T01:46:02.195037+00:00,2026-07-25T01:46:07.068320+00:00,initial,3.0,0.315,,,,,,,,,,,,,,,,,,,,,,,,,,,,,,,,,,,,,,,,,,,,,,,,
stop_intent,stop_ratchet_failed,KLAC,"{""code"":40410000,""message"":""order not found""}",,,2026-07-25T01:46:02.195043+00:00,2026-07-25T01:46:07.076915+00:00,,,,,,,,,,,,,,,,,,,,,,,,,,,,,,,,,,,,,,,,,,,,,,,,,,,
stop_intent,stop_unchanged,SBUX,,98.9,,2026-07-25T01:46:02.195047+00:00,2026-07-25T01:46:07.085230+00:00,initial,10.0,-0.299,,,,,,,,,,,,,,,,,,,,,,,,,,,,,,,,,,,,,,,,,,,,,,,,
stop_intent,stop_unchanged,SPG,,217.23,,2026-07-25T01:46:02.195050+00:00,2026-07-25T01:46:07.093822+00:00,initial,5.0,0.401,,,,,,,,,,,,,,,,,,,,,,,,,,,,,,,,,,,,,,,,,,,,,,,,
stop_intent,stop_unchanged,XBI,,142.37,,2026-07-25T01:46:02.195053+00:00,2026-07-25T01:46:07.102396+00:00,initial,15.0,-0.099,,,,,,,,,,,,,,,,,,,,,,,,,,,,,,,,,,,,,,,,,,,,,,,,
stop_intent,stop_unchanged,AMAT,,461.12,,2026-07-25T02:46:12.244919+00:00,2026-07-25T02:46:17.934504+00:00,initial,3.0,-0.16,,,,,,,,,,,,,,,,,,,,,,,,,,,,,,,,,,,,,,,,,,,,,,,,
stop_intent,stop_unchanged,JPM,,331.44,,2026-07-25T02:46:12.244929+00:00,2026-07-25T02:46:17.943476+00:00,initial,3.0,0.311,,,,,,,,,,,,,,,,,,,,,,,,,,,,,,,,,,,,,,,,,,,,,,,,
stop_intent,stop_ratchet_failed,KLAC,"{""code"":40410000,""message"":""order not found""}",,,2026-07-25T02:46:12.244935+00:00,2026-07-25T02:46:17.951998+00:00,,,,,,,,,,,,,,,,,,,,,,,,,,,,,,,,,,,,,,,,,,,,,,,,,,,
stop_intent,stop_unchanged,SBUX,,98.9,,2026-07-25T02:46:12.244938+00:00,2026-07-25T02:46:17.960251+00:00,initial,10.0,-0.256,,,,,,,,,,,,,,,,,,,,,,,,,,,,,,,,,,,,,,,,,,,,,,,,
stop_intent,stop_unchanged,SPG,,217.23,,2026-07-25T02:46:12.244942+00:00,2026-07-25T02:46:17.968717+00:00,initial,5.0,0.401,,,,,,,,,,,,,,,,,,,,,,,,,,,,,,,,,,,,,,,,,,,,,,,,
stop_intent,stop_unchanged,XBI,,142.37,,2026-07-25T02:46:12.244945+00:00,2026-07-25T02:46:17.977068+00:00,initial,15.0,-0.099,,,,,,,,,,,,,,,,,,,,,,,,,,,,,,,,,,,,,,,,,,,,,,,,
stop_intent,stop_unchanged,AMAT,,461.12,,2026-07-25T03:46:16.476367+00:00,2026-07-25T03:46:21.747253+00:00,initial,3.0,-0.16,,,,,,,,,,,,,,,,,,,,,,,,,,,,,,,,,,,,,,,,,,,,,,,,
stop_intent,stop_unchanged,JPM,,331.44,,2026-07-25T03:46:16.476379+00:00,2026-07-25T03:46:21.756293+00:00,initial,3.0,0.311,,,,,,,,,,,,,,,,,,,,,,,,,,,,,,,,,,,,,,,,,,,,,,,,
stop_intent,stop_ratchet_failed,KLAC,"{""code"":40410000,""message"":""order not found""}",,,2026-07-25T03:46:16.476384+00:00,2026-07-25T03:46:21.764851+00:00,,,,,,,,,,,,,,,,,,,,,,,,,,,,,,,,,,,,,,,,,,,,,,,,,,,
stop_intent,stop_unchanged,SBUX,,98.9,,2026-07-25T03:46:16.476388+00:00,2026-07-25T03:46:21.773136+00:00,initial,10.0,-0.256,,,,,,,,,,,,,,,,,,,,,,,,,,,,,,,,,,,,,,,,,,,,,,,,
stop_intent,stop_unchanged,SPG,,217.23,,2026-07-25T03:46:16.476392+00:00,2026-07-25T03:46:21.781688+00:00,initial,5.0,0.401,,,,,,,,,,,,,,,,,,,,,,,,,,,,,,,,,,,,,,,,,,,,,,,,
stop_intent,stop_unchanged,XBI,,142.37,,2026-07-25T03:46:16.476395+00:00,2026-07-25T03:46:21.790277+00:00,initial,15.0,-0.099,,,,,,,,,,,,,,,,,,,,,,,,,,,,,,,,,,,,,,,,,,,,,,,,
stop_intent,stop_unchanged,AMAT,,461.12,,2026-07-25T04:46:20.498544+00:00,2026-07-25T04:46:24.521448+00:00,initial,3.0,-0.16,,,,,,,,,,,,,,,,,,,,,,,,,,,,,,,,,,,,,,,,,,,,,,,,
stop_intent,stop_unchanged,JPM,,331.44,,2026-07-25T04:46:20.498553+00:00,2026-07-25T04:46:24.528192+00:00,initial,3.0,0.311,,,,,,,,,,,,,,,,,,,,,,,,,,,,,,,,,,,,,,,,,,,,,,,,
stop_intent,stop_ratchet_failed,KLAC,"{""code"":40410000,""message"":""order not found""}",,,2026-07-25T04:46:20.498557+00:00,2026-07-25T04:46:24.534366+00:00,,,,,,,,,,,,,,,,,,,,,,,,,,,,,,,,,,,,,,,,,,,,,,,,,,,
stop_intent,stop_unchanged,SBUX,,98.9,,2026-07-25T04:46:20.498560+00:00,2026-07-25T04:46:24.540337+00:00,initial,10.0,-0.256,,,,,,,,,,,,,,,,,,,,,,,,,,,,,,,,,,,,,,,,,,,,,,,,
stop_intent,stop_unchanged,SPG,,217.23,,2026-07-25T04:46:20.498563+00:00,2026-07-25T04:46:24.546439+00:00,initial,5.0,0.401,,,,,,,,,,,,,,,,,,,,,,,,,,,,,,,,,,,,,,,,,,,,,,,,
stop_intent,stop_unchanged,XBI,,142.37,,2026-07-25T04:46:20.498566+00:00,2026-07-25T04:46:24.603763+00:00,initial,15.0,-0.099,,,,,,,,,,,,,,,,,,,,,,,,,,,,,,,,,,,,,,,,,,,,,,,,
stop_intent,stop_unchanged,AMAT,,461.12,,2026-07-25T05:46:11.997717+00:00,2026-07-25T05:46:16.079938+00:00,initial,3.0,-0.16,,,,,,,,,,,,,,,,,,,,,,,,,,,,,,,,,,,,,,,,,,,,,,,,
stop_intent,stop_unchanged,JPM,,331.44,,2026-07-25T05:46:11.997730+00:00,2026-07-25T05:46:16.088599+00:00,initial,3.0,0.311,,,,,,,,,,,,,,,,,,,,,,,,,,,,,,,,,,,,,,,,,,,,,,,,
stop_intent,stop_ratchet_failed,KLAC,"{""code"":40410000,""message"":""order not found""}",,,2026-07-25T05:46:11.997735+00:00,2026-07-25T05:46:16.097098+00:00,,,,,,,,,,,,,,,,,,,,,,,,,,,,,,,,,,,,,,,,,,,,,,,,,,,
stop_intent,stop_unchanged,SBUX,,98.9,,2026-07-25T05:46:11.997738+00:00,2026-07-25T05:46:16.105291+00:00,initial,10.0,-0.256,,,,,,,,,,,,,,,,,,,,,,,,,,,,,,,,,,,,,,,,,,,,,,,,
stop_intent,stop_unchanged,SPG,,217.23,,2026-07-25T05:46:11.997742+00:00,2026-07-25T05:46:16.114333+00:00,initial,5.0,0.401,,,,,,,,,,,,,,,,,,,,,,,,,,,,,,,,,,,,,,,,,,,,,,,,
stop_intent,stop_unchanged,XBI,,142.37,,2026-07-25T05:46:11.997745+00:00,2026-07-25T05:46:16.122696+00:00,initial,15.0,-0.099,,,,,,,,,,,,,,,,,,,,,,,,,,,,,,,,,,,,,,,,,,,,,,,,
stop_intent,stop_unchanged,AMAT,,461.12,,2026-07-25T06:46:07.129353+00:00,2026-07-25T06:46:12.257133+00:00,initial,3.0,-0.16,,,,,,,,,,,,,,,,,,,,,,,,,,,,,,,,,,,,,,,,,,,,,,,,
stop_intent,stop_unchanged,JPM,,331.44,,2026-07-25T06:46:07.129363+00:00,2026-07-25T06:46:12.265980+00:00,initial,3.0,0.311,,,,,,,,,,,,,,,,,,,,,,,,,,,,,,,,,,,,,,,,,,,,,,,,
stop_intent,stop_ratchet_failed,KLAC,"{""code"":40410000,""message"":""order not found""}",,,2026-07-25T06:46:07.129368+00:00,2026-07-25T06:46:12.274337+00:00,,,,,,,,,,,,,,,,,,,,,,,,,,,,,,,,,,,,,,,,,,,,,,,,,,,
stop_intent,stop_unchanged,SBUX,,98.9,,2026-07-25T06:46:07.129371+00:00,2026-07-25T06:46:12.282517+00:00,initial,10.0,-0.256,,,,,,,,,,,,,,,,,,,,,,,,,,,,,,,,,,,,,,,,,,,,,,,,
stop_intent,stop_unchanged,SPG,,217.23,,2026-07-25T06:46:07.129375+00:00,2026-07-25T06:46:12.290893+00:00,initial,5.0,0.401,,,,,,,,,,,,,,,,,,,,,,,,,,,,,,,,,,,,,,,,,,,,,,,,
stop_intent,stop_unchanged,XBI,,142.37,,2026-07-25T06:46:07.129378+00:00,2026-07-25T06:46:12.299236+00:00,initial,15.0,-0.099,,,,,,,,,,,,,,,,,,,,,,,,,,,,,,,,,,,,,,,,,,,,,,,,
stop_intent,stop_unchanged,AMAT,,461.12,,2026-07-25T07:46:24.586009+00:00,2026-07-25T07:46:30.208961+00:00,initial,3.0,-0.16,,,,,,,,,,,,,,,,,,,,,,,,,,,,,,,,,,,,,,,,,,,,,,,,
stop_intent,stop_unchanged,JPM,,331.44,,2026-07-25T07:46:24.586021+00:00,2026-07-25T07:46:30.218396+00:00,initial,3.0,0.311,,,,,,,,,,,,,,,,,,,,,,,,,,,,,,,,,,,,,,,,,,,,,,,,
stop_intent,stop_ratchet_failed,KLAC,"{""code"":40410000,""message"":""order not found""}",,,2026-07-25T07:46:24.586026+00:00,2026-07-25T07:46:30.227233+00:00,,,,,,,,,,,,,,,,,,,,,,,,,,,,,,,,,,,,,,,,,,,,,,,,,,,
stop_intent,stop_unchanged,SBUX,,98.9,,2026-07-25T07:46:24.586030+00:00,2026-07-25T07:46:30.236063+00:00,initial,10.0,-0.256,,,,,,,,,,,,,,,,,,,,,,,,,,,,,,,,,,,,,,,,,,,,,,,,
stop_intent,stop_unchanged,SPG,,217.23,,2026-07-25T07:46:24.586033+00:00,2026-07-25T07:46:30.245404+00:00,initial,5.0,0.401,,,,,,,,,,,,,,,,,,,,,,,,,,,,,,,,,,,,,,,,,,,,,,,,
stop_intent,stop_unchanged,XBI,,142.37,,2026-07-25T07:46:24.586036+00:00,2026-07-25T07:46:30.254566+00:00,initial,15.0,-0.099,,,,,,,,,,,,,,,,,,,,,,,,,,,,,,,,,,,,,,,,,,,,,,,,
stop_intent,stop_unchanged,AMAT,,461.12,,2026-07-25T08:46:07.716494+00:00,2026-07-25T08:46:12.654492+00:00,initial,3.0,-0.16,,,,,,,,,,,,,,,,,,,,,,,,,,,,,,,,,,,,,,,,,,,,,,,,
stop_intent,stop_unchanged,JPM,,331.44,,2026-07-25T08:46:07.716504+00:00,2026-07-25T08:46:12.663872+00:00,initial,3.0,0.311,,,,,,,,,,,,,,,,,,,,,,,,,,,,,,,,,,,,,,,,,,,,,,,,
stop_intent,stop_ratchet_failed,KLAC,"{""code"":40410000,""message"":""order not found""}",,,2026-07-25T08:46:07.716509+00:00,2026-07-25T08:46:12.672683+00:00,,,,,,,,,,,,,,,,,,,,,,,,,,,,,,,,,,,,,,,,,,,,,,,,,,,
stop_intent,stop_unchanged,SBUX,,98.9,,2026-07-25T08:46:07.716513+00:00,2026-07-25T08:46:12.681223+00:00,initial,10.0,-0.256,,,,,,,,,,,,,,,,,,,,,,,,,,,,,,,,,,,,,,,,,,,,,,,,
stop_intent,stop_unchanged,SPG,,217.23,,2026-07-25T08:46:07.716516+00:00,2026-07-25T08:46:12.689971+00:00,initial,5.0,0.401,,,,,,,,,,,,,,,,,,,,,,,,,,,,,,,,,,,,,,,,,,,,,,,,
stop_intent,stop_unchanged,XBI,,142.37,,2026-07-25T08:46:07.716520+00:00,2026-07-25T08:46:12.698814+00:00,initial,15.0,-0.099,,,,,,,,,,,,,,,,,,,,,,,,,,,,,,,,,,,,,,,,,,,,,,,,
stop_intent,stop_unchanged,AMAT,,461.12,,2026-07-25T09:46:13.908104+00:00,2026-07-25T09:46:19.132784+00:00,initial,3.0,-0.16,,,,,,,,,,,,,,,,,,,,,,,,,,,,,,,,,,,,,,,,,,,,,,,,
stop_intent,stop_unchanged,JPM,,331.44,,2026-07-25T09:46:13.908114+00:00,2026-07-25T09:46:19.142058+00:00,initial,3.0,0.311,,,,,,,,,,,,,,,,,,,,,,,,,,,,,,,,,,,,,,,,,,,,,,,,
stop_intent,stop_ratchet_failed,KLAC,"{""code"":40410000,""message"":""order not found""}",,,2026-07-25T09:46:13.908119+00:00,2026-07-25T09:46:19.150786+00:00,,,,,,,,,,,,,,,,,,,,,,,,,,,,,,,,,,,,,,,,,,,,,,,,,,,
stop_intent,stop_unchanged,SBUX,,98.9,,2026-07-25T09:46:13.908123+00:00,2026-07-25T09:46:19.159227+00:00,initial,10.0,-0.256,,,,,,,,,,,,,,,,,,,,,,,,,,,,,,,,,,,,,,,,,,,,,,,,
stop_intent,stop_unchanged,SPG,,217.23,,2026-07-25T09:46:13.908126+00:00,2026-07-25T09:46:19.167852+00:00,initial,5.0,0.401,,,,,,,,,,,,,,,,,,,,,,,,,,,,,,,,,,,,,,,,,,,,,,,,
stop_intent,stop_unchanged,XBI,,142.37,,2026-07-25T09:46:13.908129+00:00,2026-07-25T09:46:19.176460+00:00,initial,15.0,-0.099,,,,,,,,,,,,,,,,,,,,,,,,,,,,,,,,,,,,,,,,,,,,,,,,
stop_intent,stop_unchanged,AMAT,,461.12,,2026-07-25T10:46:11.558587+00:00,2026-07-25T10:46:15.259677+00:00,initial,3.0,-0.16,,,,,,,,,,,,,,,,,,,,,,,,,,,,,,,,,,,,,,,,,,,,,,,,
stop_intent,stop_unchanged,JPM,,331.44,,2026-07-25T10:46:11.558601+00:00,2026-07-25T10:46:15.268959+00:00,initial,3.0,0.311,,,,,,,,,,,,,,,,,,,,,,,,,,,,,,,,,,,,,,,,,,,,,,,,
stop_intent,stop_ratchet_failed,KLAC,"{""code"":40410000,""message"":""order not found""}",,,2026-07-25T10:46:11.558607+00:00,2026-07-25T10:46:15.277560+00:00,,,,,,,,,,,,,,,,,,,,,,,,,,,,,,,,,,,,,,,,,,,,,,,,,,,
stop_intent,stop_unchanged,SBUX,,98.9,,2026-07-25T10:46:11.558612+00:00,2026-07-25T10:46:15.285850+00:00,initial,10.0,-0.256,,,,,,,,,,,,,,,,,,,,,,,,,,,,,,,,,,,,,,,,,,,,,,,,
stop_intent,stop_unchanged,SPG,,217.23,,2026-07-25T10:46:11.558616+00:00,2026-07-25T10:46:15.294464+00:00,initial,5.0,0.401,,,,,,,,,,,,,,,,,,,,,,,,,,,,,,,,,,,,,,,,,,,,,,,,
stop_intent,stop_unchanged,XBI,,142.37,,2026-07-25T10:46:11.558619+00:00,2026-07-25T10:46:15.303108+00:00,initial,15.0,-0.099,,,,,,,,,,,,,,,,,,,,,,,,,,,,,,,,,,,,,,,,,,,,,,,,
stop_intent,stop_unchanged,AMAT,,461.12,,2026-07-25T11:46:12.279790+00:00,2026-07-25T11:46:17.450550+00:00,initial,3.0,-0.16,,,,,,,,,,,,,,,,,,,,,,,,,,,,,,,,,,,,,,,,,,,,,,,,
stop_intent,stop_unchanged,JPM,,331.44,,2026-07-25T11:46:12.279800+00:00,2026-07-25T11:46:17.459839+00:00,initial,3.0,0.311,,,,,,,,,,,,,,,,,,,,,,,,,,,,,,,,,,,,,,,,,,,,,,,,
stop_intent,stop_ratchet_failed,KLAC,"{""code"":40410000,""message"":""order not found""}",,,2026-07-25T11:46:12.279805+00:00,2026-07-25T11:46:17.468642+00:00,,,,,,,,,,,,,,,,,,,,,,,,,,,,,,,,,,,,,,,,,,,,,,,,,,,
stop_intent,stop_unchanged,SBUX,,98.9,,2026-07-25T11:46:12.279809+00:00,2026-07-25T11:46:17.478247+00:00,initial,10.0,-0.256,,,,,,,,,,,,,,,,,,,,,,,,,,,,,,,,,,,,,,,,,,,,,,,,
stop_intent,stop_unchanged,SPG,,217.23,,2026-07-25T11:46:12.279812+00:00,2026-07-25T11:46:17.488034+00:00,initial,5.0,0.401,,,,,,,,,,,,,,,,,,,,,,,,,,,,,,,,,,,,,,,,,,,,,,,,
stop_intent,stop_unchanged,XBI,,142.37,,2026-07-25T11:46:12.279815+00:00,2026-07-25T11:46:17.496767+00:00,initial,15.0,-0.099,,,,,,,,,,,,,,,,,,,,,,,,,,,,,,,,,,,,,,,,,,,,,,,,
stop_intent,stop_unchanged,AMAT,,461.12,,2026-07-25T12:46:28.048461+00:00,2026-07-25T12:46:33.729482+00:00,initial,3.0,-0.16,,,,,,,,,,,,,,,,,,,,,,,,,,,,,,,,,,,,,,,,,,,,,,,,
stop_intent,stop_unchanged,JPM,,331.44,,2026-07-25T12:46:28.048473+00:00,2026-07-25T12:46:33.739035+00:00,initial,3.0,0.311,,,,,,,,,,,,,,,,,,,,,,,,,,,,,,,,,,,,,,,,,,,,,,,,
stop_intent,stop_ratchet_failed,KLAC,"{""code"":40410000,""message"":""order not found""}",,,2026-07-25T12:46:28.048478+00:00,2026-07-25T12:46:33.747862+00:00,,,,,,,,,,,,,,,,,,,,,,,,,,,,,,,,,,,,,,,,,,,,,,,,,,,
stop_intent,stop_unchanged,SBUX,,98.9,,2026-07-25T12:46:28.048482+00:00,2026-07-25T12:46:33.756411+00:00,initial,10.0,-0.256,,,,,,,,,,,,,,,,,,,,,,,,,,,,,,,,,,,,,,,,,,,,,,,,
stop_intent,stop_unchanged,SPG,,217.23,,2026-07-25T12:46:28.048486+00:00,2026-07-25T12:46:33.765186+00:00,initial,5.0,0.401,,,,,,,,,,,,,,,,,,,,,,,,,,,,,,,,,,,,,,,,,,,,,,,,
stop_intent,stop_unchanged,XBI,,142.37,,2026-07-25T12:46:28.048489+00:00,2026-07-25T12:46:33.773993+00:00,initial,15.0,-0.099,,,,,,,,,,,,,,,,,,,,,,,,,,,,,,,,,,,,,,,,,,,,,,,,
stop_intent,stop_unchanged,AMAT,,461.12,,2026-07-25T13:46:26.238418+00:00,2026-07-25T13:46:31.458179+00:00,initial,3.0,-0.16,,,,,,,,,,,,,,,,,,,,,,,,,,,,,,,,,,,,,,,,,,,,,,,,
stop_intent,stop_unchanged,JPM,,331.44,,2026-07-25T13:46:26.238432+00:00,2026-07-25T13:46:31.468143+00:00,initial,3.0,0.311,,,,,,,,,,,,,,,,,,,,,,,,,,,,,,,,,,,,,,,,,,,,,,,,
stop_intent,stop_ratchet_failed,KLAC,"{""code"":40410000,""message"":""order not found""}",,,2026-07-25T13:46:26.238438+00:00,2026-07-25T13:46:31.477983+00:00,,,,,,,,,,,,,,,,,,,,,,,,,,,,,,,,,,,,,,,,,,,,,,,,,,,
stop_intent,stop_unchanged,SBUX,,98.9,,2026-07-25T13:46:26.238443+00:00,2026-07-25T13:46:31.487499+00:00,initial,10.0,-0.256,,,,,,,,,,,,,,,,,,,,,,,,,,,,,,,,,,,,,,,,,,,,,,,,
stop_intent,stop_unchanged,SPG,,217.23,,2026-07-25T13:46:26.238446+00:00,2026-07-25T13:46:31.497153+00:00,initial,5.0,0.401,,,,,,,,,,,,,,,,,,,,,,,,,,,,,,,,,,,,,,,,,,,,,,,,
stop_intent,stop_unchanged,XBI,,142.37,,2026-07-25T13:46:26.238450+00:00,2026-07-25T13:46:31.507249+00:00,initial,15.0,-0.099,,,,,,,,,,,,,,,,,,,,,,,,,,,,,,,,,,,,,,,,,,,,,,,,
stop_intent,stop_unchanged,AMAT,,461.12,,2026-07-25T14:46:11.619144+00:00,2026-07-25T14:46:14.888183+00:00,initial,3.0,-0.16,,,,,,,,,,,,,,,,,,,,,,,,,,,,,,,,,,,,,,,,,,,,,,,,
stop_intent,stop_unchanged,JPM,,331.44,,2026-07-25T14:46:11.619153+00:00,2026-07-25T14:46:14.895247+00:00,initial,3.0,0.311,,,,,,,,,,,,,,,,,,,,,,,,,,,,,,,,,,,,,,,,,,,,,,,,
stop_intent,stop_ratchet_failed,KLAC,"{""code"":40410000,""message"":""order not found""}",,,2026-07-25T14:46:11.619157+00:00,2026-07-25T14:46:14.901768+00:00,,,,,,,,,,,,,,,,,,,,,,,,,,,,,,,,,,,,,,,,,,,,,,,,,,,
stop_intent,stop_unchanged,SBUX,,98.9,,2026-07-25T14:46:11.619160+00:00,2026-07-25T14:46:14.908084+00:00,initial,10.0,-0.256,,,,,,,,,,,,,,,,,,,,,,,,,,,,,,,,,,,,,,,,,,,,,,,,
stop_intent,stop_unchanged,SPG,,217.23,,2026-07-25T14:46:11.619163+00:00,2026-07-25T14:46:14.914677+00:00,initial,5.0,0.401,,,,,,,,,,,,,,,,,,,,,,,,,,,,,,,,,,,,,,,,,,,,,,,,
stop_intent,stop_unchanged,XBI,,142.37,,2026-07-25T14:46:11.619165+00:00,2026-07-25T14:46:14.921240+00:00,initial,15.0,-0.099,,,,,,,,,,,,,,,,,,,,,,,,,,,,,,,,,,,,,,,,,,,,,,,,
stop_intent,stop_unchanged,AMAT,,461.12,,2026-07-25T15:46:25.645790+00:00,2026-07-25T15:46:31.281270+00:00,initial,3.0,-0.16,,,,,,,,,,,,,,,,,,,,,,,,,,,,,,,,,,,,,,,,,,,,,,,,
stop_intent,stop_unchanged,JPM,,331.44,,2026-07-25T15:46:25.645802+00:00,2026-07-25T15:46:31.290774+00:00,initial,3.0,0.311,,,,,,,,,,,,,,,,,,,,,,,,,,,,,,,,,,,,,,,,,,,,,,,,
stop_intent,stop_ratchet_failed,KLAC,"{""code"":40410000,""message"":""order not found""}",,,2026-07-25T15:46:25.645809+00:00,2026-07-25T15:46:31.299921+00:00,,,,,,,,,,,,,,,,,,,,,,,,,,,,,,,,,,,,,,,,,,,,,,,,,,,
stop_intent,stop_unchanged,SBUX,,98.9,,2026-07-25T15:46:25.645812+00:00,2026-07-25T15:46:31.308647+00:00,initial,10.0,-0.256,,,,,,,,,,,,,,,,,,,,,,,,,,,,,,,,,,,,,,,,,,,,,,,,
stop_intent,stop_unchanged,SPG,,217.23,,2026-07-25T15:46:25.645816+00:00,2026-07-25T15:46:31.317629+00:00,initial,5.0,0.401,,,,,,,,,,,,,,,,,,,,,,,,,,,,,,,,,,,,,,,,,,,,,,,,
stop_intent,stop_unchanged,XBI,,142.37,,2026-07-25T15:46:25.645819+00:00,2026-07-25T15:46:31.326529+00:00,initial,15.0,-0.099,,,,,,,,,,,,,,,,,,,,,,,,,,,,,,,,,,,,,,,,,,,,,,,,
stop_intent,stop_unchanged,AMAT,,461.12,,2026-07-25T16:46:06.496779+00:00,2026-07-25T16:46:11.417260+00:00,initial,3.0,-0.16,,,,,,,,,,,,,,,,,,,,,,,,,,,,,,,,,,,,,,,,,,,,,,,,
stop_intent,stop_unchanged,JPM,,331.44,,2026-07-25T16:46:06.496790+00:00,2026-07-25T16:46:11.426685+00:00,initial,3.0,0.311,,,,,,,,,,,,,,,,,,,,,,,,,,,,,,,,,,,,,,,,,,,,,,,,
stop_intent,stop_ratchet_failed,KLAC,"{""code"":40410000,""message"":""order not found""}",,,2026-07-25T16:46:06.496795+00:00,2026-07-25T16:46:11.435692+00:00,,,,,,,,,,,,,,,,,,,,,,,,,,,,,,,,,,,,,,,,,,,,,,,,,,,
stop_intent,stop_unchanged,SBUX,,98.9,,2026-07-25T16:46:06.496799+00:00,2026-07-25T16:46:11.444839+00:00,initial,10.0,-0.256,,,,,,,,,,,,,,,,,,,,,,,,,,,,,,,,,,,,,,,,,,,,,,,,
stop_intent,stop_unchanged,SPG,,217.23,,2026-07-25T16:46:06.496803+00:00,2026-07-25T16:46:11.454171+00:00,initial,5.0,0.401,,,,,,,,,,,,,,,,,,,,,,,,,,,,,,,,,,,,,,,,,,,,,,,,
stop_intent,stop_unchanged,XBI,,142.37,,2026-07-25T16:46:06.496806+00:00,2026-07-25T16:46:11.463488+00:00,initial,15.0,-0.099,,,,,,,,,,,,,,,,,,,,,,,,,,,,,,,,,,,,,,,,,,,,,,,,
stop_intent,stop_unchanged,AMAT,,461.12,,2026-07-25T17:46:10.606014+00:00,2026-07-25T17:46:16.073081+00:00,initial,3.0,-0.16,,,,,,,,,,,,,,,,,,,,,,,,,,,,,,,,,,,,,,,,,,,,,,,,
stop_intent,stop_unchanged,JPM,,331.44,,2026-07-25T17:46:10.606027+00:00,2026-07-25T17:46:16.083319+00:00,initial,3.0,0.311,,,,,,,,,,,,,,,,,,,,,,,,,,,,,,,,,,,,,,,,,,,,,,,,
stop_intent,stop_ratchet_failed,KLAC,"{""code"":40410000,""message"":""order not found""}",,,2026-07-25T17:46:10.606033+00:00,2026-07-25T17:46:16.093325+00:00,,,,,,,,,,,,,,,,,,,,,,,,,,,,,,,,,,,,,,,,,,,,,,,,,,,
stop_intent,stop_unchanged,SBUX,,98.9,,2026-07-25T17:46:10.606037+00:00,2026-07-25T17:46:16.102649+00:00,initial,10.0,-0.256,,,,,,,,,,,,,,,,,,,,,,,,,,,,,,,,,,,,,,,,,,,,,,,,
stop_intent,stop_unchanged,SPG,,217.23,,2026-07-25T17:46:10.606041+00:00,2026-07-25T17:46:16.112409+00:00,initial,5.0,0.401,,,,,,,,,,,,,,,,,,,,,,,,,,,,,,,,,,,,,,,,,,,,,,,,
stop_intent,stop_unchanged,XBI,,142.37,,2026-07-25T17:46:10.606045+00:00,2026-07-25T17:46:16.121881+00:00,initial,15.0,-0.099,,,,,,,,,,,,,,,,,,,,,,,,,,,,,,,,,,,,,,,,,,,,,,,,
stop_intent,stop_unchanged,AMAT,,461.12,,2026-07-25T18:46:09.737109+00:00,2026-07-25T18:46:14.640563+00:00,initial,3.0,-0.16,,,,,,,,,,,,,,,,,,,,,,,,,,,,,,,,,,,,,,,,,,,,,,,,
stop_intent,stop_unchanged,JPM,,331.44,,2026-07-25T18:46:09.737121+00:00,2026-07-25T18:46:14.650844+00:00,initial,3.0,0.311,,,,,,,,,,,,,,,,,,,,,,,,,,,,,,,,,,,,,,,,,,,,,,,,
stop_intent,stop_ratchet_failed,KLAC,"{""code"":40410000,""message"":""order not found""}",,,2026-07-25T18:46:09.737126+00:00,2026-07-25T18:46:14.660409+00:00,,,,,,,,,,,,,,,,,,,,,,,,,,,,,,,,,,,,,,,,,,,,,,,,,,,
stop_intent,stop_unchanged,SBUX,,98.9,,2026-07-25T18:46:09.737130+00:00,2026-07-25T18:46:14.669615+00:00,initial,10.0,-0.256,,,,,,,,,,,,,,,,,,,,,,,,,,,,,,,,,,,,,,,,,,,,,,,,
stop_intent,stop_unchanged,SPG,,217.23,,2026-07-25T18:46:09.737134+00:00,2026-07-25T18:46:14.679040+00:00,initial,5.0,0.401,,,,,,,,,,,,,,,,,,,,,,,,,,,,,,,,,,,,,,,,,,,,,,,,
stop_intent,stop_unchanged,XBI,,142.37,,2026-07-25T18:46:09.737137+00:00,2026-07-25T18:46:14.688523+00:00,initial,15.0,-0.099,,,,,,,,,,,,,,,,,,,,,,,,,,,,,,,,,,,,,,,,,,,,,,,,
stop_intent,stop_unchanged,AMAT,,461.12,,2026-07-25T19:46:10.931042+00:00,2026-07-25T19:46:16.149559+00:00,initial,3.0,-0.16,,,,,,,,,,,,,,,,,,,,,,,,,,,,,,,,,,,,,,,,,,,,,,,,
stop_intent,stop_unchanged,JPM,,331.44,,2026-07-25T19:46:10.931053+00:00,2026-07-25T19:46:16.159733+00:00,initial,3.0,0.311,,,,,,,,,,,,,,,,,,,,,,,,,,,,,,,,,,,,,,,,,,,,,,,,
stop_intent,stop_ratchet_failed,KLAC,"{""code"":40410000,""message"":""order not found""}",,,2026-07-25T19:46:10.931059+00:00,2026-07-25T19:46:16.169274+00:00,,,,,,,,,,,,,,,,,,,,,,,,,,,,,,,,,,,,,,,,,,,,,,,,,,,
stop_intent,stop_unchanged,SBUX,,98.9,,2026-07-25T19:46:10.931063+00:00,2026-07-25T19:46:16.178573+00:00,initial,10.0,-0.256,,,,,,,,,,,,,,,,,,,,,,,,,,,,,,,,,,,,,,,,,,,,,,,,
stop_intent,stop_unchanged,SPG,,217.23,,2026-07-25T19:46:10.931067+00:00,2026-07-25T19:46:16.187988+00:00,initial,5.0,0.401,,,,,,,,,,,,,,,,,,,,,,,,,,,,,,,,,,,,,,,,,,,,,,,,
stop_intent,stop_unchanged,XBI,,142.37,,2026-07-25T19:46:10.931070+00:00,2026-07-25T19:46:16.197448+00:00,initial,15.0,-0.099,,,,,,,,,,,,,,,,,,,,,,,,,,,,,,,,,,,,,,,,,,,,,,,,
stop_intent,stop_unchanged,AMAT,,461.12,,2026-07-25T20:46:13.710981+00:00,2026-07-25T20:46:16.591535+00:00,initial,3.0,-0.16,,,,,,,,,,,,,,,,,,,,,,,,,,,,,,,,,,,,,,,,,,,,,,,,
stop_intent,stop_unchanged,JPM,,331.44,,2026-07-25T20:46:13.710995+00:00,2026-07-25T20:46:16.616754+00:00,initial,3.0,0.311,,,,,,,,,,,,,,,,,,,,,,,,,,,,,,,,,,,,,,,,,,,,,,,,
stop_intent,stop_ratchet_failed,KLAC,"{""code"":40410000,""message"":""order not found""}",,,2026-07-25T20:46:13.710999+00:00,2026-07-25T20:46:16.623355+00:00,,,,,,,,,,,,,,,,,,,,,,,,,,,,,,,,,,,,,,,,,,,,,,,,,,,
stop_intent,stop_unchanged,SBUX,,98.9,,2026-07-25T20:46:13.711001+00:00,2026-07-25T20:46:16.629715+00:00,initial,10.0,-0.256,,,,,,,,,,,,,,,,,,,,,,,,,,,,,,,,,,,,,,,,,,,,,,,,
stop_intent,stop_unchanged,SPG,,217.23,,2026-07-25T20:46:13.711004+00:00,2026-07-25T20:46:16.636213+00:00,initial,5.0,0.401,,,,,,,,,,,,,,,,,,,,,,,,,,,,,,,,,,,,,,,,,,,,,,,,
stop_intent,stop_unchanged,XBI,,142.37,,2026-07-25T20:46:13.711006+00:00,2026-07-25T20:46:16.642692+00:00,initial,15.0,-0.099,,,,,,,,,,,,,,,,,,,,,,,,,,,,,,,,,,,,,,,,,,,,,,,,
stop_intent,stop_unchanged,AMAT,,461.12,,2026-07-25T21:46:07.212835+00:00,2026-07-25T21:46:10.892186+00:00,initial,3.0,-0.16,,,,,,,,,,,,,,,,,,,,,,,,,,,,,,,,,,,,,,,,,,,,,,,,
stop_intent,stop_unchanged,JPM,,331.44,,2026-07-25T21:46:07.212847+00:00,2026-07-25T21:46:10.902497+00:00,initial,3.0,0.311,,,,,,,,,,,,,,,,,,,,,,,,,,,,,,,,,,,,,,,,,,,,,,,,
stop_intent,stop_ratchet_failed,KLAC,"{""code"":40410000,""message"":""order not found""}",,,2026-07-25T21:46:07.212853+00:00,2026-07-25T21:46:10.912196+00:00,,,,,,,,,,,,,,,,,,,,,,,,,,,,,,,,,,,,,,,,,,,,,,,,,,,
stop_intent,stop_unchanged,SBUX,,98.9,,2026-07-25T21:46:07.212857+00:00,2026-07-25T21:46:10.921605+00:00,initial,10.0,-0.256,,,,,,,,,,,,,,,,,,,,,,,,,,,,,,,,,,,,,,,,,,,,,,,,
stop_intent,stop_unchanged,SPG,,217.23,,2026-07-25T21:46:07.212860+00:00,2026-07-25T21:46:10.931173+00:00,initial,5.0,0.401,,,,,,,,,,,,,,,,,,,,,,,,,,,,,,,,,,,,,,,,,,,,,,,,
stop_intent,stop_unchanged,XBI,,142.37,,2026-07-25T21:46:07.212864+00:00,2026-07-25T21:46:10.940770+00:00,initial,15.0,-0.099,,,,,,,,,,,,,,,,,,,,,,,,,,,,,,,,,,,,,,,,,,,,,,,,
exit_intent,exit,SPG,stable filter broken: state_ext=stretched_up (expected neutral),,,2026-07-26T00:48:04.149446+00:00,2026-07-26T00:48:14.962617+00:00,,,,,,rejected,"{""available"":""0"",""code"":40310000,""existing_qty"":""5"",""held_for_orders"":""5"",""message"":""insufficient qty available for order (requested: 5, available: 0)"",""symbol"":""SPG""}",cross_USO_state_vol=high_vol + state_ext=neutral,cross_USO_state_vol=high_vol + state_ext=neutral,"{'cross_USO_state_vol': 'high_vol', 'state_ext': 'stretched_up'}",2.0,5.0,1d,False,paper_trade_log_enter,,,,,,,,,,,,,,,,,,,,,,,,,,,,,,,,,,,,
stop_intent,stop_unchanged,AMAT,,461.12,,2026-07-26T00:48:04.361314+00:00,2026-07-26T00:48:14.973333+00:00,initial,3.0,-0.16,,,,,,,,,,,,,,,,,,,,,,,,,,,,,,,,,,,,,,,,,,,,,,,,
stop_intent,stop_unchanged,JPM,,331.44,,2026-07-26T00:48:04.361324+00:00,2026-07-26T00:48:14.982984+00:00,initial,3.0,0.311,,,,,,,,,,,,,,,,,,,,,,,,,,,,,,,,,,,,,,,,,,,,,,,,
stop_intent,stop_ratchet_failed,KLAC,"{""code"":40410000,""message"":""order not found""}",,,2026-07-26T00:48:04.361329+00:00,2026-07-26T00:48:14.992543+00:00,,,,,,,,,,,,,,,,,,,,,,,,,,,,,,,,,,,,,,,,,,,,,,,,,,,
stop_intent,stop_unchanged,SBUX,,98.9,,2026-07-26T00:48:04.361333+00:00,2026-07-26T00:48:15.001910+00:00,initial,10.0,-0.256,,,,,,,,,,,,,,,,,,,,,,,,,,,,,,,,,,,,,,,,,,,,,,,,
stop_intent,stop_unchanged,SPG,,217.23,,2026-07-26T00:48:04.361336+00:00,2026-07-26T00:48:15.011471+00:00,initial,5.0,0.401,,,,,,,,,,,,,,,,,,,,,,,,,,,,,,,,,,,,,,,,,,,,,,,,
stop_intent,stop_unchanged,XBI,,142.37,,2026-07-26T00:48:04.361339+00:00,2026-07-26T00:48:15.021154+00:00,initial,15.0,-0.099,,,,,,,,,,,,,,,,,,,,,,,,,,,,,,,,,,,,,,,,,,,,,,,,
exit_intent,exit,SPG,stable filter broken: state_ext=stretched_up (expected neutral),,,2026-07-26T01:46:38.550306+00:00,2026-07-26T01:46:48.912812+00:00,,,,,,rejected,"{""available"":""0"",""code"":40310000,""existing_qty"":""5"",""held_for_orders"":""5"",""message"":""insufficient qty available for order (requested: 5, available: 0)"",""symbol"":""SPG""}",cross_USO_state_vol=high_vol + state_ext=neutral,cross_USO_state_vol=high_vol + state_ext=neutral,"{'cross_USO_state_vol': 'high_vol', 'state_ext': 'stretched_up'}",2.0,5.0,1d,False,paper_trade_log_enter,,,,,,,,,,,,,,,,,,,,,,,,,,,,,,,,,,,,
stop_intent,stop_unchanged,AMAT,,461.12,,2026-07-26T01:46:38.818073+00:00,2026-07-26T01:46:48.923392+00:00,initial,3.0,-0.16,,,,,,,,,,,,,,,,,,,,,,,,,,,,,,,,,,,,,,,,,,,,,,,,
stop_intent,stop_unchanged,JPM,,331.44,,2026-07-26T01:46:38.818085+00:00,2026-07-26T01:46:48.932810+00:00,initial,3.0,0.311,,,,,,,,,,,,,,,,,,,,,,,,,,,,,,,,,,,,,,,,,,,,,,,,
stop_intent,stop_ratchet_failed,KLAC,"{""code"":40410000,""message"":""order not found""}",,,2026-07-26T01:46:38.818090+00:00,2026-07-26T01:46:48.942123+00:00,,,,,,,,,,,,,,,,,,,,,,,,,,,,,,,,,,,,,,,,,,,,,,,,,,,
stop_intent,stop_unchanged,SBUX,,98.9,,2026-07-26T01:46:38.818094+00:00,2026-07-26T01:46:48.951199+00:00,initial,10.0,-0.256,,,,,,,,,,,,,,,,,,,,,,,,,,,,,,,,,,,,,,,,,,,,,,,,
stop_intent,stop_unchanged,SPG,,217.23,,2026-07-26T01:46:38.818097+00:00,2026-07-26T01:46:48.960585+00:00,initial,5.0,0.401,,,,,,,,,,,,,,,,,,,,,,,,,,,,,,,,,,,,,,,,,,,,,,,,
stop_intent,stop_unchanged,XBI,,142.37,,2026-07-26T01:46:38.818100+00:00,2026-07-26T01:46:48.969939+00:00,initial,15.0,-0.099,,,,,,,,,,,,,,,,,,,,,,,,,,,,,,,,,,,,,,,,,,,,,,,,
exit_intent,exit,SPG,stable filter broken: state_ext=stretched_up (expected neutral),,,2026-07-26T02:46:36.330126+00:00,2026-07-26T02:46:47.418492+00:00,,,,,,rejected,"{""available"":""0"",""code"":40310000,""existing_qty"":""5"",""held_for_orders"":""5"",""message"":""insufficient qty available for order (requested: 5, available: 0)"",""symbol"":""SPG""}",cross_USO_state_vol=high_vol + state_ext=neutral,cross_USO_state_vol=high_vol + state_ext=neutral,"{'cross_USO_state_vol': 'high_vol', 'state_ext': 'stretched_up'}",2.0,5.0,1d,False,paper_trade_log_enter,,,,,,,,,,,,,,,,,,,,,,,,,,,,,,,,,,,,
stop_intent,stop_unchanged,AMAT,,461.12,,2026-07-26T02:46:36.589987+00:00,2026-07-26T02:46:47.429142+00:00,initial,3.0,-0.16,,,,,,,,,,,,,,,,,,,,,,,,,,,,,,,,,,,,,,,,,,,,,,,,
stop_intent,stop_unchanged,JPM,,331.44,,2026-07-26T02:46:36.589998+00:00,2026-07-26T02:46:47.438977+00:00,initial,3.0,0.311,,,,,,,,,,,,,,,,,,,,,,,,,,,,,,,,,,,,,,,,,,,,,,,,
stop_intent,stop_ratchet_failed,KLAC,"{""code"":40410000,""message"":""order not found""}",,,2026-07-26T02:46:36.590003+00:00,2026-07-26T02:46:47.448780+00:00,,,,,,,,,,,,,,,,,,,,,,,,,,,,,,,,,,,,,,,,,,,,,,,,,,,
stop_intent,stop_unchanged,SBUX,,98.9,,2026-07-26T02:46:36.590007+00:00,2026-07-26T02:46:47.458398+00:00,initial,10.0,-0.256,,,,,,,,,,,,,,,,,,,,,,,,,,,,,,,,,,,,,,,,,,,,,,,,
stop_intent,stop_unchanged,SPG,,217.23,,2026-07-26T02:46:36.590010+00:00,2026-07-26T02:46:47.468188+00:00,initial,5.0,0.401,,,,,,,,,,,,,,,,,,,,,,,,,,,,,,,,,,,,,,,,,,,,,,,,
stop_intent,stop_unchanged,XBI,,142.37,,2026-07-26T02:46:36.590014+00:00,2026-07-26T02:46:47.477955+00:00,initial,15.0,-0.099,,,,,,,,,,,,,,,,,,,,,,,,,,,,,,,,,,,,,,,,,,,,,,,,
exit_intent,exit,SPG,stable filter broken: state_ext=stretched_up (expected neutral),,,2026-07-26T03:46:32.141897+00:00,2026-07-26T03:46:42.233608+00:00,,,,,,rejected,"{""available"":""0"",""code"":40310000,""existing_qty"":""5"",""held_for_orders"":""5"",""message"":""insufficient qty available for order (requested: 5, available: 0)"",""symbol"":""SPG""}",cross_USO_state_vol=high_vol + state_ext=neutral,cross_USO_state_vol=high_vol + state_ext=neutral,"{'cross_USO_state_vol': 'high_vol', 'state_ext': 'stretched_up'}",2.0,5.0,1d,False,paper_trade_log_enter,,,,,,,,,,,,,,,,,,,,,,,,,,,,,,,,,,,,
stop_intent,stop_unchanged,AMAT,,461.12,,2026-07-26T03:46:32.399816+00:00,2026-07-26T03:46:42.244329+00:00,initial,3.0,-0.16,,,,,,,,,,,,,,,,,,,,,,,,,,,,,,,,,,,,,,,,,,,,,,,,
stop_intent,stop_unchanged,JPM,,331.44,,2026-07-26T03:46:32.399827+00:00,2026-07-26T03:46:42.254262+00:00,initial,3.0,0.311,,,,,,,,,,,,,,,,,,,,,,,,,,,,,,,,,,,,,,,,,,,,,,,,
stop_intent,stop_ratchet_failed,KLAC,"{""code"":40410000,""message"":""order not found""}",,,2026-07-26T03:46:32.399832+00:00,2026-07-26T03:46:42.264317+00:00,,,,,,,,,,,,,,,,,,,,,,,,,,,,,,,,,,,,,,,,,,,,,,,,,,,
stop_intent,stop_unchanged,SBUX,,98.9,,2026-07-26T03:46:32.399836+00:00,2026-07-26T03:46:42.274079+00:00,initial,10.0,-0.256,,,,,,,,,,,,,,,,,,,,,,,,,,,,,,,,,,,,,,,,,,,,,,,,
stop_intent,stop_unchanged,SPG,,217.23,,2026-07-26T03:46:32.399840+00:00,2026-07-26T03:46:42.284003+00:00,initial,5.0,0.401,,,,,,,,,,,,,,,,,,,,,,,,,,,,,,,,,,,,,,,,,,,,,,,,
stop_intent,stop_unchanged,XBI,,142.37,,2026-07-26T03:46:32.399843+00:00,2026-07-26T03:46:42.294011+00:00,initial,15.0,-0.099,,,,,,,,,,,,,,,,,,,,,,,,,,,,,,,,,,,,,,,,,,,,,,,,
exit_intent,exit,SPG,stable filter broken: state_ext=stretched_up (expected neutral),,,2026-07-26T04:46:22.550151+00:00,2026-07-26T04:46:29.620305+00:00,,,,,,rejected,"{""available"":""0"",""code"":40310000,""existing_qty"":""5"",""held_for_orders"":""5"",""message"":""insufficient qty available for order (requested: 5, available: 0)"",""symbol"":""SPG""}",cross_USO_state_vol=high_vol + state_ext=neutral,cross_USO_state_vol=high_vol + state_ext=neutral,"{'cross_USO_state_vol': 'high_vol', 'state_ext': 'stretched_up'}",2.0,5.0,1d,False,paper_trade_log_enter,,,,,,,,,,,,,,,,,,,,,,,,,,,,,,,,,,,,
stop_intent,stop_unchanged,AMAT,,461.12,,2026-07-26T04:46:22.675704+00:00,2026-07-26T04:46:29.629126+00:00,initial,3.0,-0.16,,,,,,,,,,,,,,,,,,,,,,,,,,,,,,,,,,,,,,,,,,,,,,,,
stop_intent,stop_unchanged,JPM,,331.44,,2026-07-26T04:46:22.675715+00:00,2026-07-26T04:46:29.636868+00:00,initial,3.0,0.311,,,,,,,,,,,,,,,,,,,,,,,,,,,,,,,,,,,,,,,,,,,,,,,,
stop_intent,stop_ratchet_failed,KLAC,"{""code"":40410000,""message"":""order not found""}",,,2026-07-26T04:46:22.675718+00:00,2026-07-26T04:46:29.644432+00:00,,,,,,,,,,,,,,,,,,,,,,,,,,,,,,,,,,,,,,,,,,,,,,,,,,,
stop_intent,stop_unchanged,SBUX,,98.9,,2026-07-26T04:46:22.675721+00:00,2026-07-26T04:46:29.651796+00:00,initial,10.0,-0.256,,,,,,,,,,,,,,,,,,,,,,,,,,,,,,,,,,,,,,,,,,,,,,,,
stop_intent,stop_unchanged,SPG,,217.23,,2026-07-26T04:46:22.675723+00:00,2026-07-26T04:46:29.659349+00:00,initial,5.0,0.401,,,,,,,,,,,,,,,,,,,,,,,,,,,,,,,,,,,,,,,,,,,,,,,,
stop_intent,stop_unchanged,XBI,,142.37,,2026-07-26T04:46:22.675725+00:00,2026-07-26T04:46:29.666770+00:00,initial,15.0,-0.099,,,,,,,,,,,,,,,,,,,,,,,,,,,,,,,,,,,,,,,,,,,,,,,,
exit_intent,exit,SPG,stable filter broken: state_ext=stretched_up (expected neutral),,,2026-07-26T05:46:19.500488+00:00,2026-07-26T05:46:26.422765+00:00,,,,,,rejected,"{""available"":""0"",""code"":40310000,""existing_qty"":""5"",""held_for_orders"":""5"",""message"":""insufficient qty available for order (requested: 5, available: 0)"",""symbol"":""SPG""}",cross_USO_state_vol=high_vol + state_ext=neutral,cross_USO_state_vol=high_vol + state_ext=neutral,"{'cross_USO_state_vol': 'high_vol', 'state_ext': 'stretched_up'}",2.0,5.0,1d,False,paper_trade_log_enter,,,,,,,,,,,,,,,,,,,,,,,,,,,,,,,,,,,,
stop_intent,stop_unchanged,AMAT,,461.12,,2026-07-26T05:46:19.619602+00:00,2026-07-26T05:46:26.433795+00:00,initial,3.0,-0.16,,,,,,,,,,,,,,,,,,,,,,,,,,,,,,,,,,,,,,,,,,,,,,,,
stop_intent,stop_unchanged,JPM,,331.44,,2026-07-26T05:46:19.619618+00:00,2026-07-26T05:46:26.443789+00:00,initial,3.0,0.311,,,,,,,,,,,,,,,,,,,,,,,,,,,,,,,,,,,,,,,,,,,,,,,,
stop_intent,stop_ratchet_failed,KLAC,"{""code"":40410000,""message"":""order not found""}",,,2026-07-26T05:46:19.619624+00:00,2026-07-26T05:46:26.453579+00:00,,,,,,,,,,,,,,,,,,,,,,,,,,,,,,,,,,,,,,,,,,,,,,,,,,,
stop_intent,stop_unchanged,SBUX,,98.9,,2026-07-26T05:46:19.619628+00:00,2026-07-26T05:46:26.463168+00:00,initial,10.0,-0.256,,,,,,,,,,,,,,,,,,,,,,,,,,,,,,,,,,,,,,,,,,,,,,,,
stop_intent,stop_unchanged,SPG,,217.23,,2026-07-26T05:46:19.619649+00:00,2026-07-26T05:46:26.473222+00:00,initial,5.0,0.401,,,,,,,,,,,,,,,,,,,,,,,,,,,,,,,,,,,,,,,,,,,,,,,,
stop_intent,stop_unchanged,XBI,,142.37,,2026-07-26T05:46:19.619653+00:00,2026-07-26T05:46:26.483435+00:00,initial,15.0,-0.099,,,,,,,,,,,,,,,,,,,,,,,,,,,,,,,,,,,,,,,,,,,,,,,,
exit_intent,exit,SPG,stable filter broken: state_ext=stretched_up (expected neutral),,,2026-07-26T06:46:41.351662+00:00,2026-07-26T06:46:51.983512+00:00,,,,,,rejected,"{""available"":""0"",""code"":40310000,""existing_qty"":""5"",""held_for_orders"":""5"",""message"":""insufficient qty available for order (requested: 5, available: 0)"",""symbol"":""SPG""}",cross_USO_state_vol=high_vol + state_ext=neutral,cross_USO_state_vol=high_vol + state_ext=neutral,"{'cross_USO_state_vol': 'high_vol', 'state_ext': 'stretched_up'}",2.0,5.0,1d,False,paper_trade_log_enter,,,,,,,,,,,,,,,,,,,,,,,,,,,,,,,,,,,,
stop_intent,stop_unchanged,AMAT,,461.12,,2026-07-26T06:46:41.620449+00:00,2026-07-26T06:46:51.994004+00:00,initial,3.0,-0.16,,,,,,,,,,,,,,,,,,,,,,,,,,,,,,,,,,,,,,,,,,,,,,,,
stop_intent,stop_unchanged,JPM,,331.44,,2026-07-26T06:46:41.620459+00:00,2026-07-26T06:46:52.003554+00:00,initial,3.0,0.311,,,,,,,,,,,,,,,,,,,,,,,,,,,,,,,,,,,,,,,,,,,,,,,,
stop_intent,stop_ratchet_failed,KLAC,"{""code"":40410000,""message"":""order not found""}",,,2026-07-26T06:46:41.620465+00:00,2026-07-26T06:46:52.013096+00:00,,,,,,,,,,,,,,,,,,,,,,,,,,,,,,,,,,,,,,,,,,,,,,,,,,,
stop_intent,stop_unchanged,SBUX,,98.9,,2026-07-26T06:46:41.620468+00:00,2026-07-26T06:46:52.022295+00:00,initial,10.0,-0.256,,,,,,,,,,,,,,,,,,,,,,,,,,,,,,,,,,,,,,,,,,,,,,,,
stop_intent,stop_unchanged,SPG,,217.23,,2026-07-26T06:46:41.620472+00:00,2026-07-26T06:46:52.031770+00:00,initial,5.0,0.401,,,,,,,,,,,,,,,,,,,,,,,,,,,,,,,,,,,,,,,,,,,,,,,,
stop_intent,stop_unchanged,XBI,,142.37,,2026-07-26T06:46:41.620475+00:00,2026-07-26T06:46:52.041301+00:00,initial,15.0,-0.099,,,,,,,,,,,,,,,,,,,,,,,,,,,,,,,,,,,,,,,,,,,,,,,,
exit_intent,exit,SPG,stable filter broken: state_ext=stretched_up (expected neutral),,,2026-07-26T07:46:29.300042+00:00,2026-07-26T07:46:37.211098+00:00,,,,,,rejected,"{""available"":""0"",""code"":40310000,""existing_qty"":""5"",""held_for_orders"":""5"",""message"":""insufficient qty available for order (requested: 5, available: 0)"",""symbol"":""SPG""}",cross_USO_state_vol=high_vol + state_ext=neutral,cross_USO_state_vol=high_vol + state_ext=neutral,"{'cross_USO_state_vol': 'high_vol', 'state_ext': 'stretched_up'}",2.0,5.0,1d,False,paper_trade_log_enter,,,,,,,,,,,,,,,,,,,,,,,,,,,,,,,,,,,,
stop_intent,stop_unchanged,AMAT,,461.12,,2026-07-26T07:46:29.442656+00:00,2026-07-26T07:46:37.221765+00:00,initial,3.0,-0.16,,,,,,,,,,,,,,,,,,,,,,,,,,,,,,,,,,,,,,,,,,,,,,,,
stop_intent,stop_unchanged,JPM,,331.44,,2026-07-26T07:46:29.442668+00:00,2026-07-26T07:46:37.231349+00:00,initial,3.0,0.311,,,,,,,,,,,,,,,,,,,,,,,,,,,,,,,,,,,,,,,,,,,,,,,,
stop_intent,stop_ratchet_failed,KLAC,"{""code"":40410000,""message"":""order not found""}",,,2026-07-26T07:46:29.442674+00:00,2026-07-26T07:46:37.240905+00:00,,,,,,,,,,,,,,,,,,,,,,,,,,,,,,,,,,,,,,,,,,,,,,,,,,,
stop_intent,stop_unchanged,SBUX,,98.9,,2026-07-26T07:46:29.442678+00:00,2026-07-26T07:46:37.250341+00:00,initial,10.0,-0.256,,,,,,,,,,,,,,,,,,,,,,,,,,,,,,,,,,,,,,,,,,,,,,,,
stop_intent,stop_unchanged,SPG,,217.23,,2026-07-26T07:46:29.442682+00:00,2026-07-26T07:46:37.259880+00:00,initial,5.0,0.401,,,,,,,,,,,,,,,,,,,,,,,,,,,,,,,,,,,,,,,,,,,,,,,,
stop_intent,stop_unchanged,XBI,,142.37,,2026-07-26T07:46:29.442685+00:00,2026-07-26T07:46:37.269562+00:00,initial,15.0,-0.099,,,,,,,,,,,,,,,,,,,,,,,,,,,,,,,,,,,,,,,,,,,,,,,,
exit_intent,exit,SPG,stable filter broken: state_ext=stretched_up (expected neutral),,,2026-07-26T08:46:25.946187+00:00,2026-07-26T08:46:34.883505+00:00,,,,,,rejected,"{""available"":""0"",""code"":40310000,""existing_qty"":""5"",""held_for_orders"":""5"",""message"":""insufficient qty available for order (requested: 5, available: 0)"",""symbol"":""SPG""}",cross_USO_state_vol=high_vol + state_ext=neutral,cross_USO_state_vol=high_vol + state_ext=neutral,"{'cross_USO_state_vol': 'high_vol', 'state_ext': 'stretched_up'}",2.0,5.0,1d,False,paper_trade_log_enter,,,,,,,,,,,,,,,,,,,,,,,,,,,,,,,,,,,,
stop_intent,stop_unchanged,AMAT,,461.12,,2026-07-26T08:46:26.068022+00:00,2026-07-26T08:46:34.894891+00:00,initial,3.0,-0.16,,,,,,,,,,,,,,,,,,,,,,,,,,,,,,,,,,,,,,,,,,,,,,,,
stop_intent,stop_unchanged,JPM,,331.44,,2026-07-26T08:46:26.068036+00:00,2026-07-26T08:46:34.905725+00:00,initial,3.0,0.311,,,,,,,,,,,,,,,,,,,,,,,,,,,,,,,,,,,,,,,,,,,,,,,,
stop_intent,stop_ratchet_failed,KLAC,"{""code"":40410000,""message"":""order not found""}",,,2026-07-26T08:46:26.068042+00:00,2026-07-26T08:46:34.916384+00:00,,,,,,,,,,,,,,,,,,,,,,,,,,,,,,,,,,,,,,,,,,,,,,,,,,,
stop_intent,stop_unchanged,SBUX,,98.9,,2026-07-26T08:46:26.068047+00:00,2026-07-26T08:46:34.926709+00:00,initial,10.0,-0.256,,,,,,,,,,,,,,,,,,,,,,,,,,,,,,,,,,,,,,,,,,,,,,,,
stop_intent,stop_unchanged,SPG,,217.23,,2026-07-26T08:46:26.068050+00:00,2026-07-26T08:46:34.937157+00:00,initial,5.0,0.401,,,,,,,,,,,,,,,,,,,,,,,,,,,,,,,,,,,,,,,,,,,,,,,,
stop_intent,stop_unchanged,XBI,,142.37,,2026-07-26T08:46:26.068054+00:00,2026-07-26T08:46:34.947539+00:00,initial,15.0,-0.099,,,,,,,,,,,,,,,,,,,,,,,,,,,,,,,,,,,,,,,,,,,,,,,,
exit_intent,exit,SPG,stable filter broken: state_ext=stretched_up (expected neutral),,,2026-07-26T09:46:34.200062+00:00,2026-07-26T09:46:44.713727+00:00,,,,,,rejected,"{""available"":""0"",""code"":40310000,""existing_qty"":""5"",""held_for_orders"":""5"",""message"":""insufficient qty available for order (requested: 5, available: 0)"",""symbol"":""SPG""}",cross_USO_state_vol=high_vol + state_ext=neutral,cross_USO_state_vol=high_vol + state_ext=neutral,"{'cross_USO_state_vol': 'high_vol', 'state_ext': 'stretched_up'}",2.0,5.0,1d,False,paper_trade_log_enter,,,,,,,,,,,,,,,,,,,,,,,,,,,,,,,,,,,,
stop_intent,stop_unchanged,AMAT,,461.12,,2026-07-26T09:46:34.456499+00:00,2026-07-26T09:46:44.724534+00:00,initial,3.0,-0.16,,,,,,,,,,,,,,,,,,,,,,,,,,,,,,,,,,,,,,,,,,,,,,,,
stop_intent,stop_unchanged,JPM,,331.44,,2026-07-26T09:46:34.456509+00:00,2026-07-26T09:46:44.734447+00:00,initial,3.0,0.311,,,,,,,,,,,,,,,,,,,,,,,,,,,,,,,,,,,,,,,,,,,,,,,,
stop_intent,stop_ratchet_failed,KLAC,"{""code"":40410000,""message"":""order not found""}",,,2026-07-26T09:46:34.456514+00:00,2026-07-26T09:46:44.744245+00:00,,,,,,,,,,,,,,,,,,,,,,,,,,,,,,,,,,,,,,,,,,,,,,,,,,,
stop_intent,stop_unchanged,SBUX,,98.9,,2026-07-26T09:46:34.456519+00:00,2026-07-26T09:46:44.753736+00:00,initial,10.0,-0.256,,,,,,,,,,,,,,,,,,,,,,,,,,,,,,,,,,,,,,,,,,,,,,,,
stop_intent,stop_unchanged,SPG,,217.23,,2026-07-26T09:46:34.456522+00:00,2026-07-26T09:46:44.763478+00:00,initial,5.0,0.401,,,,,,,,,,,,,,,,,,,,,,,,,,,,,,,,,,,,,,,,,,,,,,,,
stop_intent,stop_unchanged,XBI,,142.37,,2026-07-26T09:46:34.456525+00:00,2026-07-26T09:46:44.773319+00:00,initial,15.0,-0.099,,,,,,,,,,,,,,,,,,,,,,,,,,,,,,,,,,,,,,,,,,,,,,,,
exit_intent,exit,SPG,stable filter broken: state_ext=stretched_up (expected neutral),,,2026-07-26T10:46:26.060980+00:00,2026-07-26T10:46:33.656257+00:00,,,,,,rejected,"{""available"":""0"",""code"":40310000,""existing_qty"":""5"",""held_for_orders"":""5"",""message"":""insufficient qty available for order (requested: 5, available: 0)"",""symbol"":""SPG""}",cross_USO_state_vol=high_vol + state_ext=neutral,cross_USO_state_vol=high_vol + state_ext=neutral,"{'cross_USO_state_vol': 'high_vol', 'state_ext': 'stretched_up'}",2.0,5.0,1d,False,paper_trade_log_enter,,,,,,,,,,,,,,,,,,,,,,,,,,,,,,,,,,,,
stop_intent,stop_unchanged,AMAT,,461.12,,2026-07-26T10:46:26.223311+00:00,2026-07-26T10:46:33.667065+00:00,initial,3.0,-0.16,,,,,,,,,,,,,,,,,,,,,,,,,,,,,,,,,,,,,,,,,,,,,,,,
stop_intent,stop_unchanged,JPM,,331.44,,2026-07-26T10:46:26.223322+00:00,2026-07-26T10:46:33.677079+00:00,initial,3.0,0.311,,,,,,,,,,,,,,,,,,,,,,,,,,,,,,,,,,,,,,,,,,,,,,,,
stop_intent,stop_ratchet_failed,KLAC,"{""code"":40410000,""message"":""order not found""}",,,2026-07-26T10:46:26.223328+00:00,2026-07-26T10:46:33.686984+00:00,,,,,,,,,,,,,,,,,,,,,,,,,,,,,,,,,,,,,,,,,,,,,,,,,,,
stop_intent,stop_unchanged,SBUX,,98.9,,2026-07-26T10:46:26.223333+00:00,2026-07-26T10:46:33.696554+00:00,initial,10.0,-0.256,,,,,,,,,,,,,,,,,,,,,,,,,,,,,,,,,,,,,,,,,,,,,,,,
stop_intent,stop_unchanged,SPG,,217.23,,2026-07-26T10:46:26.223337+00:00,2026-07-26T10:46:33.706295+00:00,initial,5.0,0.401,,,,,,,,,,,,,,,,,,,,,,,,,,,,,,,,,,,,,,,,,,,,,,,,
stop_intent,stop_unchanged,XBI,,142.37,,2026-07-26T10:46:26.223340+00:00,2026-07-26T10:46:33.716087+00:00,initial,15.0,-0.099,,,,,,,,,,,,,,,,,,,,,,,,,,,,,,,,,,,,,,,,,,,,,,,,
exit_intent,exit,SPG,stable filter broken: state_ext=stretched_up (expected neutral),,,2026-07-26T11:46:27.558695+00:00,2026-07-26T11:46:35.811794+00:00,,,,,,rejected,"{""available"":""0"",""code"":40310000,""existing_qty"":""5"",""held_for_orders"":""5"",""message"":""insufficient qty available for order (requested: 5, available: 0)"",""symbol"":""SPG""}",cross_USO_state_vol=high_vol + state_ext=neutral,cross_USO_state_vol=high_vol + state_ext=neutral,"{'cross_USO_state_vol': 'high_vol', 'state_ext': 'stretched_up'}",2.0,5.0,1d,False,paper_trade_log_enter,,,,,,,,,,,,,,,,,,,,,,,,,,,,,,,,,,,,
stop_intent,stop_unchanged,AMAT,,461.12,,2026-07-26T11:46:27.800110+00:00,2026-07-26T11:46:35.821236+00:00,initial,3.0,-0.16,,,,,,,,,,,,,,,,,,,,,,,,,,,,,,,,,,,,,,,,,,,,,,,,
stop_intent,stop_unchanged,JPM,,331.44,,2026-07-26T11:46:27.800121+00:00,2026-07-26T11:46:35.829908+00:00,initial,3.0,0.311,,,,,,,,,,,,,,,,,,,,,,,,,,,,,,,,,,,,,,,,,,,,,,,,
stop_intent,stop_ratchet_failed,KLAC,"{""code"":40410000,""message"":""order not found""}",,,2026-07-26T11:46:27.800125+00:00,2026-07-26T11:46:35.838533+00:00,,,,,,,,,,,,,,,,,,,,,,,,,,,,,,,,,,,,,,,,,,,,,,,,,,,
stop_intent,stop_unchanged,SBUX,,98.9,,2026-07-26T11:46:27.800128+00:00,2026-07-26T11:46:35.846875+00:00,initial,10.0,-0.256,,,,,,,,,,,,,,,,,,,,,,,,,,,,,,,,,,,,,,,,,,,,,,,,
stop_intent,stop_unchanged,SPG,,217.23,,2026-07-26T11:46:27.800130+00:00,2026-07-26T11:46:35.855347+00:00,initial,5.0,0.401,,,,,,,,,,,,,,,,,,,,,,,,,,,,,,,,,,,,,,,,,,,,,,,,
stop_intent,stop_unchanged,XBI,,142.37,,2026-07-26T11:46:27.800133+00:00,2026-07-26T11:46:35.863806+00:00,initial,15.0,-0.099,,,,,,,,,,,,,,,,,,,,,,,,,,,,,,,,,,,,,,,,,,,,,,,,
exit_intent,exit,SPG,stable filter broken: state_ext=stretched_up (expected neutral),,,2026-07-26T12:46:18.719995+00:00,2026-07-26T12:46:25.648897+00:00,,,,,,rejected,"{""available"":""0"",""code"":40310000,""existing_qty"":""5"",""held_for_orders"":""5"",""message"":""insufficient qty available for order (requested: 5, available: 0)"",""symbol"":""SPG""}",cross_USO_state_vol=high_vol + state_ext=neutral,cross_USO_state_vol=high_vol + state_ext=neutral,"{'cross_USO_state_vol': 'high_vol', 'state_ext': 'stretched_up'}",2.0,5.0,1d,False,paper_trade_log_enter,,,,,,,,,,,,,,,,,,,,,,,,,,,,,,,,,,,,
stop_intent,stop_unchanged,AMAT,,461.12,,2026-07-26T12:46:18.854767+00:00,2026-07-26T12:46:25.660431+00:00,initial,3.0,-0.16,,,,,,,,,,,,,,,,,,,,,,,,,,,,,,,,,,,,,,,,,,,,,,,,
stop_intent,stop_unchanged,JPM,,331.44,,2026-07-26T12:46:18.854780+00:00,2026-07-26T12:46:25.680623+00:00,initial,3.0,0.311,,,,,,,,,,,,,,,,,,,,,,,,,,,,,,,,,,,,,,,,,,,,,,,,
stop_intent,stop_ratchet_failed,KLAC,"{""code"":40410000,""message"":""order not found""}",,,2026-07-26T12:46:18.854786+00:00,2026-07-26T12:46:25.690798+00:00,,,,,,,,,,,,,,,,,,,,,,,,,,,,,,,,,,,,,,,,,,,,,,,,,,,
stop_intent,stop_unchanged,SBUX,,98.9,,2026-07-26T12:46:18.854789+00:00,2026-07-26T12:46:25.700778+00:00,initial,10.0,-0.256,,,,,,,,,,,,,,,,,,,,,,,,,,,,,,,,,,,,,,,,,,,,,,,,
stop_intent,stop_unchanged,SPG,,217.23,,2026-07-26T12:46:18.854793+00:00,2026-07-26T12:46:25.710777+00:00,initial,5.0,0.401,,,,,,,,,,,,,,,,,,,,,,,,,,,,,,,,,,,,,,,,,,,,,,,,
stop_intent,stop_unchanged,XBI,,142.37,,2026-07-26T12:46:18.854796+00:00,2026-07-26T12:46:25.720676+00:00,initial,15.0,-0.099,,,,,,,,,,,,,,,,,,,,,,,,,,,,,,,,,,,,,,,,,,,,,,,,
exit_intent,exit,SPG,stable filter broken: state_ext=stretched_up (expected neutral),,,2026-07-26T13:46:41.632879+00:00,2026-07-26T13:46:52.477873+00:00,,,,,,rejected,"{""available"":""0"",""code"":40310000,""existing_qty"":""5"",""held_for_orders"":""5"",""message"":""insufficient qty available for order (requested: 5, available: 0)"",""symbol"":""SPG""}",cross_USO_state_vol=high_vol + state_ext=neutral,cross_USO_state_vol=high_vol + state_ext=neutral,"{'cross_USO_state_vol': 'high_vol', 'state_ext': 'stretched_up'}",2.0,5.0,1d,False,paper_trade_log_enter,,,,,,,,,,,,,,,,,,,,,,,,,,,,,,,,,,,,
stop_intent,stop_unchanged,AMAT,,461.12,,2026-07-26T13:46:41.895003+00:00,2026-07-26T13:46:52.489842+00:00,initial,3.0,-0.16,,,,,,,,,,,,,,,,,,,,,,,,,,,,,,,,,,,,,,,,,,,,,,,,
stop_intent,stop_unchanged,JPM,,331.44,,2026-07-26T13:46:41.895015+00:00,2026-07-26T13:46:52.501625+00:00,initial,3.0,0.311,,,,,,,,,,,,,,,,,,,,,,,,,,,,,,,,,,,,,,,,,,,,,,,,
stop_intent,stop_ratchet_failed,KLAC,"{""code"":40410000,""message"":""order not found""}",,,2026-07-26T13:46:41.895020+00:00,2026-07-26T13:46:52.513037+00:00,,,,,,,,,,,,,,,,,,,,,,,,,,,,,,,,,,,,,,,,,,,,,,,,,,,
stop_intent,stop_unchanged,SBUX,,98.9,,2026-07-26T13:46:41.895024+00:00,2026-07-26T13:46:52.524360+00:00,initial,10.0,-0.256,,,,,,,,,,,,,,,,,,,,,,,,,,,,,,,,,,,,,,,,,,,,,,,,
stop_intent,stop_unchanged,SPG,,217.23,,2026-07-26T13:46:41.895028+00:00,2026-07-26T13:46:52.535616+00:00,initial,5.0,0.401,,,,,,,,,,,,,,,,,,,,,,,,,,,,,,,,,,,,,,,,,,,,,,,,
stop_intent,stop_unchanged,XBI,,142.37,,2026-07-26T13:46:41.895031+00:00,2026-07-26T13:46:52.547061+00:00,initial,15.0,-0.099,,,,,,,,,,,,,,,,,,,,,,,,,,,,,,,,,,,,,,,,,,,,,,,,
exit_intent,exit,SPG,stable filter broken: state_ext=stretched_up (expected neutral),,,2026-07-26T14:46:39.616515+00:00,2026-07-26T14:46:50.173518+00:00,,,,,,rejected,"{""available"":""0"",""code"":40310000,""existing_qty"":""5"",""held_for_orders"":""5"",""message"":""insufficient qty available for order (requested: 5, available: 0)"",""symbol"":""SPG""}",cross_USO_state_vol=high_vol + state_ext=neutral,cross_USO_state_vol=high_vol + state_ext=neutral,"{'cross_USO_state_vol': 'high_vol', 'state_ext': 'stretched_up'}",2.0,5.0,1d,False,paper_trade_log_enter,,,,,,,,,,,,,,,,,,,,,,,,,,,,,,,,,,,,
stop_intent,stop_unchanged,AMAT,,461.12,,2026-07-26T14:46:39.890794+00:00,2026-07-26T14:46:50.186614+00:00,initial,3.0,-0.16,,,,,,,,,,,,,,,,,,,,,,,,,,,,,,,,,,,,,,,,,,,,,,,,
stop_intent,stop_unchanged,JPM,,331.44,,2026-07-26T14:46:39.890812+00:00,2026-07-26T14:46:50.199237+00:00,initial,3.0,0.311,,,,,,,,,,,,,,,,,,,,,,,,,,,,,,,,,,,,,,,,,,,,,,,,
stop_intent,stop_ratchet_failed,KLAC,"{""code"":40410000,""message"":""order not found""}",,,2026-07-26T14:46:39.890819+00:00,2026-07-26T14:46:50.211394+00:00,,,,,,,,,,,,,,,,,,,,,,,,,,,,,,,,,,,,,,,,,,,,,,,,,,,
stop_intent,stop_unchanged,SBUX,,98.9,,2026-07-26T14:46:39.890823+00:00,2026-07-26T14:46:50.223139+00:00,initial,10.0,-0.256,,,,,,,,,,,,,,,,,,,,,,,,,,,,,,,,,,,,,,,,,,,,,,,,
stop_intent,stop_unchanged,SPG,,217.23,,2026-07-26T14:46:39.890828+00:00,2026-07-26T14:46:50.235275+00:00,initial,5.0,0.401,,,,,,,,,,,,,,,,,,,,,,,,,,,,,,,,,,,,,,,,,,,,,,,,
stop_intent,stop_unchanged,XBI,,142.37,,2026-07-26T14:46:39.890831+00:00,2026-07-26T14:46:50.247334+00:00,initial,15.0,-0.099,,,,,,,,,,,,,,,,,,,,,,,,,,,,,,,,,,,,,,,,,,,,,,,,
exit_intent,exit,SPG,stable filter broken: state_ext=stretched_up (expected neutral),,,2026-07-26T15:46:19.650929+00:00,2026-07-26T15:46:28.412349+00:00,,,,,,rejected,"{""available"":""0"",""code"":40310000,""existing_qty"":""5"",""held_for_orders"":""5"",""message"":""insufficient qty available for order (requested: 5, available: 0)"",""symbol"":""SPG""}",cross_USO_state_vol=high_vol + state_ext=neutral,cross_USO_state_vol=high_vol + state_ext=neutral,"{'cross_USO_state_vol': 'high_vol', 'state_ext': 'stretched_up'}",2.0,5.0,1d,False,paper_trade_log_enter,,,,,,,,,,,,,,,,,,,,,,,,,,,,,,,,,,,,
stop_intent,stop_unchanged,AMAT,,461.12,,2026-07-26T15:46:19.734762+00:00,2026-07-26T15:46:28.424144+00:00,initial,3.0,-0.16,,,,,,,,,,,,,,,,,,,,,,,,,,,,,,,,,,,,,,,,,,,,,,,,
stop_intent,stop_unchanged,JPM,,331.44,,2026-07-26T15:46:19.734773+00:00,2026-07-26T15:46:28.434810+00:00,initial,3.0,0.311,,,,,,,,,,,,,,,,,,,,,,,,,,,,,,,,,,,,,,,,,,,,,,,,
stop_intent,stop_ratchet_failed,KLAC,"{""code"":40410000,""message"":""order not found""}",,,2026-07-26T15:46:19.734778+00:00,2026-07-26T15:46:28.445591+00:00,,,,,,,,,,,,,,,,,,,,,,,,,,,,,,,,,,,,,,,,,,,,,,,,,,,
stop_intent,stop_unchanged,SBUX,,98.9,,2026-07-26T15:46:19.734782+00:00,2026-07-26T15:46:28.456569+00:00,initial,10.0,-0.256,,,,,,,,,,,,,,,,,,,,,,,,,,,,,,,,,,,,,,,,,,,,,,,,
stop_intent,stop_unchanged,SPG,,217.23,,2026-07-26T15:46:19.734786+00:00,2026-07-26T15:46:28.467900+00:00,initial,5.0,0.401,,,,,,,,,,,,,,,,,,,,,,,,,,,,,,,,,,,,,,,,,,,,,,,,
stop_intent,stop_unchanged,XBI,,142.37,,2026-07-26T15:46:19.734789+00:00,2026-07-26T15:46:28.478969+00:00,initial,15.0,-0.099,,,,,,,,,,,,,,,,,,,,,,,,,,,,,,,,,,,,,,,,,,,,,,,,
exit_intent,exit,SPG,stable filter broken: state_ext=stretched_up (expected neutral),,,2026-07-26T16:46:43.462874+00:00,2026-07-26T16:46:54.045922+00:00,,,,,,rejected,"{""available"":""0"",""code"":40310000,""existing_qty"":""5"",""held_for_orders"":""5"",""message"":""insufficient qty available for order (requested: 5, available: 0)"",""symbol"":""SPG""}",cross_USO_state_vol=high_vol + state_ext=neutral,cross_USO_state_vol=high_vol + state_ext=neutral,"{'cross_USO_state_vol': 'high_vol', 'state_ext': 'stretched_up'}",2.0,5.0,1d,False,paper_trade_log_enter,,,,,,,,,,,,,,,,,,,,,,,,,,,,,,,,,,,,
stop_intent,stop_unchanged,AMAT,,461.12,,2026-07-26T16:46:43.724952+00:00,2026-07-26T16:46:54.057373+00:00,initial,3.0,-0.16,,,,,,,,,,,,,,,,,,,,,,,,,,,,,,,,,,,,,,,,,,,,,,,,
stop_intent,stop_unchanged,JPM,,331.44,,2026-07-26T16:46:43.724964+00:00,2026-07-26T16:46:54.067855+00:00,initial,3.0,0.311,,,,,,,,,,,,,,,,,,,,,,,,,,,,,,,,,,,,,,,,,,,,,,,,
stop_intent,stop_ratchet_failed,KLAC,"{""code"":40410000,""message"":""order not found""}",,,2026-07-26T16:46:43.724969+00:00,2026-07-26T16:46:54.078499+00:00,,,,,,,,,,,,,,,,,,,,,,,,,,,,,,,,,,,,,,,,,,,,,,,,,,,
stop_intent,stop_unchanged,SBUX,,98.9,,2026-07-26T16:46:43.724974+00:00,2026-07-26T16:46:54.088697+00:00,initial,10.0,-0.256,,,,,,,,,,,,,,,,,,,,,,,,,,,,,,,,,,,,,,,,,,,,,,,,
stop_intent,stop_unchanged,SPG,,217.23,,2026-07-26T16:46:43.724977+00:00,2026-07-26T16:46:54.099043+00:00,initial,5.0,0.401,,,,,,,,,,,,,,,,,,,,,,,,,,,,,,,,,,,,,,,,,,,,,,,,
stop_intent,stop_unchanged,XBI,,142.37,,2026-07-26T16:46:43.724981+00:00,2026-07-26T16:46:54.109549+00:00,initial,15.0,-0.099,,,,,,,,,,,,,,,,,,,,,,,,,,,,,,,,,,,,,,,,,,,,,,,,
exit_intent,exit,SPG,stable filter broken: state_ext=stretched_up (expected neutral),,,2026-07-26T17:46:18.360205+00:00,2026-07-26T17:46:33.081137+00:00,,,,,,rejected,"{""available"":""0"",""code"":40310000,""existing_qty"":""5"",""held_for_orders"":""5"",""message"":""insufficient qty available for order (requested: 5, available: 0)"",""symbol"":""SPG""}",cross_USO_state_vol=high_vol + state_ext=neutral,cross_USO_state_vol=high_vol + state_ext=neutral,"{'cross_USO_state_vol': 'high_vol', 'state_ext': 'stretched_up'}",2.0,5.0,1d,False,paper_trade_log_enter,,,,,,,,,,,,,,,,,,,,,,,,,,,,,,,,,,,,
stop_intent,stop_unchanged,AMAT,,461.12,,2026-07-26T17:46:18.496457+00:00,2026-07-26T17:46:33.090102+00:00,initial,3.0,-0.16,,,,,,,,,,,,,,,,,,,,,,,,,,,,,,,,,,,,,,,,,,,,,,,,
stop_intent,stop_unchanged,JPM,,331.44,,2026-07-26T17:46:18.496467+00:00,2026-07-26T17:46:33.140987+00:00,initial,3.0,0.311,,,,,,,,,,,,,,,,,,,,,,,,,,,,,,,,,,,,,,,,,,,,,,,,
stop_intent,stop_ratchet_failed,KLAC,"{""code"":40410000,""message"":""order not found""}",,,2026-07-26T17:46:18.496470+00:00,2026-07-26T17:46:33.148701+00:00,,,,,,,,,,,,,,,,,,,,,,,,,,,,,,,,,,,,,,,,,,,,,,,,,,,
stop_intent,stop_unchanged,SBUX,,98.9,,2026-07-26T17:46:18.496473+00:00,2026-07-26T17:46:33.156190+00:00,initial,10.0,-0.256,,,,,,,,,,,,,,,,,,,,,,,,,,,,,,,,,,,,,,,,,,,,,,,,
stop_intent,stop_unchanged,SPG,,217.23,,2026-07-26T17:46:18.496475+00:00,2026-07-26T17:46:33.163730+00:00,initial,5.0,0.401,,,,,,,,,,,,,,,,,,,,,,,,,,,,,,,,,,,,,,,,,,,,,,,,
stop_intent,stop_unchanged,XBI,,142.37,,2026-07-26T17:46:18.496477+00:00,2026-07-26T17:46:33.171291+00:00,initial,15.0,-0.099,,,,,,,,,,,,,,,,,,,,,,,,,,,,,,,,,,,,,,,,,,,,,,,,
exit_intent,exit,SPG,stable filter broken: state_ext=stretched_up (expected neutral),,,2026-07-26T18:46:26.624589+00:00,2026-07-26T18:46:46.336902+00:00,,,,,,rejected,"{""available"":""0"",""code"":40310000,""existing_qty"":""5"",""held_for_orders"":""5"",""message"":""insufficient qty available for order (requested: 5, available: 0)"",""symbol"":""SPG""}",cross_USO_state_vol=high_vol + state_ext=neutral,cross_USO_state_vol=high_vol + state_ext=neutral,"{'cross_USO_state_vol': 'high_vol', 'state_ext': 'stretched_up'}",2.0,5.0,1d,False,paper_trade_log_enter,,,,,,,,,,,,,,,,,,,,,,,,,,,,,,,,,,,,
stop_intent,stop_unchanged,AMAT,,461.12,,2026-07-26T18:46:26.808740+00:00,2026-07-26T18:46:46.349409+00:00,initial,3.0,-0.16,,,,,,,,,,,,,,,,,,,,,,,,,,,,,,,,,,,,,,,,,,,,,,,,
stop_intent,stop_unchanged,JPM,,331.44,,2026-07-26T18:46:26.808769+00:00,2026-07-26T18:46:46.360790+00:00,initial,3.0,0.311,,,,,,,,,,,,,,,,,,,,,,,,,,,,,,,,,,,,,,,,,,,,,,,,
stop_intent,stop_ratchet_failed,KLAC,"{""code"":40410000,""message"":""order not found""}",,,2026-07-26T18:46:26.808774+00:00,2026-07-26T18:46:46.371945+00:00,,,,,,,,,,,,,,,,,,,,,,,,,,,,,,,,,,,,,,,,,,,,,,,,,,,
stop_intent,stop_unchanged,SBUX,,98.9,,2026-07-26T18:46:26.808778+00:00,2026-07-26T18:46:46.382912+00:00,initial,10.0,-0.256,,,,,,,,,,,,,,,,,,,,,,,,,,,,,,,,,,,,,,,,,,,,,,,,
stop_intent,stop_unchanged,SPG,,217.23,,2026-07-26T18:46:26.808781+00:00,2026-07-26T18:46:46.394421+00:00,initial,5.0,0.401,,,,,,,,,,,,,,,,,,,,,,,,,,,,,,,,,,,,,,,,,,,,,,,,
stop_intent,stop_unchanged,XBI,,142.37,,2026-07-26T18:46:26.808784+00:00,2026-07-26T18:46:46.405884+00:00,initial,15.0,-0.099,,,,,,,,,,,,,,,,,,,,,,,,,,,,,,,,,,,,,,,,,,,,,,,,
stop_intent,stop_unchanged,AMAT,,461.12,,2026-07-26T19:46:25.820969+00:00,2026-07-26T19:46:45.011487+00:00,initial,3.0,-0.16,,,,,,,,,,,,,,,,,,,,,,,,,,,,,,,,,,,,,,,,,,,,,,,,
stop_intent,stop_unchanged,JPM,,331.44,,2026-07-26T19:46:25.820979+00:00,2026-07-26T19:46:45.022889+00:00,initial,3.0,0.311,,,,,,,,,,,,,,,,,,,,,,,,,,,,,,,,,,,,,,,,,,,,,,,,
stop_intent,stop_ratchet_failed,KLAC,"{""code"":40410000,""message"":""order not found""}",,,2026-07-26T19:46:25.820984+00:00,2026-07-26T19:46:45.033862+00:00,,,,,,,,,,,,,,,,,,,,,,,,,,,,,,,,,,,,,,,,,,,,,,,,,,,
stop_intent,stop_unchanged,SBUX,,98.9,,2026-07-26T19:46:25.820988+00:00,2026-07-26T19:46:45.044591+00:00,initial,10.0,-0.256,,,,,,,,,,,,,,,,,,,,,,,,,,,,,,,,,,,,,,,,,,,,,,,,
stop_intent,stop_unchanged,SPG,,217.23,,2026-07-26T19:46:25.820991+00:00,2026-07-26T19:46:45.055523+00:00,initial,5.0,0.401,,,,,,,,,,,,,,,,,,,,,,,,,,,,,,,,,,,,,,,,,,,,,,,,
stop_intent,stop_unchanged,XBI,,142.37,,2026-07-26T19:46:25.820994+00:00,2026-07-26T19:46:45.066434+00:00,initial,15.0,-0.099,,,,,,,,,,,,,,,,,,,,,,,,,,,,,,,,,,,,,,,,,,,,,,,,
stop_intent,stop_unchanged,AMAT,,461.12,,2026-07-26T20:46:16.488112+00:00,2026-07-26T20:46:32.925350+00:00,initial,3.0,-0.16,,,,,,,,,,,,,,,,,,,,,,,,,,,,,,,,,,,,,,,,,,,,,,,,
stop_intent,stop_unchanged,JPM,,331.44,,2026-07-26T20:46:16.488121+00:00,2026-07-26T20:46:32.934552+00:00,initial,3.0,0.311,,,,,,,,,,,,,,,,,,,,,,,,,,,,,,,,,,,,,,,,,,,,,,,,
stop_intent,stop_ratchet_failed,KLAC,"{""code"":40410000,""message"":""order not found""}",,,2026-07-26T20:46:16.488125+00:00,2026-07-26T20:46:32.943025+00:00,,,,,,,,,,,,,,,,,,,,,,,,,,,,,,,,,,,,,,,,,,,,,,,,,,,
stop_intent,stop_unchanged,SBUX,,98.9,,2026-07-26T20:46:16.488128+00:00,2026-07-26T20:46:32.951293+00:00,initial,10.0,-0.256,,,,,,,,,,,,,,,,,,,,,,,,,,,,,,,,,,,,,,,,,,,,,,,,
stop_intent,stop_unchanged,SPG,,217.23,,2026-07-26T20:46:16.488130+00:00,2026-07-26T20:46:32.959784+00:00,initial,5.0,0.401,,,,,,,,,,,,,,,,,,,,,,,,,,,,,,,,,,,,,,,,,,,,,,,,
stop_intent,stop_unchanged,XBI,,142.37,,2026-07-26T20:46:16.488133+00:00,2026-07-26T20:46:32.968226+00:00,initial,15.0,-0.099,,,,,,,,,,,,,,,,,,,,,,,,,,,,,,,,,,,,,,,,,,,,,,,,
stop_intent,stop_unchanged,AMAT,,461.12,,2026-07-26T21:46:15.285453+00:00,2026-07-26T21:46:35.229602+00:00,initial,3.0,-0.16,,,,,,,,,,,,,,,,,,,,,,,,,,,,,,,,,,,,,,,,,,,,,,,,
stop_intent,stop_unchanged,JPM,,331.44,,2026-07-26T21:46:15.285463+00:00,2026-07-26T21:46:35.242711+00:00,initial,3.0,0.311,,,,,,,,,,,,,,,,,,,,,,,,,,,,,,,,,,,,,,,,,,,,,,,,
stop_intent,stop_ratchet_failed,KLAC,"{""code"":40410000,""message"":""order not found""}",,,2026-07-26T21:46:15.285468+00:00,2026-07-26T21:46:35.255343+00:00,,,,,,,,,,,,,,,,,,,,,,,,,,,,,,,,,,,,,,,,,,,,,,,,,,,
stop_intent,stop_unchanged,SBUX,,98.9,,2026-07-26T21:46:15.285472+00:00,2026-07-26T21:46:35.267865+00:00,initial,10.0,-0.256,,,,,,,,,,,,,,,,,,,,,,,,,,,,,,,,,,,,,,,,,,,,,,,,
stop_intent,stop_unchanged,SPG,,217.23,,2026-07-26T21:46:15.285475+00:00,2026-07-26T21:46:35.280753+00:00,initial,5.0,0.401,,,,,,,,,,,,,,,,,,,,,,,,,,,,,,,,,,,,,,,,,,,,,,,,
stop_intent,stop_unchanged,XBI,,142.37,,2026-07-26T21:46:15.285479+00:00,2026-07-26T21:46:35.294019+00:00,initial,15.0,-0.099,,,,,,,,,,,,,,,,,,,,,,,,,,,,,,,,,,,,,,,,,,,,,,,,
stop_intent,stop_unchanged,AMAT,,461.12,,2026-07-26T23:10:41.681324+00:00,2026-07-26T23:10:57.948838+00:00,initial,3.0,-0.16,,,,,,,,,,,,,,,,,,,,,,,,,,,,,,,,,,,,,,,,,,,,,,,,
stop_intent,stop_unchanged,JPM,,331.44,,2026-07-26T23:10:41.681335+00:00,2026-07-26T23:10:57.960606+00:00,initial,3.0,0.311,,,,,,,,,,,,,,,,,,,,,,,,,,,,,,,,,,,,,,,,,,,,,,,,
stop_intent,stop_ratchet_failed,KLAC,"{""code"":40410000,""message"":""order not found""}",,,2026-07-26T23:10:41.681340+00:00,2026-07-26T23:10:57.971754+00:00,,,,,,,,,,,,,,,,,,,,,,,,,,,,,,,,,,,,,,,,,,,,,,,,,,,
stop_intent,stop_unchanged,SBUX,,98.9,,2026-07-26T23:10:41.681345+00:00,2026-07-26T23:10:57.982573+00:00,initial,10.0,-0.256,,,,,,,,,,,,,,,,,,,,,,,,,,,,,,,,,,,,,,,,,,,,,,,,
stop_intent,stop_unchanged,SPG,,217.23,,2026-07-26T23:10:41.681348+00:00,2026-07-26T23:10:57.993681+00:00,initial,5.0,0.401,,,,,,,,,,,,,,,,,,,,,,,,,,,,,,,,,,,,,,,,,,,,,,,,
stop_intent,stop_unchanged,XBI,,142.37,,2026-07-26T23:10:41.681351+00:00,2026-07-26T23:10:58.004817+00:00,initial,15.0,-0.099,,,,,,,,,,,,,,,,,,,,,,,,,,,,,,,,,,,,,,,,,,,,,,,,
stop_intent,stop_unchanged,AMAT,,461.12,,2026-07-27T00:31:08.461945+00:00,2026-07-27T00:31:27.301829+00:00,initial,3.0,-0.027,,,,,,,,,,,,,,,,,,,,,,,,,,,,,,,,,,,,,,,,,,,,,,,,
stop_intent,stop_unchanged,JPM,,331.44,,2026-07-27T00:31:08.461952+00:00,2026-07-27T00:31:27.313631+00:00,initial,3.0,0.298,,,,,,,,,,,,,,,,,,,,,,,,,,,,,,,,,,,,,,,,,,,,,,,,
stop_intent,stop_ratchet_failed,KLAC,"{""code"":40410000,""message"":""order not found""}",,,2026-07-27T00:31:08.461956+00:00,2026-07-27T00:31:27.324956+00:00,,,,,,,,,,,,,,,,,,,,,,,,,,,,,,,,,,,,,,,,,,,,,,,,,,,
stop_intent,stop_unchanged,SBUX,,98.9,,2026-07-27T00:31:08.461959+00:00,2026-07-27T00:31:27.336029+00:00,initial,10.0,-0.227,,,,,,,,,,,,,,,,,,,,,,,,,,,,,,,,,,,,,,,,,,,,,,,,
stop_intent,stop_unchanged,SPG,,217.23,,2026-07-27T00:31:08.461962+00:00,2026-07-27T00:31:27.347325+00:00,initial,5.0,0.401,,,,,,,,,,,,,,,,,,,,,,,,,,,,,,,,,,,,,,,,,,,,,,,,
stop_intent,stop_unchanged,XBI,,142.37,,2026-07-27T00:31:08.461966+00:00,2026-07-27T00:31:27.358605+00:00,initial,15.0,0.07,,,,,,,,,,,,,,,,,,,,,,,,,,,,,,,,,,,,,,,,,,,,,,,,
stop_intent,stop_unchanged,AMAT,,461.12,,2026-07-27T00:46:17.686373+00:00,2026-07-27T00:46:36.929493+00:00,initial,3.0,-0.027,,,,,,,,,,,,,,,,,,,,,,,,,,,,,,,,,,,,,,,,,,,,,,,,
stop_intent,stop_unchanged,JPM,,331.44,,2026-07-27T00:46:17.686381+00:00,2026-07-27T00:46:36.941422+00:00,initial,3.0,0.298,,,,,,,,,,,,,,,,,,,,,,,,,,,,,,,,,,,,,,,,,,,,,,,,
stop_intent,stop_ratchet_failed,KLAC,"{""code"":40410000,""message"":""order not found""}",,,2026-07-27T00:46:17.686386+00:00,2026-07-27T00:46:36.952711+00:00,,,,,,,,,,,,,,,,,,,,,,,,,,,,,,,,,,,,,,,,,,,,,,,,,,,
stop_intent,stop_unchanged,SBUX,,98.9,,2026-07-27T00:46:17.686390+00:00,2026-07-27T00:46:36.963741+00:00,initial,10.0,-0.227,,,,,,,,,,,,,,,,,,,,,,,,,,,,,,,,,,,,,,,,,,,,,,,,
stop_intent,stop_unchanged,SPG,,217.23,,2026-07-27T00:46:17.686394+00:00,2026-07-27T00:46:36.975010+00:00,initial,5.0,0.401,,,,,,,,,,,,,,,,,,,,,,,,,,,,,,,,,,,,,,,,,,,,,,,,
stop_intent,stop_unchanged,XBI,,142.37,,2026-07-27T00:46:17.686397+00:00,2026-07-27T00:46:36.986205+00:00,initial,15.0,0.07,,,,,,,,,,,,,,,,,,,,,,,,,,,,,,,,,,,,,,,,,,,,,,,,
stop_intent,stop_unchanged,AMAT,,461.12,,2026-07-27T01:46:28.775402+00:00,2026-07-27T01:46:48.240084+00:00,initial,3.0,-0.016,,,,,,,,,,,,,,,,,,,,,,,,,,,,,,,,,,,,,,,,,,,,,,,,
stop_intent,stop_unchanged,JPM,,331.44,,2026-07-27T01:46:28.775410+00:00,2026-07-27T01:46:48.252071+00:00,initial,3.0,0.358,,,,,,,,,,,,,,,,,,,,,,,,,,,,,,,,,,,,,,,,,,,,,,,,
stop_intent,stop_ratchet_failed,KLAC,"{""code"":40410000,""message"":""order not found""}",,,2026-07-27T01:46:28.775415+00:00,2026-07-27T01:46:48.263798+00:00,,,,,,,,,,,,,,,,,,,,,,,,,,,,,,,,,,,,,,,,,,,,,,,,,,,
stop_intent,stop_unchanged,SBUX,,98.9,,2026-07-27T01:46:28.775419+00:00,2026-07-27T01:46:48.275182+00:00,initial,10.0,-0.21,,,,,,,,,,,,,,,,,,,,,,,,,,,,,,,,,,,,,,,,,,,,,,,,
stop_intent,stop_unchanged,SPG,,217.23,,2026-07-27T01:46:28.775423+00:00,2026-07-27T01:46:48.286809+00:00,initial,5.0,0.401,,,,,,,,,,,,,,,,,,,,,,,,,,,,,,,,,,,,,,,,,,,,,,,,
stop_intent,stop_unchanged,XBI,,142.37,,2026-07-27T01:46:28.775426+00:00,2026-07-27T01:46:48.298455+00:00,initial,15.0,0.056,,,,,,,,,,,,,,,,,,,,,,,,,,,,,,,,,,,,,,,,,,,,,,,,
stop_intent,stop_unchanged,AMAT,,461.12,,2026-07-27T02:46:28.762090+00:00,2026-07-27T02:46:47.965321+00:00,initial,3.0,-0.016,,,,,,,,,,,,,,,,,,,,,,,,,,,,,,,,,,,,,,,,,,,,,,,,
stop_intent,stop_unchanged,JPM,,331.44,,2026-07-27T02:46:28.762097+00:00,2026-07-27T02:46:47.977566+00:00,initial,3.0,0.373,,,,,,,,,,,,,,,,,,,,,,,,,,,,,,,,,,,,,,,,,,,,,,,,
stop_intent,stop_ratchet_failed,KLAC,"{""code"":40410000,""message"":""order not found""}",,,2026-07-27T02:46:28.762102+00:00,2026-07-27T02:46:47.989107+00:00,,,,,,,,,,,,,,,,,,,,,,,,,,,,,,,,,,,,,,,,,,,,,,,,,,,
stop_intent,stop_unchanged,SBUX,,98.9,,2026-07-27T02:46:28.762106+00:00,2026-07-27T02:46:48.000551+00:00,initial,10.0,-0.21,,,,,,,,,,,,,,,,,,,,,,,,,,,,,,,,,,,,,,,,,,,,,,,,
stop_intent,stop_unchanged,SPG,,217.23,,2026-07-27T02:46:28.762109+00:00,2026-07-27T02:46:48.012077+00:00,initial,5.0,0.401,,,,,,,,,,,,,,,,,,,,,,,,,,,,,,,,,,,,,,,,,,,,,,,,
stop_intent,stop_unchanged,XBI,,142.37,,2026-07-27T02:46:28.762112+00:00,2026-07-27T02:46:48.023776+00:00,initial,15.0,0.021,,,,,,,,,,,,,,,,,,,,,,,,,,,,,,,,,,,,,,,,,,,,,,,,
stop_intent,stop_unchanged,AMAT,,461.12,,2026-07-27T03:46:13.818318+00:00,2026-07-27T03:46:33.576206+00:00,initial,3.0,0.022,,,,,,,,,,,,,,,,,,,,,,,,,,,,,,,,,,,,,,,,,,,,,,,,
stop_intent,stop_unchanged,JPM,,331.44,,2026-07-27T03:46:13.818325+00:00,2026-07-27T03:46:33.588630+00:00,initial,3.0,0.386,,,,,,,,,,,,,,,,,,,,,,,,,,,,,,,,,,,,,,,,,,,,,,,,
stop_intent,stop_ratchet_failed,KLAC,"{""code"":40410000,""message"":""order not found""}",,,2026-07-27T03:46:13.818330+00:00,2026-07-27T03:46:33.600471+00:00,,,,,,,,,,,,,,,,,,,,,,,,,,,,,,,,,,,,,,,,,,,,,,,,,,,
stop_intent,stop_unchanged,SBUX,,98.9,,2026-07-27T03:46:13.818334+00:00,2026-07-27T03:46:33.612132+00:00,initial,10.0,-0.21,,,,,,,,,,,,,,,,,,,,,,,,,,,,,,,,,,,,,,,,,,,,,,,,
stop_intent,stop_unchanged,SPG,,217.23,,2026-07-27T03:46:13.818337+00:00,2026-07-27T03:46:33.623987+00:00,initial,5.0,0.401,,,,,,,,,,,,,,,,,,,,,,,,,,,,,,,,,,,,,,,,,,,,,,,,
stop_intent,stop_unchanged,XBI,,142.37,,2026-07-27T03:46:13.818340+00:00,2026-07-27T03:46:33.635932+00:00,initial,15.0,0.021,,,,,,,,,,,,,,,,,,,,,,,,,,,,,,,,,,,,,,,,,,,,,,,,
stop_intent,stop_unchanged,AMAT,,461.12,,2026-07-27T04:46:12.744336+00:00,2026-07-27T04:46:32.728381+00:00,initial,3.0,0.01,,,,,,,,,,,,,,,,,,,,,,,,,,,,,,,,,,,,,,,,,,,,,,,,
stop_intent,stop_unchanged,JPM,,331.44,,2026-07-27T04:46:12.744344+00:00,2026-07-27T04:46:32.741443+00:00,initial,3.0,0.416,,,,,,,,,,,,,,,,,,,,,,,,,,,,,,,,,,,,,,,,,,,,,,,,
stop_intent,stop_ratchet_failed,KLAC,"{""code"":40410000,""message"":""order not found""}",,,2026-07-27T04:46:12.744349+00:00,2026-07-27T04:46:32.754595+00:00,,,,,,,,,,,,,,,,,,,,,,,,,,,,,,,,,,,,,,,,,,,,,,,,,,,
stop_intent,stop_unchanged,SBUX,,98.9,,2026-07-27T04:46:12.744353+00:00,2026-07-27T04:46:32.767528+00:00,initial,10.0,-0.211,,,,,,,,,,,,,,,,,,,,,,,,,,,,,,,,,,,,,,,,,,,,,,,,
stop_intent,stop_unchanged,SPG,,217.23,,2026-07-27T04:46:12.744356+00:00,2026-07-27T04:46:32.780750+00:00,initial,5.0,0.401,,,,,,,,,,,,,,,,,,,,,,,,,,,,,,,,,,,,,,,,,,,,,,,,
stop_intent,stop_unchanged,XBI,,142.37,,2026-07-27T04:46:12.744360+00:00,2026-07-27T04:46:32.793838+00:00,initial,15.0,0.093,,,,,,,,,,,,,,,,,,,,,,,,,,,,,,,,,,,,,,,,,,,,,,,,
stop_intent,stop_unchanged,AMAT,,461.12,,2026-07-27T05:46:20.477474+00:00,2026-07-27T05:46:37.463322+00:00,initial,3.0,0.053,,,,,,,,,,,,,,,,,,,,,,,,,,,,,,,,,,,,,,,,,,,,,,,,
stop_intent,stop_unchanged,JPM,,331.44,,2026-07-27T05:46:20.477481+00:00,2026-07-27T05:46:37.475089+00:00,initial,3.0,0.425,,,,,,,,,,,,,,,,,,,,,,,,,,,,,,,,,,,,,,,,,,,,,,,,
stop_intent,stop_ratchet_failed,KLAC,"{""code"":40410000,""message"":""order not found""}",,,2026-07-27T05:46:20.477485+00:00,2026-07-27T05:46:37.486233+00:00,,,,,,,,,,,,,,,,,,,,,,,,,,,,,,,,,,,,,,,,,,,,,,,,,,,
stop_intent,stop_unchanged,SBUX,,98.9,,2026-07-27T05:46:20.477489+00:00,2026-07-27T05:46:37.497088+00:00,initial,10.0,-0.218,,,,,,,,,,,,,,,,,,,,,,,,,,,,,,,,,,,,,,,,,,,,,,,,
stop_intent,stop_unchanged,SPG,,217.23,,2026-07-27T05:46:20.477493+00:00,2026-07-27T05:46:37.508088+00:00,initial,5.0,0.401,,,,,,,,,,,,,,,,,,,,,,,,,,,,,,,,,,,,,,,,,,,,,,,,
stop_intent,stop_unchanged,XBI,,142.37,,2026-07-27T05:46:20.477496+00:00,2026-07-27T05:46:37.519000+00:00,initial,15.0,0.093,,,,,,,,,,,,,,,,,,,,,,,,,,,,,,,,,,,,,,,,,,,,,,,,
stop_intent,stop_unchanged,AMAT,,461.12,,2026-07-27T06:46:22.786456+00:00,2026-07-27T06:46:39.053398+00:00,initial,3.0,0.046,,,,,,,,,,,,,,,,,,,,,,,,,,,,,,,,,,,,,,,,,,,,,,,,
stop_intent,stop_unchanged,JPM,,331.44,,2026-07-27T06:46:22.786464+00:00,2026-07-27T06:46:39.066909+00:00,initial,3.0,0.46,,,,,,,,,,,,,,,,,,,,,,,,,,,,,,,,,,,,,,,,,,,,,,,,
stop_intent,stop_ratchet_failed,KLAC,"{""code"":40410000,""message"":""order not found""}",,,2026-07-27T06:46:22.786469+00:00,2026-07-27T06:46:39.079650+00:00,,,,,,,,,,,,,,,,,,,,,,,,,,,,,,,,,,,,,,,,,,,,,,,,,,,
stop_intent,stop_unchanged,SBUX,,98.9,,2026-07-27T06:46:22.786473+00:00,2026-07-27T06:46:39.091897+00:00,initial,10.0,-0.218,,,,,,,,,,,,,,,,,,,,,,,,,,,,,,,,,,,,,,,,,,,,,,,,
stop_intent,stop_unchanged,SPG,,217.23,,2026-07-27T06:46:22.786476+00:00,2026-07-27T06:46:39.104842+00:00,initial,5.0,0.401,,,,,,,,,,,,,,,,,,,,,,,,,,,,,,,,,,,,,,,,,,,,,,,,
stop_intent,stop_unchanged,XBI,,142.37,,2026-07-27T06:46:22.786479+00:00,2026-07-27T06:46:39.118067+00:00,initial,15.0,0.113,,,,,,,,,,,,,,,,,,,,,,,,,,,,,,,,,,,,,,,,,,,,,,,,
stop_intent,stop_unchanged,AMAT,,461.12,,2026-07-27T07:46:40.896859+00:00,2026-07-27T07:47:00.145591+00:00,initial,3.0,0.049,,,,,,,,,,,,,,,,,,,,,,,,,,,,,,,,,,,,,,,,,,,,,,,,
stop_intent,stop_unchanged,JPM,,331.44,,2026-07-27T07:46:40.896867+00:00,2026-07-27T07:47:00.158128+00:00,initial,3.0,0.46,,,,,,,,,,,,,,,,,,,,,,,,,,,,,,,,,,,,,,,,,,,,,,,,
stop_intent,stop_ratchet_failed,KLAC,"{""code"":40410000,""message"":""order not found""}",,,2026-07-27T07:46:40.896871+00:00,2026-07-27T07:47:00.169922+00:00,,,,,,,,,,,,,,,,,,,,,,,,,,,,,,,,,,,,,,,,,,,,,,,,,,,
stop_intent,stop_unchanged,SBUX,,98.9,,2026-07-27T07:46:40.896875+00:00,2026-07-27T07:47:00.181598+00:00,initial,10.0,-0.218,,,,,,,,,,,,,,,,,,,,,,,,,,,,,,,,,,,,,,,,,,,,,,,,
stop_intent,stop_unchanged,SPG,,217.23,,2026-07-27T07:46:40.896878+00:00,2026-07-27T07:47:00.193588+00:00,initial,5.0,0.401,,,,,,,,,,,,,,,,,,,,,,,,,,,,,,,,,,,,,,,,,,,,,,,,
stop_intent,stop_unchanged,XBI,,142.37,,2026-07-27T07:46:40.896882+00:00,2026-07-27T07:47:00.205613+00:00,initial,15.0,0.126,,,,,,,,,,,,,,,,,,,,,,,,,,,,,,,,,,,,,,,,,,,,,,,,
stop_intent,stop_unchanged,AMAT,,461.12,,2026-07-27T08:59:45.494953+00:00,2026-07-27T08:59:50.813905+00:00,initial,3.0,0.083,,,,,,,,,,,,,,,,,,,,,,,,,,,,,,,,,,,,,,,,,,,,,,,,
stop_intent,stop_unchanged,JPM,,331.44,,2026-07-27T08:59:45.494960+00:00,2026-07-27T08:59:50.825830+00:00,initial,3.0,0.464,,,,,,,,,,,,,,,,,,,,,,,,,,,,,,,,,,,,,,,,,,,,,,,,
stop_intent,stop_ratchet_failed,KLAC,"{""code"":40410000,""message"":""order not found""}",,,2026-07-27T08:59:45.494965+00:00,2026-07-27T08:59:50.837134+00:00,,,,,,,,,,,,,,,,,,,,,,,,,,,,,,,,,,,,,,,,,,,,,,,,,,,
stop_intent,stop_unchanged,SBUX,,98.9,,2026-07-27T08:59:45.494969+00:00,2026-07-27T08:59:50.848231+00:00,initial,10.0,-0.198,,,,,,,,,,,,,,,,,,,,,,,,,,,,,,,,,,,,,,,,,,,,,,,,
stop_intent,stop_unchanged,SPG,,217.23,,2026-07-27T08:59:45.494972+00:00,2026-07-27T08:59:50.859518+00:00,initial,5.0,0.401,,,,,,,,,,,,,,,,,,,,,,,,,,,,,,,,,,,,,,,,,,,,,,,,
stop_intent,stop_unchanged,XBI,,142.37,,2026-07-27T08:59:45.494975+00:00,2026-07-27T08:59:50.870813+00:00,initial,15.0,0.178,,,,,,,,,,,,,,,,,,,,,,,,,,,,,,,,,,,,,,,,,,,,,,,,
entry_signal,skip,XLF,no_state_data,,,2026-07-27T08:59:45.505546+00:00,2026-07-27T08:59:50.882068+00:00,,,,,,,no_state_data,state_ext=stretched_up + state_slope=flat,,,,,1d,,,,,,insample,False,False,,,,,,,,,,,,,,,,,,,,,,,,,,,,,,
state_unavailable,skip,XLF,nan_state_features,,,2026-07-27T08:59:45.509712+00:00,2026-07-27T08:59:50.894191+00:00,,,,,,,,state_ext=stretched_up + state_slope=flat,,,,,1d,,,,,,insample,,,2026-07-24 04:00:00+00:00,,{},,,,,,,,,,,,,,,,,,,,,,,,,,,
entry_signal,skip,XLK,no_state_data,,,2026-07-27T08:59:45.522364+00:00,2026-07-27T08:59:50.906810+00:00,,,,,,,no_state_data,cross_TLT_state_slope=uptrend + state_ext=neutral,,,,,1d,,,,,,insample,False,False,,,,,,,,,,,,,,,,,,,,,,,,,,,,,,
state_unavailable,skip,XLK,nan_state_features,,,2026-07-27T08:59:45.526566+00:00,2026-07-27T08:59:50.919877+00:00,,,,,,,,cross_TLT_state_slope=uptrend + state_ext=neutral,,,,,1d,,,,,,insample,,,2026-07-24 04:00:00+00:00,,{},,,,,,,,,,,,,,,,,,,,,,,,,,,
stop_intent,stop_unchanged,AMAT,,461.12,,2026-07-27T10:46:23.843214+00:00,2026-07-27T10:47:41.509318+00:00,initial,3.0,0.101,,,,,,,,,,,,,,,,,,,,,,,,,,,,,,,,,,,,,,,,,,,,,,,,
stop_intent,stop_unchanged,JPM,,331.44,,2026-07-27T10:46:23.843222+00:00,2026-07-27T10:47:41.522286+00:00,initial,3.0,0.494,,,,,,,,,,,,,,,,,,,,,,,,,,,,,,,,,,,,,,,,,,,,,,,,
stop_intent,stop_ratchet_failed,KLAC,"{""code"":40410000,""message"":""order not found""}",,,2026-07-27T10:46:23.843226+00:00,2026-07-27T10:47:41.534659+00:00,,,,,,,,,,,,,,,,,,,,,,,,,,,,,,,,,,,,,,,,,,,,,,,,,,,
stop_intent,stop_unchanged,SBUX,,98.9,,2026-07-27T10:46:23.843230+00:00,2026-07-27T10:47:41.546817+00:00,initial,10.0,-0.196,,,,,,,,,,,,,,,,,,,,,,,,,,,,,,,,,,,,,,,,,,,,,,,,
stop_intent,stop_unchanged,SPG,,217.23,,2026-07-27T10:46:23.843233+00:00,2026-07-27T10:47:41.559090+00:00,initial,5.0,0.401,,,,,,,,,,,,,,,,,,,,,,,,,,,,,,,,,,,,,,,,,,,,,,,,
stop_intent,stop_unchanged,XBI,,142.37,,2026-07-27T10:46:23.843237+00:00,2026-07-27T10:47:41.571298+00:00,initial,15.0,0.18,,,,,,,,,,,,,,,,,,,,,,,,,,,,,,,,,,,,,,,,,,,,,,,,
stop_intent,stop_unchanged,AMAT,,461.12,,2026-07-27T12:33:08.616905+00:00,2026-07-27T12:33:20.644133+00:00,initial,3.0,0.015,,,,,,,,,,,,,,,,,,,,,,,,,,,,,,,,,,,,,,,,,,,,,,,,
stop_intent,stop_unchanged,JPM,,331.44,,2026-07-27T12:33:08.616912+00:00,2026-07-27T12:33:20.657083+00:00,initial,3.0,0.499,,,,,,,,,,,,,,,,,,,,,,,,,,,,,,,,,,,,,,,,,,,,,,,,
stop_intent,stop_ratchet_failed,KLAC,"{""code"":40410000,""message"":""order not found""}",,,2026-07-27T12:33:08.616916+00:00,2026-07-27T12:33:20.669733+00:00,,,,,,,,,,,,,,,,,,,,,,,,,,,,,,,,,,,,,,,,,,,,,,,,,,,
stop_intent,stop_unchanged,SBUX,,98.9,,2026-07-27T12:33:08.616920+00:00,2026-07-27T12:33:20.682014+00:00,initial,10.0,-0.127,,,,,,,,,,,,,,,,,,,,,,,,,,,,,,,,,,,,,,,,,,,,,,,,
stop_intent,stop_unchanged,SPG,,217.23,,2026-07-27T12:33:08.616923+00:00,2026-07-27T12:33:20.696864+00:00,initial,5.0,0.401,,,,,,,,,,,,,,,,,,,,,,,,,,,,,,,,,,,,,,,,,,,,,,,,
stop_intent,stop_unchanged,XBI,,142.37,,2026-07-27T12:33:08.616927+00:00,2026-07-27T12:33:20.711867+00:00,initial,15.0,0.126,,,,,,,,,,,,,,,,,,,,,,,,,,,,,,,,,,,,,,,,,,,,,,,,
entry_signal,skip,XLF,no_state_data,,,2026-07-27T12:33:08.632313+00:00,2026-07-27T12:33:20.724331+00:00,,,,,,,no_state_data,state_ext=stretched_up + state_slope=flat,,,,,1d,,,,,,insample,False,False,,,,,,,,,,,,,,,,,,,,,,,,,,,,,,
state_unavailable,skip,XLF,nan_state_features,,,2026-07-27T12:33:08.640911+00:00,2026-07-27T12:33:20.737289+00:00,,,,,,,,state_ext=stretched_up + state_slope=flat,,,,,1d,,,,,,insample,,,2026-07-24 04:00:00+00:00,,{},,,,,,,,,,,,,,,,,,,,,,,,,,,
entry_signal,skip,XLK,no_state_data,,,2026-07-27T12:33:08.655746+00:00,2026-07-27T12:33:20.750899+00:00,,,,,,,no_state_data,cross_TLT_state_slope=uptrend + state_ext=neutral,,,,,1d,,,,,,insample,False,False,,,,,,,,,,,,,,,,,,,,,,,,,,,,,,
state_unavailable,skip,XLK,nan_state_features,,,2026-07-27T12:33:08.664270+00:00,2026-07-27T12:33:20.764029+00:00,,,,,,,,cross_TLT_state_slope=uptrend + state_ext=neutral,,,,,1d,,,,,,insample,,,2026-07-24 04:00:00+00:00,,{},,,,,,,,,,,,,,,,,,,,,,,,,,,
stop_intent,stop_unchanged,AMAT,,461.12,,2026-07-27T12:46:01.388429+00:00,2026-07-27T12:46:13.495618+00:00,initial,3.0,0.027,,,,,,,,,,,,,,,,,,,,,,,,,,,,,,,,,,,,,,,,,,,,,,,,
stop_intent,stop_unchanged,JPM,,331.44,,2026-07-27T12:46:01.388437+00:00,2026-07-27T12:46:13.509179+00:00,initial,3.0,0.536,,,,,,,,,,,,,,,,,,,,,,,,,,,,,,,,,,,,,,,,,,,,,,,,
stop_intent,stop_ratchet_failed,KLAC,"{""code"":40410000,""message"":""order not found""}",,,2026-07-27T12:46:01.388442+00:00,2026-07-27T12:46:13.522203+00:00,,,,,,,,,,,,,,,,,,,,,,,,,,,,,,,,,,,,,,,,,,,,,,,,,,,
stop_intent,stop_unchanged,SBUX,,98.9,,2026-07-27T12:46:01.388446+00:00,2026-07-27T12:46:13.534818+00:00,initial,10.0,-0.127,,,,,,,,,,,,,,,,,,,,,,,,,,,,,,,,,,,,,,,,,,,,,,,,
stop_intent,stop_unchanged,SPG,,217.23,,2026-07-27T12:46:01.388449+00:00,2026-07-27T12:46:13.547632+00:00,initial,5.0,0.401,,,,,,,,,,,,,,,,,,,,,,,,,,,,,,,,,,,,,,,,,,,,,,,,
stop_intent,stop_unchanged,XBI,,142.37,,2026-07-27T12:46:01.388452+00:00,2026-07-27T12:46:13.560414+00:00,initial,15.0,0.12,,,,,,,,,,,,,,,,,,,,,,,,,,,,,,,,,,,,,,,,,,,,,,,,
entry_signal,skip,XLF,no_state_data,,,2026-07-27T12:46:01.408446+00:00,2026-07-27T12:46:13.573195+00:00,,,,,,,no_state_data,state_ext=stretched_up + state_slope=flat,,,,,1d,,,,,,insample,False,False,,,,,,,,,,,,,,,,,,,,,,,,,,,,,,
state_unavailable,skip,XLF,nan_state_features,,,2026-07-27T12:46:01.418030+00:00,2026-07-27T12:46:13.586572+00:00,,,,,,,,state_ext=stretched_up + state_slope=flat,,,,,1d,,,,,,insample,,,2026-07-24 04:00:00+00:00,,{},,,,,,,,,,,,,,,,,,,,,,,,,,,
entry_signal,skip,XLK,no_state_data,,,2026-07-27T12:46:01.434370+00:00,2026-07-27T12:46:13.599857+00:00,,,,,,,no_state_data,cross_TLT_state_slope=uptrend + state_ext=neutral,,,,,1d,,,,,,insample,False,False,,,,,,,,,,,,,,,,,,,,,,,,,,,,,,
state_unavailable,skip,XLK,nan_state_features,,,2026-07-27T12:46:01.443365+00:00,2026-07-27T12:46:13.613162+00:00,,,,,,,,cross_TLT_state_slope=uptrend + state_ext=neutral,,,,,1d,,,,,,insample,,,2026-07-24 04:00:00+00:00,,{},,,,,,,,,,,,,,,,,,,,,,,,,,,
stop_intent,stop_state_cleared,SBUX,position no longer open (stopped out or closed by another exit policy),,,2026-07-27T13:46:21.008272+00:00,2026-07-27T13:46:30.798440+00:00,,,,False,,,,,,,,,,,,,,,,,,,,,,,,,,,,,,,,,,,,,,,,,,,,,,,
stop_intent,stop_state_cleared,JPM,position no longer open (stopped out or closed by another exit policy),,,2026-07-27T13:46:21.008288+00:00,2026-07-27T13:46:30.811280+00:00,,,,False,,,,,,,,,,,,,,,,,,,,,,,,,,,,,,,,,,,,,,,,,,,,,,,
stop_intent,stop_state_cleared,SPG,position no longer open (stopped out or closed by another exit policy),,,2026-07-27T13:46:21.008293+00:00,2026-07-27T13:46:30.823533+00:00,,,,False,,,,,,,,,,,,,,,,,,,,,,,,,,,,,,,,,,,,,,,,,,,,,,,
stop_intent,stop_state_cleared,XBI,position no longer open (stopped out or closed by another exit policy),,,2026-07-27T13:46:21.008297+00:00,2026-07-27T13:46:30.835699+00:00,,,,False,,,,,,,,,,,,,,,,,,,,,,,,,,,,,,,,,,,,,,,,,,,,,,,
stop_intent,stop_unchanged,AMAT,,461.12,,2026-07-27T13:46:21.008301+00:00,2026-07-27T13:46:30.847856+00:00,initial,3.0,-0.207,,,,,,,,,,,,,,,,,,,,,,,,,,,,,,,,,,,,,,,,,,,,,,,,
stop_intent,stop_ratchet_failed,KLAC,"{""code"":40410000,""message"":""order not found""}",,,2026-07-27T13:46:21.008304+00:00,2026-07-27T13:46:30.860113+00:00,,,,,,,,,,,,,,,,,,,,,,,,,,,,,,,,,,,,,,,,,,,,,,,,,,,
entry_signal,skip,XLF,no_state_data,,,2026-07-27T13:46:21.023204+00:00,2026-07-27T13:46:30.872206+00:00,,,,,,,no_state_data,state_ext=stretched_up + state_slope=flat,,,,,1d,,,,,,insample,False,False,,,,,,,,,,,,,,,,,,,,,,,,,,,,,,
state_unavailable,skip,XLF,nan_state_features,,,2026-07-27T13:46:21.032016+00:00,2026-07-27T13:46:30.884922+00:00,,,,,,,,state_ext=stretched_up + state_slope=flat,,,,,1d,,,,,,insample,,,2026-07-24 04:00:00+00:00,,{},,,,,,,,,,,,,,,,,,,,,,,,,,,
entry_signal,skip,XLK,no_state_data,,,2026-07-27T13:46:21.044910+00:00,2026-07-27T13:46:30.897465+00:00,,,,,,,no_state_data,cross_TLT_state_slope=uptrend + state_ext=neutral,,,,,1d,,,,,,insample,False,False,,,,,,,,,,,,,,,,,,,,,,,,,,,,,,
state_unavailable,skip,XLK,nan_state_features,,,2026-07-27T13:46:21.053675+00:00,2026-07-27T13:46:30.971927+00:00,,,,,,,,cross_TLT_state_slope=uptrend + state_ext=neutral,,,,,1d,,,,,,insample,,,2026-07-24 04:00:00+00:00,,{},,,,,,,,,,,,,,,,,,,,,,,,,,,
stop_intent,stop_state_cleared,KLAC,position no longer open (stopped out or closed by another exit policy),,,2026-07-27T14:46:22.583498+00:00,2026-07-27T14:46:32.442613+00:00,,,,False,,,,,,,,,,,,,,,,,,,,,,,,,,,,,,,,,,,,,,,,,,,,,,,
stop_intent,stop_state_cleared,AMAT,position no longer open (stopped out or closed by another exit policy),,,2026-07-27T14:46:22.583517+00:00,2026-07-27T14:46:32.455846+00:00,,,,False,,,,,,,,,,,,,,,,,,,,,,,,,,,,,,,,,,,,,,,,,,,,,,,
entry_signal,skip,XLF,no_state_data,,,2026-07-27T14:46:22.627959+00:00,2026-07-27T14:46:32.468230+00:00,,,,,,,no_state_data,state_ext=stretched_up + state_slope=flat,,,,,1d,,,,,,insample,False,False,,,,,,,,,,,,,,,,,,,,,,,,,,,,,,
state_unavailable,skip,XLF,nan_state_features,,,2026-07-27T14:46:22.637553+00:00,2026-07-27T14:46:32.480938+00:00,,,,,,,,state_ext=stretched_up + state_slope=flat,,,,,1d,,,,,,insample,,,2026-07-24 04:00:00+00:00,,{},,,,,,,,,,,,,,,,,,,,,,,,,,,
entry_signal,skip,XLK,no_state_data,,,2026-07-27T14:46:22.650838+00:00,2026-07-27T14:46:32.493416+00:00,,,,,,,no_state_data,cross_TLT_state_slope=uptrend + state_ext=neutral,,,,,1d,,,,,,insample,False,False,,,,,,,,,,,,,,,,,,,,,,,,,,,,,,
state_unavailable,skip,XLK,nan_state_features,,,2026-07-27T14:46:22.659502+00:00,2026-07-27T14:46:32.506297+00:00,,,,,,,,cross_TLT_state_slope=uptrend + state_ext=neutral,,,,,1d,,,,,,insample,,,2026-07-24 04:00:00+00:00,,{},,,,,,,,,,,,,,,,,,,,,,,,,,,
entry_signal,skip,XLF,no_state_data,,,2026-07-27T15:46:06.606411+00:00,2026-07-27T15:46:18.562883+00:00,,,,,,,no_state_data,state_ext=stretched_up + state_slope=flat,,,,,1d,,,,,,insample,False,False,,,,,,,,,,,,,,,,,,,,,,,,,,,,,,
state_unavailable,skip,XLF,nan_state_features,,,2026-07-27T15:46:06.618595+00:00,2026-07-27T15:46:18.577855+00:00,,,,,,,,state_ext=stretched_up + state_slope=flat,,,,,1d,,,,,,insample,,,2026-07-24 04:00:00+00:00,,{},,,,,,,,,,,,,,,,,,,,,,,,,,,
entry_signal,skip,XLK,no_state_data,,,2026-07-27T15:46:06.634604+00:00,2026-07-27T15:46:18.591576+00:00,,,,,,,no_state_data,cross_TLT_state_slope=uptrend + state_ext=neutral,,,,,1d,,,,,,insample,False,False,,,,,,,,,,,,,,,,,,,,,,,,,,,,,,
state_unavailable,skip,XLK,nan_state_features,,,2026-07-27T15:46:06.647446+00:00,2026-07-27T15:46:18.605526+00:00,,,,,,,,cross_TLT_state_slope=uptrend + state_ext=neutral,,,,,1d,,,,,,insample,,,2026-07-24 04:00:00+00:00,,{},,,,,,,,,,,,,,,,,,,,,,,,,,,
entry_signal,skip,XLF,no_state_data,,,2026-07-27T16:46:15.462549+00:00,2026-07-27T16:46:27.649715+00:00,,,,,,,no_state_data,state_ext=stretched_up + state_slope=flat,,,,,1d,,,,,,insample,False,False,,,,,,,,,,,,,,,,,,,,,,,,,,,,,,
state_unavailable,skip,XLF,nan_state_features,,,2026-07-27T16:46:15.472669+00:00,2026-07-27T16:46:27.664253+00:00,,,,,,,,state_ext=stretched_up + state_slope=flat,,,,,1d,,,,,,insample,,,2026-07-24 04:00:00+00:00,,{},,,,,,,,,,,,,,,,,,,,,,,,,,,
entry_signal,skip,XLK,no_state_data,,,2026-07-27T16:46:15.487984+00:00,2026-07-27T16:46:27.677548+00:00,,,,,,,no_state_data,cross_TLT_state_slope=uptrend + state_ext=neutral,,,,,1d,,,,,,insample,False,False,,,,,,,,,,,,,,,,,,,,,,,,,,,,,,
state_unavailable,skip,XLK,nan_state_features,,,2026-07-27T16:46:15.497589+00:00,2026-07-27T16:46:27.690882+00:00,,,,,,,,cross_TLT_state_slope=uptrend + state_ext=neutral,,,,,1d,,,,,,insample,,,2026-07-24 04:00:00+00:00,,{},,,,,,,,,,,,,,,,,,,,,,,,,,,
entry_signal,skip,XLF,no_state_data,,,2026-07-27T17:46:03.890167+00:00,2026-07-27T17:46:13.797615+00:00,,,,,,,no_state_data,state_ext=stretched_up + state_slope=flat,,,,,1d,,,,,,insample,False,False,,,,,,,,,,,,,,,,,,,,,,,,,,,,,,
state_unavailable,skip,XLF,nan_state_features,,,2026-07-27T17:46:03.900049+00:00,2026-07-27T17:46:13.812185+00:00,,,,,,,,state_ext=stretched_up + state_slope=flat,,,,,1d,,,,,,insample,,,2026-07-24 04:00:00+00:00,,{},,,,,,,,,,,,,,,,,,,,,,,,,,,
entry_signal,skip,XLK,no_state_data,,,2026-07-27T17:46:03.915908+00:00,2026-07-27T17:46:13.825759+00:00,,,,,,,no_state_data,cross_TLT_state_slope=uptrend + state_ext=neutral,,,,,1d,,,,,,insample,False,False,,,,,,,,,,,,,,,,,,,,,,,,,,,,,,
state_unavailable,skip,XLK,nan_state_features,,,2026-07-27T17:46:03.926102+00:00,2026-07-27T17:46:13.839387+00:00,,,,,,,,cross_TLT_state_slope=uptrend + state_ext=neutral,,,,,1d,,,,,,insample,,,2026-07-24 04:00:00+00:00,,{},,,,,,,,,,,,,,,,,,,,,,,,,,,
entry_signal,skip,XLF,no_state_data,,,2026-07-27T18:46:14.229884+00:00,2026-07-27T18:46:24.850900+00:00,,,,,,,no_state_data,state_ext=stretched_up + state_slope=flat,,,,,1d,,,,,,insample,False,False,,,,,,,,,,,,,,,,,,,,,,,,,,,,,,
state_unavailable,skip,XLF,nan_state_features,,,2026-07-27T18:46:14.239847+00:00,2026-07-27T18:46:24.864994+00:00,,,,,,,,state_ext=stretched_up + state_slope=flat,,,,,1d,,,,,,insample,,,2026-07-24 04:00:00+00:00,,{},,,,,,,,,,,,,,,,,,,,,,,,,,,
entry_signal,skip,XLK,no_state_data,,,2026-07-27T18:46:14.254886+00:00,2026-07-27T18:46:24.877865+00:00,,,,,,,no_state_data,cross_TLT_state_slope=uptrend + state_ext=neutral,,,,,1d,,,,,,insample,False,False,,,,,,,,,,,,,,,,,,,,,,,,,,,,,,
state_unavailable,skip,XLK,nan_state_features,,,2026-07-27T18:46:14.264972+00:00,2026-07-27T18:46:24.890957+00:00,,,,,,,,cross_TLT_state_slope=uptrend + state_ext=neutral,,,,,1d,,,,,,insample,,,2026-07-24 04:00:00+00:00,,{},,,,,,,,,,,,,,,,,,,,,,,,,,,
entry_signal,skip,XLF,no_state_data,,,2026-07-27T19:46:22.167074+00:00,2026-07-27T19:46:34.556793+00:00,,,,,,,no_state_data,state_ext=stretched_up + state_slope=flat,,,,,1d,,,,,,insample,False,False,,,,,,,,,,,,,,,,,,,,,,,,,,,,,,
state_unavailable,skip,XLF,nan_state_features,,,2026-07-27T19:46:22.177407+00:00,2026-07-27T19:46:34.571079+00:00,,,,,,,,state_ext=stretched_up + state_slope=flat,,,,,1d,,,,,,insample,,,2026-07-24 04:00:00+00:00,,{},,,,,,,,,,,,,,,,,,,,,,,,,,,
entry_signal,skip,XLK,no_state_data,,,2026-07-27T19:46:22.193109+00:00,2026-07-27T19:46:34.584254+00:00,,,,,,,no_state_data,cross_TLT_state_slope=uptrend + state_ext=neutral,,,,,1d,,,,,,insample,False,False,,,,,,,,,,,,,,,,,,,,,,,,,,,,,,
state_unavailable,skip,XLK,nan_state_features,,,2026-07-27T19:46:22.202484+00:00,2026-07-27T19:46:34.597673+00:00,,,,,,,,cross_TLT_state_slope=uptrend + state_ext=neutral,,,,,1d,,,,,,insample,,,2026-07-24 04:00:00+00:00,,{},,,,,,,,,,,,,,,,,,,,,,,,,,,
entry_signal,skip,XLF,no_state_data,,,2026-07-27T20:46:08.360305+00:00,2026-07-27T20:46:19.962421+00:00,,,,,,,no_state_data,state_ext=stretched_up + state_slope=flat,,,,,1d,,,,,,insample,False,False,,,,,,,,,,,,,,,,,,,,,,,,,,,,,,
state_unavailable,skip,XLF,nan_state_features,,,2026-07-27T20:46:08.370721+00:00,2026-07-27T20:46:19.976514+00:00,,,,,,,,state_ext=stretched_up + state_slope=flat,,,,,1d,,,,,,insample,,,2026-07-24 04:00:00+00:00,,{},,,,,,,,,,,,,,,,,,,,,,,,,,,
entry_signal,skip,XLK,no_state_data,,,2026-07-27T20:46:08.385534+00:00,2026-07-27T20:46:19.989832+00:00,,,,,,,no_state_data,cross_TLT_state_slope=uptrend + state_ext=neutral,,,,,1d,,,,,,insample,False,False,,,,,,,,,,,,,,,,,,,,,,,,,,,,,,
state_unavailable,skip,XLK,nan_state_features,,,2026-07-27T20:46:08.394333+00:00,2026-07-27T20:46:20.003250+00:00,,,,,,,,cross_TLT_state_slope=uptrend + state_ext=neutral,,,,,1d,,,,,,insample,,,2026-07-24 04:00:00+00:00,,{},,,,,,,,,,,,,,,,,,,,,,,,,,,
entry_signal,skip,XLF,no_state_data,,,2026-07-27T21:46:08.939511+00:00,2026-07-27T21:46:20.830153+00:00,,,,,,,no_state_data,state_ext=stretched_up + state_slope=flat,,,,,1d,,,,,,insample,False,False,,,,,,,,,,,,,,,,,,,,,,,,,,,,,,
state_unavailable,skip,XLF,nan_state_features,,,2026-07-27T21:46:08.953973+00:00,2026-07-27T21:46:20.844738+00:00,,,,,,,,state_ext=stretched_up + state_slope=flat,,,,,1d,,,,,,insample,,,2026-07-24 04:00:00+00:00,,{},,,,,,,,,,,,,,,,,,,,,,,,,,,
entry_signal,skip,XLK,no_state_data,,,2026-07-27T21:46:08.975287+00:00,2026-07-27T21:46:20.858654+00:00,,,,,,,no_state_data,cross_TLT_state_slope=uptrend + state_ext=neutral,,,,,1d,,,,,,insample,False,False,,,,,,,,,,,,,,,,,,,,,,,,,,,,,,
state_unavailable,skip,XLK,nan_state_features,,,2026-07-27T21:46:08.985085+00:00,2026-07-27T21:46:20.872799+00:00,,,,,,,,cross_TLT_state_slope=uptrend + state_ext=neutral,,,,,1d,,,,,,insample,,,2026-07-24 04:00:00+00:00,,{},,,,,,,,,,,,,,,,,,,,,,,,,,,
entry_signal,skip,XLF,no_state_data,,,2026-07-27T23:24:32.494052+00:00,2026-07-27T23:24:42.402527+00:00,,,,,,,no_state_data,state_ext=stretched_up + state_slope=flat,,,,,1d,,,,,,insample,False,False,,,,,,,,,,,,,,,,,,,,,,,,,,,,,,
state_unavailable,skip,XLF,nan_state_features,,,2026-07-27T23:24:32.504725+00:00,2026-07-27T23:24:42.416383+00:00,,,,,,,,state_ext=stretched_up + state_slope=flat,,,,,1d,,,,,,insample,,,2026-07-24 04:00:00+00:00,,{},,,,,,,,,,,,,,,,,,,,,,,,,,,
entry_signal,skip,XLK,no_state_data,,,2026-07-27T23:24:32.519379+00:00,2026-07-27T23:24:42.429358+00:00,,,,,,,no_state_data,cross_TLT_state_slope=uptrend + state_ext=neutral,,,,,1d,,,,,,insample,False,False,,,,,,,,,,,,,,,,,,,,,,,,,,,,,,
state_unavailable,skip,XLK,nan_state_features,,,2026-07-27T23:24:32.528446+00:00,2026-07-27T23:24:42.442577+00:00,,,,,,,,cross_TLT_state_slope=uptrend + state_ext=neutral,,,,,1d,,,,,,insample,,,2026-07-24 04:00:00+00:00,,{},,,,,,,,,,,,,,,,,,,,,,,,,,,
entry_signal,enter,SPY,,,6c88afcf-447b-4a8b-9b2e-22acbe1aacc4,2026-07-27T23:24:42.401495+00:00,2026-07-27T23:24:42.519645+00:00,,1.0,,,,accepted,,state_session=afternoon + state_slope=downtrend,,,,,1h,,,,,,insample,True,True,2026-07-27 19:00:00+00:00,738.85,"{'state_ext': 'neutral', 'state_slope': 'downtrend', 'state_vol': 'mid_vol', 'state_volume': 'vol_quiet', 'state_session': 'afternoon', 'state_dow': 'Mon', 'state_utc_session': 'utc_us', 'state_weekpart': 'weekday', 'state_ret_1': 'ret_flat', 'state_ret_3': 'ret_up', 'state_ret_5': 'ret_down', 'state_ret_10': 'ret_flat', 'state_ret_20': 'ret_flat', 'state_atr_ext': 'atr_neutral', 'state_vol_regime': 'vol_regime_mid', 'state_trend_strength': 'mod_trend', 'state_gap': 'gap_flat', 'state_range_pos': 'range_low', 'state_ret_day': 'ret_day_flat', 'state_vol_day': 'vol_day_mid', 'state_funding': 'funding_neutral', 'state_oi': 'oi_flat', 'state_cot': 'cot_neutral', 'state_vix': 'vix_mid', 'state_breadth': 'breadth_weak', 'state_dxy': 'dxy_flat'}",state_session=afternoon + state_slope=downtrend,long,1.0,buy,738.85,state_slope=downtrend,5.0,2.0,SPY,gate_disabled,True,,,,conviction_with_vol_rail,1.0,1000.0,2.9728,1.0,100.0,14.0,"{'allowed': True, 'reasons': [], 'details': {'symbol': 'SPY', 'qty': 1, 'price': 738.85, 'side': 'long', 'notional': 738.85, 'open_position_count': 0, 'today_realized_pnl': 0.0, 'risk_group': 'state_slope=downtrend', 'aggregate_risk': {'current_open_risk_dollars': 0.0, 'proposed_r_dollars': 5.95, 'projected_open_risk_dollars': 5.95, 'budget_dollars': 1999.05, 'max_aggregate_open_risk_pct': 0.02}, 'gross_notional': {'current_open_notional': 0.0, 'proposed_notional': 738.85, 'projected_open_notional': 738.85, 'budget_notional': 99952.62, 'target_leverage_multiple': 1.0}, 'margin_cushion': {'reason': 'margin cushion check inactive (missing buying_power/equity/multiple/cushion)'}, 'reconciliation_health': {'ok': True, 'total_order_ids': 32, 'resolved_order_ids': 32, 'unresolved_order_ids': [], 'errors': [], 'reason': 'ok'}}}",,,,,
entry_signal,skip,XLF,no_state_data,,,2026-07-28T00:07:50.720884+00:00,2026-07-28T00:08:00.891198+00:00,,,,,,,no_state_data,state_ext=stretched_up + state_slope=flat,,,,,1d,,,,,,insample,False,False,,,,,,,,,,,,,,,,,,,,,,,,,,,,,,
state_unavailable,skip,XLF,nan_state_features,,,2026-07-28T00:07:50.731528+00:00,2026-07-28T00:08:00.910636+00:00,,,,,,,,state_ext=stretched_up + state_slope=flat,,,,,1d,,,,,,insample,,,2026-07-24 04:00:00+00:00,,{},,,,,,,,,,,,,,,,,,,,,,,,,,,
entry_signal,skip,XLK,no_state_data,,,2026-07-28T00:07:50.746049+00:00,2026-07-28T00:08:00.929984+00:00,,,,,,,no_state_data,cross_TLT_state_slope=uptrend + state_ext=neutral,,,,,1d,,,,,,insample,False,False,,,,,,,,,,,,,,,,,,,,,,,,,,,,,,
state_unavailable,skip,XLK,nan_state_features,,,2026-07-28T00:07:50.754912+00:00,2026-07-28T00:08:00.949244+00:00,,,,,,,,cross_TLT_state_slope=uptrend + state_ext=neutral,,,,,1d,,,,,,insample,,,2026-07-24 04:00:00+00:00,,{},,,,,,,,,,,,,,,,,,,,,,,,,,,
entry_signal,block,SPY,risk_gate,,,2026-07-28T00:08:00.890991+00:00,2026-07-28T00:08:00.968459+00:00,,,,,,,,state_session=afternoon + state_slope=downtrend,,,,,1h,,,,,,insample,True,False,2026-07-27 19:00:00+00:00,738.85,"{'state_ext': 'neutral', 'state_slope': 'downtrend', 'state_vol': 'mid_vol', 'state_volume': 'vol_quiet', 'state_session': 'afternoon', 'state_dow': 'Mon', 'state_utc_session': 'utc_us', 'state_weekpart': 'weekday', 'state_ret_1': 'ret_flat', 'state_ret_3': 'ret_up', 'state_ret_5': 'ret_down', 'state_ret_10': 'ret_flat', 'state_ret_20': 'ret_flat', 'state_atr_ext': 'atr_neutral', 'state_vol_regime': 'vol_regime_mid', 'state_trend_strength': 'mod_trend', 'state_gap': 'gap_flat', 'state_range_pos': 'range_low', 'state_ret_day': 'ret_day_flat', 'state_vol_day': 'vol_day_mid', 'state_funding': 'funding_neutral', 'state_oi': 'oi_flat', 'state_cot': 'cot_neutral', 'state_vix': 'vix_mid', 'state_breadth': 'breadth_weak', 'state_dxy': 'dxy_flat'}",,long,1.0,buy,738.85,state_slope=downtrend,5.0,2.0,SPY,gate_disabled,True,,,,conviction_with_vol_rail,1.0,1000.0,2.9728,1.0,100.0,14.0,"{'allowed': False, 'reasons': ['already have an open position in SPY', 'cooldown active for SPY: 2598s since last entry < 3600s'], 'details': {'symbol': 'SPY', 'qty': 1, 'price': 738.85, 'side': 'long', 'notional': 738.85, 'open_position_count': 1, 'today_realized_pnl': 0.0, 'risk_group': 'state_slope=downtrend', 'aggregate_risk': {'current_open_risk_dollars': 0.0, 'proposed_r_dollars': 5.95, 'projected_open_risk_dollars': 5.95, 'budget_dollars': 1999.05, 'max_aggregate_open_risk_pct': 0.02}, 'gross_notional': {'current_open_notional': 0.0, 'proposed_notional': 738.85, 'projected_open_notional': 738.85, 'budget_notional': 99952.62, 'target_leverage_multiple': 1.0}, 'margin_cushion': {'reason': 'margin cushion check inactive (missing buying_power/equity/multiple/cushion)'}, 'reconciliation_health': {'ok': True, 'total_order_ids': 33, 'resolved_order_ids': 33, 'unresolved_order_ids': [], 'errors': [], 'reason': 'ok'}}}",already have an open position in SPY; cooldown active for SPY: 2598s since last entry < 3600s,,,,
entry_signal,skip,XLF,no_state_data,,,2026-07-28T00:46:21.953057+00:00,2026-07-28T00:46:34.334988+00:00,,,,,,,no_state_data,state_ext=stretched_up + state_slope=flat,,,,,1d,,,,,,insample,False,False,,,,,,,,,,,,,,,,,,,,,,,,,,,,,,
state_unavailable,skip,XLF,nan_state_features,,,2026-07-28T00:46:21.963147+00:00,2026-07-28T00:46:34.356036+00:00,,,,,,,,state_ext=stretched_up + state_slope=flat,,,,,1d,,,,,,insample,,,2026-07-24 04:00:00+00:00,,{},,,,,,,,,,,,,,,,,,,,,,,,,,,
entry_signal,skip,XLK,no_state_data,,,2026-07-28T00:46:21.980461+00:00,2026-07-28T00:46:34.376738+00:00,,,,,,,no_state_data,cross_TLT_state_slope=uptrend + state_ext=neutral,,,,,1d,,,,,,insample,False,False,,,,,,,,,,,,,,,,,,,,,,,,,,,,,,
state_unavailable,skip,XLK,nan_state_features,,,2026-07-28T00:46:21.990062+00:00,2026-07-28T00:46:34.396638+00:00,,,,,,,,cross_TLT_state_slope=uptrend + state_ext=neutral,,,,,1d,,,,,,insample,,,2026-07-24 04:00:00+00:00,,{},,,,,,,,,,,,,,,,,,,,,,,,,,,
entry_signal,block,SPY,risk_gate,,,2026-07-28T00:46:34.333881+00:00,2026-07-28T00:46:34.416960+00:00,,,,,,,,state_session=afternoon + state_slope=downtrend,,,,,1h,,,,,,insample,True,False,2026-07-27 19:00:00+00:00,738.85,"{'state_ext': 'neutral', 'state_slope': 'downtrend', 'state_vol': 'mid_vol', 'state_volume': 'vol_quiet', 'state_session': 'afternoon', 'state_dow': 'Mon', 'state_utc_session': 'utc_us', 'state_weekpart': 'weekday', 'state_ret_1': 'ret_flat', 'state_ret_3': 'ret_up', 'state_ret_5': 'ret_down', 'state_ret_10': 'ret_flat', 'state_ret_20': 'ret_flat', 'state_atr_ext': 'atr_neutral', 'state_vol_regime': 'vol_regime_mid', 'state_trend_strength': 'mod_trend', 'state_gap': 'gap_flat', 'state_range_pos': 'range_low', 'state_ret_day': 'ret_day_flat', 'state_vol_day': 'vol_day_mid', 'state_funding': 'funding_neutral', 'state_oi': 'oi_flat', 'state_cot': 'cot_neutral', 'state_vix': 'vix_mid', 'state_breadth': 'breadth_weak', 'state_dxy': 'dxy_flat'}",,long,1.0,buy,738.85,state_slope=downtrend,5.0,2.0,SPY,gate_disabled,True,,,,conviction_with_vol_rail,1.0,1000.0,2.9728,1.0,100.0,14.0,"{'allowed': False, 'reasons': ['already have an open position in SPY'], 'details': {'symbol': 'SPY', 'qty': 1, 'price': 738.85, 'side': 'long', 'notional': 738.85, 'open_position_count': 1, 'today_realized_pnl': 0.0, 'risk_group': 'state_slope=downtrend', 'aggregate_risk': {'current_open_risk_dollars': 0.0, 'proposed_r_dollars': 5.95, 'projected_open_risk_dollars': 5.95, 'budget_dollars': 1999.05, 'max_aggregate_open_risk_pct': 0.02}, 'gross_notional': {'current_open_notional': 0.0, 'proposed_notional': 738.85, 'projected_open_notional': 738.85, 'budget_notional': 99952.62, 'target_leverage_multiple': 1.0}, 'margin_cushion': {'reason': 'margin cushion check inactive (missing buying_power/equity/multiple/cushion)'}, 'reconciliation_health': {'ok': True, 'total_order_ids': 33, 'resolved_order_ids': 33, 'unresolved_order_ids': [], 'errors': [], 'reason': 'ok'}}}",already have an open position in SPY,,,,
entry_signal,skip,XLF,no_state_data,,,2026-07-28T01:46:12.516111+00:00,2026-07-28T01:46:24.732082+00:00,,,,,,,no_state_data,state_ext=stretched_up + state_slope=flat,,,,,1d,,,,,,insample,False,False,,,,,,,,,,,,,,,,,,,,,,,,,,,,,,
state_unavailable,skip,XLF,nan_state_features,,,2026-07-28T01:46:12.526521+00:00,2026-07-28T01:46:24.753492+00:00,,,,,,,,state_ext=stretched_up + state_slope=flat,,,,,1d,,,,,,insample,,,2026-07-24 04:00:00+00:00,,{},,,,,,,,,,,,,,,,,,,,,,,,,,,
entry_signal,skip,XLK,no_state_data,,,2026-07-28T01:46:12.544211+00:00,2026-07-28T01:46:24.774963+00:00,,,,,,,no_state_data,cross_TLT_state_slope=uptrend + state_ext=neutral,,,,,1d,,,,,,insample,False,False,,,,,,,,,,,,,,,,,,,,,,,,,,,,,,
state_unavailable,skip,XLK,nan_state_features,,,2026-07-28T01:46:12.555211+00:00,2026-07-28T01:46:24.795259+00:00,,,,,,,,cross_TLT_state_slope=uptrend + state_ext=neutral,,,,,1d,,,,,,insample,,,2026-07-24 04:00:00+00:00,,{},,,,,,,,,,,,,,,,,,,,,,,,,,,
entry_signal,block,SPY,risk_gate,,,2026-07-28T01:46:24.731781+00:00,2026-07-28T01:46:24.815893+00:00,,,,,,,,state_session=afternoon + state_slope=downtrend,,,,,1h,,,,,,insample,True,False,2026-07-27 19:00:00+00:00,738.85,"{'state_ext': 'neutral', 'state_slope': 'downtrend', 'state_vol': 'mid_vol', 'state_volume': 'vol_quiet', 'state_session': 'afternoon', 'state_dow': 'Mon', 'state_utc_session': 'utc_us', 'state_weekpart': 'weekday', 'state_ret_1': 'ret_flat', 'state_ret_3': 'ret_up', 'state_ret_5': 'ret_down', 'state_ret_10': 'ret_flat', 'state_ret_20': 'ret_flat', 'state_atr_ext': 'atr_neutral', 'state_vol_regime': 'vol_regime_mid', 'state_trend_strength': 'mod_trend', 'state_gap': 'gap_flat', 'state_range_pos': 'range_low', 'state_ret_day': 'ret_day_flat', 'state_vol_day': 'vol_day_mid', 'state_funding': 'funding_neutral', 'state_oi': 'oi_flat', 'state_cot': 'cot_neutral', 'state_vix': 'vix_mid', 'state_breadth': 'breadth_weak', 'state_dxy': 'dxy_flat'}",,long,1.0,buy,738.85,state_slope=downtrend,5.0,2.0,SPY,gate_disabled,True,,,,conviction_with_vol_rail,1.0,1000.0,2.9728,1.0,100.0,14.0,"{'allowed': False, 'reasons': ['already have an open position in SPY'], 'details': {'symbol': 'SPY', 'qty': 1, 'price': 738.85, 'side': 'long', 'notional': 738.85, 'open_position_count': 1, 'today_realized_pnl': 0.0, 'risk_group': 'state_slope=downtrend', 'aggregate_risk': {'current_open_risk_dollars': 0.0, 'proposed_r_dollars': 5.95, 'projected_open_risk_dollars': 5.95, 'budget_dollars': 1999.05, 'max_aggregate_open_risk_pct': 0.02}, 'gross_notional': {'current_open_notional': 0.0, 'proposed_notional': 738.85, 'projected_open_notional': 738.85, 'budget_notional': 99952.62, 'target_leverage_multiple': 1.0}, 'margin_cushion': {'reason': 'margin cushion check inactive (missing buying_power/equity/multiple/cushion)'}, 'reconciliation_health': {'ok': True, 'total_order_ids': 33, 'resolved_order_ids': 33, 'unresolved_order_ids': [], 'errors': [], 'reason': 'ok'}}}",already have an open position in SPY,,,,
entry_signal,skip,XLF,no_state_data,,,2026-07-28T02:46:20.594184+00:00,2026-07-28T02:46:31.938249+00:00,,,,,,,no_state_data,state_ext=stretched_up + state_slope=flat,,,,,1d,,,,,,insample,False,False,,,,,,,,,,,,,,,,,,,,,,,,,,,,,,
state_unavailable,skip,XLF,nan_state_features,,,2026-07-28T02:46:20.605301+00:00,2026-07-28T02:46:31.958357+00:00,,,,,,,,state_ext=stretched_up + state_slope=flat,,,,,1d,,,,,,insample,,,2026-07-24 04:00:00+00:00,,{},,,,,,,,,,,,,,,,,,,,,,,,,,,
entry_signal,skip,XLK,no_state_data,,,2026-07-28T02:46:20.622552+00:00,2026-07-28T02:46:31.978134+00:00,,,,,,,no_state_data,cross_TLT_state_slope=uptrend + state_ext=neutral,,,,,1d,,,,,,insample,False,False,,,,,,,,,,,,,,,,,,,,,,,,,,,,,,
state_unavailable,skip,XLK,nan_state_features,,,2026-07-28T02:46:20.632543+00:00,2026-07-28T02:46:31.998090+00:00,,,,,,,,cross_TLT_state_slope=uptrend + state_ext=neutral,,,,,1d,,,,,,insample,,,2026-07-24 04:00:00+00:00,,{},,,,,,,,,,,,,,,,,,,,,,,,,,,
entry_signal,block,SPY,risk_gate,,,2026-07-28T02:46:31.937290+00:00,2026-07-28T02:46:32.018376+00:00,,,,,,,,state_session=afternoon + state_slope=downtrend,,,,,1h,,,,,,insample,True,False,2026-07-27 19:00:00+00:00,738.85,"{'state_ext': 'neutral', 'state_slope': 'downtrend', 'state_vol': 'mid_vol', 'state_volume': 'vol_quiet', 'state_session': 'afternoon', 'state_dow': 'Mon', 'state_utc_session': 'utc_us', 'state_weekpart': 'weekday', 'state_ret_1': 'ret_flat', 'state_ret_3': 'ret_up', 'state_ret_5': 'ret_down', 'state_ret_10': 'ret_flat', 'state_ret_20': 'ret_flat', 'state_atr_ext': 'atr_neutral', 'state_vol_regime': 'vol_regime_mid', 'state_trend_strength': 'mod_trend', 'state_gap': 'gap_flat', 'state_range_pos': 'range_low', 'state_ret_day': 'ret_day_flat', 'state_vol_day': 'vol_day_mid', 'state_funding': 'funding_neutral', 'state_oi': 'oi_flat', 'state_cot': 'cot_neutral', 'state_vix': 'vix_mid', 'state_breadth': 'breadth_weak', 'state_dxy': 'dxy_flat'}",,long,1.0,buy,738.85,state_slope=downtrend,5.0,2.0,SPY,gate_disabled,True,,,,conviction_with_vol_rail,1.0,1000.0,2.9728,1.0,100.0,14.0,"{'allowed': False, 'reasons': ['already have an open position in SPY'], 'details': {'symbol': 'SPY', 'qty': 1, 'price': 738.85, 'side': 'long', 'notional': 738.85, 'open_position_count': 1, 'today_realized_pnl': 0.0, 'risk_group': 'state_slope=downtrend', 'aggregate_risk': {'current_open_risk_dollars': 0.0, 'proposed_r_dollars': 5.95, 'projected_open_risk_dollars': 5.95, 'budget_dollars': 1999.05, 'max_aggregate_open_risk_pct': 0.02}, 'gross_notional': {'current_open_notional': 0.0, 'proposed_notional': 738.85, 'projected_open_notional': 738.85, 'budget_notional': 99952.62, 'target_leverage_multiple': 1.0}, 'margin_cushion': {'reason': 'margin cushion check inactive (missing buying_power/equity/multiple/cushion)'}, 'reconciliation_health': {'ok': True, 'total_order_ids': 33, 'resolved_order_ids': 33, 'unresolved_order_ids': [], 'errors': [], 'reason': 'ok'}}}",already have an open position in SPY,,,,
entry_signal,skip,XLF,no_state_data,,,2026-07-28T03:46:11.414766+00:00,2026-07-28T03:46:19.410182+00:00,,,,,,,no_state_data,state_ext=stretched_up + state_slope=flat,,,,,1d,,,,,,insample,False,False,,,,,,,,,,,,,,,,,,,,,,,,,,,,,,
state_unavailable,skip,XLF,nan_state_features,,,2026-07-28T03:46:11.425232+00:00,2026-07-28T03:46:19.426301+00:00,,,,,,,,state_ext=stretched_up + state_slope=flat,,,,,1d,,,,,,insample,,,2026-07-24 04:00:00+00:00,,{},,,,,,,,,,,,,,,,,,,,,,,,,,,
entry_signal,skip,XLK,no_state_data,,,2026-07-28T03:46:11.442147+00:00,2026-07-28T03:46:19.441963+00:00,,,,,,,no_state_data,cross_TLT_state_slope=uptrend + state_ext=neutral,,,,,1d,,,,,,insample,False,False,,,,,,,,,,,,,,,,,,,,,,,,,,,,,,
state_unavailable,skip,XLK,nan_state_features,,,2026-07-28T03:46:11.452435+00:00,2026-07-28T03:46:19.457350+00:00,,,,,,,,cross_TLT_state_slope=uptrend + state_ext=neutral,,,,,1d,,,,,,insample,,,2026-07-24 04:00:00+00:00,,{},,,,,,,,,,,,,,,,,,,,,,,,,,,
entry_signal,block,SPY,risk_gate,,,2026-07-28T03:46:19.409542+00:00,2026-07-28T03:46:19.472859+00:00,,,,,,,,state_session=afternoon + state_slope=downtrend,,,,,1h,,,,,,insample,True,False,2026-07-27 19:00:00+00:00,738.85,"{'state_ext': 'neutral', 'state_slope': 'downtrend', 'state_vol': 'mid_vol', 'state_volume': 'vol_quiet', 'state_session': 'afternoon', 'state_dow': 'Mon', 'state_utc_session': 'utc_us', 'state_weekpart': 'weekday', 'state_ret_1': 'ret_flat', 'state_ret_3': 'ret_up', 'state_ret_5': 'ret_down', 'state_ret_10': 'ret_flat', 'state_ret_20': 'ret_flat', 'state_atr_ext': 'atr_neutral', 'state_vol_regime': 'vol_regime_mid', 'state_trend_strength': 'mod_trend', 'state_gap': 'gap_flat', 'state_range_pos': 'range_low', 'state_ret_day': 'ret_day_flat', 'state_vol_day': 'vol_day_mid', 'state_funding': 'funding_neutral', 'state_oi': 'oi_flat', 'state_cot': 'cot_neutral', 'state_vix': 'vix_mid', 'state_breadth': 'breadth_weak', 'state_dxy': 'dxy_flat'}",,long,1.0,buy,738.85,state_slope=downtrend,5.0,2.0,SPY,gate_disabled,True,,,,conviction_with_vol_rail,1.0,1000.0,2.9728,1.0,100.0,14.0,"{'allowed': False, 'reasons': ['already have an open position in SPY'], 'details': {'symbol': 'SPY', 'qty': 1, 'price': 738.85, 'side': 'long', 'notional': 738.85, 'open_position_count': 1, 'today_realized_pnl': 0.0, 'risk_group': 'state_slope=downtrend', 'aggregate_risk': {'current_open_risk_dollars': 0.0, 'proposed_r_dollars': 5.95, 'projected_open_risk_dollars': 5.95, 'budget_dollars': 1999.05, 'max_aggregate_open_risk_pct': 0.02}, 'gross_notional': {'current_open_notional': 0.0, 'proposed_notional': 738.85, 'projected_open_notional': 738.85, 'budget_notional': 99952.62, 'target_leverage_multiple': 1.0}, 'margin_cushion': {'reason': 'margin cushion check inactive (missing buying_power/equity/multiple/cushion)'}, 'reconciliation_health': {'ok': True, 'total_order_ids': 33, 'resolved_order_ids': 33, 'unresolved_order_ids': [], 'errors': [], 'reason': 'ok'}}}",already have an open position in SPY,,,,
entry_signal,skip,XLF,no_state_data,,,2026-07-28T04:46:24.315773+00:00,2026-07-28T04:46:36.567156+00:00,,,,,,,no_state_data,state_ext=stretched_up + state_slope=flat,,,,,1d,,,,,,insample,False,False,,,,,,,,,,,,,,,,,,,,,,,,,,,,,,
state_unavailable,skip,XLF,nan_state_features,,,2026-07-28T04:46:24.327771+00:00,2026-07-28T04:46:36.589164+00:00,,,,,,,,state_ext=stretched_up + state_slope=flat,,,,,1d,,,,,,insample,,,2026-07-24 04:00:00+00:00,,{},,,,,,,,,,,,,,,,,,,,,,,,,,,
entry_signal,skip,XLK,no_state_data,,,2026-07-28T04:46:24.344977+00:00,2026-07-28T04:46:36.611727+00:00,,,,,,,no_state_data,cross_TLT_state_slope=uptrend + state_ext=neutral,,,,,1d,,,,,,insample,False,False,,,,,,,,,,,,,,,,,,,,,,,,,,,,,,
state_unavailable,skip,XLK,nan_state_features,,,2026-07-28T04:46:24.354404+00:00,2026-07-28T04:46:36.633117+00:00,,,,,,,,cross_TLT_state_slope=uptrend + state_ext=neutral,,,,,1d,,,,,,insample,,,2026-07-24 04:00:00+00:00,,{},,,,,,,,,,,,,,,,,,,,,,,,,,,
entry_signal,block,SPY,risk_gate,,,2026-07-28T04:46:36.566620+00:00,2026-07-28T04:46:36.655172+00:00,,,,,,,,state_session=afternoon + state_slope=downtrend,,,,,1h,,,,,,insample,True,False,2026-07-27 19:00:00+00:00,738.85,"{'state_ext': 'neutral', 'state_slope': 'downtrend', 'state_vol': 'mid_vol', 'state_volume': 'vol_quiet', 'state_session': 'afternoon', 'state_dow': 'Mon', 'state_utc_session': 'utc_us', 'state_weekpart': 'weekday', 'state_ret_1': 'ret_flat', 'state_ret_3': 'ret_up', 'state_ret_5': 'ret_down', 'state_ret_10': 'ret_flat', 'state_ret_20': 'ret_flat', 'state_atr_ext': 'atr_neutral', 'state_vol_regime': 'vol_regime_mid', 'state_trend_strength': 'mod_trend', 'state_gap': 'gap_flat', 'state_range_pos': 'range_low', 'state_ret_day': 'ret_day_flat', 'state_vol_day': 'vol_day_mid', 'state_funding': 'funding_neutral', 'state_oi': 'oi_flat', 'state_cot': 'cot_neutral', 'state_vix': 'vix_mid', 'state_breadth': 'breadth_weak', 'state_dxy': 'dxy_flat'}",,long,1.0,buy,738.85,state_slope=downtrend,5.0,2.0,SPY,gate_disabled,True,,,,conviction_with_vol_rail,1.0,1000.0,2.9728,1.0,100.0,14.0,"{'allowed': False, 'reasons': ['already have an open position in SPY'], 'details': {'symbol': 'SPY', 'qty': 1, 'price': 738.85, 'side': 'long', 'notional': 738.85, 'open_position_count': 1, 'today_realized_pnl': 0.0, 'risk_group': 'state_slope=downtrend', 'aggregate_risk': {'current_open_risk_dollars': 0.0, 'proposed_r_dollars': 5.95, 'projected_open_risk_dollars': 5.95, 'budget_dollars': 1999.05, 'max_aggregate_open_risk_pct': 0.02}, 'gross_notional': {'current_open_notional': 0.0, 'proposed_notional': 738.85, 'projected_open_notional': 738.85, 'budget_notional': 99952.62, 'target_leverage_multiple': 1.0}, 'margin_cushion': {'reason': 'margin cushion check inactive (missing buying_power/equity/multiple/cushion)'}, 'reconciliation_health': {'ok': True, 'total_order_ids': 33, 'resolved_order_ids': 33, 'unresolved_order_ids': [], 'errors': [], 'reason': 'ok'}}}",already have an open position in SPY,,,,
entry_signal,skip,XLF,no_state_data,,,2026-07-28T05:46:18.028591+00:00,2026-07-28T05:46:30.527917+00:00,,,,,,,no_state_data,state_ext=stretched_up + state_slope=flat,,,,,1d,,,,,,insample,False,False,,,,,,,,,,,,,,,,,,,,,,,,,,,,,,
state_unavailable,skip,XLF,nan_state_features,,,2026-07-28T05:46:18.042917+00:00,2026-07-28T05:46:30.550212+00:00,,,,,,,,state_ext=stretched_up + state_slope=flat,,,,,1d,,,,,,insample,,,2026-07-24 04:00:00+00:00,,{},,,,,,,,,,,,,,,,,,,,,,,,,,,
entry_signal,skip,XLK,no_state_data,,,2026-07-28T05:46:18.062166+00:00,2026-07-28T05:46:30.572007+00:00,,,,,,,no_state_data,cross_TLT_state_slope=uptrend + state_ext=neutral,,,,,1d,,,,,,insample,False,False,,,,,,,,,,,,,,,,,,,,,,,,,,,,,,
state_unavailable,skip,XLK,nan_state_features,,,2026-07-28T05:46:18.075716+00:00,2026-07-28T05:46:30.593273+00:00,,,,,,,,cross_TLT_state_slope=uptrend + state_ext=neutral,,,,,1d,,,,,,insample,,,2026-07-24 04:00:00+00:00,,{},,,,,,,,,,,,,,,,,,,,,,,,,,,
entry_signal,block,SPY,risk_gate,,,2026-07-28T05:46:30.526855+00:00,2026-07-28T05:46:30.614852+00:00,,,,,,,,state_session=afternoon + state_slope=downtrend,,,,,1h,,,,,,insample,True,False,2026-07-27 19:00:00+00:00,738.85,"{'state_ext': 'neutral', 'state_slope': 'downtrend', 'state_vol': 'mid_vol', 'state_volume': 'vol_quiet', 'state_session': 'afternoon', 'state_dow': 'Mon', 'state_utc_session': 'utc_us', 'state_weekpart': 'weekday', 'state_ret_1': 'ret_flat', 'state_ret_3': 'ret_up', 'state_ret_5': 'ret_down', 'state_ret_10': 'ret_flat', 'state_ret_20': 'ret_flat', 'state_atr_ext': 'atr_neutral', 'state_vol_regime': 'vol_regime_mid', 'state_trend_strength': 'mod_trend', 'state_gap': 'gap_flat', 'state_range_pos': 'range_low', 'state_ret_day': 'ret_day_flat', 'state_vol_day': 'vol_day_mid', 'state_funding': 'funding_neutral', 'state_oi': 'oi_flat', 'state_cot': 'cot_neutral', 'state_vix': 'vix_mid', 'state_breadth': 'breadth_weak', 'state_dxy': 'dxy_flat'}",,long,1.0,buy,738.85,state_slope=downtrend,5.0,2.0,SPY,gate_disabled,True,,,,conviction_with_vol_rail,1.0,1000.0,2.9728,1.0,100.0,14.0,"{'allowed': False, 'reasons': ['already have an open position in SPY'], 'details': {'symbol': 'SPY', 'qty': 1, 'price': 738.85, 'side': 'long', 'notional': 738.85, 'open_position_count': 1, 'today_realized_pnl': 0.0, 'risk_group': 'state_slope=downtrend', 'aggregate_risk': {'current_open_risk_dollars': 0.0, 'proposed_r_dollars': 5.95, 'projected_open_risk_dollars': 5.95, 'budget_dollars': 1999.05, 'max_aggregate_open_risk_pct': 0.02}, 'gross_notional': {'current_open_notional': 0.0, 'proposed_notional': 738.85, 'projected_open_notional': 738.85, 'budget_notional': 99952.62, 'target_leverage_multiple': 1.0}, 'margin_cushion': {'reason': 'margin cushion check inactive (missing buying_power/equity/multiple/cushion)'}, 'reconciliation_health': {'ok': True, 'total_order_ids': 33, 'resolved_order_ids': 33, 'unresolved_order_ids': [], 'errors': [], 'reason': 'ok'}}}",already have an open position in SPY,,,,
entry_signal,skip,XLF,no_state_data,,,2026-07-28T06:46:23.842288+00:00,2026-07-28T06:46:36.152881+00:00,,,,,,,no_state_data,state_ext=stretched_up + state_slope=flat,,,,,1d,,,,,,insample,False,False,,,,,,,,,,,,,,,,,,,,,,,,,,,,,,
state_unavailable,skip,XLF,nan_state_features,,,2026-07-28T06:46:23.852606+00:00,2026-07-28T06:46:36.176303+00:00,,,,,,,,state_ext=stretched_up + state_slope=flat,,,,,1d,,,,,,insample,,,2026-07-24 04:00:00+00:00,,{},,,,,,,,,,,,,,,,,,,,,,,,,,,
entry_signal,skip,XLK,no_state_data,,,2026-07-28T06:46:23.871227+00:00,2026-07-28T06:46:36.200015+00:00,,,,,,,no_state_data,cross_TLT_state_slope=uptrend + state_ext=neutral,,,,,1d,,,,,,insample,False,False,,,,,,,,,,,,,,,,,,,,,,,,,,,,,,
state_unavailable,skip,XLK,nan_state_features,,,2026-07-28T06:46:23.880992+00:00,2026-07-28T06:46:36.223284+00:00,,,,,,,,cross_TLT_state_slope=uptrend + state_ext=neutral,,,,,1d,,,,,,insample,,,2026-07-24 04:00:00+00:00,,{},,,,,,,,,,,,,,,,,,,,,,,,,,,
entry_signal,block,SPY,risk_gate,,,2026-07-28T06:46:36.151597+00:00,2026-07-28T06:46:36.246938+00:00,,,,,,,,state_session=afternoon + state_slope=downtrend,,,,,1h,,,,,,insample,True,False,2026-07-27 19:00:00+00:00,738.85,"{'state_ext': 'neutral', 'state_slope': 'downtrend', 'state_vol': 'mid_vol', 'state_volume': 'vol_quiet', 'state_session': 'afternoon', 'state_dow': 'Mon', 'state_utc_session': 'utc_us', 'state_weekpart': 'weekday', 'state_ret_1': 'ret_flat', 'state_ret_3': 'ret_up', 'state_ret_5': 'ret_down', 'state_ret_10': 'ret_flat', 'state_ret_20': 'ret_flat', 'state_atr_ext': 'atr_neutral', 'state_vol_regime': 'vol_regime_mid', 'state_trend_strength': 'mod_trend', 'state_gap': 'gap_flat', 'state_range_pos': 'range_low', 'state_ret_day': 'ret_day_flat', 'state_vol_day': 'vol_day_mid', 'state_funding': 'funding_neutral', 'state_oi': 'oi_flat', 'state_cot': 'cot_neutral', 'state_vix': 'vix_mid', 'state_breadth': 'breadth_weak', 'state_dxy': 'dxy_flat'}",,long,1.0,buy,738.85,state_slope=downtrend,5.0,2.0,SPY,gate_disabled,True,,,,conviction_with_vol_rail,1.0,1000.0,2.9728,1.0,100.0,14.0,"{'allowed': False, 'reasons': ['already have an open position in SPY'], 'details': {'symbol': 'SPY', 'qty': 1, 'price': 738.85, 'side': 'long', 'notional': 738.85, 'open_position_count': 1, 'today_realized_pnl': 0.0, 'risk_group': 'state_slope=downtrend', 'aggregate_risk': {'current_open_risk_dollars': 0.0, 'proposed_r_dollars': 5.95, 'projected_open_risk_dollars': 5.95, 'budget_dollars': 1999.05, 'max_aggregate_open_risk_pct': 0.02}, 'gross_notional': {'current_open_notional': 0.0, 'proposed_notional': 738.85, 'projected_open_notional': 738.85, 'budget_notional': 99952.62, 'target_leverage_multiple': 1.0}, 'margin_cushion': {'reason': 'margin cushion check inactive (missing buying_power/equity/multiple/cushion)'}, 'reconciliation_health': {'ok': True, 'total_order_ids': 33, 'resolved_order_ids': 33, 'unresolved_order_ids': [], 'errors': [], 'reason': 'ok'}}}",already have an open position in SPY,,,,
entry_signal,skip,XLF,no_state_data,,,2026-07-28T07:46:20.816962+00:00,2026-07-28T07:46:30.952758+00:00,,,,,,,no_state_data,state_ext=stretched_up + state_slope=flat,,,,,1d,,,,,,insample,False,False,,,,,,,,,,,,,,,,,,,,,,,,,,,,,,
state_unavailable,skip,XLF,nan_state_features,,,2026-07-28T07:46:20.829321+00:00,2026-07-28T07:46:30.975704+00:00,,,,,,,,state_ext=stretched_up + state_slope=flat,,,,,1d,,,,,,insample,,,2026-07-24 04:00:00+00:00,,{},,,,,,,,,,,,,,,,,,,,,,,,,,,
entry_signal,skip,XLK,no_state_data,,,2026-07-28T07:46:20.845374+00:00,2026-07-28T07:46:30.997931+00:00,,,,,,,no_state_data,cross_TLT_state_slope=uptrend + state_ext=neutral,,,,,1d,,,,,,insample,False,False,,,,,,,,,,,,,,,,,,,,,,,,,,,,,,
state_unavailable,skip,XLK,nan_state_features,,,2026-07-28T07:46:20.854908+00:00,2026-07-28T07:46:31.019350+00:00,,,,,,,,cross_TLT_state_slope=uptrend + state_ext=neutral,,,,,1d,,,,,,insample,,,2026-07-24 04:00:00+00:00,,{},,,,,,,,,,,,,,,,,,,,,,,,,,,
entry_signal,block,SPY,risk_gate,,,2026-07-28T07:46:30.952466+00:00,2026-07-28T07:46:31.041266+00:00,,,,,,,,state_session=afternoon + state_slope=downtrend,,,,,1h,,,,,,insample,True,False,2026-07-27 19:00:00+00:00,738.85,"{'state_ext': 'neutral', 'state_slope': 'downtrend', 'state_vol': 'mid_vol', 'state_volume': 'vol_quiet', 'state_session': 'afternoon', 'state_dow': 'Mon', 'state_utc_session': 'utc_us', 'state_weekpart': 'weekday', 'state_ret_1': 'ret_flat', 'state_ret_3': 'ret_up', 'state_ret_5': 'ret_down', 'state_ret_10': 'ret_flat', 'state_ret_20': 'ret_flat', 'state_atr_ext': 'atr_neutral', 'state_vol_regime': 'vol_regime_mid', 'state_trend_strength': 'mod_trend', 'state_gap': 'gap_flat', 'state_range_pos': 'range_low', 'state_ret_day': 'ret_day_flat', 'state_vol_day': 'vol_day_mid', 'state_funding': 'funding_neutral', 'state_oi': 'oi_flat', 'state_cot': 'cot_neutral', 'state_vix': 'vix_mid', 'state_breadth': 'breadth_weak', 'state_dxy': 'dxy_flat'}",,long,1.0,buy,738.85,state_slope=downtrend,5.0,2.0,SPY,gate_disabled,True,,,,conviction_with_vol_rail,1.0,1000.0,2.9728,1.0,100.0,14.0,"{'allowed': False, 'reasons': ['already have an open position in SPY'], 'details': {'symbol': 'SPY', 'qty': 1, 'price': 738.85, 'side': 'long', 'notional': 738.85, 'open_position_count': 1, 'today_realized_pnl': 0.0, 'risk_group': 'state_slope=downtrend', 'aggregate_risk': {'current_open_risk_dollars': 0.0, 'proposed_r_dollars': 5.95, 'projected_open_risk_dollars': 5.95, 'budget_dollars': 1999.05, 'max_aggregate_open_risk_pct': 0.02}, 'gross_notional': {'current_open_notional': 0.0, 'proposed_notional': 738.85, 'projected_open_notional': 738.85, 'budget_notional': 99952.6, 'target_leverage_multiple': 1.0}, 'margin_cushion': {'reason': 'margin cushion check inactive (missing buying_power/equity/multiple/cushion)'}, 'reconciliation_health': {'ok': True, 'total_order_ids': 33, 'resolved_order_ids': 33, 'unresolved_order_ids': [], 'errors': [], 'reason': 'ok'}}}",already have an open position in SPY,,,,
entry_signal,skip,XLF,no_state_data,,,2026-07-28T08:46:17.621854+00:00,2026-07-28T08:46:25.575676+00:00,,,,,,,no_state_data,state_ext=stretched_up + state_slope=flat,,,,,1d,,,,,,insample,False,False,,,,,,,,,,,,,,,,,,,,,,,,,,,,,,
state_unavailable,skip,XLF,nan_state_features,,,2026-07-28T08:46:17.630445+00:00,2026-07-28T08:46:25.602110+00:00,,,,,,,,state_ext=stretched_up + state_slope=flat,,,,,1d,,,,,,insample,,,2026-07-24 04:00:00+00:00,,{},,,,,,,,,,,,,,,,,,,,,,,,,,,
entry_signal,skip,XLK,no_state_data,,,2026-07-28T08:46:17.644094+00:00,2026-07-28T08:46:25.621889+00:00,,,,,,,no_state_data,cross_TLT_state_slope=uptrend + state_ext=neutral,,,,,1d,,,,,,insample,False,False,,,,,,,,,,,,,,,,,,,,,,,,,,,,,,
state_unavailable,skip,XLK,nan_state_features,,,2026-07-28T08:46:17.651301+00:00,2026-07-28T08:46:25.722974+00:00,,,,,,,,cross_TLT_state_slope=uptrend + state_ext=neutral,,,,,1d,,,,,,insample,,,2026-07-24 04:00:00+00:00,,{},,,,,,,,,,,,,,,,,,,,,,,,,,,
entry_signal,block,SPY,risk_gate,,,2026-07-28T08:46:25.574809+00:00,2026-07-28T08:46:25.761885+00:00,,,,,,,,state_session=afternoon + state_slope=downtrend,,,,,1h,,,,,,insample,True,False,2026-07-27 19:00:00+00:00,738.85,"{'state_ext': 'neutral', 'state_slope': 'downtrend', 'state_vol': 'mid_vol', 'state_volume': 'vol_quiet', 'state_session': 'afternoon', 'state_dow': 'Mon', 'state_utc_session': 'utc_us', 'state_weekpart': 'weekday', 'state_ret_1': 'ret_flat', 'state_ret_3': 'ret_up', 'state_ret_5': 'ret_down', 'state_ret_10': 'ret_flat', 'state_ret_20': 'ret_flat', 'state_atr_ext': 'atr_neutral', 'state_vol_regime': 'vol_regime_mid', 'state_trend_strength': 'mod_trend', 'state_gap': 'gap_flat', 'state_range_pos': 'range_low', 'state_ret_day': 'ret_day_flat', 'state_vol_day': 'vol_day_mid', 'state_funding': 'funding_neutral', 'state_oi': 'oi_flat', 'state_cot': 'cot_neutral', 'state_vix': 'vix_mid', 'state_breadth': 'breadth_weak', 'state_dxy': 'dxy_flat'}",,long,1.0,buy,738.85,state_slope=downtrend,5.0,2.0,SPY,gate_disabled,True,,,,conviction_with_vol_rail,1.0,1000.0,2.9728,1.0,100.0,14.0,"{'allowed': False, 'reasons': ['already have an open position in SPY'], 'details': {'symbol': 'SPY', 'qty': 1, 'price': 738.85, 'side': 'long', 'notional': 738.85, 'open_position_count': 1, 'today_realized_pnl': 0.0, 'risk_group': 'state_slope=downtrend', 'aggregate_risk': {'current_open_risk_dollars': 0.0, 'proposed_r_dollars': 5.95, 'projected_open_risk_dollars': 5.95, 'budget_dollars': 1999.05, 'max_aggregate_open_risk_pct': 0.02}, 'gross_notional': {'current_open_notional': 0.0, 'proposed_notional': 738.85, 'projected_open_notional': 738.85, 'budget_notional': 99952.6, 'target_leverage_multiple': 1.0}, 'margin_cushion': {'reason': 'margin cushion check inactive (missing buying_power/equity/multiple/cushion)'}, 'reconciliation_health': {'ok': True, 'total_order_ids': 33, 'resolved_order_ids': 33, 'unresolved_order_ids': [], 'errors': [], 'reason': 'ok'}}}",already have an open position in SPY,,,,
entry_signal,skip,XLF,no_state_data,,,2026-07-28T09:46:20.046841+00:00,2026-07-28T09:46:30.112761+00:00,,,,,,,no_state_data,state_ext=stretched_up + state_slope=flat,,,,,1d,,,,,,insample,False,False,,,,,,,,,,,,,,,,,,,,,,,,,,,,,,
state_unavailable,skip,XLF,nan_state_features,,,2026-07-28T09:46:20.057578+00:00,2026-07-28T09:46:30.135472+00:00,,,,,,,,state_ext=stretched_up + state_slope=flat,,,,,1d,,,,,,insample,,,2026-07-24 04:00:00+00:00,,{},,,,,,,,,,,,,,,,,,,,,,,,,,,
entry_signal,skip,XLK,no_state_data,,,2026-07-28T09:46:20.075729+00:00,2026-07-28T09:46:30.158221+00:00,,,,,,,no_state_data,cross_TLT_state_slope=uptrend + state_ext=neutral,,,,,1d,,,,,,insample,False,False,,,,,,,,,,,,,,,,,,,,,,,,,,,,,,
state_unavailable,skip,XLK,nan_state_features,,,2026-07-28T09:46:20.086912+00:00,2026-07-28T09:46:30.179936+00:00,,,,,,,,cross_TLT_state_slope=uptrend + state_ext=neutral,,,,,1d,,,,,,insample,,,2026-07-24 04:00:00+00:00,,{},,,,,,,,,,,,,,,,,,,,,,,,,,,
entry_signal,block,SPY,risk_gate,,,2026-07-28T09:46:30.112238+00:00,2026-07-28T09:46:30.202297+00:00,,,,,,,,state_session=afternoon + state_slope=downtrend,,,,,1h,,,,,,insample,True,False,2026-07-27 19:00:00+00:00,738.85,"{'state_ext': 'neutral', 'state_slope': 'downtrend', 'state_vol': 'mid_vol', 'state_volume': 'vol_quiet', 'state_session': 'afternoon', 'state_dow': 'Mon', 'state_utc_session': 'utc_us', 'state_weekpart': 'weekday', 'state_ret_1': 'ret_flat', 'state_ret_3': 'ret_up', 'state_ret_5': 'ret_down', 'state_ret_10': 'ret_flat', 'state_ret_20': 'ret_flat', 'state_atr_ext': 'atr_neutral', 'state_vol_regime': 'vol_regime_mid', 'state_trend_strength': 'mod_trend', 'state_gap': 'gap_flat', 'state_range_pos': 'range_low', 'state_ret_day': 'ret_day_flat', 'state_vol_day': 'vol_day_mid', 'state_funding': 'funding_neutral', 'state_oi': 'oi_flat', 'state_cot': 'cot_neutral', 'state_vix': 'vix_mid', 'state_breadth': 'breadth_weak', 'state_dxy': 'dxy_flat'}",,long,1.0,buy,738.85,state_slope=downtrend,5.0,2.0,SPY,gate_disabled,True,,,,conviction_with_vol_rail,1.0,1000.0,2.9728,1.0,100.0,14.0,"{'allowed': False, 'reasons': ['already have an open position in SPY'], 'details': {'symbol': 'SPY', 'qty': 1, 'price': 738.85, 'side': 'long', 'notional': 738.85, 'open_position_count': 1, 'today_realized_pnl': 0.0, 'risk_group': 'state_slope=downtrend', 'aggregate_risk': {'current_open_risk_dollars': 0.0, 'proposed_r_dollars': 5.95, 'projected_open_risk_dollars': 5.95, 'budget_dollars': 1999.05, 'max_aggregate_open_risk_pct': 0.02}, 'gross_notional': {'current_open_notional': 0.0, 'proposed_notional': 738.85, 'projected_open_notional': 738.85, 'budget_notional': 99952.6, 'target_leverage_multiple': 1.0}, 'margin_cushion': {'reason': 'margin cushion check inactive (missing buying_power/equity/multiple/cushion)'}, 'reconciliation_health': {'ok': True, 'total_order_ids': 33, 'resolved_order_ids': 33, 'unresolved_order_ids': [], 'errors': [], 'reason': 'ok'}}}",already have an open position in SPY,,,,
entry_signal,skip,XLF,no_state_data,,,2026-07-28T10:46:08.165997+00:00,2026-07-28T10:46:20.026539+00:00,,,,,,,no_state_data,state_ext=stretched_up + state_slope=flat,,,,,1d,,,,,,insample,False,False,,,,,,,,,,,,,,,,,,,,,,,,,,,,,,
state_unavailable,skip,XLF,nan_state_features,,,2026-07-28T10:46:08.175849+00:00,2026-07-28T10:46:20.050601+00:00,,,,,,,,state_ext=stretched_up + state_slope=flat,,,,,1d,,,,,,insample,,,2026-07-24 04:00:00+00:00,,{},,,,,,,,,,,,,,,,,,,,,,,,,,,
entry_signal,skip,XLK,no_state_data,,,2026-07-28T10:46:08.194267+00:00,2026-07-28T10:46:20.073373+00:00,,,,,,,no_state_data,cross_TLT_state_slope=uptrend + state_ext=neutral,,,,,1d,,,,,,insample,False,False,,,,,,,,,,,,,,,,,,,,,,,,,,,,,,
state_unavailable,skip,XLK,nan_state_features,,,2026-07-28T10:46:08.204484+00:00,2026-07-28T10:46:20.094697+00:00,,,,,,,,cross_TLT_state_slope=uptrend + state_ext=neutral,,,,,1d,,,,,,insample,,,2026-07-24 04:00:00+00:00,,{},,,,,,,,,,,,,,,,,,,,,,,,,,,
entry_signal,block,SPY,risk_gate,,,2026-07-28T10:46:20.025210+00:00,2026-07-28T10:46:20.116563+00:00,,,,,,,,state_session=afternoon + state_slope=downtrend,,,,,1h,,,,,,insample,True,False,2026-07-27 19:00:00+00:00,738.85,"{'state_ext': 'neutral', 'state_slope': 'downtrend', 'state_vol': 'mid_vol', 'state_volume': 'vol_quiet', 'state_session': 'afternoon', 'state_dow': 'Mon', 'state_utc_session': 'utc_us', 'state_weekpart': 'weekday', 'state_ret_1': 'ret_flat', 'state_ret_3': 'ret_up', 'state_ret_5': 'ret_down', 'state_ret_10': 'ret_flat', 'state_ret_20': 'ret_flat', 'state_atr_ext': 'atr_neutral', 'state_vol_regime': 'vol_regime_mid', 'state_trend_strength': 'mod_trend', 'state_gap': 'gap_flat', 'state_range_pos': 'range_low', 'state_ret_day': 'ret_day_flat', 'state_vol_day': 'vol_day_mid', 'state_funding': 'funding_neutral', 'state_oi': 'oi_flat', 'state_cot': 'cot_neutral', 'state_vix': 'vix_mid', 'state_breadth': 'breadth_weak', 'state_dxy': 'dxy_flat'}",,long,1.0,buy,738.85,state_slope=downtrend,5.0,2.0,SPY,gate_disabled,True,,,,conviction_with_vol_rail,1.0,1000.0,2.9728,1.0,100.0,14.0,"{'allowed': False, 'reasons': ['already have an open position in SPY'], 'details': {'symbol': 'SPY', 'qty': 1, 'price': 738.85, 'side': 'long', 'notional': 738.85, 'open_position_count': 1, 'today_realized_pnl': 0.0, 'risk_group': 'state_slope=downtrend', 'aggregate_risk': {'current_open_risk_dollars': 0.0, 'proposed_r_dollars': 5.95, 'projected_open_risk_dollars': 5.95, 'budget_dollars': 1999.05, 'max_aggregate_open_risk_pct': 0.02}, 'gross_notional': {'current_open_notional': 0.0, 'proposed_notional': 738.85, 'projected_open_notional': 738.85, 'budget_notional': 99952.6, 'target_leverage_multiple': 1.0}, 'margin_cushion': {'reason': 'margin cushion check inactive (missing buying_power/equity/multiple/cushion)'}, 'reconciliation_health': {'ok': True, 'total_order_ids': 33, 'resolved_order_ids': 33, 'unresolved_order_ids': [], 'errors': [], 'reason': 'ok'}}}",already have an open position in SPY,,,,
entry_signal,skip,XLF,no_state_data,,,2026-07-28T11:46:28.326895+00:00,2026-07-28T11:46:40.649162+00:00,,,,,,,no_state_data,state_ext=stretched_up + state_slope=flat,,,,,1d,,,,,,insample,False,False,,,,,,,,,,,,,,,,,,,,,,,,,,,,,,
state_unavailable,skip,XLF,nan_state_features,,,2026-07-28T11:46:28.337936+00:00,2026-07-28T11:46:40.672404+00:00,,,,,,,,state_ext=stretched_up + state_slope=flat,,,,,1d,,,,,,insample,,,2026-07-24 04:00:00+00:00,,{},,,,,,,,,,,,,,,,,,,,,,,,,,,
entry_signal,skip,XLK,no_state_data,,,2026-07-28T11:46:28.355021+00:00,2026-07-28T11:46:40.695040+00:00,,,,,,,no_state_data,cross_TLT_state_slope=uptrend + state_ext=neutral,,,,,1d,,,,,,insample,False,False,,,,,,,,,,,,,,,,,,,,,,,,,,,,,,
state_unavailable,skip,XLK,nan_state_features,,,2026-07-28T11:46:28.364201+00:00,2026-07-28T11:46:40.717582+00:00,,,,,,,,cross_TLT_state_slope=uptrend + state_ext=neutral,,,,,1d,,,,,,insample,,,2026-07-24 04:00:00+00:00,,{},,,,,,,,,,,,,,,,,,,,,,,,,,,
entry_signal,block,SPY,risk_gate,,,2026-07-28T11:46:40.648651+00:00,2026-07-28T11:46:40.740581+00:00,,,,,,,,state_session=afternoon + state_slope=downtrend,,,,,1h,,,,,,insample,True,False,2026-07-27 19:00:00+00:00,738.85,"{'state_ext': 'neutral', 'state_slope': 'downtrend', 'state_vol': 'mid_vol', 'state_volume': 'vol_quiet', 'state_session': 'afternoon', 'state_dow': 'Mon', 'state_utc_session': 'utc_us', 'state_weekpart': 'weekday', 'state_ret_1': 'ret_flat', 'state_ret_3': 'ret_up', 'state_ret_5': 'ret_down', 'state_ret_10': 'ret_flat', 'state_ret_20': 'ret_flat', 'state_atr_ext': 'atr_neutral', 'state_vol_regime': 'vol_regime_mid', 'state_trend_strength': 'mod_trend', 'state_gap': 'gap_flat', 'state_range_pos': 'range_low', 'state_ret_day': 'ret_day_flat', 'state_vol_day': 'vol_day_mid', 'state_funding': 'funding_neutral', 'state_oi': 'oi_flat', 'state_cot': 'cot_neutral', 'state_vix': 'vix_mid', 'state_breadth': 'breadth_weak', 'state_dxy': 'dxy_flat'}",,long,1.0,buy,738.85,state_slope=downtrend,5.0,2.0,SPY,gate_disabled,True,,,,conviction_with_vol_rail,1.0,1000.0,2.9728,1.0,100.0,14.0,"{'allowed': False, 'reasons': ['already have an open position in SPY'], 'details': {'symbol': 'SPY', 'qty': 1, 'price': 738.85, 'side': 'long', 'notional': 738.85, 'open_position_count': 1, 'today_realized_pnl': 0.0, 'risk_group': 'state_slope=downtrend', 'aggregate_risk': {'current_open_risk_dollars': 0.0, 'proposed_r_dollars': 5.95, 'projected_open_risk_dollars': 5.95, 'budget_dollars': 1999.05, 'max_aggregate_open_risk_pct': 0.02}, 'gross_notional': {'current_open_notional': 0.0, 'proposed_notional': 738.85, 'projected_open_notional': 738.85, 'budget_notional': 99952.6, 'target_leverage_multiple': 1.0}, 'margin_cushion': {'reason': 'margin cushion check inactive (missing buying_power/equity/multiple/cushion)'}, 'reconciliation_health': {'ok': True, 'total_order_ids': 33, 'resolved_order_ids': 33, 'unresolved_order_ids': [], 'errors': [], 'reason': 'ok'}}}",already have an open position in SPY,,,,
entry_signal,skip,XLF,no_state_data,,,2026-07-28T12:46:08.817310+00:00,2026-07-28T12:46:18.821788+00:00,,,,,,,no_state_data,state_ext=stretched_up + state_slope=flat,,,,,1d,,,,,,insample,False,False,,,,,,,,,,,,,,,,,,,,,,,,,,,,,,
state_unavailable,skip,XLF,nan_state_features,,,2026-07-28T12:46:08.827282+00:00,2026-07-28T12:46:18.844076+00:00,,,,,,,,state_ext=stretched_up + state_slope=flat,,,,,1d,,,,,,insample,,,2026-07-24 04:00:00+00:00,,{},,,,,,,,,,,,,,,,,,,,,,,,,,,
entry_signal,skip,XLK,no_state_data,,,2026-07-28T12:46:08.842765+00:00,2026-07-28T12:46:18.866094+00:00,,,,,,,no_state_data,cross_TLT_state_slope=uptrend + state_ext=neutral,,,,,1d,,,,,,insample,False,False,,,,,,,,,,,,,,,,,,,,,,,,,,,,,,
state_unavailable,skip,XLK,nan_state_features,,,2026-07-28T12:46:08.852980+00:00,2026-07-28T12:46:18.887571+00:00,,,,,,,,cross_TLT_state_slope=uptrend + state_ext=neutral,,,,,1d,,,,,,insample,,,2026-07-24 04:00:00+00:00,,{},,,,,,,,,,,,,,,,,,,,,,,,,,,
entry_signal,block,SPY,risk_gate,,,2026-07-28T12:46:18.821516+00:00,2026-07-28T12:46:18.909635+00:00,,,,,,,,state_session=afternoon + state_slope=downtrend,,,,,1h,,,,,,insample,True,False,2026-07-27 19:00:00+00:00,738.85,"{'state_ext': 'neutral', 'state_slope': 'downtrend', 'state_vol': 'mid_vol', 'state_volume': 'vol_quiet', 'state_session': 'afternoon', 'state_dow': 'Mon', 'state_utc_session': 'utc_us', 'state_weekpart': 'weekday', 'state_ret_1': 'ret_flat', 'state_ret_3': 'ret_up', 'state_ret_5': 'ret_down', 'state_ret_10': 'ret_flat', 'state_ret_20': 'ret_flat', 'state_atr_ext': 'atr_neutral', 'state_vol_regime': 'vol_regime_mid', 'state_trend_strength': 'mod_trend', 'state_gap': 'gap_flat', 'state_range_pos': 'range_low', 'state_ret_day': 'ret_day_flat', 'state_vol_day': 'vol_day_mid', 'state_funding': 'funding_neutral', 'state_oi': 'oi_flat', 'state_cot': 'cot_neutral', 'state_vix': 'vix_mid', 'state_breadth': 'breadth_weak', 'state_dxy': 'dxy_flat'}",,long,1.0,buy,738.85,state_slope=downtrend,5.0,2.0,SPY,gate_disabled,True,,,,conviction_with_vol_rail,1.0,1000.0,2.9728,1.0,100.0,14.0,"{'allowed': False, 'reasons': ['already have an open position in SPY'], 'details': {'symbol': 'SPY', 'qty': 1, 'price': 738.85, 'side': 'long', 'notional': 738.85, 'open_position_count': 1, 'today_realized_pnl': 0.0, 'risk_group': 'state_slope=downtrend', 'aggregate_risk': {'current_open_risk_dollars': 0.0, 'proposed_r_dollars': 5.95, 'projected_open_risk_dollars': 5.95, 'budget_dollars': 1999.05, 'max_aggregate_open_risk_pct': 0.02}, 'gross_notional': {'current_open_notional': 0.0, 'proposed_notional': 738.85, 'projected_open_notional': 738.85, 'budget_notional': 99952.6, 'target_leverage_multiple': 1.0}, 'margin_cushion': {'reason': 'margin cushion check inactive (missing buying_power/equity/multiple/cushion)'}, 'reconciliation_health': {'ok': True, 'total_order_ids': 33, 'resolved_order_ids': 33, 'unresolved_order_ids': [], 'errors': [], 'reason': 'ok'}}}",already have an open position in SPY,,,,
exit_intent,exit,AMAT,stable filter broken: state_ext= (expected stretched_down); state_ret_5=ret_up (expected ret_down),,8430615c-a050-4c13-9ff1-a8831976bb83,2026-07-28T13:46:30.096317+00:00,2026-07-28T13:46:45.818497+00:00,,,,,,pending_new,,state_ext=stretched_down + state_ret_5=ret_down,state_ext=stretched_down + state_ret_5=ret_down,"{'state_ext': '', 'state_ret_5': 'ret_up'}",0.0,5.0,1d,False,paper_trade_log_enter,,,,,,,,,,,,,,,,,,,,,,,,,,,,,,,,,,,,
exit_intent,exit,ASML,stable filter broken: state_ext= (expected stretched_down),,68aa48cc-969d-45d2-8deb-dcd16170952e,2026-07-28T13:46:30.096332+00:00,2026-07-28T13:46:46.396581+00:00,,,,,,pending_new,,cross_USO_state_vol=high_vol + state_ext=stretched_down,cross_USO_state_vol=high_vol + state_ext=stretched_down,"{'cross_USO_state_vol': 'high_vol', 'state_ext': ''}",0.0,5.0,1d,False,paper_trade_log_enter,,,,,,,,,,,,,,,,,,,,,,,,,,,,,,,,,,,,
exit_intent,exit,KLAC,stable filter broken: state_ext= (expected stretched_down); state_slope= (expected downtrend),,1e961e74-eef9-41f2-8a3c-385a563efe82,2026-07-28T13:46:30.096338+00:00,2026-07-28T13:46:46.971936+00:00,,,,,,pending_new,,state_ext=stretched_down + state_slope=downtrend + state_vol=high_vol,state_ext=stretched_down + state_slope=downtrend + state_vol=high_vol,"{'state_ext': '', 'state_slope': '', 'state_vol': 'high_vol'}",0.0,5.0,1d,False,paper_trade_log_enter,,,,,,,,,,,,,,,,,,,,,,,,,,,,,,,,,,,,
exit_intent,exit,LRCX,stable filter broken: state_ext= (expected stretched_down); state_slope= (expected downtrend),,3b4db078-67f7-45bd-b5ea-287a62edcfa8,2026-07-28T13:46:30.096342+00:00,2026-07-28T13:46:47.584508+00:00,,,,,,pending_new,,state_volume=vol_normal + state_ext=stretched_down + state_slope=downtrend,state_volume=vol_normal + state_ext=stretched_down + state_slope=downtrend,"{'state_volume': 'vol_normal', 'state_ext': '', 'state_slope': ''}",0.0,5.0,1d,False,paper_trade_log_enter,,,,,,,,,,,,,,,,,,,,,,,,,,,,,,,,,,,,
exit_intent,exit,XLK,stable filter broken: state_ext= (expected stretched_down); state_ret_1=ret_flat (expected ret_down),,74c4a9b1-d708-4897-b1e4-55b7f828a45f,2026-07-28T13:46:30.096349+00:00,2026-07-28T13:46:48.189424+00:00,,,,,,pending_new,,state_ext=stretched_down + state_ret_1=ret_down,state_ext=stretched_down + state_ret_1=ret_down,"{'state_ext': '', 'state_ret_1': 'ret_flat'}",0.0,5.0,1d,False,paper_trade_log_enter,,,,,,,,,,,,,,,,,,,,,,,,,,,,,,,,,,,,
stop_intent,stop_pending,AMAT,"no ATR available for AMAT (1d); cannot compute initial stop this scan, will retry",,,2026-07-28T13:46:32.813630+00:00,2026-07-28T13:46:48.211222+00:00,,,,,,,,,,,,,,,,,,,,,,,,,,,,,,,,,,,,,,,,,,,,,,,,,,,
stop_intent,stop_pending,ASML,"no ATR available for ASML (1d); cannot compute initial stop this scan, will retry",,,2026-07-28T13:46:32.813642+00:00,2026-07-28T13:46:48.232107+00:00,,,,,,,,,,,,,,,,,,,,,,,,,,,,,,,,,,,,,,,,,,,,,,,,,,,
stop_intent,stop_pending,KLAC,"no ATR available for KLAC (1d); cannot compute initial stop this scan, will retry",,,2026-07-28T13:46:32.813646+00:00,2026-07-28T13:46:48.253003+00:00,,,,,,,,,,,,,,,,,,,,,,,,,,,,,,,,,,,,,,,,,,,,,,,,,,,
stop_intent,stop_pending,LRCX,"no ATR available for LRCX (1d); cannot compute initial stop this scan, will retry",,,2026-07-28T13:46:32.813650+00:00,2026-07-28T13:46:48.273786+00:00,,,,,,,,,,,,,,,,,,,,,,,,,,,,,,,,,,,,,,,,,,,,,,,,,,,
stop_intent,stop_attached,SPY,,732.4544,f14afe82-2045-488e-83c1-de2c3dedb51d,2026-07-28T13:46:32.813654+00:00,2026-07-28T13:46:48.294693+00:00,,,,,,,,,,,,,,,,5.9456,5.95,2.9728,,,,,,,,,,,,,,,,,,,,,,,,,,,,,,,,,
stop_intent,stop_pending,XLK,"no ATR available for XLK (1d); cannot compute initial stop this scan, will retry",,,2026-07-28T13:46:32.813657+00:00,2026-07-28T13:46:48.315712+00:00,,,,,,,,,,,,,,,,,,,,,,,,,,,,,,,,,,,,,,,,,,,,,,,,,,,
entry_signal,skip,XLF,no_state_data,,,2026-07-28T13:46:32.827739+00:00,2026-07-28T13:46:48.336540+00:00,,,,,,,no_state_data,state_ext=stretched_up + state_slope=flat,,,,,1d,,,,,,insample,False,False,,,,,,,,,,,,,,,,,,,,,,,,,,,,,,
state_unavailable,skip,XLF,nan_state_features,,,2026-07-28T13:46:32.835514+00:00,2026-07-28T13:46:48.358115+00:00,,,,,,,,state_ext=stretched_up + state_slope=flat,,,,,1d,,,,,,insample,,,2026-07-24 04:00:00+00:00,,{},,,,,,,,,,,,,,,,,,,,,,,,,,,
entry_signal,skip,XLK,no_state_data,,,2026-07-28T13:46:32.849308+00:00,2026-07-28T13:46:48.380010+00:00,,,,,,,no_state_data,cross_TLT_state_slope=uptrend + state_ext=neutral,,,,,1d,,,,,,insample,False,False,,,,,,,,,,,,,,,,,,,,,,,,,,,,,,
state_unavailable,skip,XLK,nan_state_features,,,2026-07-28T13:46:32.857150+00:00,2026-07-28T13:46:48.401591+00:00,,,,,,,,cross_TLT_state_slope=uptrend + state_ext=neutral,,,,,1d,,,,,,insample,,,2026-07-24 04:00:00+00:00,,{},,,,,,,,,,,,,,,,,,,,,,,,,,,
entry_signal,block,SPY,risk_gate,,,2026-07-28T13:46:45.216699+00:00,2026-07-28T13:46:48.423399+00:00,,,,,,,,state_session=afternoon + state_slope=downtrend,,,,,1h,,,,,,insample,True,False,2026-07-27 19:00:00+00:00,738.85,"{'state_ext': 'neutral', 'state_slope': 'downtrend', 'state_vol': 'mid_vol', 'state_volume': 'vol_quiet', 'state_session': 'afternoon', 'state_dow': 'Mon', 'state_utc_session': 'utc_us', 'state_weekpart': 'weekday', 'state_ret_1': 'ret_flat', 'state_ret_3': 'ret_up', 'state_ret_5': 'ret_down', 'state_ret_10': 'ret_flat', 'state_ret_20': 'ret_flat', 'state_atr_ext': 'atr_neutral', 'state_vol_regime': 'vol_regime_mid', 'state_trend_strength': 'mod_trend', 'state_gap': 'gap_flat', 'state_range_pos': 'range_low', 'state_ret_day': 'ret_day_flat', 'state_vol_day': 'vol_day_mid', 'state_funding': 'funding_neutral', 'state_oi': 'oi_flat', 'state_cot': 'cot_neutral', 'state_vix': 'vix_mid', 'state_breadth': 'breadth_weak', 'state_dxy': 'dxy_flat'}",,long,1.0,buy,738.85,state_slope=downtrend,5.0,2.0,SPY,gate_disabled,True,,,,conviction_with_vol_rail,1.0,1000.0,2.9728,1.0,100.0,14.0,"{'allowed': False, 'reasons': ['already have an open position in SPY'], 'details': {'symbol': 'SPY', 'qty': 1, 'price': 738.85, 'side': 'long', 'notional': 738.85, 'open_position_count': 2, 'today_realized_pnl': 0.0, 'risk_group': 'state_slope=downtrend', 'aggregate_risk': {'current_open_risk_dollars': 5.95, 'proposed_r_dollars': 5.95, 'projected_open_risk_dollars': 11.89, 'budget_dollars': 1997.32, 'max_aggregate_open_risk_pct': 0.02}, 'gross_notional': {'current_open_notional': 1579.17, 'proposed_notional': 738.85, 'projected_open_notional': 2318.02, 'budget_notional': 99865.85, 'target_leverage_multiple': 1.0}, 'margin_cushion': {'reason': 'margin cushion check inactive (missing buying_power/equity/multiple/cushion)'}, 'reconciliation_health': {'ok': True, 'total_order_ids': 33, 'resolved_order_ids': 33, 'unresolved_order_ids': [], 'errors': [], 'reason': 'ok'}}}",already have an open position in SPY,,,,
stop_intent,stop_unchanged,SPY,,732.4544,,2026-07-28T14:46:24.072656+00:00,2026-07-28T14:46:33.643915+00:00,initial,1.0,-0.01,,,,,,,,,,,,,,,,,,,,,,,,,,,,,,,,,,,,,,,,,,,,,,,,
entry_signal,skip,XLF,no_state_data,,,2026-07-28T14:46:24.087095+00:00,2026-07-28T14:46:33.665307+00:00,,,,,,,no_state_data,state_ext=stretched_up + state_slope=flat,,,,,1d,,,,,,insample,False,False,,,,,,,,,,,,,,,,,,,,,,,,,,,,,,
state_unavailable,skip,XLF,nan_state_features,,,2026-07-28T14:46:24.094779+00:00,2026-07-28T14:46:33.686489+00:00,,,,,,,,state_ext=stretched_up + state_slope=flat,,,,,1d,,,,,,insample,,,2026-07-24 04:00:00+00:00,,{},,,,,,,,,,,,,,,,,,,,,,,,,,,
entry_signal,skip,XLK,no_state_data,,,2026-07-28T14:46:24.108036+00:00,2026-07-28T14:46:33.708428+00:00,,,,,,,no_state_data,cross_TLT_state_slope=uptrend + state_ext=neutral,,,,,1d,,,,,,insample,False,False,,,,,,,,,,,,,,,,,,,,,,,,,,,,,,
state_unavailable,skip,XLK,nan_state_features,,,2026-07-28T14:46:24.115902+00:00,2026-07-28T14:46:33.729279+00:00,,,,,,,,cross_TLT_state_slope=uptrend + state_ext=neutral,,,,,1d,,,,,,insample,,,2026-07-24 04:00:00+00:00,,{},,,,,,,,,,,,,,,,,,,,,,,,,,,
entry_signal,block,SPY,risk_gate,,,2026-07-28T14:46:33.643591+00:00,2026-07-28T14:46:33.750397+00:00,,,,,,,,state_session=afternoon + state_slope=downtrend,,,,,1h,,,,,,insample,True,False,2026-07-27 19:00:00+00:00,738.85,"{'state_ext': 'neutral', 'state_slope': 'downtrend', 'state_vol': 'mid_vol', 'state_volume': 'vol_quiet', 'state_session': 'afternoon', 'state_dow': 'Mon', 'state_utc_session': 'utc_us', 'state_weekpart': 'weekday', 'state_ret_1': 'ret_flat', 'state_ret_3': 'ret_up', 'state_ret_5': 'ret_down', 'state_ret_10': 'ret_flat', 'state_ret_20': 'ret_flat', 'state_atr_ext': 'atr_neutral', 'state_vol_regime': 'vol_regime_mid', 'state_trend_strength': 'mod_trend', 'state_gap': 'gap_flat', 'state_range_pos': 'range_low', 'state_ret_day': 'ret_day_flat', 'state_vol_day': 'vol_day_mid', 'state_funding': 'funding_neutral', 'state_oi': 'oi_flat', 'state_cot': 'cot_neutral', 'state_vix': 'vix_mid', 'state_breadth': 'breadth_weak', 'state_dxy': 'dxy_flat'}",,long,1.0,buy,738.85,state_slope=downtrend,5.0,2.0,SPY,gate_disabled,True,,,,conviction_with_vol_rail,1.0,1000.0,2.9728,1.0,100.0,14.0,"{'allowed': False, 'reasons': ['already have an open position in SPY'], 'details': {'symbol': 'SPY', 'qty': 1, 'price': 738.85, 'side': 'long', 'notional': 738.85, 'open_position_count': 2, 'today_realized_pnl': -89.04000099999996, 'risk_group': 'state_slope=downtrend', 'aggregate_risk': {'current_open_risk_dollars': 5.95, 'proposed_r_dollars': 5.95, 'projected_open_risk_dollars': 11.89, 'budget_dollars': 1997.27, 'max_aggregate_open_risk_pct': 0.02}, 'gross_notional': {'current_open_notional': 738.34, 'proposed_notional': 738.85, 'projected_open_notional': 1477.19, 'budget_notional': 99863.43, 'target_leverage_multiple': 1.0}, 'margin_cushion': {'reason': 'margin cushion check inactive (missing buying_power/equity/multiple/cushion)'}, 'reconciliation_health': {'ok': True, 'total_order_ids': 39, 'resolved_order_ids': 39, 'unresolved_order_ids': [], 'errors': [], 'reason': 'ok'}}}",already have an open position in SPY,,,,
exit_intent,exit,KLAC,stable filter broken: state_slope= (expected downtrend),,d7e1bf3c-f61d-479d-b91b-364d500edc15,2026-07-28T15:46:19.471302+00:00,2026-07-28T15:46:29.668462+00:00,,,,,,pending_new,,state_slope=downtrend + state_vol=high_vol,state_slope=downtrend + state_vol=high_vol,"{'state_slope': '', 'state_vol': 'high_vol'}",0.0,5.0,1d,False,paper_trade_log_enter,,,,,,,,,,,,,,,,,,,,,,,,,,,,,,,,,,,,
exit_intent,exit,LRCX,stable filter broken: state_slope= (expected downtrend),,4b71de7d-7ce2-4b7d-8d90-37ddfb4b5161,2026-07-28T15:46:19.471319+00:00,2026-07-28T15:46:29.843989+00:00,,,,,,pending_new,,state_volume=vol_normal + state_slope=downtrend,state_volume=vol_normal + state_slope=downtrend,"{'state_volume': 'vol_normal', 'state_slope': ''}",0.0,5.0,1d,False,paper_trade_log_enter,,,,,,,,,,,,,,,,,,,,,,,,,,,,,,,,,,,,
stop_intent,stop_pending,KLAC,"no ATR available for KLAC (1d); cannot compute initial stop this scan, will retry",,,2026-07-28T15:46:19.654832+00:00,2026-07-28T15:46:29.867358+00:00,,,,,,,,,,,,,,,,,,,,,,,,,,,,,,,,,,,,,,,,,,,,,,,,,,,
stop_intent,stop_pending,LRCX,"no ATR available for LRCX (1d); cannot compute initial stop this scan, will retry",,,2026-07-28T15:46:19.654839+00:00,2026-07-28T15:46:29.889440+00:00,,,,,,,,,,,,,,,,,,,,,,,,,,,,,,,,,,,,,,,,,,,,,,,,,,,
stop_intent,stop_unchanged,SPY,,732.4544,,2026-07-28T15:46:19.654844+00:00,2026-07-28T15:46:29.911466+00:00,initial,1.0,0.618,,,,,,,,,,,,,,,,,,,,,,,,,,,,,,,,,,,,,,,,,,,,,,,,
entry_signal,skip,XLF,no_state_data,,,2026-07-28T15:46:19.697468+00:00,2026-07-28T15:46:29.933482+00:00,,,,,,,no_state_data,state_ext=stretched_up + state_slope=flat,,,,,1d,,,,,,insample,False,False,,,,,,,,,,,,,,,,,,,,,,,,,,,,,,
state_unavailable,skip,XLF,nan_state_features,,,2026-07-28T15:46:19.705989+00:00,2026-07-28T15:46:29.955982+00:00,,,,,,,,state_ext=stretched_up + state_slope=flat,,,,,1d,,,,,,insample,,,2026-07-24 04:00:00+00:00,,{},,,,,,,,,,,,,,,,,,,,,,,,,,,
entry_signal,skip,XLK,no_state_data,,,2026-07-28T15:46:19.719570+00:00,2026-07-28T15:46:29.978889+00:00,,,,,,,no_state_data,cross_TLT_state_slope=uptrend + state_ext=neutral,,,,,1d,,,,,,insample,False,False,,,,,,,,,,,,,,,,,,,,,,,,,,,,,,
state_unavailable,skip,XLK,nan_state_features,,,2026-07-28T15:46:19.727195+00:00,2026-07-28T15:46:30.001445+00:00,,,,,,,,cross_TLT_state_slope=uptrend + state_ext=neutral,,,,,1d,,,,,,insample,,,2026-07-24 04:00:00+00:00,,{},,,,,,,,,,,,,,,,,,,,,,,,,,,
entry_signal,block,SPY,risk_gate,,,2026-07-28T15:46:29.549616+00:00,2026-07-28T15:46:30.024533+00:00,,,,,,,,state_session=afternoon + state_slope=downtrend,,,,,1h,,,,,,insample,True,False,2026-07-27 19:00:00+00:00,738.85,"{'state_ext': 'neutral', 'state_slope': 'downtrend', 'state_vol': 'mid_vol', 'state_volume': 'vol_quiet', 'state_session': 'afternoon', 'state_dow': 'Mon', 'state_utc_session': 'utc_us', 'state_weekpart': 'weekday', 'state_ret_1': 'ret_flat', 'state_ret_3': 'ret_up', 'state_ret_5': 'ret_down', 'state_ret_10': 'ret_flat', 'state_ret_20': 'ret_flat', 'state_atr_ext': 'atr_neutral', 'state_vol_regime': 'vol_regime_mid', 'state_trend_strength': 'mod_trend', 'state_gap': 'gap_flat', 'state_range_pos': 'range_low', 'state_ret_day': 'ret_day_flat', 'state_vol_day': 'vol_day_mid', 'state_funding': 'funding_neutral', 'state_oi': 'oi_flat', 'state_cot': 'cot_neutral', 'state_vix': 'vix_mid', 'state_breadth': 'breadth_weak', 'state_dxy': 'dxy_flat'}",,long,1.0,buy,738.85,state_slope=downtrend,5.0,2.0,SPY,gate_disabled,True,,,,conviction_with_vol_rail,1.0,1000.0,2.9728,1.0,100.0,14.0,"{'allowed': False, 'reasons': ['already have an open position in SPY'], 'details': {'symbol': 'SPY', 'qty': 1, 'price': 738.85, 'side': 'long', 'notional': 738.85, 'open_position_count': 2, 'today_realized_pnl': -89.04000099999996, 'risk_group': 'state_slope=downtrend', 'aggregate_risk': {'current_open_risk_dollars': 5.95, 'proposed_r_dollars': 5.95, 'projected_open_risk_dollars': 11.89, 'budget_dollars': 1997.76, 'max_aggregate_open_risk_pct': 0.02}, 'gross_notional': {'current_open_notional': 742.08, 'proposed_notional': 738.85, 'projected_open_notional': 1480.93, 'budget_notional': 99888.2, 'target_leverage_multiple': 1.0}, 'margin_cushion': {'reason': 'margin cushion check inactive (missing buying_power/equity/multiple/cushion)'}, 'reconciliation_health': {'ok': True, 'total_order_ids': 39, 'resolved_order_ids': 39, 'unresolved_order_ids': [], 'errors': [], 'reason': 'ok'}}}",already have an open position in SPY,,,,
stop_intent,stop_unchanged,SPY,,732.4544,,2026-07-28T16:46:19.166053+00:00,2026-07-28T16:46:31.235886+00:00,initial,1.0,0.587,,,,,,,,,,,,,,,,,,,,,,,,,,,,,,,,,,,,,,,,,,,,,,,,
entry_signal,skip,XLF,no_state_data,,,2026-07-28T16:46:19.181176+00:00,2026-07-28T16:46:31.258615+00:00,,,,,,,no_state_data,state_ext=stretched_up + state_slope=flat,,,,,1d,,,,,,insample,False,False,,,,,,,,,,,,,,,,,,,,,,,,,,,,,,
state_unavailable,skip,XLF,nan_state_features,,,2026-07-28T16:46:19.189680+00:00,2026-07-28T16:46:31.281133+00:00,,,,,,,,state_ext=stretched_up + state_slope=flat,,,,,1d,,,,,,insample,,,2026-07-24 04:00:00+00:00,,{},,,,,,,,,,,,,,,,,,,,,,,,,,,
entry_signal,skip,XLK,no_state_data,,,2026-07-28T16:46:19.204508+00:00,2026-07-28T16:46:31.304100+00:00,,,,,,,no_state_data,cross_TLT_state_slope=uptrend + state_ext=neutral,,,,,1d,,,,,,insample,False,False,,,,,,,,,,,,,,,,,,,,,,,,,,,,,,
state_unavailable,skip,XLK,nan_state_features,,,2026-07-28T16:46:19.212862+00:00,2026-07-28T16:46:31.327847+00:00,,,,,,,,cross_TLT_state_slope=uptrend + state_ext=neutral,,,,,1d,,,,,,insample,,,2026-07-24 04:00:00+00:00,,{},,,,,,,,,,,,,,,,,,,,,,,,,,,
entry_signal,block,SPY,risk_gate,,,2026-07-28T16:46:31.235303+00:00,2026-07-28T16:46:31.351470+00:00,,,,,,,,state_session=afternoon + state_slope=downtrend,,,,,1h,,,,,,insample,True,False,2026-07-27 19:00:00+00:00,738.85,"{'state_ext': 'neutral', 'state_slope': 'downtrend', 'state_vol': 'mid_vol', 'state_volume': 'vol_quiet', 'state_session': 'afternoon', 'state_dow': 'Mon', 'state_utc_session': 'utc_us', 'state_weekpart': 'weekday', 'state_ret_1': 'ret_flat', 'state_ret_3': 'ret_up', 'state_ret_5': 'ret_down', 'state_ret_10': 'ret_flat', 'state_ret_20': 'ret_flat', 'state_atr_ext': 'atr_neutral', 'state_vol_regime': 'vol_regime_mid', 'state_trend_strength': 'mod_trend', 'state_gap': 'gap_flat', 'state_range_pos': 'range_low', 'state_ret_day': 'ret_day_flat', 'state_vol_day': 'vol_day_mid', 'state_funding': 'funding_neutral', 'state_oi': 'oi_flat', 'state_cot': 'cot_neutral', 'state_vix': 'vix_mid', 'state_breadth': 'breadth_weak', 'state_dxy': 'dxy_flat'}",,long,1.0,buy,738.85,state_slope=downtrend,5.0,2.0,SPY,gate_disabled,True,,,,conviction_with_vol_rail,1.0,1000.0,2.9728,1.0,100.0,14.0,"{'allowed': False, 'reasons': ['already have an open position in SPY'], 'details': {'symbol': 'SPY', 'qty': 1, 'price': 738.85, 'side': 'long', 'notional': 738.85, 'open_position_count': 2, 'today_realized_pnl': -65.40000099999992, 'risk_group': 'state_slope=downtrend', 'aggregate_risk': {'current_open_risk_dollars': 5.95, 'proposed_r_dollars': 5.95, 'projected_open_risk_dollars': 11.89, 'budget_dollars': 1997.81, 'max_aggregate_open_risk_pct': 0.02}, 'gross_notional': {'current_open_notional': 741.89, 'proposed_notional': 738.85, 'projected_open_notional': 1480.74, 'budget_notional': 99890.68, 'target_leverage_multiple': 1.0}, 'margin_cushion': {'reason': 'margin cushion check inactive (missing buying_power/equity/multiple/cushion)'}, 'reconciliation_health': {'ok': True, 'total_order_ids': 41, 'resolved_order_ids': 41, 'unresolved_order_ids': [], 'errors': [], 'reason': 'ok'}}}",already have an open position in SPY,,,,
exit_intent,exit,KLAC,stable filter broken: state_ext= (expected stretched_down); state_slope= (expected downtrend),,f565bbce-73c8-4f46-a63b-adccdcb6a3c4,2026-07-28T17:46:30.055377+00:00,2026-07-28T17:46:40.133174+00:00,,,,,,pending_new,,state_ext=stretched_down + state_slope=downtrend,state_ext=stretched_down + state_slope=downtrend,"{'state_ext': '', 'state_slope': ''}",0.0,5.0,1d,False,paper_trade_log_enter,,,,,,,,,,,,,,,,,,,,,,,,,,,,,,,,,,,,
exit_intent,exit,LRCX,stable filter broken: state_ext= (expected stretched_down),,f3263c96-0933-4e0f-aa54-0f575535e007,2026-07-28T17:46:30.055397+00:00,2026-07-28T17:46:40.839266+00:00,,,,,,pending_new,,state_volume=vol_normal + state_ext=stretched_down,state_volume=vol_normal + state_ext=stretched_down,"{'state_volume': 'vol_normal', 'state_ext': ''}",0.0,5.0,1d,False,paper_trade_log_enter,,,,,,,,,,,,,,,,,,,,,,,,,,,,,,,,,,,,
stop_intent,stop_pending,KLAC,"no ATR available for KLAC (1d); cannot compute initial stop this scan, will retry",,,2026-07-28T17:46:31.390228+00:00,2026-07-28T17:46:40.858670+00:00,,,,,,,,,,,,,,,,,,,,,,,,,,,,,,,,,,,,,,,,,,,,,,,,,,,
stop_intent,stop_pending,LRCX,"no ATR available for LRCX (1d); cannot compute initial stop this scan, will retry",,,2026-07-28T17:46:31.390242+00:00,2026-07-28T17:46:40.877421+00:00,,,,,,,,,,,,,,,,,,,,,,,,,,,,,,,,,,,,,,,,,,,,,,,,,,,
stop_intent,stop_unchanged,SPY,,732.4544,,2026-07-28T17:46:31.390248+00:00,2026-07-28T17:46:40.895786+00:00,initial,1.0,0.405,,,,,,,,,,,,,,,,,,,,,,,,,,,,,,,,,,,,,,,,,,,,,,,,
stop_intent,stop_pending,XLE,"no ATR available for XLE (1d); cannot compute initial stop this scan, will retry",,,2026-07-28T17:46:31.390251+00:00,2026-07-28T17:46:40.914111+00:00,,,,,,,,,,,,,,,,,,,,,,,,,,,,,,,,,,,,,,,,,,,,,,,,,,,
entry_signal,skip,XLF,no_state_data,,,2026-07-28T17:46:31.402021+00:00,2026-07-28T17:46:40.932321+00:00,,,,,,,no_state_data,state_ext=stretched_up + state_slope=flat,,,,,1d,,,,,,insample,False,False,,,,,,,,,,,,,,,,,,,,,,,,,,,,,,
state_unavailable,skip,XLF,nan_state_features,,,2026-07-28T17:46:31.408721+00:00,2026-07-28T17:46:40.952043+00:00,,,,,,,,state_ext=stretched_up + state_slope=flat,,,,,1d,,,,,,insample,,,2026-07-24 04:00:00+00:00,,{},,,,,,,,,,,,,,,,,,,,,,,,,,,
entry_signal,skip,XLK,no_state_data,,,2026-07-28T17:46:31.420669+00:00,2026-07-28T17:46:40.971507+00:00,,,,,,,no_state_data,cross_TLT_state_slope=uptrend + state_ext=neutral,,,,,1d,,,,,,insample,False,False,,,,,,,,,,,,,,,,,,,,,,,,,,,,,,
state_unavailable,skip,XLK,nan_state_features,,,2026-07-28T17:46:31.427198+00:00,2026-07-28T17:46:40.990318+00:00,,,,,,,,cross_TLT_state_slope=uptrend + state_ext=neutral,,,,,1d,,,,,,insample,,,2026-07-24 04:00:00+00:00,,{},,,,,,,,,,,,,,,,,,,,,,,,,,,
entry_signal,block,SPY,risk_gate,,,2026-07-28T17:46:39.431405+00:00,2026-07-28T17:46:41.009542+00:00,,,,,,,,state_session=afternoon + state_slope=downtrend,,,,,1h,,,,,,insample,True,False,2026-07-27 19:00:00+00:00,738.85,"{'state_ext': 'neutral', 'state_slope': 'downtrend', 'state_vol': 'mid_vol', 'state_volume': 'vol_quiet', 'state_session': 'afternoon', 'state_dow': 'Mon', 'state_utc_session': 'utc_us', 'state_weekpart': 'weekday', 'state_ret_1': 'ret_flat', 'state_ret_3': 'ret_up', 'state_ret_5': 'ret_down', 'state_ret_10': 'ret_flat', 'state_ret_20': 'ret_flat', 'state_atr_ext': 'atr_neutral', 'state_vol_regime': 'vol_regime_mid', 'state_trend_strength': 'mod_trend', 'state_gap': 'gap_flat', 'state_range_pos': 'range_low', 'state_ret_day': 'ret_day_flat', 'state_vol_day': 'vol_day_mid', 'state_funding': 'funding_neutral', 'state_oi': 'oi_flat', 'state_cot': 'cot_neutral', 'state_vix': 'vix_mid', 'state_breadth': 'breadth_weak', 'state_dxy': 'dxy_flat'}",,long,1.0,buy,738.85,state_slope=downtrend,5.0,2.0,SPY,gate_disabled,True,,,,conviction_with_vol_rail,1.0,1000.0,2.9728,1.0,100.0,14.0,"{'allowed': False, 'reasons': ['already have an open position in SPY'], 'details': {'symbol': 'SPY', 'qty': 1, 'price': 738.85, 'side': 'long', 'notional': 738.85, 'open_position_count': 2, 'today_realized_pnl': -65.40000099999992, 'risk_group': 'state_slope=downtrend', 'aggregate_risk': {'current_open_risk_dollars': 5.95, 'proposed_r_dollars': 5.95, 'projected_open_risk_dollars': 11.89, 'budget_dollars': 1997.79, 'max_aggregate_open_risk_pct': 0.02}, 'gross_notional': {'current_open_notional': 740.8, 'proposed_notional': 738.85, 'projected_open_notional': 1479.65, 'budget_notional': 99889.26, 'target_leverage_multiple': 1.0}, 'margin_cushion': {'reason': 'margin cushion check inactive (missing buying_power/equity/multiple/cushion)'}, 'reconciliation_health': {'ok': True, 'total_order_ids': 41, 'resolved_order_ids': 41, 'unresolved_order_ids': [], 'errors': [], 'reason': 'ok'}}}",already have an open position in SPY,,,,
exit_intent,exit,AMAT,stable filter broken: state_ret_5=ret_up (expected ret_down),,c87be94c-f8c7-4799-89a0-e7119d131d0c,2026-07-28T18:46:21.631128+00:00,2026-07-28T18:46:32.439517+00:00,,,,,,pending_new,,state_session=afternoon + state_ret_5=ret_down,state_ret_5=ret_down,{'state_ret_5': 'ret_up'},0.0,5.0,15m,False,paper_trade_log_enter,,,,,,,,,,,,,,,,,,,,,,,,,,,,,,,,,,,,
exit_intent,exit,SMCI,stable filter broken: state_ext=stretched_up (expected neutral),,74f4e03d-6f4c-4bc8-b8c9-d43568f38ad8,2026-07-28T18:46:21.631151+00:00,2026-07-28T18:46:32.725237+00:00,,,,,,pending_new,,state_session=afternoon + state_ext=neutral + state_slope=uptrend,state_ext=neutral + state_slope=uptrend,"{'state_ext': 'stretched_up', 'state_slope': 'uptrend'}",0.0,5.0,15m,False,paper_trade_log_enter,,,,,,,,,,,,,,,,,,,,,,,,,,,,,,,,,,,,
stop_intent,stop_pending,AMAT,"no ATR available for AMAT (1d); cannot compute initial stop this scan, will retry",,,2026-07-28T18:46:22.114200+00:00,2026-07-28T18:46:32.747405+00:00,,,,,,,,,,,,,,,,,,,,,,,,,,,,,,,,,,,,,,,,,,,,,,,,,,,
stop_intent,stop_pending,SMCI,"no ATR available for SMCI (1d); cannot compute initial stop this scan, will retry",,,2026-07-28T18:46:22.114216+00:00,2026-07-28T18:46:32.768387+00:00,,,,,,,,,,,,,,,,,,,,,,,,,,,,,,,,,,,,,,,,,,,,,,,,,,,
stop_intent,stop_unchanged,SPY,,732.4544,,2026-07-28T18:46:22.114221+00:00,2026-07-28T18:46:32.789530+00:00,initial,1.0,0.449,,,,,,,,,,,,,,,,,,,,,,,,,,,,,,,,,,,,,,,,,,,,,,,,
stop_intent,stop_adopted,XLE,found an existing resting stop order (aa06a0c8-6ac6-4f09-9042-1e1d412728e0) at the broker for XLE with no local tracked state -- adopting it instead of submitting a duplicate (local state was likely lost/reset),56.46,aa06a0c8-6ac6-4f09-9042-1e1d412728e0,2026-07-28T18:46:22.114225+00:00,2026-07-28T18:46:32.810952+00:00,,,,,,,,,,,,,,,,,,,,,,,,,,,,,,,,,,,,,,,,,,,,,,,,,,,
entry_signal,skip,XLF,no_state_data,,,2026-07-28T18:46:22.129509+00:00,2026-07-28T18:46:32.832126+00:00,,,,,,,no_state_data,state_ext=stretched_up + state_slope=flat,,,,,1d,,,,,,insample,False,False,,,,,,,,,,,,,,,,,,,,,,,,,,,,,,
state_unavailable,skip,XLF,nan_state_features,,,2026-07-28T18:46:22.137469+00:00,2026-07-28T18:46:32.855777+00:00,,,,,,,,state_ext=stretched_up + state_slope=flat,,,,,1d,,,,,,insample,,,2026-07-24 04:00:00+00:00,,{},,,,,,,,,,,,,,,,,,,,,,,,,,,
entry_signal,skip,XLK,no_state_data,,,2026-07-28T18:46:22.151304+00:00,2026-07-28T18:46:32.878022+00:00,,,,,,,no_state_data,cross_TLT_state_slope=uptrend + state_ext=neutral,,,,,1d,,,,,,insample,False,False,,,,,,,,,,,,,,,,,,,,,,,,,,,,,,
state_unavailable,skip,XLK,nan_state_features,,,2026-07-28T18:46:22.159025+00:00,2026-07-28T18:46:32.899451+00:00,,,,,,,,cross_TLT_state_slope=uptrend + state_ext=neutral,,,,,1d,,,,,,insample,,,2026-07-24 04:00:00+00:00,,{},,,,,,,,,,,,,,,,,,,,,,,,,,,
entry_signal,block,SPY,risk_gate,,,2026-07-28T18:46:31.827827+00:00,2026-07-28T18:46:32.921677+00:00,,,,,,,,state_session=afternoon + state_slope=downtrend,,,,,1h,,,,,,insample,True,False,2026-07-27 19:00:00+00:00,738.85,"{'state_ext': 'neutral', 'state_slope': 'downtrend', 'state_vol': 'mid_vol', 'state_volume': 'vol_quiet', 'state_session': 'afternoon', 'state_dow': 'Mon', 'state_utc_session': 'utc_us', 'state_weekpart': 'weekday', 'state_ret_1': 'ret_flat', 'state_ret_3': 'ret_up', 'state_ret_5': 'ret_down', 'state_ret_10': 'ret_flat', 'state_ret_20': 'ret_flat', 'state_atr_ext': 'atr_neutral', 'state_vol_regime': 'vol_regime_mid', 'state_trend_strength': 'mod_trend', 'state_gap': 'gap_flat', 'state_range_pos': 'range_low', 'state_ret_day': 'ret_day_flat', 'state_vol_day': 'vol_day_mid', 'state_funding': 'funding_neutral', 'state_oi': 'oi_flat', 'state_cot': 'cot_neutral', 'state_vix': 'vix_mid', 'state_breadth': 'breadth_weak', 'state_dxy': 'dxy_flat'}",,long,1.0,buy,738.85,state_slope=downtrend,5.0,2.0,SPY,gate_disabled,True,,,,conviction_with_vol_rail,1.0,1000.0,2.9728,1.0,100.0,14.0,"{'allowed': False, 'reasons': ['already have an open position in SPY'], 'details': {'symbol': 'SPY', 'qty': 1, 'price': 738.85, 'side': 'long', 'notional': 738.85, 'open_position_count': 2, 'today_realized_pnl': -70.74000099999978, 'risk_group': 'state_slope=downtrend', 'aggregate_risk': {'current_open_risk_dollars': 19.75, 'proposed_r_dollars': 5.95, 'projected_open_risk_dollars': 25.69, 'budget_dollars': 1997.89, 'max_aggregate_open_risk_pct': 0.02}, 'gross_notional': {'current_open_notional': 741.07, 'proposed_notional': 738.85, 'projected_open_notional': 1479.92, 'budget_notional': 99894.63, 'target_leverage_multiple': 1.0}, 'margin_cushion': {'reason': 'margin cushion check inactive (missing buying_power/equity/multiple/cushion)'}, 'reconciliation_health': {'ok': True, 'total_order_ids': 43, 'resolved_order_ids': 43, 'unresolved_order_ids': [], 'errors': [], 'reason': 'ok'}}}",already have an open position in SPY,,,,
stop_intent,stop_state_cleared,XLE,position no longer open (stopped out or closed by another exit policy),,,2026-07-28T19:46:08.053884+00:00,2026-07-28T19:46:19.868864+00:00,,,,False,,,,,,,,,,,,,,,,,,,,,,,,,,,,,,,,,,,,,,,,,,,,,,,
stop_intent,stop_unchanged,SPY,,732.4544,,2026-07-28T19:46:08.053891+00:00,2026-07-28T19:46:19.891522+00:00,initial,1.0,0.436,,,,,,,,,,,,,,,,,,,,,,,,,,,,,,,,,,,,,,,,,,,,,,,,
entry_signal,skip,XLF,no_state_data,,,2026-07-28T19:46:08.069252+00:00,2026-07-28T19:46:19.913559+00:00,,,,,,,no_state_data,state_ext=stretched_up + state_slope=flat,,,,,1d,,,,,,insample,False,False,,,,,,,,,,,,,,,,,,,,,,,,,,,,,,
state_unavailable,skip,XLF,nan_state_features,,,2026-07-28T19:46:08.077301+00:00,2026-07-28T19:46:19.936193+00:00,,,,,,,,state_ext=stretched_up + state_slope=flat,,,,,1d,,,,,,insample,,,2026-07-24 04:00:00+00:00,,{},,,,,,,,,,,,,,,,,,,,,,,,,,,
entry_signal,skip,XLK,no_state_data,,,2026-07-28T19:46:08.091610+00:00,2026-07-28T19:46:19.959158+00:00,,,,,,,no_state_data,cross_TLT_state_slope=uptrend + state_ext=neutral,,,,,1d,,,,,,insample,False,False,,,,,,,,,,,,,,,,,,,,,,,,,,,,,,
state_unavailable,skip,XLK,nan_state_features,,,2026-07-28T19:46:08.099600+00:00,2026-07-28T19:46:19.981539+00:00,,,,,,,,cross_TLT_state_slope=uptrend + state_ext=neutral,,,,,1d,,,,,,insample,,,2026-07-24 04:00:00+00:00,,{},,,,,,,,,,,,,,,,,,,,,,,,,,,
entry_signal,block,SPY,risk_gate,,,2026-07-28T19:46:19.867763+00:00,2026-07-28T19:46:20.004344+00:00,,,,,,,,state_session=afternoon + state_slope=downtrend,,,,,1h,,,,,,insample,True,False,2026-07-27 19:00:00+00:00,738.85,"{'state_ext': 'neutral', 'state_slope': 'downtrend', 'state_vol': 'mid_vol', 'state_volume': 'vol_quiet', 'state_session': 'afternoon', 'state_dow': 'Mon', 'state_utc_session': 'utc_us', 'state_weekpart': 'weekday', 'state_ret_1': 'ret_flat', 'state_ret_3': 'ret_up', 'state_ret_5': 'ret_down', 'state_ret_10': 'ret_flat', 'state_ret_20': 'ret_flat', 'state_atr_ext': 'atr_neutral', 'state_vol_regime': 'vol_regime_mid', 'state_trend_strength': 'mod_trend', 'state_gap': 'gap_flat', 'state_range_pos': 'range_low', 'state_ret_day': 'ret_day_flat', 'state_vol_day': 'vol_day_mid', 'state_funding': 'funding_neutral', 'state_oi': 'oi_flat', 'state_cot': 'cot_neutral', 'state_vix': 'vix_mid', 'state_breadth': 'breadth_weak', 'state_dxy': 'dxy_flat'}",,long,1.0,buy,738.85,state_slope=downtrend,5.0,2.0,SPY,gate_disabled,True,,,,conviction_with_vol_rail,1.0,1000.0,2.9728,1.0,100.0,14.0,"{'allowed': False, 'reasons': ['already have an open position in SPY'], 'details': {'symbol': 'SPY', 'qty': 1, 'price': 738.85, 'side': 'long', 'notional': 738.85, 'open_position_count': 2, 'today_realized_pnl': -66.76998499999985, 'risk_group': 'state_slope=downtrend', 'aggregate_risk': {'current_open_risk_dollars': 5.95, 'proposed_r_dollars': 5.95, 'projected_open_risk_dollars': 11.89, 'budget_dollars': 1997.87, 'max_aggregate_open_risk_pct': 0.02}, 'gross_notional': {'current_open_notional': 740.99, 'proposed_notional': 738.85, 'projected_open_notional': 1479.84, 'budget_notional': 99893.66, 'target_leverage_multiple': 1.0}, 'margin_cushion': {'reason': 'margin cushion check inactive (missing buying_power/equity/multiple/cushion)'}, 'reconciliation_health': {'ok': True, 'total_order_ids': 45, 'resolved_order_ids': 45, 'unresolved_order_ids': [], 'errors': [], 'reason': 'ok'}}}",already have an open position in SPY,,,,
exit_intent,exit,AEP,stable filter broken: cross_USO_state_slope= (expected uptrend); state_slope= (expected downtrend),,1ca67808-41b7-4b4d-8f45-07fd327700eb,2026-07-28T20:46:29.823283+00:00,2026-07-28T20:46:41.061793+00:00,,,,,,accepted,,cross_USO_state_slope=uptrend + state_slope=downtrend,cross_USO_state_slope=uptrend + state_slope=downtrend,"{'cross_USO_state_slope': '', 'state_slope': ''}",0.0,5.0,1d,False,paper_trade_log_enter,,,,,,,,,,,,,,,,,,,,,,,,,,,,,,,,,,,,
stop_intent,stop_adopted,AEP,found an existing resting stop order (b3b5d1c3-ac6c-4d24-9f96-590c4e2948e1) at the broker for AEP with no local tracked state -- adopting it instead of submitting a duplicate (local state was likely lost/reset),128.74,b3b5d1c3-ac6c-4d24-9f96-590c4e2948e1,2026-07-28T20:46:30.041499+00:00,2026-07-28T20:46:41.082708+00:00,,,,,,,,,,,,,,,,,,,,,,,,,,,,,,,,,,,,,,,,,,,,,,,,,,,
stop_intent,stop_unchanged,SPY,,732.4544,,2026-07-28T20:46:30.041509+00:00,2026-07-28T20:46:41.103884+00:00,initial,1.0,0.43,,,,,,,,,,,,,,,,,,,,,,,,,,,,,,,,,,,,,,,,,,,,,,,,
entry_signal,skip,XLF,no_state_data,,,2026-07-28T20:46:30.054956+00:00,2026-07-28T20:46:41.124583+00:00,,,,,,,no_state_data,state_ext=stretched_up + state_slope=flat,,,,,1d,,,,,,insample,False,False,,,,,,,,,,,,,,,,,,,,,,,,,,,,,,
state_unavailable,skip,XLF,nan_state_features,,,2026-07-28T20:46:30.085804+00:00,2026-07-28T20:46:41.145502+00:00,,,,,,,,state_ext=stretched_up + state_slope=flat,,,,,1d,,,,,,insample,,,2026-07-24 04:00:00+00:00,,{},,,,,,,,,,,,,,,,,,,,,,,,,,,
entry_signal,skip,XLK,no_state_data,,,2026-07-28T20:46:30.097913+00:00,2026-07-28T20:46:41.166799+00:00,,,,,,,no_state_data,cross_TLT_state_slope=uptrend + state_ext=neutral,,,,,1d,,,,,,insample,False,False,,,,,,,,,,,,,,,,,,,,,,,,,,,,,,
state_unavailable,skip,XLK,nan_state_features,,,2026-07-28T20:46:30.104816+00:00,2026-07-28T20:46:41.187842+00:00,,,,,,,,cross_TLT_state_slope=uptrend + state_ext=neutral,,,,,1d,,,,,,insample,,,2026-07-24 04:00:00+00:00,,{},,,,,,,,,,,,,,,,,,,,,,,,,,,
entry_signal,block,SPY,risk_gate,,,2026-07-28T20:46:39.303943+00:00,2026-07-28T20:46:41.209039+00:00,,,,,,,,state_session=afternoon + state_slope=downtrend,,,,,1h,,,,,,insample,True,False,2026-07-27 19:00:00+00:00,738.85,"{'state_ext': 'neutral', 'state_slope': 'downtrend', 'state_vol': 'mid_vol', 'state_volume': 'vol_quiet', 'state_session': 'afternoon', 'state_dow': 'Mon', 'state_utc_session': 'utc_us', 'state_weekpart': 'weekday', 'state_ret_1': 'ret_flat', 'state_ret_3': 'ret_up', 'state_ret_5': 'ret_down', 'state_ret_10': 'ret_flat', 'state_ret_20': 'ret_flat', 'state_atr_ext': 'atr_neutral', 'state_vol_regime': 'vol_regime_mid', 'state_trend_strength': 'mod_trend', 'state_gap': 'gap_flat', 'state_range_pos': 'range_low', 'state_ret_day': 'ret_day_flat', 'state_vol_day': 'vol_day_mid', 'state_funding': 'funding_neutral', 'state_oi': 'oi_flat', 'state_cot': 'cot_neutral', 'state_vix': 'vix_mid', 'state_breadth': 'breadth_weak', 'state_dxy': 'dxy_flat'}",,long,1.0,buy,738.85,state_slope=downtrend,5.0,2.0,SPY,gate_disabled,True,,,,conviction_with_vol_rail,1.0,1000.0,2.9728,1.0,100.0,14.0,"{'allowed': False, 'reasons': ['already have an open position in SPY'], 'details': {'symbol': 'SPY', 'qty': 1, 'price': 738.85, 'side': 'long', 'notional': 738.85, 'open_position_count': 2, 'today_realized_pnl': -66.76998499999985, 'risk_group': 'state_slope=downtrend', 'aggregate_risk': {'current_open_risk_dollars': 34.44, 'proposed_r_dollars': 5.95, 'projected_open_risk_dollars': 40.38, 'budget_dollars': 1997.82, 'max_aggregate_open_risk_pct': 0.02}, 'gross_notional': {'current_open_notional': 740.96, 'proposed_notional': 738.85, 'projected_open_notional': 1479.81, 'budget_notional': 99890.83, 'target_leverage_multiple': 1.0}, 'margin_cushion': {'reason': 'margin cushion check inactive (missing buying_power/equity/multiple/cushion)'}, 'reconciliation_health': {'ok': True, 'total_order_ids': 45, 'resolved_order_ids': 45, 'unresolved_order_ids': [], 'errors': [], 'reason': 'ok'}}}",already have an open position in SPY,,,,
exit_intent,exit,AEP,stable filter broken: cross_USO_state_slope= (expected uptrend); state_slope= (expected downtrend),,1ca67808-41b7-4b4d-8f45-07fd327700eb,2026-07-28T21:46:17.055687+00:00,2026-07-28T21:46:25.021986+00:00,,,,,,close_already_pending,,cross_USO_state_slope=uptrend + state_slope=downtrend,cross_USO_state_slope=uptrend + state_slope=downtrend,"{'cross_USO_state_slope': '', 'state_slope': ''}",0.0,5.0,1d,False,paper_trade_log_enter,,,,,,,,,,,,,,,,,,,,,,,,,,,,,,,,,,,,
stop_intent,stop_unchanged,AEP,,128.74,,2026-07-28T21:46:17.073757+00:00,2026-07-28T21:46:25.054124+00:00,initial,6.0,-0.099,,,,,,,,,,,,,,,,,,,,,,,,,,,,,,,,,,,,,,,,,,,,,,,,
stop_intent,stop_unchanged,SPY,,732.4544,,2026-07-28T21:46:17.073762+00:00,2026-07-28T21:46:25.092707+00:00,initial,1.0,0.439,,,,,,,,,,,,,,,,,,,,,,,,,,,,,,,,,,,,,,,,,,,,,,,,
entry_signal,skip,XLF,no_state_data,,,2026-07-28T21:46:17.108461+00:00,2026-07-28T21:46:25.137053+00:00,,,,,,,no_state_data,state_ext=stretched_up + state_slope=flat,,,,,1d,,,,,,insample,False,False,,,,,,,,,,,,,,,,,,,,,,,,,,,,,,
state_unavailable,skip,XLF,nan_state_features,,,2026-07-28T21:46:17.114826+00:00,2026-07-28T21:46:25.174016+00:00,,,,,,,,state_ext=stretched_up + state_slope=flat,,,,,1d,,,,,,insample,,,2026-07-24 04:00:00+00:00,,{},,,,,,,,,,,,,,,,,,,,,,,,,,,
entry_signal,skip,XLK,no_state_data,,,2026-07-28T21:46:17.124681+00:00,2026-07-28T21:46:25.195546+00:00,,,,,,,no_state_data,cross_TLT_state_slope=uptrend + state_ext=neutral,,,,,1d,,,,,,insample,False,False,,,,,,,,,,,,,,,,,,,,,,,,,,,,,,
state_unavailable,skip,XLK,nan_state_features,,,2026-07-28T21:46:17.130595+00:00,2026-07-28T21:46:25.212824+00:00,,,,,,,,cross_TLT_state_slope=uptrend + state_ext=neutral,,,,,1d,,,,,,insample,,,2026-07-24 04:00:00+00:00,,{},,,,,,,,,,,,,,,,,,,,,,,,,,,
entry_signal,block,SPY,risk_gate,,,2026-07-28T21:46:24.753332+00:00,2026-07-28T21:46:25.230427+00:00,,,,,,,,state_session=afternoon + state_slope=downtrend,,,,,1h,,,,,,insample,True,False,2026-07-27 19:00:00+00:00,738.85,"{'state_ext': 'neutral', 'state_slope': 'downtrend', 'state_vol': 'mid_vol', 'state_volume': 'vol_quiet', 'state_session': 'afternoon', 'state_dow': 'Mon', 'state_utc_session': 'utc_us', 'state_weekpart': 'weekday', 'state_ret_1': 'ret_flat', 'state_ret_3': 'ret_up', 'state_ret_5': 'ret_down', 'state_ret_10': 'ret_flat', 'state_ret_20': 'ret_flat', 'state_atr_ext': 'atr_neutral', 'state_vol_regime': 'vol_regime_mid', 'state_trend_strength': 'mod_trend', 'state_gap': 'gap_flat', 'state_range_pos': 'range_low', 'state_ret_day': 'ret_day_flat', 'state_vol_day': 'vol_day_mid', 'state_funding': 'funding_neutral', 'state_oi': 'oi_flat', 'state_cot': 'cot_neutral', 'state_vix': 'vix_mid', 'state_breadth': 'breadth_weak', 'state_dxy': 'dxy_flat'}",,long,1.0,buy,738.85,state_slope=downtrend,5.0,2.0,SPY,gate_disabled,True,,,,conviction_with_vol_rail,1.0,1000.0,2.9728,1.0,100.0,14.0,"{'allowed': False, 'reasons': ['already have an open position in SPY'], 'details': {'symbol': 'SPY', 'qty': 1, 'price': 738.85, 'side': 'long', 'notional': 738.85, 'open_position_count': 2, 'today_realized_pnl': -66.76998499999985, 'risk_group': 'state_slope=downtrend', 'aggregate_risk': {'current_open_risk_dollars': 34.44, 'proposed_r_dollars': 5.95, 'projected_open_risk_dollars': 40.38, 'budget_dollars': 1997.82, 'max_aggregate_open_risk_pct': 0.02}, 'gross_notional': {'current_open_notional': 741.01, 'proposed_notional': 738.85, 'projected_open_notional': 1479.86, 'budget_notional': 99890.88, 'target_leverage_multiple': 1.0}, 'margin_cushion': {'reason': 'margin cushion check inactive (missing buying_power/equity/multiple/cushion)'}, 'reconciliation_health': {'ok': True, 'total_order_ids': 47, 'resolved_order_ids': 47, 'unresolved_order_ids': [], 'errors': [], 'reason': 'ok'}}}",already have an open position in SPY,,,,
exit_intent,exit,SPY,stable filter broken: state_slope=flat (expected downtrend); horizon reached: held 8 bars >= 5 (1h),,b6d2855c-431d-4ccd-bbd5-5905e36d14c7,2026-07-28T23:38:50.161324+00:00,2026-07-28T23:39:55.159935+00:00,,,,,,accepted,,state_session=afternoon + state_slope=downtrend,state_slope=downtrend,{'state_slope': 'flat'},8.0,5.0,1h,False,trade_journal,,,,,,,,,,,,,,,,,,,,,,,,,,,,,,,,,,,,
stop_intent,stop_unchanged,AEP,,128.74,,2026-07-28T23:38:50.190450+00:00,2026-07-28T23:39:55.185729+00:00,initial,6.0,0.002,,,,,,,,,,,,,,,,,,,,,,,,,,,,,,,,,,,,,,,,,,,,,,,,
stop_intent,stop_unchanged,SPY,,732.4544,,2026-07-28T23:38:50.190457+00:00,2026-07-28T23:39:55.211021+00:00,initial,1.0,0.454,,,,,,,,,,,,,,,,,,,,,,,,,,,,,,,,,,,,,,,,,,,,,,,,
entry_signal,enter,XLF,,,24c12f26-d3cb-483f-b472-242e5fda2bda,2026-07-28T23:39:42.976359+00:00,2026-07-28T23:39:55.297015+00:00,,17.0,,,,accepted,,state_ext=stretched_up + state_slope=flat,,,,,1d,,,,,,insample,True,True,2026-07-27 04:00:00+00:00,56.880001068115234,"{'state_ext': 'stretched_up', 'state_slope': 'flat', 'state_vol': 'low_vol', 'state_volume': 'vol_normal', 'state_session': 'afternoon', 'state_dow': 'Mon', 'state_utc_session': 'utc_asia', 'state_weekpart': 'weekday', 'state_ret_1': 'ret_up', 'state_ret_3': 'ret_up', 'state_ret_5': 'ret_up', 'state_ret_10': 'ret_flat', 'state_ret_20': 'ret_flat', 'state_atr_ext': 'atr_up', 'state_vol_regime': 'vol_regime_mid', 'state_trend_strength': 'weak_trend', 'state_gap': 'gap_up', 'state_range_pos': 'range_mid', 'state_ret_day': 'ret_day_up', 'state_vol_day': 'vol_day_low', 'state_funding': 'funding_neutral', 'state_oi': 'oi_flat', 'state_cot': 'cot_neutral', 'state_vix': 'vix_mid', 'state_breadth': 'breadth_mixed', 'state_dxy': 'dxy_flat'}",state_ext=stretched_up + state_slope=flat,long,17.0,buy,966.960018157959,state_ext=stretched_up + state_slope=flat,5.0,2.0,XLF,gate_disabled,True,,,,conviction_with_vol_rail,1.0,1000.0,0.6693,17.0,447.0,14.0,"{'allowed': True, 'reasons': [], 'details': {'symbol': 'XLF', 'qty': 17, 'price': 56.880001068115234, 'side': 'long', 'notional': 966.960018157959, 'open_position_count': 2, 'today_realized_pnl': -66.76998499999985, 'risk_group': 'state_ext=stretched_up + state_slope=flat', 'aggregate_risk': {'current_open_risk_dollars': 34.44, 'proposed_r_dollars': 22.76, 'projected_open_risk_dollars': 57.19, 'budget_dollars': 1997.88, 'max_aggregate_open_risk_pct': 0.02}, 'gross_notional': {'current_open_notional': 741.1, 'proposed_notional': 966.96, 'projected_open_notional': 1708.06, 'budget_notional': 99893.85, 'target_leverage_multiple': 1.0}, 'margin_cushion': {'reason': 'margin cushion check inactive (missing buying_power/equity/multiple/cushion)'}, 'reconciliation_health': {'ok': True, 'total_order_ids': 47, 'resolved_order_ids': 47, 'unresolved_order_ids': [], 'errors': [], 'reason': 'ok'}}}",,,,,
exit_intent,exit,SPY,stable filter broken: state_slope=flat (expected downtrend); horizon reached: held 8 bars >= 5 (1h),,b6d2855c-431d-4ccd-bbd5-5905e36d14c7,2026-07-29T00:02:52.419608+00:00,2026-07-29T00:04:08.946655+00:00,,,,,,close_already_pending,,state_session=afternoon + state_slope=downtrend,state_slope=downtrend,{'state_slope': 'flat'},8.0,5.0,1h,False,trade_journal,,,,,,,,,,,,,,,,,,,,,,,,,,,,,,,,,,,,
stop_intent,stop_unchanged,AEP,,128.74,,2026-07-29T00:02:52.446465+00:00,2026-07-29T00:04:08.969653+00:00,initial,6.0,0.205,,,,,,,,,,,,,,,,,,,,,,,,,,,,,,,,,,,,,,,,,,,,,,,,
stop_intent,stop_unchanged,SPY,,732.4544,,2026-07-29T00:02:52.446472+00:00,2026-07-29T00:04:08.991515+00:00,initial,1.0,0.903,,,,,,,,,,,,,,,,,,,,,,,,,,,,,,,,,,,,,,,,,,,,,,,,
entry_signal,block,XLF,risk_gate,,,2026-07-29T00:03:54.054496+00:00,2026-07-29T00:04:09.013464+00:00,,,,,,,,state_ext=stretched_up + state_slope=flat,,,,,1d,,,,,,insample,True,False,2026-07-27 04:00:00+00:00,56.880001068115234,"{'state_ext': 'stretched_up', 'state_slope': 'flat', 'state_vol': 'low_vol', 'state_volume': 'vol_normal', 'state_session': 'afternoon', 'state_dow': 'Mon', 'state_utc_session': 'utc_asia', 'state_weekpart': 'weekday', 'state_ret_1': 'ret_up', 'state_ret_3': 'ret_up', 'state_ret_5': 'ret_up', 'state_ret_10': 'ret_flat', 'state_ret_20': 'ret_flat', 'state_atr_ext': 'atr_up', 'state_vol_regime': 'vol_regime_mid', 'state_trend_strength': 'weak_trend', 'state_gap': 'gap_up', 'state_range_pos': 'range_mid', 'state_ret_day': 'ret_day_up', 'state_vol_day': 'vol_day_low', 'state_funding': 'funding_neutral', 'state_oi': 'oi_flat', 'state_cot': 'cot_neutral', 'state_vix': 'vix_mid', 'state_breadth': 'breadth_mixed', 'state_dxy': 'dxy_flat'}",,long,17.0,buy,966.960018157959,state_ext=stretched_up + state_slope=flat,5.0,2.0,XLF,gate_disabled,True,,,,conviction_with_vol_rail,1.0,1000.0,0.6693,17.0,447.0,14.0,"{'allowed': False, 'reasons': ['already have an open position in XLF', 'cooldown active for XLF: 1439s since last entry < 3600s'], 'details': {'symbol': 'XLF', 'qty': 17, 'price': 56.880001068115234, 'side': 'long', 'notional': 966.960018157959, 'open_position_count': 3, 'today_realized_pnl': 0.0, 'risk_group': 'state_ext=stretched_up + state_slope=flat', 'aggregate_risk': {'current_open_risk_dollars': 34.44, 'proposed_r_dollars': 22.76, 'projected_open_risk_dollars': 57.19, 'budget_dollars': 1998.05, 'max_aggregate_open_risk_pct': 0.02}, 'gross_notional': {'current_open_notional': 743.77, 'proposed_notional': 966.96, 'projected_open_notional': 1710.73, 'budget_notional': 99902.28, 'target_leverage_multiple': 1.0}, 'margin_cushion': {'reason': 'margin cushion check inactive (missing buying_power/equity/multiple/cushion)'}, 'reconciliation_health': {'ok': True, 'total_order_ids': 49, 'resolved_order_ids': 49, 'unresolved_order_ids': [], 'errors': [], 'reason': 'ok'}}}",already have an open position in XLF; cooldown active for XLF: 1439s since last entry < 3600s,,,,
exit_intent,exit,SPY,stable filter broken: state_slope=flat (expected downtrend); horizon reached: held 8 bars >= 5 (1h),,b6d2855c-431d-4ccd-bbd5-5905e36d14c7,2026-07-29T00:46:17.268447+00:00,2026-07-29T00:47:10.831771+00:00,,,,,,close_already_pending,,state_session=afternoon + state_slope=downtrend,state_slope=downtrend,{'state_slope': 'flat'},8.0,5.0,1h,False,trade_journal,,,,,,,,,,,,,,,,,,,,,,,,,,,,,,,,,,,,
stop_intent,stop_unchanged,AEP,,128.74,,2026-07-29T00:46:17.293490+00:00,2026-07-29T00:47:10.853747+00:00,initial,6.0,-0.109,,,,,,,,,,,,,,,,,,,,,,,,,,,,,,,,,,,,,,,,,,,,,,,,
stop_intent,stop_unchanged,SPY,,732.4544,,2026-07-29T00:46:17.293496+00:00,2026-07-29T00:47:10.873316+00:00,initial,1.0,0.848,,,,,,,,,,,,,,,,,,,,,,,,,,,,,,,,,,,,,,,,,,,,,,,,
entry_signal,block,XLF,risk_gate,,,2026-07-29T00:47:01.605191+00:00,2026-07-29T00:47:10.892484+00:00,,,,,,,,state_ext=stretched_up + state_slope=flat,,,,,1d,,,,,,insample,True,False,2026-07-27 04:00:00+00:00,56.880001068115234,"{'state_ext': 'stretched_up', 'state_slope': 'flat', 'state_vol': 'low_vol', 'state_volume': 'vol_normal', 'state_session': 'afternoon', 'state_dow': 'Mon', 'state_utc_session': 'utc_asia', 'state_weekpart': 'weekday', 'state_ret_1': 'ret_up', 'state_ret_3': 'ret_up', 'state_ret_5': 'ret_up', 'state_ret_10': 'ret_flat', 'state_ret_20': 'ret_flat', 'state_atr_ext': 'atr_up', 'state_vol_regime': 'vol_regime_mid', 'state_trend_strength': 'weak_trend', 'state_gap': 'gap_up', 'state_range_pos': 'range_mid', 'state_ret_day': 'ret_day_up', 'state_vol_day': 'vol_day_low', 'state_funding': 'funding_neutral', 'state_oi': 'oi_flat', 'state_cot': 'cot_neutral', 'state_vix': 'vix_mid', 'state_breadth': 'breadth_mixed', 'state_dxy': 'dxy_flat'}",,long,17.0,buy,966.960018157959,state_ext=stretched_up + state_slope=flat,5.0,2.0,XLF,gate_disabled,True,,,,conviction_with_vol_rail,1.0,1000.0,0.6693,17.0,447.0,14.0,"{'allowed': False, 'reasons': ['already have an open position in XLF'], 'details': {'symbol': 'XLF', 'qty': 17, 'price': 56.880001068115234, 'side': 'long', 'notional': 966.960018157959, 'open_position_count': 3, 'today_realized_pnl': 0.0, 'risk_group': 'state_ext=stretched_up + state_slope=flat', 'aggregate_risk': {'current_open_risk_dollars': 34.44, 'proposed_r_dollars': 22.76, 'projected_open_risk_dollars': 57.19, 'budget_dollars': 1997.86, 'max_aggregate_open_risk_pct': 0.02}, 'gross_notional': {'current_open_notional': 743.44, 'proposed_notional': 966.96, 'projected_open_notional': 1710.4, 'budget_notional': 99893.01, 'target_leverage_multiple': 1.0}, 'margin_cushion': {'reason': 'margin cushion check inactive (missing buying_power/equity/multiple/cushion)'}, 'reconciliation_health': {'ok': True, 'total_order_ids': 49, 'resolved_order_ids': 49, 'unresolved_order_ids': [], 'errors': [], 'reason': 'ok'}}}",already have an open position in XLF,,,,
exit_intent,exit,SPY,stable filter broken: state_slope=flat (expected downtrend); horizon reached: held 8 bars >= 5 (1h),,b6d2855c-431d-4ccd-bbd5-5905e36d14c7,2026-07-29T01:46:22.842995+00:00,2026-07-29T01:47:40.398993+00:00,,,,,,close_already_pending,,state_session=afternoon + state_slope=downtrend,state_slope=downtrend,{'state_slope': 'flat'},8.0,5.0,1h,False,trade_journal,,,,,,,,,,,,,,,,,,,,,,,,,,,,,,,,,,,,
stop_intent,stop_unchanged,AEP,,128.74,,2026-07-29T01:46:22.870701+00:00,2026-07-29T01:47:40.423838+00:00,initial,6.0,-0.109,,,,,,,,,,,,,,,,,,,,,,,,,,,,,,,,,,,,,,,,,,,,,,,,
stop_intent,stop_unchanged,SPY,,732.4544,,2026-07-29T01:46:22.870709+00:00,2026-07-29T01:47:40.447655+00:00,initial,1.0,0.439,,,,,,,,,,,,,,,,,,,,,,,,,,,,,,,,,,,,,,,,,,,,,,,,
entry_signal,block,XLF,risk_gate,,,2026-07-29T01:47:25.876629+00:00,2026-07-29T01:47:40.471138+00:00,,,,,,,,state_ext=stretched_up + state_slope=flat,,,,,1d,,,,,,insample,True,False,2026-07-27 04:00:00+00:00,56.880001068115234,"{'state_ext': 'stretched_up', 'state_slope': 'flat', 'state_vol': 'low_vol', 'state_volume': 'vol_normal', 'state_session': 'afternoon', 'state_dow': 'Mon', 'state_utc_session': 'utc_asia', 'state_weekpart': 'weekday', 'state_ret_1': 'ret_up', 'state_ret_3': 'ret_up', 'state_ret_5': 'ret_up', 'state_ret_10': 'ret_flat', 'state_ret_20': 'ret_flat', 'state_atr_ext': 'atr_up', 'state_vol_regime': 'vol_regime_mid', 'state_trend_strength': 'weak_trend', 'state_gap': 'gap_up', 'state_range_pos': 'range_mid', 'state_ret_day': 'ret_day_up', 'state_vol_day': 'vol_day_low', 'state_funding': 'funding_neutral', 'state_oi': 'oi_flat', 'state_cot': 'cot_neutral', 'state_vix': 'vix_mid', 'state_breadth': 'breadth_mixed', 'state_dxy': 'dxy_flat'}",,long,17.0,buy,966.960018157959,state_ext=stretched_up + state_slope=flat,5.0,2.0,XLF,gate_disabled,True,,,,conviction_with_vol_rail,1.0,1000.0,0.6693,17.0,447.0,14.0,"{'allowed': False, 'reasons': ['already have an open position in XLF'], 'details': {'symbol': 'XLF', 'qty': 17, 'price': 56.880001068115234, 'side': 'long', 'notional': 966.960018157959, 'open_position_count': 3, 'today_realized_pnl': 0.0, 'risk_group': 'state_ext=stretched_up + state_slope=flat', 'aggregate_risk': {'current_open_risk_dollars': 34.44, 'proposed_r_dollars': 22.76, 'projected_open_risk_dollars': 57.19, 'budget_dollars': 1997.81, 'max_aggregate_open_risk_pct': 0.02}, 'gross_notional': {'current_open_notional': 741.01, 'proposed_notional': 966.96, 'projected_open_notional': 1707.97, 'budget_notional': 99890.58, 'target_leverage_multiple': 1.0}, 'margin_cushion': {'reason': 'margin cushion check inactive (missing buying_power/equity/multiple/cushion)'}, 'reconciliation_health': {'ok': True, 'total_order_ids': 49, 'resolved_order_ids': 49, 'unresolved_order_ids': [], 'errors': [], 'reason': 'ok'}}}",already have an open position in XLF,,,,
exit_intent,exit,SPY,stable filter broken: state_slope=flat (expected downtrend); horizon reached: held 8 bars >= 5 (1h),,b6d2855c-431d-4ccd-bbd5-5905e36d14c7,2026-07-29T02:46:28.699050+00:00,2026-07-29T02:47:45.868653+00:00,,,,,,close_already_pending,,state_session=afternoon + state_slope=downtrend,state_slope=downtrend,{'state_slope': 'flat'},8.0,5.0,1h,False,trade_journal,,,,,,,,,,,,,,,,,,,,,,,,,,,,,,,,,,,,
stop_intent,stop_unchanged,AEP,,128.74,,2026-07-29T02:46:28.728199+00:00,2026-07-29T02:47:45.894376+00:00,initial,6.0,-0.109,,,,,,,,,,,,,,,,,,,,,,,,,,,,,,,,,,,,,,,,,,,,,,,,
stop_intent,stop_unchanged,SPY,,732.4544,,2026-07-29T02:46:28.728206+00:00,2026-07-29T02:47:45.919621+00:00,initial,1.0,0.442,,,,,,,,,,,,,,,,,,,,,,,,,,,,,,,,,,,,,,,,,,,,,,,,
entry_signal,block,XLF,risk_gate,,,2026-07-29T02:47:31.489730+00:00,2026-07-29T02:47:45.944819+00:00,,,,,,,,state_ext=stretched_up + state_slope=flat,,,,,1d,,,,,,insample,True,False,2026-07-27 04:00:00+00:00,56.880001068115234,"{'state_ext': 'stretched_up', 'state_slope': 'flat', 'state_vol': 'low_vol', 'state_volume': 'vol_normal', 'state_session': 'afternoon', 'state_dow': 'Mon', 'state_utc_session': 'utc_asia', 'state_weekpart': 'weekday', 'state_ret_1': 'ret_up', 'state_ret_3': 'ret_up', 'state_ret_5': 'ret_up', 'state_ret_10': 'ret_flat', 'state_ret_20': 'ret_flat', 'state_atr_ext': 'atr_up', 'state_vol_regime': 'vol_regime_mid', 'state_trend_strength': 'weak_trend', 'state_gap': 'gap_up', 'state_range_pos': 'range_mid', 'state_ret_day': 'ret_day_up', 'state_vol_day': 'vol_day_low', 'state_funding': 'funding_neutral', 'state_oi': 'oi_flat', 'state_cot': 'cot_neutral', 'state_vix': 'vix_mid', 'state_breadth': 'breadth_mixed', 'state_dxy': 'dxy_flat'}",,long,17.0,buy,966.960018157959,state_ext=stretched_up + state_slope=flat,5.0,2.0,XLF,gate_disabled,True,,,,conviction_with_vol_rail,1.0,1000.0,0.6693,17.0,447.0,14.0,"{'allowed': False, 'reasons': ['already have an open position in XLF'], 'details': {'symbol': 'XLF', 'qty': 17, 'price': 56.880001068115234, 'side': 'long', 'notional': 966.960018157959, 'open_position_count': 3, 'today_realized_pnl': 0.0, 'risk_group': 'state_ext=stretched_up + state_slope=flat', 'aggregate_risk': {'current_open_risk_dollars': 34.44, 'proposed_r_dollars': 22.76, 'projected_open_risk_dollars': 57.19, 'budget_dollars': 1997.81, 'max_aggregate_open_risk_pct': 0.02}, 'gross_notional': {'current_open_notional': 741.03, 'proposed_notional': 966.96, 'projected_open_notional': 1707.99, 'budget_notional': 99890.6, 'target_leverage_multiple': 1.0}, 'margin_cushion': {'reason': 'margin cushion check inactive (missing buying_power/equity/multiple/cushion)'}, 'reconciliation_health': {'ok': True, 'total_order_ids': 49, 'resolved_order_ids': 49, 'unresolved_order_ids': [], 'errors': [], 'reason': 'ok'}}}",already have an open position in XLF,,,,
exit_intent,exit,SPY,stable filter broken: state_slope=flat (expected downtrend); horizon reached: held 8 bars >= 5 (1h),,b6d2855c-431d-4ccd-bbd5-5905e36d14c7,2026-07-29T03:46:45.012809+00:00,2026-07-29T03:48:03.306637+00:00,,,,,,close_already_pending,,state_session=afternoon + state_slope=downtrend,state_slope=downtrend,{'state_slope': 'flat'},8.0,5.0,1h,False,trade_journal,,,,,,,,,,,,,,,,,,,,,,,,,,,,,,,,,,,,
stop_intent,stop_unchanged,AEP,,128.74,,2026-07-29T03:46:45.040639+00:00,2026-07-29T03:48:03.333052+00:00,initial,6.0,-0.109,,,,,,,,,,,,,,,,,,,,,,,,,,,,,,,,,,,,,,,,,,,,,,,,
stop_intent,stop_unchanged,SPY,,732.4544,,2026-07-29T03:46:45.040646+00:00,2026-07-29T03:48:03.359146+00:00,initial,1.0,0.193,,,,,,,,,,,,,,,,,,,,,,,,,,,,,,,,,,,,,,,,,,,,,,,,
entry_signal,block,XLF,risk_gate,,,2026-07-29T03:47:48.420002+00:00,2026-07-29T03:48:03.385321+00:00,,,,,,,,state_ext=stretched_up + state_slope=flat,,,,,1d,,,,,,insample,True,False,2026-07-27 04:00:00+00:00,56.880001068115234,"{'state_ext': 'stretched_up', 'state_slope': 'flat', 'state_vol': 'low_vol', 'state_volume': 'vol_normal', 'state_session': 'afternoon', 'state_dow': 'Mon', 'state_utc_session': 'utc_asia', 'state_weekpart': 'weekday', 'state_ret_1': 'ret_up', 'state_ret_3': 'ret_up', 'state_ret_5': 'ret_up', 'state_ret_10': 'ret_flat', 'state_ret_20': 'ret_flat', 'state_atr_ext': 'atr_up', 'state_vol_regime': 'vol_regime_mid', 'state_trend_strength': 'weak_trend', 'state_gap': 'gap_up', 'state_range_pos': 'range_mid', 'state_ret_day': 'ret_day_up', 'state_vol_day': 'vol_day_low', 'state_funding': 'funding_neutral', 'state_oi': 'oi_flat', 'state_cot': 'cot_neutral', 'state_vix': 'vix_mid', 'state_breadth': 'breadth_mixed', 'state_dxy': 'dxy_flat'}",,long,17.0,buy,966.960018157959,state_ext=stretched_up + state_slope=flat,5.0,2.0,XLF,gate_disabled,True,,,,conviction_with_vol_rail,1.0,1000.0,0.6693,17.0,447.0,14.0,"{'allowed': False, 'reasons': ['already have an open position in XLF'], 'details': {'symbol': 'XLF', 'qty': 17, 'price': 56.880001068115234, 'side': 'long', 'notional': 966.960018157959, 'open_position_count': 3, 'today_realized_pnl': 0.0, 'risk_group': 'state_ext=stretched_up + state_slope=flat', 'aggregate_risk': {'current_open_risk_dollars': 34.44, 'proposed_r_dollars': 22.76, 'projected_open_risk_dollars': 57.19, 'budget_dollars': 1997.78, 'max_aggregate_open_risk_pct': 0.02}, 'gross_notional': {'current_open_notional': 739.55, 'proposed_notional': 966.96, 'projected_open_notional': 1706.51, 'budget_notional': 99889.12, 'target_leverage_multiple': 1.0}, 'margin_cushion': {'reason': 'margin cushion check inactive (missing buying_power/equity/multiple/cushion)'}, 'reconciliation_health': {'ok': True, 'total_order_ids': 49, 'resolved_order_ids': 49, 'unresolved_order_ids': [], 'errors': [], 'reason': 'ok'}}}",already have an open position in XLF,,,,
exit_intent,exit,SPY,stable filter broken: state_slope=flat (expected downtrend); horizon reached: held 8 bars >= 5 (1h),,b6d2855c-431d-4ccd-bbd5-5905e36d14c7,2026-07-29T04:46:21.251973+00:00,2026-07-29T04:47:38.906430+00:00,,,,,,close_already_pending,,state_session=afternoon + state_slope=downtrend,state_slope=downtrend,{'state_slope': 'flat'},8.0,5.0,1h,False,trade_journal,,,,,,,,,,,,,,,,,,,,,,,,,,,,,,,,,,,,
stop_intent,stop_unchanged,AEP,,128.74,,2026-07-29T04:46:21.279779+00:00,2026-07-29T04:47:38.931944+00:00,initial,6.0,-0.109,,,,,,,,,,,,,,,,,,,,,,,,,,,,,,,,,,,,,,,,,,,,,,,,
stop_intent,stop_unchanged,SPY,,732.4544,,2026-07-29T04:46:21.279786+00:00,2026-07-29T04:47:38.956309+00:00,initial,1.0,0.019,,,,,,,,,,,,,,,,,,,,,,,,,,,,,,,,,,,,,,,,,,,,,,,,
entry_signal,block,XLF,risk_gate,,,2026-07-29T04:47:24.288171+00:00,2026-07-29T04:47:38.981158+00:00,,,,,,,,state_ext=stretched_up + state_slope=flat,,,,,1d,,,,,,insample,True,False,2026-07-27 04:00:00+00:00,56.880001068115234,"{'state_ext': 'stretched_up', 'state_slope': 'flat', 'state_vol': 'low_vol', 'state_volume': 'vol_normal', 'state_session': 'afternoon', 'state_dow': 'Mon', 'state_utc_session': 'utc_asia', 'state_weekpart': 'weekday', 'state_ret_1': 'ret_up', 'state_ret_3': 'ret_up', 'state_ret_5': 'ret_up', 'state_ret_10': 'ret_flat', 'state_ret_20': 'ret_flat', 'state_atr_ext': 'atr_up', 'state_vol_regime': 'vol_regime_mid', 'state_trend_strength': 'weak_trend', 'state_gap': 'gap_up', 'state_range_pos': 'range_mid', 'state_ret_day': 'ret_day_up', 'state_vol_day': 'vol_day_low', 'state_funding': 'funding_neutral', 'state_oi': 'oi_flat', 'state_cot': 'cot_neutral', 'state_vix': 'vix_mid', 'state_breadth': 'breadth_mixed', 'state_dxy': 'dxy_flat'}",,long,17.0,buy,966.960018157959,state_ext=stretched_up + state_slope=flat,5.0,2.0,XLF,gate_disabled,True,,,,conviction_with_vol_rail,1.0,1000.0,0.6693,17.0,447.0,14.0,"{'allowed': False, 'reasons': ['already have an open position in XLF'], 'details': {'symbol': 'XLF', 'qty': 17, 'price': 56.880001068115234, 'side': 'long', 'notional': 966.960018157959, 'open_position_count': 3, 'today_realized_pnl': 0.0, 'risk_group': 'state_ext=stretched_up + state_slope=flat', 'aggregate_risk': {'current_open_risk_dollars': 34.44, 'proposed_r_dollars': 22.76, 'projected_open_risk_dollars': 57.19, 'budget_dollars': 1997.76, 'max_aggregate_open_risk_pct': 0.02}, 'gross_notional': {'current_open_notional': 738.51, 'proposed_notional': 966.96, 'projected_open_notional': 1705.47, 'budget_notional': 99888.08, 'target_leverage_multiple': 1.0}, 'margin_cushion': {'reason': 'margin cushion check inactive (missing buying_power/equity/multiple/cushion)'}, 'reconciliation_health': {'ok': True, 'total_order_ids': 49, 'resolved_order_ids': 49, 'unresolved_order_ids': [], 'errors': [], 'reason': 'ok'}}}",already have an open position in XLF,,,,
exit_intent,exit,SPY,stable filter broken: state_slope=flat (expected downtrend); horizon reached: held 8 bars >= 5 (1h),,b6d2855c-431d-4ccd-bbd5-5905e36d14c7,2026-07-29T05:46:25.959919+00:00,2026-07-29T05:47:28.215135+00:00,,,,,,close_already_pending,,state_session=afternoon + state_slope=downtrend,state_slope=downtrend,{'state_slope': 'flat'},8.0,5.0,1h,False,trade_journal,,,,,,,,,,,,,,,,,,,,,,,,,,,,,,,,,,,,
stop_intent,stop_unchanged,AEP,,128.74,,2026-07-29T05:46:25.987430+00:00,2026-07-29T05:47:28.238448+00:00,initial,6.0,-0.109,,,,,,,,,,,,,,,,,,,,,,,,,,,,,,,,,,,,,,,,,,,,,,,,
stop_intent,stop_unchanged,SPY,,732.4544,,2026-07-29T05:46:25.987437+00:00,2026-07-29T05:47:28.261173+00:00,initial,1.0,0.353,,,,,,,,,,,,,,,,,,,,,,,,,,,,,,,,,,,,,,,,,,,,,,,,
entry_signal,block,XLF,risk_gate,,,2026-07-29T05:47:16.732779+00:00,2026-07-29T05:47:28.284031+00:00,,,,,,,,state_ext=stretched_up + state_slope=flat,,,,,1d,,,,,,insample,True,False,2026-07-27 04:00:00+00:00,56.880001068115234,"{'state_ext': 'stretched_up', 'state_slope': 'flat', 'state_vol': 'low_vol', 'state_volume': 'vol_normal', 'state_session': 'afternoon', 'state_dow': 'Mon', 'state_utc_session': 'utc_asia', 'state_weekpart': 'weekday', 'state_ret_1': 'ret_up', 'state_ret_3': 'ret_up', 'state_ret_5': 'ret_up', 'state_ret_10': 'ret_flat', 'state_ret_20': 'ret_flat', 'state_atr_ext': 'atr_up', 'state_vol_regime': 'vol_regime_mid', 'state_trend_strength': 'weak_trend', 'state_gap': 'gap_up', 'state_range_pos': 'range_mid', 'state_ret_day': 'ret_day_up', 'state_vol_day': 'vol_day_low', 'state_funding': 'funding_neutral', 'state_oi': 'oi_flat', 'state_cot': 'cot_neutral', 'state_vix': 'vix_mid', 'state_breadth': 'breadth_mixed', 'state_dxy': 'dxy_flat'}",,long,17.0,buy,966.960018157959,state_ext=stretched_up + state_slope=flat,5.0,2.0,XLF,gate_disabled,True,,,,conviction_with_vol_rail,1.0,1000.0,0.6693,17.0,447.0,14.0,"{'allowed': False, 'reasons': ['already have an open position in XLF'], 'details': {'symbol': 'XLF', 'qty': 17, 'price': 56.880001068115234, 'side': 'long', 'notional': 966.960018157959, 'open_position_count': 3, 'today_realized_pnl': 0.0, 'risk_group': 'state_ext=stretched_up + state_slope=flat', 'aggregate_risk': {'current_open_risk_dollars': 34.44, 'proposed_r_dollars': 22.76, 'projected_open_risk_dollars': 57.19, 'budget_dollars': 1997.8, 'max_aggregate_open_risk_pct': 0.02}, 'gross_notional': {'current_open_notional': 740.5, 'proposed_notional': 966.96, 'projected_open_notional': 1707.46, 'budget_notional': 99890.07, 'target_leverage_multiple': 1.0}, 'margin_cushion': {'reason': 'margin cushion check inactive (missing buying_power/equity/multiple/cushion)'}, 'reconciliation_health': {'ok': True, 'total_order_ids': 49, 'resolved_order_ids': 49, 'unresolved_order_ids': [], 'errors': [], 'reason': 'ok'}}}",already have an open position in XLF,,,,
exit_intent,exit,SPY,stable filter broken: state_slope=flat (expected downtrend); horizon reached: held 8 bars >= 5 (1h),,b6d2855c-431d-4ccd-bbd5-5905e36d14c7,2026-07-29T06:46:26.421758+00:00,2026-07-29T06:47:41.815246+00:00,,,,,,close_already_pending,,state_session=afternoon + state_slope=downtrend,state_slope=downtrend,{'state_slope': 'flat'},8.0,5.0,1h,False,trade_journal,,,,,,,,,,,,,,,,,,,,,,,,,,,,,,,,,,,,
stop_intent,stop_unchanged,AEP,,128.74,,2026-07-29T06:46:26.448148+00:00,2026-07-29T06:47:41.840857+00:00,initial,6.0,-0.109,,,,,,,,,,,,,,,,,,,,,,,,,,,,,,,,,,,,,,,,,,,,,,,,
stop_intent,stop_unchanged,SPY,,732.4544,,2026-07-29T06:46:26.448155+00:00,2026-07-29T06:47:41.865887+00:00,initial,1.0,0.55,,,,,,,,,,,,,,,,,,,,,,,,,,,,,,,,,,,,,,,,,,,,,,,,
entry_signal,block,XLF,risk_gate,,,2026-07-29T06:47:27.726509+00:00,2026-07-29T06:47:41.890422+00:00,,,,,,,,state_ext=stretched_up + state_slope=flat,,,,,1d,,,,,,insample,True,False,2026-07-27 04:00:00+00:00,56.880001068115234,"{'state_ext': 'stretched_up', 'state_slope': 'flat', 'state_vol': 'low_vol', 'state_volume': 'vol_normal', 'state_session': 'afternoon', 'state_dow': 'Mon', 'state_utc_session': 'utc_asia', 'state_weekpart': 'weekday', 'state_ret_1': 'ret_up', 'state_ret_3': 'ret_up', 'state_ret_5': 'ret_up', 'state_ret_10': 'ret_flat', 'state_ret_20': 'ret_flat', 'state_atr_ext': 'atr_up', 'state_vol_regime': 'vol_regime_mid', 'state_trend_strength': 'weak_trend', 'state_gap': 'gap_up', 'state_range_pos': 'range_mid', 'state_ret_day': 'ret_day_up', 'state_vol_day': 'vol_day_low', 'state_funding': 'funding_neutral', 'state_oi': 'oi_flat', 'state_cot': 'cot_neutral', 'state_vix': 'vix_mid', 'state_breadth': 'breadth_mixed', 'state_dxy': 'dxy_flat'}",,long,17.0,buy,966.960018157959,state_ext=stretched_up + state_slope=flat,5.0,2.0,XLF,gate_disabled,True,,,,conviction_with_vol_rail,1.0,1000.0,0.6693,17.0,447.0,14.0,"{'allowed': False, 'reasons': ['already have an open position in XLF'], 'details': {'symbol': 'XLF', 'qty': 17, 'price': 56.880001068115234, 'side': 'long', 'notional': 966.960018157959, 'open_position_count': 3, 'today_realized_pnl': 0.0, 'risk_group': 'state_ext=stretched_up + state_slope=flat', 'aggregate_risk': {'current_open_risk_dollars': 34.44, 'proposed_r_dollars': 22.76, 'projected_open_risk_dollars': 57.19, 'budget_dollars': 1997.82, 'max_aggregate_open_risk_pct': 0.02}, 'gross_notional': {'current_open_notional': 741.67, 'proposed_notional': 966.96, 'projected_open_notional': 1708.63, 'budget_notional': 99891.24, 'target_leverage_multiple': 1.0}, 'margin_cushion': {'reason': 'margin cushion check inactive (missing buying_power/equity/multiple/cushion)'}, 'reconciliation_health': {'ok': True, 'total_order_ids': 49, 'resolved_order_ids': 49, 'unresolved_order_ids': [], 'errors': [], 'reason': 'ok'}}}",already have an open position in XLF,,,,
exit_intent,exit,SPY,stable filter broken: state_slope=flat (expected downtrend); horizon reached: held 8 bars >= 5 (1h),,b6d2855c-431d-4ccd-bbd5-5905e36d14c7,2026-07-29T07:46:31.056309+00:00,2026-07-29T07:47:34.108664+00:00,,,,,,close_already_pending,,state_session=afternoon + state_slope=downtrend,state_slope=downtrend,{'state_slope': 'flat'},8.0,5.0,1h,False,trade_journal,,,,,,,,,,,,,,,,,,,,,,,,,,,,,,,,,,,,
stop_intent,stop_unchanged,AEP,,128.74,,2026-07-29T07:46:31.082723+00:00,2026-07-29T07:47:34.132365+00:00,initial,6.0,-0.109,,,,,,,,,,,,,,,,,,,,,,,,,,,,,,,,,,,,,,,,,,,,,,,,
stop_intent,stop_unchanged,SPY,,732.4544,,2026-07-29T07:46:31.082730+00:00,2026-07-29T07:47:34.154964+00:00,initial,1.0,0.7,,,,,,,,,,,,,,,,,,,,,,,,,,,,,,,,,,,,,,,,,,,,,,,,
entry_signal,block,XLF,risk_gate,,,2026-07-29T07:47:22.802684+00:00,2026-07-29T07:47:34.177584+00:00,,,,,,,,state_ext=stretched_up + state_slope=flat,,,,,1d,,,,,,insample,True,False,2026-07-27 04:00:00+00:00,56.880001068115234,"{'state_ext': 'stretched_up', 'state_slope': 'flat', 'state_vol': 'low_vol', 'state_volume': 'vol_normal', 'state_session': 'afternoon', 'state_dow': 'Mon', 'state_utc_session': 'utc_asia', 'state_weekpart': 'weekday', 'state_ret_1': 'ret_up', 'state_ret_3': 'ret_up', 'state_ret_5': 'ret_up', 'state_ret_10': 'ret_flat', 'state_ret_20': 'ret_flat', 'state_atr_ext': 'atr_up', 'state_vol_regime': 'vol_regime_mid', 'state_trend_strength': 'weak_trend', 'state_gap': 'gap_up', 'state_range_pos': 'range_mid', 'state_ret_day': 'ret_day_up', 'state_vol_day': 'vol_day_low', 'state_funding': 'funding_neutral', 'state_oi': 'oi_flat', 'state_cot': 'cot_neutral', 'state_vix': 'vix_mid', 'state_breadth': 'breadth_mixed', 'state_dxy': 'dxy_flat'}",,long,17.0,buy,966.960018157959,state_ext=stretched_up + state_slope=flat,5.0,2.0,XLF,gate_disabled,True,,,,conviction_with_vol_rail,1.0,1000.0,0.6693,17.0,447.0,14.0,"{'allowed': False, 'reasons': ['already have an open position in XLF'], 'details': {'symbol': 'XLF', 'qty': 17, 'price': 56.880001068115234, 'side': 'long', 'notional': 966.960018157959, 'open_position_count': 3, 'today_realized_pnl': 0.0, 'risk_group': 'state_ext=stretched_up + state_slope=flat', 'aggregate_risk': {'current_open_risk_dollars': 34.44, 'proposed_r_dollars': 22.76, 'projected_open_risk_dollars': 57.19, 'budget_dollars': 1997.84, 'max_aggregate_open_risk_pct': 0.02}, 'gross_notional': {'current_open_notional': 742.56, 'proposed_notional': 966.96, 'projected_open_notional': 1709.52, 'budget_notional': 99892.1, 'target_leverage_multiple': 1.0}, 'margin_cushion': {'reason': 'margin cushion check inactive (missing buying_power/equity/multiple/cushion)'}, 'reconciliation_health': {'ok': True, 'total_order_ids': 49, 'resolved_order_ids': 49, 'unresolved_order_ids': [], 'errors': [], 'reason': 'ok'}}}",already have an open position in XLF,,,,
exit_intent,exit,SPY,stable filter broken: state_slope=flat (expected downtrend); horizon reached: held 8 bars >= 5 (1h),,b6d2855c-431d-4ccd-bbd5-5905e36d14c7,2026-07-29T08:46:28.124280+00:00,2026-07-29T08:47:31.659333+00:00,,,,,,close_already_pending,,state_session=afternoon + state_slope=downtrend,state_slope=downtrend,{'state_slope': 'flat'},8.0,5.0,1h,False,trade_journal,,,,,,,,,,,,,,,,,,,,,,,,,,,,,,,,,,,,
stop_intent,stop_unchanged,AEP,,128.74,,2026-07-29T08:46:28.153466+00:00,2026-07-29T08:47:31.685104+00:00,initial,6.0,0.205,,,,,,,,,,,,,,,,,,,,,,,,,,,,,,,,,,,,,,,,,,,,,,,,
stop_intent,stop_unchanged,SPY,,732.4544,,2026-07-29T08:46:28.153473+00:00,2026-07-29T08:47:31.710007+00:00,initial,1.0,0.71,,,,,,,,,,,,,,,,,,,,,,,,,,,,,,,,,,,,,,,,,,,,,,,,
entry_signal,block,XLF,risk_gate,,,2026-07-29T08:47:20.266878+00:00,2026-07-29T08:47:31.734772+00:00,,,,,,,,state_ext=stretched_up + state_slope=flat,,,,,1d,,,,,,insample,True,False,2026-07-27 04:00:00+00:00,56.880001068115234,"{'state_ext': 'stretched_up', 'state_slope': 'flat', 'state_vol': 'low_vol', 'state_volume': 'vol_normal', 'state_session': 'afternoon', 'state_dow': 'Mon', 'state_utc_session': 'utc_asia', 'state_weekpart': 'weekday', 'state_ret_1': 'ret_up', 'state_ret_3': 'ret_up', 'state_ret_5': 'ret_up', 'state_ret_10': 'ret_flat', 'state_ret_20': 'ret_flat', 'state_atr_ext': 'atr_up', 'state_vol_regime': 'vol_regime_mid', 'state_trend_strength': 'weak_trend', 'state_gap': 'gap_up', 'state_range_pos': 'range_mid', 'state_ret_day': 'ret_day_up', 'state_vol_day': 'vol_day_low', 'state_funding': 'funding_neutral', 'state_oi': 'oi_flat', 'state_cot': 'cot_neutral', 'state_vix': 'vix_mid', 'state_breadth': 'breadth_mixed', 'state_dxy': 'dxy_flat'}",,long,17.0,buy,966.960018157959,state_ext=stretched_up + state_slope=flat,5.0,2.0,XLF,gate_disabled,True,,,,conviction_with_vol_rail,1.0,1000.0,0.6693,17.0,447.0,14.0,"{'allowed': False, 'reasons': ['already have an open position in XLF'], 'details': {'symbol': 'XLF', 'qty': 17, 'price': 56.880001068115234, 'side': 'long', 'notional': 966.960018157959, 'open_position_count': 3, 'today_realized_pnl': 0.0, 'risk_group': 'state_ext=stretched_up + state_slope=flat', 'aggregate_risk': {'current_open_risk_dollars': 34.44, 'proposed_r_dollars': 22.76, 'projected_open_risk_dollars': 57.19, 'budget_dollars': 1998.02, 'max_aggregate_open_risk_pct': 0.02}, 'gross_notional': {'current_open_notional': 742.62, 'proposed_notional': 966.96, 'projected_open_notional': 1709.58, 'budget_notional': 99901.1, 'target_leverage_multiple': 1.0}, 'margin_cushion': {'reason': 'margin cushion check inactive (missing buying_power/equity/multiple/cushion)'}, 'reconciliation_health': {'ok': True, 'total_order_ids': 49, 'resolved_order_ids': 49, 'unresolved_order_ids': [], 'errors': [], 'reason': 'ok'}}}",already have an open position in XLF,,,,
exit_intent,exit,SPY,stable filter broken: state_slope=flat (expected downtrend); horizon reached: held 8 bars >= 5 (1h),,b6d2855c-431d-4ccd-bbd5-5905e36d14c7,2026-07-29T09:46:48.987958+00:00,2026-07-29T09:48:05.096589+00:00,,,,,,close_already_pending,,state_session=afternoon + state_slope=downtrend,state_slope=downtrend,{'state_slope': 'flat'},8.0,5.0,1h,False,trade_journal,,,,,,,,,,,,,,,,,,,,,,,,,,,,,,,,,,,,
stop_intent,stop_unchanged,AEP,,128.74,,2026-07-29T09:46:49.014658+00:00,2026-07-29T09:48:05.121657+00:00,initial,6.0,0.205,,,,,,,,,,,,,,,,,,,,,,,,,,,,,,,,,,,,,,,,,,,,,,,,
stop_intent,stop_unchanged,SPY,,732.4544,,2026-07-29T09:46:49.014665+00:00,2026-07-29T09:48:05.145936+00:00,initial,1.0,0.735,,,,,,,,,,,,,,,,,,,,,,,,,,,,,,,,,,,,,,,,,,,,,,,,
entry_signal,block,XLF,risk_gate,,,2026-07-29T09:47:50.467203+00:00,2026-07-29T09:48:05.170315+00:00,,,,,,,,state_ext=stretched_up + state_slope=flat,,,,,1d,,,,,,insample,True,False,2026-07-27 04:00:00+00:00,56.880001068115234,"{'state_ext': 'stretched_up', 'state_slope': 'flat', 'state_vol': 'low_vol', 'state_volume': 'vol_normal', 'state_session': 'afternoon', 'state_dow': 'Mon', 'state_utc_session': 'utc_asia', 'state_weekpart': 'weekday', 'state_ret_1': 'ret_up', 'state_ret_3': 'ret_up', 'state_ret_5': 'ret_up', 'state_ret_10': 'ret_flat', 'state_ret_20': 'ret_flat', 'state_atr_ext': 'atr_up', 'state_vol_regime': 'vol_regime_mid', 'state_trend_strength': 'weak_trend', 'state_gap': 'gap_up', 'state_range_pos': 'range_mid', 'state_ret_day': 'ret_day_up', 'state_vol_day': 'vol_day_low', 'state_funding': 'funding_neutral', 'state_oi': 'oi_flat', 'state_cot': 'cot_neutral', 'state_vix': 'vix_mid', 'state_breadth': 'breadth_mixed', 'state_dxy': 'dxy_flat'}",,long,17.0,buy,966.960018157959,state_ext=stretched_up + state_slope=flat,5.0,2.0,XLF,gate_disabled,True,,,,conviction_with_vol_rail,1.0,1000.0,0.6693,17.0,447.0,14.0,"{'allowed': False, 'reasons': ['already have an open position in XLF'], 'details': {'symbol': 'XLF', 'qty': 17, 'price': 56.880001068115234, 'side': 'long', 'notional': 966.960018157959, 'open_position_count': 3, 'today_realized_pnl': 0.0, 'risk_group': 'state_ext=stretched_up + state_slope=flat', 'aggregate_risk': {'current_open_risk_dollars': 34.44, 'proposed_r_dollars': 22.76, 'projected_open_risk_dollars': 57.19, 'budget_dollars': 1998.03, 'max_aggregate_open_risk_pct': 0.02}, 'gross_notional': {'current_open_notional': 742.77, 'proposed_notional': 966.96, 'projected_open_notional': 1709.73, 'budget_notional': 99901.25, 'target_leverage_multiple': 1.0}, 'margin_cushion': {'reason': 'margin cushion check inactive (missing buying_power/equity/multiple/cushion)'}, 'reconciliation_health': {'ok': True, 'total_order_ids': 49, 'resolved_order_ids': 49, 'unresolved_order_ids': [], 'errors': [], 'reason': 'ok'}}}",already have an open position in XLF,,,,
exit_intent,exit,SPY,stable filter broken: state_slope=flat (expected downtrend); horizon reached: held 8 bars >= 5 (1h),,b6d2855c-431d-4ccd-bbd5-5905e36d14c7,2026-07-29T10:46:35.657543+00:00,2026-07-29T10:47:51.572453+00:00,,,,,,close_already_pending,,state_session=afternoon + state_slope=downtrend,state_slope=downtrend,{'state_slope': 'flat'},8.0,5.0,1h,False,trade_journal,,,,,,,,,,,,,,,,,,,,,,,,,,,,,,,,,,,,
stop_intent,stop_unchanged,AEP,,128.74,,2026-07-29T10:46:35.683435+00:00,2026-07-29T10:47:51.598279+00:00,initial,6.0,0.205,,,,,,,,,,,,,,,,,,,,,,,,,,,,,,,,,,,,,,,,,,,,,,,,
stop_intent,stop_unchanged,SPY,,732.4544,,2026-07-29T10:46:35.683442+00:00,2026-07-29T10:47:51.622371+00:00,initial,1.0,0.636,,,,,,,,,,,,,,,,,,,,,,,,,,,,,,,,,,,,,,,,,,,,,,,,
entry_signal,block,XLF,risk_gate,,,2026-07-29T10:47:37.237740+00:00,2026-07-29T10:47:51.646480+00:00,,,,,,,,state_ext=stretched_up + state_slope=flat,,,,,1d,,,,,,insample,True,False,2026-07-27 04:00:00+00:00,56.880001068115234,"{'state_ext': 'stretched_up', 'state_slope': 'flat', 'state_vol': 'low_vol', 'state_volume': 'vol_normal', 'state_session': 'afternoon', 'state_dow': 'Mon', 'state_utc_session': 'utc_asia', 'state_weekpart': 'weekday', 'state_ret_1': 'ret_up', 'state_ret_3': 'ret_up', 'state_ret_5': 'ret_up', 'state_ret_10': 'ret_flat', 'state_ret_20': 'ret_flat', 'state_atr_ext': 'atr_up', 'state_vol_regime': 'vol_regime_mid', 'state_trend_strength': 'weak_trend', 'state_gap': 'gap_up', 'state_range_pos': 'range_mid', 'state_ret_day': 'ret_day_up', 'state_vol_day': 'vol_day_low', 'state_funding': 'funding_neutral', 'state_oi': 'oi_flat', 'state_cot': 'cot_neutral', 'state_vix': 'vix_mid', 'state_breadth': 'breadth_mixed', 'state_dxy': 'dxy_flat'}",,long,17.0,buy,966.960018157959,state_ext=stretched_up + state_slope=flat,5.0,2.0,XLF,gate_disabled,True,,,,conviction_with_vol_rail,1.0,1000.0,0.6693,17.0,447.0,14.0,"{'allowed': False, 'reasons': ['already have an open position in XLF'], 'details': {'symbol': 'XLF', 'qty': 17, 'price': 56.880001068115234, 'side': 'long', 'notional': 966.960018157959, 'open_position_count': 3, 'today_realized_pnl': 0.0, 'risk_group': 'state_ext=stretched_up + state_slope=flat', 'aggregate_risk': {'current_open_risk_dollars': 34.44, 'proposed_r_dollars': 22.76, 'projected_open_risk_dollars': 57.19, 'budget_dollars': 1998.02, 'max_aggregate_open_risk_pct': 0.02}, 'gross_notional': {'current_open_notional': 742.18, 'proposed_notional': 966.96, 'projected_open_notional': 1709.14, 'budget_notional': 99900.81, 'target_leverage_multiple': 1.0}, 'margin_cushion': {'reason': 'margin cushion check inactive (missing buying_power/equity/multiple/cushion)'}, 'reconciliation_health': {'ok': True, 'total_order_ids': 49, 'resolved_order_ids': 49, 'unresolved_order_ids': [], 'errors': [], 'reason': 'ok'}}}",already have an open position in XLF,,,,
exit_intent,exit,SPY,stable filter broken: state_slope=flat (expected downtrend); horizon reached: held 8 bars >= 5 (1h),,b6d2855c-431d-4ccd-bbd5-5905e36d14c7,2026-07-29T11:46:19.224811+00:00,2026-07-29T11:47:33.413071+00:00,,,,,,close_already_pending,,state_session=afternoon + state_slope=downtrend,state_slope=downtrend,{'state_slope': 'flat'},8.0,5.0,1h,False,trade_journal,,,,,,,,,,,,,,,,,,,,,,,,,,,,,,,,,,,,
stop_intent,stop_unchanged,AEP,,128.74,,2026-07-29T11:46:19.252846+00:00,2026-07-29T11:47:33.438401+00:00,initial,6.0,0.205,,,,,,,,,,,,,,,,,,,,,,,,,,,,,,,,,,,,,,,,,,,,,,,,
stop_intent,stop_unchanged,SPY,,732.4544,,2026-07-29T11:46:19.252853+00:00,2026-07-29T11:47:33.462900+00:00,initial,1.0,0.616,,,,,,,,,,,,,,,,,,,,,,,,,,,,,,,,,,,,,,,,,,,,,,,,
entry_signal,block,XLF,risk_gate,,,2026-07-29T11:47:19.533947+00:00,2026-07-29T11:47:33.487262+00:00,,,,,,,,state_ext=stretched_up + state_slope=flat,,,,,1d,,,,,,insample,True,False,2026-07-27 04:00:00+00:00,56.880001068115234,"{'state_ext': 'stretched_up', 'state_slope': 'flat', 'state_vol': 'low_vol', 'state_volume': 'vol_normal', 'state_session': 'afternoon', 'state_dow': 'Mon', 'state_utc_session': 'utc_asia', 'state_weekpart': 'weekday', 'state_ret_1': 'ret_up', 'state_ret_3': 'ret_up', 'state_ret_5': 'ret_up', 'state_ret_10': 'ret_flat', 'state_ret_20': 'ret_flat', 'state_atr_ext': 'atr_up', 'state_vol_regime': 'vol_regime_mid', 'state_trend_strength': 'weak_trend', 'state_gap': 'gap_up', 'state_range_pos': 'range_mid', 'state_ret_day': 'ret_day_up', 'state_vol_day': 'vol_day_low', 'state_funding': 'funding_neutral', 'state_oi': 'oi_flat', 'state_cot': 'cot_neutral', 'state_vix': 'vix_mid', 'state_breadth': 'breadth_mixed', 'state_dxy': 'dxy_flat'}",,long,17.0,buy,966.960018157959,state_ext=stretched_up + state_slope=flat,5.0,2.0,XLF,gate_disabled,True,,,,conviction_with_vol_rail,1.0,1000.0,0.6693,17.0,447.0,14.0,"{'allowed': False, 'reasons': ['already have an open position in XLF'], 'details': {'symbol': 'XLF', 'qty': 17, 'price': 56.880001068115234, 'side': 'long', 'notional': 966.960018157959, 'open_position_count': 3, 'today_realized_pnl': 0.0, 'risk_group': 'state_ext=stretched_up + state_slope=flat', 'aggregate_risk': {'current_open_risk_dollars': 34.44, 'proposed_r_dollars': 22.76, 'projected_open_risk_dollars': 57.19, 'budget_dollars': 1998.01, 'max_aggregate_open_risk_pct': 0.02}, 'gross_notional': {'current_open_notional': 742.06, 'proposed_notional': 966.96, 'projected_open_notional': 1709.02, 'budget_notional': 99900.55, 'target_leverage_multiple': 1.0}, 'margin_cushion': {'reason': 'margin cushion check inactive (missing buying_power/equity/multiple/cushion)'}, 'reconciliation_health': {'ok': True, 'total_order_ids': 49, 'resolved_order_ids': 49, 'unresolved_order_ids': [], 'errors': [], 'reason': 'ok'}}}",already have an open position in XLF,,,,
exit_intent,exit,SPY,stable filter broken: state_slope=flat (expected downtrend); horizon reached: held 8 bars >= 5 (1h),,b6d2855c-431d-4ccd-bbd5-5905e36d14c7,2026-07-29T12:46:29.681437+00:00,2026-07-29T12:47:31.588022+00:00,,,,,,close_already_pending,,state_session=afternoon + state_slope=downtrend,state_slope=downtrend,{'state_slope': 'flat'},8.0,5.0,1h,False,trade_journal,,,,,,,,,,,,,,,,,,,,,,,,,,,,,,,,,,,,
stop_intent,stop_unchanged,AEP,,128.74,,2026-07-29T12:46:29.707149+00:00,2026-07-29T12:47:31.612260+00:00,initial,6.0,0.205,,,,,,,,,,,,,,,,,,,,,,,,,,,,,,,,,,,,,,,,,,,,,,,,
stop_intent,stop_unchanged,SPY,,732.4544,,2026-07-29T12:46:29.707156+00:00,2026-07-29T12:47:31.635604+00:00,initial,1.0,0.414,,,,,,,,,,,,,,,,,,,,,,,,,,,,,,,,,,,,,,,,,,,,,,,,
entry_signal,block,XLF,risk_gate,,,2026-07-29T12:47:20.411932+00:00,2026-07-29T12:47:31.658621+00:00,,,,,,,,state_ext=stretched_up + state_slope=flat,,,,,1d,,,,,,insample,True,False,2026-07-27 04:00:00+00:00,56.880001068115234,"{'state_ext': 'stretched_up', 'state_slope': 'flat', 'state_vol': 'low_vol', 'state_volume': 'vol_normal', 'state_session': 'afternoon', 'state_dow': 'Mon', 'state_utc_session': 'utc_asia', 'state_weekpart': 'weekday', 'state_ret_1': 'ret_up', 'state_ret_3': 'ret_up', 'state_ret_5': 'ret_up', 'state_ret_10': 'ret_flat', 'state_ret_20': 'ret_flat', 'state_atr_ext': 'atr_up', 'state_vol_regime': 'vol_regime_mid', 'state_trend_strength': 'weak_trend', 'state_gap': 'gap_up', 'state_range_pos': 'range_mid', 'state_ret_day': 'ret_day_up', 'state_vol_day': 'vol_day_low', 'state_funding': 'funding_neutral', 'state_oi': 'oi_flat', 'state_cot': 'cot_neutral', 'state_vix': 'vix_mid', 'state_breadth': 'breadth_mixed', 'state_dxy': 'dxy_flat'}",,long,17.0,buy,966.960018157959,state_ext=stretched_up + state_slope=flat,5.0,2.0,XLF,gate_disabled,True,,,,conviction_with_vol_rail,1.0,1000.0,0.6693,17.0,447.0,14.0,"{'allowed': False, 'reasons': ['already have an open position in XLF'], 'details': {'symbol': 'XLF', 'qty': 17, 'price': 56.880001068115234, 'side': 'long', 'notional': 966.960018157959, 'open_position_count': 3, 'today_realized_pnl': 0.0, 'risk_group': 'state_ext=stretched_up + state_slope=flat', 'aggregate_risk': {'current_open_risk_dollars': 34.44, 'proposed_r_dollars': 22.76, 'projected_open_risk_dollars': 57.19, 'budget_dollars': 1997.99, 'max_aggregate_open_risk_pct': 0.02}, 'gross_notional': {'current_open_notional': 740.86, 'proposed_notional': 966.96, 'projected_open_notional': 1707.82, 'budget_notional': 99899.3, 'target_leverage_multiple': 1.0}, 'margin_cushion': {'reason': 'margin cushion check inactive (missing buying_power/equity/multiple/cushion)'}, 'reconciliation_health': {'ok': True, 'total_order_ids': 49, 'resolved_order_ids': 49, 'unresolved_order_ids': [], 'errors': [], 'reason': 'ok'}}}",already have an open position in XLF,,,,
stop_intent,stop_state_cleared,SPY,position no longer open (stopped out or closed by another exit policy),,,2026-07-29T13:47:05.938275+00:00,2026-07-29T13:48:22.569038+00:00,,,,False,,,,,,,,,,,,,,,,,,,,,,,,,,,,,,,,,,,,,,,,,,,,,,,
stop_intent,stop_state_cleared,AEP,position no longer open (stopped out or closed by another exit policy),,,2026-07-29T13:47:05.938288+00:00,2026-07-29T13:48:22.593735+00:00,,,,False,,,,,,,,,,,,,,,,,,,,,,,,,,,,,,,,,,,,,,,,,,,,,,,
stop_intent,stop_adopted,AMAT,found an existing resting stop order (e41f020d-a737-4782-9c94-a2f69ac2b267) at the broker for AMAT with no local tracked state -- adopting it instead of submitting a duplicate (local state was likely lost/reset),387.89,e41f020d-a737-4782-9c94-a2f69ac2b267,2026-07-29T13:47:05.938293+00:00,2026-07-29T13:48:22.616936+00:00,,,,,,,,,,,,,,,,,,,,,,,,,,,,,,,,,,,,,,,,,,,,,,,,,,,
stop_intent,stop_adopted,ASML,found an existing resting stop order (8bd586d6-5433-4836-bbed-cba99b7fbe59) at the broker for ASML with no local tracked state -- adopting it instead of submitting a duplicate (local state was likely lost/reset),1427.26,8bd586d6-5433-4836-bbed-cba99b7fbe59,2026-07-29T13:47:05.938297+00:00,2026-07-29T13:48:22.640225+00:00,,,,,,,,,,,,,,,,,,,,,,,,,,,,,,,,,,,,,,,,,,,,,,,,,,,
stop_intent,stop_adopted,FDX,found an existing resting stop order (d0edb660-b7e9-4d91-b07b-310dbb2d5197) at the broker for FDX with no local tracked state -- adopting it instead of submitting a duplicate (local state was likely lost/reset),295.39,d0edb660-b7e9-4d91-b07b-310dbb2d5197,2026-07-29T13:47:05.938301+00:00,2026-07-29T13:48:22.663543+00:00,,,,,,,,,,,,,,,,,,,,,,,,,,,,,,,,,,,,,,,,,,,,,,,,,,,
stop_intent,stop_adopted,HON,found an existing resting stop order (c68ec4ed-f985-4fba-8718-a71bf8c038f4) at the broker for HON with no local tracked state -- adopting it instead of submitting a duplicate (local state was likely lost/reset),231.41,c68ec4ed-f985-4fba-8718-a71bf8c038f4,2026-07-29T13:47:05.938305+00:00,2026-07-29T13:48:22.686718+00:00,,,,,,,,,,,,,,,,,,,,,,,,,,,,,,,,,,,,,,,,,,,,,,,,,,,
stop_intent,stop_adopted,KLAC,found an existing resting stop order (85d1a079-ee79-41ab-8b48-ea289daead44) at the broker for KLAC with no local tracked state -- adopting it instead of submitting a duplicate (local state was likely lost/reset),156.1,85d1a079-ee79-41ab-8b48-ea289daead44,2026-07-29T13:47:05.938308+00:00,2026-07-29T13:48:22.709806+00:00,,,,,,,,,,,,,,,,,,,,,,,,,,,,,,,,,,,,,,,,,,,,,,,,,,,
stop_intent,stop_adopted,LRCX,found an existing resting stop order (5ed19dc9-4294-441e-a244-7fadb35740ae) at the broker for LRCX with no local tracked state -- adopting it instead of submitting a duplicate (local state was likely lost/reset),223.69,5ed19dc9-4294-441e-a244-7fadb35740ae,2026-07-29T13:47:05.938312+00:00,2026-07-29T13:48:22.732881+00:00,,,,,,,,,,,,,,,,,,,,,,,,,,,,,,,,,,,,,,,,,,,,,,,,,,,
stop_intent,stop_adopted,NOW,found an existing resting stop order (28213ce7-9434-47b7-b2eb-b18f9584a1d0) at the broker for NOW with no local tracked state -- adopting it instead of submitting a duplicate (local state was likely lost/reset),124.56,28213ce7-9434-47b7-b2eb-b18f9584a1d0,2026-07-29T13:47:05.938315+00:00,2026-07-29T13:48:22.756162+00:00,,,,,,,,,,,,,,,,,,,,,,,,,,,,,,,,,,,,,,,,,,,,,,,,,,,
stop_intent,stop_adopted,XLK,found an existing resting stop order (d5203eef-26f7-4a9c-8179-7e8e3a382e51) at the broker for XLK with no local tracked state -- adopting it instead of submitting a duplicate (local state was likely lost/reset),161.91,d5203eef-26f7-4a9c-8179-7e8e3a382e51,2026-07-29T13:47:05.938318+00:00,2026-07-29T13:48:22.779535+00:00,,,,,,,,,,,,,,,,,,,,,,,,,,,,,,,,,,,,,,,,,,,,,,,,,,,
entry_signal,block,XLF,risk_gate,,,2026-07-29T13:48:08.446482+00:00,2026-07-29T13:48:22.802658+00:00,,,,,,,,state_ext=stretched_up + state_slope=flat,,,,,1d,,,,,,insample,True,False,2026-07-27 04:00:00+00:00,56.880001068115234,"{'state_ext': 'stretched_up', 'state_slope': 'flat', 'state_vol': 'low_vol', 'state_volume': 'vol_normal', 'state_session': 'afternoon', 'state_dow': 'Mon', 'state_utc_session': 'utc_asia', 'state_weekpart': 'weekday', 'state_ret_1': 'ret_up', 'state_ret_3': 'ret_up', 'state_ret_5': 'ret_up', 'state_ret_10': 'ret_flat', 'state_ret_20': 'ret_flat', 'state_atr_ext': 'atr_up', 'state_vol_regime': 'vol_regime_mid', 'state_trend_strength': 'weak_trend', 'state_gap': 'gap_up', 'state_range_pos': 'range_mid', 'state_ret_day': 'ret_day_up', 'state_vol_day': 'vol_day_low', 'state_funding': 'funding_neutral', 'state_oi': 'oi_flat', 'state_cot': 'cot_neutral', 'state_vix': 'vix_mid', 'state_breadth': 'breadth_mixed', 'state_dxy': 'dxy_flat'}",,long,17.0,buy,966.960018157959,state_ext=stretched_up + state_slope=flat,5.0,2.0,XLF,gate_disabled,True,,,,conviction_with_vol_rail,1.0,1000.0,0.6693,17.0,447.0,14.0,"{'allowed': False, 'reasons': ['already have an open position in XLF'], 'details': {'symbol': 'XLF', 'qty': 17, 'price': 56.880001068115234, 'side': 'long', 'notional': 966.960018157959, 'open_position_count': 3, 'today_realized_pnl': 6.720000000000255, 'risk_group': 'state_ext=stretched_up + state_slope=flat', 'aggregate_risk': {'current_open_risk_dollars': 1015.19, 'proposed_r_dollars': 22.76, 'projected_open_risk_dollars': 1037.94, 'budget_dollars': 1998.15, 'max_aggregate_open_risk_pct': 0.02}, 'gross_notional': {'current_open_notional': 854.6, 'proposed_notional': 966.96, 'projected_open_notional': 1821.56, 'budget_notional': 99907.45, 'target_leverage_multiple': 1.0}, 'margin_cushion': {'reason': 'margin cushion check inactive (missing buying_power/equity/multiple/cushion)'}, 'reconciliation_health': {'ok': True, 'total_order_ids': 49, 'resolved_order_ids': 49, 'unresolved_order_ids': [], 'errors': [], 'reason': 'ok'}}}",already have an open position in XLF,,,,
stop_intent,stop_state_cleared,SPY,position no longer open (stopped out or closed by another exit policy),,,2026-07-29T14:46:43.789301+00:00,2026-07-29T14:48:01.162262+00:00,,,,False,,,,,,,,,,,,,,,,,,,,,,,,,,,,,,,,,,,,,,,,,,,,,,,
stop_intent,stop_unchanged,AEP,,128.74,,2026-07-29T14:46:43.789315+00:00,2026-07-29T14:48:01.188643+00:00,initial,6.0,-0.227,,,,,,,,,,,,,,,,,,,,,,,,,,,,,,,,,,,,,,,,,,,,,,,,
stop_intent,stop_unchanged,AMAT,,387.89,,2026-07-29T14:46:43.789321+00:00,2026-07-29T14:48:01.214436+00:00,initial,1.0,-0.226,,,,,,,,,,,,,,,,,,,,,,,,,,,,,,,,,,,,,,,,,,,,,,,,
stop_intent,stop_unchanged,ASML,,1427.26,,2026-07-29T14:46:43.789325+00:00,2026-07-29T14:48:01.240261+00:00,initial,1.0,-0.236,,,,,,,,,,,,,,,,,,,,,,,,,,,,,,,,,,,,,,,,,,,,,,,,
stop_intent,stop_unchanged,FDX,,295.39,,2026-07-29T14:46:43.789329+00:00,2026-07-29T14:48:01.267101+00:00,initial,7.0,-0.082,,,,,,,,,,,,,,,,,,,,,,,,,,,,,,,,,,,,,,,,,,,,,,,,
stop_intent,stop_unchanged,HON,,231.41,,2026-07-29T14:46:43.789332+00:00,2026-07-29T14:48:01.293285+00:00,initial,5.0,-0.16,,,,,,,,,,,,,,,,,,,,,,,,,,,,,,,,,,,,,,,,,,,,,,,,
stop_intent,stop_unchanged,KLAC,,156.1,,2026-07-29T14:46:43.789335+00:00,2026-07-29T14:48:01.319150+00:00,initial,4.0,-0.39,,,,,,,,,,,,,,,,,,,,,,,,,,,,,,,,,,,,,,,,,,,,,,,,
stop_intent,stop_unchanged,LRCX,,223.69,,2026-07-29T14:46:43.789339+00:00,2026-07-29T14:48:01.344992+00:00,initial,3.0,-0.279,,,,,,,,,,,,,,,,,,,,,,,,,,,,,,,,,,,,,,,,,,,,,,,,
stop_intent,stop_unchanged,NOW,,124.56,,2026-07-29T14:46:43.789343+00:00,2026-07-29T14:48:01.370692+00:00,initial,22.0,-0.15,,,,,,,,,,,,,,,,,,,,,,,,,,,,,,,,,,,,,,,,,,,,,,,,
stop_intent,stop_unchanged,XLK,,161.91,,2026-07-29T14:46:43.789346+00:00,2026-07-29T14:48:01.396306+00:00,initial,5.0,-0.32,,,,,,,,,,,,,,,,,,,,,,,,,,,,,,,,,,,,,,,,,,,,,,,,
entry_signal,block,XLF,risk_gate,,,2026-07-29T14:47:46.721903+00:00,2026-07-29T14:48:01.422015+00:00,,,,,,,,state_ext=stretched_up + state_slope=flat,,,,,1d,,,,,,insample,True,False,2026-07-27 04:00:00+00:00,56.880001068115234,"{'state_ext': 'stretched_up', 'state_slope': 'flat', 'state_vol': 'low_vol', 'state_volume': 'vol_normal', 'state_session': 'afternoon', 'state_dow': 'Mon', 'state_utc_session': 'utc_asia', 'state_weekpart': 'weekday', 'state_ret_1': 'ret_up', 'state_ret_3': 'ret_up', 'state_ret_5': 'ret_up', 'state_ret_10': 'ret_flat', 'state_ret_20': 'ret_flat', 'state_atr_ext': 'atr_up', 'state_vol_regime': 'vol_regime_mid', 'state_trend_strength': 'weak_trend', 'state_gap': 'gap_up', 'state_range_pos': 'range_mid', 'state_ret_day': 'ret_day_up', 'state_vol_day': 'vol_day_low', 'state_funding': 'funding_neutral', 'state_oi': 'oi_flat', 'state_cot': 'cot_neutral', 'state_vix': 'vix_mid', 'state_breadth': 'breadth_mixed', 'state_dxy': 'dxy_flat'}",,long,17.0,buy,966.960018157959,state_ext=stretched_up + state_slope=flat,5.0,2.0,XLF,gate_disabled,True,,,,conviction_with_vol_rail,1.0,1000.0,0.6693,17.0,446.0,14.0,"{'allowed': False, 'reasons': ['already have an open position in XLF'], 'details': {'symbol': 'XLF', 'qty': 17, 'price': 56.880001068115234, 'side': 'long', 'notional': 966.960018157959, 'open_position_count': 3, 'today_realized_pnl': 6.720000000000255, 'risk_group': 'state_ext=stretched_up + state_slope=flat', 'aggregate_risk': {'current_open_risk_dollars': 1009.24, 'proposed_r_dollars': 22.76, 'projected_open_risk_dollars': 1032.0, 'budget_dollars': 1993.55, 'max_aggregate_open_risk_pct': 0.02}, 'gross_notional': {'current_open_notional': 840.5, 'proposed_notional': 966.96, 'projected_open_notional': 1807.46, 'budget_notional': 99677.52, 'target_leverage_multiple': 1.0}, 'margin_cushion': {'reason': 'margin cushion check inactive (missing buying_power/equity/multiple/cushion)'}, 'reconciliation_health': {'ok': True, 'total_order_ids': 49, 'resolved_order_ids': 49, 'unresolved_order_ids': [], 'errors': [], 'reason': 'ok'}}}",already have an open position in XLF,,,,
stop_intent,stop_state_cleared,AEP,position no longer open (stopped out or closed by another exit policy),,,2026-07-29T15:46:33.239865+00:00,2026-07-29T15:47:50.525525+00:00,,,,False,,,,,,,,,,,,,,,,,,,,,,,,,,,,,,,,,,,,,,,,,,,,,,,
stop_intent,stop_state_cleared,AMAT,position no longer open (stopped out or closed by another exit policy),,,2026-07-29T15:46:33.239877+00:00,2026-07-29T15:47:50.551322+00:00,,,,False,,,,,,,,,,,,,,,,,,,,,,,,,,,,,,,,,,,,,,,,,,,,,,,
stop_intent,stop_state_cleared,ASML,position no longer open (stopped out or closed by another exit policy),,,2026-07-29T15:46:33.239882+00:00,2026-07-29T15:47:50.577188+00:00,,,,False,,,,,,,,,,,,,,,,,,,,,,,,,,,,,,,,,,,,,,,,,,,,,,,
stop_intent,stop_state_cleared,FDX,position no longer open (stopped out or closed by another exit policy),,,2026-07-29T15:46:33.239886+00:00,2026-07-29T15:47:50.602722+00:00,,,,False,,,,,,,,,,,,,,,,,,,,,,,,,,,,,,,,,,,,,,,,,,,,,,,
stop_intent,stop_state_cleared,KLAC,position no longer open (stopped out or closed by another exit policy),,,2026-07-29T15:46:33.239890+00:00,2026-07-29T15:47:50.627750+00:00,,,,False,,,,,,,,,,,,,,,,,,,,,,,,,,,,,,,,,,,,,,,,,,,,,,,
stop_intent,stop_state_cleared,LRCX,position no longer open (stopped out or closed by another exit policy),,,2026-07-29T15:46:33.239894+00:00,2026-07-29T15:47:50.652579+00:00,,,,False,,,,,,,,,,,,,,,,,,,,,,,,,,,,,,,,,,,,,,,,,,,,,,,
stop_intent,stop_state_cleared,NOW,position no longer open (stopped out or closed by another exit policy),,,2026-07-29T15:46:33.239901+00:00,2026-07-29T15:47:50.677500+00:00,,,,False,,,,,,,,,,,,,,,,,,,,,,,,,,,,,,,,,,,,,,,,,,,,,,,
stop_intent,stop_state_cleared,XLK,position no longer open (stopped out or closed by another exit policy),,,2026-07-29T15:46:33.239905+00:00,2026-07-29T15:47:50.702516+00:00,,,,False,,,,,,,,,,,,,,,,,,,,,,,,,,,,,,,,,,,,,,,,,,,,,,,
stop_intent,stop_unchanged,HON,,231.41,,2026-07-29T15:46:33.239908+00:00,2026-07-29T15:47:50.727317+00:00,initial,5.0,-0.287,,,,,,,,,,,,,,,,,,,,,,,,,,,,,,,,,,,,,,,,,,,,,,,,
entry_signal,block,XLF,risk_gate,,,2026-07-29T15:47:36.130715+00:00,2026-07-29T15:47:50.752503+00:00,,,,,,,,state_ext=stretched_up + state_slope=flat,,,,,1d,,,,,,insample,True,False,2026-07-27 04:00:00+00:00,56.880001068115234,"{'state_ext': 'stretched_up', 'state_slope': 'flat', 'state_vol': 'low_vol', 'state_volume': 'vol_normal', 'state_session': 'afternoon', 'state_dow': 'Mon', 'state_utc_session': 'utc_asia', 'state_weekpart': 'weekday', 'state_ret_1': 'ret_up', 'state_ret_3': 'ret_up', 'state_ret_5': 'ret_up', 'state_ret_10': 'ret_flat', 'state_ret_20': 'ret_flat', 'state_atr_ext': 'atr_up', 'state_vol_regime': 'vol_regime_mid', 'state_trend_strength': 'weak_trend', 'state_gap': 'gap_up', 'state_range_pos': 'range_mid', 'state_ret_day': 'ret_day_up', 'state_vol_day': 'vol_day_low', 'state_funding': 'funding_neutral', 'state_oi': 'oi_flat', 'state_cot': 'cot_neutral', 'state_vix': 'vix_mid', 'state_breadth': 'breadth_mixed', 'state_dxy': 'dxy_flat'}",,long,17.0,buy,966.960018157959,state_ext=stretched_up + state_slope=flat,5.0,2.0,XLF,gate_disabled,True,,,,conviction_with_vol_rail,1.0,1000.0,0.6693,17.0,446.0,14.0,"{'allowed': False, 'reasons': ['already have an open position in XLF'], 'details': {'symbol': 'XLF', 'qty': 17, 'price': 56.880001068115234, 'side': 'long', 'notional': 966.960018157959, 'open_position_count': 1, 'today_realized_pnl': 6.720000000000255, 'risk_group': 'state_ext=stretched_up + state_slope=flat', 'aggregate_risk': {'current_open_risk_dollars': 68.7, 'proposed_r_dollars': 22.76, 'projected_open_risk_dollars': 91.46, 'budget_dollars': 1993.95, 'max_aggregate_open_risk_pct': 0.02}, 'gross_notional': {'current_open_notional': 0.0, 'proposed_notional': 966.96, 'projected_open_notional': 966.96, 'budget_notional': 99697.67, 'target_leverage_multiple': 1.0}, 'margin_cushion': {'reason': 'margin cushion check inactive (missing buying_power/equity/multiple/cushion)'}, 'reconciliation_health': {'ok': True, 'total_order_ids': 49, 'resolved_order_ids': 49, 'unresolved_order_ids': [], 'errors': [], 'reason': 'ok'}}}",already have an open position in XLF,,,,
stop_intent,stop_unchanged,HON,,231.41,,2026-07-29T16:47:03.739969+00:00,2026-07-29T16:48:06.729687+00:00,initial,5.0,-0.269,,,,,,,,,,,,,,,,,,,,,,,,,,,,,,,,,,,,,,,,,,,,,,,,
stop_intent,stop_adopted,KLAC,found an existing resting stop order (37a6d1cc-39da-404c-8b0f-e2b37434cd31) at the broker for KLAC with no local tracked state -- adopting it instead of submitting a duplicate (local state was likely lost/reset),144.5,37a6d1cc-39da-404c-8b0f-e2b37434cd31,2026-07-29T16:47:03.739984+00:00,2026-07-29T16:48:06.754087+00:00,,,,,,,,,,,,,,,,,,,,,,,,,,,,,,,,,,,,,,,,,,,,,,,,,,,
stop_intent,stop_adopted,LRCX,found an existing resting stop order (1c6ef376-8883-47d0-9a0d-a45051bb341c) at the broker for LRCX with no local tracked state -- adopting it instead of submitting a duplicate (local state was likely lost/reset),209.25,1c6ef376-8883-47d0-9a0d-a45051bb341c,2026-07-29T16:47:03.739990+00:00,2026-07-29T16:48:06.777664+00:00,,,,,,,,,,,,,,,,,,,,,,,,,,,,,,,,,,,,,,,,,,,,,,,,,,,
entry_signal,block,XLF,risk_gate,,,2026-07-29T16:47:55.551277+00:00,2026-07-29T16:48:06.800911+00:00,,,,,,,,state_ext=stretched_up + state_slope=flat,,,,,1d,,,,,,insample,True,False,2026-07-27 04:00:00+00:00,56.880001068115234,"{'state_ext': 'stretched_up', 'state_slope': 'flat', 'state_vol': 'low_vol', 'state_volume': 'vol_normal', 'state_session': 'afternoon', 'state_dow': 'Mon', 'state_utc_session': 'utc_asia', 'state_weekpart': 'weekday', 'state_ret_1': 'ret_up', 'state_ret_3': 'ret_up', 'state_ret_5': 'ret_up', 'state_ret_10': 'ret_flat', 'state_ret_20': 'ret_flat', 'state_atr_ext': 'atr_up', 'state_vol_regime': 'vol_regime_mid', 'state_trend_strength': 'weak_trend', 'state_gap': 'gap_up', 'state_range_pos': 'range_mid', 'state_ret_day': 'ret_day_up', 'state_vol_day': 'vol_day_low', 'state_funding': 'funding_neutral', 'state_oi': 'oi_flat', 'state_cot': 'cot_neutral', 'state_vix': 'vix_mid', 'state_breadth': 'breadth_mixed', 'state_dxy': 'dxy_flat'}",,long,17.0,buy,966.960018157959,state_ext=stretched_up + state_slope=flat,5.0,2.0,XLF,gate_disabled,True,,,,conviction_with_vol_rail,1.0,1000.0,0.6693,17.0,446.0,14.0,"{'allowed': False, 'reasons': ['already have an open position in XLF'], 'details': {'symbol': 'XLF', 'qty': 17, 'price': 56.880001068115234, 'side': 'long', 'notional': 966.960018157959, 'open_position_count': 1, 'today_realized_pnl': 6.720000000000255, 'risk_group': 'state_ext=stretched_up + state_slope=flat', 'aggregate_risk': {'current_open_risk_dollars': 434.67, 'proposed_r_dollars': 22.76, 'projected_open_risk_dollars': 457.43, 'budget_dollars': 1993.6, 'max_aggregate_open_risk_pct': 0.02}, 'gross_notional': {'current_open_notional': 0.0, 'proposed_notional': 966.96, 'projected_open_notional': 966.96, 'budget_notional': 99679.99, 'target_leverage_multiple': 1.0}, 'margin_cushion': {'reason': 'margin cushion check inactive (missing buying_power/equity/multiple/cushion)'}, 'reconciliation_health': {'ok': True, 'total_order_ids': 49, 'resolved_order_ids': 49, 'unresolved_order_ids': [], 'errors': [], 'reason': 'ok'}}}",already have an open position in XLF,,,,
stop_intent,stop_state_cleared,HON,position no longer open (stopped out or closed by another exit policy),,,2026-07-29T17:46:31.994419+00:00,2026-07-29T17:47:37.170536+00:00,,,,False,,,,,,,,,,,,,,,,,,,,,,,,,,,,,,,,,,,,,,,,,,,,,,,
stop_intent,stop_state_cleared,KLAC,position no longer open (stopped out or closed by another exit policy),,,2026-07-29T17:46:31.994441+00:00,2026-07-29T17:47:37.196460+00:00,,,,False,,,,,,,,,,,,,,,,,,,,,,,,,,,,,,,,,,,,,,,,,,,,,,,
stop_intent,stop_state_cleared,LRCX,position no longer open (stopped out or closed by another exit policy),,,2026-07-29T17:46:31.994446+00:00,2026-07-29T17:47:37.221649+00:00,,,,False,,,,,,,,,,,,,,,,,,,,,,,,,,,,,,,,,,,,,,,,,,,,,,,
entry_signal,block,XLF,risk_gate,,,2026-07-29T17:47:25.663405+00:00,2026-07-29T17:47:37.246728+00:00,,,,,,,,state_ext=stretched_up + state_slope=flat,,,,,1d,,,,,,insample,True,False,2026-07-27 04:00:00+00:00,56.880001068115234,"{'state_ext': 'stretched_up', 'state_slope': 'flat', 'state_vol': 'low_vol', 'state_volume': 'vol_normal', 'state_session': 'afternoon', 'state_dow': 'Mon', 'state_utc_session': 'utc_asia', 'state_weekpart': 'weekday', 'state_ret_1': 'ret_up', 'state_ret_3': 'ret_up', 'state_ret_5': 'ret_up', 'state_ret_10': 'ret_flat', 'state_ret_20': 'ret_flat', 'state_atr_ext': 'atr_up', 'state_vol_regime': 'vol_regime_mid', 'state_trend_strength': 'weak_trend', 'state_gap': 'gap_up', 'state_range_pos': 'range_mid', 'state_ret_day': 'ret_day_up', 'state_vol_day': 'vol_day_low', 'state_funding': 'funding_neutral', 'state_oi': 'oi_flat', 'state_cot': 'cot_neutral', 'state_vix': 'vix_mid', 'state_breadth': 'breadth_mixed', 'state_dxy': 'dxy_flat'}",,long,17.0,buy,966.960018157959,state_ext=stretched_up + state_slope=flat,5.0,2.0,XLF,gate_disabled,True,,,,conviction_with_vol_rail,1.0,1000.0,0.6693,17.0,447.0,14.0,"{'allowed': False, 'reasons': ['already have an open position in XLF'], 'details': {'symbol': 'XLF', 'qty': 17, 'price': 56.880001068115234, 'side': 'long', 'notional': 966.960018157959, 'open_position_count': 1, 'today_realized_pnl': 6.720000000000255, 'risk_group': 'state_ext=stretched_up + state_slope=flat', 'aggregate_risk': {'current_open_risk_dollars': 0.0, 'proposed_r_dollars': 22.76, 'projected_open_risk_dollars': 22.76, 'budget_dollars': 1994.49, 'max_aggregate_open_risk_pct': 0.02}, 'gross_notional': {'current_open_notional': 0.0, 'proposed_notional': 966.96, 'projected_open_notional': 966.96, 'budget_notional': 99724.29, 'target_leverage_multiple': 1.0}, 'margin_cushion': {'reason': 'margin cushion check inactive (missing buying_power/equity/multiple/cushion)'}, 'reconciliation_health': {'ok': True, 'total_order_ids': 49, 'resolved_order_ids': 49, 'unresolved_order_ids': [], 'errors': [], 'reason': 'ok'}}}",already have an open position in XLF,,,,
entry_signal,block,XLF,risk_gate,,,2026-07-29T18:47:37.215960+00:00,2026-07-29T18:47:51.100199+00:00,,,,,,,,state_ext=stretched_up + state_slope=flat,,,,,1d,,,,,,insample,True,False,2026-07-27 04:00:00+00:00,56.880001068115234,"{'state_ext': 'stretched_up', 'state_slope': 'flat', 'state_vol': 'low_vol', 'state_volume': 'vol_normal', 'state_session': 'afternoon', 'state_dow': 'Mon', 'state_utc_session': 'utc_asia', 'state_weekpart': 'weekday', 'state_ret_1': 'ret_up', 'state_ret_3': 'ret_up', 'state_ret_5': 'ret_up', 'state_ret_10': 'ret_flat', 'state_ret_20': 'ret_flat', 'state_atr_ext': 'atr_up', 'state_vol_regime': 'vol_regime_mid', 'state_trend_strength': 'weak_trend', 'state_gap': 'gap_up', 'state_range_pos': 'range_mid', 'state_ret_day': 'ret_day_up', 'state_vol_day': 'vol_day_low', 'state_funding': 'funding_neutral', 'state_oi': 'oi_flat', 'state_cot': 'cot_neutral', 'state_vix': 'vix_mid', 'state_breadth': 'breadth_mixed', 'state_dxy': 'dxy_flat'}",,long,17.0,buy,966.960018157959,state_ext=stretched_up + state_slope=flat,5.0,2.0,XLF,gate_disabled,True,,,,conviction_with_vol_rail,1.0,1000.0,0.6693,17.0,447.0,14.0,"{'allowed': False, 'reasons': ['already have an open position in XLF'], 'details': {'symbol': 'XLF', 'qty': 17, 'price': 56.880001068115234, 'side': 'long', 'notional': 966.960018157959, 'open_position_count': 1, 'today_realized_pnl': 6.720000000000255, 'risk_group': 'state_ext=stretched_up + state_slope=flat', 'aggregate_risk': {'current_open_risk_dollars': 0.0, 'proposed_r_dollars': 22.76, 'projected_open_risk_dollars': 22.76, 'budget_dollars': 1994.49, 'max_aggregate_open_risk_pct': 0.02}, 'gross_notional': {'current_open_notional': 0.0, 'proposed_notional': 966.96, 'projected_open_notional': 966.96, 'budget_notional': 99724.29, 'target_leverage_multiple': 1.0}, 'margin_cushion': {'reason': 'margin cushion check inactive (missing buying_power/equity/multiple/cushion)'}, 'reconciliation_health': {'ok': True, 'total_order_ids': 49, 'resolved_order_ids': 49, 'unresolved_order_ids': [], 'errors': [], 'reason': 'ok'}}}",already have an open position in XLF,,,,
stop_intent,stop_adopted,LRCX,found an existing resting stop order (44dde768-f3c9-4634-9a91-d750c4f28b20) at the broker for LRCX with no local tracked state -- adopting it instead of submitting a duplicate (local state was likely lost/reset),216.05,44dde768-f3c9-4634-9a91-d750c4f28b20,2026-07-29T19:46:38.182341+00:00,2026-07-29T19:47:53.400587+00:00,,,,,,,,,,,,,,,,,,,,,,,,,,,,,,,,,,,,,,,,,,,,,,,,,,,
stop_intent,stop_adopted,XLF,found an existing resting stop order (2b33cc9e-2b85-4dee-86b2-aaa2a0ee12e6) at the broker for XLF with no local tracked state -- adopting it instead of submitting a duplicate (local state was likely lost/reset),55.54,2b33cc9e-2b85-4dee-86b2-aaa2a0ee12e6,2026-07-29T19:46:38.182354+00:00,2026-07-29T19:47:53.426957+00:00,,,,,,,,,,,,,,,,,,,,,,,,,,,,,,,,,,,,,,,,,,,,,,,,,,,
entry_signal,block,XLF,risk_gate,,,2026-07-29T19:47:39.460492+00:00,2026-07-29T19:47:53.451929+00:00,,,,,,,,state_ext=stretched_up + state_slope=flat,,,,,1d,,,,,,insample,True,False,2026-07-27 04:00:00+00:00,56.880001068115234,"{'state_ext': 'stretched_up', 'state_slope': 'flat', 'state_vol': 'low_vol', 'state_volume': 'vol_normal', 'state_session': 'afternoon', 'state_dow': 'Mon', 'state_utc_session': 'utc_asia', 'state_weekpart': 'weekday', 'state_ret_1': 'ret_up', 'state_ret_3': 'ret_up', 'state_ret_5': 'ret_up', 'state_ret_10': 'ret_flat', 'state_ret_20': 'ret_flat', 'state_atr_ext': 'atr_up', 'state_vol_regime': 'vol_regime_mid', 'state_trend_strength': 'weak_trend', 'state_gap': 'gap_up', 'state_range_pos': 'range_mid', 'state_ret_day': 'ret_day_up', 'state_vol_day': 'vol_day_low', 'state_funding': 'funding_neutral', 'state_oi': 'oi_flat', 'state_cot': 'cot_neutral', 'state_vix': 'vix_mid', 'state_breadth': 'breadth_mixed', 'state_dxy': 'dxy_flat'}",,long,17.0,buy,966.960018157959,state_ext=stretched_up + state_slope=flat,5.0,2.0,XLF,gate_disabled,True,,,,conviction_with_vol_rail,1.0,1000.0,0.6693,17.0,446.0,14.0,"{'allowed': False, 'reasons': ['already have an open position in XLF'], 'details': {'symbol': 'XLF', 'qty': 17, 'price': 56.880001068115234, 'side': 'long', 'notional': 966.960018157959, 'open_position_count': 2, 'today_realized_pnl': 6.720000000000255, 'risk_group': 'state_ext=stretched_up + state_slope=flat', 'aggregate_risk': {'current_open_risk_dollars': 156.37, 'proposed_r_dollars': 22.76, 'projected_open_risk_dollars': 179.13, 'budget_dollars': 1994.16, 'max_aggregate_open_risk_pct': 0.02}, 'gross_notional': {'current_open_notional': 963.13, 'proposed_notional': 966.96, 'projected_open_notional': 1930.1, 'budget_notional': 99708.23, 'target_leverage_multiple': 1.0}, 'margin_cushion': {'reason': 'margin cushion check inactive (missing buying_power/equity/multiple/cushion)'}, 'reconciliation_health': {'ok': True, 'total_order_ids': 49, 'resolved_order_ids': 49, 'unresolved_order_ids': [], 'errors': [], 'reason': 'ok'}}}",already have an open position in XLF,,,,
stop_intent,stop_unchanged,LRCX,,216.05,,2026-07-29T20:46:11.412181+00:00,2026-07-29T20:47:16.111458+00:00,initial,3.0,0.1,,,,,,,,,,,,,,,,,,,,,,,,,,,,,,,,,,,,,,,,,,,,,,,,
stop_intent,stop_unchanged,XLF,,55.54,,2026-07-29T20:46:11.412197+00:00,2026-07-29T20:47:16.139901+00:00,initial,17.0,-0.164,,,,,,,,,,,,,,,,,,,,,,,,,,,,,,,,,,,,,,,,,,,,,,,,
entry_signal,block,XLF,risk_gate,,,2026-07-29T20:47:04.655277+00:00,2026-07-29T20:47:16.167231+00:00,,,,,,,,state_ext=stretched_up + state_slope=flat,,,,,1d,,,,,,insample,True,False,2026-07-27 04:00:00+00:00,56.880001068115234,"{'state_ext': 'stretched_up', 'state_slope': 'flat', 'state_vol': 'low_vol', 'state_volume': 'vol_normal', 'state_session': 'afternoon', 'state_dow': 'Mon', 'state_utc_session': 'utc_asia', 'state_weekpart': 'weekday', 'state_ret_1': 'ret_up', 'state_ret_3': 'ret_up', 'state_ret_5': 'ret_up', 'state_ret_10': 'ret_flat', 'state_ret_20': 'ret_flat', 'state_atr_ext': 'atr_up', 'state_vol_regime': 'vol_regime_mid', 'state_trend_strength': 'weak_trend', 'state_gap': 'gap_up', 'state_range_pos': 'range_mid', 'state_ret_day': 'ret_day_up', 'state_vol_day': 'vol_day_low', 'state_funding': 'funding_neutral', 'state_oi': 'oi_flat', 'state_cot': 'cot_neutral', 'state_vix': 'vix_mid', 'state_breadth': 'breadth_mixed', 'state_dxy': 'dxy_flat'}",,long,17.0,buy,966.960018157959,state_ext=stretched_up + state_slope=flat,5.0,2.0,XLF,gate_disabled,True,,,,conviction_with_vol_rail,1.0,1000.0,0.6693,17.0,447.0,14.0,"{'allowed': False, 'reasons': ['already have an open position in XLF'], 'details': {'symbol': 'XLF', 'qty': 17, 'price': 56.880001068115234, 'side': 'long', 'notional': 966.960018157959, 'open_position_count': 2, 'today_realized_pnl': 6.720000000000255, 'risk_group': 'state_ext=stretched_up + state_slope=flat', 'aggregate_risk': {'current_open_risk_dollars': 156.37, 'proposed_r_dollars': 22.76, 'projected_open_risk_dollars': 179.13, 'budget_dollars': 1994.68, 'max_aggregate_open_risk_pct': 0.02}, 'gross_notional': {'current_open_notional': 963.22, 'proposed_notional': 966.96, 'projected_open_notional': 1930.18, 'budget_notional': 99733.87, 'target_leverage_multiple': 1.0}, 'margin_cushion': {'reason': 'margin cushion check inactive (missing buying_power/equity/multiple/cushion)'}, 'reconciliation_health': {'ok': True, 'total_order_ids': 49, 'resolved_order_ids': 49, 'unresolved_order_ids': [], 'errors': [], 'reason': 'ok'}}}",already have an open position in XLF,,,,
stop_intent,stop_unchanged,LRCX,,216.05,,2026-07-29T21:46:22.526861+00:00,2026-07-29T21:47:39.431265+00:00,initial,3.0,0.077,,,,,,,,,,,,,,,,,,,,,,,,,,,,,,,,,,,,,,,,,,,,,,,,
stop_intent,stop_unchanged,XLF,,55.54,,2026-07-29T21:46:22.526873+00:00,2026-07-29T21:47:39.459660+00:00,initial,17.0,-0.194,,,,,,,,,,,,,,,,,,,,,,,,,,,,,,,,,,,,,,,,,,,,,,,,
entry_signal,block,XLF,risk_gate,,,2026-07-29T21:47:24.905038+00:00,2026-07-29T21:47:39.486564+00:00,,,,,,,,state_ext=stretched_up + state_slope=flat,,,,,1d,,,,,,insample,True,False,2026-07-27 04:00:00+00:00,56.880001068115234,"{'state_ext': 'stretched_up', 'state_slope': 'flat', 'state_vol': 'low_vol', 'state_volume': 'vol_normal', 'state_session': 'afternoon', 'state_dow': 'Mon', 'state_utc_session': 'utc_asia', 'state_weekpart': 'weekday', 'state_ret_1': 'ret_up', 'state_ret_3': 'ret_up', 'state_ret_5': 'ret_up', 'state_ret_10': 'ret_flat', 'state_ret_20': 'ret_flat', 'state_atr_ext': 'atr_up', 'state_vol_regime': 'vol_regime_mid', 'state_trend_strength': 'weak_trend', 'state_gap': 'gap_up', 'state_range_pos': 'range_mid', 'state_ret_day': 'ret_day_up', 'state_vol_day': 'vol_day_low', 'state_funding': 'funding_neutral', 'state_oi': 'oi_flat', 'state_cot': 'cot_neutral', 'state_vix': 'vix_mid', 'state_breadth': 'breadth_mixed', 'state_dxy': 'dxy_flat'}",,long,17.0,buy,966.960018157959,state_ext=stretched_up + state_slope=flat,5.0,2.0,XLF,gate_disabled,True,,,,conviction_with_vol_rail,1.0,1000.0,0.6693,17.0,447.0,14.0,"{'allowed': False, 'reasons': ['already have an open position in XLF'], 'details': {'symbol': 'XLF', 'qty': 17, 'price': 56.880001068115234, 'side': 'long', 'notional': 966.960018157959, 'open_position_count': 2, 'today_realized_pnl': 6.720000000000255, 'risk_group': 'state_ext=stretched_up + state_slope=flat', 'aggregate_risk': {'current_open_risk_dollars': 156.37, 'proposed_r_dollars': 22.76, 'projected_open_risk_dollars': 179.13, 'budget_dollars': 1994.6, 'max_aggregate_open_risk_pct': 0.02}, 'gross_notional': {'current_open_notional': 962.54, 'proposed_notional': 966.96, 'projected_open_notional': 1929.5, 'budget_notional': 99730.13, 'target_leverage_multiple': 1.0}, 'margin_cushion': {'reason': 'margin cushion check inactive (missing buying_power/equity/multiple/cushion)'}, 'reconciliation_health': {'ok': True, 'total_order_ids': 49, 'resolved_order_ids': 49, 'unresolved_order_ids': [], 'errors': [], 'reason': 'ok'}}}",already have an open position in XLF,,,,
stop_intent,stop_unchanged,LRCX,,216.05,,2026-07-29T23:59:58.722312+00:00,2026-07-30T00:01:01.037365+00:00,initial,3.0,0.189,,,,,,,,,,,,,,,,,,,,,,,,,,,,,,,,,,,,,,,,,,,,,,,,
stop_intent,stop_unchanged,XLF,,55.54,,2026-07-29T23:59:58.722326+00:00,2026-07-30T00:01:01.063340+00:00,initial,17.0,-0.142,,,,,,,,,,,,,,,,,,,,,,,,,,,,,,,,,,,,,,,,,,,,,,,,
entry_signal,block,XLF,risk_gate,,,2026-07-30T00:00:50.415527+00:00,2026-07-30T00:01:01.089482+00:00,,,,,,,,state_ext=stretched_up + state_slope=flat,,,,,1d,,,,,,insample,True,False,2026-07-28 04:00:00+00:00,57.59999847412109,"{'state_ext': 'stretched_up', 'state_slope': 'flat', 'state_vol': 'mid_vol', 'state_volume': 'vol_normal', 'state_session': 'afternoon', 'state_dow': 'Tue', 'state_utc_session': 'utc_asia', 'state_weekpart': 'weekday', 'state_ret_1': 'ret_up', 'state_ret_3': 'ret_up', 'state_ret_5': 'ret_up', 'state_ret_10': 'ret_up', 'state_ret_20': 'ret_up', 'state_atr_ext': 'atr_up', 'state_vol_regime': 'vol_regime_high', 'state_trend_strength': 'mod_trend', 'state_gap': 'gap_up', 'state_range_pos': 'range_high', 'state_ret_day': 'ret_day_up', 'state_vol_day': 'vol_day_mid', 'state_funding': 'funding_neutral', 'state_oi': 'oi_flat', 'state_cot': 'cot_neutral', 'state_vix': 'vix_mid', 'state_breadth': 'breadth_mixed', 'state_dxy': 'dxy_flat'}",,long,17.0,buy,979.1999740600586,state_ext=stretched_up + state_slope=flat,5.0,2.0,XLF,gate_disabled,True,,,,conviction_with_vol_rail,1.0,1000.0,0.6693,17.0,447.0,14.0,"{'allowed': False, 'reasons': ['already have an open position in XLF'], 'details': {'symbol': 'XLF', 'qty': 17, 'price': 57.599998474121094, 'side': 'long', 'notional': 979.1999740600586, 'open_position_count': 2, 'today_realized_pnl': 6.720000000000255, 'risk_group': 'state_ext=stretched_up + state_slope=flat', 'aggregate_risk': {'current_open_risk_dollars': 156.37, 'proposed_r_dollars': 22.76, 'projected_open_risk_dollars': 179.13, 'budget_dollars': 1994.93, 'max_aggregate_open_risk_pct': 0.02}, 'gross_notional': {'current_open_notional': 963.73, 'proposed_notional': 979.2, 'projected_open_notional': 1942.93, 'budget_notional': 99746.32, 'target_leverage_multiple': 1.0}, 'margin_cushion': {'reason': 'margin cushion check inactive (missing buying_power/equity/multiple/cushion)'}, 'reconciliation_health': {'ok': True, 'total_order_ids': 49, 'resolved_order_ids': 49, 'unresolved_order_ids': [], 'errors': [], 'reason': 'ok'}}}",already have an open position in XLF,,,,
entry_signal,block,SPY,risk_gate,,,2026-07-30T00:01:01.036416+00:00,2026-07-30T00:01:01.115604+00:00,,,,,,,,state_session=afternoon + state_slope=downtrend,,,,,1h,,,,,,insample,True,False,2026-07-29 19:00:00+00:00,729.57,"{'state_ext': 'neutral', 'state_slope': 'downtrend', 'state_vol': 'high_vol', 'state_volume': 'vol_quiet', 'state_session': 'afternoon', 'state_dow': 'Wed', 'state_utc_session': 'utc_us', 'state_weekpart': 'weekday', 'state_ret_1': 'ret_down', 'state_ret_3': 'ret_down', 'state_ret_5': 'ret_down', 'state_ret_10': 'ret_down', 'state_ret_20': 'ret_down', 'state_atr_ext': 'atr_down', 'state_vol_regime': 'vol_regime_high', 'state_trend_strength': 'mod_trend', 'state_gap': 'gap_down', 'state_range_pos': 'range_low', 'state_ret_day': 'ret_day_down', 'state_vol_day': 'vol_day_high', 'state_funding': 'funding_neutral', 'state_oi': 'oi_flat', 'state_cot': 'cot_neutral', 'state_vix': 'vix_mid', 'state_breadth': 'breadth_mixed', 'state_dxy': 'dxy_flat'}",,long,1.0,buy,729.57,state_slope=downtrend,5.0,2.0,SPY,gate_disabled,True,,,,conviction_with_vol_rail,1.0,1000.0,3.4107,1.0,87.0,14.0,"{'allowed': False, 'reasons': ['macro-event blackout (FOMC/CPI/NFP/OPEX); new entries paused'], 'details': {'symbol': 'SPY', 'qty': 1, 'price': 729.57, 'side': 'long', 'notional': 729.57, 'open_position_count': 2, 'today_realized_pnl': 6.720000000000255, 'risk_group': 'state_slope=downtrend', 'aggregate_risk': {'current_open_risk_dollars': 156.37, 'proposed_r_dollars': 6.82, 'projected_open_risk_dollars': 163.19, 'budget_dollars': 1994.93, 'max_aggregate_open_risk_pct': 0.02}, 'gross_notional': {'current_open_notional': 963.73, 'proposed_notional': 729.57, 'projected_open_notional': 1693.3, 'budget_notional': 99746.32, 'target_leverage_multiple': 1.0}, 'margin_cushion': {'reason': 'margin cushion check inactive (missing buying_power/equity/multiple/cushion)'}, 'reconciliation_health': {'ok': True, 'total_order_ids': 49, 'resolved_order_ids': 49, 'unresolved_order_ids': [], 'errors': [], 'reason': 'ok'}}}",macro-event blackout (FOMC/CPI/NFP/OPEX); new entries paused,,,,
stop_intent,stop_unchanged,LRCX,,216.05,,2026-07-30T00:46:22.987924+00:00,2026-07-30T00:47:40.084809+00:00,initial,3.0,0.279,,,,,,,,,,,,,,,,,,,,,,,,,,,,,,,,,,,,,,,,,,,,,,,,
stop_intent,stop_unchanged,XLF,,55.54,,2026-07-30T00:46:22.987938+00:00,2026-07-30T00:47:40.113792+00:00,initial,17.0,-0.164,,,,,,,,,,,,,,,,,,,,,,,,,,,,,,,,,,,,,,,,,,,,,,,,
entry_signal,block,XLF,risk_gate,,,2026-07-30T00:47:25.580230+00:00,2026-07-30T00:47:40.142190+00:00,,,,,,,,state_ext=stretched_up + state_slope=flat,,,,,1d,,,,,,insample,True,False,2026-07-28 04:00:00+00:00,57.59999847412109,"{'state_ext': 'stretched_up', 'state_slope': 'flat', 'state_vol': 'mid_vol', 'state_volume': 'vol_normal', 'state_session': 'afternoon', 'state_dow': 'Tue', 'state_utc_session': 'utc_asia', 'state_weekpart': 'weekday', 'state_ret_1': 'ret_up', 'state_ret_3': 'ret_up', 'state_ret_5': 'ret_up', 'state_ret_10': 'ret_up', 'state_ret_20': 'ret_up', 'state_atr_ext': 'atr_up', 'state_vol_regime': 'vol_regime_high', 'state_trend_strength': 'mod_trend', 'state_gap': 'gap_up', 'state_range_pos': 'range_high', 'state_ret_day': 'ret_day_up', 'state_vol_day': 'vol_day_mid', 'state_funding': 'funding_neutral', 'state_oi': 'oi_flat', 'state_cot': 'cot_neutral', 'state_vix': 'vix_mid', 'state_breadth': 'breadth_mixed', 'state_dxy': 'dxy_flat'}",,long,17.0,buy,979.1999740600586,state_ext=stretched_up + state_slope=flat,5.0,2.0,XLF,gate_disabled,True,,,,conviction_with_vol_rail,1.0,1000.0,0.6693,17.0,447.0,14.0,"{'allowed': False, 'reasons': ['already have an open position in XLF'], 'details': {'symbol': 'XLF', 'qty': 17, 'price': 57.599998474121094, 'side': 'long', 'notional': 979.1999740600586, 'open_position_count': 2, 'today_realized_pnl': 0.0, 'risk_group': 'state_ext=stretched_up + state_slope=flat', 'aggregate_risk': {'current_open_risk_dollars': 156.37, 'proposed_r_dollars': 22.76, 'projected_open_risk_dollars': 179.13, 'budget_dollars': 1995.16, 'max_aggregate_open_risk_pct': 0.02}, 'gross_notional': {'current_open_notional': 963.22, 'proposed_notional': 979.2, 'projected_open_notional': 1942.42, 'budget_notional': 99757.81, 'target_leverage_multiple': 1.0}, 'margin_cushion': {'reason': 'margin cushion check inactive (missing buying_power/equity/multiple/cushion)'}, 'reconciliation_health': {'ok': True, 'total_order_ids': 49, 'resolved_order_ids': 49, 'unresolved_order_ids': [], 'errors': [], 'reason': 'ok'}}}",already have an open position in XLF,,,,
entry_signal,block,SPY,risk_gate,,,2026-07-30T00:47:40.083542+00:00,2026-07-30T00:47:40.171009+00:00,,,,,,,,state_session=afternoon + state_slope=downtrend,,,,,1h,,,,,,insample,True,False,2026-07-29 19:00:00+00:00,729.57,"{'state_ext': 'neutral', 'state_slope': 'downtrend', 'state_vol': 'high_vol', 'state_volume': 'vol_quiet', 'state_session': 'afternoon', 'state_dow': 'Wed', 'state_utc_session': 'utc_us', 'state_weekpart': 'weekday', 'state_ret_1': 'ret_down', 'state_ret_3': 'ret_down', 'state_ret_5': 'ret_down', 'state_ret_10': 'ret_down', 'state_ret_20': 'ret_down', 'state_atr_ext': 'atr_down', 'state_vol_regime': 'vol_regime_high', 'state_trend_strength': 'mod_trend', 'state_gap': 'gap_down', 'state_range_pos': 'range_low', 'state_ret_day': 'ret_day_down', 'state_vol_day': 'vol_day_high', 'state_funding': 'funding_neutral', 'state_oi': 'oi_flat', 'state_cot': 'cot_neutral', 'state_vix': 'vix_mid', 'state_breadth': 'breadth_mixed', 'state_dxy': 'dxy_flat'}",,long,1.0,buy,729.57,state_slope=downtrend,5.0,2.0,SPY,gate_disabled,True,,,,conviction_with_vol_rail,1.0,1000.0,3.4107,1.0,87.0,14.0,"{'allowed': False, 'reasons': ['macro-event blackout (FOMC/CPI/NFP/OPEX); new entries paused'], 'details': {'symbol': 'SPY', 'qty': 1, 'price': 729.57, 'side': 'long', 'notional': 729.57, 'open_position_count': 2, 'today_realized_pnl': 0.0, 'risk_group': 'state_slope=downtrend', 'aggregate_risk': {'current_open_risk_dollars': 156.37, 'proposed_r_dollars': 6.82, 'projected_open_risk_dollars': 163.19, 'budget_dollars': 1995.16, 'max_aggregate_open_risk_pct': 0.02}, 'gross_notional': {'current_open_notional': 963.22, 'proposed_notional': 729.57, 'projected_open_notional': 1692.79, 'budget_notional': 99757.81, 'target_leverage_multiple': 1.0}, 'margin_cushion': {'reason': 'margin cushion check inactive (missing buying_power/equity/multiple/cushion)'}, 'reconciliation_health': {'ok': True, 'total_order_ids': 49, 'resolved_order_ids': 49, 'unresolved_order_ids': [], 'errors': [], 'reason': 'ok'}}}",macro-event blackout (FOMC/CPI/NFP/OPEX); new entries paused,,,,
stop_intent,stop_unchanged,LRCX,,216.05,,2026-07-30T01:46:40.106029+00:00,2026-07-30T01:47:56.263398+00:00,initial,3.0,0.35,,,,,,,,,,,,,,,,,,,,,,,,,,,,,,,,,,,,,,,,,,,,,,,,
stop_intent,stop_unchanged,XLF,,55.54,,2026-07-30T01:46:40.106039+00:00,2026-07-30T01:47:56.289785+00:00,initial,17.0,-0.149,,,,,,,,,,,,,,,,,,,,,,,,,,,,,,,,,,,,,,,,,,,,,,,,
entry_signal,block,XLF,risk_gate,,,2026-07-30T01:47:42.220880+00:00,2026-07-30T01:47:56.314530+00:00,,,,,,,,state_ext=stretched_up + state_slope=flat,,,,,1d,,,,,,insample,True,False,2026-07-28 04:00:00+00:00,57.59999847412109,"{'state_ext': 'stretched_up', 'state_slope': 'flat', 'state_vol': 'mid_vol', 'state_volume': 'vol_normal', 'state_session': 'afternoon', 'state_dow': 'Tue', 'state_utc_session': 'utc_asia', 'state_weekpart': 'weekday', 'state_ret_1': 'ret_up', 'state_ret_3': 'ret_up', 'state_ret_5': 'ret_up', 'state_ret_10': 'ret_up', 'state_ret_20': 'ret_up', 'state_atr_ext': 'atr_up', 'state_vol_regime': 'vol_regime_high', 'state_trend_strength': 'mod_trend', 'state_gap': 'gap_up', 'state_range_pos': 'range_high', 'state_ret_day': 'ret_day_up', 'state_vol_day': 'vol_day_mid', 'state_funding': 'funding_neutral', 'state_oi': 'oi_flat', 'state_cot': 'cot_neutral', 'state_vix': 'vix_mid', 'state_breadth': 'breadth_mixed', 'state_dxy': 'dxy_flat'}",,long,17.0,buy,979.1999740600586,state_ext=stretched_up + state_slope=flat,5.0,2.0,XLF,gate_disabled,True,,,,conviction_with_vol_rail,1.0,1000.0,0.6693,17.0,447.0,14.0,"{'allowed': False, 'reasons': ['already have an open position in XLF'], 'details': {'symbol': 'XLF', 'qty': 17, 'price': 57.599998474121094, 'side': 'long', 'notional': 979.1999740600586, 'open_position_count': 2, 'today_realized_pnl': 0.0, 'risk_group': 'state_ext=stretched_up + state_slope=flat', 'aggregate_risk': {'current_open_risk_dollars': 156.37, 'proposed_r_dollars': 22.76, 'projected_open_risk_dollars': 179.13, 'budget_dollars': 1995.35, 'max_aggregate_open_risk_pct': 0.02}, 'gross_notional': {'current_open_notional': 963.56, 'proposed_notional': 979.2, 'projected_open_notional': 1942.76, 'budget_notional': 99767.63, 'target_leverage_multiple': 1.0}, 'margin_cushion': {'reason': 'margin cushion check inactive (missing buying_power/equity/multiple/cushion)'}, 'reconciliation_health': {'ok': True, 'total_order_ids': 49, 'resolved_order_ids': 49, 'unresolved_order_ids': [], 'errors': [], 'reason': 'ok'}}}",already have an open position in XLF,,,,
entry_signal,block,SPY,risk_gate,,,2026-07-30T01:47:56.263179+00:00,2026-07-30T01:47:56.339997+00:00,,,,,,,,state_session=afternoon + state_slope=downtrend,,,,,1h,,,,,,insample,True,False,2026-07-29 19:00:00+00:00,729.57,"{'state_ext': 'neutral', 'state_slope': 'downtrend', 'state_vol': 'high_vol', 'state_volume': 'vol_quiet', 'state_session': 'afternoon', 'state_dow': 'Wed', 'state_utc_session': 'utc_us', 'state_weekpart': 'weekday', 'state_ret_1': 'ret_down', 'state_ret_3': 'ret_down', 'state_ret_5': 'ret_down', 'state_ret_10': 'ret_down', 'state_ret_20': 'ret_down', 'state_atr_ext': 'atr_down', 'state_vol_regime': 'vol_regime_high', 'state_trend_strength': 'mod_trend', 'state_gap': 'gap_down', 'state_range_pos': 'range_low', 'state_ret_day': 'ret_day_down', 'state_vol_day': 'vol_day_high', 'state_funding': 'funding_neutral', 'state_oi': 'oi_flat', 'state_cot': 'cot_neutral', 'state_vix': 'vix_mid', 'state_breadth': 'breadth_mixed', 'state_dxy': 'dxy_flat'}",,long,1.0,buy,729.57,state_slope=downtrend,5.0,2.0,SPY,gate_disabled,True,,,,conviction_with_vol_rail,1.0,1000.0,3.4107,1.0,87.0,14.0,"{'allowed': False, 'reasons': ['macro-event blackout (FOMC/CPI/NFP/OPEX); new entries paused'], 'details': {'symbol': 'SPY', 'qty': 1, 'price': 729.57, 'side': 'long', 'notional': 729.57, 'open_position_count': 2, 'today_realized_pnl': 0.0, 'risk_group': 'state_slope=downtrend', 'aggregate_risk': {'current_open_risk_dollars': 156.37, 'proposed_r_dollars': 6.82, 'projected_open_risk_dollars': 163.19, 'budget_dollars': 1995.35, 'max_aggregate_open_risk_pct': 0.02}, 'gross_notional': {'current_open_notional': 963.56, 'proposed_notional': 729.57, 'projected_open_notional': 1693.13, 'budget_notional': 99767.63, 'target_leverage_multiple': 1.0}, 'margin_cushion': {'reason': 'margin cushion check inactive (missing buying_power/equity/multiple/cushion)'}, 'reconciliation_health': {'ok': True, 'total_order_ids': 49, 'resolved_order_ids': 49, 'unresolved_order_ids': [], 'errors': [], 'reason': 'ok'}}}",macro-event blackout (FOMC/CPI/NFP/OPEX); new entries paused,,,,
stop_intent,stop_unchanged,LRCX,,216.05,,2026-07-30T02:46:17.137048+00:00,2026-07-30T02:47:30.558365+00:00,initial,3.0,0.279,,,,,,,,,,,,,,,,,,,,,,,,,,,,,,,,,,,,,,,,,,,,,,,,
stop_intent,stop_unchanged,XLF,,55.54,,2026-07-30T02:46:17.137058+00:00,2026-07-30T02:47:30.583771+00:00,initial,17.0,-0.149,,,,,,,,,,,,,,,,,,,,,,,,,,,,,,,,,,,,,,,,,,,,,,,,
entry_signal,block,XLF,risk_gate,,,2026-07-30T02:47:16.703950+00:00,2026-07-30T02:47:30.608304+00:00,,,,,,,,state_ext=stretched_up + state_slope=flat,,,,,1d,,,,,,insample,True,False,2026-07-28 04:00:00+00:00,57.59999847412109,"{'state_ext': 'stretched_up', 'state_slope': 'flat', 'state_vol': 'mid_vol', 'state_volume': 'vol_normal', 'state_session': 'afternoon', 'state_dow': 'Tue', 'state_utc_session': 'utc_asia', 'state_weekpart': 'weekday', 'state_ret_1': 'ret_up', 'state_ret_3': 'ret_up', 'state_ret_5': 'ret_up', 'state_ret_10': 'ret_up', 'state_ret_20': 'ret_up', 'state_atr_ext': 'atr_up', 'state_vol_regime': 'vol_regime_high', 'state_trend_strength': 'mod_trend', 'state_gap': 'gap_up', 'state_range_pos': 'range_high', 'state_ret_day': 'ret_day_up', 'state_vol_day': 'vol_day_mid', 'state_funding': 'funding_neutral', 'state_oi': 'oi_flat', 'state_cot': 'cot_neutral', 'state_vix': 'vix_mid', 'state_breadth': 'breadth_mixed', 'state_dxy': 'dxy_flat'}",,long,17.0,buy,979.1999740600586,state_ext=stretched_up + state_slope=flat,5.0,2.0,XLF,gate_disabled,True,,,,conviction_with_vol_rail,1.0,1000.0,0.6693,17.0,447.0,14.0,"{'allowed': False, 'reasons': ['already have an open position in XLF'], 'details': {'symbol': 'XLF', 'qty': 17, 'price': 57.599998474121094, 'side': 'long', 'notional': 979.1999740600586, 'open_position_count': 2, 'today_realized_pnl': 0.0, 'risk_group': 'state_ext=stretched_up + state_slope=flat', 'aggregate_risk': {'current_open_risk_dollars': 156.37, 'proposed_r_dollars': 22.76, 'projected_open_risk_dollars': 179.13, 'budget_dollars': 1995.16, 'max_aggregate_open_risk_pct': 0.02}, 'gross_notional': {'current_open_notional': 963.56, 'proposed_notional': 979.2, 'projected_open_notional': 1942.76, 'budget_notional': 99758.12, 'target_leverage_multiple': 1.0}, 'margin_cushion': {'reason': 'margin cushion check inactive (missing buying_power/equity/multiple/cushion)'}, 'reconciliation_health': {'ok': True, 'total_order_ids': 49, 'resolved_order_ids': 49, 'unresolved_order_ids': [], 'errors': [], 'reason': 'ok'}}}",already have an open position in XLF,,,,
entry_signal,block,SPY,risk_gate,,,2026-07-30T02:47:30.558140+00:00,2026-07-30T02:47:30.633919+00:00,,,,,,,,state_session=afternoon + state_slope=downtrend,,,,,1h,,,,,,insample,True,False,2026-07-29 19:00:00+00:00,729.57,"{'state_ext': 'neutral', 'state_slope': 'downtrend', 'state_vol': 'high_vol', 'state_volume': 'vol_quiet', 'state_session': 'afternoon', 'state_dow': 'Wed', 'state_utc_session': 'utc_us', 'state_weekpart': 'weekday', 'state_ret_1': 'ret_down', 'state_ret_3': 'ret_down', 'state_ret_5': 'ret_down', 'state_ret_10': 'ret_down', 'state_ret_20': 'ret_down', 'state_atr_ext': 'atr_down', 'state_vol_regime': 'vol_regime_high', 'state_trend_strength': 'mod_trend', 'state_gap': 'gap_down', 'state_range_pos': 'range_low', 'state_ret_day': 'ret_day_down', 'state_vol_day': 'vol_day_high', 'state_funding': 'funding_neutral', 'state_oi': 'oi_flat', 'state_cot': 'cot_neutral', 'state_vix': 'vix_mid', 'state_breadth': 'breadth_mixed', 'state_dxy': 'dxy_flat'}",,long,1.0,buy,729.57,state_slope=downtrend,5.0,2.0,SPY,gate_disabled,True,,,,conviction_with_vol_rail,1.0,1000.0,3.4107,1.0,87.0,14.0,"{'allowed': False, 'reasons': ['macro-event blackout (FOMC/CPI/NFP/OPEX); new entries paused'], 'details': {'symbol': 'SPY', 'qty': 1, 'price': 729.57, 'side': 'long', 'notional': 729.57, 'open_position_count': 2, 'today_realized_pnl': 0.0, 'risk_group': 'state_slope=downtrend', 'aggregate_risk': {'current_open_risk_dollars': 156.37, 'proposed_r_dollars': 6.82, 'projected_open_risk_dollars': 163.19, 'budget_dollars': 1995.16, 'max_aggregate_open_risk_pct': 0.02}, 'gross_notional': {'current_open_notional': 963.56, 'proposed_notional': 729.57, 'projected_open_notional': 1693.13, 'budget_notional': 99758.12, 'target_leverage_multiple': 1.0}, 'margin_cushion': {'reason': 'margin cushion check inactive (missing buying_power/equity/multiple/cushion)'}, 'reconciliation_health': {'ok': True, 'total_order_ids': 49, 'resolved_order_ids': 49, 'unresolved_order_ids': [], 'errors': [], 'reason': 'ok'}}}",macro-event blackout (FOMC/CPI/NFP/OPEX); new entries paused,,,,
stop_intent,stop_unchanged,LRCX,,216.05,,2026-07-30T03:46:28.845200+00:00,2026-07-30T03:47:45.852548+00:00,initial,3.0,0.279,,,,,,,,,,,,,,,,,,,,,,,,,,,,,,,,,,,,,,,,,,,,,,,,
stop_intent,stop_unchanged,XLF,,55.54,,2026-07-30T03:46:28.845210+00:00,2026-07-30T03:47:45.881069+00:00,initial,17.0,-0.149,,,,,,,,,,,,,,,,,,,,,,,,,,,,,,,,,,,,,,,,,,,,,,,,
entry_signal,block,XLF,risk_gate,,,2026-07-30T03:47:31.516999+00:00,2026-07-30T03:47:45.908782+00:00,,,,,,,,state_ext=stretched_up + state_slope=flat,,,,,1d,,,,,,insample,True,False,2026-07-28 04:00:00+00:00,57.59999847412109,"{'state_ext': 'stretched_up', 'state_slope': 'flat', 'state_vol': 'mid_vol', 'state_volume': 'vol_normal', 'state_session': 'afternoon', 'state_dow': 'Tue', 'state_utc_session': 'utc_asia', 'state_weekpart': 'weekday', 'state_ret_1': 'ret_up', 'state_ret_3': 'ret_up', 'state_ret_5': 'ret_up', 'state_ret_10': 'ret_up', 'state_ret_20': 'ret_up', 'state_atr_ext': 'atr_up', 'state_vol_regime': 'vol_regime_high', 'state_trend_strength': 'mod_trend', 'state_gap': 'gap_up', 'state_range_pos': 'range_high', 'state_ret_day': 'ret_day_up', 'state_vol_day': 'vol_day_mid', 'state_funding': 'funding_neutral', 'state_oi': 'oi_flat', 'state_cot': 'cot_neutral', 'state_vix': 'vix_mid', 'state_breadth': 'breadth_mixed', 'state_dxy': 'dxy_flat'}",,long,17.0,buy,979.1999740600586,state_ext=stretched_up + state_slope=flat,5.0,2.0,XLF,gate_disabled,True,,,,conviction_with_vol_rail,1.0,1000.0,0.6693,17.0,447.0,14.0,"{'allowed': False, 'reasons': ['already have an open position in XLF'], 'details': {'symbol': 'XLF', 'qty': 17, 'price': 57.599998474121094, 'side': 'long', 'notional': 979.1999740600586, 'open_position_count': 2, 'today_realized_pnl': 0.0, 'risk_group': 'state_ext=stretched_up + state_slope=flat', 'aggregate_risk': {'current_open_risk_dollars': 156.37, 'proposed_r_dollars': 22.76, 'projected_open_risk_dollars': 179.13, 'budget_dollars': 1995.16, 'max_aggregate_open_risk_pct': 0.02}, 'gross_notional': {'current_open_notional': 963.56, 'proposed_notional': 979.2, 'projected_open_notional': 1942.76, 'budget_notional': 99758.15, 'target_leverage_multiple': 1.0}, 'margin_cushion': {'reason': 'margin cushion check inactive (missing buying_power/equity/multiple/cushion)'}, 'reconciliation_health': {'ok': True, 'total_order_ids': 49, 'resolved_order_ids': 49, 'unresolved_order_ids': [], 'errors': [], 'reason': 'ok'}}}",already have an open position in XLF,,,,
entry_signal,block,SPY,risk_gate,,,2026-07-30T03:47:45.852278+00:00,2026-07-30T03:47:45.937185+00:00,,,,,,,,state_session=afternoon + state_slope=downtrend,,,,,1h,,,,,,insample,True,False,2026-07-29 19:00:00+00:00,729.57,"{'state_ext': 'neutral', 'state_slope': 'downtrend', 'state_vol': 'high_vol', 'state_volume': 'vol_quiet', 'state_session': 'afternoon', 'state_dow': 'Wed', 'state_utc_session': 'utc_us', 'state_weekpart': 'weekday', 'state_ret_1': 'ret_down', 'state_ret_3': 'ret_down', 'state_ret_5': 'ret_down', 'state_ret_10': 'ret_down', 'state_ret_20': 'ret_down', 'state_atr_ext': 'atr_down', 'state_vol_regime': 'vol_regime_high', 'state_trend_strength': 'mod_trend', 'state_gap': 'gap_down', 'state_range_pos': 'range_low', 'state_ret_day': 'ret_day_down', 'state_vol_day': 'vol_day_high', 'state_funding': 'funding_neutral', 'state_oi': 'oi_flat', 'state_cot': 'cot_neutral', 'state_vix': 'vix_mid', 'state_breadth': 'breadth_mixed', 'state_dxy': 'dxy_flat'}",,long,1.0,buy,729.57,state_slope=downtrend,5.0,2.0,SPY,gate_disabled,True,,,,conviction_with_vol_rail,1.0,1000.0,3.4107,1.0,87.0,14.0,"{'allowed': False, 'reasons': ['macro-event blackout (FOMC/CPI/NFP/OPEX); new entries paused'], 'details': {'symbol': 'SPY', 'qty': 1, 'price': 729.57, 'side': 'long', 'notional': 729.57, 'open_position_count': 2, 'today_realized_pnl': 0.0, 'risk_group': 'state_slope=downtrend', 'aggregate_risk': {'current_open_risk_dollars': 156.37, 'proposed_r_dollars': 6.82, 'projected_open_risk_dollars': 163.19, 'budget_dollars': 1995.16, 'max_aggregate_open_risk_pct': 0.02}, 'gross_notional': {'current_open_notional': 963.56, 'proposed_notional': 729.57, 'projected_open_notional': 1693.13, 'budget_notional': 99758.15, 'target_leverage_multiple': 1.0}, 'margin_cushion': {'reason': 'margin cushion check inactive (missing buying_power/equity/multiple/cushion)'}, 'reconciliation_health': {'ok': True, 'total_order_ids': 49, 'resolved_order_ids': 49, 'unresolved_order_ids': [], 'errors': [], 'reason': 'ok'}}}",macro-event blackout (FOMC/CPI/NFP/OPEX); new entries paused,,,,
stop_intent,stop_unchanged,LRCX,,216.05,,2026-07-30T04:46:07.858993+00:00,2026-07-30T04:47:24.026104+00:00,initial,3.0,0.262,,,,,,,,,,,,,,,,,,,,,,,,,,,,,,,,,,,,,,,,,,,,,,,,
stop_intent,stop_unchanged,XLF,,55.54,,2026-07-30T04:46:07.859004+00:00,2026-07-30T04:47:24.053648+00:00,initial,17.0,-0.149,,,,,,,,,,,,,,,,,,,,,,,,,,,,,,,,,,,,,,,,,,,,,,,,
entry_signal,block,XLF,risk_gate,,,2026-07-30T04:47:09.685467+00:00,2026-07-30T04:47:24.080741+00:00,,,,,,,,state_ext=stretched_up + state_slope=flat,,,,,1d,,,,,,insample,True,False,2026-07-28 04:00:00+00:00,57.59999847412109,"{'state_ext': 'stretched_up', 'state_slope': 'flat', 'state_vol': 'mid_vol', 'state_volume': 'vol_normal', 'state_session': 'afternoon', 'state_dow': 'Tue', 'state_utc_session': 'utc_asia', 'state_weekpart': 'weekday', 'state_ret_1': 'ret_up', 'state_ret_3': 'ret_up', 'state_ret_5': 'ret_up', 'state_ret_10': 'ret_up', 'state_ret_20': 'ret_up', 'state_atr_ext': 'atr_up', 'state_vol_regime': 'vol_regime_high', 'state_trend_strength': 'mod_trend', 'state_gap': 'gap_up', 'state_range_pos': 'range_high', 'state_ret_day': 'ret_day_up', 'state_vol_day': 'vol_day_mid', 'state_funding': 'funding_neutral', 'state_oi': 'oi_flat', 'state_cot': 'cot_neutral', 'state_vix': 'vix_mid', 'state_breadth': 'breadth_mixed', 'state_dxy': 'dxy_flat'}",,long,17.0,buy,979.1999740600586,state_ext=stretched_up + state_slope=flat,5.0,2.0,XLF,gate_disabled,True,,,,conviction_with_vol_rail,1.0,1000.0,0.6693,17.0,447.0,14.0,"{'allowed': False, 'reasons': ['already have an open position in XLF'], 'details': {'symbol': 'XLF', 'qty': 17, 'price': 57.599998474121094, 'side': 'long', 'notional': 979.1999740600586, 'open_position_count': 2, 'today_realized_pnl': 0.0, 'risk_group': 'state_ext=stretched_up + state_slope=flat', 'aggregate_risk': {'current_open_risk_dollars': 156.37, 'proposed_r_dollars': 22.76, 'projected_open_risk_dollars': 179.13, 'budget_dollars': 1995.12, 'max_aggregate_open_risk_pct': 0.02}, 'gross_notional': {'current_open_notional': 963.56, 'proposed_notional': 979.2, 'projected_open_notional': 1942.76, 'budget_notional': 99755.9, 'target_leverage_multiple': 1.0}, 'margin_cushion': {'reason': 'margin cushion check inactive (missing buying_power/equity/multiple/cushion)'}, 'reconciliation_health': {'ok': True, 'total_order_ids': 49, 'resolved_order_ids': 49, 'unresolved_order_ids': [], 'errors': [], 'reason': 'ok'}}}",already have an open position in XLF,,,,
entry_signal,block,SPY,risk_gate,,,2026-07-30T04:47:24.024760+00:00,2026-07-30T04:47:24.108855+00:00,,,,,,,,state_session=afternoon + state_slope=downtrend,,,,,1h,,,,,,insample,True,False,2026-07-29 19:00:00+00:00,729.57,"{'state_ext': 'neutral', 'state_slope': 'downtrend', 'state_vol': 'high_vol', 'state_volume': 'vol_quiet', 'state_session': 'afternoon', 'state_dow': 'Wed', 'state_utc_session': 'utc_us', 'state_weekpart': 'weekday', 'state_ret_1': 'ret_down', 'state_ret_3': 'ret_down', 'state_ret_5': 'ret_down', 'state_ret_10': 'ret_down', 'state_ret_20': 'ret_down', 'state_atr_ext': 'atr_down', 'state_vol_regime': 'vol_regime_high', 'state_trend_strength': 'mod_trend', 'state_gap': 'gap_down', 'state_range_pos': 'range_low', 'state_ret_day': 'ret_day_down', 'state_vol_day': 'vol_day_high', 'state_funding': 'funding_neutral', 'state_oi': 'oi_flat', 'state_cot': 'cot_neutral', 'state_vix': 'vix_mid', 'state_breadth': 'breadth_mixed', 'state_dxy': 'dxy_flat'}",,long,1.0,buy,729.57,state_slope=downtrend,5.0,2.0,SPY,gate_disabled,True,,,,conviction_with_vol_rail,1.0,1000.0,3.4107,1.0,87.0,14.0,"{'allowed': False, 'reasons': ['macro-event blackout (FOMC/CPI/NFP/OPEX); new entries paused'], 'details': {'symbol': 'SPY', 'qty': 1, 'price': 729.57, 'side': 'long', 'notional': 729.57, 'open_position_count': 2, 'today_realized_pnl': 0.0, 'risk_group': 'state_slope=downtrend', 'aggregate_risk': {'current_open_risk_dollars': 156.37, 'proposed_r_dollars': 6.82, 'projected_open_risk_dollars': 163.19, 'budget_dollars': 1995.12, 'max_aggregate_open_risk_pct': 0.02}, 'gross_notional': {'current_open_notional': 963.56, 'proposed_notional': 729.57, 'projected_open_notional': 1693.13, 'budget_notional': 99755.9, 'target_leverage_multiple': 1.0}, 'margin_cushion': {'reason': 'margin cushion check inactive (missing buying_power/equity/multiple/cushion)'}, 'reconciliation_health': {'ok': True, 'total_order_ids': 49, 'resolved_order_ids': 49, 'unresolved_order_ids': [], 'errors': [], 'reason': 'ok'}}}",macro-event blackout (FOMC/CPI/NFP/OPEX); new entries paused,,,,
stop_intent,stop_unchanged,LRCX,,216.05,,2026-07-30T05:46:31.212360+00:00,2026-07-30T05:47:46.647589+00:00,initial,3.0,0.181,,,,,,,,,,,,,,,,,,,,,,,,,,,,,,,,,,,,,,,,,,,,,,,,
stop_intent,stop_unchanged,XLF,,55.54,,2026-07-30T05:46:31.212370+00:00,2026-07-30T05:47:46.675267+00:00,initial,17.0,-0.149,,,,,,,,,,,,,,,,,,,,,,,,,,,,,,,,,,,,,,,,,,,,,,,,
entry_signal,block,XLF,risk_gate,,,2026-07-30T05:47:32.673778+00:00,2026-07-30T05:47:46.701789+00:00,,,,,,,,state_ext=stretched_up + state_slope=flat,,,,,1d,,,,,,insample,True,False,2026-07-28 04:00:00+00:00,57.59999847412109,"{'state_ext': 'stretched_up', 'state_slope': 'flat', 'state_vol': 'mid_vol', 'state_volume': 'vol_normal', 'state_session': 'afternoon', 'state_dow': 'Tue', 'state_utc_session': 'utc_asia', 'state_weekpart': 'weekday', 'state_ret_1': 'ret_up', 'state_ret_3': 'ret_up', 'state_ret_5': 'ret_up', 'state_ret_10': 'ret_up', 'state_ret_20': 'ret_up', 'state_atr_ext': 'atr_up', 'state_vol_regime': 'vol_regime_high', 'state_trend_strength': 'mod_trend', 'state_gap': 'gap_up', 'state_range_pos': 'range_high', 'state_ret_day': 'ret_day_up', 'state_vol_day': 'vol_day_mid', 'state_funding': 'funding_neutral', 'state_oi': 'oi_flat', 'state_cot': 'cot_neutral', 'state_vix': 'vix_mid', 'state_breadth': 'breadth_mixed', 'state_dxy': 'dxy_flat'}",,long,17.0,buy,979.1999740600586,state_ext=stretched_up + state_slope=flat,5.0,2.0,XLF,gate_disabled,True,,,,conviction_with_vol_rail,1.0,1000.0,0.6693,17.0,447.0,14.0,"{'allowed': False, 'reasons': ['already have an open position in XLF'], 'details': {'symbol': 'XLF', 'qty': 17, 'price': 57.599998474121094, 'side': 'long', 'notional': 979.1999740600586, 'open_position_count': 2, 'today_realized_pnl': 0.0, 'risk_group': 'state_ext=stretched_up + state_slope=flat', 'aggregate_risk': {'current_open_risk_dollars': 156.37, 'proposed_r_dollars': 22.76, 'projected_open_risk_dollars': 179.13, 'budget_dollars': 1994.9, 'max_aggregate_open_risk_pct': 0.02}, 'gross_notional': {'current_open_notional': 963.56, 'proposed_notional': 979.2, 'projected_open_notional': 1942.76, 'budget_notional': 99745.04, 'target_leverage_multiple': 1.0}, 'margin_cushion': {'reason': 'margin cushion check inactive (missing buying_power/equity/multiple/cushion)'}, 'reconciliation_health': {'ok': True, 'total_order_ids': 49, 'resolved_order_ids': 49, 'unresolved_order_ids': [], 'errors': [], 'reason': 'ok'}}}",already have an open position in XLF,,,,
entry_signal,block,SPY,risk_gate,,,2026-07-30T05:47:46.646194+00:00,2026-07-30T05:47:46.729146+00:00,,,,,,,,state_session=afternoon + state_slope=downtrend,,,,,1h,,,,,,insample,True,False,2026-07-29 19:00:00+00:00,729.57,"{'state_ext': 'neutral', 'state_slope': 'downtrend', 'state_vol': 'high_vol', 'state_volume': 'vol_quiet', 'state_session': 'afternoon', 'state_dow': 'Wed', 'state_utc_session': 'utc_us', 'state_weekpart': 'weekday', 'state_ret_1': 'ret_down', 'state_ret_3': 'ret_down', 'state_ret_5': 'ret_down', 'state_ret_10': 'ret_down', 'state_ret_20': 'ret_down', 'state_atr_ext': 'atr_down', 'state_vol_regime': 'vol_regime_high', 'state_trend_strength': 'mod_trend', 'state_gap': 'gap_down', 'state_range_pos': 'range_low', 'state_ret_day': 'ret_day_down', 'state_vol_day': 'vol_day_high', 'state_funding': 'funding_neutral', 'state_oi': 'oi_flat', 'state_cot': 'cot_neutral', 'state_vix': 'vix_mid', 'state_breadth': 'breadth_mixed', 'state_dxy': 'dxy_flat'}",,long,1.0,buy,729.57,state_slope=downtrend,5.0,2.0,SPY,gate_disabled,True,,,,conviction_with_vol_rail,1.0,1000.0,3.4107,1.0,87.0,14.0,"{'allowed': False, 'reasons': ['macro-event blackout (FOMC/CPI/NFP/OPEX); new entries paused'], 'details': {'symbol': 'SPY', 'qty': 1, 'price': 729.57, 'side': 'long', 'notional': 729.57, 'open_position_count': 2, 'today_realized_pnl': 0.0, 'risk_group': 'state_slope=downtrend', 'aggregate_risk': {'current_open_risk_dollars': 156.37, 'proposed_r_dollars': 6.82, 'projected_open_risk_dollars': 163.19, 'budget_dollars': 1994.9, 'max_aggregate_open_risk_pct': 0.02}, 'gross_notional': {'current_open_notional': 963.56, 'proposed_notional': 729.57, 'projected_open_notional': 1693.13, 'budget_notional': 99745.04, 'target_leverage_multiple': 1.0}, 'margin_cushion': {'reason': 'margin cushion check inactive (missing buying_power/equity/multiple/cushion)'}, 'reconciliation_health': {'ok': True, 'total_order_ids': 49, 'resolved_order_ids': 49, 'unresolved_order_ids': [], 'errors': [], 'reason': 'ok'}}}",macro-event blackout (FOMC/CPI/NFP/OPEX); new entries paused,,,,
stop_intent,stop_unchanged,LRCX,,216.05,,2026-07-30T06:46:23.333604+00:00,2026-07-30T06:47:12.168380+00:00,initial,3.0,0.201,,,,,,,,,,,,,,,,,,,,,,,,,,,,,,,,,,,,,,,,,,,,,,,,
stop_intent,stop_unchanged,XLF,,55.54,,2026-07-30T06:46:23.333613+00:00,2026-07-30T06:47:12.188802+00:00,initial,17.0,-0.149,,,,,,,,,,,,,,,,,,,,,,,,,,,,,,,,,,,,,,,,,,,,,,,,
entry_signal,block,XLF,risk_gate,,,2026-07-30T06:47:03.525684+00:00,2026-07-30T06:47:12.208673+00:00,,,,,,,,state_ext=stretched_up + state_slope=flat,,,,,1d,,,,,,insample,True,False,2026-07-28 04:00:00+00:00,57.59999847412109,"{'state_ext': 'stretched_up', 'state_slope': 'flat', 'state_vol': 'mid_vol', 'state_volume': 'vol_normal', 'state_session': 'afternoon', 'state_dow': 'Tue', 'state_utc_session': 'utc_asia', 'state_weekpart': 'weekday', 'state_ret_1': 'ret_up', 'state_ret_3': 'ret_up', 'state_ret_5': 'ret_up', 'state_ret_10': 'ret_up', 'state_ret_20': 'ret_up', 'state_atr_ext': 'atr_up', 'state_vol_regime': 'vol_regime_high', 'state_trend_strength': 'mod_trend', 'state_gap': 'gap_up', 'state_range_pos': 'range_high', 'state_ret_day': 'ret_day_up', 'state_vol_day': 'vol_day_mid', 'state_funding': 'funding_neutral', 'state_oi': 'oi_flat', 'state_cot': 'cot_neutral', 'state_vix': 'vix_mid', 'state_breadth': 'breadth_mixed', 'state_dxy': 'dxy_flat'}",,long,17.0,buy,979.1999740600586,state_ext=stretched_up + state_slope=flat,5.0,2.0,XLF,gate_disabled,True,,,,conviction_with_vol_rail,1.0,1000.0,0.6693,17.0,447.0,14.0,"{'allowed': False, 'reasons': ['already have an open position in XLF'], 'details': {'symbol': 'XLF', 'qty': 17, 'price': 57.599998474121094, 'side': 'long', 'notional': 979.1999740600586, 'open_position_count': 2, 'today_realized_pnl': 0.0, 'risk_group': 'state_ext=stretched_up + state_slope=flat', 'aggregate_risk': {'current_open_risk_dollars': 156.37, 'proposed_r_dollars': 22.76, 'projected_open_risk_dollars': 179.13, 'budget_dollars': 1994.95, 'max_aggregate_open_risk_pct': 0.02}, 'gross_notional': {'current_open_notional': 963.56, 'proposed_notional': 979.2, 'projected_open_notional': 1942.76, 'budget_notional': 99747.71, 'target_leverage_multiple': 1.0}, 'margin_cushion': {'reason': 'margin cushion check inactive (missing buying_power/equity/multiple/cushion)'}, 'reconciliation_health': {'ok': True, 'total_order_ids': 49, 'resolved_order_ids': 49, 'unresolved_order_ids': [], 'errors': [], 'reason': 'ok'}}}",already have an open position in XLF,,,,
entry_signal,block,SPY,risk_gate,,,2026-07-30T06:47:12.167320+00:00,2026-07-30T06:47:12.229293+00:00,,,,,,,,state_session=afternoon + state_slope=downtrend,,,,,1h,,,,,,insample,True,False,2026-07-29 19:00:00+00:00,729.57,"{'state_ext': 'neutral', 'state_slope': 'downtrend', 'state_vol': 'high_vol', 'state_volume': 'vol_quiet', 'state_session': 'afternoon', 'state_dow': 'Wed', 'state_utc_session': 'utc_us', 'state_weekpart': 'weekday', 'state_ret_1': 'ret_down', 'state_ret_3': 'ret_down', 'state_ret_5': 'ret_down', 'state_ret_10': 'ret_down', 'state_ret_20': 'ret_down', 'state_atr_ext': 'atr_down', 'state_vol_regime': 'vol_regime_high', 'state_trend_strength': 'mod_trend', 'state_gap': 'gap_down', 'state_range_pos': 'range_low', 'state_ret_day': 'ret_day_down', 'state_vol_day': 'vol_day_high', 'state_funding': 'funding_neutral', 'state_oi': 'oi_flat', 'state_cot': 'cot_neutral', 'state_vix': 'vix_mid', 'state_breadth': 'breadth_mixed', 'state_dxy': 'dxy_flat'}",,long,1.0,buy,729.57,state_slope=downtrend,5.0,2.0,SPY,gate_disabled,True,,,,conviction_with_vol_rail,1.0,1000.0,3.4107,1.0,87.0,14.0,"{'allowed': False, 'reasons': ['macro-event blackout (FOMC/CPI/NFP/OPEX); new entries paused'], 'details': {'symbol': 'SPY', 'qty': 1, 'price': 729.57, 'side': 'long', 'notional': 729.57, 'open_position_count': 2, 'today_realized_pnl': 0.0, 'risk_group': 'state_slope=downtrend', 'aggregate_risk': {'current_open_risk_dollars': 156.37, 'proposed_r_dollars': 6.82, 'projected_open_risk_dollars': 163.19, 'budget_dollars': 1994.95, 'max_aggregate_open_risk_pct': 0.02}, 'gross_notional': {'current_open_notional': 963.56, 'proposed_notional': 729.57, 'projected_open_notional': 1693.13, 'budget_notional': 99747.71, 'target_leverage_multiple': 1.0}, 'margin_cushion': {'reason': 'margin cushion check inactive (missing buying_power/equity/multiple/cushion)'}, 'reconciliation_health': {'ok': True, 'total_order_ids': 49, 'resolved_order_ids': 49, 'unresolved_order_ids': [], 'errors': [], 'reason': 'ok'}}}",macro-event blackout (FOMC/CPI/NFP/OPEX); new entries paused,,,,
stop_intent,stop_unchanged,LRCX,,216.05,,2026-07-30T07:46:17.288173+00:00,2026-07-30T07:47:20.028877+00:00,initial,3.0,0.144,,,,,,,,,,,,,,,,,,,,,,,,,,,,,,,,,,,,,,,,,,,,,,,,
stop_intent,stop_unchanged,XLF,,55.54,,2026-07-30T07:46:17.288185+00:00,2026-07-30T07:47:20.055884+00:00,initial,17.0,-0.149,,,,,,,,,,,,,,,,,,,,,,,,,,,,,,,,,,,,,,,,,,,,,,,,
entry_signal,block,XLF,risk_gate,,,2026-07-30T07:47:08.829127+00:00,2026-07-30T07:47:20.082429+00:00,,,,,,,,state_ext=stretched_up + state_slope=flat,,,,,1d,,,,,,insample,True,False,2026-07-28 04:00:00+00:00,57.59999847412109,"{'state_ext': 'stretched_up', 'state_slope': 'flat', 'state_vol': 'mid_vol', 'state_volume': 'vol_normal', 'state_session': 'afternoon', 'state_dow': 'Tue', 'state_utc_session': 'utc_asia', 'state_weekpart': 'weekday', 'state_ret_1': 'ret_up', 'state_ret_3': 'ret_up', 'state_ret_5': 'ret_up', 'state_ret_10': 'ret_up', 'state_ret_20': 'ret_up', 'state_atr_ext': 'atr_up', 'state_vol_regime': 'vol_regime_high', 'state_trend_strength': 'mod_trend', 'state_gap': 'gap_up', 'state_range_pos': 'range_high', 'state_ret_day': 'ret_day_up', 'state_vol_day': 'vol_day_mid', 'state_funding': 'funding_neutral', 'state_oi': 'oi_flat', 'state_cot': 'cot_neutral', 'state_vix': 'vix_mid', 'state_breadth': 'breadth_mixed', 'state_dxy': 'dxy_flat'}",,long,17.0,buy,979.1999740600586,state_ext=stretched_up + state_slope=flat,5.0,2.0,XLF,gate_disabled,True,,,,conviction_with_vol_rail,1.0,1000.0,0.6693,17.0,447.0,14.0,"{'allowed': False, 'reasons': ['already have an open position in XLF'], 'details': {'symbol': 'XLF', 'qty': 17, 'price': 57.599998474121094, 'side': 'long', 'notional': 979.1999740600586, 'open_position_count': 2, 'today_realized_pnl': 0.0, 'risk_group': 'state_ext=stretched_up + state_slope=flat', 'aggregate_risk': {'current_open_risk_dollars': 156.37, 'proposed_r_dollars': 22.76, 'projected_open_risk_dollars': 179.13, 'budget_dollars': 1994.8, 'max_aggregate_open_risk_pct': 0.02}, 'gross_notional': {'current_open_notional': 963.56, 'proposed_notional': 979.2, 'projected_open_notional': 1942.76, 'budget_notional': 99740.12, 'target_leverage_multiple': 1.0}, 'margin_cushion': {'reason': 'margin cushion check inactive (missing buying_power/equity/multiple/cushion)'}, 'reconciliation_health': {'ok': True, 'total_order_ids': 49, 'resolved_order_ids': 49, 'unresolved_order_ids': [], 'errors': [], 'reason': 'ok'}}}",already have an open position in XLF,,,,
entry_signal,block,SPY,risk_gate,,,2026-07-30T07:47:20.028595+00:00,2026-07-30T07:47:20.109751+00:00,,,,,,,,state_session=afternoon + state_slope=downtrend,,,,,1h,,,,,,insample,True,False,2026-07-29 19:00:00+00:00,729.57,"{'state_ext': 'neutral', 'state_slope': 'downtrend', 'state_vol': 'high_vol', 'state_volume': 'vol_quiet', 'state_session': 'afternoon', 'state_dow': 'Wed', 'state_utc_session': 'utc_us', 'state_weekpart': 'weekday', 'state_ret_1': 'ret_down', 'state_ret_3': 'ret_down', 'state_ret_5': 'ret_down', 'state_ret_10': 'ret_down', 'state_ret_20': 'ret_down', 'state_atr_ext': 'atr_down', 'state_vol_regime': 'vol_regime_high', 'state_trend_strength': 'mod_trend', 'state_gap': 'gap_down', 'state_range_pos': 'range_low', 'state_ret_day': 'ret_day_down', 'state_vol_day': 'vol_day_high', 'state_funding': 'funding_neutral', 'state_oi': 'oi_flat', 'state_cot': 'cot_neutral', 'state_vix': 'vix_mid', 'state_breadth': 'breadth_mixed', 'state_dxy': 'dxy_flat'}",,long,1.0,buy,729.57,state_slope=downtrend,5.0,2.0,SPY,gate_disabled,True,,,,conviction_with_vol_rail,1.0,1000.0,3.4107,1.0,87.0,14.0,"{'allowed': False, 'reasons': ['macro-event blackout (FOMC/CPI/NFP/OPEX); new entries paused'], 'details': {'symbol': 'SPY', 'qty': 1, 'price': 729.57, 'side': 'long', 'notional': 729.57, 'open_position_count': 2, 'today_realized_pnl': 0.0, 'risk_group': 'state_slope=downtrend', 'aggregate_risk': {'current_open_risk_dollars': 156.37, 'proposed_r_dollars': 6.82, 'projected_open_risk_dollars': 163.19, 'budget_dollars': 1994.8, 'max_aggregate_open_risk_pct': 0.02}, 'gross_notional': {'current_open_notional': 963.56, 'proposed_notional': 729.57, 'projected_open_notional': 1693.13, 'budget_notional': 99740.12, 'target_leverage_multiple': 1.0}, 'margin_cushion': {'reason': 'margin cushion check inactive (missing buying_power/equity/multiple/cushion)'}, 'reconciliation_health': {'ok': True, 'total_order_ids': 49, 'resolved_order_ids': 49, 'unresolved_order_ids': [], 'errors': [], 'reason': 'ok'}}}",macro-event blackout (FOMC/CPI/NFP/OPEX); new entries paused,,,,
stop_intent,stop_unchanged,LRCX,,216.05,,2026-07-30T08:46:19.052706+00:00,2026-07-30T08:47:21.519278+00:00,initial,3.0,0.24,,,,,,,,,,,,,,,,,,,,,,,,,,,,,,,,,,,,,,,,,,,,,,,,
stop_intent,stop_unchanged,XLF,,55.54,,2026-07-30T08:46:19.052718+00:00,2026-07-30T08:47:21.546266+00:00,initial,17.0,-0.209,,,,,,,,,,,,,,,,,,,,,,,,,,,,,,,,,,,,,,,,,,,,,,,,
entry_signal,block,XLF,risk_gate,,,2026-07-30T08:47:10.463093+00:00,2026-07-30T08:47:21.572393+00:00,,,,,,,,state_ext=stretched_up + state_slope=flat,,,,,1d,,,,,,insample,True,False,2026-07-28 04:00:00+00:00,57.59999847412109,"{'state_ext': 'stretched_up', 'state_slope': 'flat', 'state_vol': 'mid_vol', 'state_volume': 'vol_normal', 'state_session': 'afternoon', 'state_dow': 'Tue', 'state_utc_session': 'utc_asia', 'state_weekpart': 'weekday', 'state_ret_1': 'ret_up', 'state_ret_3': 'ret_up', 'state_ret_5': 'ret_up', 'state_ret_10': 'ret_up', 'state_ret_20': 'ret_up', 'state_atr_ext': 'atr_up', 'state_vol_regime': 'vol_regime_high', 'state_trend_strength': 'mod_trend', 'state_gap': 'gap_up', 'state_range_pos': 'range_high', 'state_ret_day': 'ret_day_up', 'state_vol_day': 'vol_day_mid', 'state_funding': 'funding_neutral', 'state_oi': 'oi_flat', 'state_cot': 'cot_neutral', 'state_vix': 'vix_mid', 'state_breadth': 'breadth_mixed', 'state_dxy': 'dxy_flat'}",,long,17.0,buy,979.1999740600586,state_ext=stretched_up + state_slope=flat,5.0,2.0,XLF,gate_disabled,True,,,,conviction_with_vol_rail,1.0,1000.0,0.6693,17.0,447.0,14.0,"{'allowed': False, 'reasons': ['already have an open position in XLF'], 'details': {'symbol': 'XLF', 'qty': 17, 'price': 57.599998474121094, 'side': 'long', 'notional': 979.1999740600586, 'open_position_count': 2, 'today_realized_pnl': 0.0, 'risk_group': 'state_ext=stretched_up + state_slope=flat', 'aggregate_risk': {'current_open_risk_dollars': 156.37, 'proposed_r_dollars': 22.76, 'projected_open_risk_dollars': 179.13, 'budget_dollars': 1995.03, 'max_aggregate_open_risk_pct': 0.02}, 'gross_notional': {'current_open_notional': 962.2, 'proposed_notional': 979.2, 'projected_open_notional': 1941.4, 'budget_notional': 99751.51, 'target_leverage_multiple': 1.0}, 'margin_cushion': {'reason': 'margin cushion check inactive (missing buying_power/equity/multiple/cushion)'}, 'reconciliation_health': {'ok': True, 'total_order_ids': 49, 'resolved_order_ids': 49, 'unresolved_order_ids': [], 'errors': [], 'reason': 'ok'}}}",already have an open position in XLF,,,,
entry_signal,block,SPY,risk_gate,,,2026-07-30T08:47:21.518055+00:00,2026-07-30T08:47:21.599049+00:00,,,,,,,,state_session=afternoon + state_slope=downtrend,,,,,1h,,,,,,insample,True,False,2026-07-29 19:00:00+00:00,729.57,"{'state_ext': 'neutral', 'state_slope': 'downtrend', 'state_vol': 'high_vol', 'state_volume': 'vol_quiet', 'state_session': 'afternoon', 'state_dow': 'Wed', 'state_utc_session': 'utc_us', 'state_weekpart': 'weekday', 'state_ret_1': 'ret_down', 'state_ret_3': 'ret_down', 'state_ret_5': 'ret_down', 'state_ret_10': 'ret_down', 'state_ret_20': 'ret_down', 'state_atr_ext': 'atr_down', 'state_vol_regime': 'vol_regime_high', 'state_trend_strength': 'mod_trend', 'state_gap': 'gap_down', 'state_range_pos': 'range_low', 'state_ret_day': 'ret_day_down', 'state_vol_day': 'vol_day_high', 'state_funding': 'funding_neutral', 'state_oi': 'oi_flat', 'state_cot': 'cot_neutral', 'state_vix': 'vix_mid', 'state_breadth': 'breadth_mixed', 'state_dxy': 'dxy_flat'}",,long,1.0,buy,729.57,state_slope=downtrend,5.0,2.0,SPY,gate_disabled,True,,,,conviction_with_vol_rail,1.0,1000.0,3.4107,1.0,87.0,14.0,"{'allowed': False, 'reasons': ['macro-event blackout (FOMC/CPI/NFP/OPEX); new entries paused'], 'details': {'symbol': 'SPY', 'qty': 1, 'price': 729.57, 'side': 'long', 'notional': 729.57, 'open_position_count': 2, 'today_realized_pnl': 0.0, 'risk_group': 'state_slope=downtrend', 'aggregate_risk': {'current_open_risk_dollars': 156.37, 'proposed_r_dollars': 6.82, 'projected_open_risk_dollars': 163.19, 'budget_dollars': 1995.03, 'max_aggregate_open_risk_pct': 0.02}, 'gross_notional': {'current_open_notional': 962.2, 'proposed_notional': 729.57, 'projected_open_notional': 1691.77, 'budget_notional': 99751.51, 'target_leverage_multiple': 1.0}, 'margin_cushion': {'reason': 'margin cushion check inactive (missing buying_power/equity/multiple/cushion)'}, 'reconciliation_health': {'ok': True, 'total_order_ids': 49, 'resolved_order_ids': 49, 'unresolved_order_ids': [], 'errors': [], 'reason': 'ok'}}}",macro-event blackout (FOMC/CPI/NFP/OPEX); new entries paused,,,,
stop_intent,stop_unchanged,LRCX,,216.05,,2026-07-30T09:46:27.489276+00:00,2026-07-30T09:47:10.814887+00:00,initial,3.0,0.234,,,,,,,,,,,,,,,,,,,,,,,,,,,,,,,,,,,,,,,,,,,,,,,,
stop_intent,stop_unchanged,XLF,,55.54,,2026-07-30T09:46:27.489285+00:00,2026-07-30T09:47:10.833580+00:00,initial,17.0,-0.179,,,,,,,,,,,,,,,,,,,,,,,,,,,,,,,,,,,,,,,,,,,,,,,,
entry_signal,block,XLF,risk_gate,,,2026-07-30T09:47:03.638051+00:00,2026-07-30T09:47:10.897472+00:00,,,,,,,,state_ext=stretched_up + state_slope=flat,,,,,1d,,,,,,insample,True,False,2026-07-28 04:00:00+00:00,57.59999847412109,"{'state_ext': 'stretched_up', 'state_slope': 'flat', 'state_vol': 'mid_vol', 'state_volume': 'vol_normal', 'state_session': 'afternoon', 'state_dow': 'Tue', 'state_utc_session': 'utc_asia', 'state_weekpart': 'weekday', 'state_ret_1': 'ret_up', 'state_ret_3': 'ret_up', 'state_ret_5': 'ret_up', 'state_ret_10': 'ret_up', 'state_ret_20': 'ret_up', 'state_atr_ext': 'atr_up', 'state_vol_regime': 'vol_regime_high', 'state_trend_strength': 'mod_trend', 'state_gap': 'gap_up', 'state_range_pos': 'range_high', 'state_ret_day': 'ret_day_up', 'state_vol_day': 'vol_day_mid', 'state_funding': 'funding_neutral', 'state_oi': 'oi_flat', 'state_cot': 'cot_neutral', 'state_vix': 'vix_mid', 'state_breadth': 'breadth_mixed', 'state_dxy': 'dxy_flat'}",,long,17.0,buy,979.1999740600586,state_ext=stretched_up + state_slope=flat,5.0,2.0,XLF,gate_disabled,True,,,,conviction_with_vol_rail,1.0,1000.0,0.6693,17.0,447.0,14.0,"{'allowed': False, 'reasons': ['already have an open position in XLF'], 'details': {'symbol': 'XLF', 'qty': 17, 'price': 57.599998474121094, 'side': 'long', 'notional': 979.1999740600586, 'open_position_count': 2, 'today_realized_pnl': 0.0, 'risk_group': 'state_ext=stretched_up + state_slope=flat', 'aggregate_risk': {'current_open_risk_dollars': 156.37, 'proposed_r_dollars': 22.76, 'projected_open_risk_dollars': 179.13, 'budget_dollars': 1995.03, 'max_aggregate_open_risk_pct': 0.02}, 'gross_notional': {'current_open_notional': 962.88, 'proposed_notional': 979.2, 'projected_open_notional': 1942.08, 'budget_notional': 99751.44, 'target_leverage_multiple': 1.0}, 'margin_cushion': {'reason': 'margin cushion check inactive (missing buying_power/equity/multiple/cushion)'}, 'reconciliation_health': {'ok': True, 'total_order_ids': 49, 'resolved_order_ids': 49, 'unresolved_order_ids': [], 'errors': [], 'reason': 'ok'}}}",already have an open position in XLF,,,,
entry_signal,block,SPY,risk_gate,,,2026-07-30T09:47:10.814643+00:00,2026-07-30T09:47:10.952200+00:00,,,,,,,,state_session=afternoon + state_slope=downtrend,,,,,1h,,,,,,insample,True,False,2026-07-29 19:00:00+00:00,729.57,"{'state_ext': 'neutral', 'state_slope': 'downtrend', 'state_vol': 'high_vol', 'state_volume': 'vol_quiet', 'state_session': 'afternoon', 'state_dow': 'Wed', 'state_utc_session': 'utc_us', 'state_weekpart': 'weekday', 'state_ret_1': 'ret_down', 'state_ret_3': 'ret_down', 'state_ret_5': 'ret_down', 'state_ret_10': 'ret_down', 'state_ret_20': 'ret_down', 'state_atr_ext': 'atr_down', 'state_vol_regime': 'vol_regime_high', 'state_trend_strength': 'mod_trend', 'state_gap': 'gap_down', 'state_range_pos': 'range_low', 'state_ret_day': 'ret_day_down', 'state_vol_day': 'vol_day_high', 'state_funding': 'funding_neutral', 'state_oi': 'oi_flat', 'state_cot': 'cot_neutral', 'state_vix': 'vix_mid', 'state_breadth': 'breadth_mixed', 'state_dxy': 'dxy_flat'}",,long,1.0,buy,729.57,state_slope=downtrend,5.0,2.0,SPY,gate_disabled,True,,,,conviction_with_vol_rail,1.0,1000.0,3.4107,1.0,87.0,14.0,"{'allowed': False, 'reasons': ['macro-event blackout (FOMC/CPI/NFP/OPEX); new entries paused'], 'details': {'symbol': 'SPY', 'qty': 1, 'price': 729.57, 'side': 'long', 'notional': 729.57, 'open_position_count': 2, 'today_realized_pnl': 0.0, 'risk_group': 'state_slope=downtrend', 'aggregate_risk': {'current_open_risk_dollars': 156.37, 'proposed_r_dollars': 6.82, 'projected_open_risk_dollars': 163.19, 'budget_dollars': 1995.03, 'max_aggregate_open_risk_pct': 0.02}, 'gross_notional': {'current_open_notional': 962.88, 'proposed_notional': 729.57, 'projected_open_notional': 1692.45, 'budget_notional': 99751.44, 'target_leverage_multiple': 1.0}, 'margin_cushion': {'reason': 'margin cushion check inactive (missing buying_power/equity/multiple/cushion)'}, 'reconciliation_health': {'ok': True, 'total_order_ids': 49, 'resolved_order_ids': 49, 'unresolved_order_ids': [], 'errors': [], 'reason': 'ok'}}}",macro-event blackout (FOMC/CPI/NFP/OPEX); new entries paused,,,,
stop_intent,stop_unchanged,LRCX,,216.05,,2026-07-30T10:46:30.244992+00:00,2026-07-30T10:47:46.933785+00:00,initial,3.0,0.3,,,,,,,,,,,,,,,,,,,,,,,,,,,,,,,,,,,,,,,,,,,,,,,,
stop_intent,stop_unchanged,XLF,,55.54,,2026-07-30T10:46:30.245003+00:00,2026-07-30T10:47:46.961316+00:00,initial,17.0,-0.194,,,,,,,,,,,,,,,,,,,,,,,,,,,,,,,,,,,,,,,,,,,,,,,,
entry_signal,block,XLF,risk_gate,,,2026-07-30T10:47:32.720627+00:00,2026-07-30T10:47:46.988092+00:00,,,,,,,,state_ext=stretched_up + state_slope=flat,,,,,1d,,,,,,insample,True,False,2026-07-28 04:00:00+00:00,57.59999847412109,"{'state_ext': 'stretched_up', 'state_slope': 'flat', 'state_vol': 'mid_vol', 'state_volume': 'vol_normal', 'state_session': 'afternoon', 'state_dow': 'Tue', 'state_utc_session': 'utc_asia', 'state_weekpart': 'weekday', 'state_ret_1': 'ret_up', 'state_ret_3': 'ret_up', 'state_ret_5': 'ret_up', 'state_ret_10': 'ret_up', 'state_ret_20': 'ret_up', 'state_atr_ext': 'atr_up', 'state_vol_regime': 'vol_regime_high', 'state_trend_strength': 'mod_trend', 'state_gap': 'gap_up', 'state_range_pos': 'range_high', 'state_ret_day': 'ret_day_up', 'state_vol_day': 'vol_day_mid', 'state_funding': 'funding_neutral', 'state_oi': 'oi_flat', 'state_cot': 'cot_neutral', 'state_vix': 'vix_mid', 'state_breadth': 'breadth_mixed', 'state_dxy': 'dxy_flat'}",,long,17.0,buy,979.1999740600586,state_ext=stretched_up + state_slope=flat,5.0,2.0,XLF,gate_disabled,True,,,,conviction_with_vol_rail,1.0,1000.0,0.6693,17.0,447.0,14.0,"{'allowed': False, 'reasons': ['already have an open position in XLF'], 'details': {'symbol': 'XLF', 'qty': 17, 'price': 57.599998474121094, 'side': 'long', 'notional': 979.1999740600586, 'open_position_count': 2, 'today_realized_pnl': 0.0, 'risk_group': 'state_ext=stretched_up + state_slope=flat', 'aggregate_risk': {'current_open_risk_dollars': 156.37, 'proposed_r_dollars': 22.76, 'projected_open_risk_dollars': 179.13, 'budget_dollars': 1995.2, 'max_aggregate_open_risk_pct': 0.02}, 'gross_notional': {'current_open_notional': 962.54, 'proposed_notional': 979.2, 'projected_open_notional': 1941.74, 'budget_notional': 99759.89, 'target_leverage_multiple': 1.0}, 'margin_cushion': {'reason': 'margin cushion check inactive (missing buying_power/equity/multiple/cushion)'}, 'reconciliation_health': {'ok': True, 'total_order_ids': 49, 'resolved_order_ids': 49, 'unresolved_order_ids': [], 'errors': [], 'reason': 'ok'}}}",already have an open position in XLF,,,,
entry_signal,block,SPY,risk_gate,,,2026-07-30T10:47:46.933549+00:00,2026-07-30T10:47:47.016084+00:00,,,,,,,,state_session=afternoon + state_slope=downtrend,,,,,1h,,,,,,insample,True,False,2026-07-29 19:00:00+00:00,729.57,"{'state_ext': 'neutral', 'state_slope': 'downtrend', 'state_vol': 'high_vol', 'state_volume': 'vol_quiet', 'state_session': 'afternoon', 'state_dow': 'Wed', 'state_utc_session': 'utc_us', 'state_weekpart': 'weekday', 'state_ret_1': 'ret_down', 'state_ret_3': 'ret_down', 'state_ret_5': 'ret_down', 'state_ret_10': 'ret_down', 'state_ret_20': 'ret_down', 'state_atr_ext': 'atr_down', 'state_vol_regime': 'vol_regime_high', 'state_trend_strength': 'mod_trend', 'state_gap': 'gap_down', 'state_range_pos': 'range_low', 'state_ret_day': 'ret_day_down', 'state_vol_day': 'vol_day_high', 'state_funding': 'funding_neutral', 'state_oi': 'oi_flat', 'state_cot': 'cot_neutral', 'state_vix': 'vix_mid', 'state_breadth': 'breadth_mixed', 'state_dxy': 'dxy_flat'}",,long,1.0,buy,729.57,state_slope=downtrend,5.0,2.0,SPY,gate_disabled,True,,,,conviction_with_vol_rail,1.0,1000.0,3.4107,1.0,87.0,14.0,"{'allowed': False, 'reasons': ['macro-event blackout (FOMC/CPI/NFP/OPEX); new entries paused'], 'details': {'symbol': 'SPY', 'qty': 1, 'price': 729.57, 'side': 'long', 'notional': 729.57, 'open_position_count': 2, 'today_realized_pnl': 0.0, 'risk_group': 'state_slope=downtrend', 'aggregate_risk': {'current_open_risk_dollars': 156.37, 'proposed_r_dollars': 6.82, 'projected_open_risk_dollars': 163.19, 'budget_dollars': 1995.2, 'max_aggregate_open_risk_pct': 0.02}, 'gross_notional': {'current_open_notional': 962.54, 'proposed_notional': 729.57, 'projected_open_notional': 1692.11, 'budget_notional': 99759.89, 'target_leverage_multiple': 1.0}, 'margin_cushion': {'reason': 'margin cushion check inactive (missing buying_power/equity/multiple/cushion)'}, 'reconciliation_health': {'ok': True, 'total_order_ids': 49, 'resolved_order_ids': 49, 'unresolved_order_ids': [], 'errors': [], 'reason': 'ok'}}}",macro-event blackout (FOMC/CPI/NFP/OPEX); new entries paused,,,,
stop_intent,stop_unchanged,LRCX,,216.05,,2026-07-30T11:46:16.773268+00:00,2026-07-30T11:47:19.800162+00:00,initial,3.0,0.328,,,,,,,,,,,,,,,,,,,,,,,,,,,,,,,,,,,,,,,,,,,,,,,,
stop_intent,stop_unchanged,XLF,,55.54,,2026-07-30T11:46:16.773280+00:00,2026-07-30T11:47:19.828579+00:00,initial,17.0,-0.201,,,,,,,,,,,,,,,,,,,,,,,,,,,,,,,,,,,,,,,,,,,,,,,,
entry_signal,block,XLF,risk_gate,,,2026-07-30T11:47:08.561409+00:00,2026-07-30T11:47:19.856254+00:00,,,,,,,,state_ext=stretched_up + state_slope=flat,,,,,1d,,,,,,insample,True,False,2026-07-28 04:00:00+00:00,57.59999847412109,"{'state_ext': 'stretched_up', 'state_slope': 'flat', 'state_vol': 'mid_vol', 'state_volume': 'vol_normal', 'state_session': 'afternoon', 'state_dow': 'Tue', 'state_utc_session': 'utc_asia', 'state_weekpart': 'weekday', 'state_ret_1': 'ret_up', 'state_ret_3': 'ret_up', 'state_ret_5': 'ret_up', 'state_ret_10': 'ret_up', 'state_ret_20': 'ret_up', 'state_atr_ext': 'atr_up', 'state_vol_regime': 'vol_regime_high', 'state_trend_strength': 'mod_trend', 'state_gap': 'gap_up', 'state_range_pos': 'range_high', 'state_ret_day': 'ret_day_up', 'state_vol_day': 'vol_day_mid', 'state_funding': 'funding_neutral', 'state_oi': 'oi_flat', 'state_cot': 'cot_neutral', 'state_vix': 'vix_mid', 'state_breadth': 'breadth_mixed', 'state_dxy': 'dxy_flat'}",,long,17.0,buy,979.1999740600586,state_ext=stretched_up + state_slope=flat,5.0,2.0,XLF,gate_disabled,True,,,,conviction_with_vol_rail,1.0,1000.0,0.6693,17.0,447.0,14.0,"{'allowed': False, 'reasons': ['already have an open position in XLF'], 'details': {'symbol': 'XLF', 'qty': 17, 'price': 57.599998474121094, 'side': 'long', 'notional': 979.1999740600586, 'open_position_count': 2, 'today_realized_pnl': 0.0, 'risk_group': 'state_ext=stretched_up + state_slope=flat', 'aggregate_risk': {'current_open_risk_dollars': 156.37, 'proposed_r_dollars': 22.76, 'projected_open_risk_dollars': 179.13, 'budget_dollars': 1995.23, 'max_aggregate_open_risk_pct': 0.02}, 'gross_notional': {'current_open_notional': 962.37, 'proposed_notional': 979.2, 'projected_open_notional': 1941.57, 'budget_notional': 99761.43, 'target_leverage_multiple': 1.0}, 'margin_cushion': {'reason': 'margin cushion check inactive (missing buying_power/equity/multiple/cushion)'}, 'reconciliation_health': {'ok': True, 'total_order_ids': 49, 'resolved_order_ids': 49, 'unresolved_order_ids': [], 'errors': [], 'reason': 'ok'}}}",already have an open position in XLF,,,,
entry_signal,block,SPY,risk_gate,,,2026-07-30T11:47:19.799872+00:00,2026-07-30T11:47:19.885146+00:00,,,,,,,,state_session=afternoon + state_slope=downtrend,,,,,1h,,,,,,insample,True,False,2026-07-29 19:00:00+00:00,729.57,"{'state_ext': 'neutral', 'state_slope': 'downtrend', 'state_vol': 'high_vol', 'state_volume': 'vol_quiet', 'state_session': 'afternoon', 'state_dow': 'Wed', 'state_utc_session': 'utc_us', 'state_weekpart': 'weekday', 'state_ret_1': 'ret_down', 'state_ret_3': 'ret_down', 'state_ret_5': 'ret_down', 'state_ret_10': 'ret_down', 'state_ret_20': 'ret_down', 'state_atr_ext': 'atr_down', 'state_vol_regime': 'vol_regime_high', 'state_trend_strength': 'mod_trend', 'state_gap': 'gap_down', 'state_range_pos': 'range_low', 'state_ret_day': 'ret_day_down', 'state_vol_day': 'vol_day_high', 'state_funding': 'funding_neutral', 'state_oi': 'oi_flat', 'state_cot': 'cot_neutral', 'state_vix': 'vix_mid', 'state_breadth': 'breadth_mixed', 'state_dxy': 'dxy_flat'}",,long,1.0,buy,729.57,state_slope=downtrend,5.0,2.0,SPY,gate_disabled,True,,,,conviction_with_vol_rail,1.0,1000.0,3.4107,1.0,87.0,14.0,"{'allowed': False, 'reasons': ['macro-event blackout (FOMC/CPI/NFP/OPEX); new entries paused'], 'details': {'symbol': 'SPY', 'qty': 1, 'price': 729.57, 'side': 'long', 'notional': 729.57, 'open_position_count': 2, 'today_realized_pnl': 0.0, 'risk_group': 'state_slope=downtrend', 'aggregate_risk': {'current_open_risk_dollars': 156.37, 'proposed_r_dollars': 6.82, 'projected_open_risk_dollars': 163.19, 'budget_dollars': 1995.23, 'max_aggregate_open_risk_pct': 0.02}, 'gross_notional': {'current_open_notional': 962.37, 'proposed_notional': 729.57, 'projected_open_notional': 1691.94, 'budget_notional': 99761.43, 'target_leverage_multiple': 1.0}, 'margin_cushion': {'reason': 'margin cushion check inactive (missing buying_power/equity/multiple/cushion)'}, 'reconciliation_health': {'ok': True, 'total_order_ids': 49, 'resolved_order_ids': 49, 'unresolved_order_ids': [], 'errors': [], 'reason': 'ok'}}}",macro-event blackout (FOMC/CPI/NFP/OPEX); new entries paused,,,,
stop_intent,stop_unchanged,LRCX,,216.05,,2026-07-30T12:46:33.652118+00:00,2026-07-30T12:47:49.248945+00:00,initial,3.0,0.548,,,,,,,,,,,,,,,,,,,,,,,,,,,,,,,,,,,,,,,,,,,,,,,,
stop_intent,stop_unchanged,XLF,,55.54,,2026-07-30T12:46:33.652127+00:00,2026-07-30T12:47:49.278011+00:00,initial,17.0,-0.187,,,,,,,,,,,,,,,,,,,,,,,,,,,,,,,,,,,,,,,,,,,,,,,,
entry_signal,block,XLF,risk_gate,,,2026-07-30T12:47:35.003785+00:00,2026-07-30T12:47:49.306308+00:00,,,,,,,,state_ext=stretched_up + state_slope=flat,,,,,1d,,,,,,insample,True,False,2026-07-28 04:00:00+00:00,57.59999847412109,"{'state_ext': 'stretched_up', 'state_slope': 'flat', 'state_vol': 'mid_vol', 'state_volume': 'vol_normal', 'state_session': 'afternoon', 'state_dow': 'Tue', 'state_utc_session': 'utc_asia', 'state_weekpart': 'weekday', 'state_ret_1': 'ret_up', 'state_ret_3': 'ret_up', 'state_ret_5': 'ret_up', 'state_ret_10': 'ret_up', 'state_ret_20': 'ret_up', 'state_atr_ext': 'atr_up', 'state_vol_regime': 'vol_regime_high', 'state_trend_strength': 'mod_trend', 'state_gap': 'gap_up', 'state_range_pos': 'range_high', 'state_ret_day': 'ret_day_up', 'state_vol_day': 'vol_day_mid', 'state_funding': 'funding_neutral', 'state_oi': 'oi_flat', 'state_cot': 'cot_neutral', 'state_vix': 'vix_mid', 'state_breadth': 'breadth_mixed', 'state_dxy': 'dxy_flat'}",,long,17.0,buy,979.1999740600586,state_ext=stretched_up + state_slope=flat,5.0,2.0,XLF,gate_disabled,True,,,,conviction_with_vol_rail,1.0,1000.0,0.6693,17.0,447.0,14.0,"{'allowed': False, 'reasons': ['already have an open position in XLF'], 'details': {'symbol': 'XLF', 'qty': 17, 'price': 57.599998474121094, 'side': 'long', 'notional': 979.1999740600586, 'open_position_count': 2, 'today_realized_pnl': 0.0, 'risk_group': 'state_ext=stretched_up + state_slope=flat', 'aggregate_risk': {'current_open_risk_dollars': 156.37, 'proposed_r_dollars': 22.76, 'projected_open_risk_dollars': 179.13, 'budget_dollars': 1995.87, 'max_aggregate_open_risk_pct': 0.02}, 'gross_notional': {'current_open_notional': 962.71, 'proposed_notional': 979.2, 'projected_open_notional': 1941.91, 'budget_notional': 99793.27, 'target_leverage_multiple': 1.0}, 'margin_cushion': {'reason': 'margin cushion check inactive (missing buying_power/equity/multiple/cushion)'}, 'reconciliation_health': {'ok': True, 'total_order_ids': 49, 'resolved_order_ids': 49, 'unresolved_order_ids': [], 'errors': [], 'reason': 'ok'}}}",already have an open position in XLF,,,,
entry_signal,block,SPY,risk_gate,,,2026-07-30T12:47:49.247204+00:00,2026-07-30T12:47:49.335264+00:00,,,,,,,,state_session=afternoon + state_slope=downtrend,,,,,1h,,,,,,insample,True,False,2026-07-29 19:00:00+00:00,729.57,"{'state_ext': 'neutral', 'state_slope': 'downtrend', 'state_vol': 'high_vol', 'state_volume': 'vol_quiet', 'state_session': 'afternoon', 'state_dow': 'Wed', 'state_utc_session': 'utc_us', 'state_weekpart': 'weekday', 'state_ret_1': 'ret_down', 'state_ret_3': 'ret_down', 'state_ret_5': 'ret_down', 'state_ret_10': 'ret_down', 'state_ret_20': 'ret_down', 'state_atr_ext': 'atr_down', 'state_vol_regime': 'vol_regime_high', 'state_trend_strength': 'mod_trend', 'state_gap': 'gap_down', 'state_range_pos': 'range_low', 'state_ret_day': 'ret_day_down', 'state_vol_day': 'vol_day_high', 'state_funding': 'funding_neutral', 'state_oi': 'oi_flat', 'state_cot': 'cot_neutral', 'state_vix': 'vix_mid', 'state_breadth': 'breadth_mixed', 'state_dxy': 'dxy_flat'}",,long,1.0,buy,729.57,state_slope=downtrend,5.0,2.0,SPY,gate_disabled,True,,,,conviction_with_vol_rail,1.0,1000.0,3.4107,1.0,87.0,14.0,"{'allowed': False, 'reasons': ['macro-event blackout (FOMC/CPI/NFP/OPEX); new entries paused'], 'details': {'symbol': 'SPY', 'qty': 1, 'price': 729.57, 'side': 'long', 'notional': 729.57, 'open_position_count': 2, 'today_realized_pnl': 0.0, 'risk_group': 'state_slope=downtrend', 'aggregate_risk': {'current_open_risk_dollars': 156.37, 'proposed_r_dollars': 6.82, 'projected_open_risk_dollars': 163.19, 'budget_dollars': 1995.87, 'max_aggregate_open_risk_pct': 0.02}, 'gross_notional': {'current_open_notional': 962.71, 'proposed_notional': 729.57, 'projected_open_notional': 1692.28, 'budget_notional': 99793.27, 'target_leverage_multiple': 1.0}, 'margin_cushion': {'reason': 'margin cushion check inactive (missing buying_power/equity/multiple/cushion)'}, 'reconciliation_health': {'ok': True, 'total_order_ids': 49, 'resolved_order_ids': 49, 'unresolved_order_ids': [], 'errors': [], 'reason': 'ok'}}}",macro-event blackout (FOMC/CPI/NFP/OPEX); new entries paused,,,,
stop_intent,stop_state_cleared,XLF,position no longer open (stopped out or closed by another exit policy),,,2026-07-30T13:46:06.468393+00:00,2026-07-30T13:46:54.771620+00:00,,,,False,,,,,,,,,,,,,,,,,,,,,,,,,,,,,,,,,,,,,,,,,,,,,,,
stop_intent,stop_ratcheted,LRCX,,,9f065e0a-ff53-4311-ab07-d1c010433eb9,2026-07-30T13:46:06.468403+00:00,2026-07-30T13:46:54.792851+00:00,breakeven,3.0,,,,,,,,,,,,,,,,,,,,,,,,,,,,,,,,,,,,,,,,,,,,,,216.05,260.58,False,
entry_signal,enter,XLF,,,5632a095-aac0-4781-8fd9-b0a4ffe2aff7,2026-07-30T13:46:46.178781+00:00,2026-07-30T13:46:54.947343+00:00,,17.0,,,,pending_new,,state_ext=stretched_up + state_slope=flat,,,,,1d,,,,,,insample,True,True,2026-07-28 04:00:00+00:00,57.59999847412109,"{'state_ext': 'stretched_up', 'state_slope': 'flat', 'state_vol': 'mid_vol', 'state_volume': 'vol_normal', 'state_session': 'afternoon', 'state_dow': 'Tue', 'state_utc_session': 'utc_asia', 'state_weekpart': 'weekday', 'state_ret_1': 'ret_up', 'state_ret_3': 'ret_up', 'state_ret_5': 'ret_up', 'state_ret_10': 'ret_up', 'state_ret_20': 'ret_up', 'state_atr_ext': 'atr_up', 'state_vol_regime': 'vol_regime_high', 'state_trend_strength': 'mod_trend', 'state_gap': 'gap_up', 'state_range_pos': 'range_high', 'state_ret_day': 'ret_day_up', 'state_vol_day': 'vol_day_mid', 'state_funding': 'funding_neutral', 'state_oi': 'oi_flat', 'state_cot': 'cot_neutral', 'state_vix': 'vix_mid', 'state_breadth': 'breadth_mixed', 'state_dxy': 'dxy_flat'}",state_ext=stretched_up + state_slope=flat,long,17.0,buy,979.1999740600586,state_ext=stretched_up + state_slope=flat,5.0,2.0,XLF,gate_disabled,True,,,,conviction_with_vol_rail,1.0,1000.0,0.6693,17.0,447.0,14.0,"{'allowed': True, 'reasons': [], 'details': {'symbol': 'XLF', 'qty': 17, 'price': 57.599998474121094, 'side': 'long', 'notional': 979.1999740600586, 'open_position_count': 0, 'today_realized_pnl': 0.0, 'risk_group': 'state_ext=stretched_up + state_slope=flat', 'aggregate_risk': {'current_open_risk_dollars': 22.78, 'proposed_r_dollars': 22.76, 'projected_open_risk_dollars': 45.54, 'budget_dollars': 1997.06, 'max_aggregate_open_risk_pct': 0.02}, 'gross_notional': {'current_open_notional': 0.0, 'proposed_notional': 979.2, 'projected_open_notional': 979.2, 'budget_notional': 99853.17, 'target_leverage_multiple': 1.0}, 'margin_cushion': {'reason': 'margin cushion check inactive (missing buying_power/equity/multiple/cushion)'}, 'reconciliation_health': {'ok': True, 'total_order_ids': 49, 'resolved_order_ids': 49, 'unresolved_order_ids': [], 'errors': [], 'reason': 'ok'}}}",,,,,skipped_no_price
entry_signal,block,SPY,risk_gate,,,2026-07-30T13:46:54.770890+00:00,2026-07-30T13:46:54.970174+00:00,,,,,,,,state_session=afternoon + state_slope=downtrend,,,,,1h,,,,,,insample,True,False,2026-07-29 19:00:00+00:00,729.57,"{'state_ext': 'neutral', 'state_slope': 'downtrend', 'state_vol': 'high_vol', 'state_volume': 'vol_quiet', 'state_session': 'afternoon', 'state_dow': 'Wed', 'state_utc_session': 'utc_us', 'state_weekpart': 'weekday', 'state_ret_1': 'ret_down', 'state_ret_3': 'ret_down', 'state_ret_5': 'ret_down', 'state_ret_10': 'ret_down', 'state_ret_20': 'ret_down', 'state_atr_ext': 'atr_down', 'state_vol_regime': 'vol_regime_high', 'state_trend_strength': 'mod_trend', 'state_gap': 'gap_down', 'state_range_pos': 'range_low', 'state_ret_day': 'ret_day_down', 'state_vol_day': 'vol_day_high', 'state_funding': 'funding_neutral', 'state_oi': 'oi_flat', 'state_cot': 'cot_neutral', 'state_vix': 'vix_mid', 'state_breadth': 'breadth_mixed', 'state_dxy': 'dxy_flat'}",,long,1.0,buy,729.57,state_slope=downtrend,5.0,2.0,SPY,gate_disabled,True,,,,conviction_with_vol_rail,1.0,1000.0,3.4107,1.0,87.0,14.0,"{'allowed': False, 'reasons': ['macro-event blackout (FOMC/CPI/NFP/OPEX); new entries paused'], 'details': {'symbol': 'SPY', 'qty': 1, 'price': 729.57, 'side': 'long', 'notional': 729.57, 'open_position_count': 0, 'today_realized_pnl': 0.0, 'risk_group': 'state_slope=downtrend', 'aggregate_risk': {'current_open_risk_dollars': 22.78, 'proposed_r_dollars': 6.82, 'projected_open_risk_dollars': 29.6, 'budget_dollars': 1997.06, 'max_aggregate_open_risk_pct': 0.02}, 'gross_notional': {'current_open_notional': 0.0, 'proposed_notional': 729.57, 'projected_open_notional': 729.57, 'budget_notional': 99853.17, 'target_leverage_multiple': 1.0}, 'margin_cushion': {'reason': 'margin cushion check inactive (missing buying_power/equity/multiple/cushion)'}, 'reconciliation_health': {'ok': True, 'total_order_ids': 49, 'resolved_order_ids': 49, 'unresolved_order_ids': [], 'errors': [], 'reason': 'ok'}}}",macro-event blackout (FOMC/CPI/NFP/OPEX); new entries paused,,,,
exit_intent,exit,FDX,stable filter broken: state_ext=neutral (expected stretched_down),,f0baa5ab-d3ae-4fcb-bac7-81a1cf6d2589,2026-07-30T14:46:41.533213+00:00,2026-07-30T14:47:51.491274+00:00,,,,,,pending_new,,state_ext=stretched_down + state_ret_1=ret_down,state_ext=stretched_down + state_ret_1=ret_down,"{'state_ext': 'neutral', 'state_ret_1': 'ret_down'}",0.0,3.0,1h,False,paper_trade_log_enter,,,,,,,,,,,,,,,,,,,,,,,,,,,,,,,,,,,,
exit_intent,exit,NOW,stable filter broken: state_ext=stretched_up (expected stretched_down),,b8214873-c145-4320-a5f5-939013274e8b,2026-07-30T14:46:41.533242+00:00,2026-07-30T14:47:53.264901+00:00,,,,,,pending_new,,state_ext=stretched_down + state_ret_1=ret_down,state_ext=stretched_down + state_ret_1=ret_down,"{'state_ext': 'stretched_up', 'state_ret_1': 'ret_down'}",0.0,3.0,1h,False,paper_trade_log_enter,,,,,,,,,,,,,,,,,,,,,,,,,,,,,,,,,,,,
stop_intent,stop_adopted,FDX,found an existing resting stop order (3c72b41f-049a-4e61-869c-c65b7d44de10) at the broker for FDX with no local tracked state -- adopting it instead of submitting a duplicate (local state was likely lost/reset),289.43,3c72b41f-049a-4e61-869c-c65b7d44de10,2026-07-30T14:46:42.397276+00:00,2026-07-30T14:47:53.292864+00:00,,,,,,,,,,,,,,,,,,,,,,,,,,,,,,,,,,,,,,,,,,,,,,,,,,,
stop_intent,stop_adopted,HON,found an existing resting stop order (e8a6664b-5daf-4548-b1e7-6d8afed86f37) at the broker for HON with no local tracked state -- adopting it instead of submitting a duplicate (local state was likely lost/reset),224.91,e8a6664b-5daf-4548-b1e7-6d8afed86f37,2026-07-30T14:46:42.397289+00:00,2026-07-30T14:47:53.319247+00:00,,,,,,,,,,,,,,,,,,,,,,,,,,,,,,,,,,,,,,,,,,,,,,,,,,,
stop_intent,stop_adopted,KLAC,found an existing resting stop order (534dabf9-c305-4a7a-b651-53e1d3082bf1) at the broker for KLAC with no local tracked state -- adopting it instead of submitting a duplicate (local state was likely lost/reset),157.32,534dabf9-c305-4a7a-b651-53e1d3082bf1,2026-07-30T14:46:42.397294+00:00,2026-07-30T14:47:53.345724+00:00,,,,,,,,,,,,,,,,,,,,,,,,,,,,,,,,,,,,,,,,,,,,,,,,,,,
stop_intent,stop_unchanged,LRCX,,260.58,,2026-07-30T14:46:42.397298+00:00,2026-07-30T14:47:53.372188+00:00,breakeven,3.0,1.078,,,,,,,,,,,,,,,,,,,,,,,,,,,,,,,,,,,,,,,,,,,,,,,,
stop_intent,stop_adopted,NOW,found an existing resting stop order (a4523f50-1774-40a2-8270-d9e2cd3f17e3) at the broker for NOW with no local tracked state -- adopting it instead of submitting a duplicate (local state was likely lost/reset),93.91,a4523f50-1774-40a2-8270-d9e2cd3f17e3,2026-07-30T14:46:42.397301+00:00,2026-07-30T14:47:53.398822+00:00,,,,,,,,,,,,,,,,,,,,,,,,,,,,,,,,,,,,,,,,,,,,,,,,,,,
stop_intent,stop_unchanged,XLF,,55.54,,2026-07-30T14:46:42.397305+00:00,2026-07-30T14:47:53.425170+00:00,initial,17.0,-0.354,,,,,,,,,,,,,,,,,,,,,,,,,,,,,,,,,,,,,,,,,,,,,,,,
entry_signal,block,XLF,risk_gate,,,2026-07-30T14:47:37.619591+00:00,2026-07-30T14:47:53.451606+00:00,,,,,,,,state_ext=stretched_up + state_slope=flat,,,,,1d,,,,,,insample,True,False,2026-07-28 04:00:00+00:00,57.59999847412109,"{'state_ext': 'stretched_up', 'state_slope': 'flat', 'state_vol': 'mid_vol', 'state_volume': 'vol_normal', 'state_session': 'afternoon', 'state_dow': 'Tue', 'state_utc_session': 'utc_asia', 'state_weekpart': 'weekday', 'state_ret_1': 'ret_up', 'state_ret_3': 'ret_up', 'state_ret_5': 'ret_up', 'state_ret_10': 'ret_up', 'state_ret_20': 'ret_up', 'state_atr_ext': 'atr_up', 'state_vol_regime': 'vol_regime_high', 'state_trend_strength': 'mod_trend', 'state_gap': 'gap_up', 'state_range_pos': 'range_high', 'state_ret_day': 'ret_day_up', 'state_vol_day': 'vol_day_mid', 'state_funding': 'funding_neutral', 'state_oi': 'oi_flat', 'state_cot': 'cot_neutral', 'state_vix': 'vix_mid', 'state_breadth': 'breadth_mixed', 'state_dxy': 'dxy_flat'}",,long,17.0,buy,979.1999740600586,state_ext=stretched_up + state_slope=flat,5.0,2.0,XLF,gate_disabled,True,,,,conviction_with_vol_rail,1.0,1000.0,0.6693,17.0,447.0,14.0,"{'allowed': False, 'reasons': ['already have an open position in XLF'], 'details': {'symbol': 'XLF', 'qty': 17, 'price': 57.599998474121094, 'side': 'long', 'notional': 979.1999740600586, 'open_position_count': 2, 'today_realized_pnl': 0.0, 'risk_group': 'state_ext=stretched_up + state_slope=flat', 'aggregate_risk': {'current_open_risk_dollars': 880.99, 'proposed_r_dollars': 22.76, 'projected_open_risk_dollars': 903.75, 'budget_dollars': 1997.54, 'max_aggregate_open_risk_pct': 0.02}, 'gross_notional': {'current_open_notional': 958.88, 'proposed_notional': 979.2, 'projected_open_notional': 1938.08, 'budget_notional': 99876.75, 'target_leverage_multiple': 1.0}, 'margin_cushion': {'reason': 'margin cushion check inactive (missing buying_power/equity/multiple/cushion)'}, 'reconciliation_health': {'ok': True, 'total_order_ids': 51, 'resolved_order_ids': 51, 'unresolved_order_ids': [], 'errors': [], 'reason': 'ok'}}}",already have an open position in XLF,,,,
entry_signal,block,SPY,risk_gate,,,2026-07-30T14:47:49.671925+00:00,2026-07-30T14:47:53.478418+00:00,,,,,,,,state_session=afternoon + state_slope=downtrend,,,,,1h,,,,,,insample,True,False,2026-07-29 19:00:00+00:00,729.57,"{'state_ext': 'neutral', 'state_slope': 'downtrend', 'state_vol': 'high_vol', 'state_volume': 'vol_quiet', 'state_session': 'afternoon', 'state_dow': 'Wed', 'state_utc_session': 'utc_us', 'state_weekpart': 'weekday', 'state_ret_1': 'ret_down', 'state_ret_3': 'ret_down', 'state_ret_5': 'ret_down', 'state_ret_10': 'ret_down', 'state_ret_20': 'ret_down', 'state_atr_ext': 'atr_down', 'state_vol_regime': 'vol_regime_high', 'state_trend_strength': 'mod_trend', 'state_gap': 'gap_down', 'state_range_pos': 'range_low', 'state_ret_day': 'ret_day_down', 'state_vol_day': 'vol_day_high', 'state_funding': 'funding_neutral', 'state_oi': 'oi_flat', 'state_cot': 'cot_neutral', 'state_vix': 'vix_mid', 'state_breadth': 'breadth_mixed', 'state_dxy': 'dxy_flat'}",,long,1.0,buy,729.57,state_slope=downtrend,5.0,2.0,SPY,gate_disabled,True,,,,conviction_with_vol_rail,1.0,1000.0,3.4107,1.0,87.0,14.0,"{'allowed': False, 'reasons': ['macro-event blackout (FOMC/CPI/NFP/OPEX); new entries paused'], 'details': {'symbol': 'SPY', 'qty': 1, 'price': 729.57, 'side': 'long', 'notional': 729.57, 'open_position_count': 2, 'today_realized_pnl': 0.0, 'risk_group': 'state_slope=downtrend', 'aggregate_risk': {'current_open_risk_dollars': 880.99, 'proposed_r_dollars': 6.82, 'projected_open_risk_dollars': 887.81, 'budget_dollars': 1997.54, 'max_aggregate_open_risk_pct': 0.02}, 'gross_notional': {'current_open_notional': 958.88, 'proposed_notional': 729.57, 'projected_open_notional': 1688.45, 'budget_notional': 99876.75, 'target_leverage_multiple': 1.0}, 'margin_cushion': {'reason': 'margin cushion check inactive (missing buying_power/equity/multiple/cushion)'}, 'reconciliation_health': {'ok': True, 'total_order_ids': 51, 'resolved_order_ids': 51, 'unresolved_order_ids': [], 'errors': [], 'reason': 'ok'}}}",macro-event blackout (FOMC/CPI/NFP/OPEX); new entries paused,,,,
exit_intent,exit,NOW,stable filter broken: state_ext=stretched_up (expected stretched_down); state_ret_5=ret_up (expected ret_down),,a778f198-6921-46a4-af2b-083b5bac3f6d,2026-07-30T15:46:19.163255+00:00,2026-07-30T15:47:21.914364+00:00,,,,,,pending_new,,state_ext=stretched_down + state_ret_5=ret_down,state_ext=stretched_down + state_ret_5=ret_down,"{'state_ext': 'stretched_up', 'state_ret_5': 'ret_up'}",0.0,3.0,1h,False,paper_trade_log_enter,,,,,,,,,,,,,,,,,,,,,,,,,,,,,,,,,,,,
stop_intent,stop_state_cleared,FDX,position no longer open (stopped out or closed by another exit policy),,,2026-07-30T15:46:19.381199+00:00,2026-07-30T15:47:21.944880+00:00,,,,False,,,,,,,,,,,,,,,,,,,,,,,,,,,,,,,,,,,,,,,,,,,,,,,
stop_intent,stop_adopted,CRWD,found an existing resting stop order (269fed12-2909-4c64-bcc2-df3440f8321c) at the broker for CRWD with no local tracked state -- adopting it instead of submitting a duplicate (local state was likely lost/reset),202.29,269fed12-2909-4c64-bcc2-df3440f8321c,2026-07-30T15:46:19.381217+00:00,2026-07-30T15:47:21.974447+00:00,,,,,,,,,,,,,,,,,,,,,,,,,,,,,,,,,,,,,,,,,,,,,,,,,,,
stop_intent,stop_unchanged,HON,,224.91,,2026-07-30T15:46:19.381223+00:00,2026-07-30T15:47:22.004343+00:00,initial,5.0,-0.013,,,,,,,,,,,,,,,,,,,,,,,,,,,,,,,,,,,,,,,,,,,,,,,,
stop_intent,stop_unchanged,KLAC,,157.32,,2026-07-30T15:46:19.381228+00:00,2026-07-30T15:47:22.034340+00:00,initial,13.0,-0.045,,,,,,,,,,,,,,,,,,,,,,,,,,,,,,,,,,,,,,,,,,,,,,,,
stop_intent,stop_unchanged,LRCX,,260.58,,2026-07-30T15:46:19.381231+00:00,2026-07-30T15:47:22.064315+00:00,breakeven,3.0,0.87,,,,,,,,,,,,,,,,,,,,,,,,,,,,,,,,,,,,,,,,,,,,,,,,
stop_intent,stop_ratchet_failed,NOW,"{""code"":42210000,""message"":""order is not open""}",,,2026-07-30T15:46:19.381235+00:00,2026-07-30T15:47:22.094540+00:00,,,,,,,,,,,,,,,,,,,,,,,,,,,,,,,,,,,,,,,,,,,,,,,,,,,
stop_intent,stop_unchanged,XLF,,55.54,,2026-07-30T15:46:19.381238+00:00,2026-07-30T15:47:22.124287+00:00,initial,17.0,-0.332,,,,,,,,,,,,,,,,,,,,,,,,,,,,,,,,,,,,,,,,,,,,,,,,
entry_signal,block,XLF,risk_gate,,,2026-07-30T15:47:10.587121+00:00,2026-07-30T15:47:22.154692+00:00,,,,,,,,state_ext=stretched_up + state_slope=flat,,,,,1d,,,,,,insample,True,False,2026-07-28 04:00:00+00:00,57.59999847412109,"{'state_ext': 'stretched_up', 'state_slope': 'flat', 'state_vol': 'mid_vol', 'state_volume': 'vol_normal', 'state_session': 'afternoon', 'state_dow': 'Tue', 'state_utc_session': 'utc_asia', 'state_weekpart': 'weekday', 'state_ret_1': 'ret_up', 'state_ret_3': 'ret_up', 'state_ret_5': 'ret_up', 'state_ret_10': 'ret_up', 'state_ret_20': 'ret_up', 'state_atr_ext': 'atr_up', 'state_vol_regime': 'vol_regime_high', 'state_trend_strength': 'mod_trend', 'state_gap': 'gap_up', 'state_range_pos': 'range_high', 'state_ret_day': 'ret_day_up', 'state_vol_day': 'vol_day_mid', 'state_funding': 'funding_neutral', 'state_oi': 'oi_flat', 'state_cot': 'cot_neutral', 'state_vix': 'vix_mid', 'state_breadth': 'breadth_mixed', 'state_dxy': 'dxy_flat'}",,long,17.0,buy,979.1999740600586,state_ext=stretched_up + state_slope=flat,5.0,2.0,XLF,gate_disabled,True,,,,conviction_with_vol_rail,1.0,1000.0,0.6693,17.0,447.0,14.0,"{'allowed': False, 'reasons': ['already have an open position in XLF'], 'details': {'symbol': 'XLF', 'qty': 17, 'price': 57.599998474121094, 'side': 'long', 'notional': 979.1999740600586, 'open_position_count': 2, 'today_realized_pnl': 21.410000000000167, 'risk_group': 'state_ext=stretched_up + state_slope=flat', 'aggregate_risk': {'current_open_risk_dollars': 1152.04, 'proposed_r_dollars': 22.76, 'projected_open_risk_dollars': 1174.8, 'budget_dollars': 1996.61, 'max_aggregate_open_risk_pct': 0.02}, 'gross_notional': {'current_open_notional': 959.39, 'proposed_notional': 979.2, 'projected_open_notional': 1938.59, 'budget_notional': 99830.33, 'target_leverage_multiple': 1.0}, 'margin_cushion': {'reason': 'margin cushion check inactive (missing buying_power/equity/multiple/cushion)'}, 'reconciliation_health': {'ok': True, 'total_order_ids': 55, 'resolved_order_ids': 55, 'unresolved_order_ids': [], 'errors': [], 'reason': 'ok'}}}",already have an open position in XLF,,,,
entry_signal,block,SPY,risk_gate,,,2026-07-30T15:47:21.772702+00:00,2026-07-30T15:47:22.186131+00:00,,,,,,,,state_session=afternoon + state_slope=downtrend,,,,,1h,,,,,,insample,True,False,2026-07-29 19:00:00+00:00,729.57,"{'state_ext': 'neutral', 'state_slope': 'downtrend', 'state_vol': 'high_vol', 'state_volume': 'vol_quiet', 'state_session': 'afternoon', 'state_dow': 'Wed', 'state_utc_session': 'utc_us', 'state_weekpart': 'weekday', 'state_ret_1': 'ret_down', 'state_ret_3': 'ret_down', 'state_ret_5': 'ret_down', 'state_ret_10': 'ret_down', 'state_ret_20': 'ret_down', 'state_atr_ext': 'atr_down', 'state_vol_regime': 'vol_regime_high', 'state_trend_strength': 'mod_trend', 'state_gap': 'gap_down', 'state_range_pos': 'range_low', 'state_ret_day': 'ret_day_down', 'state_vol_day': 'vol_day_high', 'state_funding': 'funding_neutral', 'state_oi': 'oi_flat', 'state_cot': 'cot_neutral', 'state_vix': 'vix_mid', 'state_breadth': 'breadth_mixed', 'state_dxy': 'dxy_flat'}",,long,1.0,buy,729.57,state_slope=downtrend,5.0,2.0,SPY,gate_disabled,True,,,,conviction_with_vol_rail,1.0,1000.0,3.4107,1.0,87.0,14.0,"{'allowed': False, 'reasons': ['macro-event blackout (FOMC/CPI/NFP/OPEX); new entries paused'], 'details': {'symbol': 'SPY', 'qty': 1, 'price': 729.57, 'side': 'long', 'notional': 729.57, 'open_position_count': 2, 'today_realized_pnl': 21.410000000000167, 'risk_group': 'state_slope=downtrend', 'aggregate_risk': {'current_open_risk_dollars': 1152.04, 'proposed_r_dollars': 6.82, 'projected_open_risk_dollars': 1158.86, 'budget_dollars': 1996.61, 'max_aggregate_open_risk_pct': 0.02}, 'gross_notional': {'current_open_notional': 959.39, 'proposed_notional': 729.57, 'projected_open_notional': 1688.97, 'budget_notional': 99830.33, 'target_leverage_multiple': 1.0}, 'margin_cushion': {'reason': 'margin cushion check inactive (missing buying_power/equity/multiple/cushion)'}, 'reconciliation_health': {'ok': True, 'total_order_ids': 55, 'resolved_order_ids': 55, 'unresolved_order_ids': [], 'errors': [], 'reason': 'ok'}}}",macro-event blackout (FOMC/CPI/NFP/OPEX); new entries paused,,,,
stop_intent,stop_state_cleared,FDX,position no longer open (stopped out or closed by another exit policy),,,2026-07-30T16:46:33.891570+00:00,2026-07-30T16:47:51.714104+00:00,,,,False,,,,,,,,,,,,,,,,,,,,,,,,,,,,,,,,,,,,,,,,,,,,,,,
stop_intent,stop_state_cleared,HON,position no longer open (stopped out or closed by another exit policy),,,2026-07-30T16:46:33.891587+00:00,2026-07-30T16:47:51.745403+00:00,,,,False,,,,,,,,,,,,,,,,,,,,,,,,,,,,,,,,,,,,,,,,,,,,,,,
stop_intent,stop_state_cleared,KLAC,position no longer open (stopped out or closed by another exit policy),,,2026-07-30T16:46:33.891592+00:00,2026-07-30T16:47:51.775886+00:00,,,,False,,,,,,,,,,,,,,,,,,,,,,,,,,,,,,,,,,,,,,,,,,,,,,,
stop_intent,stop_state_cleared,NOW,position no longer open (stopped out or closed by another exit policy),,,2026-07-30T16:46:33.891596+00:00,2026-07-30T16:47:51.806794+00:00,,,,False,,,,,,,,,,,,,,,,,,,,,,,,,,,,,,,,,,,,,,,,,,,,,,,
stop_intent,stop_unchanged,CRWD,,202.29,,2026-07-30T16:46:33.891600+00:00,2026-07-30T16:47:51.836592+00:00,initial,13.0,-0.068,,,,,,,,,,,,,,,,,,,,,,,,,,,,,,,,,,,,,,,,,,,,,,,,
stop_intent,stop_unchanged,LRCX,,260.58,,2026-07-30T16:46:33.891604+00:00,2026-07-30T16:47:51.867139+00:00,breakeven,3.0,0.776,,,,,,,,,,,,,,,,,,,,,,,,,,,,,,,,,,,,,,,,,,,,,,,,
stop_intent,stop_unchanged,XLF,,55.54,,2026-07-30T16:46:33.891607+00:00,2026-07-30T16:47:51.897786+00:00,initial,17.0,-0.041,,,,,,,,,,,,,,,,,,,,,,,,,,,,,,,,,,,,,,,,,,,,,,,,
entry_signal,block,XLF,risk_gate,,,2026-07-30T16:47:37.154977+00:00,2026-07-30T16:47:51.930241+00:00,,,,,,,,state_ext=stretched_up + state_slope=flat,,,,,1d,,,,,,insample,True,False,2026-07-28 04:00:00+00:00,57.59999847412109,"{'state_ext': 'stretched_up', 'state_slope': 'flat', 'state_vol': 'mid_vol', 'state_volume': 'vol_normal', 'state_session': 'afternoon', 'state_dow': 'Tue', 'state_utc_session': 'utc_asia', 'state_weekpart': 'weekday', 'state_ret_1': 'ret_up', 'state_ret_3': 'ret_up', 'state_ret_5': 'ret_up', 'state_ret_10': 'ret_up', 'state_ret_20': 'ret_up', 'state_atr_ext': 'atr_up', 'state_vol_regime': 'vol_regime_high', 'state_trend_strength': 'mod_trend', 'state_gap': 'gap_up', 'state_range_pos': 'range_high', 'state_ret_day': 'ret_day_up', 'state_vol_day': 'vol_day_mid', 'state_funding': 'funding_neutral', 'state_oi': 'oi_flat', 'state_cot': 'cot_neutral', 'state_vix': 'vix_mid', 'state_breadth': 'breadth_mixed', 'state_dxy': 'dxy_flat'}",,long,17.0,buy,979.1999740600586,state_ext=stretched_up + state_slope=flat,5.0,2.0,XLF,gate_disabled,True,,,,conviction_with_vol_rail,1.0,1000.0,0.6693,17.0,447.0,14.0,"{'allowed': False, 'reasons': ['already have an open position in XLF'], 'details': {'symbol': 'XLF', 'qty': 17, 'price': 57.599998474121094, 'side': 'long', 'notional': 979.1999740600586, 'open_position_count': 2, 'today_realized_pnl': 39.01000000000042, 'risk_group': 'state_ext=stretched_up + state_slope=flat', 'aggregate_risk': {'current_open_risk_dollars': 293.83, 'proposed_r_dollars': 22.76, 'projected_open_risk_dollars': 316.59, 'budget_dollars': 1996.59, 'max_aggregate_open_risk_pct': 0.02}, 'gross_notional': {'current_open_notional': 966.02, 'proposed_notional': 979.2, 'projected_open_notional': 1945.22, 'budget_notional': 99829.72, 'target_leverage_multiple': 1.0}, 'margin_cushion': {'reason': 'margin cushion check inactive (missing buying_power/equity/multiple/cushion)'}, 'reconciliation_health': {'ok': True, 'total_order_ids': 56, 'resolved_order_ids': 56, 'unresolved_order_ids': [], 'errors': [], 'reason': 'ok'}}}",already have an open position in XLF,,,,
entry_signal,block,SPY,risk_gate,,,2026-07-30T16:47:51.713847+00:00,2026-07-30T16:47:51.961577+00:00,,,,,,,,state_session=afternoon + state_slope=downtrend,,,,,1h,,,,,,insample,True,False,2026-07-29 19:00:00+00:00,729.57,"{'state_ext': 'neutral', 'state_slope': 'downtrend', 'state_vol': 'high_vol', 'state_volume': 'vol_quiet', 'state_session': 'afternoon', 'state_dow': 'Wed', 'state_utc_session': 'utc_us', 'state_weekpart': 'weekday', 'state_ret_1': 'ret_down', 'state_ret_3': 'ret_down', 'state_ret_5': 'ret_down', 'state_ret_10': 'ret_down', 'state_ret_20': 'ret_down', 'state_atr_ext': 'atr_down', 'state_vol_regime': 'vol_regime_high', 'state_trend_strength': 'mod_trend', 'state_gap': 'gap_down', 'state_range_pos': 'range_low', 'state_ret_day': 'ret_day_down', 'state_vol_day': 'vol_day_high', 'state_funding': 'funding_neutral', 'state_oi': 'oi_flat', 'state_cot': 'cot_neutral', 'state_vix': 'vix_mid', 'state_breadth': 'breadth_mixed', 'state_dxy': 'dxy_flat'}",,long,1.0,buy,729.57,state_slope=downtrend,5.0,2.0,SPY,gate_disabled,True,,,,conviction_with_vol_rail,1.0,1000.0,3.4107,1.0,87.0,14.0,"{'allowed': False, 'reasons': ['macro-event blackout (FOMC/CPI/NFP/OPEX); new entries paused'], 'details': {'symbol': 'SPY', 'qty': 1, 'price': 729.57, 'side': 'long', 'notional': 729.57, 'open_position_count': 2, 'today_realized_pnl': 39.01000000000042, 'risk_group': 'state_slope=downtrend', 'aggregate_risk': {'current_open_risk_dollars': 293.83, 'proposed_r_dollars': 6.82, 'projected_open_risk_dollars': 300.65, 'budget_dollars': 1996.59, 'max_aggregate_open_risk_pct': 0.02}, 'gross_notional': {'current_open_notional': 966.02, 'proposed_notional': 729.57, 'projected_open_notional': 1695.6, 'budget_notional': 99829.72, 'target_leverage_multiple': 1.0}, 'margin_cushion': {'reason': 'margin cushion check inactive (missing buying_power/equity/multiple/cushion)'}, 'reconciliation_health': {'ok': True, 'total_order_ids': 56, 'resolved_order_ids': 56, 'unresolved_order_ids': [], 'errors': [], 'reason': 'ok'}}}",macro-event blackout (FOMC/CPI/NFP/OPEX); new entries paused,,,,
exit_intent,exit,NOW,stable filter broken: state_ext=stretched_up (expected stretched_down); state_ret_5=ret_up (expected ret_down),,1d518ba5-3674-4751-b347-1ac4001b7bca,2026-07-30T17:46:15.562808+00:00,2026-07-30T17:47:19.203605+00:00,,,,,,pending_new,,state_ext=stretched_down + state_ret_5=ret_down,state_ext=stretched_down + state_ret_5=ret_down,"{'state_ext': 'stretched_up', 'state_ret_5': 'ret_up'}",0.0,3.0,1h,False,paper_trade_log_enter,,,,,,,,,,,,,,,,,,,,,,,,,,,,,,,,,,,,
stop_intent,stop_state_cleared,CRWD,position no longer open (stopped out or closed by another exit policy),,,2026-07-30T17:46:15.838160+00:00,2026-07-30T17:47:19.233441+00:00,,,,False,,,,,,,,,,,,,,,,,,,,,,,,,,,,,,,,,,,,,,,,,,,,,,,
stop_intent,stop_adopted,HON,found an existing resting stop order (41680664-e2a5-4194-a0c8-b7f17e75307e) at the broker for HON with no local tracked state -- adopting it instead of submitting a duplicate (local state was likely lost/reset),226.51,41680664-e2a5-4194-a0c8-b7f17e75307e,2026-07-30T17:46:15.838194+00:00,2026-07-30T17:47:19.261364+00:00,,,,,,,,,,,,,,,,,,,,,,,,,,,,,,,,,,,,,,,,,,,,,,,,,,,
stop_intent,stop_adopted,KLAC,found an existing resting stop order (8b570e43-50e2-48db-93ae-c68a0c248f4a) at the broker for KLAC with no local tracked state -- adopting it instead of submitting a duplicate (local state was likely lost/reset),154.77,8b570e43-50e2-48db-93ae-c68a0c248f4a,2026-07-30T17:46:15.838200+00:00,2026-07-30T17:47:19.289649+00:00,,,,,,,,,,,,,,,,,,,,,,,,,,,,,,,,,,,,,,,,,,,,,,,,,,,
stop_intent,stop_unchanged,LRCX,,260.58,,2026-07-30T17:46:15.838205+00:00,2026-07-30T17:47:19.318218+00:00,breakeven,3.0,0.805,,,,,,,,,,,,,,,,,,,,,,,,,,,,,,,,,,,,,,,,,,,,,,,,
stop_intent,stop_adopted,NOW,found an existing resting stop order (6ef18dcf-8be8-41be-b0ce-7df21a38785c) at the broker for NOW with no local tracked state -- adopting it instead of submitting a duplicate (local state was likely lost/reset),96.72,6ef18dcf-8be8-41be-b0ce-7df21a38785c,2026-07-30T17:46:15.838209+00:00,2026-07-30T17:47:19.346628+00:00,,,,,,,,,,,,,,,,,,,,,,,,,,,,,,,,,,,,,,,,,,,,,,,,,,,
stop_intent,stop_unchanged,XLF,,55.54,,2026-07-30T17:46:15.838213+00:00,2026-07-30T17:47:19.375482+00:00,initial,17.0,-0.022,,,,,,,,,,,,,,,,,,,,,,,,,,,,,,,,,,,,,,,,,,,,,,,,
entry_signal,block,XLF,risk_gate,,,2026-07-30T17:47:07.112327+00:00,2026-07-30T17:47:19.404582+00:00,,,,,,,,state_ext=stretched_up + state_slope=flat,,,,,1d,,,,,,insample,True,False,2026-07-28 04:00:00+00:00,57.59999847412109,"{'state_ext': 'stretched_up', 'state_slope': 'flat', 'state_vol': 'mid_vol', 'state_volume': 'vol_normal', 'state_session': 'afternoon', 'state_dow': 'Tue', 'state_utc_session': 'utc_asia', 'state_weekpart': 'weekday', 'state_ret_1': 'ret_up', 'state_ret_3': 'ret_up', 'state_ret_5': 'ret_up', 'state_ret_10': 'ret_up', 'state_ret_20': 'ret_up', 'state_atr_ext': 'atr_up', 'state_vol_regime': 'vol_regime_high', 'state_trend_strength': 'mod_trend', 'state_gap': 'gap_up', 'state_range_pos': 'range_high', 'state_ret_day': 'ret_day_up', 'state_vol_day': 'vol_day_mid', 'state_funding': 'funding_neutral', 'state_oi': 'oi_flat', 'state_cot': 'cot_neutral', 'state_vix': 'vix_mid', 'state_breadth': 'breadth_mixed', 'state_dxy': 'dxy_flat'}",,long,17.0,buy,979.1999740600586,state_ext=stretched_up + state_slope=flat,5.0,2.0,XLF,gate_disabled,True,,,,conviction_with_vol_rail,1.0,1000.0,0.6693,17.0,447.0,14.0,"{'allowed': False, 'reasons': ['already have an open position in XLF'], 'details': {'symbol': 'XLF', 'qty': 17, 'price': 57.599998474121094, 'side': 'long', 'notional': 979.1999740600586, 'open_position_count': 2, 'today_realized_pnl': 39.01000000000042, 'risk_group': 'state_ext=stretched_up + state_slope=flat', 'aggregate_risk': {'current_open_risk_dollars': 1009.46, 'proposed_r_dollars': 22.76, 'projected_open_risk_dollars': 1032.22, 'budget_dollars': 1996.47, 'max_aggregate_open_risk_pct': 0.02}, 'gross_notional': {'current_open_notional': 966.45, 'proposed_notional': 979.2, 'projected_open_notional': 1945.65, 'budget_notional': 99823.53, 'target_leverage_multiple': 1.0}, 'margin_cushion': {'reason': 'margin cushion check inactive (missing buying_power/equity/multiple/cushion)'}, 'reconciliation_health': {'ok': True, 'total_order_ids': 56, 'resolved_order_ids': 56, 'unresolved_order_ids': [], 'errors': [], 'reason': 'ok'}}}",already have an open position in XLF,,,,
entry_signal,block,SPY,risk_gate,,,2026-07-30T17:47:18.379651+00:00,2026-07-30T17:47:19.434824+00:00,,,,,,,,state_session=afternoon + state_slope=downtrend,,,,,1h,,,,,,insample,True,False,2026-07-29 19:00:00+00:00,729.57,"{'state_ext': 'neutral', 'state_slope': 'downtrend', 'state_vol': 'high_vol', 'state_volume': 'vol_quiet', 'state_session': 'afternoon', 'state_dow': 'Wed', 'state_utc_session': 'utc_us', 'state_weekpart': 'weekday', 'state_ret_1': 'ret_down', 'state_ret_3': 'ret_down', 'state_ret_5': 'ret_down', 'state_ret_10': 'ret_down', 'state_ret_20': 'ret_down', 'state_atr_ext': 'atr_down', 'state_vol_regime': 'vol_regime_high', 'state_trend_strength': 'mod_trend', 'state_gap': 'gap_down', 'state_range_pos': 'range_low', 'state_ret_day': 'ret_day_down', 'state_vol_day': 'vol_day_high', 'state_funding': 'funding_neutral', 'state_oi': 'oi_flat', 'state_cot': 'cot_neutral', 'state_vix': 'vix_mid', 'state_breadth': 'breadth_mixed', 'state_dxy': 'dxy_flat'}",,long,1.0,buy,729.57,state_slope=downtrend,5.0,2.0,SPY,gate_disabled,True,,,,conviction_with_vol_rail,1.0,1000.0,3.4107,1.0,87.0,14.0,"{'allowed': False, 'reasons': ['macro-event blackout (FOMC/CPI/NFP/OPEX); new entries paused'], 'details': {'symbol': 'SPY', 'qty': 1, 'price': 729.57, 'side': 'long', 'notional': 729.57, 'open_position_count': 2, 'today_realized_pnl': 39.01000000000042, 'risk_group': 'state_slope=downtrend', 'aggregate_risk': {'current_open_risk_dollars': 1009.46, 'proposed_r_dollars': 6.82, 'projected_open_risk_dollars': 1016.28, 'budget_dollars': 1996.47, 'max_aggregate_open_risk_pct': 0.02}, 'gross_notional': {'current_open_notional': 966.45, 'proposed_notional': 729.57, 'projected_open_notional': 1696.02, 'budget_notional': 99823.53, 'target_leverage_multiple': 1.0}, 'margin_cushion': {'reason': 'margin cushion check inactive (missing buying_power/equity/multiple/cushion)'}, 'reconciliation_health': {'ok': True, 'total_order_ids': 56, 'resolved_order_ids': 56, 'unresolved_order_ids': [], 'errors': [], 'reason': 'ok'}}}",macro-event blackout (FOMC/CPI/NFP/OPEX); new entries paused,,,,
exit_intent,exit,NOW,stable filter broken: state_ext=stretched_up (expected stretched_down); state_ret_5=ret_up (expected ret_down),,f0831916-3f84-465a-89b3-c4a50227f5e8,2026-07-30T18:46:31.202715+00:00,2026-07-30T18:47:27.167338+00:00,,,,,,pending_new,,state_ext=stretched_down + state_ret_5=ret_down,state_ext=stretched_down + state_ret_5=ret_down,"{'state_ext': 'stretched_up', 'state_ret_5': 'ret_up'}",0.0,3.0,1h,False,paper_trade_log_enter,,,,,,,,,,,,,,,,,,,,,,,,,,,,,,,,,,,,
exit_intent,exit,SMCI,stable filter broken: state_ext=stretched_down (expected neutral); state_slope=flat (expected uptrend),,70d6803c-7e98-4d37-a246-b4606e1ffeea,2026-07-30T18:46:31.202720+00:00,2026-07-30T18:47:28.964992+00:00,,,,,,pending_new,,state_session=afternoon + state_ext=neutral + state_slope=uptrend,state_ext=neutral + state_slope=uptrend,"{'state_ext': 'stretched_down', 'state_slope': 'flat'}",0.0,5.0,15m,False,paper_trade_log_enter,,,,,,,,,,,,,,,,,,,,,,,,,,,,,,,,,,,,
stop_intent,stop_unchanged,CRWD,,202.29,,2026-07-30T18:46:31.461620+00:00,2026-07-30T18:47:28.992748+00:00,initial,13.0,-0.057,,,,,,,,,,,,,,,,,,,,,,,,,,,,,,,,,,,,,,,,,,,,,,,,
stop_intent,stop_unchanged,HON,,226.51,,2026-07-30T18:46:31.461630+00:00,2026-07-30T18:47:29.019370+00:00,initial,5.0,-0.015,,,,,,,,,,,,,,,,,,,,,,,,,,,,,,,,,,,,,,,,,,,,,,,,
stop_intent,stop_unchanged,KLAC,,154.77,,2026-07-30T18:46:31.461634+00:00,2026-07-30T18:47:29.045493+00:00,initial,13.0,-0.079,,,,,,,,,,,,,,,,,,,,,,,,,,,,,,,,,,,,,,,,,,,,,,,,
stop_intent,stop_unchanged,LRCX,,260.58,,2026-07-30T18:46:31.461637+00:00,2026-07-30T18:47:29.072287+00:00,breakeven,3.0,0.79,,,,,,,,,,,,,,,,,,,,,,,,,,,,,,,,,,,,,,,,,,,,,,,,
stop_intent,stop_unchanged,NOW,,96.72,,2026-07-30T18:46:31.461640+00:00,2026-07-30T18:47:29.098338+00:00,initial,22.0,-0.004,,,,,,,,,,,,,,,,,,,,,,,,,,,,,,,,,,,,,,,,,,,,,,,,
stop_intent,stop_adopted,SMCI,found an existing resting stop order (a8bda25a-9fdd-417e-8324-4458a05e4c1d) at the broker for SMCI with no local tracked state -- adopting it instead of submitting a duplicate (local state was likely lost/reset),23.55,a8bda25a-9fdd-417e-8324-4458a05e4c1d,2026-07-30T18:46:31.461644+00:00,2026-07-30T18:47:29.125116+00:00,,,,,,,,,,,,,,,,,,,,,,,,,,,,,,,,,,,,,,,,,,,,,,,,,,,
stop_intent,stop_unchanged,XLF,,55.54,,2026-07-30T18:46:31.461647+00:00,2026-07-30T18:47:29.151655+00:00,initial,17.0,0.049,,,,,,,,,,,,,,,,,,,,,,,,,,,,,,,,,,,,,,,,,,,,,,,,
entry_signal,block,XLF,risk_gate,,,2026-07-30T18:47:17.114386+00:00,2026-07-30T18:47:29.179448+00:00,,,,,,,,state_ext=stretched_up + state_slope=flat,,,,,1d,,,,,,insample,True,False,2026-07-28 04:00:00+00:00,57.59999847412109,"{'state_ext': 'stretched_up', 'state_slope': 'flat', 'state_vol': 'mid_vol', 'state_volume': 'vol_normal', 'state_session': 'afternoon', 'state_dow': 'Tue', 'state_utc_session': 'utc_asia', 'state_weekpart': 'weekday', 'state_ret_1': 'ret_up', 'state_ret_3': 'ret_up', 'state_ret_5': 'ret_up', 'state_ret_10': 'ret_up', 'state_ret_20': 'ret_up', 'state_atr_ext': 'atr_up', 'state_vol_regime': 'vol_regime_high', 'state_trend_strength': 'mod_trend', 'state_gap': 'gap_up', 'state_range_pos': 'range_high', 'state_ret_day': 'ret_day_up', 'state_vol_day': 'vol_day_mid', 'state_funding': 'funding_neutral', 'state_oi': 'oi_flat', 'state_cot': 'cot_neutral', 'state_vix': 'vix_mid', 'state_breadth': 'breadth_mixed', 'state_dxy': 'dxy_flat'}",,long,17.0,buy,979.1999740600586,state_ext=stretched_up + state_slope=flat,5.0,2.0,XLF,gate_disabled,True,,,,conviction_with_vol_rail,1.0,1000.0,0.6693,17.0,447.0,14.0,"{'allowed': False, 'reasons': ['already have an open position in XLF'], 'details': {'symbol': 'XLF', 'qty': 17, 'price': 57.599998474121094, 'side': 'long', 'notional': 979.1999740600586, 'open_position_count': 2, 'today_realized_pnl': 33.51000000000042, 'risk_group': 'state_ext=stretched_up + state_slope=flat', 'aggregate_risk': {'current_open_risk_dollars': 1146.08, 'proposed_r_dollars': 22.76, 'projected_open_risk_dollars': 1168.84, 'budget_dollars': 1996.03, 'max_aggregate_open_risk_pct': 0.02}, 'gross_notional': {'current_open_notional': 968.07, 'proposed_notional': 979.2, 'projected_open_notional': 1947.26, 'budget_notional': 99801.44, 'target_leverage_multiple': 1.0}, 'margin_cushion': {'reason': 'margin cushion check inactive (missing buying_power/equity/multiple/cushion)'}, 'reconciliation_health': {'ok': True, 'total_order_ids': 58, 'resolved_order_ids': 58, 'unresolved_order_ids': [], 'errors': [], 'reason': 'ok'}}}",already have an open position in XLF,,,,
entry_signal,block,SPY,risk_gate,,,2026-07-30T18:47:26.466083+00:00,2026-07-30T18:47:29.206246+00:00,,,,,,,,state_session=afternoon + state_slope=downtrend,,,,,1h,,,,,,insample,True,False,2026-07-29 19:00:00+00:00,729.57,"{'state_ext': 'neutral', 'state_slope': 'downtrend', 'state_vol': 'high_vol', 'state_volume': 'vol_quiet', 'state_session': 'afternoon', 'state_dow': 'Wed', 'state_utc_session': 'utc_us', 'state_weekpart': 'weekday', 'state_ret_1': 'ret_down', 'state_ret_3': 'ret_down', 'state_ret_5': 'ret_down', 'state_ret_10': 'ret_down', 'state_ret_20': 'ret_down', 'state_atr_ext': 'atr_down', 'state_vol_regime': 'vol_regime_high', 'state_trend_strength': 'mod_trend', 'state_gap': 'gap_down', 'state_range_pos': 'range_low', 'state_ret_day': 'ret_day_down', 'state_vol_day': 'vol_day_high', 'state_funding': 'funding_neutral', 'state_oi': 'oi_flat', 'state_cot': 'cot_neutral', 'state_vix': 'vix_mid', 'state_breadth': 'breadth_mixed', 'state_dxy': 'dxy_flat'}",,long,1.0,buy,729.57,state_slope=downtrend,5.0,2.0,SPY,gate_disabled,True,,,,conviction_with_vol_rail,1.0,1000.0,3.4107,1.0,87.0,14.0,"{'allowed': False, 'reasons': ['macro-event blackout (FOMC/CPI/NFP/OPEX); new entries paused'], 'details': {'symbol': 'SPY', 'qty': 1, 'price': 729.57, 'side': 'long', 'notional': 729.57, 'open_position_count': 2, 'today_realized_pnl': 33.51000000000042, 'risk_group': 'state_slope=downtrend', 'aggregate_risk': {'current_open_risk_dollars': 1146.08, 'proposed_r_dollars': 6.82, 'projected_open_risk_dollars': 1152.9, 'budget_dollars': 1996.03, 'max_aggregate_open_risk_pct': 0.02}, 'gross_notional': {'current_open_notional': 968.07, 'proposed_notional': 729.57, 'projected_open_notional': 1697.64, 'budget_notional': 99801.44, 'target_leverage_multiple': 1.0}, 'margin_cushion': {'reason': 'margin cushion check inactive (missing buying_power/equity/multiple/cushion)'}, 'reconciliation_health': {'ok': True, 'total_order_ids': 58, 'resolved_order_ids': 58, 'unresolved_order_ids': [], 'errors': [], 'reason': 'ok'}}}",macro-event blackout (FOMC/CPI/NFP/OPEX); new entries paused,,,,
exit_intent,exit,AEP,stable filter broken: cross_USO_state_ext=stretched_up (expected neutral),,4a4d4d5f-a7fe-4348-95d0-3ba872cc398b,2026-07-30T19:46:40.043634+00:00,2026-07-30T19:48:01.916659+00:00,,,,,,pending_new,,cross_USO_state_ext=neutral + state_ext=stretched_down,cross_USO_state_ext=neutral + state_ext=stretched_down,"{'cross_USO_state_ext': 'stretched_up', 'state_ext': 'stretched_down'}",0.0,5.0,1h,False,paper_trade_log_enter,,,,,,,,,,,,,,,,,,,,,,,,,,,,,,,,,,,,
stop_intent,stop_state_cleared,LRCX,position no longer open (stopped out or closed by another exit policy),,,2026-07-30T19:46:42.452077+00:00,2026-07-30T19:48:01.947625+00:00,,,,False,,,,,,,,,,,,,,,,,,,,,,,,,,,,,,,,,,,,,,,,,,,,,,,
stop_intent,stop_state_cleared,KLAC,position no longer open (stopped out or closed by another exit policy),,,2026-07-30T19:46:42.452089+00:00,2026-07-30T19:48:01.977129+00:00,,,,False,,,,,,,,,,,,,,,,,,,,,,,,,,,,,,,,,,,,,,,,,,,,,,,
stop_intent,stop_state_cleared,NOW,position no longer open (stopped out or closed by another exit policy),,,2026-07-30T19:46:42.452094+00:00,2026-07-30T19:48:02.006773+00:00,,,,False,,,,,,,,,,,,,,,,,,,,,,,,,,,,,,,,,,,,,,,,,,,,,,,
stop_intent,stop_state_cleared,SMCI,position no longer open (stopped out or closed by another exit policy),,,2026-07-30T19:46:42.452098+00:00,2026-07-30T19:48:02.036547+00:00,,,,False,,,,,,,,,,,,,,,,,,,,,,,,,,,,,,,,,,,,,,,,,,,,,,,
stop_intent,stop_adopted,AEP,found an existing resting stop order (e663fc9f-504b-403f-9b2b-bfe2abd2dd61) at the broker for AEP with no local tracked state -- adopting it instead of submitting a duplicate (local state was likely lost/reset),123.1,e663fc9f-504b-403f-9b2b-bfe2abd2dd61,2026-07-30T19:46:42.452102+00:00,2026-07-30T19:48:02.066506+00:00,,,,,,,,,,,,,,,,,,,,,,,,,,,,,,,,,,,,,,,,,,,,,,,,,,,
stop_intent,stop_unchanged,CRWD,,202.29,,2026-07-30T19:46:42.452106+00:00,2026-07-30T19:48:02.096850+00:00,initial,13.0,-0.13,,,,,,,,,,,,,,,,,,,,,,,,,,,,,,,,,,,,,,,,,,,,,,,,
stop_intent,stop_unchanged,HON,,226.51,,2026-07-30T19:46:42.452110+00:00,2026-07-30T19:48:02.126730+00:00,initial,5.0,0.034,,,,,,,,,,,,,,,,,,,,,,,,,,,,,,,,,,,,,,,,,,,,,,,,
stop_intent,stop_unchanged,XLF,,55.54,,2026-07-30T19:46:42.452113+00:00,2026-07-30T19:48:02.156555+00:00,initial,17.0,0.101,,,,,,,,,,,,,,,,,,,,,,,,,,,,,,,,,,,,,,,,,,,,,,,,
entry_signal,block,XLF,risk_gate,,,2026-07-30T19:47:45.112318+00:00,2026-07-30T19:48:02.186877+00:00,,,,,,,,state_ext=stretched_up + state_slope=flat,,,,,1d,,,,,,insample,True,False,2026-07-28 04:00:00+00:00,57.59999847412109,"{'state_ext': 'stretched_up', 'state_slope': 'flat', 'state_vol': 'mid_vol', 'state_volume': 'vol_normal', 'state_session': 'afternoon', 'state_dow': 'Tue', 'state_utc_session': 'utc_asia', 'state_weekpart': 'weekday', 'state_ret_1': 'ret_up', 'state_ret_3': 'ret_up', 'state_ret_5': 'ret_up', 'state_ret_10': 'ret_up', 'state_ret_20': 'ret_up', 'state_atr_ext': 'atr_up', 'state_vol_regime': 'vol_regime_high', 'state_trend_strength': 'mod_trend', 'state_gap': 'gap_up', 'state_range_pos': 'range_high', 'state_ret_day': 'ret_day_up', 'state_vol_day': 'vol_day_mid', 'state_funding': 'funding_neutral', 'state_oi': 'oi_flat', 'state_cot': 'cot_neutral', 'state_vix': 'vix_mid', 'state_breadth': 'breadth_mixed', 'state_dxy': 'dxy_flat'}",,long,17.0,buy,979.1999740600586,state_ext=stretched_up + state_slope=flat,5.0,2.0,XLF,gate_disabled,True,,,,conviction_with_vol_rail,1.0,1000.0,0.6693,17.0,447.0,14.0,"{'allowed': False, 'reasons': ['already have an open position in XLF'], 'details': {'symbol': 'XLF', 'qty': 17, 'price': 57.599998474121094, 'side': 'long', 'notional': 979.1999740600586, 'open_position_count': 2, 'today_realized_pnl': 21.839990000000302, 'risk_group': 'state_ext=stretched_up + state_slope=flat', 'aggregate_risk': {'current_open_risk_dollars': 1179.33, 'proposed_r_dollars': 22.76, 'projected_open_risk_dollars': 1202.09, 'budget_dollars': 1996.22, 'max_aggregate_open_risk_pct': 0.02}, 'gross_notional': {'current_open_notional': 969.25, 'proposed_notional': 979.2, 'projected_open_notional': 1948.45, 'budget_notional': 99810.79, 'target_leverage_multiple': 1.0}, 'margin_cushion': {'reason': 'margin cushion check inactive (missing buying_power/equity/multiple/cushion)'}, 'reconciliation_health': {'ok': True, 'total_order_ids': 61, 'resolved_order_ids': 61, 'unresolved_order_ids': [], 'errors': [], 'reason': 'ok'}}}",already have an open position in XLF,,,,
entry_signal,block,SPY,risk_gate,,,2026-07-30T19:47:59.489659+00:00,2026-07-30T19:48:02.218042+00:00,,,,,,,,state_session=afternoon + state_slope=downtrend,,,,,1h,,,,,,insample,True,False,2026-07-29 19:00:00+00:00,729.57,"{'state_ext': 'neutral', 'state_slope': 'downtrend', 'state_vol': 'high_vol', 'state_volume': 'vol_quiet', 'state_session': 'afternoon', 'state_dow': 'Wed', 'state_utc_session': 'utc_us', 'state_weekpart': 'weekday', 'state_ret_1': 'ret_down', 'state_ret_3': 'ret_down', 'state_ret_5': 'ret_down', 'state_ret_10': 'ret_down', 'state_ret_20': 'ret_down', 'state_atr_ext': 'atr_down', 'state_vol_regime': 'vol_regime_high', 'state_trend_strength': 'mod_trend', 'state_gap': 'gap_down', 'state_range_pos': 'range_low', 'state_ret_day': 'ret_day_down', 'state_vol_day': 'vol_day_high', 'state_funding': 'funding_neutral', 'state_oi': 'oi_flat', 'state_cot': 'cot_neutral', 'state_vix': 'vix_mid', 'state_breadth': 'breadth_mixed', 'state_dxy': 'dxy_flat'}",,long,1.0,buy,729.57,state_slope=downtrend,5.0,2.0,SPY,gate_disabled,True,,,,conviction_with_vol_rail,1.0,1000.0,3.4107,1.0,87.0,14.0,"{'allowed': False, 'reasons': ['macro-event blackout (FOMC/CPI/NFP/OPEX); new entries paused'], 'details': {'symbol': 'SPY', 'qty': 1, 'price': 729.57, 'side': 'long', 'notional': 729.57, 'open_position_count': 2, 'today_realized_pnl': 21.839990000000302, 'risk_group': 'state_slope=downtrend', 'aggregate_risk': {'current_open_risk_dollars': 1179.33, 'proposed_r_dollars': 6.82, 'projected_open_risk_dollars': 1186.15, 'budget_dollars': 1996.22, 'max_aggregate_open_risk_pct': 0.02}, 'gross_notional': {'current_open_notional': 969.25, 'proposed_notional': 729.57, 'projected_open_notional': 1698.83, 'budget_notional': 99810.79, 'target_leverage_multiple': 1.0}, 'margin_cushion': {'reason': 'margin cushion check inactive (missing buying_power/equity/multiple/cushion)'}, 'reconciliation_health': {'ok': True, 'total_order_ids': 61, 'resolved_order_ids': 61, 'unresolved_order_ids': [], 'errors': [], 'reason': 'ok'}}}",macro-event blackout (FOMC/CPI/NFP/OPEX); new entries paused,,,,
stop_intent,stop_state_cleared,LRCX,position no longer open (stopped out or closed by another exit policy),,,2026-07-30T20:46:11.505563+00:00,2026-07-30T20:47:14.533685+00:00,,,,False,,,,,,,,,,,,,,,,,,,,,,,,,,,,,,,,,,,,,,,,,,,,,,,
stop_intent,stop_state_cleared,KLAC,position no longer open (stopped out or closed by another exit policy),,,2026-07-30T20:46:11.505570+00:00,2026-07-30T20:47:14.563737+00:00,,,,False,,,,,,,,,,,,,,,,,,,,,,,,,,,,,,,,,,,,,,,,,,,,,,,
stop_intent,stop_state_cleared,NOW,position no longer open (stopped out or closed by another exit policy),,,2026-07-30T20:46:11.505576+00:00,2026-07-30T20:47:14.592877+00:00,,,,False,,,,,,,,,,,,,,,,,,,,,,,,,,,,,,,,,,,,,,,,,,,,,,,
stop_intent,stop_state_cleared,SMCI,position no longer open (stopped out or closed by another exit policy),,,2026-07-30T20:46:11.505579+00:00,2026-07-30T20:47:14.622017+00:00,,,,False,,,,,,,,,,,,,,,,,,,,,,,,,,,,,,,,,,,,,,,,,,,,,,,
stop_intent,stop_state_cleared,AEP,position no longer open (stopped out or closed by another exit policy),,,2026-07-30T20:46:11.505583+00:00,2026-07-30T20:47:14.651521+00:00,,,,False,,,,,,,,,,,,,,,,,,,,,,,,,,,,,,,,,,,,,,,,,,,,,,,
stop_intent,stop_unchanged,CRWD,,202.29,,2026-07-30T20:46:11.505586+00:00,2026-07-30T20:47:14.680949+00:00,initial,13.0,-0.171,,,,,,,,,,,,,,,,,,,,,,,,,,,,,,,,,,,,,,,,,,,,,,,,
stop_intent,stop_unchanged,HON,,226.51,,2026-07-30T20:46:11.505590+00:00,2026-07-30T20:47:14.710776+00:00,initial,5.0,0.122,,,,,,,,,,,,,,,,,,,,,,,,,,,,,,,,,,,,,,,,,,,,,,,,
stop_intent,stop_unchanged,XLF,,55.54,,2026-07-30T20:46:11.505593+00:00,2026-07-30T20:47:14.740283+00:00,initial,17.0,0.063,,,,,,,,,,,,,,,,,,,,,,,,,,,,,,,,,,,,,,,,,,,,,,,,
entry_signal,block,XLF,risk_gate,,,2026-07-30T20:47:03.200476+00:00,2026-07-30T20:47:14.769704+00:00,,,,,,,,state_ext=stretched_up + state_slope=flat,,,,,1d,,,,,,insample,True,False,2026-07-28 04:00:00+00:00,57.59999847412109,"{'state_ext': 'stretched_up', 'state_slope': 'flat', 'state_vol': 'mid_vol', 'state_volume': 'vol_normal', 'state_session': 'afternoon', 'state_dow': 'Tue', 'state_utc_session': 'utc_asia', 'state_weekpart': 'weekday', 'state_ret_1': 'ret_up', 'state_ret_3': 'ret_up', 'state_ret_5': 'ret_up', 'state_ret_10': 'ret_up', 'state_ret_20': 'ret_up', 'state_atr_ext': 'atr_up', 'state_vol_regime': 'vol_regime_high', 'state_trend_strength': 'mod_trend', 'state_gap': 'gap_up', 'state_range_pos': 'range_high', 'state_ret_day': 'ret_day_up', 'state_vol_day': 'vol_day_mid', 'state_funding': 'funding_neutral', 'state_oi': 'oi_flat', 'state_cot': 'cot_neutral', 'state_vix': 'vix_mid', 'state_breadth': 'breadth_mixed', 'state_dxy': 'dxy_flat'}",,long,17.0,buy,979.1999740600586,state_ext=stretched_up + state_slope=flat,5.0,2.0,XLF,gate_disabled,True,,,,conviction_with_vol_rail,1.0,1000.0,0.6693,17.0,447.0,14.0,"{'allowed': False, 'reasons': ['already have an open position in XLF'], 'details': {'symbol': 'XLF', 'qty': 17, 'price': 57.599998474121094, 'side': 'long', 'notional': 979.1999740600586, 'open_position_count': 2, 'today_realized_pnl': 21.419990000000386, 'risk_group': 'state_ext=stretched_up + state_slope=flat', 'aggregate_risk': {'current_open_risk_dollars': 362.43, 'proposed_r_dollars': 22.76, 'projected_open_risk_dollars': 385.19, 'budget_dollars': 1996.09, 'max_aggregate_open_risk_pct': 0.02}, 'gross_notional': {'current_open_notional': 968.38, 'proposed_notional': 979.2, 'projected_open_notional': 1947.58, 'budget_notional': 99804.53, 'target_leverage_multiple': 1.0}, 'margin_cushion': {'reason': 'margin cushion check inactive (missing buying_power/equity/multiple/cushion)'}, 'reconciliation_health': {'ok': True, 'total_order_ids': 63, 'resolved_order_ids': 63, 'unresolved_order_ids': [], 'errors': [], 'reason': 'ok'}}}",already have an open position in XLF,,,,
entry_signal,block,SPY,risk_gate,,,2026-07-30T20:47:14.532207+00:00,2026-07-30T20:47:14.800301+00:00,,,,,,,,state_session=afternoon + state_slope=downtrend,,,,,1h,,,,,,insample,True,False,2026-07-29 19:00:00+00:00,729.57,"{'state_ext': 'neutral', 'state_slope': 'downtrend', 'state_vol': 'high_vol', 'state_volume': 'vol_quiet', 'state_session': 'afternoon', 'state_dow': 'Wed', 'state_utc_session': 'utc_us', 'state_weekpart': 'weekday', 'state_ret_1': 'ret_down', 'state_ret_3': 'ret_down', 'state_ret_5': 'ret_down', 'state_ret_10': 'ret_down', 'state_ret_20': 'ret_down', 'state_atr_ext': 'atr_down', 'state_vol_regime': 'vol_regime_high', 'state_trend_strength': 'mod_trend', 'state_gap': 'gap_down', 'state_range_pos': 'range_low', 'state_ret_day': 'ret_day_down', 'state_vol_day': 'vol_day_high', 'state_funding': 'funding_neutral', 'state_oi': 'oi_flat', 'state_cot': 'cot_neutral', 'state_vix': 'vix_mid', 'state_breadth': 'breadth_mixed', 'state_dxy': 'dxy_flat'}",,long,1.0,buy,729.57,state_slope=downtrend,5.0,2.0,SPY,gate_disabled,True,,,,conviction_with_vol_rail,1.0,1000.0,3.4107,1.0,87.0,14.0,"{'allowed': False, 'reasons': ['macro-event blackout (FOMC/CPI/NFP/OPEX); new entries paused'], 'details': {'symbol': 'SPY', 'qty': 1, 'price': 729.57, 'side': 'long', 'notional': 729.57, 'open_position_count': 2, 'today_realized_pnl': 21.419990000000386, 'risk_group': 'state_slope=downtrend', 'aggregate_risk': {'current_open_risk_dollars': 362.43, 'proposed_r_dollars': 6.82, 'projected_open_risk_dollars': 369.25, 'budget_dollars': 1996.09, 'max_aggregate_open_risk_pct': 0.02}, 'gross_notional': {'current_open_notional': 968.38, 'proposed_notional': 729.57, 'projected_open_notional': 1697.95, 'budget_notional': 99804.53, 'target_leverage_multiple': 1.0}, 'margin_cushion': {'reason': 'margin cushion check inactive (missing buying_power/equity/multiple/cushion)'}, 'reconciliation_health': {'ok': True, 'total_order_ids': 63, 'resolved_order_ids': 63, 'unresolved_order_ids': [], 'errors': [], 'reason': 'ok'}}}",macro-event blackout (FOMC/CPI/NFP/OPEX); new entries paused,,,,
stop_intent,stop_unchanged,CRWD,,202.29,,2026-07-30T21:46:14.120794+00:00,2026-07-30T21:47:30.223594+00:00,initial,13.0,-0.158,,,,,,,,,,,,,,,,,,,,,,,,,,,,,,,,,,,,,,,,,,,,,,,,
stop_intent,stop_unchanged,HON,,226.51,,2026-07-30T21:46:14.120802+00:00,2026-07-30T21:47:30.255737+00:00,initial,5.0,0.076,,,,,,,,,,,,,,,,,,,,,,,,,,,,,,,,,,,,,,,,,,,,,,,,
stop_intent,stop_unchanged,XLF,,55.54,,2026-07-30T21:46:14.120807+00:00,2026-07-30T21:47:30.286837+00:00,initial,17.0,0.082,,,,,,,,,,,,,,,,,,,,,,,,,,,,,,,,,,,,,,,,,,,,,,,,
entry_signal,block,XLF,risk_gate,,,2026-07-30T21:47:15.846023+00:00,2026-07-30T21:47:30.317707+00:00,,,,,,,,state_ext=stretched_up + state_slope=flat,,,,,1d,,,,,,insample,True,False,2026-07-28 04:00:00+00:00,57.59999847412109,"{'state_ext': 'stretched_up', 'state_slope': 'flat', 'state_vol': 'mid_vol', 'state_volume': 'vol_normal', 'state_session': 'afternoon', 'state_dow': 'Tue', 'state_utc_session': 'utc_asia', 'state_weekpart': 'weekday', 'state_ret_1': 'ret_up', 'state_ret_3': 'ret_up', 'state_ret_5': 'ret_up', 'state_ret_10': 'ret_up', 'state_ret_20': 'ret_up', 'state_atr_ext': 'atr_up', 'state_vol_regime': 'vol_regime_high', 'state_trend_strength': 'mod_trend', 'state_gap': 'gap_up', 'state_range_pos': 'range_high', 'state_ret_day': 'ret_day_up', 'state_vol_day': 'vol_day_mid', 'state_funding': 'funding_neutral', 'state_oi': 'oi_flat', 'state_cot': 'cot_neutral', 'state_vix': 'vix_mid', 'state_breadth': 'breadth_mixed', 'state_dxy': 'dxy_flat'}",,long,17.0,buy,979.1999740600586,state_ext=stretched_up + state_slope=flat,5.0,2.0,XLF,gate_disabled,True,,,,conviction_with_vol_rail,1.0,1000.0,0.6693,17.0,447.0,14.0,"{'allowed': False, 'reasons': ['already have an open position in XLF'], 'details': {'symbol': 'XLF', 'qty': 17, 'price': 57.599998474121094, 'side': 'long', 'notional': 979.1999740600586, 'open_position_count': 2, 'today_realized_pnl': 21.419990000000386, 'risk_group': 'state_ext=stretched_up + state_slope=flat', 'aggregate_risk': {'current_open_risk_dollars': 362.43, 'proposed_r_dollars': 22.76, 'projected_open_risk_dollars': 385.19, 'budget_dollars': 1996.1, 'max_aggregate_open_risk_pct': 0.02}, 'gross_notional': {'current_open_notional': 968.83, 'proposed_notional': 979.2, 'projected_open_notional': 1948.03, 'budget_notional': 99805.16, 'target_leverage_multiple': 1.0}, 'margin_cushion': {'reason': 'margin cushion check inactive (missing buying_power/equity/multiple/cushion)'}, 'reconciliation_health': {'ok': True, 'total_order_ids': 63, 'resolved_order_ids': 63, 'unresolved_order_ids': [], 'errors': [], 'reason': 'ok'}}}",already have an open position in XLF,,,,
entry_signal,block,SPY,risk_gate,,,2026-07-30T21:47:30.221886+00:00,2026-07-30T21:47:30.349407+00:00,,,,,,,,state_session=afternoon + state_slope=downtrend,,,,,1h,,,,,,insample,True,False,2026-07-29 19:00:00+00:00,729.57,"{'state_ext': 'neutral', 'state_slope': 'downtrend', 'state_vol': 'high_vol', 'state_volume': 'vol_quiet', 'state_session': 'afternoon', 'state_dow': 'Wed', 'state_utc_session': 'utc_us', 'state_weekpart': 'weekday', 'state_ret_1': 'ret_down', 'state_ret_3': 'ret_down', 'state_ret_5': 'ret_down', 'state_ret_10': 'ret_down', 'state_ret_20': 'ret_down', 'state_atr_ext': 'atr_down', 'state_vol_regime': 'vol_regime_high', 'state_trend_strength': 'mod_trend', 'state_gap': 'gap_down', 'state_range_pos': 'range_low', 'state_ret_day': 'ret_day_down', 'state_vol_day': 'vol_day_high', 'state_funding': 'funding_neutral', 'state_oi': 'oi_flat', 'state_cot': 'cot_neutral', 'state_vix': 'vix_mid', 'state_breadth': 'breadth_mixed', 'state_dxy': 'dxy_flat'}",,long,1.0,buy,729.57,state_slope=downtrend,5.0,2.0,SPY,gate_disabled,True,,,,conviction_with_vol_rail,1.0,1000.0,3.4107,1.0,87.0,14.0,"{'allowed': False, 'reasons': ['macro-event blackout (FOMC/CPI/NFP/OPEX); new entries paused'], 'details': {'symbol': 'SPY', 'qty': 1, 'price': 729.57, 'side': 'long', 'notional': 729.57, 'open_position_count': 2, 'today_realized_pnl': 21.419990000000386, 'risk_group': 'state_slope=downtrend', 'aggregate_risk': {'current_open_risk_dollars': 362.43, 'proposed_r_dollars': 6.82, 'projected_open_risk_dollars': 369.25, 'budget_dollars': 1996.1, 'max_aggregate_open_risk_pct': 0.02}, 'gross_notional': {'current_open_notional': 968.83, 'proposed_notional': 729.57, 'projected_open_notional': 1698.4, 'budget_notional': 99805.16, 'target_leverage_multiple': 1.0}, 'margin_cushion': {'reason': 'margin cushion check inactive (missing buying_power/equity/multiple/cushion)'}, 'reconciliation_health': {'ok': True, 'total_order_ids': 63, 'resolved_order_ids': 63, 'unresolved_order_ids': [], 'errors': [], 'reason': 'ok'}}}",macro-event blackout (FOMC/CPI/NFP/OPEX); new entries paused,,,,
exit_intent,exit,HON,stable filter broken: state_ext=neutral (expected stretched_down),,,2026-07-31T00:25:49.476792+00:00,2026-07-31T00:27:07.755309+00:00,,,,,,rejected,"{""available"":""0"",""code"":40310000,""existing_qty"":""5"",""held_for_orders"":""5"",""message"":""insufficient qty available for order (requested: 5, available: 0)"",""symbol"":""HON""}",state_volume=vol_quiet + state_ext=stretched_down + state_slope=downtrend,state_volume=vol_quiet + state_ext=stretched_down + state_slope=downtrend,"{'state_volume': 'vol_quiet', 'state_ext': 'neutral', 'state_slope': 'downtrend'}",3.0,5.0,1h,False,paper_trade_log_enter,,,,,,,,,,,,,,,,,,,,,,,,,,,,,,,,,,,,
exit_intent,exit,XLF,stable filter broken: state_ext=neutral (expected stretched_up),,,2026-07-31T00:25:49.476798+00:00,2026-07-31T00:27:10.695756+00:00,,,,,,rejected,"{""available"":""0"",""code"":40310000,""existing_qty"":""17"",""held_for_orders"":""17"",""message"":""insufficient qty available for order (requested: 17, available: 0)"",""symbol"":""XLF""}",state_ext=stretched_up + state_slope=flat,state_ext=stretched_up + state_slope=flat,"{'state_ext': 'neutral', 'state_slope': 'flat'}",1.0,5.0,1d,False,trade_journal,,,,,,,,,,,,,,,,,,,,,,,,,,,,,,,,,,,,
stop_intent,stop_unchanged,CRWD,,202.29,,2026-07-31T00:25:49.513916+00:00,2026-07-31T00:27:10.728744+00:00,initial,13.0,-0.206,,,,,,,,,,,,,,,,,,,,,,,,,,,,,,,,,,,,,,,,,,,,,,,,
stop_intent,stop_unchanged,HON,,226.51,,2026-07-31T00:25:49.513924+00:00,2026-07-31T00:27:10.761606+00:00,initial,5.0,0.056,,,,,,,,,,,,,,,,,,,,,,,,,,,,,,,,,,,,,,,,,,,,,,,,
stop_intent,stop_unchanged,XLF,,55.54,,2026-07-31T00:25:49.513929+00:00,2026-07-31T00:27:10.794487+00:00,initial,17.0,0.09,,,,,,,,,,,,,,,,,,,,,,,,,,,,,,,,,,,,,,,,,,,,,,,,
exit_intent,exit,HON,stable filter broken: state_ext=neutral (expected stretched_down),,,2026-07-31T00:46:13.827693+00:00,2026-07-31T00:47:31.458434+00:00,,,,,,rejected,"{""available"":""0"",""code"":40310000,""existing_qty"":""5"",""held_for_orders"":""5"",""message"":""insufficient qty available for order (requested: 5, available: 0)"",""symbol"":""HON""}",state_volume=vol_quiet + state_ext=stretched_down + state_slope=downtrend,state_volume=vol_quiet + state_ext=stretched_down + state_slope=downtrend,"{'state_volume': 'vol_quiet', 'state_ext': 'neutral', 'state_slope': 'downtrend'}",3.0,5.0,1h,False,paper_trade_log_enter,,,,,,,,,,,,,,,,,,,,,,,,,,,,,,,,,,,,
exit_intent,exit,XLF,stable filter broken: state_ext=neutral (expected stretched_up),,,2026-07-31T00:46:13.827699+00:00,2026-07-31T00:47:34.738998+00:00,,,,,,rejected,"{""available"":""0"",""code"":40310000,""existing_qty"":""17"",""held_for_orders"":""17"",""message"":""insufficient qty available for order (requested: 17, available: 0)"",""symbol"":""XLF""}",state_ext=stretched_up + state_slope=flat,state_ext=stretched_up + state_slope=flat,"{'state_ext': 'neutral', 'state_slope': 'flat'}",1.0,5.0,1d,False,trade_journal,,,,,,,,,,,,,,,,,,,,,,,,,,,,,,,,,,,,
stop_intent,stop_unchanged,CRWD,,202.29,,2026-07-31T00:46:13.861539+00:00,2026-07-31T00:47:34.769375+00:00,initial,13.0,-0.206,,,,,,,,,,,,,,,,,,,,,,,,,,,,,,,,,,,,,,,,,,,,,,,,
stop_intent,stop_unchanged,HON,,226.51,,2026-07-31T00:46:13.861546+00:00,2026-07-31T00:47:34.798912+00:00,initial,5.0,0.056,,,,,,,,,,,,,,,,,,,,,,,,,,,,,,,,,,,,,,,,,,,,,,,,
stop_intent,stop_unchanged,XLF,,55.54,,2026-07-31T00:46:13.861550+00:00,2026-07-31T00:47:34.828382+00:00,initial,17.0,0.09,,,,,,,,,,,,,,,,,,,,,,,,,,,,,,,,,,,,,,,,,,,,,,,,
exit_intent,exit,HON,stable filter broken: state_ext=neutral (expected stretched_down),,,2026-07-31T01:46:29.407000+00:00,2026-07-31T01:47:40.890074+00:00,,,,,,rejected,"{""available"":""0"",""code"":40310000,""existing_qty"":""5"",""held_for_orders"":""5"",""message"":""insufficient qty available for order (requested: 5, available: 0)"",""symbol"":""HON""}",state_volume=vol_quiet + state_ext=stretched_down + state_slope=downtrend,state_volume=vol_quiet + state_ext=stretched_down + state_slope=downtrend,"{'state_volume': 'vol_quiet', 'state_ext': 'neutral', 'state_slope': 'downtrend'}",3.0,5.0,1h,False,paper_trade_log_enter,,,,,,,,,,,,,,,,,,,,,,,,,,,,,,,,,,,,
exit_intent,exit,XLF,stable filter broken: state_ext=neutral (expected stretched_up),,,2026-07-31T01:46:29.407005+00:00,2026-07-31T01:47:44.610008+00:00,,,,,,rejected,"{""available"":""0"",""code"":40310000,""existing_qty"":""17"",""held_for_orders"":""17"",""message"":""insufficient qty available for order (requested: 17, available: 0)"",""symbol"":""XLF""}",state_ext=stretched_up + state_slope=flat,state_ext=stretched_up + state_slope=flat,"{'state_ext': 'neutral', 'state_slope': 'flat'}",1.0,5.0,1d,False,trade_journal,,,,,,,,,,,,,,,,,,,,,,,,,,,,,,,,,,,,
stop_intent,stop_unchanged,CRWD,,202.29,,2026-07-31T01:46:29.442872+00:00,2026-07-31T01:47:44.641056+00:00,initial,13.0,-0.206,,,,,,,,,,,,,,,,,,,,,,,,,,,,,,,,,,,,,,,,,,,,,,,,
stop_intent,stop_unchanged,HON,,226.51,,2026-07-31T01:46:29.442880+00:00,2026-07-31T01:47:44.671449+00:00,initial,5.0,0.056,,,,,,,,,,,,,,,,,,,,,,,,,,,,,,,,,,,,,,,,,,,,,,,,
stop_intent,stop_unchanged,XLF,,55.54,,2026-07-31T01:46:29.442884+00:00,2026-07-31T01:47:44.701767+00:00,initial,17.0,0.276,,,,,,,,,,,,,,,,,,,,,,,,,,,,,,,,,,,,,,,,,,,,,,,,
exit_intent,exit,HON,stable filter broken: state_ext=neutral (expected stretched_down),,,2026-07-31T02:46:31.640873+00:00,2026-07-31T02:47:25.599812+00:00,,,,,,rejected,"{""available"":""0"",""code"":40310000,""existing_qty"":""5"",""held_for_orders"":""5"",""message"":""insufficient qty available for order (requested: 5, available: 0)"",""symbol"":""HON""}",state_volume=vol_quiet + state_ext=stretched_down + state_slope=downtrend,state_volume=vol_quiet + state_ext=stretched_down + state_slope=downtrend,"{'state_volume': 'vol_quiet', 'state_ext': 'neutral', 'state_slope': 'downtrend'}",3.0,5.0,1h,False,paper_trade_log_enter,,,,,,,,,,,,,,,,,,,,,,,,,,,,,,,,,,,,
exit_intent,exit,XLF,stable filter broken: state_ext=neutral (expected stretched_up),,,2026-07-31T02:46:31.640878+00:00,2026-07-31T02:47:29.939854+00:00,,,,,,rejected,"{""available"":""0"",""code"":40310000,""existing_qty"":""17"",""held_for_orders"":""17"",""message"":""insufficient qty available for order (requested: 17, available: 0)"",""symbol"":""XLF""}",state_ext=stretched_up + state_slope=flat,state_ext=stretched_up + state_slope=flat,"{'state_ext': 'neutral', 'state_slope': 'flat'}",1.0,5.0,1d,False,trade_journal,,,,,,,,,,,,,,,,,,,,,,,,,,,,,,,,,,,,
stop_intent,stop_unchanged,CRWD,,202.29,,2026-07-31T02:46:31.667810+00:00,2026-07-31T02:47:29.964187+00:00,initial,13.0,-0.18,,,,,,,,,,,,,,,,,,,,,,,,,,,,,,,,,,,,,,,,,,,,,,,,
stop_intent,stop_unchanged,HON,,226.51,,2026-07-31T02:46:31.667816+00:00,2026-07-31T02:47:29.987616+00:00,initial,5.0,0.056,,,,,,,,,,,,,,,,,,,,,,,,,,,,,,,,,,,,,,,,,,,,,,,,
stop_intent,stop_unchanged,XLF,,55.54,,2026-07-31T02:46:31.667820+00:00,2026-07-31T02:47:30.010816+00:00,initial,17.0,0.276,,,,,,,,,,,,,,,,,,,,,,,,,,,,,,,,,,,,,,,,,,,,,,,,
exit_intent,exit,HON,stable filter broken: state_ext=neutral (expected stretched_down),,,2026-07-31T03:46:19.174548+00:00,2026-07-31T03:47:30.707188+00:00,,,,,,rejected,"{""available"":""0"",""code"":40310000,""existing_qty"":""5"",""held_for_orders"":""5"",""message"":""insufficient qty available for order (requested: 5, available: 0)"",""symbol"":""HON""}",state_volume=vol_quiet + state_ext=stretched_down + state_slope=downtrend,state_volume=vol_quiet + state_ext=stretched_down + state_slope=downtrend,"{'state_volume': 'vol_quiet', 'state_ext': 'neutral', 'state_slope': 'downtrend'}",3.0,5.0,1h,False,paper_trade_log_enter,,,,,,,,,,,,,,,,,,,,,,,,,,,,,,,,,,,,
exit_intent,exit,XLF,stable filter broken: state_ext=neutral (expected stretched_up),,,2026-07-31T03:46:19.174553+00:00,2026-07-31T03:47:34.499077+00:00,,,,,,rejected,"{""available"":""0"",""code"":40310000,""existing_qty"":""17"",""held_for_orders"":""17"",""message"":""insufficient qty available for order (requested: 17, available: 0)"",""symbol"":""XLF""}",state_ext=stretched_up + state_slope=flat,state_ext=stretched_up + state_slope=flat,"{'state_ext': 'neutral', 'state_slope': 'flat'}",1.0,5.0,1d,False,trade_journal,,,,,,,,,,,,,,,,,,,,,,,,,,,,,,,,,,,,
stop_intent,stop_unchanged,CRWD,,202.29,,2026-07-31T03:46:19.210549+00:00,2026-07-31T03:47:34.530863+00:00,initial,13.0,-0.218,,,,,,,,,,,,,,,,,,,,,,,,,,,,,,,,,,,,,,,,,,,,,,,,
stop_intent,stop_unchanged,HON,,226.51,,2026-07-31T03:46:19.210556+00:00,2026-07-31T03:47:34.561724+00:00,initial,5.0,0.056,,,,,,,,,,,,,,,,,,,,,,,,,,,,,,,,,,,,,,,,,,,,,,,,
stop_intent,stop_unchanged,XLF,,55.54,,2026-07-31T03:46:19.210560+00:00,2026-07-31T03:47:34.592700+00:00,initial,17.0,0.276,,,,,,,,,,,,,,,,,,,,,,,,,,,,,,,,,,,,,,,,,,,,,,,,
exit_intent,exit,HON,stable filter broken: state_ext=neutral (expected stretched_down),,,2026-07-31T04:46:39.857756+00:00,2026-07-31T04:48:01.886403+00:00,,,,,,rejected,"{""available"":""0"",""code"":40310000,""existing_qty"":""5"",""held_for_orders"":""5"",""message"":""insufficient qty available for order (requested: 5, available: 0)"",""symbol"":""HON""}",state_volume=vol_quiet + state_ext=stretched_down + state_slope=downtrend,state_volume=vol_quiet + state_ext=stretched_down + state_slope=downtrend,"{'state_volume': 'vol_quiet', 'state_ext': 'neutral', 'state_slope': 'downtrend'}",3.0,5.0,1h,False,paper_trade_log_enter,,,,,,,,,,,,,,,,,,,,,,,,,,,,,,,,,,,,
exit_intent,exit,XLF,stable filter broken: state_ext=neutral (expected stretched_up),,,2026-07-31T04:46:39.857762+00:00,2026-07-31T04:48:06.817392+00:00,,,,,,rejected,"{""available"":""0"",""code"":40310000,""existing_qty"":""17"",""held_for_orders"":""17"",""message"":""insufficient qty available for order (requested: 17, available: 0)"",""symbol"":""XLF""}",state_ext=stretched_up + state_slope=flat,state_ext=stretched_up + state_slope=flat,"{'state_ext': 'neutral', 'state_slope': 'flat'}",1.0,5.0,1d,False,trade_journal,,,,,,,,,,,,,,,,,,,,,,,,,,,,,,,,,,,,
stop_intent,stop_unchanged,CRWD,,202.29,,2026-07-31T04:46:39.893201+00:00,2026-07-31T04:48:06.849680+00:00,initial,13.0,-0.277,,,,,,,,,,,,,,,,,,,,,,,,,,,,,,,,,,,,,,,,,,,,,,,,
stop_intent,stop_unchanged,HON,,226.51,,2026-07-31T04:46:39.893209+00:00,2026-07-31T04:48:06.881101+00:00,initial,5.0,0.056,,,,,,,,,,,,,,,,,,,,,,,,,,,,,,,,,,,,,,,,,,,,,,,,
stop_intent,stop_unchanged,XLF,,55.54,,2026-07-31T04:46:39.893213+00:00,2026-07-31T04:48:06.912887+00:00,initial,17.0,0.276,,,,,,,,,,,,,,,,,,,,,,,,,,,,,,,,,,,,,,,,,,,,,,,,
exit_intent,exit,HON,stable filter broken: state_ext=neutral (expected stretched_down),,,2026-07-31T05:46:44.504800+00:00,2026-07-31T05:48:05.107211+00:00,,,,,,rejected,"{""available"":""0"",""code"":40310000,""existing_qty"":""5"",""held_for_orders"":""5"",""message"":""insufficient qty available for order (requested: 5, available: 0)"",""symbol"":""HON""}",state_volume=vol_quiet + state_ext=stretched_down + state_slope=downtrend,state_volume=vol_quiet + state_ext=stretched_down + state_slope=downtrend,"{'state_volume': 'vol_quiet', 'state_ext': 'neutral', 'state_slope': 'downtrend'}",3.0,5.0,1h,False,paper_trade_log_enter,,,,,,,,,,,,,,,,,,,,,,,,,,,,,,,,,,,,
exit_intent,exit,XLF,stable filter broken: state_ext=neutral (expected stretched_up),,,2026-07-31T05:46:44.504805+00:00,2026-07-31T05:48:10.259302+00:00,,,,,,rejected,"{""available"":""0"",""code"":40310000,""existing_qty"":""17"",""held_for_orders"":""17"",""message"":""insufficient qty available for order (requested: 17, available: 0)"",""symbol"":""XLF""}",state_ext=stretched_up + state_slope=flat,state_ext=stretched_up + state_slope=flat,"{'state_ext': 'neutral', 'state_slope': 'flat'}",1.0,5.0,1d,False,trade_journal,,,,,,,,,,,,,,,,,,,,,,,,,,,,,,,,,,,,
stop_intent,stop_unchanged,CRWD,,202.29,,2026-07-31T05:46:44.539824+00:00,2026-07-31T05:48:10.291591+00:00,initial,13.0,-0.254,,,,,,,,,,,,,,,,,,,,,,,,,,,,,,,,,,,,,,,,,,,,,,,,
stop_intent,stop_unchanged,HON,,226.51,,2026-07-31T05:46:44.539831+00:00,2026-07-31T05:48:10.322832+00:00,initial,5.0,0.056,,,,,,,,,,,,,,,,,,,,,,,,,,,,,,,,,,,,,,,,,,,,,,,,
stop_intent,stop_unchanged,XLF,,55.54,,2026-07-31T05:46:44.539836+00:00,2026-07-31T05:48:10.353958+00:00,initial,17.0,0.119,,,,,,,,,,,,,,,,,,,,,,,,,,,,,,,,,,,,,,,,,,,,,,,,
exit_intent,exit,HON,stable filter broken: state_ext=neutral (expected stretched_down),,,2026-07-31T06:46:14.838527+00:00,2026-07-31T06:47:33.477534+00:00,,,,,,rejected,"{""available"":""0"",""code"":40310000,""existing_qty"":""5"",""held_for_orders"":""5"",""message"":""insufficient qty available for order (requested: 5, available: 0)"",""symbol"":""HON""}",state_volume=vol_quiet + state_ext=stretched_down + state_slope=downtrend,state_volume=vol_quiet + state_ext=stretched_down + state_slope=downtrend,"{'state_volume': 'vol_quiet', 'state_ext': 'neutral', 'state_slope': 'downtrend'}",3.0,5.0,1h,False,paper_trade_log_enter,,,,,,,,,,,,,,,,,,,,,,,,,,,,,,,,,,,,
exit_intent,exit,XLF,stable filter broken: state_ext=neutral (expected stretched_up),,,2026-07-31T06:46:14.838532+00:00,2026-07-31T06:47:36.407436+00:00,,,,,,rejected,"{""available"":""0"",""code"":40310000,""existing_qty"":""17"",""held_for_orders"":""17"",""message"":""insufficient qty available for order (requested: 17, available: 0)"",""symbol"":""XLF""}",state_ext=stretched_up + state_slope=flat,state_ext=stretched_up + state_slope=flat,"{'state_ext': 'neutral', 'state_slope': 'flat'}",1.0,5.0,1d,False,trade_journal,,,,,,,,,,,,,,,,,,,,,,,,,,,,,,,,,,,,
stop_intent,stop_unchanged,CRWD,,202.29,,2026-07-31T06:46:14.872792+00:00,2026-07-31T06:47:36.440564+00:00,initial,13.0,-0.259,,,,,,,,,,,,,,,,,,,,,,,,,,,,,,,,,,,,,,,,,,,,,,,,
stop_intent,stop_unchanged,HON,,226.51,,2026-07-31T06:46:14.872799+00:00,2026-07-31T06:47:36.473227+00:00,initial,5.0,0.056,,,,,,,,,,,,,,,,,,,,,,,,,,,,,,,,,,,,,,,,,,,,,,,,
stop_intent,stop_unchanged,XLF,,55.54,,2026-07-31T06:46:14.872804+00:00,2026-07-31T06:47:36.505388+00:00,initial,17.0,0.119,,,,,,,,,,,,,,,,,,,,,,,,,,,,,,,,,,,,,,,,,,,,,,,,
exit_intent,exit,HON,stable filter broken: state_ext=neutral (expected stretched_down),,,2026-07-31T07:46:19.005248+00:00,2026-07-31T07:47:38.006231+00:00,,,,,,rejected,"{""available"":""0"",""code"":40310000,""existing_qty"":""5"",""held_for_orders"":""5"",""message"":""insufficient qty available for order (requested: 5, available: 0)"",""symbol"":""HON""}",state_volume=vol_quiet + state_ext=stretched_down + state_slope=downtrend,state_volume=vol_quiet + state_ext=stretched_down + state_slope=downtrend,"{'state_volume': 'vol_quiet', 'state_ext': 'neutral', 'state_slope': 'downtrend'}",3.0,5.0,1h,False,paper_trade_log_enter,,,,,,,,,,,,,,,,,,,,,,,,,,,,,,,,,,,,
exit_intent,exit,XLF,stable filter broken: state_ext=neutral (expected stretched_up),,,2026-07-31T07:46:19.005253+00:00,2026-07-31T07:47:41.145700+00:00,,,,,,rejected,"{""available"":""0"",""code"":40310000,""existing_qty"":""17"",""held_for_orders"":""17"",""message"":""insufficient qty available for order (requested: 17, available: 0)"",""symbol"":""XLF""}",state_ext=stretched_up + state_slope=flat,state_ext=stretched_up + state_slope=flat,"{'state_ext': 'neutral', 'state_slope': 'flat'}",1.0,5.0,1d,False,trade_journal,,,,,,,,,,,,,,,,,,,,,,,,,,,,,,,,,,,,
stop_intent,stop_unchanged,CRWD,,202.29,,2026-07-31T07:46:19.073331+00:00,2026-07-31T07:47:41.177970+00:00,initial,13.0,-0.219,,,,,,,,,,,,,,,,,,,,,,,,,,,,,,,,,,,,,,,,,,,,,,,,
stop_intent,stop_unchanged,HON,,226.51,,2026-07-31T07:46:19.073339+00:00,2026-07-31T07:47:41.208974+00:00,initial,5.0,0.056,,,,,,,,,,,,,,,,,,,,,,,,,,,,,,,,,,,,,,,,,,,,,,,,
stop_intent,stop_unchanged,XLF,,55.54,,2026-07-31T07:46:19.073343+00:00,2026-07-31T07:47:41.240124+00:00,initial,17.0,0.09,,,,,,,,,,,,,,,,,,,,,,,,,,,,,,,,,,,,,,,,,,,,,,,,
exit_intent,exit,HON,stable filter broken: state_ext=neutral (expected stretched_down),,443def4e-bfbc-4ab4-b68b-ddbfc8678263,2026-07-31T08:46:42.084279+00:00,2026-07-31T08:47:58.176109+00:00,,,,,,pending_new,,state_volume=vol_quiet + state_ext=stretched_down + state_slope=downtrend,state_volume=vol_quiet + state_ext=stretched_down + state_slope=downtrend,"{'state_volume': 'vol_quiet', 'state_ext': 'neutral', 'state_slope': 'downtrend'}",3.0,5.0,1h,False,paper_trade_log_enter,,,,,,,,,,,,,,,,,,,,,,,,,,,,,,,,,,,,
exit_intent,exit,XLF,stable filter broken: state_ext=neutral (expected stretched_up),,3e506a71-2c1f-47ad-8e0f-85743ad09261,2026-07-31T08:46:42.084284+00:00,2026-07-31T08:47:58.935219+00:00,,,,,,pending_new,,state_ext=stretched_up + state_slope=flat,state_ext=stretched_up + state_slope=flat,"{'state_ext': 'neutral', 'state_slope': 'flat'}",1.0,5.0,1d,False,trade_journal,,,,,,,,,,,,,,,,,,,,,,,,,,,,,,,,,,,,
stop_intent,stop_unchanged,CRWD,,202.29,,2026-07-31T08:46:42.144022+00:00,2026-07-31T08:47:58.967603+00:00,initial,13.0,-0.282,,,,,,,,,,,,,,,,,,,,,,,,,,,,,,,,,,,,,,,,,,,,,,,,
stop_intent,stop_unchanged,HON,,226.51,,2026-07-31T08:46:42.144029+00:00,2026-07-31T08:47:58.998893+00:00,initial,5.0,0.056,,,,,,,,,,,,,,,,,,,,,,,,,,,,,,,,,,,,,,,,,,,,,,,,
stop_intent,stop_unchanged,XLF,,55.54,,2026-07-31T08:46:42.144034+00:00,2026-07-31T08:47:59.029792+00:00,initial,17.0,0.149,,,,,,,,,,,,,,,,,,,,,,,,,,,,,,,,,,,,,,,,,,,,,,,,
exit_intent,exit,HON,stable filter broken: state_ext=neutral (expected stretched_down),,443def4e-bfbc-4ab4-b68b-ddbfc8678263,2026-07-31T09:46:38.671882+00:00,2026-07-31T09:47:52.397562+00:00,,,,,,close_already_pending,,state_volume=vol_quiet + state_ext=stretched_down + state_slope=downtrend,state_volume=vol_quiet + state_ext=stretched_down + state_slope=downtrend,"{'state_volume': 'vol_quiet', 'state_ext': 'neutral', 'state_slope': 'downtrend'}",3.0,5.0,1h,False,paper_trade_log_enter,,,,,,,,,,,,,,,,,,,,,,,,,,,,,,,,,,,,
exit_intent,exit,XLF,stable filter broken: state_ext=neutral (expected stretched_up),,3e506a71-2c1f-47ad-8e0f-85743ad09261,2026-07-31T09:46:38.671888+00:00,2026-07-31T09:47:52.908251+00:00,,,,,,close_already_pending,,state_ext=stretched_up + state_slope=flat,state_ext=stretched_up + state_slope=flat,"{'state_ext': 'neutral', 'state_slope': 'flat'}",1.0,5.0,1d,False,trade_journal,,,,,,,,,,,,,,,,,,,,,,,,,,,,,,,,,,,,
stop_intent,stop_unchanged,CRWD,,202.29,,2026-07-31T09:46:38.729146+00:00,2026-07-31T09:47:52.939879+00:00,initial,13.0,-0.261,,,,,,,,,,,,,,,,,,,,,,,,,,,,,,,,,,,,,,,,,,,,,,,,
stop_intent,stop_unchanged,HON,,226.51,,2026-07-31T09:46:38.729153+00:00,2026-07-31T09:47:52.970961+00:00,initial,5.0,0.056,,,,,,,,,,,,,,,,,,,,,,,,,,,,,,,,,,,,,,,,,,,,,,,,
stop_intent,stop_unchanged,XLF,,55.54,,2026-07-31T09:46:38.729158+00:00,2026-07-31T09:47:53.001589+00:00,initial,17.0,0.179,,,,,,,,,,,,,,,,,,,,,,,,,,,,,,,,,,,,,,,,,,,,,,,,
exit_intent,exit,HON,stable filter broken: state_ext=neutral (expected stretched_down),,443def4e-bfbc-4ab4-b68b-ddbfc8678263,2026-07-31T10:46:25.881783+00:00,2026-07-31T10:47:09.814212+00:00,,,,,,close_already_pending,,state_volume=vol_quiet + state_ext=stretched_down + state_slope=downtrend,state_volume=vol_quiet + state_ext=stretched_down + state_slope=downtrend,"{'state_volume': 'vol_quiet', 'state_ext': 'neutral', 'state_slope': 'downtrend'}",3.0,5.0,1h,False,paper_trade_log_enter,,,,,,,,,,,,,,,,,,,,,,,,,,,,,,,,,,,,
exit_intent,exit,XLF,stable filter broken: state_ext=neutral (expected stretched_up),,3e506a71-2c1f-47ad-8e0f-85743ad09261,2026-07-31T10:46:25.881786+00:00,2026-07-31T10:47:10.283662+00:00,,,,,,close_already_pending,,state_ext=stretched_up + state_slope=flat,state_ext=stretched_up + state_slope=flat,"{'state_ext': 'neutral', 'state_slope': 'flat'}",1.0,5.0,1d,False,trade_journal,,,,,,,,,,,,,,,,,,,,,,,,,,,,,,,,,,,,
stop_intent,stop_unchanged,CRWD,,202.29,,2026-07-31T10:46:25.937316+00:00,2026-07-31T10:47:10.305268+00:00,initial,13.0,-0.268,,,,,,,,,,,,,,,,,,,,,,,,,,,,,,,,,,,,,,,,,,,,,,,,
stop_intent,stop_unchanged,HON,,226.51,,2026-07-31T10:46:25.937322+00:00,2026-07-31T10:47:10.325814+00:00,initial,5.0,0.056,,,,,,,,,,,,,,,,,,,,,,,,,,,,,,,,,,,,,,,,,,,,,,,,
stop_intent,stop_unchanged,XLF,,55.54,,2026-07-31T10:46:25.937325+00:00,2026-07-31T10:47:10.345909+00:00,initial,17.0,0.157,,,,,,,,,,,,,,,,,,,,,,,,,,,,,,,,,,,,,,,,,,,,,,,,
exit_intent,exit,HON,stable filter broken: state_ext=neutral (expected stretched_down),,443def4e-bfbc-4ab4-b68b-ddbfc8678263,2026-07-31T11:46:23.483598+00:00,2026-07-31T11:47:26.213189+00:00,,,,,,close_already_pending,,state_volume=vol_quiet + state_ext=stretched_down + state_slope=downtrend,state_volume=vol_quiet + state_ext=stretched_down + state_slope=downtrend,"{'state_volume': 'vol_quiet', 'state_ext': 'neutral', 'state_slope': 'downtrend'}",3.0,5.0,1h,False,paper_trade_log_enter,,,,,,,,,,,,,,,,,,,,,,,,,,,,,,,,,,,,
exit_intent,exit,XLF,stable filter broken: state_ext=neutral (expected stretched_up),,3e506a71-2c1f-47ad-8e0f-85743ad09261,2026-07-31T11:46:23.483603+00:00,2026-07-31T11:47:26.450209+00:00,,,,,,close_already_pending,,state_ext=stretched_up + state_slope=flat,state_ext=stretched_up + state_slope=flat,"{'state_ext': 'neutral', 'state_slope': 'flat'}",1.0,5.0,1d,False,trade_journal,,,,,,,,,,,,,,,,,,,,,,,,,,,,,,,,,,,,
stop_intent,stop_unchanged,CRWD,,202.29,,2026-07-31T11:46:23.549028+00:00,2026-07-31T11:47:26.482183+00:00,initial,13.0,-0.259,,,,,,,,,,,,,,,,,,,,,,,,,,,,,,,,,,,,,,,,,,,,,,,,
stop_intent,stop_unchanged,HON,,226.51,,2026-07-31T11:46:23.549036+00:00,2026-07-31T11:47:26.513421+00:00,initial,5.0,0.056,,,,,,,,,,,,,,,,,,,,,,,,,,,,,,,,,,,,,,,,,,,,,,,,
stop_intent,stop_unchanged,XLF,,55.54,,2026-07-31T11:46:23.549041+00:00,2026-07-31T11:47:26.547471+00:00,initial,17.0,0.187,,,,,,,,,,,,,,,,,,,,,,,,,,,,,,,,,,,,,,,,,,,,,,,,
exit_intent,exit,HON,stable filter broken: state_ext=neutral (expected stretched_down),,443def4e-bfbc-4ab4-b68b-ddbfc8678263,2026-07-31T12:46:15.150534+00:00,2026-07-31T12:47:16.737357+00:00,,,,,,close_already_pending,,state_volume=vol_quiet + state_ext=stretched_down + state_slope=downtrend,state_volume=vol_quiet + state_ext=stretched_down + state_slope=downtrend,"{'state_volume': 'vol_quiet', 'state_ext': 'neutral', 'state_slope': 'downtrend'}",3.0,5.0,1h,False,paper_trade_log_enter,,,,,,,,,,,,,,,,,,,,,,,,,,,,,,,,,,,,
exit_intent,exit,XLF,stable filter broken: state_ext=neutral (expected stretched_up),,3e506a71-2c1f-47ad-8e0f-85743ad09261,2026-07-31T12:46:15.150539+00:00,2026-07-31T12:47:16.917046+00:00,,,,,,close_already_pending,,state_ext=stretched_up + state_slope=flat,state_ext=stretched_up + state_slope=flat,"{'state_ext': 'neutral', 'state_slope': 'flat'}",1.0,5.0,1d,False,trade_journal,,,,,,,,,,,,,,,,,,,,,,,,,,,,,,,,,,,,
stop_intent,stop_unchanged,CRWD,,202.29,,2026-07-31T12:46:15.213031+00:00,2026-07-31T12:47:16.949517+00:00,initial,13.0,-0.239,,,,,,,,,,,,,,,,,,,,,,,,,,,,,,,,,,,,,,,,,,,,,,,,
stop_intent,stop_unchanged,HON,,226.51,,2026-07-31T12:46:15.213039+00:00,2026-07-31T12:47:16.980993+00:00,initial,5.0,-0.01,,,,,,,,,,,,,,,,,,,,,,,,,,,,,,,,,,,,,,,,,,,,,,,,
stop_intent,stop_unchanged,XLF,,55.54,,2026-07-31T12:46:15.213043+00:00,2026-07-31T12:47:17.012487+00:00,initial,17.0,0.037,,,,,,,,,,,,,,,,,,,,,,,,,,,,,,,,,,,,,,,,,,,,,,,,
stop_intent,stop_state_cleared,XLF,position no longer open (stopped out or closed by another exit policy),,,2026-07-31T13:46:43.735822+00:00,2026-07-31T13:48:02.188150+00:00,,,,False,,,,,,,,,,,,,,,,,,,,,,,,,,,,,,,,,,,,,,,,,,,,,,,
stop_intent,stop_state_cleared,HON,position no longer open (stopped out or closed by another exit policy),,,2026-07-31T13:46:43.735835+00:00,2026-07-31T13:48:02.220660+00:00,,,,False,,,,,,,,,,,,,,,,,,,,,,,,,,,,,,,,,,,,,,,,,,,,,,,
stop_intent,stop_adopted,AEP,found an existing resting stop order (c803fa0d-3fb2-4589-9632-f9d82a66959d) at the broker for AEP with no local tracked state -- adopting it instead of submitting a duplicate (local state was likely lost/reset),122.4,c803fa0d-3fb2-4589-9632-f9d82a66959d,2026-07-31T13:46:43.735841+00:00,2026-07-31T13:48:02.253334+00:00,,,,,,,,,,,,,,,,,,,,,,,,,,,,,,,,,,,,,,,,,,,,,,,,,,,
stop_intent,stop_attached,ASML,,1510.2835,96468502-9b6d-4386-9b9f-210a20fd35ad,2026-07-31T13:46:43.735846+00:00,2026-07-31T13:48:02.286212+00:00,,,,,,,,,,,,,,,,157.6565,157.66,78.8282,,,,,,,,,,,,,,,,,,,,,,,,,,,,,,,,,
stop_intent,stop_unchanged,CRWD,,202.29,,2026-07-31T13:46:43.735850+00:00,2026-07-31T13:48:02.318896+00:00,initial,13.0,-0.361,,,,,,,,,,,,,,,,,,,,,,,,,,,,,,,,,,,,,,,,,,,,,,,,
stop_intent,stop_attached,FDX,,294.5057,1551c940-32db-44f1-850d-316c946432a5,2026-07-31T13:46:43.735853+00:00,2026-07-31T13:48:02.351742+00:00,,,,,,,,,,,,,,,,14.5743,116.59,7.2871,,,,,,,,,,,,,,,,,,,,,,,,,,,,,,,,,
stop_intent,stop_adopted,GDXJ,found an existing resting stop order (9ad0ba68-b935-4e40-b17a-60786e8370e9) at the broker for GDXJ with no local tracked state -- adopting it instead of submitting a duplicate (local state was likely lost/reset),88.79,9ad0ba68-b935-4e40-b17a-60786e8370e9,2026-07-31T13:46:43.735857+00:00,2026-07-31T13:48:02.385179+00:00,,,,,,,,,,,,,,,,,,,,,,,,,,,,,,,,,,,,,,,,,,,,,,,,,,,
stop_intent,stop_adopted,NOW,found an existing resting stop order (990b43e8-5e83-4818-97b5-ba1a22e63ed0) at the broker for NOW with no local tracked state -- adopting it instead of submitting a duplicate (local state was likely lost/reset),95.04,990b43e8-5e83-4818-97b5-ba1a22e63ed0,2026-07-31T13:46:43.735861+00:00,2026-07-31T13:48:02.418365+00:00,,,,,,,,,,,,,,,,,,,,,,,,,,,,,,,,,,,,,,,,,,,,,,,,,,,
stop_intent,stop_state_cleared,XLF,position no longer open (stopped out or closed by another exit policy),,,2026-07-31T14:46:39.586852+00:00,2026-07-31T14:47:57.673775+00:00,,,,False,,,,,,,,,,,,,,,,,,,,,,,,,,,,,,,,,,,,,,,,,,,,,,,
stop_intent,stop_state_cleared,CRWD,position no longer open (stopped out or closed by another exit policy),,,2026-07-31T14:46:39.586866+00:00,2026-07-31T14:47:57.706188+00:00,,,,False,,,,,,,,,,,,,,,,,,,,,,,,,,,,,,,,,,,,,,,,,,,,,,,
stop_intent,stop_unchanged,AEP,,122.4,,2026-07-31T14:46:39.586872+00:00,2026-07-31T14:47:57.739169+00:00,initial,7.0,0.119,,,,,,,,,,,,,,,,,,,,,,,,,,,,,,,,,,,,,,,,,,,,,,,,
stop_intent,stop_unchanged,ASML,,1510.2835,,2026-07-31T14:46:39.586876+00:00,2026-07-31T14:47:57.771898+00:00,initial,1.0,-0.122,,,,,,,,,,,,,,,,,,,,,,,,,,,,,,,,,,,,,,,,,,,,,,,,
stop_intent,stop_unchanged,FDX,,294.5057,,2026-07-31T14:46:39.586879+00:00,2026-07-31T14:47:57.804852+00:00,initial,8.0,-0.001,,,,,,,,,,,,,,,,,,,,,,,,,,,,,,,,,,,,,,,,,,,,,,,,
stop_intent,stop_unchanged,GDXJ,,88.79,,2026-07-31T14:46:39.586883+00:00,2026-07-31T14:47:57.836598+00:00,initial,9.0,-0.162,,,,,,,,,,,,,,,,,,,,,,,,,,,,,,,,,,,,,,,,,,,,,,,,
stop_intent,stop_ratchet_failed,HON,"{""code"":42210000,""message"":""order is not open""}",,,2026-07-31T14:46:39.586887+00:00,2026-07-31T14:47:57.867624+00:00,,,,,,,,,,,,,,,,,,,,,,,,,,,,,,,,,,,,,,,,,,,,,,,,,,,
stop_intent,stop_adopted,KLAC,found an existing resting stop order (7a399d40-50ee-497c-a6e3-dbcd4c55a2d9) at the broker for KLAC with no local tracked state -- adopting it instead of submitting a duplicate (local state was likely lost/reset),169.51,7a399d40-50ee-497c-a6e3-dbcd4c55a2d9,2026-07-31T14:46:39.586891+00:00,2026-07-31T14:47:57.898587+00:00,,,,,,,,,,,,,,,,,,,,,,,,,,,,,,,,,,,,,,,,,,,,,,,,,,,
stop_intent,stop_unchanged,NOW,,95.04,,2026-07-31T14:46:39.586894+00:00,2026-07-31T14:47:57.930417+00:00,initial,22.0,0.138,,,,,,,,,,,,,,,,,,,,,,,,,,,,,,,,,,,,,,,,,,,,,,,,
stop_intent,stop_adopted,XLB,found an existing resting stop order (e6a0f8d2-c2c8-493e-b2d8-2c1d6a56693b) at the broker for XLB with no local tracked state -- adopting it instead of submitting a duplicate (local state was likely lost/reset),48.64,e6a0f8d2-c2c8-493e-b2d8-2c1d6a56693b,2026-07-31T14:46:39.586897+00:00,2026-07-31T14:47:57.962053+00:00,,,,,,,,,,,,,,,,,,,,,,,,,,,,,,,,,,,,,,,,,,,,,,,,,,,
stop_intent,stop_state_cleared,XLF,position no longer open (stopped out or closed by another exit policy),,,2026-07-31T15:46:10.851592+00:00,2026-07-31T15:47:14.034014+00:00,,,,False,,,,,,,,,,,,,,,,,,,,,,,,,,,,,,,,,,,,,,,,,,,,,,,
stop_intent,stop_state_cleared,FDX,position no longer open (stopped out or closed by another exit policy),,,2026-07-31T15:46:10.851603+00:00,2026-07-31T15:47:14.065570+00:00,,,,False,,,,,,,,,,,,,,,,,,,,,,,,,,,,,,,,,,,,,,,,,,,,,,,
stop_intent,stop_state_cleared,GDXJ,position no longer open (stopped out or closed by another exit policy),,,2026-07-31T15:46:10.851610+00:00,2026-07-31T15:47:14.097255+00:00,,,,False,,,,,,,,,,,,,,,,,,,,,,,,,,,,,,,,,,,,,,,,,,,,,,,
stop_intent,stop_state_cleared,NOW,position no longer open (stopped out or closed by another exit policy),,,2026-07-31T15:46:10.851616+00:00,2026-07-31T15:47:14.129090+00:00,,,,False,,,,,,,,,,,,,,,,,,,,,,,,,,,,,,,,,,,,,,,,,,,,,,,
stop_intent,stop_unchanged,AEP,,122.4,,2026-07-31T15:46:10.851622+00:00,2026-07-31T15:47:14.161251+00:00,initial,7.0,0.235,,,,,,,,,,,,,,,,,,,,,,,,,,,,,,,,,,,,,,,,,,,,,,,,
stop_intent,stop_unchanged,ASML,,1510.2835,,2026-07-31T15:46:10.851628+00:00,2026-07-31T15:47:14.193220+00:00,initial,1.0,-0.158,,,,,,,,,,,,,,,,,,,,,,,,,,,,,,,,,,,,,,,,,,,,,,,,
stop_intent,stop_unchanged,CRWD,,202.29,,2026-07-31T15:46:10.851634+00:00,2026-07-31T15:47:14.225410+00:00,initial,13.0,-0.336,,,,,,,,,,,,,,,,,,,,,,,,,,,,,,,,,,,,,,,,,,,,,,,,
stop_intent,stop_ratchet_failed,HON,"{""code"":42210000,""message"":""order is not open""}",,,2026-07-31T15:46:10.851639+00:00,2026-07-31T15:47:14.257676+00:00,,,,,,,,,,,,,,,,,,,,,,,,,,,,,,,,,,,,,,,,,,,,,,,,,,,
stop_intent,stop_unchanged,KLAC,,169.51,,2026-07-31T15:46:10.851644+00:00,2026-07-31T15:47:14.289777+00:00,initial,13.0,0.202,,,,,,,,,,,,,,,,,,,,,,,,,,,,,,,,,,,,,,,,,,,,,,,,
stop_intent,stop_unchanged,XLB,,48.64,,2026-07-31T15:46:10.851649+00:00,2026-07-31T15:47:14.322157+00:00,initial,18.0,0.034,,,,,,,,,,,,,,,,,,,,,,,,,,,,,,,,,,,,,,,,,,,,,,,,
stop_intent,stop_state_cleared,XLB,position no longer open (stopped out or closed by another exit policy),,,2026-07-31T16:46:35.128243+00:00,2026-07-31T16:47:49.472656+00:00,,,,False,,,,,,,,,,,,,,,,,,,,,,,,,,,,,,,,,,,,,,,,,,,,,,,
stop_intent,stop_unchanged,AEP,,122.4,,2026-07-31T16:46:35.128255+00:00,2026-07-31T16:47:49.505062+00:00,initial,7.0,0.256,,,,,,,,,,,,,,,,,,,,,,,,,,,,,,,,,,,,,,,,,,,,,,,,
stop_intent,stop_unchanged,ASML,,1510.2835,,2026-07-31T16:46:35.128260+00:00,2026-07-31T16:47:49.536603+00:00,initial,1.0,-0.129,,,,,,,,,,,,,,,,,,,,,,,,,,,,,,,,,,,,,,,,,,,,,,,,
stop_intent,stop_unchanged,CRWD,,202.29,,2026-07-31T16:46:35.128264+00:00,2026-07-31T16:47:49.568048+00:00,initial,13.0,-0.324,,,,,,,,,,,,,,,,,,,,,,,,,,,,,,,,,,,,,,,,,,,,,,,,
stop_intent,stop_ratchet_failed,HON,"{""code"":42210000,""message"":""order is not open""}",,,2026-07-31T16:46:35.128268+00:00,2026-07-31T16:47:49.599503+00:00,,,,,,,,,,,,,,,,,,,,,,,,,,,,,,,,,,,,,,,,,,,,,,,,,,,
stop_intent,stop_unchanged,KLAC,,169.51,,2026-07-31T16:46:35.128271+00:00,2026-07-31T16:47:49.630672+00:00,initial,13.0,0.301,,,,,,,,,,,,,,,,,,,,,,,,,,,,,,,,,,,,,,,,,,,,,,,,
stop_intent,stop_adopted,NOW,found an existing resting stop order (ff4f019e-936f-4b35-9768-8a8afc40898f) at the broker for NOW with no local tracked state -- adopting it instead of submitting a duplicate (local state was likely lost/reset),97.86,ff4f019e-936f-4b35-9768-8a8afc40898f,2026-07-31T16:46:35.128274+00:00,2026-07-31T16:47:49.662114+00:00,,,,,,,,,,,,,,,,,,,,,,,,,,,,,,,,,,,,,,,,,,,,,,,,,,,
stop_intent,stop_state_cleared,CRWD,position no longer open (stopped out or closed by another exit policy),,,2026-07-31T17:46:16.135326+00:00,2026-07-31T17:47:33.392872+00:00,,,,False,,,,,,,,,,,,,,,,,,,,,,,,,,,,,,,,,,,,,,,,,,,,,,,
stop_intent,stop_state_cleared,AEP,position no longer open (stopped out or closed by another exit policy),,,2026-07-31T17:46:16.135334+00:00,2026-07-31T17:47:33.426964+00:00,,,,False,,,,,,,,,,,,,,,,,,,,,,,,,,,,,,,,,,,,,,,,,,,,,,,
stop_intent,stop_state_cleared,KLAC,position no longer open (stopped out or closed by another exit policy),,,2026-07-31T17:46:16.135339+00:00,2026-07-31T17:47:33.459594+00:00,,,,False,,,,,,,,,,,,,,,,,,,,,,,,,,,,,,,,,,,,,,,,,,,,,,,
stop_intent,stop_unchanged,ASML,,1510.2835,,2026-07-31T17:46:16.135344+00:00,2026-07-31T17:47:33.493338+00:00,initial,1.0,-0.066,,,,,,,,,,,,,,,,,,,,,,,,,,,,,,,,,,,,,,,,,,,,,,,,
stop_intent,stop_ratchet_failed,HON,"{""code"":42210000,""message"":""order is not open""}",,,2026-07-31T17:46:16.135347+00:00,2026-07-31T17:47:33.526372+00:00,,,,,,,,,,,,,,,,,,,,,,,,,,,,,,,,,,,,,,,,,,,,,,,,,,,
stop_intent,stop_unchanged,NOW,,97.86,,2026-07-31T17:46:16.135351+00:00,2026-07-31T17:47:33.560471+00:00,initial,22.0,0.018,,,,,,,,,,,,,,,,,,,,,,,,,,,,,,,,,,,,,,,,,,,,,,,,
stop_intent,stop_unchanged,XLB,,48.64,,2026-07-31T17:46:16.135355+00:00,2026-07-31T17:47:33.593765+00:00,initial,18.0,0.079,,,,,,,,,,,,,,,,,,,,,,,,,,,,,,,,,,,,,,,,,,,,,,,,
stop_intent,stop_state_cleared,HON,position no longer open (stopped out or closed by another exit policy),,,2026-07-31T18:46:40.178794+00:00,2026-07-31T18:47:58.171338+00:00,,,,False,,,,,,,,,,,,,,,,,,,,,,,,,,,,,,,,,,,,,,,,,,,,,,,
stop_intent,stop_state_cleared,NOW,position no longer open (stopped out or closed by another exit policy),,,2026-07-31T18:46:40.178805+00:00,2026-07-31T18:47:58.205702+00:00,,,,False,,,,,,,,,,,,,,,,,,,,,,,,,,,,,,,,,,,,,,,,,,,,,,,
stop_intent,stop_attached,AEP,,123.2271,62301a56-9578-4003-b18d-47f4b1d8b30a,2026-07-31T18:46:40.178811+00:00,2026-07-31T18:47:58.239809+00:00,,,,,,,,,,,,,,,,5.2329,36.63,2.6164,,,,,,,,,,,,,,,,,,,,,,,,,,,,,,,,,
stop_intent,stop_adopted,AMAT,found an existing resting stop order (7d99527a-6ce1-4e04-a085-72d2ec8c9bc4) at the broker for AMAT with no local tracked state -- adopting it instead of submitting a duplicate (local state was likely lost/reset),435.9,7d99527a-6ce1-4e04-a085-72d2ec8c9bc4,2026-07-31T18:46:40.178816+00:00,2026-07-31T18:47:58.273862+00:00,,,,,,,,,,,,,,,,,,,,,,,,,,,,,,,,,,,,,,,,,,,,,,,,,,,
stop_intent,stop_unchanged,ASML,,1510.2835,,2026-07-31T18:46:40.178819+00:00,2026-07-31T18:47:58.307406+00:00,initial,1.0,-0.095,,,,,,,,,,,,,,,,,,,,,,,,,,,,,,,,,,,,,,,,,,,,,,,,
stop_intent,stop_adopted,CRWD,found an existing resting stop order (ff4be9a6-6a5c-4508-a2f3-a70ccc4981b8) at the broker for CRWD with no local tracked state -- adopting it instead of submitting a duplicate (local state was likely lost/reset),210.7,ff4be9a6-6a5c-4508-a2f3-a70ccc4981b8,2026-07-31T18:46:40.178823+00:00,2026-07-31T18:47:58.340781+00:00,,,,,,,,,,,,,,,,,,,,,,,,,,,,,,,,,,,,,,,,,,,,,,,,,,,
stop_intent,stop_adopted,SMCI,found an existing resting stop order (87b219b9-b0ca-45d6-b7a5-4dd9fb7375bb) at the broker for SMCI with no local tracked state -- adopting it instead of submitting a duplicate (local state was likely lost/reset),23.85,87b219b9-b0ca-45d6-b7a5-4dd9fb7375bb,2026-07-31T18:46:40.178827+00:00,2026-07-31T18:47:58.374653+00:00,,,,,,,,,,,,,,,,,,,,,,,,,,,,,,,,,,,,,,,,,,,,,,,,,,,
stop_intent,stop_unchanged,XLB,,48.64,,2026-07-31T18:46:40.178830+00:00,2026-07-31T18:47:58.407804+00:00,initial,18.0,0.105,,,,,,,,,,,,,,,,,,,,,,,,,,,,,,,,,,,,,,,,,,,,,,,,
stop_intent,stop_state_cleared,XLB,position no longer open (stopped out or closed by another exit policy),,,2026-07-31T19:46:33.833806+00:00,2026-07-31T19:47:22.507053+00:00,,,,False,,,,,,,,,,,,,,,,,,,,,,,,,,,,,,,,,,,,,,,,,,,,,,,
stop_intent,stop_state_cleared,AMAT,position no longer open (stopped out or closed by another exit policy),,,2026-07-31T19:46:33.833812+00:00,2026-07-31T19:47:22.531819+00:00,,,,False,,,,,,,,,,,,,,,,,,,,,,,,,,,,,,,,,,,,,,,,,,,,,,,
stop_intent,stop_state_cleared,SMCI,position no longer open (stopped out or closed by another exit policy),,,2026-07-31T19:46:33.833815+00:00,2026-07-31T19:47:22.555713+00:00,,,,False,,,,,,,,,,,,,,,,,,,,,,,,,,,,,,,,,,,,,,,,,,,,,,,
stop_intent,stop_unchanged,AEP,,123.2271,,2026-07-31T19:46:33.833819+00:00,2026-07-31T19:47:22.579531+00:00,initial,7.0,-0.044,,,,,,,,,,,,,,,,,,,,,,,,,,,,,,,,,,,,,,,,,,,,,,,,
stop_intent,stop_unchanged,ASML,,1510.2835,,2026-07-31T19:46:33.833822+00:00,2026-07-31T19:47:22.603955+00:00,initial,1.0,-0.134,,,,,,,,,,,,,,,,,,,,,,,,,,,,,,,,,,,,,,,,,,,,,,,,
stop_intent,stop_unchanged,CRWD,,210.7,,2026-07-31T19:46:33.833825+00:00,2026-07-31T19:47:22.628059+00:00,initial,13.0,-0.026,,,,,,,,,,,,,,,,,,,,,,,,,,,,,,,,,,,,,,,,,,,,,,,,
stop_intent,stop_unchanged,HON,,226.51,,2026-07-31T19:46:33.833828+00:00,2026-07-31T19:47:22.652986+00:00,initial,5.0,0.339,,,,,,,,,,,,,,,,,,,,,,,,,,,,,,,,,,,,,,,,,,,,,,,,
stop_intent,stop_unchanged,NOW,,97.86,,2026-07-31T19:46:33.833831+00:00,2026-07-31T19:47:22.677127+00:00,initial,22.0,0.011,,,,,,,,,,,,,,,,,,,,,,,,,,,,,,,,,,,,,,,,,,,,,,,,
stop_intent,stop_unchanged,AEP,,123.2271,,2026-07-31T20:47:27.142999+00:00,2026-07-31T20:48:42.149821+00:00,initial,7.0,-0.088,,,,,,,,,,,,,,,,,,,,,,,,,,,,,,,,,,,,,,,,,,,,,,,,
stop_intent,stop_unchanged,ASML,,1510.2835,,2026-07-31T20:47:27.143012+00:00,2026-07-31T20:48:42.184572+00:00,initial,1.0,-0.259,,,,,,,,,,,,,,,,,,,,,,,,,,,,,,,,,,,,,,,,,,,,,,,,
stop_intent,stop_unchanged,CRWD,,210.7,,2026-07-31T20:47:27.143016+00:00,2026-07-31T20:48:42.217745+00:00,initial,13.0,-0.027,,,,,,,,,,,,,,,,,,,,,,,,,,,,,,,,,,,,,,,,,,,,,,,,
stop_intent,stop_unchanged,HON,,226.51,,2026-07-31T20:47:27.143020+00:00,2026-07-31T20:48:42.253933+00:00,initial,5.0,0.206,,,,,,,,,,,,,,,,,,,,,,,,,,,,,,,,,,,,,,,,,,,,,,,,
stop_intent,stop_unchanged,NOW,,97.86,,2026-07-31T20:47:27.143023+00:00,2026-07-31T20:48:42.287116+00:00,initial,22.0,-0.023,,,,,,,,,,,,,,,,,,,,,,,,,,,,,,,,,,,,,,,,,,,,,,,,
stop_intent,stop_unchanged,AEP,,123.2271,,2026-07-31T21:46:07.884644+00:00,2026-07-31T21:47:23.869032+00:00,initial,7.0,0.367,,,,,,,,,,,,,,,,,,,,,,,,,,,,,,,,,,,,,,,,,,,,,,,,
stop_intent,stop_unchanged,ASML,,1510.2835,,2026-07-31T21:46:07.884662+00:00,2026-07-31T21:47:23.904279+00:00,initial,1.0,-0.269,,,,,,,,,,,,,,,,,,,,,,,,,,,,,,,,,,,,,,,,,,,,,,,,
stop_intent,stop_unchanged,CRWD,,210.7,,2026-07-31T21:46:07.884669+00:00,2026-07-31T21:47:23.937848+00:00,initial,13.0,0.025,,,,,,,,,,,,,,,,,,,,,,,,,,,,,,,,,,,,,,,,,,,,,,,,
stop_intent,stop_unchanged,HON,,226.51,,2026-07-31T21:46:07.884675+00:00,2026-07-31T21:47:23.971176+00:00,initial,5.0,0.2,,,,,,,,,,,,,,,,,,,,,,,,,,,,,,,,,,,,,,,,,,,,,,,,
stop_intent,stop_unchanged,NOW,,97.86,,2026-07-31T21:46:07.884681+00:00,2026-07-31T21:47:24.004169+00:00,initial,22.0,-0.06,,,,,,,,,,,,,,,,,,,,,,,,,,,,,,,,,,,,,,,,,,,,,,,,
stop_intent,stop_unchanged,AEP,,123.2271,,2026-07-31T23:31:37.651423+00:00,2026-07-31T23:32:41.778951+00:00,initial,7.0,-0.057,,,,,,,,,,,,,,,,,,,,,,,,,,,,,,,,,,,,,,,,,,,,,,,,
stop_intent,stop_unchanged,ASML,,1510.2835,,2026-07-31T23:31:37.651437+00:00,2026-07-31T23:32:41.815630+00:00,initial,1.0,-0.279,,,,,,,,,,,,,,,,,,,,,,,,,,,,,,,,,,,,,,,,,,,,,,,,
stop_intent,stop_unchanged,CRWD,,210.7,,2026-07-31T23:31:37.651442+00:00,2026-07-31T23:32:41.851863+00:00,initial,13.0,-0.002,,,,,,,,,,,,,,,,,,,,,,,,,,,,,,,,,,,,,,,,,,,,,,,,
stop_intent,stop_unchanged,HON,,226.51,,2026-07-31T23:31:37.651446+00:00,2026-07-31T23:32:41.887815+00:00,initial,5.0,0.175,,,,,,,,,,,,,,,,,,,,,,,,,,,,,,,,,,,,,,,,,,,,,,,,
stop_intent,stop_unchanged,NOW,,97.86,,2026-07-31T23:31:37.651449+00:00,2026-07-31T23:32:41.924164+00:00,initial,22.0,-0.051,,,,,,,,,,,,,,,,,,,,,,,,,,,,,,,,,,,,,,,,,,,,,,,,
entry_signal,skip,XLK,no_state_data,,,2026-07-31T23:32:41.747101+00:00,2026-07-31T23:32:41.959626+00:00,,,,,,,no_state_data,cross_USO_state_vol=mid_vol + state_ext=stretched_down,,,,,1h,,,,,,insample,False,False,,,,,,,,,,,,,,,,,,,,,,,,,,,,,,
state_unavailable,skip,XLK,no_completed_state,,,2026-07-31T23:32:41.754766+00:00,2026-07-31T23:32:41.997703+00:00,,,,,,,,cross_USO_state_vol=mid_vol + state_ext=stretched_down,,,,,1h,,,,,,insample,,,2026-07-30 19:30:00+00:00,175.7100067138672,{},,,,,,,,,,,,,,,,,,,,,,,,,,,
entry_signal,skip,SPY,no_state_data,,,2026-07-31T23:32:41.771534+00:00,2026-07-31T23:32:42.035018+00:00,,,,,,,no_state_data,state_session=afternoon + state_slope=downtrend,,,,,1h,,,,,,insample,False,False,,,,,,,,,,,,,,,,,,,,,,,,,,,,,,
state_unavailable,skip,SPY,no_completed_state,,,2026-07-31T23:32:41.778887+00:00,2026-07-31T23:32:42.071828+00:00,,,,,,,,state_session=afternoon + state_slope=downtrend,,,,,1h,,,,,,insample,,,2026-07-30 19:30:00+00:00,741.72998046875,{},,,,,,,,,,,,,,,,,,,,,,,,,,,
stop_intent,stop_unchanged,AEP,,123.2271,,2026-07-31T23:50:53.918051+00:00,2026-07-31T23:51:45.942070+00:00,initial,7.0,-0.057,,,,,,,,,,,,,,,,,,,,,,,,,,,,,,,,,,,,,,,,,,,,,,,,
stop_intent,stop_unchanged,ASML,,1510.2835,,2026-07-31T23:50:53.918065+00:00,2026-07-31T23:51:45.975027+00:00,initial,1.0,-0.288,,,,,,,,,,,,,,,,,,,,,,,,,,,,,,,,,,,,,,,,,,,,,,,,
stop_intent,stop_unchanged,CRWD,,210.7,,2026-07-31T23:50:53.918071+00:00,2026-07-31T23:51:46.007375+00:00,initial,13.0,-0.017,,,,,,,,,,,,,,,,,,,,,,,,,,,,,,,,,,,,,,,,,,,,,,,,
stop_intent,stop_unchanged,HON,,226.51,,2026-07-31T23:50:53.918075+00:00,2026-07-31T23:51:46.039650+00:00,initial,5.0,0.175,,,,,,,,,,,,,,,,,,,,,,,,,,,,,,,,,,,,,,,,,,,,,,,,
stop_intent,stop_unchanged,NOW,,97.86,,2026-07-31T23:50:53.918079+00:00,2026-07-31T23:51:46.071716+00:00,initial,22.0,-0.045,,,,,,,,,,,,,,,,,,,,,,,,,,,,,,,,,,,,,,,,,,,,,,,,
entry_signal,skip,XLK,no_state_data,,,2026-07-31T23:51:45.916124+00:00,2026-07-31T23:51:46.103944+00:00,,,,,,,no_state_data,cross_USO_state_vol=mid_vol + state_ext=stretched_down,,,,,1h,,,,,,insample,False,False,,,,,,,,,,,,,,,,,,,,,,,,,,,,,,
state_unavailable,skip,XLK,no_completed_state,,,2026-07-31T23:51:45.922445+00:00,2026-07-31T23:51:46.136728+00:00,,,,,,,,cross_USO_state_vol=mid_vol + state_ext=stretched_down,,,,,1h,,,,,,insample,,,2026-07-30 19:30:00+00:00,175.7100067138672,{},,,,,,,,,,,,,,,,,,,,,,,,,,,
entry_signal,skip,SPY,no_state_data,,,2026-07-31T23:51:45.935878+00:00,2026-07-31T23:51:46.169848+00:00,,,,,,,no_state_data,state_session=afternoon + state_slope=downtrend,,,,,1h,,,,,,insample,False,False,,,,,,,,,,,,,,,,,,,,,,,,,,,,,,
state_unavailable,skip,SPY,no_completed_state,,,2026-07-31T23:51:45.942016+00:00,2026-07-31T23:51:46.202573+00:00,,,,,,,,state_session=afternoon + state_slope=downtrend,,,,,1h,,,,,,insample,,,2026-07-30 19:30:00+00:00,741.72998046875,{},,,,,,,,,,,,,,,,,,,,,,,,,,,
stop_intent,stop_unchanged,AEP,,123.2271,,2026-08-01T00:46:36.290059+00:00,2026-08-01T00:47:16.811580+00:00,initial,7.0,-0.057,,,,,,,,,,,,,,,,,,,,,,,,,,,,,,,,,,,,,,,,,,,,,,,,
stop_intent,stop_unchanged,ASML,,1510.2835,,2026-08-01T00:46:36.290069+00:00,2026-08-01T00:47:16.837385+00:00,initial,1.0,-0.271,,,,,,,,,,,,,,,,,,,,,,,,,,,,,,,,,,,,,,,,,,,,,,,,
stop_intent,stop_unchanged,CRWD,,210.7,,2026-08-01T00:46:36.290073+00:00,2026-08-01T00:47:16.894974+00:00,initial,13.0,-0.018,,,,,,,,,,,,,,,,,,,,,,,,,,,,,,,,,,,,,,,,,,,,,,,,
stop_intent,stop_unchanged,HON,,226.51,,2026-08-01T00:46:36.290076+00:00,2026-08-01T00:47:16.920348+00:00,initial,5.0,0.175,,,,,,,,,,,,,,,,,,,,,,,,,,,,,,,,,,,,,,,,,,,,,,,,
stop_intent,stop_unchanged,NOW,,97.86,,2026-08-01T00:46:36.290079+00:00,2026-08-01T00:47:16.945511+00:00,initial,22.0,-0.048,,,,,,,,,,,,,,,,,,,,,,,,,,,,,,,,,,,,,,,,,,,,,,,,
entry_signal,skip,XLK,no_state_data,,,2026-08-01T00:47:16.793060+00:00,2026-08-01T00:47:16.970607+00:00,,,,,,,no_state_data,cross_USO_state_vol=mid_vol + state_ext=stretched_down,,,,,1h,,,,,,insample,False,False,,,,,,,,,,,,,,,,,,,,,,,,,,,,,,
state_unavailable,skip,XLK,no_completed_state,,,2026-08-01T00:47:16.797993+00:00,2026-08-01T00:47:16.996230+00:00,,,,,,,,cross_USO_state_vol=mid_vol + state_ext=stretched_down,,,,,1h,,,,,,insample,,,2026-07-30 19:30:00+00:00,175.7100067138672,{},,,,,,,,,,,,,,,,,,,,,,,,,,,
entry_signal,skip,SPY,no_state_data,,,2026-08-01T00:47:16.806699+00:00,2026-08-01T00:47:17.022076+00:00,,,,,,,no_state_data,state_session=afternoon + state_slope=downtrend,,,,,1h,,,,,,insample,False,False,,,,,,,,,,,,,,,,,,,,,,,,,,,,,,
state_unavailable,skip,SPY,no_completed_state,,,2026-08-01T00:47:16.811533+00:00,2026-08-01T00:47:17.047751+00:00,,,,,,,,state_session=afternoon + state_slope=downtrend,,,,,1h,,,,,,insample,,,2026-07-30 19:30:00+00:00,741.72998046875,{},,,,,,,,,,,,,,,,,,,,,,,,,,,
stop_intent,stop_unchanged,AEP,,123.2271,,2026-08-01T01:46:14.951679+00:00,2026-08-01T01:47:08.261100+00:00,initial,7.0,-0.057,,,,,,,,,,,,,,,,,,,,,,,,,,,,,,,,,,,,,,,,,,,,,,,,
stop_intent,stop_unchanged,ASML,,1510.2835,,2026-08-01T01:46:14.951694+00:00,2026-08-01T01:47:08.296369+00:00,initial,1.0,-0.271,,,,,,,,,,,,,,,,,,,,,,,,,,,,,,,,,,,,,,,,,,,,,,,,
stop_intent,stop_unchanged,CRWD,,210.7,,2026-08-01T01:46:14.951700+00:00,2026-08-01T01:47:08.330858+00:00,initial,13.0,-0.018,,,,,,,,,,,,,,,,,,,,,,,,,,,,,,,,,,,,,,,,,,,,,,,,
stop_intent,stop_unchanged,HON,,226.51,,2026-08-01T01:46:14.951704+00:00,2026-08-01T01:47:08.365416+00:00,initial,5.0,0.175,,,,,,,,,,,,,,,,,,,,,,,,,,,,,,,,,,,,,,,,,,,,,,,,
stop_intent,stop_unchanged,NOW,,97.86,,2026-08-01T01:46:14.951708+00:00,2026-08-01T01:47:08.399521+00:00,initial,22.0,-0.048,,,,,,,,,,,,,,,,,,,,,,,,,,,,,,,,,,,,,,,,,,,,,,,,
entry_signal,skip,XLK,no_state_data,,,2026-08-01T01:47:08.236182+00:00,2026-08-01T01:47:08.433478+00:00,,,,,,,no_state_data,cross_USO_state_vol=mid_vol + state_ext=stretched_down,,,,,1h,,,,,,insample,False,False,,,,,,,,,,,,,,,,,,,,,,,,,,,,,,
state_unavailable,skip,XLK,no_completed_state,,,2026-08-01T01:47:08.242781+00:00,2026-08-01T01:47:08.469932+00:00,,,,,,,,cross_USO_state_vol=mid_vol + state_ext=stretched_down,,,,,1h,,,,,,insample,,,2026-07-30 19:30:00+00:00,175.7100067138672,{},,,,,,,,,,,,,,,,,,,,,,,,,,,
entry_signal,skip,SPY,no_state_data,,,2026-08-01T01:47:08.254648+00:00,2026-08-01T01:47:08.505719+00:00,,,,,,,no_state_data,state_session=afternoon + state_slope=downtrend,,,,,1h,,,,,,insample,False,False,,,,,,,,,,,,,,,,,,,,,,,,,,,,,,
state_unavailable,skip,SPY,no_completed_state,,,2026-08-01T01:47:08.261037+00:00,2026-08-01T01:47:08.542343+00:00,,,,,,,,state_session=afternoon + state_slope=downtrend,,,,,1h,,,,,,insample,,,2026-07-30 19:30:00+00:00,741.72998046875,{},,,,,,,,,,,,,,,,,,,,,,,,,,,
stop_intent,stop_unchanged,AEP,,123.2271,,2026-08-01T02:46:32.067721+00:00,2026-08-01T02:47:36.705991+00:00,initial,7.0,-0.117,,,,,,,,,,,,,,,,,,,,,,,,,,,,,,,,,,,,,,,,,,,,,,,,
stop_intent,stop_unchanged,ASML,,1510.2835,,2026-08-01T02:46:32.067728+00:00,2026-08-01T02:47:36.741872+00:00,initial,1.0,-0.247,,,,,,,,,,,,,,,,,,,,,,,,,,,,,,,,,,,,,,,,,,,,,,,,
stop_intent,stop_unchanged,CRWD,,210.7,,2026-08-01T02:46:32.067733+00:00,2026-08-01T02:47:36.777026+00:00,initial,13.0,-0.035,,,,,,,,,,,,,,,,,,,,,,,,,,,,,,,,,,,,,,,,,,,,,,,,
stop_intent,stop_unchanged,HON,,226.51,,2026-08-01T02:46:32.067737+00:00,2026-08-01T02:47:36.812365+00:00,initial,5.0,0.206,,,,,,,,,,,,,,,,,,,,,,,,,,,,,,,,,,,,,,,,,,,,,,,,
stop_intent,stop_unchanged,NOW,,97.86,,2026-08-01T02:46:32.067741+00:00,2026-08-01T02:47:36.847978+00:00,initial,22.0,0.011,,,,,,,,,,,,,,,,,,,,,,,,,,,,,,,,,,,,,,,,,,,,,,,,
entry_signal,skip,XLK,no_state_data,,,2026-08-01T02:47:36.680025+00:00,2026-08-01T02:47:36.883095+00:00,,,,,,,no_state_data,cross_USO_state_vol=mid_vol + state_ext=stretched_down,,,,,1h,,,,,,insample,False,False,,,,,,,,,,,,,,,,,,,,,,,,,,,,,,
state_unavailable,skip,XLK,no_completed_state,,,2026-08-01T02:47:36.687120+00:00,2026-08-01T02:47:36.918833+00:00,,,,,,,,cross_USO_state_vol=mid_vol + state_ext=stretched_down,,,,,1h,,,,,,insample,,,2026-07-30 19:30:00+00:00,175.7100067138672,{},,,,,,,,,,,,,,,,,,,,,,,,,,,
entry_signal,skip,SPY,no_state_data,,,2026-08-01T02:47:36.699369+00:00,2026-08-01T02:47:36.954642+00:00,,,,,,,no_state_data,state_session=afternoon + state_slope=downtrend,,,,,1h,,,,,,insample,False,False,,,,,,,,,,,,,,,,,,,,,,,,,,,,,,
state_unavailable,skip,SPY,no_completed_state,,,2026-08-01T02:47:36.705935+00:00,2026-08-01T02:47:36.990592+00:00,,,,,,,,state_session=afternoon + state_slope=downtrend,,,,,1h,,,,,,insample,,,2026-07-30 19:30:00+00:00,741.72998046875,{},,,,,,,,,,,,,,,,,,,,,,,,,,,
stop_intent,stop_unchanged,AEP,,123.2271,,2026-08-01T03:46:20.483998+00:00,2026-08-01T03:47:04.674962+00:00,initial,7.0,-0.117,,,,,,,,,,,,,,,,,,,,,,,,,,,,,,,,,,,,,,,,,,,,,,,,
stop_intent,stop_unchanged,ASML,,1510.2835,,2026-08-01T03:46:20.484003+00:00,2026-08-01T03:47:04.704291+00:00,initial,1.0,-0.247,,,,,,,,,,,,,,,,,,,,,,,,,,,,,,,,,,,,,,,,,,,,,,,,
stop_intent,stop_unchanged,CRWD,,210.7,,2026-08-01T03:46:20.484007+00:00,2026-08-01T03:47:04.732768+00:00,initial,13.0,-0.035,,,,,,,,,,,,,,,,,,,,,,,,,,,,,,,,,,,,,,,,,,,,,,,,
stop_intent,stop_unchanged,HON,,226.51,,2026-08-01T03:46:20.484010+00:00,2026-08-01T03:47:04.761861+00:00,initial,5.0,0.206,,,,,,,,,,,,,,,,,,,,,,,,,,,,,,,,,,,,,,,,,,,,,,,,
stop_intent,stop_unchanged,NOW,,97.86,,2026-08-01T03:46:20.484013+00:00,2026-08-01T03:47:04.789294+00:00,initial,22.0,0.011,,,,,,,,,,,,,,,,,,,,,,,,,,,,,,,,,,,,,,,,,,,,,,,,
entry_signal,skip,XLK,no_state_data,,,2026-08-01T03:47:04.654115+00:00,2026-08-01T03:47:04.818447+00:00,,,,,,,no_state_data,cross_USO_state_vol=mid_vol + state_ext=stretched_down,,,,,1h,,,,,,insample,False,False,,,,,,,,,,,,,,,,,,,,,,,,,,,,,,
state_unavailable,skip,XLK,no_completed_state,,,2026-08-01T03:47:04.659612+00:00,2026-08-01T03:47:04.846421+00:00,,,,,,,,cross_USO_state_vol=mid_vol + state_ext=stretched_down,,,,,1h,,,,,,insample,,,2026-07-30 19:30:00+00:00,175.7100067138672,{},,,,,,,,,,,,,,,,,,,,,,,,,,,
entry_signal,skip,SPY,no_state_data,,,2026-08-01T03:47:04.669253+00:00,2026-08-01T03:47:04.874981+00:00,,,,,,,no_state_data,state_session=afternoon + state_slope=downtrend,,,,,1h,,,,,,insample,False,False,,,,,,,,,,,,,,,,,,,,,,,,,,,,,,
state_unavailable,skip,SPY,no_completed_state,,,2026-08-01T03:47:04.674911+00:00,2026-08-01T03:47:04.904347+00:00,,,,,,,,state_session=afternoon + state_slope=downtrend,,,,,1h,,,,,,insample,,,2026-07-30 19:30:00+00:00,741.72998046875,{},,,,,,,,,,,,,,,,,,,,,,,,,,,
stop_intent,stop_unchanged,AEP,,123.2271,,2026-08-01T04:46:28.430480+00:00,2026-08-01T04:47:31.039483+00:00,initial,7.0,-0.117,,,,,,,,,,,,,,,,,,,,,,,,,,,,,,,,,,,,,,,,,,,,,,,,
stop_intent,stop_unchanged,ASML,,1510.2835,,2026-08-01T04:46:28.430491+00:00,2026-08-01T04:47:31.075148+00:00,initial,1.0,-0.247,,,,,,,,,,,,,,,,,,,,,,,,,,,,,,,,,,,,,,,,,,,,,,,,
stop_intent,stop_unchanged,CRWD,,210.7,,2026-08-01T04:46:28.430525+00:00,2026-08-01T04:47:31.110204+00:00,initial,13.0,-0.035,,,,,,,,,,,,,,,,,,,,,,,,,,,,,,,,,,,,,,,,,,,,,,,,
stop_intent,stop_unchanged,HON,,226.51,,2026-08-01T04:46:28.430532+00:00,2026-08-01T04:47:31.145793+00:00,initial,5.0,0.206,,,,,,,,,,,,,,,,,,,,,,,,,,,,,,,,,,,,,,,,,,,,,,,,
stop_intent,stop_unchanged,NOW,,97.86,,2026-08-01T04:46:28.430538+00:00,2026-08-01T04:47:31.181615+00:00,initial,22.0,0.011,,,,,,,,,,,,,,,,,,,,,,,,,,,,,,,,,,,,,,,,,,,,,,,,
entry_signal,skip,XLK,no_state_data,,,2026-08-01T04:47:31.014039+00:00,2026-08-01T04:47:31.217547+00:00,,,,,,,no_state_data,cross_USO_state_vol=mid_vol + state_ext=stretched_down,,,,,1h,,,,,,insample,False,False,,,,,,,,,,,,,,,,,,,,,,,,,,,,,,
state_unavailable,skip,XLK,no_completed_state,,,2026-08-01T04:47:31.020848+00:00,2026-08-01T04:47:31.253536+00:00,,,,,,,,cross_USO_state_vol=mid_vol + state_ext=stretched_down,,,,,1h,,,,,,insample,,,2026-07-30 19:30:00+00:00,175.7100067138672,{},,,,,,,,,,,,,,,,,,,,,,,,,,,
entry_signal,skip,SPY,no_state_data,,,2026-08-01T04:47:31.032885+00:00,2026-08-01T04:47:31.290160+00:00,,,,,,,no_state_data,state_session=afternoon + state_slope=downtrend,,,,,1h,,,,,,insample,False,False,,,,,,,,,,,,,,,,,,,,,,,,,,,,,,
state_unavailable,skip,SPY,no_completed_state,,,2026-08-01T04:47:31.039426+00:00,2026-08-01T04:47:31.326169+00:00,,,,,,,,state_session=afternoon + state_slope=downtrend,,,,,1h,,,,,,insample,,,2026-07-30 19:30:00+00:00,741.72998046875,{},,,,,,,,,,,,,,,,,,,,,,,,,,,
stop_intent,stop_unchanged,AEP,,123.2271,,2026-08-01T06:23:07.634077+00:00,2026-08-01T06:23:59.253039+00:00,initial,7.0,-0.117,,,,,,,,,,,,,,,,,,,,,,,,,,,,,,,,,,,,,,,,,,,,,,,,
stop_intent,stop_unchanged,ASML,,1510.2835,,2026-08-01T06:23:07.634085+00:00,2026-08-01T06:23:59.286758+00:00,initial,1.0,-0.247,,,,,,,,,,,,,,,,,,,,,,,,,,,,,,,,,,,,,,,,,,,,,,,,
stop_intent,stop_unchanged,CRWD,,210.7,,2026-08-01T06:23:07.634090+00:00,2026-08-01T06:23:59.319362+00:00,initial,13.0,-0.035,,,,,,,,,,,,,,,,,,,,,,,,,,,,,,,,,,,,,,,,,,,,,,,,
stop_intent,stop_unchanged,HON,,226.51,,2026-08-01T06:23:07.634094+00:00,2026-08-01T06:23:59.351900+00:00,initial,5.0,0.206,,,,,,,,,,,,,,,,,,,,,,,,,,,,,,,,,,,,,,,,,,,,,,,,
stop_intent,stop_unchanged,NOW,,97.86,,2026-08-01T06:23:07.634097+00:00,2026-08-01T06:23:59.384418+00:00,initial,22.0,0.011,,,,,,,,,,,,,,,,,,,,,,,,,,,,,,,,,,,,,,,,,,,,,,,,
entry_signal,skip,XLK,no_state_data,,,2026-08-01T06:23:59.229380+00:00,2026-08-01T06:23:59.416965+00:00,,,,,,,no_state_data,cross_USO_state_vol=mid_vol + state_ext=stretched_down,,,,,1h,,,,,,insample,False,False,,,,,,,,,,,,,,,,,,,,,,,,,,,,,,
state_unavailable,skip,XLK,no_completed_state,,,2026-08-01T06:23:59.235716+00:00,2026-08-01T06:23:59.449963+00:00,,,,,,,,cross_USO_state_vol=mid_vol + state_ext=stretched_down,,,,,1h,,,,,,insample,,,2026-07-30 19:30:00+00:00,175.7100067138672,{},,,,,,,,,,,,,,,,,,,,,,,,,,,
entry_signal,skip,SPY,no_state_data,,,2026-08-01T06:23:59.246868+00:00,2026-08-01T06:23:59.482975+00:00,,,,,,,no_state_data,state_session=afternoon + state_slope=downtrend,,,,,1h,,,,,,insample,False,False,,,,,,,,,,,,,,,,,,,,,,,,,,,,,,
state_unavailable,skip,SPY,no_completed_state,,,2026-08-01T06:23:59.252985+00:00,2026-08-01T06:23:59.515920+00:00,,,,,,,,state_session=afternoon + state_slope=downtrend,,,,,1h,,,,,,insample,,,2026-07-30 19:30:00+00:00,741.72998046875,{},,,,,,,,,,,,,,,,,,,,,,,,,,,
stop_intent,stop_unchanged,AEP,,123.2271,,2026-08-01T07:23:34.733276+00:00,2026-08-01T07:24:15.050257+00:00,initial,7.0,-0.117,,,,,,,,,,,,,,,,,,,,,,,,,,,,,,,,,,,,,,,,,,,,,,,,
stop_intent,stop_unchanged,ASML,,1510.2835,,2026-08-01T07:23:34.733281+00:00,2026-08-01T07:24:15.077644+00:00,initial,1.0,-0.247,,,,,,,,,,,,,,,,,,,,,,,,,,,,,,,,,,,,,,,,,,,,,,,,
stop_intent,stop_unchanged,CRWD,,210.7,,2026-08-01T07:23:34.733285+00:00,2026-08-01T07:24:15.104386+00:00,initial,13.0,-0.035,,,,,,,,,,,,,,,,,,,,,,,,,,,,,,,,,,,,,,,,,,,,,,,,
stop_intent,stop_unchanged,HON,,226.51,,2026-08-01T07:23:34.733288+00:00,2026-08-01T07:24:15.130916+00:00,initial,5.0,0.206,,,,,,,,,,,,,,,,,,,,,,,,,,,,,,,,,,,,,,,,,,,,,,,,
stop_intent,stop_unchanged,NOW,,97.86,,2026-08-01T07:23:34.733291+00:00,2026-08-01T07:24:15.157504+00:00,initial,22.0,0.011,,,,,,,,,,,,,,,,,,,,,,,,,,,,,,,,,,,,,,,,,,,,,,,,
entry_signal,skip,XLK,no_state_data,,,2026-08-01T07:24:15.031373+00:00,2026-08-01T07:24:15.184432+00:00,,,,,,,no_state_data,cross_USO_state_vol=mid_vol + state_ext=stretched_down,,,,,1h,,,,,,insample,False,False,,,,,,,,,,,,,,,,,,,,,,,,,,,,,,
state_unavailable,skip,XLK,no_completed_state,,,2026-08-01T07:24:15.036409+00:00,2026-08-01T07:24:15.211889+00:00,,,,,,,,cross_USO_state_vol=mid_vol + state_ext=stretched_down,,,,,1h,,,,,,insample,,,2026-07-30 19:30:00+00:00,175.7100067138672,{},,,,,,,,,,,,,,,,,,,,,,,,,,,
entry_signal,skip,SPY,no_state_data,,,2026-08-01T07:24:15.045177+00:00,2026-08-01T07:24:15.239425+00:00,,,,,,,no_state_data,state_session=afternoon + state_slope=downtrend,,,,,1h,,,,,,insample,False,False,,,,,,,,,,,,,,,,,,,,,,,,,,,,,,
state_unavailable,skip,SPY,no_completed_state,,,2026-08-01T07:24:15.050206+00:00,2026-08-01T07:24:15.266618+00:00,,,,,,,,state_session=afternoon + state_slope=downtrend,,,,,1h,,,,,,insample,,,2026-07-30 19:30:00+00:00,741.72998046875,{},,,,,,,,,,,,,,,,,,,,,,,,,,,
stop_intent,stop_unchanged,AEP,,123.2271,,2026-08-01T07:46:09.340608+00:00,2026-08-01T07:47:11.837294+00:00,initial,7.0,-0.117,,,,,,,,,,,,,,,,,,,,,,,,,,,,,,,,,,,,,,,,,,,,,,,,
stop_intent,stop_unchanged,ASML,,1510.2835,,2026-08-01T07:46:09.340617+00:00,2026-08-01T07:47:11.875724+00:00,initial,1.0,-0.247,,,,,,,,,,,,,,,,,,,,,,,,,,,,,,,,,,,,,,,,,,,,,,,,
stop_intent,stop_unchanged,CRWD,,210.7,,2026-08-01T07:46:09.340624+00:00,2026-08-01T07:47:11.914236+00:00,initial,13.0,-0.035,,,,,,,,,,,,,,,,,,,,,,,,,,,,,,,,,,,,,,,,,,,,,,,,
stop_intent,stop_unchanged,HON,,226.51,,2026-08-01T07:46:09.340629+00:00,2026-08-01T07:47:11.951897+00:00,initial,5.0,0.206,,,,,,,,,,,,,,,,,,,,,,,,,,,,,,,,,,,,,,,,,,,,,,,,
stop_intent,stop_unchanged,NOW,,97.86,,2026-08-01T07:46:09.340635+00:00,2026-08-01T07:47:11.988731+00:00,initial,22.0,0.011,,,,,,,,,,,,,,,,,,,,,,,,,,,,,,,,,,,,,,,,,,,,,,,,
entry_signal,skip,XLK,no_state_data,,,2026-08-01T07:47:11.808506+00:00,2026-08-01T07:47:12.025820+00:00,,,,,,,no_state_data,cross_USO_state_vol=mid_vol + state_ext=stretched_down,,,,,1h,,,,,,insample,False,False,,,,,,,,,,,,,,,,,,,,,,,,,,,,,,
state_unavailable,skip,XLK,no_completed_state,,,2026-08-01T07:47:11.815736+00:00,2026-08-01T07:47:12.063502+00:00,,,,,,,,cross_USO_state_vol=mid_vol + state_ext=stretched_down,,,,,1h,,,,,,insample,,,2026-07-30 19:30:00+00:00,175.7100067138672,{},,,,,,,,,,,,,,,,,,,,,,,,,,,
entry_signal,skip,SPY,no_state_data,,,2026-08-01T07:47:11.829883+00:00,2026-08-01T07:47:12.101014+00:00,,,,,,,no_state_data,state_session=afternoon + state_slope=downtrend,,,,,1h,,,,,,insample,False,False,,,,,,,,,,,,,,,,,,,,,,,,,,,,,,
state_unavailable,skip,SPY,no_completed_state,,,2026-08-01T07:47:11.837235+00:00,2026-08-01T07:47:12.138490+00:00,,,,,,,,state_session=afternoon + state_slope=downtrend,,,,,1h,,,,,,insample,,,2026-07-30 19:30:00+00:00,741.72998046875,{},,,,,,,,,,,,,,,,,,,,,,,,,,,
stop_intent,stop_unchanged,AEP,,123.2271,,2026-08-01T08:46:13.159984+00:00,2026-08-01T08:47:17.223347+00:00,initial,7.0,-0.117,,,,,,,,,,,,,,,,,,,,,,,,,,,,,,,,,,,,,,,,,,,,,,,,
stop_intent,stop_unchanged,ASML,,1510.2835,,2026-08-01T08:46:13.159993+00:00,2026-08-01T08:47:17.260306+00:00,initial,1.0,-0.247,,,,,,,,,,,,,,,,,,,,,,,,,,,,,,,,,,,,,,,,,,,,,,,,
stop_intent,stop_unchanged,CRWD,,210.7,,2026-08-01T08:46:13.160000+00:00,2026-08-01T08:47:17.295961+00:00,initial,13.0,-0.035,,,,,,,,,,,,,,,,,,,,,,,,,,,,,,,,,,,,,,,,,,,,,,,,
stop_intent,stop_unchanged,HON,,226.51,,2026-08-01T08:46:13.160006+00:00,2026-08-01T08:47:17.332370+00:00,initial,5.0,0.206,,,,,,,,,,,,,,,,,,,,,,,,,,,,,,,,,,,,,,,,,,,,,,,,
stop_intent,stop_unchanged,NOW,,97.86,,2026-08-01T08:46:13.160012+00:00,2026-08-01T08:47:17.368881+00:00,initial,22.0,0.011,,,,,,,,,,,,,,,,,,,,,,,,,,,,,,,,,,,,,,,,,,,,,,,,
entry_signal,skip,XLK,no_state_data,,,2026-08-01T08:47:17.197537+00:00,2026-08-01T08:47:17.405857+00:00,,,,,,,no_state_data,cross_USO_state_vol=mid_vol + state_ext=stretched_down,,,,,1h,,,,,,insample,False,False,,,,,,,,,,,,,,,,,,,,,,,,,,,,,,
state_unavailable,skip,XLK,no_completed_state,,,2026-08-01T08:47:17.204449+00:00,2026-08-01T08:47:17.443191+00:00,,,,,,,,cross_USO_state_vol=mid_vol + state_ext=stretched_down,,,,,1h,,,,,,insample,,,2026-07-30 19:30:00+00:00,175.7100067138672,{},,,,,,,,,,,,,,,,,,,,,,,,,,,
entry_signal,skip,SPY,no_state_data,,,2026-08-01T08:47:17.216789+00:00,2026-08-01T08:47:17.480741+00:00,,,,,,,no_state_data,state_session=afternoon + state_slope=downtrend,,,,,1h,,,,,,insample,False,False,,,,,,,,,,,,,,,,,,,,,,,,,,,,,,
state_unavailable,skip,SPY,no_completed_state,,,2026-08-01T08:47:17.223289+00:00,2026-08-01T08:47:17.518071+00:00,,,,,,,,state_session=afternoon + state_slope=downtrend,,,,,1h,,,,,,insample,,,2026-07-30 19:30:00+00:00,741.72998046875,{},,,,,,,,,,,,,,,,,,,,,,,,,,,
stop_intent,stop_unchanged,AEP,,123.2271,,2026-08-01T09:46:30.213145+00:00,2026-08-01T09:47:10.222347+00:00,initial,7.0,-0.117,,,,,,,,,,,,,,,,,,,,,,,,,,,,,,,,,,,,,,,,,,,,,,,,
stop_intent,stop_unchanged,ASML,,1510.2835,,2026-08-01T09:46:30.213154+00:00,2026-08-01T09:47:10.248856+00:00,initial,1.0,-0.247,,,,,,,,,,,,,,,,,,,,,,,,,,,,,,,,,,,,,,,,,,,,,,,,
stop_intent,stop_unchanged,CRWD,,210.7,,2026-08-01T09:46:30.213158+00:00,2026-08-01T09:47:10.274701+00:00,initial,13.0,-0.035,,,,,,,,,,,,,,,,,,,,,,,,,,,,,,,,,,,,,,,,,,,,,,,,
stop_intent,stop_unchanged,HON,,226.51,,2026-08-01T09:46:30.213162+00:00,2026-08-01T09:47:10.300686+00:00,initial,5.0,0.206,,,,,,,,,,,,,,,,,,,,,,,,,,,,,,,,,,,,,,,,,,,,,,,,
stop_intent,stop_unchanged,NOW,,97.86,,2026-08-01T09:46:30.213164+00:00,2026-08-01T09:47:10.326485+00:00,initial,22.0,0.011,,,,,,,,,,,,,,,,,,,,,,,,,,,,,,,,,,,,,,,,,,,,,,,,
entry_signal,skip,XLK,no_state_data,,,2026-08-01T09:47:10.203870+00:00,2026-08-01T09:47:10.352391+00:00,,,,,,,no_state_data,cross_USO_state_vol=mid_vol + state_ext=stretched_down,,,,,1h,,,,,,insample,False,False,,,,,,,,,,,,,,,,,,,,,,,,,,,,,,
state_unavailable,skip,XLK,no_completed_state,,,2026-08-01T09:47:10.208888+00:00,2026-08-01T09:47:10.421236+00:00,,,,,,,,cross_USO_state_vol=mid_vol + state_ext=stretched_down,,,,,1h,,,,,,insample,,,2026-07-30 19:30:00+00:00,175.7100067138672,{},,,,,,,,,,,,,,,,,,,,,,,,,,,
entry_signal,skip,SPY,no_state_data,,,2026-08-01T09:47:10.217541+00:00,2026-08-01T09:47:10.447586+00:00,,,,,,,no_state_data,state_session=afternoon + state_slope=downtrend,,,,,1h,,,,,,insample,False,False,,,,,,,,,,,,,,,,,,,,,,,,,,,,,,
state_unavailable,skip,SPY,no_completed_state,,,2026-08-01T09:47:10.222299+00:00,2026-08-01T09:47:10.473996+00:00,,,,,,,,state_session=afternoon + state_slope=downtrend,,,,,1h,,,,,,insample,,,2026-07-30 19:30:00+00:00,741.72998046875,{},,,,,,,,,,,,,,,,,,,,,,,,,,,
stop_intent,stop_unchanged,AEP,,123.2271,,2026-08-01T10:46:30.500645+00:00,2026-08-01T10:47:10.541636+00:00,initial,7.0,-0.117,,,,,,,,,,,,,,,,,,,,,,,,,,,,,,,,,,,,,,,,,,,,,,,,
stop_intent,stop_unchanged,ASML,,1510.2835,,2026-08-01T10:46:30.500652+00:00,2026-08-01T10:47:10.569572+00:00,initial,1.0,-0.247,,,,,,,,,,,,,,,,,,,,,,,,,,,,,,,,,,,,,,,,,,,,,,,,
stop_intent,stop_unchanged,CRWD,,210.7,,2026-08-01T10:46:30.500657+00:00,2026-08-01T10:47:10.619191+00:00,initial,13.0,-0.035,,,,,,,,,,,,,,,,,,,,,,,,,,,,,,,,,,,,,,,,,,,,,,,,
stop_intent,stop_unchanged,HON,,226.51,,2026-08-01T10:46:30.500661+00:00,2026-08-01T10:47:10.646348+00:00,initial,5.0,0.206,,,,,,,,,,,,,,,,,,,,,,,,,,,,,,,,,,,,,,,,,,,,,,,,
stop_intent,stop_unchanged,NOW,,97.86,,2026-08-01T10:46:30.500665+00:00,2026-08-01T10:47:10.673278+00:00,initial,22.0,0.011,,,,,,,,,,,,,,,,,,,,,,,,,,,,,,,,,,,,,,,,,,,,,,,,
entry_signal,skip,XLK,no_state_data,,,2026-08-01T10:47:10.522827+00:00,2026-08-01T10:47:10.699998+00:00,,,,,,,no_state_data,cross_USO_state_vol=mid_vol + state_ext=stretched_down,,,,,1h,,,,,,insample,False,False,,,,,,,,,,,,,,,,,,,,,,,,,,,,,,
state_unavailable,skip,XLK,no_completed_state,,,2026-08-01T10:47:10.527939+00:00,2026-08-01T10:47:10.727537+00:00,,,,,,,,cross_USO_state_vol=mid_vol + state_ext=stretched_down,,,,,1h,,,,,,insample,,,2026-07-30 19:30:00+00:00,175.7100067138672,{},,,,,,,,,,,,,,,,,,,,,,,,,,,
entry_signal,skip,SPY,no_state_data,,,2026-08-01T10:47:10.536827+00:00,2026-08-01T10:47:10.756103+00:00,,,,,,,no_state_data,state_session=afternoon + state_slope=downtrend,,,,,1h,,,,,,insample,False,False,,,,,,,,,,,,,,,,,,,,,,,,,,,,,,
state_unavailable,skip,SPY,no_completed_state,,,2026-08-01T10:47:10.541584+00:00,2026-08-01T10:47:10.784369+00:00,,,,,,,,state_session=afternoon + state_slope=downtrend,,,,,1h,,,,,,insample,,,2026-07-30 19:30:00+00:00,741.72998046875,{},,,,,,,,,,,,,,,,,,,,,,,,,,,
stop_intent,stop_unchanged,AEP,,123.2271,,2026-08-01T11:46:28.356192+00:00,2026-08-01T11:47:30.401284+00:00,initial,7.0,-0.117,,,,,,,,,,,,,,,,,,,,,,,,,,,,,,,,,,,,,,,,,,,,,,,,
stop_intent,stop_unchanged,ASML,,1510.2835,,2026-08-01T11:46:28.356210+00:00,2026-08-01T11:47:30.435869+00:00,initial,1.0,-0.247,,,,,,,,,,,,,,,,,,,,,,,,,,,,,,,,,,,,,,,,,,,,,,,,
stop_intent,stop_unchanged,CRWD,,210.7,,2026-08-01T11:46:28.356225+00:00,2026-08-01T11:47:30.470187+00:00,initial,13.0,-0.035,,,,,,,,,,,,,,,,,,,,,,,,,,,,,,,,,,,,,,,,,,,,,,,,
stop_intent,stop_unchanged,HON,,226.51,,2026-08-01T11:46:28.356236+00:00,2026-08-01T11:47:30.504193+00:00,initial,5.0,0.206,,,,,,,,,,,,,,,,,,,,,,,,,,,,,,,,,,,,,,,,,,,,,,,,
stop_intent,stop_unchanged,NOW,,97.86,,2026-08-01T11:46:28.356249+00:00,2026-08-01T11:47:30.538065+00:00,initial,22.0,0.011,,,,,,,,,,,,,,,,,,,,,,,,,,,,,,,,,,,,,,,,,,,,,,,,
entry_signal,skip,XLK,no_state_data,,,2026-08-01T11:47:30.376724+00:00,2026-08-01T11:47:30.572054+00:00,,,,,,,no_state_data,cross_USO_state_vol=mid_vol + state_ext=stretched_down,,,,,1h,,,,,,insample,False,False,,,,,,,,,,,,,,,,,,,,,,,,,,,,,,
state_unavailable,skip,XLK,no_completed_state,,,2026-08-01T11:47:30.383202+00:00,2026-08-01T11:47:30.606387+00:00,,,,,,,,cross_USO_state_vol=mid_vol + state_ext=stretched_down,,,,,1h,,,,,,insample,,,2026-07-30 19:30:00+00:00,175.7100067138672,{},,,,,,,,,,,,,,,,,,,,,,,,,,,
entry_signal,skip,SPY,no_state_data,,,2026-08-01T11:47:30.394571+00:00,2026-08-01T11:47:30.640756+00:00,,,,,,,no_state_data,state_session=afternoon + state_slope=downtrend,,,,,1h,,,,,,insample,False,False,,,,,,,,,,,,,,,,,,,,,,,,,,,,,,
state_unavailable,skip,SPY,no_completed_state,,,2026-08-01T11:47:30.401232+00:00,2026-08-01T11:47:30.675336+00:00,,,,,,,,state_session=afternoon + state_slope=downtrend,,,,,1h,,,,,,insample,,,2026-07-30 19:30:00+00:00,741.72998046875,{},,,,,,,,,,,,,,,,,,,,,,,,,,,
stop_intent,stop_unchanged,AEP,,123.2271,,2026-08-01T12:46:07.146778+00:00,2026-08-01T12:47:10.591978+00:00,initial,7.0,-0.117,,,,,,,,,,,,,,,,,,,,,,,,,,,,,,,,,,,,,,,,,,,,,,,,
stop_intent,stop_unchanged,ASML,,1510.2835,,2026-08-01T12:46:07.146786+00:00,2026-08-01T12:47:10.627454+00:00,initial,1.0,-0.247,,,,,,,,,,,,,,,,,,,,,,,,,,,,,,,,,,,,,,,,,,,,,,,,
stop_intent,stop_unchanged,CRWD,,210.7,,2026-08-01T12:46:07.146791+00:00,2026-08-01T12:47:10.662108+00:00,initial,13.0,-0.035,,,,,,,,,,,,,,,,,,,,,,,,,,,,,,,,,,,,,,,,,,,,,,,,
stop_intent,stop_unchanged,HON,,226.51,,2026-08-01T12:46:07.146795+00:00,2026-08-01T12:47:10.696677+00:00,initial,5.0,0.206,,,,,,,,,,,,,,,,,,,,,,,,,,,,,,,,,,,,,,,,,,,,,,,,
stop_intent,stop_unchanged,NOW,,97.86,,2026-08-01T12:46:07.146798+00:00,2026-08-01T12:47:10.731172+00:00,initial,22.0,0.011,,,,,,,,,,,,,,,,,,,,,,,,,,,,,,,,,,,,,,,,,,,,,,,,
entry_signal,skip,XLK,no_state_data,,,2026-08-01T12:47:10.567334+00:00,2026-08-01T12:47:10.766327+00:00,,,,,,,no_state_data,cross_USO_state_vol=mid_vol + state_ext=stretched_down,,,,,1h,,,,,,insample,False,False,,,,,,,,,,,,,,,,,,,,,,,,,,,,,,
state_unavailable,skip,XLK,no_completed_state,,,2026-08-01T12:47:10.573840+00:00,2026-08-01T12:47:10.802713+00:00,,,,,,,,cross_USO_state_vol=mid_vol + state_ext=stretched_down,,,,,1h,,,,,,insample,,,2026-07-30 19:30:00+00:00,175.7100067138672,{},,,,,,,,,,,,,,,,,,,,,,,,,,,
entry_signal,skip,SPY,no_state_data,,,2026-08-01T12:47:10.585464+00:00,2026-08-01T12:47:10.838804+00:00,,,,,,,no_state_data,state_session=afternoon + state_slope=downtrend,,,,,1h,,,,,,insample,False,False,,,,,,,,,,,,,,,,,,,,,,,,,,,,,,
state_unavailable,skip,SPY,no_completed_state,,,2026-08-01T12:47:10.591926+00:00,2026-08-01T12:47:10.874821+00:00,,,,,,,,state_session=afternoon + state_slope=downtrend,,,,,1h,,,,,,insample,,,2026-07-30 19:30:00+00:00,741.72998046875,{},,,,,,,,,,,,,,,,,,,,,,,,,,,
stop_intent,stop_unchanged,AEP,,123.2271,,2026-08-01T13:46:14.126048+00:00,2026-08-01T13:47:17.221381+00:00,initial,7.0,-0.117,,,,,,,,,,,,,,,,,,,,,,,,,,,,,,,,,,,,,,,,,,,,,,,,
stop_intent,stop_unchanged,ASML,,1510.2835,,2026-08-01T13:46:14.126057+00:00,2026-08-01T13:47:17.258813+00:00,initial,1.0,-0.247,,,,,,,,,,,,,,,,,,,,,,,,,,,,,,,,,,,,,,,,,,,,,,,,
stop_intent,stop_unchanged,CRWD,,210.7,,2026-08-01T13:46:14.126061+00:00,2026-08-01T13:47:17.295251+00:00,initial,13.0,-0.035,,,,,,,,,,,,,,,,,,,,,,,,,,,,,,,,,,,,,,,,,,,,,,,,
stop_intent,stop_unchanged,HON,,226.51,,2026-08-01T13:46:14.126065+00:00,2026-08-01T13:47:17.331689+00:00,initial,5.0,0.206,,,,,,,,,,,,,,,,,,,,,,,,,,,,,,,,,,,,,,,,,,,,,,,,
stop_intent,stop_unchanged,NOW,,97.86,,2026-08-01T13:46:14.126068+00:00,2026-08-01T13:47:17.367803+00:00,initial,22.0,0.011,,,,,,,,,,,,,,,,,,,,,,,,,,,,,,,,,,,,,,,,,,,,,,,,
entry_signal,skip,XLK,no_state_data,,,2026-08-01T13:47:17.196174+00:00,2026-08-01T13:47:17.403928+00:00,,,,,,,no_state_data,cross_USO_state_vol=mid_vol + state_ext=stretched_down,,,,,1h,,,,,,insample,False,False,,,,,,,,,,,,,,,,,,,,,,,,,,,,,,
state_unavailable,skip,XLK,no_completed_state,,,2026-08-01T13:47:17.202975+00:00,2026-08-01T13:47:17.440752+00:00,,,,,,,,cross_USO_state_vol=mid_vol + state_ext=stretched_down,,,,,1h,,,,,,insample,,,2026-07-30 19:30:00+00:00,175.7100067138672,{},,,,,,,,,,,,,,,,,,,,,,,,,,,
entry_signal,skip,SPY,no_state_data,,,2026-08-01T13:47:17.214874+00:00,2026-08-01T13:47:17.478048+00:00,,,,,,,no_state_data,state_session=afternoon + state_slope=downtrend,,,,,1h,,,,,,insample,False,False,,,,,,,,,,,,,,,,,,,,,,,,,,,,,,
state_unavailable,skip,SPY,no_completed_state,,,2026-08-01T13:47:17.221325+00:00,2026-08-01T13:47:17.514892+00:00,,,,,,,,state_session=afternoon + state_slope=downtrend,,,,,1h,,,,,,insample,,,2026-07-30 19:30:00+00:00,741.72998046875,{},,,,,,,,,,,,,,,,,,,,,,,,,,,
stop_intent,stop_unchanged,AEP,,123.2271,,2026-08-01T14:46:26.435602+00:00,2026-08-01T14:47:09.881094+00:00,initial,7.0,-0.117,,,,,,,,,,,,,,,,,,,,,,,,,,,,,,,,,,,,,,,,,,,,,,,,
stop_intent,stop_unchanged,ASML,,1510.2835,,2026-08-01T14:46:26.435610+00:00,2026-08-01T14:47:09.913863+00:00,initial,1.0,-0.247,,,,,,,,,,,,,,,,,,,,,,,,,,,,,,,,,,,,,,,,,,,,,,,,
stop_intent,stop_unchanged,CRWD,,210.7,,2026-08-01T14:46:26.435615+00:00,2026-08-01T14:47:09.946506+00:00,initial,13.0,-0.035,,,,,,,,,,,,,,,,,,,,,,,,,,,,,,,,,,,,,,,,,,,,,,,,
stop_intent,stop_unchanged,HON,,226.51,,2026-08-01T14:46:26.435620+00:00,2026-08-01T14:47:09.979394+00:00,initial,5.0,0.206,,,,,,,,,,,,,,,,,,,,,,,,,,,,,,,,,,,,,,,,,,,,,,,,
stop_intent,stop_unchanged,NOW,,97.86,,2026-08-01T14:46:26.435624+00:00,2026-08-01T14:47:10.012191+00:00,initial,22.0,0.011,,,,,,,,,,,,,,,,,,,,,,,,,,,,,,,,,,,,,,,,,,,,,,,,
entry_signal,skip,XLK,no_state_data,,,2026-08-01T14:47:09.857335+00:00,2026-08-01T14:47:10.045067+00:00,,,,,,,no_state_data,cross_USO_state_vol=mid_vol + state_ext=stretched_down,,,,,1h,,,,,,insample,False,False,,,,,,,,,,,,,,,,,,,,,,,,,,,,,,
state_unavailable,skip,XLK,no_completed_state,,,2026-08-01T14:47:09.863715+00:00,2026-08-01T14:47:10.078343+00:00,,,,,,,,cross_USO_state_vol=mid_vol + state_ext=stretched_down,,,,,1h,,,,,,insample,,,2026-07-30 19:30:00+00:00,175.7100067138672,{},,,,,,,,,,,,,,,,,,,,,,,,,,,
entry_signal,skip,SPY,no_state_data,,,2026-08-01T14:47:09.875151+00:00,2026-08-01T14:47:10.111690+00:00,,,,,,,no_state_data,state_session=afternoon + state_slope=downtrend,,,,,1h,,,,,,insample,False,False,,,,,,,,,,,,,,,,,,,,,,,,,,,,,,
state_unavailable,skip,SPY,no_completed_state,,,2026-08-01T14:47:09.881034+00:00,2026-08-01T14:47:10.144813+00:00,,,,,,,,state_session=afternoon + state_slope=downtrend,,,,,1h,,,,,,insample,,,2026-07-30 19:30:00+00:00,741.72998046875,{},,,,,,,,,,,,,,,,,,,,,,,,,,,
stop_intent,stop_unchanged,AEP,,123.2271,,2026-08-01T15:46:04.835374+00:00,2026-08-01T15:46:56.516661+00:00,initial,7.0,-0.117,,,,,,,,,,,,,,,,,,,,,,,,,,,,,,,,,,,,,,,,,,,,,,,,
stop_intent,stop_unchanged,ASML,,1510.2835,,2026-08-01T15:46:04.835383+00:00,2026-08-01T15:46:56.553249+00:00,initial,1.0,-0.247,,,,,,,,,,,,,,,,,,,,,,,,,,,,,,,,,,,,,,,,,,,,,,,,
stop_intent,stop_unchanged,CRWD,,210.7,,2026-08-01T15:46:04.835388+00:00,2026-08-01T15:46:56.589356+00:00,initial,13.0,-0.035,,,,,,,,,,,,,,,,,,,,,,,,,,,,,,,,,,,,,,,,,,,,,,,,
stop_intent,stop_unchanged,HON,,226.51,,2026-08-01T15:46:04.835392+00:00,2026-08-01T15:46:56.625492+00:00,initial,5.0,0.206,,,,,,,,,,,,,,,,,,,,,,,,,,,,,,,,,,,,,,,,,,,,,,,,
stop_intent,stop_unchanged,NOW,,97.86,,2026-08-01T15:46:04.835395+00:00,2026-08-01T15:46:56.661720+00:00,initial,22.0,0.011,,,,,,,,,,,,,,,,,,,,,,,,,,,,,,,,,,,,,,,,,,,,,,,,
entry_signal,skip,XLK,no_state_data,,,2026-08-01T15:46:56.491916+00:00,2026-08-01T15:46:56.698902+00:00,,,,,,,no_state_data,cross_USO_state_vol=mid_vol + state_ext=stretched_down,,,,,1h,,,,,,insample,False,False,,,,,,,,,,,,,,,,,,,,,,,,,,,,,,
state_unavailable,skip,XLK,no_completed_state,,,2026-08-01T15:46:56.498735+00:00,2026-08-01T15:46:56.735934+00:00,,,,,,,,cross_USO_state_vol=mid_vol + state_ext=stretched_down,,,,,1h,,,,,,insample,,,2026-07-30 19:30:00+00:00,175.7100067138672,{},,,,,,,,,,,,,,,,,,,,,,,,,,,
entry_signal,skip,SPY,no_state_data,,,2026-08-01T15:46:56.510364+00:00,2026-08-01T15:46:56.772681+00:00,,,,,,,no_state_data,state_session=afternoon + state_slope=downtrend,,,,,1h,,,,,,insample,False,False,,,,,,,,,,,,,,,,,,,,,,,,,,,,,,
state_unavailable,skip,SPY,no_completed_state,,,2026-08-01T15:46:56.516605+00:00,2026-08-01T15:46:56.809187+00:00,,,,,,,,state_session=afternoon + state_slope=downtrend,,,,,1h,,,,,,insample,,,2026-07-30 19:30:00+00:00,741.72998046875,{},,,,,,,,,,,,,,,,,,,,,,,,,,,
stop_intent,stop_unchanged,AEP,,123.2271,,2026-08-01T16:46:34.399161+00:00,2026-08-01T16:47:38.766214+00:00,initial,7.0,-0.117,,,,,,,,,,,,,,,,,,,,,,,,,,,,,,,,,,,,,,,,,,,,,,,,
stop_intent,stop_unchanged,ASML,,1510.2835,,2026-08-01T16:46:34.399168+00:00,2026-08-01T16:47:38.802673+00:00,initial,1.0,-0.247,,,,,,,,,,,,,,,,,,,,,,,,,,,,,,,,,,,,,,,,,,,,,,,,
stop_intent,stop_unchanged,CRWD,,210.7,,2026-08-01T16:46:34.399195+00:00,2026-08-01T16:47:38.838230+00:00,initial,13.0,-0.035,,,,,,,,,,,,,,,,,,,,,,,,,,,,,,,,,,,,,,,,,,,,,,,,
stop_intent,stop_unchanged,HON,,226.51,,2026-08-01T16:46:34.399199+00:00,2026-08-01T16:47:38.874470+00:00,initial,5.0,0.206,,,,,,,,,,,,,,,,,,,,,,,,,,,,,,,,,,,,,,,,,,,,,,,,
stop_intent,stop_unchanged,NOW,,97.86,,2026-08-01T16:46:34.399203+00:00,2026-08-01T16:47:38.910704+00:00,initial,22.0,0.011,,,,,,,,,,,,,,,,,,,,,,,,,,,,,,,,,,,,,,,,,,,,,,,,
entry_signal,skip,XLK,no_state_data,,,2026-08-01T16:47:38.741237+00:00,2026-08-01T16:47:38.946990+00:00,,,,,,,no_state_data,cross_USO_state_vol=mid_vol + state_ext=stretched_down,,,,,1h,,,,,,insample,False,False,,,,,,,,,,,,,,,,,,,,,,,,,,,,,,
state_unavailable,skip,XLK,no_completed_state,,,2026-08-01T16:47:38.747798+00:00,2026-08-01T16:47:38.983200+00:00,,,,,,,,cross_USO_state_vol=mid_vol + state_ext=stretched_down,,,,,1h,,,,,,insample,,,2026-07-30 19:30:00+00:00,175.7100067138672,{},,,,,,,,,,,,,,,,,,,,,,,,,,,
entry_signal,skip,SPY,no_state_data,,,2026-08-01T16:47:38.759721+00:00,2026-08-01T16:47:39.019945+00:00,,,,,,,no_state_data,state_session=afternoon + state_slope=downtrend,,,,,1h,,,,,,insample,False,False,,,,,,,,,,,,,,,,,,,,,,,,,,,,,,
state_unavailable,skip,SPY,no_completed_state,,,2026-08-01T16:47:38.766136+00:00,2026-08-01T16:47:39.056976+00:00,,,,,,,,state_session=afternoon + state_slope=downtrend,,,,,1h,,,,,,insample,,,2026-07-30 19:30:00+00:00,741.72998046875,{},,,,,,,,,,,,,,,,,,,,,,,,,,,
stop_intent,stop_unchanged,AEP,,123.2271,,2026-08-01T17:46:31.430445+00:00,2026-08-01T17:47:36.129373+00:00,initial,7.0,-0.117,,,,,,,,,,,,,,,,,,,,,,,,,,,,,,,,,,,,,,,,,,,,,,,,
stop_intent,stop_unchanged,ASML,,1510.2835,,2026-08-01T17:46:31.430453+00:00,2026-08-01T17:47:36.166665+00:00,initial,1.0,-0.247,,,,,,,,,,,,,,,,,,,,,,,,,,,,,,,,,,,,,,,,,,,,,,,,
stop_intent,stop_unchanged,CRWD,,210.7,,2026-08-01T17:46:31.430458+00:00,2026-08-01T17:47:36.202689+00:00,initial,13.0,-0.035,,,,,,,,,,,,,,,,,,,,,,,,,,,,,,,,,,,,,,,,,,,,,,,,
stop_intent,stop_unchanged,HON,,226.51,,2026-08-01T17:46:31.430462+00:00,2026-08-01T17:47:36.238360+00:00,initial,5.0,0.206,,,,,,,,,,,,,,,,,,,,,,,,,,,,,,,,,,,,,,,,,,,,,,,,
stop_intent,stop_unchanged,NOW,,97.86,,2026-08-01T17:46:31.430465+00:00,2026-08-01T17:47:36.273781+00:00,initial,22.0,0.011,,,,,,,,,,,,,,,,,,,,,,,,,,,,,,,,,,,,,,,,,,,,,,,,
entry_signal,skip,XLK,no_state_data,,,2026-08-01T17:47:36.104254+00:00,2026-08-01T17:47:36.310445+00:00,,,,,,,no_state_data,cross_USO_state_vol=mid_vol + state_ext=stretched_down,,,,,1h,,,,,,insample,False,False,,,,,,,,,,,,,,,,,,,,,,,,,,,,,,
state_unavailable,skip,XLK,no_completed_state,,,2026-08-01T17:47:36.110841+00:00,2026-08-01T17:47:36.347696+00:00,,,,,,,,cross_USO_state_vol=mid_vol + state_ext=stretched_down,,,,,1h,,,,,,insample,,,2026-07-30 19:30:00+00:00,175.7100067138672,{},,,,,,,,,,,,,,,,,,,,,,,,,,,
entry_signal,skip,SPY,no_state_data,,,2026-08-01T17:47:36.122581+00:00,2026-08-01T17:47:36.384440+00:00,,,,,,,no_state_data,state_session=afternoon + state_slope=downtrend,,,,,1h,,,,,,insample,False,False,,,,,,,,,,,,,,,,,,,,,,,,,,,,,,
state_unavailable,skip,SPY,no_completed_state,,,2026-08-01T17:47:36.129318+00:00,2026-08-01T17:47:36.421453+00:00,,,,,,,,state_session=afternoon + state_slope=downtrend,,,,,1h,,,,,,insample,,,2026-07-30 19:30:00+00:00,741.72998046875,{},,,,,,,,,,,,,,,,,,,,,,,,,,,
stop_intent,stop_unchanged,AEP,,123.2271,,2026-08-01T18:46:15.389997+00:00,2026-08-01T18:46:42.626583+00:00,initial,7.0,-0.117,,,,,,,,,,,,,,,,,,,,,,,,,,,,,,,,,,,,,,,,,,,,,,,,
stop_intent,stop_unchanged,ASML,,1510.2835,,2026-08-01T18:46:15.390002+00:00,2026-08-01T18:46:42.647378+00:00,initial,1.0,-0.247,,,,,,,,,,,,,,,,,,,,,,,,,,,,,,,,,,,,,,,,,,,,,,,,
stop_intent,stop_unchanged,CRWD,,210.7,,2026-08-01T18:46:15.390005+00:00,2026-08-01T18:46:42.666883+00:00,initial,13.0,-0.035,,,,,,,,,,,,,,,,,,,,,,,,,,,,,,,,,,,,,,,,,,,,,,,,
stop_intent,stop_unchanged,HON,,226.51,,2026-08-01T18:46:15.390008+00:00,2026-08-01T18:46:42.686446+00:00,initial,5.0,0.206,,,,,,,,,,,,,,,,,,,,,,,,,,,,,,,,,,,,,,,,,,,,,,,,
stop_intent,stop_unchanged,NOW,,97.86,,2026-08-01T18:46:15.390010+00:00,2026-08-01T18:46:42.705817+00:00,initial,22.0,0.011,,,,,,,,,,,,,,,,,,,,,,,,,,,,,,,,,,,,,,,,,,,,,,,,
entry_signal,skip,XLK,no_state_data,,,2026-08-01T18:46:42.611284+00:00,2026-08-01T18:46:42.725063+00:00,,,,,,,no_state_data,cross_USO_state_vol=mid_vol + state_ext=stretched_down,,,,,1h,,,,,,insample,False,False,,,,,,,,,,,,,,,,,,,,,,,,,,,,,,
state_unavailable,skip,XLK,no_completed_state,,,2026-08-01T18:46:42.615530+00:00,2026-08-01T18:46:42.744631+00:00,,,,,,,,cross_USO_state_vol=mid_vol + state_ext=stretched_down,,,,,1h,,,,,,insample,,,2026-07-30 19:30:00+00:00,175.7100067138672,{},,,,,,,,,,,,,,,,,,,,,,,,,,,
entry_signal,skip,SPY,no_state_data,,,2026-08-01T18:46:42.622692+00:00,2026-08-01T18:46:42.764245+00:00,,,,,,,no_state_data,state_session=afternoon + state_slope=downtrend,,,,,1h,,,,,,insample,False,False,,,,,,,,,,,,,,,,,,,,,,,,,,,,,,
state_unavailable,skip,SPY,no_completed_state,,,2026-08-01T18:46:42.626535+00:00,2026-08-01T18:46:42.786558+00:00,,,,,,,,state_session=afternoon + state_slope=downtrend,,,,,1h,,,,,,insample,,,2026-07-30 19:30:00+00:00,741.72998046875,{},,,,,,,,,,,,,,,,,,,,,,,,,,,
stop_intent,stop_unchanged,AEP,,123.2271,,2026-08-01T19:46:09.019695+00:00,2026-08-01T19:47:13.321952+00:00,initial,7.0,-0.117,,,,,,,,,,,,,,,,,,,,,,,,,,,,,,,,,,,,,,,,,,,,,,,,
stop_intent,stop_unchanged,ASML,,1510.2835,,2026-08-01T19:46:09.019702+00:00,2026-08-01T19:47:13.361321+00:00,initial,1.0,-0.247,,,,,,,,,,,,,,,,,,,,,,,,,,,,,,,,,,,,,,,,,,,,,,,,
stop_intent,stop_unchanged,CRWD,,210.7,,2026-08-01T19:46:09.019707+00:00,2026-08-01T19:47:13.399959+00:00,initial,13.0,-0.035,,,,,,,,,,,,,,,,,,,,,,,,,,,,,,,,,,,,,,,,,,,,,,,,
stop_intent,stop_unchanged,HON,,226.51,,2026-08-01T19:46:09.019711+00:00,2026-08-01T19:47:13.439543+00:00,initial,5.0,0.206,,,,,,,,,,,,,,,,,,,,,,,,,,,,,,,,,,,,,,,,,,,,,,,,
stop_intent,stop_unchanged,NOW,,97.86,,2026-08-01T19:46:09.019714+00:00,2026-08-01T19:47:13.478460+00:00,initial,22.0,0.011,,,,,,,,,,,,,,,,,,,,,,,,,,,,,,,,,,,,,,,,,,,,,,,,
entry_signal,skip,XLK,no_state_data,,,2026-08-01T19:47:13.293791+00:00,2026-08-01T19:47:13.517333+00:00,,,,,,,no_state_data,cross_USO_state_vol=mid_vol + state_ext=stretched_down,,,,,1h,,,,,,insample,False,False,,,,,,,,,,,,,,,,,,,,,,,,,,,,,,
state_unavailable,skip,XLK,no_completed_state,,,2026-08-01T19:47:13.301323+00:00,2026-08-01T19:47:13.556069+00:00,,,,,,,,cross_USO_state_vol=mid_vol + state_ext=stretched_down,,,,,1h,,,,,,insample,,,2026-07-30 19:30:00+00:00,175.7100067138672,{},,,,,,,,,,,,,,,,,,,,,,,,,,,
entry_signal,skip,SPY,no_state_data,,,2026-08-01T19:47:13.314522+00:00,2026-08-01T19:47:13.594790+00:00,,,,,,,no_state_data,state_session=afternoon + state_slope=downtrend,,,,,1h,,,,,,insample,False,False,,,,,,,,,,,,,,,,,,,,,,,,,,,,,,
state_unavailable,skip,SPY,no_completed_state,,,2026-08-01T19:47:13.321890+00:00,2026-08-01T19:47:13.632426+00:00,,,,,,,,state_session=afternoon + state_slope=downtrend,,,,,1h,,,,,,insample,,,2026-07-30 19:30:00+00:00,741.72998046875,{},,,,,,,,,,,,,,,,,,,,,,,,,,,
stop_intent,stop_unchanged,AEP,,123.2271,,2026-08-01T20:46:30.839433+00:00,2026-08-01T20:47:35.448813+00:00,initial,7.0,-0.117,,,,,,,,,,,,,,,,,,,,,,,,,,,,,,,,,,,,,,,,,,,,,,,,
stop_intent,stop_unchanged,ASML,,1510.2835,,2026-08-01T20:46:30.839440+00:00,2026-08-01T20:47:35.486032+00:00,initial,1.0,-0.247,,,,,,,,,,,,,,,,,,,,,,,,,,,,,,,,,,,,,,,,,,,,,,,,
stop_intent,stop_unchanged,CRWD,,210.7,,2026-08-01T20:46:30.839445+00:00,2026-08-01T20:47:35.522839+00:00,initial,13.0,-0.035,,,,,,,,,,,,,,,,,,,,,,,,,,,,,,,,,,,,,,,,,,,,,,,,
stop_intent,stop_unchanged,HON,,226.51,,2026-08-01T20:46:30.839448+00:00,2026-08-01T20:47:35.559397+00:00,initial,5.0,0.206,,,,,,,,,,,,,,,,,,,,,,,,,,,,,,,,,,,,,,,,,,,,,,,,
stop_intent,stop_unchanged,NOW,,97.86,,2026-08-01T20:46:30.839452+00:00,2026-08-01T20:47:35.595603+00:00,initial,22.0,0.011,,,,,,,,,,,,,,,,,,,,,,,,,,,,,,,,,,,,,,,,,,,,,,,,
entry_signal,skip,XLK,no_state_data,,,2026-08-01T20:47:35.423739+00:00,2026-08-01T20:47:35.632040+00:00,,,,,,,no_state_data,cross_USO_state_vol=mid_vol + state_ext=stretched_down,,,,,1h,,,,,,insample,False,False,,,,,,,,,,,,,,,,,,,,,,,,,,,,,,
state_unavailable,skip,XLK,no_completed_state,,,2026-08-01T20:47:35.430389+00:00,2026-08-01T20:47:35.669232+00:00,,,,,,,,cross_USO_state_vol=mid_vol + state_ext=stretched_down,,,,,1h,,,,,,insample,,,2026-07-30 19:30:00+00:00,175.7100067138672,{},,,,,,,,,,,,,,,,,,,,,,,,,,,
entry_signal,skip,SPY,no_state_data,,,2026-08-01T20:47:35.442141+00:00,2026-08-01T20:47:35.706808+00:00,,,,,,,no_state_data,state_session=afternoon + state_slope=downtrend,,,,,1h,,,,,,insample,False,False,,,,,,,,,,,,,,,,,,,,,,,,,,,,,,
state_unavailable,skip,SPY,no_completed_state,,,2026-08-01T20:47:35.448761+00:00,2026-08-01T20:47:35.744375+00:00,,,,,,,,state_session=afternoon + state_slope=downtrend,,,,,1h,,,,,,insample,,,2026-07-30 19:30:00+00:00,741.72998046875,{},,,,,,,,,,,,,,,,,,,,,,,,,,,
stop_intent,stop_unchanged,AEP,,123.2271,,2026-08-01T21:46:15.224666+00:00,2026-08-01T21:46:42.161472+00:00,initial,7.0,-0.117,,,,,,,,,,,,,,,,,,,,,,,,,,,,,,,,,,,,,,,,,,,,,,,,
stop_intent,stop_unchanged,ASML,,1510.2835,,2026-08-01T21:46:15.224673+00:00,2026-08-01T21:46:42.182219+00:00,initial,1.0,-0.247,,,,,,,,,,,,,,,,,,,,,,,,,,,,,,,,,,,,,,,,,,,,,,,,
stop_intent,stop_unchanged,CRWD,,210.7,,2026-08-01T21:46:15.224677+00:00,2026-08-01T21:46:42.201926+00:00,initial,13.0,-0.035,,,,,,,,,,,,,,,,,,,,,,,,,,,,,,,,,,,,,,,,,,,,,,,,
stop_intent,stop_unchanged,HON,,226.51,,2026-08-01T21:46:15.224680+00:00,2026-08-01T21:46:42.221882+00:00,initial,5.0,0.206,,,,,,,,,,,,,,,,,,,,,,,,,,,,,,,,,,,,,,,,,,,,,,,,
stop_intent,stop_unchanged,NOW,,97.86,,2026-08-01T21:46:15.224683+00:00,2026-08-01T21:46:42.241844+00:00,initial,22.0,0.011,,,,,,,,,,,,,,,,,,,,,,,,,,,,,,,,,,,,,,,,,,,,,,,,
entry_signal,skip,XLK,no_state_data,,,2026-08-01T21:46:42.146090+00:00,2026-08-01T21:46:42.262065+00:00,,,,,,,no_state_data,cross_USO_state_vol=mid_vol + state_ext=stretched_down,,,,,1h,,,,,,insample,False,False,,,,,,,,,,,,,,,,,,,,,,,,,,,,,,
state_unavailable,skip,XLK,no_completed_state,,,2026-08-01T21:46:42.150171+00:00,2026-08-01T21:46:42.282579+00:00,,,,,,,,cross_USO_state_vol=mid_vol + state_ext=stretched_down,,,,,1h,,,,,,insample,,,2026-07-30 19:30:00+00:00,175.7100067138672,{},,,,,,,,,,,,,,,,,,,,,,,,,,,
entry_signal,skip,SPY,no_state_data,,,2026-08-01T21:46:42.157422+00:00,2026-08-01T21:46:42.303482+00:00,,,,,,,no_state_data,state_session=afternoon + state_slope=downtrend,,,,,1h,,,,,,insample,False,False,,,,,,,,,,,,,,,,,,,,,,,,,,,,,,
state_unavailable,skip,SPY,no_completed_state,,,2026-08-01T21:46:42.161422+00:00,2026-08-01T21:46:42.323490+00:00,,,,,,,,state_session=afternoon + state_slope=downtrend,,,,,1h,,,,,,insample,,,2026-07-30 19:30:00+00:00,741.72998046875,{},,,,,,,,,,,,,,,,,,,,,,,,,,,
stop_intent,stop_unchanged,AEP,,123.2271,,2026-08-01T23:26:48.369297+00:00,2026-08-01T23:27:46.829127+00:00,initial,7.0,-0.117,,,,,,,,,,,,,,,,,,,,,,,,,,,,,,,,,,,,,,,,,,,,,,,,
stop_intent,stop_unchanged,ASML,,1510.2835,,2026-08-01T23:26:48.369309+00:00,2026-08-01T23:27:46.865760+00:00,initial,1.0,-0.247,,,,,,,,,,,,,,,,,,,,,,,,,,,,,,,,,,,,,,,,,,,,,,,,
stop_intent,stop_unchanged,CRWD,,210.7,,2026-08-01T23:26:48.369317+00:00,2026-08-01T23:27:46.902322+00:00,initial,13.0,-0.035,,,,,,,,,,,,,,,,,,,,,,,,,,,,,,,,,,,,,,,,,,,,,,,,
stop_intent,stop_unchanged,HON,,226.51,,2026-08-01T23:26:48.369323+00:00,2026-08-01T23:27:46.938872+00:00,initial,5.0,0.206,,,,,,,,,,,,,,,,,,,,,,,,,,,,,,,,,,,,,,,,,,,,,,,,
stop_intent,stop_unchanged,NOW,,97.86,,2026-08-01T23:26:48.369329+00:00,2026-08-01T23:27:46.974639+00:00,initial,22.0,0.011,,,,,,,,,,,,,,,,,,,,,,,,,,,,,,,,,,,,,,,,,,,,,,,,
entry_signal,skip,XLK,no_state_data,,,2026-08-01T23:27:46.801035+00:00,2026-08-01T23:27:47.010582+00:00,,,,,,,no_state_data,cross_USO_state_vol=mid_vol + state_ext=stretched_down,,,,,1h,,,,,,insample,False,False,,,,,,,,,,,,,,,,,,,,,,,,,,,,,,
state_unavailable,skip,XLK,no_completed_state,,,2026-08-01T23:27:46.808720+00:00,2026-08-01T23:27:47.046724+00:00,,,,,,,,cross_USO_state_vol=mid_vol + state_ext=stretched_down,,,,,1h,,,,,,insample,,,2026-07-31 19:30:00+00:00,175.27999877929688,{},,,,,,,,,,,,,,,,,,,,,,,,,,,
entry_signal,skip,SPY,no_state_data,,,2026-08-01T23:27:46.821588+00:00,2026-08-01T23:27:47.083272+00:00,,,,,,,no_state_data,state_session=afternoon + state_slope=downtrend,,,,,1h,,,,,,insample,False,False,,,,,,,,,,,,,,,,,,,,,,,,,,,,,,
state_unavailable,skip,SPY,no_completed_state,,,2026-08-01T23:27:46.829070+00:00,2026-08-01T23:27:47.120700+00:00,,,,,,,,state_session=afternoon + state_slope=downtrend,,,,,1h,,,,,,insample,,,2026-07-31 19:30:00+00:00,746.8099975585938,{},,,,,,,,,,,,,,,,,,,,,,,,,,,
stop_intent,stop_unchanged,AEP,,123.2271,,2026-08-01T23:50:48.343761+00:00,2026-08-01T23:51:51.821099+00:00,initial,7.0,-0.117,,,,,,,,,,,,,,,,,,,,,,,,,,,,,,,,,,,,,,,,,,,,,,,,
stop_intent,stop_unchanged,ASML,,1510.2835,,2026-08-01T23:50:48.343768+00:00,2026-08-01T23:51:51.858139+00:00,initial,1.0,-0.247,,,,,,,,,,,,,,,,,,,,,,,,,,,,,,,,,,,,,,,,,,,,,,,,
stop_intent,stop_unchanged,CRWD,,210.7,,2026-08-01T23:50:48.343773+00:00,2026-08-01T23:51:51.894190+00:00,initial,13.0,-0.035,,,,,,,,,,,,,,,,,,,,,,,,,,,,,,,,,,,,,,,,,,,,,,,,
stop_intent,stop_unchanged,HON,,226.51,,2026-08-01T23:50:48.343777+00:00,2026-08-01T23:51:51.930429+00:00,initial,5.0,0.206,,,,,,,,,,,,,,,,,,,,,,,,,,,,,,,,,,,,,,,,,,,,,,,,
stop_intent,stop_unchanged,NOW,,97.86,,2026-08-01T23:50:48.343780+00:00,2026-08-01T23:51:51.966483+00:00,initial,22.0,0.011,,,,,,,,,,,,,,,,,,,,,,,,,,,,,,,,,,,,,,,,,,,,,,,,
entry_signal,skip,XLK,no_state_data,,,2026-08-01T23:51:51.796141+00:00,2026-08-01T23:51:52.002519+00:00,,,,,,,no_state_data,cross_USO_state_vol=mid_vol + state_ext=stretched_down,,,,,1h,,,,,,insample,False,False,,,,,,,,,,,,,,,,,,,,,,,,,,,,,,
state_unavailable,skip,XLK,no_completed_state,,,2026-08-01T23:51:51.802953+00:00,2026-08-01T23:51:52.039141+00:00,,,,,,,,cross_USO_state_vol=mid_vol + state_ext=stretched_down,,,,,1h,,,,,,insample,,,2026-07-31 19:30:00+00:00,175.27999877929688,{},,,,,,,,,,,,,,,,,,,,,,,,,,,
entry_signal,skip,SPY,no_state_data,,,2026-08-01T23:51:51.814542+00:00,2026-08-01T23:51:52.076101+00:00,,,,,,,no_state_data,state_session=afternoon + state_slope=downtrend,,,,,1h,,,,,,insample,False,False,,,,,,,,,,,,,,,,,,,,,,,,,,,,,,
state_unavailable,skip,SPY,no_completed_state,,,2026-08-01T23:51:51.821049+00:00,2026-08-01T23:51:52.114023+00:00,,,,,,,,state_session=afternoon + state_slope=downtrend,,,,,1h,,,,,,insample,,,2026-07-31 19:30:00+00:00,746.8099975585938,{},,,,,,,,,,,,,,,,,,,,,,,,,,,
stop_intent,stop_unchanged,AEP,,123.2271,,2026-08-02T00:47:04.146217+00:00,2026-08-02T00:48:13.188198+00:00,initial,7.0,-0.117,,,,,,,,,,,,,,,,,,,,,,,,,,,,,,,,,,,,,,,,,,,,,,,,
stop_intent,stop_unchanged,ASML,,1510.2835,,2026-08-02T00:47:04.146225+00:00,2026-08-02T00:48:13.238876+00:00,initial,1.0,-0.247,,,,,,,,,,,,,,,,,,,,,,,,,,,,,,,,,,,,,,,,,,,,,,,,
stop_intent,stop_unchanged,CRWD,,210.7,,2026-08-02T00:47:04.146230+00:00,2026-08-02T00:48:13.285113+00:00,initial,13.0,-0.035,,,,,,,,,,,,,,,,,,,,,,,,,,,,,,,,,,,,,,,,,,,,,,,,
stop_intent,stop_unchanged,HON,,226.51,,2026-08-02T00:47:04.146234+00:00,2026-08-02T00:48:13.331354+00:00,initial,5.0,0.206,,,,,,,,,,,,,,,,,,,,,,,,,,,,,,,,,,,,,,,,,,,,,,,,
stop_intent,stop_unchanged,NOW,,97.86,,2026-08-02T00:47:04.146237+00:00,2026-08-02T00:48:13.376430+00:00,initial,22.0,0.011,,,,,,,,,,,,,,,,,,,,,,,,,,,,,,,,,,,,,,,,,,,,,,,,
entry_signal,skip,XLK,no_state_data,,,2026-08-02T00:48:13.152762+00:00,2026-08-02T00:48:13.422734+00:00,,,,,,,no_state_data,cross_USO_state_vol=mid_vol + state_ext=stretched_down,,,,,1h,,,,,,insample,False,False,,,,,,,,,,,,,,,,,,,,,,,,,,,,,,
state_unavailable,skip,XLK,no_completed_state,,,2026-08-02T00:48:13.162814+00:00,2026-08-02T00:48:13.469509+00:00,,,,,,,,cross_USO_state_vol=mid_vol + state_ext=stretched_down,,,,,1h,,,,,,insample,,,2026-07-31 19:30:00+00:00,175.27999877929688,{},,,,,,,,,,,,,,,,,,,,,,,,,,,
entry_signal,skip,SPY,no_state_data,,,2026-08-02T00:48:13.178894+00:00,2026-08-02T00:48:13.515511+00:00,,,,,,,no_state_data,state_session=afternoon + state_slope=downtrend,,,,,1h,,,,,,insample,False,False,,,,,,,,,,,,,,,,,,,,,,,,,,,,,,
state_unavailable,skip,SPY,no_completed_state,,,2026-08-02T00:48:13.188127+00:00,2026-08-02T00:48:13.562418+00:00,,,,,,,,state_session=afternoon + state_slope=downtrend,,,,,1h,,,,,,insample,,,2026-07-31 19:30:00+00:00,746.8099975585938,{},,,,,,,,,,,,,,,,,,,,,,,,,,,
stop_intent,stop_unchanged,AEP,,123.2271,,2026-08-02T01:46:33.673371+00:00,2026-08-02T01:47:27.591318+00:00,initial,7.0,-0.117,,,,,,,,,,,,,,,,,,,,,,,,,,,,,,,,,,,,,,,,,,,,,,,,
stop_intent,stop_unchanged,ASML,,1510.2835,,2026-08-02T01:46:33.673380+00:00,2026-08-02T01:47:27.631662+00:00,initial,1.0,-0.247,,,,,,,,,,,,,,,,,,,,,,,,,,,,,,,,,,,,,,,,,,,,,,,,
stop_intent,stop_unchanged,CRWD,,210.7,,2026-08-02T01:46:33.673386+00:00,2026-08-02T01:47:27.671299+00:00,initial,13.0,-0.035,,,,,,,,,,,,,,,,,,,,,,,,,,,,,,,,,,,,,,,,,,,,,,,,
stop_intent,stop_unchanged,HON,,226.51,,2026-08-02T01:46:33.673392+00:00,2026-08-02T01:47:27.710922+00:00,initial,5.0,0.206,,,,,,,,,,,,,,,,,,,,,,,,,,,,,,,,,,,,,,,,,,,,,,,,
stop_intent,stop_unchanged,NOW,,97.86,,2026-08-02T01:46:33.673397+00:00,2026-08-02T01:47:27.750616+00:00,initial,22.0,0.011,,,,,,,,,,,,,,,,,,,,,,,,,,,,,,,,,,,,,,,,,,,,,,,,
entry_signal,skip,XLK,no_state_data,,,2026-08-02T01:47:27.563382+00:00,2026-08-02T01:47:27.790192+00:00,,,,,,,no_state_data,cross_USO_state_vol=mid_vol + state_ext=stretched_down,,,,,1h,,,,,,insample,False,False,,,,,,,,,,,,,,,,,,,,,,,,,,,,,,
state_unavailable,skip,XLK,no_completed_state,,,2026-08-02T01:47:27.571066+00:00,2026-08-02T01:47:27.831167+00:00,,,,,,,,cross_USO_state_vol=mid_vol + state_ext=stretched_down,,,,,1h,,,,,,insample,,,2026-07-31 19:30:00+00:00,175.27999877929688,{},,,,,,,,,,,,,,,,,,,,,,,,,,,
entry_signal,skip,SPY,no_state_data,,,2026-08-02T01:47:27.584167+00:00,2026-08-02T01:47:27.871299+00:00,,,,,,,no_state_data,state_session=afternoon + state_slope=downtrend,,,,,1h,,,,,,insample,False,False,,,,,,,,,,,,,,,,,,,,,,,,,,,,,,
state_unavailable,skip,SPY,no_completed_state,,,2026-08-02T01:47:27.591256+00:00,2026-08-02T01:47:27.911953+00:00,,,,,,,,state_session=afternoon + state_slope=downtrend,,,,,1h,,,,,,insample,,,2026-07-31 19:30:00+00:00,746.8099975585938,{},,,,,,,,,,,,,,,,,,,,,,,,,,,
stop_intent,stop_unchanged,AEP,,123.2271,,2026-08-02T02:46:22.716750+00:00,2026-08-02T02:47:25.414487+00:00,initial,7.0,-0.117,,,,,,,,,,,,,,,,,,,,,,,,,,,,,,,,,,,,,,,,,,,,,,,,
stop_intent,stop_unchanged,ASML,,1510.2835,,2026-08-02T02:46:22.716760+00:00,2026-08-02T02:47:25.453097+00:00,initial,1.0,-0.247,,,,,,,,,,,,,,,,,,,,,,,,,,,,,,,,,,,,,,,,,,,,,,,,
stop_intent,stop_unchanged,CRWD,,210.7,,2026-08-02T02:46:22.716803+00:00,2026-08-02T02:47:25.490502+00:00,initial,13.0,-0.035,,,,,,,,,,,,,,,,,,,,,,,,,,,,,,,,,,,,,,,,,,,,,,,,
stop_intent,stop_unchanged,HON,,226.51,,2026-08-02T02:46:22.716810+00:00,2026-08-02T02:47:25.527969+00:00,initial,5.0,0.206,,,,,,,,,,,,,,,,,,,,,,,,,,,,,,,,,,,,,,,,,,,,,,,,
stop_intent,stop_unchanged,NOW,,97.86,,2026-08-02T02:46:22.716816+00:00,2026-08-02T02:47:25.565899+00:00,initial,22.0,0.011,,,,,,,,,,,,,,,,,,,,,,,,,,,,,,,,,,,,,,,,,,,,,,,,
entry_signal,skip,XLK,no_state_data,,,2026-08-02T02:47:25.389746+00:00,2026-08-02T02:47:25.603408+00:00,,,,,,,no_state_data,cross_USO_state_vol=mid_vol + state_ext=stretched_down,,,,,1h,,,,,,insample,False,False,,,,,,,,,,,,,,,,,,,,,,,,,,,,,,
state_unavailable,skip,XLK,no_completed_state,,,2026-08-02T02:47:25.396287+00:00,2026-08-02T02:47:25.641472+00:00,,,,,,,,cross_USO_state_vol=mid_vol + state_ext=stretched_down,,,,,1h,,,,,,insample,,,2026-07-31 19:30:00+00:00,175.27999877929688,{},,,,,,,,,,,,,,,,,,,,,,,,,,,
entry_signal,skip,SPY,no_state_data,,,2026-08-02T02:47:25.408009+00:00,2026-08-02T02:47:25.679322+00:00,,,,,,,no_state_data,state_session=afternoon + state_slope=downtrend,,,,,1h,,,,,,insample,False,False,,,,,,,,,,,,,,,,,,,,,,,,,,,,,,
state_unavailable,skip,SPY,no_completed_state,,,2026-08-02T02:47:25.414436+00:00,2026-08-02T02:47:25.717445+00:00,,,,,,,,state_session=afternoon + state_slope=downtrend,,,,,1h,,,,,,insample,,,2026-07-31 19:30:00+00:00,746.8099975585938,{},,,,,,,,,,,,,,,,,,,,,,,,,,,
stop_intent,stop_unchanged,AEP,,123.2271,,2026-08-02T03:46:29.239746+00:00,2026-08-02T03:47:11.896835+00:00,initial,7.0,-0.117,,,,,,,,,,,,,,,,,,,,,,,,,,,,,,,,,,,,,,,,,,,,,,,,
stop_intent,stop_unchanged,ASML,,1510.2835,,2026-08-02T03:46:29.239752+00:00,2026-08-02T03:47:11.930066+00:00,initial,1.0,-0.247,,,,,,,,,,,,,,,,,,,,,,,,,,,,,,,,,,,,,,,,,,,,,,,,
stop_intent,stop_unchanged,CRWD,,210.7,,2026-08-02T03:46:29.239755+00:00,2026-08-02T03:47:11.962084+00:00,initial,13.0,-0.035,,,,,,,,,,,,,,,,,,,,,,,,,,,,,,,,,,,,,,,,,,,,,,,,
stop_intent,stop_unchanged,HON,,226.51,,2026-08-02T03:46:29.239758+00:00,2026-08-02T03:47:11.994208+00:00,initial,5.0,0.206,,,,,,,,,,,,,,,,,,,,,,,,,,,,,,,,,,,,,,,,,,,,,,,,
stop_intent,stop_unchanged,NOW,,97.86,,2026-08-02T03:46:29.239761+00:00,2026-08-02T03:47:12.026111+00:00,initial,22.0,0.011,,,,,,,,,,,,,,,,,,,,,,,,,,,,,,,,,,,,,,,,,,,,,,,,
entry_signal,skip,XLK,no_state_data,,,2026-08-02T03:47:11.875972+00:00,2026-08-02T03:47:12.058258+00:00,,,,,,,no_state_data,cross_USO_state_vol=mid_vol + state_ext=stretched_down,,,,,1h,,,,,,insample,False,False,,,,,,,,,,,,,,,,,,,,,,,,,,,,,,
state_unavailable,skip,XLK,no_completed_state,,,2026-08-02T03:47:11.881755+00:00,2026-08-02T03:47:12.090690+00:00,,,,,,,,cross_USO_state_vol=mid_vol + state_ext=stretched_down,,,,,1h,,,,,,insample,,,2026-07-31 19:30:00+00:00,175.27999877929688,{},,,,,,,,,,,,,,,,,,,,,,,,,,,
entry_signal,skip,SPY,no_state_data,,,2026-08-02T03:47:11.891279+00:00,2026-08-02T03:47:12.123253+00:00,,,,,,,no_state_data,state_session=afternoon + state_slope=downtrend,,,,,1h,,,,,,insample,False,False,,,,,,,,,,,,,,,,,,,,,,,,,,,,,,
state_unavailable,skip,SPY,no_completed_state,,,2026-08-02T03:47:11.896780+00:00,2026-08-02T03:47:12.155444+00:00,,,,,,,,state_session=afternoon + state_slope=downtrend,,,,,1h,,,,,,insample,,,2026-07-31 19:30:00+00:00,746.8099975585938,{},,,,,,,,,,,,,,,,,,,,,,,,,,,
stop_intent,stop_unchanged,AEP,,123.2271,,2026-08-02T04:46:23.026082+00:00,2026-08-02T04:47:26.575925+00:00,initial,7.0,-0.117,,,,,,,,,,,,,,,,,,,,,,,,,,,,,,,,,,,,,,,,,,,,,,,,
stop_intent,stop_unchanged,ASML,,1510.2835,,2026-08-02T04:46:23.026090+00:00,2026-08-02T04:47:26.616734+00:00,initial,1.0,-0.247,,,,,,,,,,,,,,,,,,,,,,,,,,,,,,,,,,,,,,,,,,,,,,,,
stop_intent,stop_unchanged,CRWD,,210.7,,2026-08-02T04:46:23.026095+00:00,2026-08-02T04:47:26.656833+00:00,initial,13.0,-0.035,,,,,,,,,,,,,,,,,,,,,,,,,,,,,,,,,,,,,,,,,,,,,,,,
stop_intent,stop_unchanged,HON,,226.51,,2026-08-02T04:46:23.026099+00:00,2026-08-02T04:47:26.696751+00:00,initial,5.0,0.206,,,,,,,,,,,,,,,,,,,,,,,,,,,,,,,,,,,,,,,,,,,,,,,,
stop_intent,stop_unchanged,NOW,,97.86,,2026-08-02T04:46:23.026102+00:00,2026-08-02T04:47:26.736481+00:00,initial,22.0,0.011,,,,,,,,,,,,,,,,,,,,,,,,,,,,,,,,,,,,,,,,,,,,,,,,
entry_signal,skip,XLK,no_state_data,,,2026-08-02T04:47:26.548745+00:00,2026-08-02T04:47:26.776059+00:00,,,,,,,no_state_data,cross_USO_state_vol=mid_vol + state_ext=stretched_down,,,,,1h,,,,,,insample,False,False,,,,,,,,,,,,,,,,,,,,,,,,,,,,,,
state_unavailable,skip,XLK,no_completed_state,,,2026-08-02T04:47:26.555870+00:00,2026-08-02T04:47:26.817577+00:00,,,,,,,,cross_USO_state_vol=mid_vol + state_ext=stretched_down,,,,,1h,,,,,,insample,,,2026-07-31 19:30:00+00:00,175.27999877929688,{},,,,,,,,,,,,,,,,,,,,,,,,,,,
entry_signal,skip,SPY,no_state_data,,,2026-08-02T04:47:26.569038+00:00,2026-08-02T04:47:26.858391+00:00,,,,,,,no_state_data,state_session=afternoon + state_slope=downtrend,,,,,1h,,,,,,insample,False,False,,,,,,,,,,,,,,,,,,,,,,,,,,,,,,
state_unavailable,skip,SPY,no_completed_state,,,2026-08-02T04:47:26.575867+00:00,2026-08-02T04:47:26.898794+00:00,,,,,,,,state_session=afternoon + state_slope=downtrend,,,,,1h,,,,,,insample,,,2026-07-31 19:30:00+00:00,746.8099975585938,{},,,,,,,,,,,,,,,,,,,,,,,,,,,
stop_intent,stop_unchanged,AEP,,123.2271,,2026-08-02T05:46:31.810182+00:00,2026-08-02T05:47:34.668464+00:00,initial,7.0,-0.117,,,,,,,,,,,,,,,,,,,,,,,,,,,,,,,,,,,,,,,,,,,,,,,,
stop_intent,stop_unchanged,ASML,,1510.2835,,2026-08-02T05:46:31.810190+00:00,2026-08-02T05:47:34.706966+00:00,initial,1.0,-0.247,,,,,,,,,,,,,,,,,,,,,,,,,,,,,,,,,,,,,,,,,,,,,,,,
stop_intent,stop_unchanged,CRWD,,210.7,,2026-08-02T05:46:31.810195+00:00,2026-08-02T05:47:34.748342+00:00,initial,13.0,-0.035,,,,,,,,,,,,,,,,,,,,,,,,,,,,,,,,,,,,,,,,,,,,,,,,
stop_intent,stop_unchanged,HON,,226.51,,2026-08-02T05:46:31.810199+00:00,2026-08-02T05:47:34.786051+00:00,initial,5.0,0.206,,,,,,,,,,,,,,,,,,,,,,,,,,,,,,,,,,,,,,,,,,,,,,,,
stop_intent,stop_unchanged,NOW,,97.86,,2026-08-02T05:46:31.810202+00:00,2026-08-02T05:47:34.823589+00:00,initial,22.0,0.011,,,,,,,,,,,,,,,,,,,,,,,,,,,,,,,,,,,,,,,,,,,,,,,,
entry_signal,skip,XLK,no_state_data,,,2026-08-02T05:47:34.643903+00:00,2026-08-02T05:47:34.861483+00:00,,,,,,,no_state_data,cross_USO_state_vol=mid_vol + state_ext=stretched_down,,,,,1h,,,,,,insample,False,False,,,,,,,,,,,,,,,,,,,,,,,,,,,,,,
state_unavailable,skip,XLK,no_completed_state,,,2026-08-02T05:47:34.650507+00:00,2026-08-02T05:47:34.899789+00:00,,,,,,,,cross_USO_state_vol=mid_vol + state_ext=stretched_down,,,,,1h,,,,,,insample,,,2026-07-31 19:30:00+00:00,175.27999877929688,{},,,,,,,,,,,,,,,,,,,,,,,,,,,
entry_signal,skip,SPY,no_state_data,,,2026-08-02T05:47:34.661971+00:00,2026-08-02T05:47:34.937995+00:00,,,,,,,no_state_data,state_session=afternoon + state_slope=downtrend,,,,,1h,,,,,,insample,False,False,,,,,,,,,,,,,,,,,,,,,,,,,,,,,,
state_unavailable,skip,SPY,no_completed_state,,,2026-08-02T05:47:34.668412+00:00,2026-08-02T05:47:34.976546+00:00,,,,,,,,state_session=afternoon + state_slope=downtrend,,,,,1h,,,,,,insample,,,2026-07-31 19:30:00+00:00,746.8099975585938,{},,,,,,,,,,,,,,,,,,,,,,,,,,,
stop_intent,stop_unchanged,AEP,,123.2271,,2026-08-02T06:46:27.294174+00:00,2026-08-02T06:47:32.861324+00:00,initial,7.0,-0.117,,,,,,,,,,,,,,,,,,,,,,,,,,,,,,,,,,,,,,,,,,,,,,,,
stop_intent,stop_unchanged,ASML,,1510.2835,,2026-08-02T06:46:27.294185+00:00,2026-08-02T06:47:32.903422+00:00,initial,1.0,-0.247,,,,,,,,,,,,,,,,,,,,,,,,,,,,,,,,,,,,,,,,,,,,,,,,
stop_intent,stop_unchanged,CRWD,,210.7,,2026-08-02T06:46:27.294191+00:00,2026-08-02T06:47:32.944689+00:00,initial,13.0,-0.035,,,,,,,,,,,,,,,,,,,,,,,,,,,,,,,,,,,,,,,,,,,,,,,,
stop_intent,stop_unchanged,HON,,226.51,,2026-08-02T06:46:27.294197+00:00,2026-08-02T06:47:32.986084+00:00,initial,5.0,0.206,,,,,,,,,,,,,,,,,,,,,,,,,,,,,,,,,,,,,,,,,,,,,,,,
stop_intent,stop_unchanged,NOW,,97.86,,2026-08-02T06:46:27.294202+00:00,2026-08-02T06:47:33.027527+00:00,initial,22.0,0.011,,,,,,,,,,,,,,,,,,,,,,,,,,,,,,,,,,,,,,,,,,,,,,,,
entry_signal,skip,XLK,no_state_data,,,2026-08-02T06:47:32.832619+00:00,2026-08-02T06:47:33.068738+00:00,,,,,,,no_state_data,cross_USO_state_vol=mid_vol + state_ext=stretched_down,,,,,1h,,,,,,insample,False,False,,,,,,,,,,,,,,,,,,,,,,,,,,,,,,
state_unavailable,skip,XLK,no_completed_state,,,2026-08-02T06:47:32.840309+00:00,2026-08-02T06:47:33.110927+00:00,,,,,,,,cross_USO_state_vol=mid_vol + state_ext=stretched_down,,,,,1h,,,,,,insample,,,2026-07-31 19:30:00+00:00,175.27999877929688,{},,,,,,,,,,,,,,,,,,,,,,,,,,,
entry_signal,skip,SPY,no_state_data,,,2026-08-02T06:47:32.853738+00:00,2026-08-02T06:47:33.153013+00:00,,,,,,,no_state_data,state_session=afternoon + state_slope=downtrend,,,,,1h,,,,,,insample,False,False,,,,,,,,,,,,,,,,,,,,,,,,,,,,,,
state_unavailable,skip,SPY,no_completed_state,,,2026-08-02T06:47:32.861263+00:00,2026-08-02T06:47:33.195103+00:00,,,,,,,,state_session=afternoon + state_slope=downtrend,,,,,1h,,,,,,insample,,,2026-07-31 19:30:00+00:00,746.8099975585938,{},,,,,,,,,,,,,,,,,,,,,,,,,,,
stop_intent,stop_unchanged,AEP,,123.2271,,2026-08-02T07:46:47.740994+00:00,2026-08-02T07:47:51.438571+00:00,initial,7.0,-0.117,,,,,,,,,,,,,,,,,,,,,,,,,,,,,,,,,,,,,,,,,,,,,,,,
stop_intent,stop_unchanged,ASML,,1510.2835,,2026-08-02T07:46:47.741013+00:00,2026-08-02T07:47:51.476900+00:00,initial,1.0,-0.247,,,,,,,,,,,,,,,,,,,,,,,,,,,,,,,,,,,,,,,,,,,,,,,,
stop_intent,stop_unchanged,CRWD,,210.7,,2026-08-02T07:46:47.741026+00:00,2026-08-02T07:47:51.514731+00:00,initial,13.0,-0.035,,,,,,,,,,,,,,,,,,,,,,,,,,,,,,,,,,,,,,,,,,,,,,,,
stop_intent,stop_unchanged,HON,,226.51,,2026-08-02T07:46:47.741038+00:00,2026-08-02T07:47:51.552795+00:00,initial,5.0,0.206,,,,,,,,,,,,,,,,,,,,,,,,,,,,,,,,,,,,,,,,,,,,,,,,
stop_intent,stop_unchanged,NOW,,97.86,,2026-08-02T07:46:47.741047+00:00,2026-08-02T07:47:51.590107+00:00,initial,22.0,0.011,,,,,,,,,,,,,,,,,,,,,,,,,,,,,,,,,,,,,,,,,,,,,,,,
entry_signal,skip,XLK,no_state_data,,,2026-08-02T07:47:51.413718+00:00,2026-08-02T07:47:51.627515+00:00,,,,,,,no_state_data,cross_USO_state_vol=mid_vol + state_ext=stretched_down,,,,,1h,,,,,,insample,False,False,,,,,,,,,,,,,,,,,,,,,,,,,,,,,,
state_unavailable,skip,XLK,no_completed_state,,,2026-08-02T07:47:51.420168+00:00,2026-08-02T07:47:51.665352+00:00,,,,,,,,cross_USO_state_vol=mid_vol + state_ext=stretched_down,,,,,1h,,,,,,insample,,,2026-07-31 19:30:00+00:00,175.27999877929688,{},,,,,,,,,,,,,,,,,,,,,,,,,,,
entry_signal,skip,SPY,no_state_data,,,2026-08-02T07:47:51.431990+00:00,2026-08-02T07:47:51.703549+00:00,,,,,,,no_state_data,state_session=afternoon + state_slope=downtrend,,,,,1h,,,,,,insample,False,False,,,,,,,,,,,,,,,,,,,,,,,,,,,,,,
state_unavailable,skip,SPY,no_completed_state,,,2026-08-02T07:47:51.438519+00:00,2026-08-02T07:47:51.741995+00:00,,,,,,,,state_session=afternoon + state_slope=downtrend,,,,,1h,,,,,,insample,,,2026-07-31 19:30:00+00:00,746.8099975585938,{},,,,,,,,,,,,,,,,,,,,,,,,,,,
stop_intent,stop_unchanged,AEP,,123.2271,,2026-08-02T08:46:38.285134+00:00,2026-08-02T08:47:41.154364+00:00,initial,7.0,-0.117,,,,,,,,,,,,,,,,,,,,,,,,,,,,,,,,,,,,,,,,,,,,,,,,
stop_intent,stop_unchanged,ASML,,1510.2835,,2026-08-02T08:46:38.285147+00:00,2026-08-02T08:47:41.194071+00:00,initial,1.0,-0.247,,,,,,,,,,,,,,,,,,,,,,,,,,,,,,,,,,,,,,,,,,,,,,,,
stop_intent,stop_unchanged,CRWD,,210.7,,2026-08-02T08:46:38.285154+00:00,2026-08-02T08:47:41.232457+00:00,initial,13.0,-0.035,,,,,,,,,,,,,,,,,,,,,,,,,,,,,,,,,,,,,,,,,,,,,,,,
stop_intent,stop_unchanged,HON,,226.51,,2026-08-02T08:46:38.285161+00:00,2026-08-02T08:47:41.270387+00:00,initial,5.0,0.206,,,,,,,,,,,,,,,,,,,,,,,,,,,,,,,,,,,,,,,,,,,,,,,,
stop_intent,stop_unchanged,NOW,,97.86,,2026-08-02T08:46:38.285172+00:00,2026-08-02T08:47:41.308748+00:00,initial,22.0,0.011,,,,,,,,,,,,,,,,,,,,,,,,,,,,,,,,,,,,,,,,,,,,,,,,
entry_signal,skip,XLK,no_state_data,,,2026-08-02T08:47:41.128908+00:00,2026-08-02T08:47:41.347620+00:00,,,,,,,no_state_data,cross_USO_state_vol=mid_vol + state_ext=stretched_down,,,,,1h,,,,,,insample,False,False,,,,,,,,,,,,,,,,,,,,,,,,,,,,,,
state_unavailable,skip,XLK,no_completed_state,,,2026-08-02T08:47:41.135857+00:00,2026-08-02T08:47:41.387578+00:00,,,,,,,,cross_USO_state_vol=mid_vol + state_ext=stretched_down,,,,,1h,,,,,,insample,,,2026-07-31 19:30:00+00:00,175.27999877929688,{},,,,,,,,,,,,,,,,,,,,,,,,,,,
entry_signal,skip,SPY,no_state_data,,,2026-08-02T08:47:41.147880+00:00,2026-08-02T08:47:41.427962+00:00,,,,,,,no_state_data,state_session=afternoon + state_slope=downtrend,,,,,1h,,,,,,insample,False,False,,,,,,,,,,,,,,,,,,,,,,,,,,,,,,
state_unavailable,skip,SPY,no_completed_state,,,2026-08-02T08:47:41.154309+00:00,2026-08-02T08:47:41.467090+00:00,,,,,,,,state_session=afternoon + state_slope=downtrend,,,,,1h,,,,,,insample,,,2026-07-31 19:30:00+00:00,746.8099975585938,{},,,,,,,,,,,,,,,,,,,,,,,,,,,
stop_intent,stop_unchanged,AEP,,123.2271,,2026-08-02T09:46:31.092915+00:00,2026-08-02T09:47:22.124331+00:00,initial,7.0,-0.117,,,,,,,,,,,,,,,,,,,,,,,,,,,,,,,,,,,,,,,,,,,,,,,,
stop_intent,stop_unchanged,ASML,,1510.2835,,2026-08-02T09:46:31.092922+00:00,2026-08-02T09:47:22.162760+00:00,initial,1.0,-0.247,,,,,,,,,,,,,,,,,,,,,,,,,,,,,,,,,,,,,,,,,,,,,,,,
stop_intent,stop_unchanged,CRWD,,210.7,,2026-08-02T09:46:31.092927+00:00,2026-08-02T09:47:22.200369+00:00,initial,13.0,-0.035,,,,,,,,,,,,,,,,,,,,,,,,,,,,,,,,,,,,,,,,,,,,,,,,
stop_intent,stop_unchanged,HON,,226.51,,2026-08-02T09:46:31.092931+00:00,2026-08-02T09:47:22.238084+00:00,initial,5.0,0.206,,,,,,,,,,,,,,,,,,,,,,,,,,,,,,,,,,,,,,,,,,,,,,,,
stop_intent,stop_unchanged,NOW,,97.86,,2026-08-02T09:46:31.092934+00:00,2026-08-02T09:47:22.275807+00:00,initial,22.0,0.011,,,,,,,,,,,,,,,,,,,,,,,,,,,,,,,,,,,,,,,,,,,,,,,,
entry_signal,skip,XLK,no_state_data,,,2026-08-02T09:47:22.100702+00:00,2026-08-02T09:47:22.313460+00:00,,,,,,,no_state_data,cross_USO_state_vol=mid_vol + state_ext=stretched_down,,,,,1h,,,,,,insample,False,False,,,,,,,,,,,,,,,,,,,,,,,,,,,,,,
state_unavailable,skip,XLK,no_completed_state,,,2026-08-02T09:47:22.106979+00:00,2026-08-02T09:47:22.351835+00:00,,,,,,,,cross_USO_state_vol=mid_vol + state_ext=stretched_down,,,,,1h,,,,,,insample,,,2026-07-31 19:30:00+00:00,175.27999877929688,{},,,,,,,,,,,,,,,,,,,,,,,,,,,
entry_signal,skip,SPY,no_state_data,,,2026-08-02T09:47:22.118248+00:00,2026-08-02T09:47:22.390119+00:00,,,,,,,no_state_data,state_session=afternoon + state_slope=downtrend,,,,,1h,,,,,,insample,False,False,,,,,,,,,,,,,,,,,,,,,,,,,,,,,,
state_unavailable,skip,SPY,no_completed_state,,,2026-08-02T09:47:22.124270+00:00,2026-08-02T09:47:22.428267+00:00,,,,,,,,state_session=afternoon + state_slope=downtrend,,,,,1h,,,,,,insample,,,2026-07-31 19:30:00+00:00,746.8099975585938,{},,,,,,,,,,,,,,,,,,,,,,,,,,,
stop_intent,stop_unchanged,AEP,,123.2271,,2026-08-02T10:46:47.549014+00:00,2026-08-02T10:47:51.538552+00:00,initial,7.0,-0.117,,,,,,,,,,,,,,,,,,,,,,,,,,,,,,,,,,,,,,,,,,,,,,,,
stop_intent,stop_unchanged,ASML,,1510.2835,,2026-08-02T10:46:47.549021+00:00,2026-08-02T10:47:51.579919+00:00,initial,1.0,-0.247,,,,,,,,,,,,,,,,,,,,,,,,,,,,,,,,,,,,,,,,,,,,,,,,
stop_intent,stop_unchanged,CRWD,,210.7,,2026-08-02T10:46:47.549025+00:00,2026-08-02T10:47:51.621307+00:00,initial,13.0,-0.035,,,,,,,,,,,,,,,,,,,,,,,,,,,,,,,,,,,,,,,,,,,,,,,,
stop_intent,stop_unchanged,HON,,226.51,,2026-08-02T10:46:47.549029+00:00,2026-08-02T10:47:51.663996+00:00,initial,5.0,0.206,,,,,,,,,,,,,,,,,,,,,,,,,,,,,,,,,,,,,,,,,,,,,,,,
stop_intent,stop_unchanged,NOW,,97.86,,2026-08-02T10:46:47.549033+00:00,2026-08-02T10:47:51.703908+00:00,initial,22.0,0.011,,,,,,,,,,,,,,,,,,,,,,,,,,,,,,,,,,,,,,,,,,,,,,,,
entry_signal,skip,XLK,no_state_data,,,2026-08-02T10:47:51.513268+00:00,2026-08-02T10:47:51.743845+00:00,,,,,,,no_state_data,cross_USO_state_vol=mid_vol + state_ext=stretched_down,,,,,1h,,,,,,insample,False,False,,,,,,,,,,,,,,,,,,,,,,,,,,,,,,
state_unavailable,skip,XLK,no_completed_state,,,2026-08-02T10:47:51.519945+00:00,2026-08-02T10:47:51.784206+00:00,,,,,,,,cross_USO_state_vol=mid_vol + state_ext=stretched_down,,,,,1h,,,,,,insample,,,2026-07-31 19:30:00+00:00,175.27999877929688,{},,,,,,,,,,,,,,,,,,,,,,,,,,,
entry_signal,skip,SPY,no_state_data,,,2026-08-02T10:47:51.531979+00:00,2026-08-02T10:47:51.824154+00:00,,,,,,,no_state_data,state_session=afternoon + state_slope=downtrend,,,,,1h,,,,,,insample,False,False,,,,,,,,,,,,,,,,,,,,,,,,,,,,,,
state_unavailable,skip,SPY,no_completed_state,,,2026-08-02T10:47:51.538499+00:00,2026-08-02T10:47:51.864676+00:00,,,,,,,,state_session=afternoon + state_slope=downtrend,,,,,1h,,,,,,insample,,,2026-07-31 19:30:00+00:00,746.8099975585938,{},,,,,,,,,,,,,,,,,,,,,,,,,,,
stop_intent,stop_unchanged,AEP,,123.2271,,2026-08-02T11:46:25.173338+00:00,2026-08-02T11:47:05.433361+00:00,initial,7.0,-0.117,,,,,,,,,,,,,,,,,,,,,,,,,,,,,,,,,,,,,,,,,,,,,,,,
stop_intent,stop_unchanged,ASML,,1510.2835,,2026-08-02T11:46:25.173345+00:00,2026-08-02T11:47:05.463511+00:00,initial,1.0,-0.247,,,,,,,,,,,,,,,,,,,,,,,,,,,,,,,,,,,,,,,,,,,,,,,,
stop_intent,stop_unchanged,CRWD,,210.7,,2026-08-02T11:46:25.173350+00:00,2026-08-02T11:47:05.493033+00:00,initial,13.0,-0.035,,,,,,,,,,,,,,,,,,,,,,,,,,,,,,,,,,,,,,,,,,,,,,,,
stop_intent,stop_unchanged,HON,,226.51,,2026-08-02T11:46:25.173354+00:00,2026-08-02T11:47:05.522456+00:00,initial,5.0,0.206,,,,,,,,,,,,,,,,,,,,,,,,,,,,,,,,,,,,,,,,,,,,,,,,
stop_intent,stop_unchanged,NOW,,97.86,,2026-08-02T11:46:25.173358+00:00,2026-08-02T11:47:05.551885+00:00,initial,22.0,0.011,,,,,,,,,,,,,,,,,,,,,,,,,,,,,,,,,,,,,,,,,,,,,,,,
entry_signal,skip,XLK,no_state_data,,,2026-08-02T11:47:05.415105+00:00,2026-08-02T11:47:05.581565+00:00,,,,,,,no_state_data,cross_USO_state_vol=mid_vol + state_ext=stretched_down,,,,,1h,,,,,,insample,False,False,,,,,,,,,,,,,,,,,,,,,,,,,,,,,,
state_unavailable,skip,XLK,no_completed_state,,,2026-08-02T11:47:05.420003+00:00,2026-08-02T11:47:05.611324+00:00,,,,,,,,cross_USO_state_vol=mid_vol + state_ext=stretched_down,,,,,1h,,,,,,insample,,,2026-07-31 19:30:00+00:00,175.27999877929688,{},,,,,,,,,,,,,,,,,,,,,,,,,,,
entry_signal,skip,SPY,no_state_data,,,2026-08-02T11:47:05.428603+00:00,2026-08-02T11:47:05.641264+00:00,,,,,,,no_state_data,state_session=afternoon + state_slope=downtrend,,,,,1h,,,,,,insample,False,False,,,,,,,,,,,,,,,,,,,,,,,,,,,,,,
state_unavailable,skip,SPY,no_completed_state,,,2026-08-02T11:47:05.433315+00:00,2026-08-02T11:47:05.671127+00:00,,,,,,,,state_session=afternoon + state_slope=downtrend,,,,,1h,,,,,,insample,,,2026-07-31 19:30:00+00:00,746.8099975585938,{},,,,,,,,,,,,,,,,,,,,,,,,,,,
stop_intent,stop_unchanged,AEP,,123.2271,,2026-08-02T12:46:22.372247+00:00,2026-08-02T12:47:25.889348+00:00,initial,7.0,-0.117,,,,,,,,,,,,,,,,,,,,,,,,,,,,,,,,,,,,,,,,,,,,,,,,
stop_intent,stop_unchanged,ASML,,1510.2835,,2026-08-02T12:46:22.372253+00:00,2026-08-02T12:47:25.929845+00:00,initial,1.0,-0.247,,,,,,,,,,,,,,,,,,,,,,,,,,,,,,,,,,,,,,,,,,,,,,,,
stop_intent,stop_unchanged,CRWD,,210.7,,2026-08-02T12:46:22.372258+00:00,2026-08-02T12:47:25.970328+00:00,initial,13.0,-0.035,,,,,,,,,,,,,,,,,,,,,,,,,,,,,,,,,,,,,,,,,,,,,,,,
stop_intent,stop_unchanged,HON,,226.51,,2026-08-02T12:46:22.372262+00:00,2026-08-02T12:47:26.010596+00:00,initial,5.0,0.206,,,,,,,,,,,,,,,,,,,,,,,,,,,,,,,,,,,,,,,,,,,,,,,,
stop_intent,stop_unchanged,NOW,,97.86,,2026-08-02T12:46:22.372265+00:00,2026-08-02T12:47:26.050903+00:00,initial,22.0,0.011,,,,,,,,,,,,,,,,,,,,,,,,,,,,,,,,,,,,,,,,,,,,,,,,
entry_signal,skip,XLK,no_state_data,,,2026-08-02T12:47:25.863580+00:00,2026-08-02T12:47:26.091172+00:00,,,,,,,no_state_data,cross_USO_state_vol=mid_vol + state_ext=stretched_down,,,,,1h,,,,,,insample,False,False,,,,,,,,,,,,,,,,,,,,,,,,,,,,,,
state_unavailable,skip,XLK,no_completed_state,,,2026-08-02T12:47:25.870176+00:00,2026-08-02T12:47:26.132080+00:00,,,,,,,,cross_USO_state_vol=mid_vol + state_ext=stretched_down,,,,,1h,,,,,,insample,,,2026-07-31 19:30:00+00:00,175.27999877929688,{},,,,,,,,,,,,,,,,,,,,,,,,,,,
entry_signal,skip,SPY,no_state_data,,,2026-08-02T12:47:25.882439+00:00,2026-08-02T12:47:26.173358+00:00,,,,,,,no_state_data,state_session=afternoon + state_slope=downtrend,,,,,1h,,,,,,insample,False,False,,,,,,,,,,,,,,,,,,,,,,,,,,,,,,
state_unavailable,skip,SPY,no_completed_state,,,2026-08-02T12:47:25.889291+00:00,2026-08-02T12:47:26.214646+00:00,,,,,,,,state_session=afternoon + state_slope=downtrend,,,,,1h,,,,,,insample,,,2026-07-31 19:30:00+00:00,746.8099975585938,{},,,,,,,,,,,,,,,,,,,,,,,,,,,
stop_intent,stop_unchanged,AEP,,123.2271,,2026-08-02T13:46:29.599058+00:00,2026-08-02T13:47:14.405549+00:00,initial,7.0,-0.117,,,,,,,,,,,,,,,,,,,,,,,,,,,,,,,,,,,,,,,,,,,,,,,,
stop_intent,stop_unchanged,ASML,,1510.2835,,2026-08-02T13:46:29.599064+00:00,2026-08-02T13:47:14.442913+00:00,initial,1.0,-0.247,,,,,,,,,,,,,,,,,,,,,,,,,,,,,,,,,,,,,,,,,,,,,,,,
stop_intent,stop_unchanged,CRWD,,210.7,,2026-08-02T13:46:29.599067+00:00,2026-08-02T13:47:14.488213+00:00,initial,13.0,-0.035,,,,,,,,,,,,,,,,,,,,,,,,,,,,,,,,,,,,,,,,,,,,,,,,
stop_intent,stop_unchanged,HON,,226.51,,2026-08-02T13:46:29.599070+00:00,2026-08-02T13:47:14.524064+00:00,initial,5.0,0.206,,,,,,,,,,,,,,,,,,,,,,,,,,,,,,,,,,,,,,,,,,,,,,,,
stop_intent,stop_unchanged,NOW,,97.86,,2026-08-02T13:46:29.599073+00:00,2026-08-02T13:47:14.559453+00:00,initial,22.0,0.011,,,,,,,,,,,,,,,,,,,,,,,,,,,,,,,,,,,,,,,,,,,,,,,,
entry_signal,skip,XLK,no_state_data,,,2026-08-02T13:47:14.382925+00:00,2026-08-02T13:47:14.595861+00:00,,,,,,,no_state_data,cross_USO_state_vol=mid_vol + state_ext=stretched_down,,,,,1h,,,,,,insample,False,False,,,,,,,,,,,,,,,,,,,,,,,,,,,,,,
state_unavailable,skip,XLK,no_completed_state,,,2026-08-02T13:47:14.388986+00:00,2026-08-02T13:47:14.632091+00:00,,,,,,,,cross_USO_state_vol=mid_vol + state_ext=stretched_down,,,,,1h,,,,,,insample,,,2026-07-31 19:30:00+00:00,175.27999877929688,{},,,,,,,,,,,,,,,,,,,,,,,,,,,
entry_signal,skip,SPY,no_state_data,,,2026-08-02T13:47:14.399535+00:00,2026-08-02T13:47:14.668308+00:00,,,,,,,no_state_data,state_session=afternoon + state_slope=downtrend,,,,,1h,,,,,,insample,False,False,,,,,,,,,,,,,,,,,,,,,,,,,,,,,,
state_unavailable,skip,SPY,no_completed_state,,,2026-08-02T13:47:14.405495+00:00,2026-08-02T13:47:14.704253+00:00,,,,,,,,state_session=afternoon + state_slope=downtrend,,,,,1h,,,,,,insample,,,2026-07-31 19:30:00+00:00,746.8099975585938,{},,,,,,,,,,,,,,,,,,,,,,,,,,,
stop_intent,stop_unchanged,AEP,,123.2271,,2026-08-02T14:46:32.397464+00:00,2026-08-02T14:47:35.022203+00:00,initial,7.0,-0.117,,,,,,,,,,,,,,,,,,,,,,,,,,,,,,,,,,,,,,,,,,,,,,,,
stop_intent,stop_unchanged,ASML,,1510.2835,,2026-08-02T14:46:32.397476+00:00,2026-08-02T14:47:35.061468+00:00,initial,1.0,-0.247,,,,,,,,,,,,,,,,,,,,,,,,,,,,,,,,,,,,,,,,,,,,,,,,
stop_intent,stop_unchanged,CRWD,,210.7,,2026-08-02T14:46:32.397482+00:00,2026-08-02T14:47:35.099888+00:00,initial,13.0,-0.035,,,,,,,,,,,,,,,,,,,,,,,,,,,,,,,,,,,,,,,,,,,,,,,,
stop_intent,stop_unchanged,HON,,226.51,,2026-08-02T14:46:32.397487+00:00,2026-08-02T14:47:35.138298+00:00,initial,5.0,0.206,,,,,,,,,,,,,,,,,,,,,,,,,,,,,,,,,,,,,,,,,,,,,,,,
stop_intent,stop_unchanged,NOW,,97.86,,2026-08-02T14:46:32.397492+00:00,2026-08-02T14:47:35.176770+00:00,initial,22.0,0.011,,,,,,,,,,,,,,,,,,,,,,,,,,,,,,,,,,,,,,,,,,,,,,,,
entry_signal,skip,XLK,no_state_data,,,2026-08-02T14:47:34.997174+00:00,2026-08-02T14:47:35.215262+00:00,,,,,,,no_state_data,cross_USO_state_vol=mid_vol + state_ext=stretched_down,,,,,1h,,,,,,insample,False,False,,,,,,,,,,,,,,,,,,,,,,,,,,,,,,
state_unavailable,skip,XLK,no_completed_state,,,2026-08-02T14:47:35.004033+00:00,2026-08-02T14:47:35.254194+00:00,,,,,,,,cross_USO_state_vol=mid_vol + state_ext=stretched_down,,,,,1h,,,,,,insample,,,2026-07-31 19:30:00+00:00,175.27999877929688,{},,,,,,,,,,,,,,,,,,,,,,,,,,,
entry_signal,skip,SPY,no_state_data,,,2026-08-02T14:47:35.015593+00:00,2026-08-02T14:47:35.293335+00:00,,,,,,,no_state_data,state_session=afternoon + state_slope=downtrend,,,,,1h,,,,,,insample,False,False,,,,,,,,,,,,,,,,,,,,,,,,,,,,,,
state_unavailable,skip,SPY,no_completed_state,,,2026-08-02T14:47:35.022152+00:00,2026-08-02T14:47:35.332191+00:00,,,,,,,,state_session=afternoon + state_slope=downtrend,,,,,1h,,,,,,insample,,,2026-07-31 19:30:00+00:00,746.8099975585938,{},,,,,,,,,,,,,,,,,,,,,,,,,,,
stop_intent,stop_unchanged,AEP,,123.2271,,2026-08-02T15:46:26.164849+00:00,2026-08-02T15:47:19.331638+00:00,initial,7.0,-0.117,,,,,,,,,,,,,,,,,,,,,,,,,,,,,,,,,,,,,,,,,,,,,,,,
stop_intent,stop_unchanged,ASML,,1510.2835,,2026-08-02T15:46:26.164857+00:00,2026-08-02T15:47:19.371339+00:00,initial,1.0,-0.247,,,,,,,,,,,,,,,,,,,,,,,,,,,,,,,,,,,,,,,,,,,,,,,,
stop_intent,stop_unchanged,CRWD,,210.7,,2026-08-02T15:46:26.164862+00:00,2026-08-02T15:47:19.409641+00:00,initial,13.0,-0.035,,,,,,,,,,,,,,,,,,,,,,,,,,,,,,,,,,,,,,,,,,,,,,,,
stop_intent,stop_unchanged,HON,,226.51,,2026-08-02T15:46:26.164866+00:00,2026-08-02T15:47:19.448331+00:00,initial,5.0,0.206,,,,,,,,,,,,,,,,,,,,,,,,,,,,,,,,,,,,,,,,,,,,,,,,
stop_intent,stop_unchanged,NOW,,97.86,,2026-08-02T15:46:26.164869+00:00,2026-08-02T15:47:19.487175+00:00,initial,22.0,0.011,,,,,,,,,,,,,,,,,,,,,,,,,,,,,,,,,,,,,,,,,,,,,,,,
entry_signal,skip,XLK,no_state_data,,,2026-08-02T15:47:19.306942+00:00,2026-08-02T15:47:19.525600+00:00,,,,,,,no_state_data,cross_USO_state_vol=mid_vol + state_ext=stretched_down,,,,,1h,,,,,,insample,False,False,,,,,,,,,,,,,,,,,,,,,,,,,,,,,,
state_unavailable,skip,XLK,no_completed_state,,,2026-08-02T15:47:19.313885+00:00,2026-08-02T15:47:19.564715+00:00,,,,,,,,cross_USO_state_vol=mid_vol + state_ext=stretched_down,,,,,1h,,,,,,insample,,,2026-07-31 19:30:00+00:00,175.27999877929688,{},,,,,,,,,,,,,,,,,,,,,,,,,,,
entry_signal,skip,SPY,no_state_data,,,2026-08-02T15:47:19.325446+00:00,2026-08-02T15:47:19.603855+00:00,,,,,,,no_state_data,state_session=afternoon + state_slope=downtrend,,,,,1h,,,,,,insample,False,False,,,,,,,,,,,,,,,,,,,,,,,,,,,,,,
state_unavailable,skip,SPY,no_completed_state,,,2026-08-02T15:47:19.331581+00:00,2026-08-02T15:47:19.642637+00:00,,,,,,,,state_session=afternoon + state_slope=downtrend,,,,,1h,,,,,,insample,,,2026-07-31 19:30:00+00:00,746.8099975585938,{},,,,,,,,,,,,,,,,,,,,,,,,,,,
stop_intent,stop_unchanged,AEP,,123.2271,,2026-08-02T16:46:36.632371+00:00,2026-08-02T16:47:17.181781+00:00,initial,7.0,-0.117,,,,,,,,,,,,,,,,,,,,,,,,,,,,,,,,,,,,,,,,,,,,,,,,
stop_intent,stop_unchanged,ASML,,1510.2835,,2026-08-02T16:46:36.632377+00:00,2026-08-02T16:47:17.213252+00:00,initial,1.0,-0.247,,,,,,,,,,,,,,,,,,,,,,,,,,,,,,,,,,,,,,,,,,,,,,,,
stop_intent,stop_unchanged,CRWD,,210.7,,2026-08-02T16:46:36.632381+00:00,2026-08-02T16:47:17.243431+00:00,initial,13.0,-0.035,,,,,,,,,,,,,,,,,,,,,,,,,,,,,,,,,,,,,,,,,,,,,,,,
stop_intent,stop_unchanged,HON,,226.51,,2026-08-02T16:46:36.632384+00:00,2026-08-02T16:47:17.273537+00:00,initial,5.0,0.206,,,,,,,,,,,,,,,,,,,,,,,,,,,,,,,,,,,,,,,,,,,,,,,,
stop_intent,stop_unchanged,NOW,,97.86,,2026-08-02T16:46:36.632387+00:00,2026-08-02T16:47:17.303582+00:00,initial,22.0,0.011,,,,,,,,,,,,,,,,,,,,,,,,,,,,,,,,,,,,,,,,,,,,,,,,
entry_signal,skip,XLK,no_state_data,,,2026-08-02T16:47:17.163092+00:00,2026-08-02T16:47:17.333393+00:00,,,,,,,no_state_data,cross_USO_state_vol=mid_vol + state_ext=stretched_down,,,,,1h,,,,,,insample,False,False,,,,,,,,,,,,,,,,,,,,,,,,,,,,,,
state_unavailable,skip,XLK,no_completed_state,,,2026-08-02T16:47:17.168193+00:00,2026-08-02T16:47:17.364550+00:00,,,,,,,,cross_USO_state_vol=mid_vol + state_ext=stretched_down,,,,,1h,,,,,,insample,,,2026-07-31 19:30:00+00:00,175.27999877929688,{},,,,,,,,,,,,,,,,,,,,,,,,,,,
entry_signal,skip,SPY,no_state_data,,,2026-08-02T16:47:17.176866+00:00,2026-08-02T16:47:17.395550+00:00,,,,,,,no_state_data,state_session=afternoon + state_slope=downtrend,,,,,1h,,,,,,insample,False,False,,,,,,,,,,,,,,,,,,,,,,,,,,,,,,
state_unavailable,skip,SPY,no_completed_state,,,2026-08-02T16:47:17.181731+00:00,2026-08-02T16:47:17.426476+00:00,,,,,,,,state_session=afternoon + state_slope=downtrend,,,,,1h,,,,,,insample,,,2026-07-31 19:30:00+00:00,746.8099975585938,{},,,,,,,,,,,,,,,,,,,,,,,,,,,
stop_intent,stop_unchanged,AEP,,123.2271,,2026-08-02T17:46:25.133165+00:00,2026-08-02T17:47:28.928832+00:00,initial,7.0,-0.117,,,,,,,,,,,,,,,,,,,,,,,,,,,,,,,,,,,,,,,,,,,,,,,,
stop_intent,stop_unchanged,ASML,,1510.2835,,2026-08-02T17:46:25.133174+00:00,2026-08-02T17:47:28.972162+00:00,initial,1.0,-0.247,,,,,,,,,,,,,,,,,,,,,,,,,,,,,,,,,,,,,,,,,,,,,,,,
stop_intent,stop_unchanged,CRWD,,210.7,,2026-08-02T17:46:25.133178+00:00,2026-08-02T17:47:29.014727+00:00,initial,13.0,-0.035,,,,,,,,,,,,,,,,,,,,,,,,,,,,,,,,,,,,,,,,,,,,,,,,
stop_intent,stop_unchanged,HON,,226.51,,2026-08-02T17:46:25.133183+00:00,2026-08-02T17:47:29.057046+00:00,initial,5.0,0.206,,,,,,,,,,,,,,,,,,,,,,,,,,,,,,,,,,,,,,,,,,,,,,,,
stop_intent,stop_unchanged,NOW,,97.86,,2026-08-02T17:46:25.133186+00:00,2026-08-02T17:47:29.099034+00:00,initial,22.0,0.011,,,,,,,,,,,,,,,,,,,,,,,,,,,,,,,,,,,,,,,,,,,,,,,,
entry_signal,skip,XLK,no_state_data,,,2026-08-02T17:47:28.901453+00:00,2026-08-02T17:47:29.140950+00:00,,,,,,,no_state_data,cross_USO_state_vol=mid_vol + state_ext=stretched_down,,,,,1h,,,,,,insample,False,False,,,,,,,,,,,,,,,,,,,,,,,,,,,,,,
state_unavailable,skip,XLK,no_completed_state,,,2026-08-02T17:47:28.908970+00:00,2026-08-02T17:47:29.183416+00:00,,,,,,,,cross_USO_state_vol=mid_vol + state_ext=stretched_down,,,,,1h,,,,,,insample,,,2026-07-31 19:30:00+00:00,175.27999877929688,{},,,,,,,,,,,,,,,,,,,,,,,,,,,
entry_signal,skip,SPY,no_state_data,,,2026-08-02T17:47:28.921715+00:00,2026-08-02T17:47:29.226700+00:00,,,,,,,no_state_data,state_session=afternoon + state_slope=downtrend,,,,,1h,,,,,,insample,False,False,,,,,,,,,,,,,,,,,,,,,,,,,,,,,,
state_unavailable,skip,SPY,no_completed_state,,,2026-08-02T17:47:28.928764+00:00,2026-08-02T17:47:29.269212+00:00,,,,,,,,state_session=afternoon + state_slope=downtrend,,,,,1h,,,,,,insample,,,2026-07-31 19:30:00+00:00,746.8099975585938,{},,,,,,,,,,,,,,,,,,,,,,,,,,,
stop_intent,stop_unchanged,AEP,,123.2271,,2026-08-02T18:46:25.231524+00:00,2026-08-02T18:47:29.119217+00:00,initial,7.0,-0.117,,,,,,,,,,,,,,,,,,,,,,,,,,,,,,,,,,,,,,,,,,,,,,,,
stop_intent,stop_unchanged,ASML,,1510.2835,,2026-08-02T18:46:25.231531+00:00,2026-08-02T18:47:29.160288+00:00,initial,1.0,-0.247,,,,,,,,,,,,,,,,,,,,,,,,,,,,,,,,,,,,,,,,,,,,,,,,
stop_intent,stop_unchanged,CRWD,,210.7,,2026-08-02T18:46:25.231536+00:00,2026-08-02T18:47:29.200893+00:00,initial,13.0,-0.035,,,,,,,,,,,,,,,,,,,,,,,,,,,,,,,,,,,,,,,,,,,,,,,,
stop_intent,stop_unchanged,HON,,226.51,,2026-08-02T18:46:25.231540+00:00,2026-08-02T18:47:29.241259+00:00,initial,5.0,0.206,,,,,,,,,,,,,,,,,,,,,,,,,,,,,,,,,,,,,,,,,,,,,,,,
stop_intent,stop_unchanged,NOW,,97.86,,2026-08-02T18:46:25.231543+00:00,2026-08-02T18:47:29.281682+00:00,initial,22.0,0.011,,,,,,,,,,,,,,,,,,,,,,,,,,,,,,,,,,,,,,,,,,,,,,,,
entry_signal,skip,XLK,no_state_data,,,2026-08-02T18:47:29.093810+00:00,2026-08-02T18:47:29.323861+00:00,,,,,,,no_state_data,cross_USO_state_vol=mid_vol + state_ext=stretched_down,,,,,1h,,,,,,insample,False,False,,,,,,,,,,,,,,,,,,,,,,,,,,,,,,
state_unavailable,skip,XLK,no_completed_state,,,2026-08-02T18:47:29.100359+00:00,2026-08-02T18:47:29.367358+00:00,,,,,,,,cross_USO_state_vol=mid_vol + state_ext=stretched_down,,,,,1h,,,,,,insample,,,2026-07-31 19:30:00+00:00,175.27999877929688,{},,,,,,,,,,,,,,,,,,,,,,,,,,,
entry_signal,skip,SPY,no_state_data,,,2026-08-02T18:47:29.112597+00:00,2026-08-02T18:47:29.410749+00:00,,,,,,,no_state_data,state_session=afternoon + state_slope=downtrend,,,,,1h,,,,,,insample,False,False,,,,,,,,,,,,,,,,,,,,,,,,,,,,,,
state_unavailable,skip,SPY,no_completed_state,,,2026-08-02T18:47:29.119138+00:00,2026-08-02T18:47:29.453006+00:00,,,,,,,,state_session=afternoon + state_slope=downtrend,,,,,1h,,,,,,insample,,,2026-07-31 19:30:00+00:00,746.8099975585938,{},,,,,,,,,,,,,,,,,,,,,,,,,,,
stop_intent,stop_unchanged,AEP,,123.2271,,2026-08-02T19:46:26.608553+00:00,2026-08-02T19:47:29.432168+00:00,initial,7.0,-0.117,,,,,,,,,,,,,,,,,,,,,,,,,,,,,,,,,,,,,,,,,,,,,,,,
stop_intent,stop_unchanged,ASML,,1510.2835,,2026-08-02T19:46:26.608561+00:00,2026-08-02T19:47:29.472475+00:00,initial,1.0,-0.247,,,,,,,,,,,,,,,,,,,,,,,,,,,,,,,,,,,,,,,,,,,,,,,,
stop_intent,stop_unchanged,CRWD,,210.7,,2026-08-02T19:46:26.608565+00:00,2026-08-02T19:47:29.511600+00:00,initial,13.0,-0.035,,,,,,,,,,,,,,,,,,,,,,,,,,,,,,,,,,,,,,,,,,,,,,,,
stop_intent,stop_unchanged,HON,,226.51,,2026-08-02T19:46:26.608569+00:00,2026-08-02T19:47:29.550871+00:00,initial,5.0,0.206,,,,,,,,,,,,,,,,,,,,,,,,,,,,,,,,,,,,,,,,,,,,,,,,
stop_intent,stop_unchanged,NOW,,97.86,,2026-08-02T19:46:26.608572+00:00,2026-08-02T19:47:29.589932+00:00,initial,22.0,0.011,,,,,,,,,,,,,,,,,,,,,,,,,,,,,,,,,,,,,,,,,,,,,,,,
entry_signal,skip,XLK,no_state_data,,,2026-08-02T19:47:29.407159+00:00,2026-08-02T19:47:29.628782+00:00,,,,,,,no_state_data,cross_USO_state_vol=mid_vol + state_ext=stretched_down,,,,,1h,,,,,,insample,False,False,,,,,,,,,,,,,,,,,,,,,,,,,,,,,,
state_unavailable,skip,XLK,no_completed_state,,,2026-08-02T19:47:29.413750+00:00,2026-08-02T19:47:29.668365+00:00,,,,,,,,cross_USO_state_vol=mid_vol + state_ext=stretched_down,,,,,1h,,,,,,insample,,,2026-07-31 19:30:00+00:00,175.27999877929688,{},,,,,,,,,,,,,,,,,,,,,,,,,,,
entry_signal,skip,SPY,no_state_data,,,2026-08-02T19:47:29.425614+00:00,2026-08-02T19:47:29.708114+00:00,,,,,,,no_state_data,state_session=afternoon + state_slope=downtrend,,,,,1h,,,,,,insample,False,False,,,,,,,,,,,,,,,,,,,,,,,,,,,,,,
state_unavailable,skip,SPY,no_completed_state,,,2026-08-02T19:47:29.432117+00:00,2026-08-02T19:47:29.748881+00:00,,,,,,,,state_session=afternoon + state_slope=downtrend,,,,,1h,,,,,,insample,,,2026-07-31 19:30:00+00:00,746.8099975585938,{},,,,,,,,,,,,,,,,,,,,,,,,,,,
stop_intent,stop_unchanged,AEP,,123.2271,,2026-08-02T20:46:35.841068+00:00,2026-08-02T20:47:16.453132+00:00,initial,7.0,-0.117,,,,,,,,,,,,,,,,,,,,,,,,,,,,,,,,,,,,,,,,,,,,,,,,
stop_intent,stop_unchanged,ASML,,1510.2835,,2026-08-02T20:46:35.841076+00:00,2026-08-02T20:47:16.485078+00:00,initial,1.0,-0.247,,,,,,,,,,,,,,,,,,,,,,,,,,,,,,,,,,,,,,,,,,,,,,,,
stop_intent,stop_unchanged,CRWD,,210.7,,2026-08-02T20:46:35.841081+00:00,2026-08-02T20:47:16.515694+00:00,initial,13.0,-0.035,,,,,,,,,,,,,,,,,,,,,,,,,,,,,,,,,,,,,,,,,,,,,,,,
stop_intent,stop_unchanged,HON,,226.51,,2026-08-02T20:46:35.841085+00:00,2026-08-02T20:47:16.592926+00:00,initial,5.0,0.206,,,,,,,,,,,,,,,,,,,,,,,,,,,,,,,,,,,,,,,,,,,,,,,,
stop_intent,stop_unchanged,NOW,,97.86,,2026-08-02T20:46:35.841089+00:00,2026-08-02T20:47:16.624000+00:00,initial,22.0,0.011,,,,,,,,,,,,,,,,,,,,,,,,,,,,,,,,,,,,,,,,,,,,,,,,
entry_signal,skip,XLK,no_state_data,,,2026-08-02T20:47:16.434732+00:00,2026-08-02T20:47:16.654603+00:00,,,,,,,no_state_data,cross_USO_state_vol=mid_vol + state_ext=stretched_down,,,,,1h,,,,,,insample,False,False,,,,,,,,,,,,,,,,,,,,,,,,,,,,,,
state_unavailable,skip,XLK,no_completed_state,,,2026-08-02T20:47:16.439608+00:00,2026-08-02T20:47:16.730465+00:00,,,,,,,,cross_USO_state_vol=mid_vol + state_ext=stretched_down,,,,,1h,,,,,,insample,,,2026-07-31 19:30:00+00:00,175.27999877929688,{},,,,,,,,,,,,,,,,,,,,,,,,,,,
entry_signal,skip,SPY,no_state_data,,,2026-08-02T20:47:16.448328+00:00,2026-08-02T20:47:16.761988+00:00,,,,,,,no_state_data,state_session=afternoon + state_slope=downtrend,,,,,1h,,,,,,insample,False,False,,,,,,,,,,,,,,,,,,,,,,,,,,,,,,
state_unavailable,skip,SPY,no_completed_state,,,2026-08-02T20:47:16.453086+00:00,2026-08-02T20:47:16.793159+00:00,,,,,,,,state_session=afternoon + state_slope=downtrend,,,,,1h,,,,,,insample,,,2026-07-31 19:30:00+00:00,746.8099975585938,{},,,,,,,,,,,,,,,,,,,,,,,,,,,
stop_intent,stop_unchanged,AEP,,123.2271,,2026-08-02T21:46:53.020406+00:00,2026-08-02T21:47:57.595457+00:00,initial,7.0,-0.117,,,,,,,,,,,,,,,,,,,,,,,,,,,,,,,,,,,,,,,,,,,,,,,,
stop_intent,stop_unchanged,ASML,,1510.2835,,2026-08-02T21:46:53.020413+00:00,2026-08-02T21:47:57.638983+00:00,initial,1.0,-0.247,,,,,,,,,,,,,,,,,,,,,,,,,,,,,,,,,,,,,,,,,,,,,,,,
stop_intent,stop_unchanged,CRWD,,210.7,,2026-08-02T21:46:53.020418+00:00,2026-08-02T21:47:57.681849+00:00,initial,13.0,-0.035,,,,,,,,,,,,,,,,,,,,,,,,,,,,,,,,,,,,,,,,,,,,,,,,
stop_intent,stop_unchanged,HON,,226.51,,2026-08-02T21:46:53.020422+00:00,2026-08-02T21:47:57.724247+00:00,initial,5.0,0.206,,,,,,,,,,,,,,,,,,,,,,,,,,,,,,,,,,,,,,,,,,,,,,,,
stop_intent,stop_unchanged,NOW,,97.86,,2026-08-02T21:46:53.020426+00:00,2026-08-02T21:47:57.765833+00:00,initial,22.0,0.011,,,,,,,,,,,,,,,,,,,,,,,,,,,,,,,,,,,,,,,,,,,,,,,,
entry_signal,skip,XLK,no_state_data,,,2026-08-02T21:47:57.567270+00:00,2026-08-02T21:47:57.808558+00:00,,,,,,,no_state_data,cross_USO_state_vol=mid_vol + state_ext=stretched_down,,,,,1h,,,,,,insample,False,False,,,,,,,,,,,,,,,,,,,,,,,,,,,,,,
state_unavailable,skip,XLK,no_completed_state,,,2026-08-02T21:47:57.575718+00:00,2026-08-02T21:47:57.850967+00:00,,,,,,,,cross_USO_state_vol=mid_vol + state_ext=stretched_down,,,,,1h,,,,,,insample,,,2026-07-31 19:30:00+00:00,175.27999877929688,{},,,,,,,,,,,,,,,,,,,,,,,,,,,
entry_signal,skip,SPY,no_state_data,,,2026-08-02T21:47:57.588594+00:00,2026-08-02T21:47:57.893782+00:00,,,,,,,no_state_data,state_session=afternoon + state_slope=downtrend,,,,,1h,,,,,,insample,False,False,,,,,,,,,,,,,,,,,,,,,,,,,,,,,,
state_unavailable,skip,SPY,no_completed_state,,,2026-08-02T21:47:57.595401+00:00,2026-08-02T21:47:57.936373+00:00,,,,,,,,state_session=afternoon + state_slope=downtrend,,,,,1h,,,,,,insample,,,2026-07-31 19:30:00+00:00,746.8099975585938,{},,,,,,,,,,,,,,,,,,,,,,,,,,,
stop_intent,stop_unchanged,AEP,,123.2271,,2026-08-02T23:15:05.203989+00:00,2026-08-02T23:16:08.309148+00:00,initial,7.0,-0.117,,,,,,,,,,,,,,,,,,,,,,,,,,,,,,,,,,,,,,,,,,,,,,,,
stop_intent,stop_unchanged,ASML,,1510.2835,,2026-08-02T23:15:05.203997+00:00,2026-08-02T23:16:08.349795+00:00,initial,1.0,-0.247,,,,,,,,,,,,,,,,,,,,,,,,,,,,,,,,,,,,,,,,,,,,,,,,
stop_intent,stop_unchanged,CRWD,,210.7,,2026-08-02T23:15:05.204002+00:00,2026-08-02T23:16:08.389552+00:00,initial,13.0,-0.035,,,,,,,,,,,,,,,,,,,,,,,,,,,,,,,,,,,,,,,,,,,,,,,,
stop_intent,stop_unchanged,HON,,226.51,,2026-08-02T23:15:05.204006+00:00,2026-08-02T23:16:08.429201+00:00,initial,5.0,0.206,,,,,,,,,,,,,,,,,,,,,,,,,,,,,,,,,,,,,,,,,,,,,,,,
stop_intent,stop_unchanged,NOW,,97.86,,2026-08-02T23:15:05.204009+00:00,2026-08-02T23:16:08.468901+00:00,initial,22.0,0.011,,,,,,,,,,,,,,,,,,,,,,,,,,,,,,,,,,,,,,,,,,,,,,,,
entry_signal,skip,XLK,no_state_data,,,2026-08-02T23:16:08.284661+00:00,2026-08-02T23:16:08.508633+00:00,,,,,,,no_state_data,cross_USO_state_vol=mid_vol + state_ext=stretched_down,,,,,1h,,,,,,insample,False,False,,,,,,,,,,,,,,,,,,,,,,,,,,,,,,
state_unavailable,skip,XLK,no_completed_state,,,2026-08-02T23:16:08.291239+00:00,2026-08-02T23:16:08.549378+00:00,,,,,,,,cross_USO_state_vol=mid_vol + state_ext=stretched_down,,,,,1h,,,,,,insample,,,2026-07-31 19:30:00+00:00,175.27999877929688,{},,,,,,,,,,,,,,,,,,,,,,,,,,,
entry_signal,skip,SPY,no_state_data,,,2026-08-02T23:16:08.302839+00:00,2026-08-02T23:16:08.590134+00:00,,,,,,,no_state_data,state_session=afternoon + state_slope=downtrend,,,,,1h,,,,,,insample,False,False,,,,,,,,,,,,,,,,,,,,,,,,,,,,,,
state_unavailable,skip,SPY,no_completed_state,,,2026-08-02T23:16:08.309096+00:00,2026-08-02T23:16:08.630321+00:00,,,,,,,,state_session=afternoon + state_slope=downtrend,,,,,1h,,,,,,insample,,,2026-07-31 19:30:00+00:00,746.8099975585938,{},,,,,,,,,,,,,,,,,,,,,,,,,,,
stop_intent,stop_unchanged,AEP,,123.2271,,2026-08-02T23:49:57.553458+00:00,2026-08-02T23:50:47.947313+00:00,initial,7.0,-0.117,,,,,,,,,,,,,,,,,,,,,,,,,,,,,,,,,,,,,,,,,,,,,,,,
stop_intent,stop_unchanged,ASML,,1510.2835,,2026-08-02T23:49:57.553465+00:00,2026-08-02T23:50:47.987941+00:00,initial,1.0,-0.247,,,,,,,,,,,,,,,,,,,,,,,,,,,,,,,,,,,,,,,,,,,,,,,,
stop_intent,stop_unchanged,CRWD,,210.7,,2026-08-02T23:49:57.553469+00:00,2026-08-02T23:50:48.027559+00:00,initial,13.0,-0.035,,,,,,,,,,,,,,,,,,,,,,,,,,,,,,,,,,,,,,,,,,,,,,,,
stop_intent,stop_unchanged,HON,,226.51,,2026-08-02T23:49:57.553472+00:00,2026-08-02T23:50:48.067743+00:00,initial,5.0,0.206,,,,,,,,,,,,,,,,,,,,,,,,,,,,,,,,,,,,,,,,,,,,,,,,
stop_intent,stop_unchanged,NOW,,97.86,,2026-08-02T23:49:57.553475+00:00,2026-08-02T23:50:48.107854+00:00,initial,22.0,0.011,,,,,,,,,,,,,,,,,,,,,,,,,,,,,,,,,,,,,,,,,,,,,,,,
entry_signal,skip,XLK,no_state_data,,,2026-08-02T23:50:47.922695+00:00,2026-08-02T23:50:48.147736+00:00,,,,,,,no_state_data,cross_USO_state_vol=mid_vol + state_ext=stretched_down,,,,,1h,,,,,,insample,False,False,,,,,,,,,,,,,,,,,,,,,,,,,,,,,,
state_unavailable,skip,XLK,no_completed_state,,,2026-08-02T23:50:47.929646+00:00,2026-08-02T23:50:48.187451+00:00,,,,,,,,cross_USO_state_vol=mid_vol + state_ext=stretched_down,,,,,1h,,,,,,insample,,,2026-07-31 19:30:00+00:00,175.27999877929688,{},,,,,,,,,,,,,,,,,,,,,,,,,,,
entry_signal,skip,SPY,no_state_data,,,2026-08-02T23:50:47.940775+00:00,2026-08-02T23:50:48.227178+00:00,,,,,,,no_state_data,state_session=afternoon + state_slope=downtrend,,,,,1h,,,,,,insample,False,False,,,,,,,,,,,,,,,,,,,,,,,,,,,,,,
state_unavailable,skip,SPY,no_completed_state,,,2026-08-02T23:50:47.947256+00:00,2026-08-02T23:50:48.267028+00:00,,,,,,,,state_session=afternoon + state_slope=downtrend,,,,,1h,,,,,,insample,,,2026-07-31 19:30:00+00:00,746.8099975585938,{},,,,,,,,,,,,,,,,,,,,,,,,,,,
stop_intent,stop_unchanged,AEP,,123.2271,,2026-08-03T00:46:33.427228+00:00,2026-08-03T00:47:38.410785+00:00,initial,7.0,-0.057,,,,,,,,,,,,,,,,,,,,,,,,,,,,,,,,,,,,,,,,,,,,,,,,
stop_intent,stop_unchanged,ASML,,1510.2835,,2026-08-03T00:46:33.427236+00:00,2026-08-03T00:47:38.453140+00:00,initial,1.0,-0.114,,,,,,,,,,,,,,,,,,,,,,,,,,,,,,,,,,,,,,,,,,,,,,,,
stop_intent,stop_unchanged,CRWD,,210.7,,2026-08-03T00:46:33.427241+00:00,2026-08-03T00:47:38.494173+00:00,initial,13.0,-0.13,,,,,,,,,,,,,,,,,,,,,,,,,,,,,,,,,,,,,,,,,,,,,,,,
stop_intent,stop_unchanged,HON,,226.51,,2026-08-03T00:46:33.427245+00:00,2026-08-03T00:47:38.536146+00:00,initial,5.0,0.175,,,,,,,,,,,,,,,,,,,,,,,,,,,,,,,,,,,,,,,,,,,,,,,,
stop_intent,stop_unchanged,NOW,,97.86,,2026-08-03T00:46:33.427248+00:00,2026-08-03T00:47:38.577913+00:00,initial,22.0,0.092,,,,,,,,,,,,,,,,,,,,,,,,,,,,,,,,,,,,,,,,,,,,,,,,
entry_signal,skip,XLK,no_state_data,,,2026-08-03T00:47:38.382943+00:00,2026-08-03T00:47:38.619590+00:00,,,,,,,no_state_data,cross_USO_state_vol=mid_vol + state_ext=stretched_down,,,,,1h,,,,,,insample,False,False,,,,,,,,,,,,,,,,,,,,,,,,,,,,,,
state_unavailable,skip,XLK,no_completed_state,,,2026-08-03T00:47:38.390570+00:00,2026-08-03T00:47:38.661602+00:00,,,,,,,,cross_USO_state_vol=mid_vol + state_ext=stretched_down,,,,,1h,,,,,,insample,,,2026-07-31 19:30:00+00:00,175.27999877929688,{},,,,,,,,,,,,,,,,,,,,,,,,,,,
entry_signal,skip,SPY,no_state_data,,,2026-08-03T00:47:38.403713+00:00,2026-08-03T00:47:38.704456+00:00,,,,,,,no_state_data,state_session=afternoon + state_slope=downtrend,,,,,1h,,,,,,insample,False,False,,,,,,,,,,,,,,,,,,,,,,,,,,,,,,
state_unavailable,skip,SPY,no_completed_state,,,2026-08-03T00:47:38.410727+00:00,2026-08-03T00:47:38.755675+00:00,,,,,,,,state_session=afternoon + state_slope=downtrend,,,,,1h,,,,,,insample,,,2026-07-31 19:30:00+00:00,746.8099975585938,{},,,,,,,,,,,,,,,,,,,,,,,,,,,
stop_intent,stop_unchanged,AEP,,123.2271,,2026-08-03T01:46:18.145615+00:00,2026-08-03T01:47:10.414737+00:00,initial,7.0,-0.248,,,,,,,,,,,,,,,,,,,,,,,,,,,,,,,,,,,,,,,,,,,,,,,,
stop_intent,stop_unchanged,ASML,,1510.2835,,2026-08-03T01:46:18.145623+00:00,2026-08-03T01:47:10.455939+00:00,initial,1.0,-0.107,,,,,,,,,,,,,,,,,,,,,,,,,,,,,,,,,,,,,,,,,,,,,,,,
stop_intent,stop_unchanged,CRWD,,210.7,,2026-08-03T01:46:18.145628+00:00,2026-08-03T01:47:10.495881+00:00,initial,13.0,-0.12,,,,,,,,,,,,,,,,,,,,,,,,,,,,,,,,,,,,,,,,,,,,,,,,
stop_intent,stop_unchanged,HON,,226.51,,2026-08-03T01:46:18.145632+00:00,2026-08-03T01:47:10.536068+00:00,initial,5.0,0.175,,,,,,,,,,,,,,,,,,,,,,,,,,,,,,,,,,,,,,,,,,,,,,,,
stop_intent,stop_unchanged,NOW,,97.86,,2026-08-03T01:46:18.145635+00:00,2026-08-03T01:47:10.576239+00:00,initial,22.0,0.113,,,,,,,,,,,,,,,,,,,,,,,,,,,,,,,,,,,,,,,,,,,,,,,,
entry_signal,skip,XLK,no_state_data,,,2026-08-03T01:47:10.390696+00:00,2026-08-03T01:47:10.616171+00:00,,,,,,,no_state_data,cross_USO_state_vol=mid_vol + state_ext=stretched_down,,,,,1h,,,,,,insample,False,False,,,,,,,,,,,,,,,,,,,,,,,,,,,,,,
state_unavailable,skip,XLK,no_completed_state,,,2026-08-03T01:47:10.397192+00:00,2026-08-03T01:47:10.656924+00:00,,,,,,,,cross_USO_state_vol=mid_vol + state_ext=stretched_down,,,,,1h,,,,,,insample,,,2026-07-31 19:30:00+00:00,175.27999877929688,{},,,,,,,,,,,,,,,,,,,,,,,,,,,
entry_signal,skip,SPY,no_state_data,,,2026-08-03T01:47:10.408578+00:00,2026-08-03T01:47:10.697999+00:00,,,,,,,no_state_data,state_session=afternoon + state_slope=downtrend,,,,,1h,,,,,,insample,False,False,,,,,,,,,,,,,,,,,,,,,,,,,,,,,,
state_unavailable,skip,SPY,no_completed_state,,,2026-08-03T01:47:10.414679+00:00,2026-08-03T01:47:10.738335+00:00,,,,,,,,state_session=afternoon + state_slope=downtrend,,,,,1h,,,,,,insample,,,2026-07-31 19:30:00+00:00,746.8099975585938,{},,,,,,,,,,,,,,,,,,,,,,,,,,,
stop_intent,stop_unchanged,AEP,,123.2271,,2026-08-03T02:46:14.252622+00:00,2026-08-03T02:47:05.813074+00:00,initial,7.0,-0.248,,,,,,,,,,,,,,,,,,,,,,,,,,,,,,,,,,,,,,,,,,,,,,,,
stop_intent,stop_unchanged,ASML,,1510.2835,,2026-08-03T02:46:14.252632+00:00,2026-08-03T02:47:05.854434+00:00,initial,1.0,-0.045,,,,,,,,,,,,,,,,,,,,,,,,,,,,,,,,,,,,,,,,,,,,,,,,
stop_intent,stop_unchanged,CRWD,,210.7,,2026-08-03T02:46:14.252639+00:00,2026-08-03T02:47:05.894410+00:00,initial,13.0,-0.165,,,,,,,,,,,,,,,,,,,,,,,,,,,,,,,,,,,,,,,,,,,,,,,,
stop_intent,stop_unchanged,HON,,226.51,,2026-08-03T02:46:14.252646+00:00,2026-08-03T02:47:05.934321+00:00,initial,5.0,0.175,,,,,,,,,,,,,,,,,,,,,,,,,,,,,,,,,,,,,,,,,,,,,,,,
stop_intent,stop_unchanged,NOW,,97.86,,2026-08-03T02:46:14.252651+00:00,2026-08-03T02:47:05.974145+00:00,initial,22.0,0.134,,,,,,,,,,,,,,,,,,,,,,,,,,,,,,,,,,,,,,,,,,,,,,,,
entry_signal,skip,XLK,no_state_data,,,2026-08-03T02:47:05.787834+00:00,2026-08-03T02:47:06.013901+00:00,,,,,,,no_state_data,cross_USO_state_vol=mid_vol + state_ext=stretched_down,,,,,1h,,,,,,insample,False,False,,,,,,,,,,,,,,,,,,,,,,,,,,,,,,
state_unavailable,skip,XLK,no_completed_state,,,2026-08-03T02:47:05.794370+00:00,2026-08-03T02:47:06.054727+00:00,,,,,,,,cross_USO_state_vol=mid_vol + state_ext=stretched_down,,,,,1h,,,,,,insample,,,2026-07-31 19:30:00+00:00,175.27999877929688,{},,,,,,,,,,,,,,,,,,,,,,,,,,,
entry_signal,skip,SPY,no_state_data,,,2026-08-03T02:47:05.806502+00:00,2026-08-03T02:47:06.095569+00:00,,,,,,,no_state_data,state_session=afternoon + state_slope=downtrend,,,,,1h,,,,,,insample,False,False,,,,,,,,,,,,,,,,,,,,,,,,,,,,,,
state_unavailable,skip,SPY,no_completed_state,,,2026-08-03T02:47:05.813012+00:00,2026-08-03T02:47:06.136047+00:00,,,,,,,,state_session=afternoon + state_slope=downtrend,,,,,1h,,,,,,insample,,,2026-07-31 19:30:00+00:00,746.8099975585938,{},,,,,,,,,,,,,,,,,,,,,,,,,,,
stop_intent,stop_unchanged,AEP,,123.2271,,2026-08-03T03:46:27.613637+00:00,2026-08-03T03:47:31.450697+00:00,initial,7.0,-0.248,,,,,,,,,,,,,,,,,,,,,,,,,,,,,,,,,,,,,,,,,,,,,,,,
stop_intent,stop_unchanged,ASML,,1510.2835,,2026-08-03T03:46:27.613650+00:00,2026-08-03T03:47:31.493816+00:00,initial,1.0,-0.081,,,,,,,,,,,,,,,,,,,,,,,,,,,,,,,,,,,,,,,,,,,,,,,,
stop_intent,stop_unchanged,CRWD,,210.7,,2026-08-03T03:46:27.613657+00:00,2026-08-03T03:47:31.535561+00:00,initial,13.0,-0.156,,,,,,,,,,,,,,,,,,,,,,,,,,,,,,,,,,,,,,,,,,,,,,,,
stop_intent,stop_unchanged,HON,,226.51,,2026-08-03T03:46:27.613662+00:00,2026-08-03T03:47:31.577952+00:00,initial,5.0,0.175,,,,,,,,,,,,,,,,,,,,,,,,,,,,,,,,,,,,,,,,,,,,,,,,
stop_intent,stop_unchanged,NOW,,97.86,,2026-08-03T03:46:27.613667+00:00,2026-08-03T03:47:31.618981+00:00,initial,22.0,0.103,,,,,,,,,,,,,,,,,,,,,,,,,,,,,,,,,,,,,,,,,,,,,,,,
entry_signal,skip,XLK,no_state_data,,,2026-08-03T03:47:31.424234+00:00,2026-08-03T03:47:31.659849+00:00,,,,,,,no_state_data,cross_USO_state_vol=mid_vol + state_ext=stretched_down,,,,,1h,,,,,,insample,False,False,,,,,,,,,,,,,,,,,,,,,,,,,,,,,,
state_unavailable,skip,XLK,no_completed_state,,,2026-08-03T03:47:31.431122+00:00,2026-08-03T03:47:31.701457+00:00,,,,,,,,cross_USO_state_vol=mid_vol + state_ext=stretched_down,,,,,1h,,,,,,insample,,,2026-07-31 19:30:00+00:00,175.27999877929688,{},,,,,,,,,,,,,,,,,,,,,,,,,,,
entry_signal,skip,SPY,no_state_data,,,2026-08-03T03:47:31.443579+00:00,2026-08-03T03:47:31.743600+00:00,,,,,,,no_state_data,state_session=afternoon + state_slope=downtrend,,,,,1h,,,,,,insample,False,False,,,,,,,,,,,,,,,,,,,,,,,,,,,,,,
state_unavailable,skip,SPY,no_completed_state,,,2026-08-03T03:47:31.450640+00:00,2026-08-03T03:47:31.785419+00:00,,,,,,,,state_session=afternoon + state_slope=downtrend,,,,,1h,,,,,,insample,,,2026-07-31 19:30:00+00:00,746.8099975585938,{},,,,,,,,,,,,,,,,,,,,,,,,,,,
stop_intent,stop_unchanged,AEP,,123.2271,,2026-08-03T04:46:28.159461+00:00,2026-08-03T04:46:28.246719+00:00,initial,7.0,-0.248,,,,,,,,,,,,,,,,,,,,,,,,,,,,,,,,,,,,,,,,,,,,,,,,
stop_intent,stop_unchanged,ASML,,1510.2835,,2026-08-03T04:46:28.159470+00:00,2026-08-03T04:46:28.290648+00:00,initial,1.0,-0.082,,,,,,,,,,,,,,,,,,,,,,,,,,,,,,,,,,,,,,,,,,,,,,,,
stop_intent,stop_unchanged,CRWD,,210.7,,2026-08-03T04:46:28.159474+00:00,2026-08-03T04:46:28.332449+00:00,initial,13.0,-0.157,,,,,,,,,,,,,,,,,,,,,,,,,,,,,,,,,,,,,,,,,,,,,,,,
stop_intent,stop_unchanged,HON,,226.51,,2026-08-03T04:46:28.159478+00:00,2026-08-03T04:46:28.373765+00:00,initial,5.0,0.175,,,,,,,,,,,,,,,,,,,,,,,,,,,,,,,,,,,,,,,,,,,,,,,,
stop_intent,stop_unchanged,NOW,,97.86,,2026-08-03T04:46:28.159481+00:00,2026-08-03T04:46:28.414955+00:00,initial,22.0,0.084,,,,,,,,,,,,,,,,,,,,,,,,,,,,,,,,,,,,,,,,,,,,,,,,
entry_signal,skip,XLF,no_state_data,,,2026-08-03T04:46:28.174834+00:00,2026-08-03T04:46:28.456101+00:00,,,,,,,no_state_data,state_ext=stretched_up + state_slope=flat,,,,,1d,,,,,,insample,False,False,,,,,,,,,,,,,,,,,,,,,,,,,,,,,,
state_unavailable,skip,XLF,no_completed_state,,,2026-08-03T04:46:28.182661+00:00,2026-08-03T04:46:28.497552+00:00,,,,,,,,state_ext=stretched_up + state_slope=flat,,,,,1d,,,,,,insample,,,2026-07-31 04:00:00+00:00,56.93999862670898,{},,,,,,,,,,,,,,,,,,,,,,,,,,,
entry_signal,skip,XLK,no_state_data,,,2026-08-03T04:46:28.198411+00:00,2026-08-03T04:46:28.539339+00:00,,,,,,,no_state_data,cross_TLT_state_slope=uptrend + state_ext=neutral,,,,,1d,,,,,,insample,False,False,,,,,,,,,,,,,,,,,,,,,,,,,,,,,,
state_unavailable,skip,XLK,no_completed_state,,,2026-08-03T04:46:28.206691+00:00,2026-08-03T04:46:28.581035+00:00,,,,,,,,cross_TLT_state_slope=uptrend + state_ext=neutral,,,,,1d,,,,,,insample,,,2026-07-31 04:00:00+00:00,175.35000610351562,{},,,,,,,,,,,,,,,,,,,,,,,,,,,
entry_signal,skip,XLK,no_state_data,,,2026-08-03T04:46:28.220576+00:00,2026-08-03T04:46:28.622440+00:00,,,,,,,no_state_data,cross_USO_state_vol=mid_vol + state_ext=stretched_down,,,,,1h,,,,,,insample,False,False,,,,,,,,,,,,,,,,,,,,,,,,,,,,,,
state_unavailable,skip,XLK,no_completed_state,,,2026-08-03T04:46:28.227502+00:00,2026-08-03T04:46:28.691364+00:00,,,,,,,,cross_USO_state_vol=mid_vol + state_ext=stretched_down,,,,,1h,,,,,,insample,,,2026-07-31 19:30:00+00:00,175.27999877929688,{},,,,,,,,,,,,,,,,,,,,,,,,,,,
entry_signal,skip,SPY,no_state_data,,,2026-08-03T04:46:28.240158+00:00,2026-08-03T04:46:28.733548+00:00,,,,,,,no_state_data,state_session=afternoon + state_slope=downtrend,,,,,1h,,,,,,insample,False,False,,,,,,,,,,,,,,,,,,,,,,,,,,,,,,
state_unavailable,skip,SPY,no_completed_state,,,2026-08-03T04:46:28.246667+00:00,2026-08-03T04:46:28.775563+00:00,,,,,,,,state_session=afternoon + state_slope=downtrend,,,,,1h,,,,,,insample,,,2026-07-31 19:30:00+00:00,746.8099975585938,{},,,,,,,,,,,,,,,,,,,,,,,,,,,
stop_intent,stop_unchanged,AEP,,123.2271,,2026-08-03T05:46:09.616100+00:00,2026-08-03T05:46:09.711892+00:00,initial,7.0,-0.248,,,,,,,,,,,,,,,,,,,,,,,,,,,,,,,,,,,,,,,,,,,,,,,,
stop_intent,stop_unchanged,ASML,,1510.2835,,2026-08-03T05:46:09.616110+00:00,2026-08-03T05:46:09.755367+00:00,initial,1.0,-0.05,,,,,,,,,,,,,,,,,,,,,,,,,,,,,,,,,,,,,,,,,,,,,,,,
stop_intent,stop_unchanged,CRWD,,210.7,,2026-08-03T05:46:09.616117+00:00,2026-08-03T05:46:09.795696+00:00,initial,13.0,-0.139,,,,,,,,,,,,,,,,,,,,,,,,,,,,,,,,,,,,,,,,,,,,,,,,
stop_intent,stop_unchanged,HON,,226.51,,2026-08-03T05:46:09.616123+00:00,2026-08-03T05:46:09.835734+00:00,initial,5.0,0.175,,,,,,,,,,,,,,,,,,,,,,,,,,,,,,,,,,,,,,,,,,,,,,,,
stop_intent,stop_unchanged,NOW,,97.86,,2026-08-03T05:46:09.616128+00:00,2026-08-03T05:46:09.875861+00:00,initial,22.0,0.076,,,,,,,,,,,,,,,,,,,,,,,,,,,,,,,,,,,,,,,,,,,,,,,,
entry_signal,skip,XLF,no_state_data,,,2026-08-03T05:46:09.635631+00:00,2026-08-03T05:46:09.916149+00:00,,,,,,,no_state_data,state_ext=stretched_up + state_slope=flat,,,,,1d,,,,,,insample,False,False,,,,,,,,,,,,,,,,,,,,,,,,,,,,,,
state_unavailable,skip,XLF,no_completed_state,,,2026-08-03T05:46:09.645733+00:00,2026-08-03T05:46:09.957025+00:00,,,,,,,,state_ext=stretched_up + state_slope=flat,,,,,1d,,,,,,insample,,,2026-07-31 04:00:00+00:00,56.93999862670898,{},,,,,,,,,,,,,,,,,,,,,,,,,,,
entry_signal,skip,XLK,no_state_data,,,2026-08-03T05:46:09.661612+00:00,2026-08-03T05:46:09.997793+00:00,,,,,,,no_state_data,cross_TLT_state_slope=uptrend + state_ext=neutral,,,,,1d,,,,,,insample,False,False,,,,,,,,,,,,,,,,,,,,,,,,,,,,,,
state_unavailable,skip,XLK,no_completed_state,,,2026-08-03T05:46:09.669894+00:00,2026-08-03T05:46:10.038647+00:00,,,,,,,,cross_TLT_state_slope=uptrend + state_ext=neutral,,,,,1d,,,,,,insample,,,2026-07-31 04:00:00+00:00,175.35000610351562,{},,,,,,,,,,,,,,,,,,,,,,,,,,,
entry_signal,skip,XLK,no_state_data,,,2026-08-03T05:46:09.684730+00:00,2026-08-03T05:46:10.079573+00:00,,,,,,,no_state_data,cross_USO_state_vol=mid_vol + state_ext=stretched_down,,,,,1h,,,,,,insample,False,False,,,,,,,,,,,,,,,,,,,,,,,,,,,,,,
state_unavailable,skip,XLK,no_completed_state,,,2026-08-03T05:46:09.691644+00:00,2026-08-03T05:46:10.148872+00:00,,,,,,,,cross_USO_state_vol=mid_vol + state_ext=stretched_down,,,,,1h,,,,,,insample,,,2026-07-31 19:30:00+00:00,175.27999877929688,{},,,,,,,,,,,,,,,,,,,,,,,,,,,
entry_signal,skip,SPY,no_state_data,,,2026-08-03T05:46:09.705754+00:00,2026-08-03T05:46:10.190031+00:00,,,,,,,no_state_data,state_session=afternoon + state_slope=downtrend,,,,,1h,,,,,,insample,False,False,,,,,,,,,,,,,,,,,,,,,,,,,,,,,,
state_unavailable,skip,SPY,no_completed_state,,,2026-08-03T05:46:09.711840+00:00,2026-08-03T05:46:10.230703+00:00,,,,,,,,state_session=afternoon + state_slope=downtrend,,,,,1h,,,,,,insample,,,2026-07-31 19:30:00+00:00,746.8099975585938,{},,,,,,,,,,,,,,,,,,,,,,,,,,,
stop_intent,stop_unchanged,AEP,,123.2271,,2026-08-03T06:46:04.582691+00:00,2026-08-03T06:46:04.669705+00:00,initial,7.0,-0.248,,,,,,,,,,,,,,,,,,,,,,,,,,,,,,,,,,,,,,,,,,,,,,,,
stop_intent,stop_unchanged,ASML,,1510.2835,,2026-08-03T06:46:04.582699+00:00,2026-08-03T06:46:04.712780+00:00,initial,1.0,-0.069,,,,,,,,,,,,,,,,,,,,,,,,,,,,,,,,,,,,,,,,,,,,,,,,
stop_intent,stop_unchanged,CRWD,,210.7,,2026-08-03T06:46:04.582703+00:00,2026-08-03T06:46:04.753978+00:00,initial,13.0,-0.148,,,,,,,,,,,,,,,,,,,,,,,,,,,,,,,,,,,,,,,,,,,,,,,,
stop_intent,stop_unchanged,HON,,226.51,,2026-08-03T06:46:04.582708+00:00,2026-08-03T06:46:04.794654+00:00,initial,5.0,0.175,,,,,,,,,,,,,,,,,,,,,,,,,,,,,,,,,,,,,,,,,,,,,,,,
stop_intent,stop_unchanged,NOW,,97.86,,2026-08-03T06:46:04.582711+00:00,2026-08-03T06:46:04.835342+00:00,initial,22.0,0.07,,,,,,,,,,,,,,,,,,,,,,,,,,,,,,,,,,,,,,,,,,,,,,,,
entry_signal,skip,XLF,no_state_data,,,2026-08-03T06:46:04.597376+00:00,2026-08-03T06:46:04.876818+00:00,,,,,,,no_state_data,state_ext=stretched_up + state_slope=flat,,,,,1d,,,,,,insample,False,False,,,,,,,,,,,,,,,,,,,,,,,,,,,,,,
state_unavailable,skip,XLF,no_completed_state,,,2026-08-03T06:46:04.607555+00:00,2026-08-03T06:46:04.919103+00:00,,,,,,,,state_ext=stretched_up + state_slope=flat,,,,,1d,,,,,,insample,,,2026-07-31 04:00:00+00:00,56.93999862670898,{},,,,,,,,,,,,,,,,,,,,,,,,,,,
entry_signal,skip,XLK,no_state_data,,,2026-08-03T06:46:04.624299+00:00,2026-08-03T06:46:04.961002+00:00,,,,,,,no_state_data,cross_TLT_state_slope=uptrend + state_ext=neutral,,,,,1d,,,,,,insample,False,False,,,,,,,,,,,,,,,,,,,,,,,,,,,,,,
state_unavailable,skip,XLK,no_completed_state,,,2026-08-03T06:46:04.631730+00:00,2026-08-03T06:46:05.003155+00:00,,,,,,,,cross_TLT_state_slope=uptrend + state_ext=neutral,,,,,1d,,,,,,insample,,,2026-07-31 04:00:00+00:00,175.35000610351562,{},,,,,,,,,,,,,,,,,,,,,,,,,,,
entry_signal,skip,XLK,no_state_data,,,2026-08-03T06:46:04.645005+00:00,2026-08-03T06:46:05.044779+00:00,,,,,,,no_state_data,cross_USO_state_vol=mid_vol + state_ext=stretched_down,,,,,1h,,,,,,insample,False,False,,,,,,,,,,,,,,,,,,,,,,,,,,,,,,
state_unavailable,skip,XLK,no_completed_state,,,2026-08-03T06:46:04.651813+00:00,2026-08-03T06:46:05.113806+00:00,,,,,,,,cross_USO_state_vol=mid_vol + state_ext=stretched_down,,,,,1h,,,,,,insample,,,2026-07-31 19:30:00+00:00,175.27999877929688,{},,,,,,,,,,,,,,,,,,,,,,,,,,,
entry_signal,skip,SPY,no_state_data,,,2026-08-03T06:46:04.663363+00:00,2026-08-03T06:46:05.156035+00:00,,,,,,,no_state_data,state_session=afternoon + state_slope=downtrend,,,,,1h,,,,,,insample,False,False,,,,,,,,,,,,,,,,,,,,,,,,,,,,,,
state_unavailable,skip,SPY,no_completed_state,,,2026-08-03T06:46:04.669655+00:00,2026-08-03T06:46:05.198320+00:00,,,,,,,,state_session=afternoon + state_slope=downtrend,,,,,1h,,,,,,insample,,,2026-07-31 19:30:00+00:00,746.8099975585938,{},,,,,,,,,,,,,,,,,,,,,,,,,,,
stop_intent,stop_unchanged,AEP,,123.2271,,2026-08-03T07:46:55.993276+00:00,2026-08-03T07:46:56.098407+00:00,initial,7.0,-0.248,,,,,,,,,,,,,,,,,,,,,,,,,,,,,,,,,,,,,,,,,,,,,,,,
stop_intent,stop_unchanged,ASML,,1510.2835,,2026-08-03T07:46:55.993284+00:00,2026-08-03T07:46:56.144558+00:00,initial,1.0,-0.162,,,,,,,,,,,,,,,,,,,,,,,,,,,,,,,,,,,,,,,,,,,,,,,,
stop_intent,stop_unchanged,CRWD,,210.7,,2026-08-03T07:46:55.993289+00:00,2026-08-03T07:46:56.189158+00:00,initial,13.0,-0.142,,,,,,,,,,,,,,,,,,,,,,,,,,,,,,,,,,,,,,,,,,,,,,,,
stop_intent,stop_unchanged,HON,,226.51,,2026-08-03T07:46:55.993293+00:00,2026-08-03T07:46:56.232918+00:00,initial,5.0,0.175,,,,,,,,,,,,,,,,,,,,,,,,,,,,,,,,,,,,,,,,,,,,,,,,
stop_intent,stop_unchanged,NOW,,97.86,,2026-08-03T07:46:55.993297+00:00,2026-08-03T07:46:56.276564+00:00,initial,22.0,0.124,,,,,,,,,,,,,,,,,,,,,,,,,,,,,,,,,,,,,,,,,,,,,,,,
entry_signal,skip,XLF,no_state_data,,,2026-08-03T07:46:56.015645+00:00,2026-08-03T07:46:56.320533+00:00,,,,,,,no_state_data,state_ext=stretched_up + state_slope=flat,,,,,1d,,,,,,insample,False,False,,,,,,,,,,,,,,,,,,,,,,,,,,,,,,
state_unavailable,skip,XLF,no_completed_state,,,2026-08-03T07:46:56.025021+00:00,2026-08-03T07:46:56.364932+00:00,,,,,,,,state_ext=stretched_up + state_slope=flat,,,,,1d,,,,,,insample,,,2026-07-31 04:00:00+00:00,56.93999862670898,{},,,,,,,,,,,,,,,,,,,,,,,,,,,
entry_signal,skip,XLK,no_state_data,,,2026-08-03T07:46:56.042158+00:00,2026-08-03T07:46:56.409253+00:00,,,,,,,no_state_data,cross_TLT_state_slope=uptrend + state_ext=neutral,,,,,1d,,,,,,insample,False,False,,,,,,,,,,,,,,,,,,,,,,,,,,,,,,
state_unavailable,skip,XLK,no_completed_state,,,2026-08-03T07:46:56.051935+00:00,2026-08-03T07:46:56.453728+00:00,,,,,,,,cross_TLT_state_slope=uptrend + state_ext=neutral,,,,,1d,,,,,,insample,,,2026-07-31 04:00:00+00:00,175.35000610351562,{},,,,,,,,,,,,,,,,,,,,,,,,,,,
entry_signal,skip,XLK,no_state_data,,,2026-08-03T07:46:56.067574+00:00,2026-08-03T07:46:56.498825+00:00,,,,,,,no_state_data,cross_USO_state_vol=mid_vol + state_ext=stretched_down,,,,,1h,,,,,,insample,False,False,,,,,,,,,,,,,,,,,,,,,,,,,,,,,,
state_unavailable,skip,XLK,no_completed_state,,,2026-08-03T07:46:56.075793+00:00,2026-08-03T07:46:56.582214+00:00,,,,,,,,cross_USO_state_vol=mid_vol + state_ext=stretched_down,,,,,1h,,,,,,insample,,,2026-07-31 19:30:00+00:00,175.27999877929688,{},,,,,,,,,,,,,,,,,,,,,,,,,,,
entry_signal,skip,SPY,no_state_data,,,2026-08-03T07:46:56.090252+00:00,2026-08-03T07:46:56.626851+00:00,,,,,,,no_state_data,state_session=afternoon + state_slope=downtrend,,,,,1h,,,,,,insample,False,False,,,,,,,,,,,,,,,,,,,,,,,,,,,,,,
state_unavailable,skip,SPY,no_completed_state,,,2026-08-03T07:46:56.098357+00:00,2026-08-03T07:46:56.671736+00:00,,,,,,,,state_session=afternoon + state_slope=downtrend,,,,,1h,,,,,,insample,,,2026-07-31 19:30:00+00:00,746.8099975585938,{},,,,,,,,,,,,,,,,,,,,,,,,,,,
stop_intent,stop_unchanged,AEP,,123.2271,,2026-08-03T08:46:46.945369+00:00,2026-08-03T08:46:47.031767+00:00,initial,7.0,-0.057,,,,,,,,,,,,,,,,,,,,,,,,,,,,,,,,,,,,,,,,,,,,,,,,
stop_intent,stop_unchanged,ASML,,1510.2835,,2026-08-03T08:46:46.945376+00:00,2026-08-03T08:46:47.076361+00:00,initial,1.0,-0.164,,,,,,,,,,,,,,,,,,,,,,,,,,,,,,,,,,,,,,,,,,,,,,,,
stop_intent,stop_unchanged,CRWD,,210.7,,2026-08-03T08:46:46.945381+00:00,2026-08-03T08:46:47.122375+00:00,initial,13.0,-0.245,,,,,,,,,,,,,,,,,,,,,,,,,,,,,,,,,,,,,,,,,,,,,,,,
stop_intent,stop_unchanged,HON,,226.51,,2026-08-03T08:46:46.945385+00:00,2026-08-03T08:46:47.163901+00:00,initial,5.0,0.175,,,,,,,,,,,,,,,,,,,,,,,,,,,,,,,,,,,,,,,,,,,,,,,,
stop_intent,stop_unchanged,NOW,,97.86,,2026-08-03T08:46:46.945388+00:00,2026-08-03T08:46:47.205204+00:00,initial,22.0,0.186,,,,,,,,,,,,,,,,,,,,,,,,,,,,,,,,,,,,,,,,,,,,,,,,
entry_signal,skip,XLF,no_state_data,,,2026-08-03T08:46:46.961641+00:00,2026-08-03T08:46:47.246527+00:00,,,,,,,no_state_data,state_ext=stretched_up + state_slope=flat,,,,,1d,,,,,,insample,False,False,,,,,,,,,,,,,,,,,,,,,,,,,,,,,,
state_unavailable,skip,XLF,no_completed_state,,,2026-08-03T08:46:46.968910+00:00,2026-08-03T08:46:47.291482+00:00,,,,,,,,state_ext=stretched_up + state_slope=flat,,,,,1d,,,,,,insample,,,2026-07-31 04:00:00+00:00,56.93999862670898,{},,,,,,,,,,,,,,,,,,,,,,,,,,,
entry_signal,skip,XLK,no_state_data,,,2026-08-03T08:46:46.983541+00:00,2026-08-03T08:46:47.333456+00:00,,,,,,,no_state_data,cross_TLT_state_slope=uptrend + state_ext=neutral,,,,,1d,,,,,,insample,False,False,,,,,,,,,,,,,,,,,,,,,,,,,,,,,,
state_unavailable,skip,XLK,no_completed_state,,,2026-08-03T08:46:46.991189+00:00,2026-08-03T08:46:47.375167+00:00,,,,,,,,cross_TLT_state_slope=uptrend + state_ext=neutral,,,,,1d,,,,,,insample,,,2026-07-31 04:00:00+00:00,175.35000610351562,{},,,,,,,,,,,,,,,,,,,,,,,,,,,
entry_signal,skip,XLK,no_state_data,,,2026-08-03T08:46:47.006026+00:00,2026-08-03T08:46:47.416973+00:00,,,,,,,no_state_data,cross_USO_state_vol=mid_vol + state_ext=stretched_down,,,,,1h,,,,,,insample,False,False,,,,,,,,,,,,,,,,,,,,,,,,,,,,,,
state_unavailable,skip,XLK,no_completed_state,,,2026-08-03T08:46:47.013220+00:00,2026-08-03T08:46:47.487370+00:00,,,,,,,,cross_USO_state_vol=mid_vol + state_ext=stretched_down,,,,,1h,,,,,,insample,,,2026-07-31 19:30:00+00:00,175.27999877929688,{},,,,,,,,,,,,,,,,,,,,,,,,,,,
entry_signal,skip,SPY,no_state_data,,,2026-08-03T08:46:47.025283+00:00,2026-08-03T08:46:47.530404+00:00,,,,,,,no_state_data,state_session=afternoon + state_slope=downtrend,,,,,1h,,,,,,insample,False,False,,,,,,,,,,,,,,,,,,,,,,,,,,,,,,
state_unavailable,skip,SPY,no_completed_state,,,2026-08-03T08:46:47.031721+00:00,2026-08-03T08:46:47.572488+00:00,,,,,,,,state_session=afternoon + state_slope=downtrend,,,,,1h,,,,,,insample,,,2026-07-31 19:30:00+00:00,746.8099975585938,{},,,,,,,,,,,,,,,,,,,,,,,,,,,
stop_intent,stop_unchanged,AEP,,123.2271,,2026-08-03T09:46:27.293093+00:00,2026-08-03T09:46:27.394721+00:00,initial,7.0,-0.057,,,,,,,,,,,,,,,,,,,,,,,,,,,,,,,,,,,,,,,,,,,,,,,,
stop_intent,stop_unchanged,ASML,,1510.2835,,2026-08-03T09:46:27.293103+00:00,2026-08-03T09:46:27.438956+00:00,initial,1.0,-0.188,,,,,,,,,,,,,,,,,,,,,,,,,,,,,,,,,,,,,,,,,,,,,,,,
stop_intent,stop_unchanged,CRWD,,210.7,,2026-08-03T09:46:27.293110+00:00,2026-08-03T09:46:27.481680+00:00,initial,13.0,-0.369,,,,,,,,,,,,,,,,,,,,,,,,,,,,,,,,,,,,,,,,,,,,,,,,
stop_intent,stop_unchanged,HON,,226.51,,2026-08-03T09:46:27.293117+00:00,2026-08-03T09:46:27.524467+00:00,initial,5.0,0.175,,,,,,,,,,,,,,,,,,,,,,,,,,,,,,,,,,,,,,,,,,,,,,,,
stop_intent,stop_unchanged,NOW,,97.86,,2026-08-03T09:46:27.293123+00:00,2026-08-03T09:46:27.567726+00:00,initial,22.0,0.24,,,,,,,,,,,,,,,,,,,,,,,,,,,,,,,,,,,,,,,,,,,,,,,,
entry_signal,skip,XLF,no_state_data,,,2026-08-03T09:46:27.314184+00:00,2026-08-03T09:46:27.609837+00:00,,,,,,,no_state_data,state_ext=stretched_up + state_slope=flat,,,,,1d,,,,,,insample,False,False,,,,,,,,,,,,,,,,,,,,,,,,,,,,,,
state_unavailable,skip,XLF,no_completed_state,,,2026-08-03T09:46:27.326644+00:00,2026-08-03T09:46:27.653134+00:00,,,,,,,,state_ext=stretched_up + state_slope=flat,,,,,1d,,,,,,insample,,,2026-07-31 04:00:00+00:00,56.93999862670898,{},,,,,,,,,,,,,,,,,,,,,,,,,,,
entry_signal,skip,XLK,no_state_data,,,2026-08-03T09:46:27.341603+00:00,2026-08-03T09:46:27.697295+00:00,,,,,,,no_state_data,cross_TLT_state_slope=uptrend + state_ext=neutral,,,,,1d,,,,,,insample,False,False,,,,,,,,,,,,,,,,,,,,,,,,,,,,,,
state_unavailable,skip,XLK,no_completed_state,,,2026-08-03T09:46:27.350313+00:00,2026-08-03T09:46:27.740271+00:00,,,,,,,,cross_TLT_state_slope=uptrend + state_ext=neutral,,,,,1d,,,,,,insample,,,2026-07-31 04:00:00+00:00,175.35000610351562,{},,,,,,,,,,,,,,,,,,,,,,,,,,,
entry_signal,skip,XLK,no_state_data,,,2026-08-03T09:46:27.366805+00:00,2026-08-03T09:46:27.783287+00:00,,,,,,,no_state_data,cross_USO_state_vol=mid_vol + state_ext=stretched_down,,,,,1h,,,,,,insample,False,False,,,,,,,,,,,,,,,,,,,,,,,,,,,,,,
state_unavailable,skip,XLK,no_completed_state,,,2026-08-03T09:46:27.374507+00:00,2026-08-03T09:46:27.857756+00:00,,,,,,,,cross_USO_state_vol=mid_vol + state_ext=stretched_down,,,,,1h,,,,,,insample,,,2026-07-31 19:30:00+00:00,175.27999877929688,{},,,,,,,,,,,,,,,,,,,,,,,,,,,
entry_signal,skip,SPY,no_state_data,,,2026-08-03T09:46:27.387443+00:00,2026-08-03T09:46:27.903806+00:00,,,,,,,no_state_data,state_session=afternoon + state_slope=downtrend,,,,,1h,,,,,,insample,False,False,,,,,,,,,,,,,,,,,,,,,,,,,,,,,,
state_unavailable,skip,SPY,no_completed_state,,,2026-08-03T09:46:27.394674+00:00,2026-08-03T09:46:27.946678+00:00,,,,,,,,state_session=afternoon + state_slope=downtrend,,,,,1h,,,,,,insample,,,2026-07-31 19:30:00+00:00,746.8099975585938,{},,,,,,,,,,,,,,,,,,,,,,,,,,,
stop_intent,stop_unchanged,AEP,,123.2271,,2026-08-03T10:46:06.885061+00:00,2026-08-03T10:46:06.981296+00:00,initial,7.0,-0.057,,,,,,,,,,,,,,,,,,,,,,,,,,,,,,,,,,,,,,,,,,,,,,,,
stop_intent,stop_unchanged,ASML,,1510.2835,,2026-08-03T10:46:06.885069+00:00,2026-08-03T10:46:07.028154+00:00,initial,1.0,-0.235,,,,,,,,,,,,,,,,,,,,,,,,,,,,,,,,,,,,,,,,,,,,,,,,
stop_intent,stop_unchanged,CRWD,,210.7,,2026-08-03T10:46:06.885073+00:00,2026-08-03T10:46:07.073816+00:00,initial,13.0,-0.297,,,,,,,,,,,,,,,,,,,,,,,,,,,,,,,,,,,,,,,,,,,,,,,,
stop_intent,stop_unchanged,HON,,226.51,,2026-08-03T10:46:06.885077+00:00,2026-08-03T10:46:07.120404+00:00,initial,5.0,0.175,,,,,,,,,,,,,,,,,,,,,,,,,,,,,,,,,,,,,,,,,,,,,,,,
stop_intent,stop_unchanged,NOW,,97.86,,2026-08-03T10:46:06.885080+00:00,2026-08-03T10:46:07.166511+00:00,initial,22.0,0.255,,,,,,,,,,,,,,,,,,,,,,,,,,,,,,,,,,,,,,,,,,,,,,,,
entry_signal,skip,XLF,no_state_data,,,2026-08-03T10:46:06.901618+00:00,2026-08-03T10:46:07.212430+00:00,,,,,,,no_state_data,state_ext=stretched_up + state_slope=flat,,,,,1d,,,,,,insample,False,False,,,,,,,,,,,,,,,,,,,,,,,,,,,,,,
state_unavailable,skip,XLF,no_completed_state,,,2026-08-03T10:46:06.911506+00:00,2026-08-03T10:46:07.258974+00:00,,,,,,,,state_ext=stretched_up + state_slope=flat,,,,,1d,,,,,,insample,,,2026-07-31 04:00:00+00:00,56.93999862670898,{},,,,,,,,,,,,,,,,,,,,,,,,,,,
entry_signal,skip,XLK,no_state_data,,,2026-08-03T10:46:06.930979+00:00,2026-08-03T10:46:07.306988+00:00,,,,,,,no_state_data,cross_TLT_state_slope=uptrend + state_ext=neutral,,,,,1d,,,,,,insample,False,False,,,,,,,,,,,,,,,,,,,,,,,,,,,,,,
state_unavailable,skip,XLK,no_completed_state,,,2026-08-03T10:46:06.940781+00:00,2026-08-03T10:46:07.353465+00:00,,,,,,,,cross_TLT_state_slope=uptrend + state_ext=neutral,,,,,1d,,,,,,insample,,,2026-07-31 04:00:00+00:00,175.35000610351562,{},,,,,,,,,,,,,,,,,,,,,,,,,,,
entry_signal,skip,XLK,no_state_data,,,2026-08-03T10:46:06.954778+00:00,2026-08-03T10:46:07.399030+00:00,,,,,,,no_state_data,cross_USO_state_vol=mid_vol + state_ext=stretched_down,,,,,1h,,,,,,insample,False,False,,,,,,,,,,,,,,,,,,,,,,,,,,,,,,
state_unavailable,skip,XLK,no_completed_state,,,2026-08-03T10:46:06.962073+00:00,2026-08-03T10:46:07.471354+00:00,,,,,,,,cross_USO_state_vol=mid_vol + state_ext=stretched_down,,,,,1h,,,,,,insample,,,2026-07-31 19:30:00+00:00,175.27999877929688,{},,,,,,,,,,,,,,,,,,,,,,,,,,,
entry_signal,skip,SPY,no_state_data,,,2026-08-03T10:46:06.974734+00:00,2026-08-03T10:46:07.517723+00:00,,,,,,,no_state_data,state_session=afternoon + state_slope=downtrend,,,,,1h,,,,,,insample,False,False,,,,,,,,,,,,,,,,,,,,,,,,,,,,,,
state_unavailable,skip,SPY,no_completed_state,,,2026-08-03T10:46:06.981244+00:00,2026-08-03T10:46:07.563830+00:00,,,,,,,,state_session=afternoon + state_slope=downtrend,,,,,1h,,,,,,insample,,,2026-07-31 19:30:00+00:00,746.8099975585938,{},,,,,,,,,,,,,,,,,,,,,,,,,,,
stop_intent,stop_unchanged,AEP,,123.2271,,2026-08-03T11:46:12.901051+00:00,2026-08-03T11:46:13.005628+00:00,initial,7.0,-0.057,,,,,,,,,,,,,,,,,,,,,,,,,,,,,,,,,,,,,,,,,,,,,,,,
stop_intent,stop_unchanged,ASML,,1510.2835,,2026-08-03T11:46:12.901060+00:00,2026-08-03T11:46:13.057401+00:00,initial,1.0,-0.302,,,,,,,,,,,,,,,,,,,,,,,,,,,,,,,,,,,,,,,,,,,,,,,,
stop_intent,stop_unchanged,CRWD,,210.7,,2026-08-03T11:46:12.901066+00:00,2026-08-03T11:46:13.107400+00:00,initial,13.0,-0.304,,,,,,,,,,,,,,,,,,,,,,,,,,,,,,,,,,,,,,,,,,,,,,,,
stop_intent,stop_unchanged,HON,,226.51,,2026-08-03T11:46:12.901071+00:00,2026-08-03T11:46:13.156677+00:00,initial,5.0,0.384,,,,,,,,,,,,,,,,,,,,,,,,,,,,,,,,,,,,,,,,,,,,,,,,
stop_intent,stop_unchanged,NOW,,97.86,,2026-08-03T11:46:12.901075+00:00,2026-08-03T11:46:13.205437+00:00,initial,22.0,0.345,,,,,,,,,,,,,,,,,,,,,,,,,,,,,,,,,,,,,,,,,,,,,,,,
entry_signal,skip,XLF,no_state_data,,,2026-08-03T11:46:12.918797+00:00,2026-08-03T11:46:13.254035+00:00,,,,,,,no_state_data,state_ext=stretched_up + state_slope=flat,,,,,1d,,,,,,insample,False,False,,,,,,,,,,,,,,,,,,,,,,,,,,,,,,
state_unavailable,skip,XLF,no_completed_state,,,2026-08-03T11:46:12.930149+00:00,2026-08-03T11:46:13.303924+00:00,,,,,,,,state_ext=stretched_up + state_slope=flat,,,,,1d,,,,,,insample,,,2026-07-31 04:00:00+00:00,56.93999862670898,{},,,,,,,,,,,,,,,,,,,,,,,,,,,
entry_signal,skip,XLK,no_state_data,,,2026-08-03T11:46:12.950526+00:00,2026-08-03T11:46:13.353736+00:00,,,,,,,no_state_data,cross_TLT_state_slope=uptrend + state_ext=neutral,,,,,1d,,,,,,insample,False,False,,,,,,,,,,,,,,,,,,,,,,,,,,,,,,
state_unavailable,skip,XLK,no_completed_state,,,2026-08-03T11:46:12.959806+00:00,2026-08-03T11:46:13.403479+00:00,,,,,,,,cross_TLT_state_slope=uptrend + state_ext=neutral,,,,,1d,,,,,,insample,,,2026-07-31 04:00:00+00:00,175.35000610351562,{},,,,,,,,,,,,,,,,,,,,,,,,,,,
entry_signal,skip,XLK,no_state_data,,,2026-08-03T11:46:12.976211+00:00,2026-08-03T11:46:13.453443+00:00,,,,,,,no_state_data,cross_USO_state_vol=mid_vol + state_ext=stretched_down,,,,,1h,,,,,,insample,False,False,,,,,,,,,,,,,,,,,,,,,,,,,,,,,,
state_unavailable,skip,XLK,no_completed_state,,,2026-08-03T11:46:12.984060+00:00,2026-08-03T11:46:13.536288+00:00,,,,,,,,cross_USO_state_vol=mid_vol + state_ext=stretched_down,,,,,1h,,,,,,insample,,,2026-07-31 19:30:00+00:00,175.27999877929688,{},,,,,,,,,,,,,,,,,,,,,,,,,,,
entry_signal,skip,SPY,no_state_data,,,2026-08-03T11:46:12.997886+00:00,2026-08-03T11:46:13.586310+00:00,,,,,,,no_state_data,state_session=afternoon + state_slope=downtrend,,,,,1h,,,,,,insample,False,False,,,,,,,,,,,,,,,,,,,,,,,,,,,,,,
state_unavailable,skip,SPY,no_completed_state,,,2026-08-03T11:46:13.005568+00:00,2026-08-03T11:46:13.636638+00:00,,,,,,,,state_session=afternoon + state_slope=downtrend,,,,,1h,,,,,,insample,,,2026-07-31 19:30:00+00:00,746.8099975585938,{},,,,,,,,,,,,,,,,,,,,,,,,,,,
stop_intent,stop_unchanged,AEP,,123.2271,,2026-08-03T12:46:30.330310+00:00,2026-08-03T12:46:30.427315+00:00,initial,7.0,-0.063,,,,,,,,,,,,,,,,,,,,,,,,,,,,,,,,,,,,,,,,,,,,,,,,
stop_intent,stop_unchanged,ASML,,1510.2835,,2026-08-03T12:46:30.330319+00:00,2026-08-03T12:46:30.473844+00:00,initial,1.0,-0.333,,,,,,,,,,,,,,,,,,,,,,,,,,,,,,,,,,,,,,,,,,,,,,,,
stop_intent,stop_unchanged,CRWD,,210.7,,2026-08-03T12:46:30.330323+00:00,2026-08-03T12:46:30.518188+00:00,initial,13.0,-0.257,,,,,,,,,,,,,,,,,,,,,,,,,,,,,,,,,,,,,,,,,,,,,,,,
stop_intent,stop_unchanged,HON,,226.51,,2026-08-03T12:46:30.330327+00:00,2026-08-03T12:46:30.562626+00:00,initial,5.0,0.384,,,,,,,,,,,,,,,,,,,,,,,,,,,,,,,,,,,,,,,,,,,,,,,,
stop_intent,stop_unchanged,NOW,,97.86,,2026-08-03T12:46:30.330330+00:00,2026-08-03T12:46:30.606934+00:00,initial,22.0,0.331,,,,,,,,,,,,,,,,,,,,,,,,,,,,,,,,,,,,,,,,,,,,,,,,
entry_signal,skip,XLF,no_state_data,,,2026-08-03T12:46:30.350246+00:00,2026-08-03T12:46:30.651771+00:00,,,,,,,no_state_data,state_ext=stretched_up + state_slope=flat,,,,,1d,,,,,,insample,False,False,,,,,,,,,,,,,,,,,,,,,,,,,,,,,,
state_unavailable,skip,XLF,no_completed_state,,,2026-08-03T12:46:30.360093+00:00,2026-08-03T12:46:30.696584+00:00,,,,,,,,state_ext=stretched_up + state_slope=flat,,,,,1d,,,,,,insample,,,2026-07-31 04:00:00+00:00,56.93999862670898,{},,,,,,,,,,,,,,,,,,,,,,,,,,,
entry_signal,skip,XLK,no_state_data,,,2026-08-03T12:46:30.375325+00:00,2026-08-03T12:46:30.740800+00:00,,,,,,,no_state_data,cross_TLT_state_slope=uptrend + state_ext=neutral,,,,,1d,,,,,,insample,False,False,,,,,,,,,,,,,,,,,,,,,,,,,,,,,,
state_unavailable,skip,XLK,no_completed_state,,,2026-08-03T12:46:30.386238+00:00,2026-08-03T12:46:30.785525+00:00,,,,,,,,cross_TLT_state_slope=uptrend + state_ext=neutral,,,,,1d,,,,,,insample,,,2026-07-31 04:00:00+00:00,175.35000610351562,{},,,,,,,,,,,,,,,,,,,,,,,,,,,
entry_signal,skip,XLK,no_state_data,,,2026-08-03T12:46:30.401325+00:00,2026-08-03T12:46:30.830640+00:00,,,,,,,no_state_data,cross_USO_state_vol=mid_vol + state_ext=stretched_down,,,,,1h,,,,,,insample,False,False,,,,,,,,,,,,,,,,,,,,,,,,,,,,,,
state_unavailable,skip,XLK,no_completed_state,,,2026-08-03T12:46:30.408233+00:00,2026-08-03T12:46:30.907326+00:00,,,,,,,,cross_USO_state_vol=mid_vol + state_ext=stretched_down,,,,,1h,,,,,,insample,,,2026-07-31 19:30:00+00:00,175.27999877929688,{},,,,,,,,,,,,,,,,,,,,,,,,,,,
entry_signal,skip,SPY,no_state_data,,,2026-08-03T12:46:30.420631+00:00,2026-08-03T12:46:30.951543+00:00,,,,,,,no_state_data,state_session=afternoon + state_slope=downtrend,,,,,1h,,,,,,insample,False,False,,,,,,,,,,,,,,,,,,,,,,,,,,,,,,
state_unavailable,skip,SPY,no_completed_state,,,2026-08-03T12:46:30.427260+00:00,2026-08-03T12:46:30.995681+00:00,,,,,,,,state_session=afternoon + state_slope=downtrend,,,,,1h,,,,,,insample,,,2026-07-31 19:30:00+00:00,746.8099975585938,{},,,,,,,,,,,,,,,,,,,,,,,,,,,
stop_intent,stop_state_cleared,CRWD,position no longer open (stopped out or closed by another exit policy),,,2026-08-03T13:46:15.560925+00:00,2026-08-03T13:46:15.634791+00:00,,,,False,,,,,,,,,,,,,,,,,,,,,,,,,,,,,,,,,,,,,,,,,,,,,,,
stop_intent,stop_unchanged,AEP,,123.2271,,2026-08-03T13:46:15.560941+00:00,2026-08-03T13:46:15.676933+00:00,initial,7.0,-0.218,,,,,,,,,,,,,,,,,,,,,,,,,,,,,,,,,,,,,,,,,,,,,,,,
stop_intent,stop_adopted,AMAT,found an existing resting stop order (e0f02e70-1859-43cf-86d0-0dd51f3c3cca) at the broker for AMAT with no local tracked state -- adopting it instead of submitting a duplicate (local state was likely lost/reset),421.18,e0f02e70-1859-43cf-86d0-0dd51f3c3cca,2026-08-03T13:46:15.560946+00:00,2026-08-03T13:46:15.719970+00:00,,,,,,,,,,,,,,,,,,,,,,,,,,,,,,,,,,,,,,,,,,,,,,,,,,,
stop_intent,stop_unchanged,ASML,,1510.2835,,2026-08-03T13:46:15.560950+00:00,2026-08-03T13:46:15.762680+00:00,initial,1.0,-0.348,,,,,,,,,,,,,,,,,,,,,,,,,,,,,,,,,,,,,,,,,,,,,,,,
stop_intent,stop_unchanged,HON,,226.51,,2026-08-03T13:46:15.560953+00:00,2026-08-03T13:46:15.805277+00:00,initial,5.0,0.48,,,,,,,,,,,,,,,,,,,,,,,,,,,,,,,,,,,,,,,,,,,,,,,,
stop_intent,stop_unchanged,NOW,,97.86,,2026-08-03T13:46:15.560956+00:00,2026-08-03T13:46:15.847870+00:00,initial,22.0,0.584,,,,,,,,,,,,,,,,,,,,,,,,,,,,,,,,,,,,,,,,,,,,,,,,
stop_intent,stop_adopted,SMCI,found an existing resting stop order (6f1caaa0-f9bd-47fd-854d-a9b0e5ffa31f) at the broker for SMCI with no local tracked state -- adopting it instead of submitting a duplicate (local state was likely lost/reset),22.8,6f1caaa0-f9bd-47fd-854d-a9b0e5ffa31f,2026-08-03T13:46:15.560959+00:00,2026-08-03T13:46:15.890262+00:00,,,,,,,,,,,,,,,,,,,,,,,,,,,,,,,,,,,,,,,,,,,,,,,,,,,
stop_intent,stop_attached,XLB,,48.6258,b207dd39-fdd7-4147-843b-2e2961f3d9d4,2026-08-03T13:46:15.560962+00:00,2026-08-03T13:46:15.932410+00:00,,,,,,,,,,,,,,,,1.8614,33.51,0.9307,,,,,,,,,,,,,,,,,,,,,,,,,,,,,,,,,
entry_signal,skip,XLF,no_state_data,,,2026-08-03T13:46:15.574934+00:00,2026-08-03T13:46:15.975101+00:00,,,,,,,no_state_data,state_ext=stretched_up + state_slope=flat,,,,,1d,,,,,,insample,False,False,,,,,,,,,,,,,,,,,,,,,,,,,,,,,,
state_unavailable,skip,XLF,no_completed_state,,,2026-08-03T13:46:15.581739+00:00,2026-08-03T13:46:16.018437+00:00,,,,,,,,state_ext=stretched_up + state_slope=flat,,,,,1d,,,,,,insample,,,2026-07-31 04:00:00+00:00,56.93999862670898,{},,,,,,,,,,,,,,,,,,,,,,,,,,,
entry_signal,skip,XLK,no_state_data,,,2026-08-03T13:46:15.593731+00:00,2026-08-03T13:46:16.061420+00:00,,,,,,,no_state_data,cross_TLT_state_slope=uptrend + state_ext=neutral,,,,,1d,,,,,,insample,False,False,,,,,,,,,,,,,,,,,,,,,,,,,,,,,,
state_unavailable,skip,XLK,no_completed_state,,,2026-08-03T13:46:15.600472+00:00,2026-08-03T13:46:16.104559+00:00,,,,,,,,cross_TLT_state_slope=uptrend + state_ext=neutral,,,,,1d,,,,,,insample,,,2026-07-31 04:00:00+00:00,175.35000610351562,{},,,,,,,,,,,,,,,,,,,,,,,,,,,
entry_signal,skip,XLK,no_state_data,,,2026-08-03T13:46:15.611723+00:00,2026-08-03T13:46:16.147934+00:00,,,,,,,no_state_data,cross_USO_state_vol=mid_vol + state_ext=stretched_down,,,,,1h,,,,,,insample,False,False,,,,,,,,,,,,,,,,,,,,,,,,,,,,,,
state_unavailable,skip,XLK,no_completed_state,,,2026-08-03T13:46:15.617679+00:00,2026-08-03T13:46:16.191033+00:00,,,,,,,,cross_USO_state_vol=mid_vol + state_ext=stretched_down,,,,,1h,,,,,,insample,,,2026-07-31 19:30:00+00:00,175.27999877929688,{},,,,,,,,,,,,,,,,,,,,,,,,,,,
entry_signal,skip,SPY,no_state_data,,,2026-08-03T13:46:15.628645+00:00,2026-08-03T13:46:16.260055+00:00,,,,,,,no_state_data,state_session=afternoon + state_slope=downtrend,,,,,1h,,,,,,insample,False,False,,,,,,,,,,,,,,,,,,,,,,,,,,,,,,
state_unavailable,skip,SPY,no_completed_state,,,2026-08-03T13:46:15.634744+00:00,2026-08-03T13:46:16.303790+00:00,,,,,,,,state_session=afternoon + state_slope=downtrend,,,,,1h,,,,,,insample,,,2026-07-31 19:30:00+00:00,746.8099975585938,{},,,,,,,,,,,,,,,,,,,,,,,,,,,
stop_intent,stop_state_cleared,CRWD,position no longer open (stopped out or closed by another exit policy),,,2026-08-03T14:46:15.758238+00:00,2026-08-03T14:46:15.841234+00:00,,,,False,,,,,,,,,,,,,,,,,,,,,,,,,,,,,,,,,,,,,,,,,,,,,,,
stop_intent,stop_unchanged,AEP,,123.2271,,2026-08-03T14:46:15.758248+00:00,2026-08-03T14:46:15.884598+00:00,initial,7.0,-0.05,,,,,,,,,,,,,,,,,,,,,,,,,,,,,,,,,,,,,,,,,,,,,,,,
stop_intent,stop_unchanged,AMAT,,421.18,,2026-08-03T14:46:15.758254+00:00,2026-08-03T14:46:15.926708+00:00,initial,1.0,0.055,,,,,,,,,,,,,,,,,,,,,,,,,,,,,,,,,,,,,,,,,,,,,,,,
stop_intent,stop_unchanged,ASML,,1510.2835,,2026-08-03T14:46:15.758260+00:00,2026-08-03T14:46:15.969107+00:00,initial,1.0,-0.204,,,,,,,,,,,,,,,,,,,,,,,,,,,,,,,,,,,,,,,,,,,,,,,,
stop_intent,stop_unchanged,HON,,226.51,,2026-08-03T14:46:15.758265+00:00,2026-08-03T14:46:16.010994+00:00,initial,5.0,0.574,,,,,,,,,,,,,,,,,,,,,,,,,,,,,,,,,,,,,,,,,,,,,,,,
stop_intent,stop_unchanged,NOW,,97.86,,2026-08-03T14:46:15.758270+00:00,2026-08-03T14:46:16.052789+00:00,initial,22.0,0.335,,,,,,,,,,,,,,,,,,,,,,,,,,,,,,,,,,,,,,,,,,,,,,,,
stop_intent,stop_unchanged,SMCI,,22.8,,2026-08-03T14:46:15.758275+00:00,2026-08-03T14:46:16.094600+00:00,initial,32.0,0.229,,,,,,,,,,,,,,,,,,,,,,,,,,,,,,,,,,,,,,,,,,,,,,,,
stop_intent,stop_unchanged,XLB,,48.6258,,2026-08-03T14:46:15.758281+00:00,2026-08-03T14:46:16.136588+00:00,initial,18.0,0.106,,,,,,,,,,,,,,,,,,,,,,,,,,,,,,,,,,,,,,,,,,,,,,,,
entry_signal,skip,XLF,no_state_data,,,2026-08-03T14:46:15.774890+00:00,2026-08-03T14:46:16.178640+00:00,,,,,,,no_state_data,state_ext=stretched_up + state_slope=flat,,,,,1d,,,,,,insample,False,False,,,,,,,,,,,,,,,,,,,,,,,,,,,,,,
state_unavailable,skip,XLF,no_completed_state,,,2026-08-03T14:46:15.782544+00:00,2026-08-03T14:46:16.221261+00:00,,,,,,,,state_ext=stretched_up + state_slope=flat,,,,,1d,,,,,,insample,,,2026-07-31 04:00:00+00:00,56.93999862670898,{},,,,,,,,,,,,,,,,,,,,,,,,,,,
entry_signal,skip,XLK,no_state_data,,,2026-08-03T14:46:15.795407+00:00,2026-08-03T14:46:16.263814+00:00,,,,,,,no_state_data,cross_TLT_state_slope=uptrend + state_ext=neutral,,,,,1d,,,,,,insample,False,False,,,,,,,,,,,,,,,,,,,,,,,,,,,,,,
state_unavailable,skip,XLK,no_completed_state,,,2026-08-03T14:46:15.805255+00:00,2026-08-03T14:46:16.306712+00:00,,,,,,,,cross_TLT_state_slope=uptrend + state_ext=neutral,,,,,1d,,,,,,insample,,,2026-07-31 04:00:00+00:00,175.35000610351562,{},,,,,,,,,,,,,,,,,,,,,,,,,,,
entry_signal,skip,XLK,no_state_data,,,2026-08-03T14:46:15.818206+00:00,2026-08-03T14:46:16.375948+00:00,,,,,,,no_state_data,cross_USO_state_vol=mid_vol + state_ext=stretched_down,,,,,1h,,,,,,insample,False,False,,,,,,,,,,,,,,,,,,,,,,,,,,,,,,
state_unavailable,skip,XLK,no_completed_state,,,2026-08-03T14:46:15.824196+00:00,2026-08-03T14:46:16.418850+00:00,,,,,,,,cross_USO_state_vol=mid_vol + state_ext=stretched_down,,,,,1h,,,,,,insample,,,2026-07-31 19:30:00+00:00,175.27999877929688,{},,,,,,,,,,,,,,,,,,,,,,,,,,,
entry_signal,skip,SPY,no_state_data,,,2026-08-03T14:46:15.835133+00:00,2026-08-03T14:46:16.461708+00:00,,,,,,,no_state_data,state_session=afternoon + state_slope=downtrend,,,,,1h,,,,,,insample,False,False,,,,,,,,,,,,,,,,,,,,,,,,,,,,,,
state_unavailable,skip,SPY,no_completed_state,,,2026-08-03T14:46:15.841181+00:00,2026-08-03T14:46:16.504574+00:00,,,,,,,,state_session=afternoon + state_slope=downtrend,,,,,1h,,,,,,insample,,,2026-07-31 19:30:00+00:00,746.8099975585938,{},,,,,,,,,,,,,,,,,,,,,,,,,,,
stop_intent,stop_unchanged,AEP,,123.2271,,2026-08-03T15:46:29.549448+00:00,2026-08-03T15:46:29.636010+00:00,initial,7.0,-0.062,,,,,,,,,,,,,,,,,,,,,,,,,,,,,,,,,,,,,,,,,,,,,,,,
stop_intent,stop_unchanged,AMAT,,421.18,,2026-08-03T15:46:29.549462+00:00,2026-08-03T15:46:29.683669+00:00,initial,1.0,0.069,,,,,,,,,,,,,,,,,,,,,,,,,,,,,,,,,,,,,,,,,,,,,,,,
stop_intent,stop_unchanged,ASML,,1510.2835,,2026-08-03T15:46:29.549467+00:00,2026-08-03T15:46:29.728905+00:00,initial,1.0,-0.218,,,,,,,,,,,,,,,,,,,,,,,,,,,,,,,,,,,,,,,,,,,,,,,,
stop_intent,stop_unchanged,HON,,226.51,,2026-08-03T15:46:29.549471+00:00,2026-08-03T15:46:29.774882+00:00,initial,5.0,0.476,,,,,,,,,,,,,,,,,,,,,,,,,,,,,,,,,,,,,,,,,,,,,,,,
stop_intent,stop_adopted,KLAC,found an existing resting stop order (750e15ef-1b3c-4674-aabc-9a8c5d806dc7) at the broker for KLAC with no local tracked state -- adopting it instead of submitting a duplicate (local state was likely lost/reset),188.2,750e15ef-1b3c-4674-aabc-9a8c5d806dc7,2026-08-03T15:46:29.549476+00:00,2026-08-03T15:46:29.820732+00:00,,,,,,,,,,,,,,,,,,,,,,,,,,,,,,,,,,,,,,,,,,,,,,,,,,,
stop_intent,stop_unchanged,NOW,,97.86,,2026-08-03T15:46:29.549479+00:00,2026-08-03T15:46:29.866969+00:00,initial,22.0,0.299,,,,,,,,,,,,,,,,,,,,,,,,,,,,,,,,,,,,,,,,,,,,,,,,
stop_intent,stop_unchanged,SMCI,,22.8,,2026-08-03T15:46:29.549483+00:00,2026-08-03T15:46:29.913662+00:00,initial,32.0,0.179,,,,,,,,,,,,,,,,,,,,,,,,,,,,,,,,,,,,,,,,,,,,,,,,
stop_intent,stop_unchanged,XLB,,48.6258,,2026-08-03T15:46:29.549486+00:00,2026-08-03T15:46:29.960634+00:00,initial,18.0,0.109,,,,,,,,,,,,,,,,,,,,,,,,,,,,,,,,,,,,,,,,,,,,,,,,
entry_signal,skip,XLF,no_state_data,,,2026-08-03T15:46:29.564318+00:00,2026-08-03T15:46:30.007040+00:00,,,,,,,no_state_data,state_ext=stretched_up + state_slope=flat,,,,,1d,,,,,,insample,False,False,,,,,,,,,,,,,,,,,,,,,,,,,,,,,,
state_unavailable,skip,XLF,no_completed_state,,,2026-08-03T15:46:29.571890+00:00,2026-08-03T15:46:30.053505+00:00,,,,,,,,state_ext=stretched_up + state_slope=flat,,,,,1d,,,,,,insample,,,2026-07-31 04:00:00+00:00,56.93999862670898,{},,,,,,,,,,,,,,,,,,,,,,,,,,,
entry_signal,skip,XLK,no_state_data,,,2026-08-03T15:46:29.586351+00:00,2026-08-03T15:46:30.100319+00:00,,,,,,,no_state_data,cross_TLT_state_slope=uptrend + state_ext=neutral,,,,,1d,,,,,,insample,False,False,,,,,,,,,,,,,,,,,,,,,,,,,,,,,,
state_unavailable,skip,XLK,no_completed_state,,,2026-08-03T15:46:29.594178+00:00,2026-08-03T15:46:30.185974+00:00,,,,,,,,cross_TLT_state_slope=uptrend + state_ext=neutral,,,,,1d,,,,,,insample,,,2026-07-31 04:00:00+00:00,175.35000610351562,{},,,,,,,,,,,,,,,,,,,,,,,,,,,
entry_signal,skip,XLK,no_state_data,,,2026-08-03T15:46:29.608346+00:00,2026-08-03T15:46:30.233381+00:00,,,,,,,no_state_data,cross_USO_state_vol=mid_vol + state_ext=stretched_down,,,,,1h,,,,,,insample,False,False,,,,,,,,,,,,,,,,,,,,,,,,,,,,,,
state_unavailable,skip,XLK,no_completed_state,,,2026-08-03T15:46:29.615492+00:00,2026-08-03T15:46:30.281229+00:00,,,,,,,,cross_USO_state_vol=mid_vol + state_ext=stretched_down,,,,,1h,,,,,,insample,,,2026-07-31 19:30:00+00:00,175.27999877929688,{},,,,,,,,,,,,,,,,,,,,,,,,,,,
entry_signal,skip,SPY,no_state_data,,,2026-08-03T15:46:29.628640+00:00,2026-08-03T15:46:30.329265+00:00,,,,,,,no_state_data,state_session=afternoon + state_slope=downtrend,,,,,1h,,,,,,insample,False,False,,,,,,,,,,,,,,,,,,,,,,,,,,,,,,
state_unavailable,skip,SPY,no_completed_state,,,2026-08-03T15:46:29.635929+00:00,2026-08-03T15:46:30.376712+00:00,,,,,,,,state_session=afternoon + state_slope=downtrend,,,,,1h,,,,,,insample,,,2026-07-31 19:30:00+00:00,746.8099975585938,{},,,,,,,,,,,,,,,,,,,,,,,,,,,
stop_intent,stop_unchanged,AEP,,123.2271,,2026-08-03T16:46:15.186104+00:00,2026-08-03T16:46:15.253891+00:00,initial,7.0,-0.082,,,,,,,,,,,,,,,,,,,,,,,,,,,,,,,,,,,,,,,,,,,,,,,,
stop_intent,stop_unchanged,AMAT,,421.18,,2026-08-03T16:46:15.186110+00:00,2026-08-03T16:46:15.293754+00:00,initial,1.0,0.084,,,,,,,,,,,,,,,,,,,,,,,,,,,,,,,,,,,,,,,,,,,,,,,,
stop_intent,stop_unchanged,ASML,,1510.2835,,2026-08-03T16:46:15.186113+00:00,2026-08-03T16:46:15.330976+00:00,initial,1.0,-0.172,,,,,,,,,,,,,,,,,,,,,,,,,,,,,,,,,,,,,,,,,,,,,,,,
stop_intent,stop_unchanged,HON,,226.51,,2026-08-03T16:46:15.186116+00:00,2026-08-03T16:46:15.367200+00:00,initial,5.0,0.282,,,,,,,,,,,,,,,,,,,,,,,,,,,,,,,,,,,,,,,,,,,,,,,,
stop_intent,stop_unchanged,KLAC,,188.2,,2026-08-03T16:46:15.186119+00:00,2026-08-03T16:46:15.403448+00:00,initial,9.0,0.354,,,,,,,,,,,,,,,,,,,,,,,,,,,,,,,,,,,,,,,,,,,,,,,,
stop_intent,stop_unchanged,NOW,,97.86,,2026-08-03T16:46:15.186122+00:00,2026-08-03T16:46:15.438902+00:00,initial,22.0,0.331,,,,,,,,,,,,,,,,,,,,,,,,,,,,,,,,,,,,,,,,,,,,,,,,
stop_intent,stop_unchanged,SMCI,,22.8,,2026-08-03T16:46:15.186124+00:00,2026-08-03T16:46:15.474633+00:00,initial,32.0,0.208,,,,,,,,,,,,,,,,,,,,,,,,,,,,,,,,,,,,,,,,,,,,,,,,
stop_intent,stop_unchanged,XLB,,48.6258,,2026-08-03T16:46:15.186126+00:00,2026-08-03T16:46:15.510307+00:00,initial,18.0,0.087,,,,,,,,,,,,,,,,,,,,,,,,,,,,,,,,,,,,,,,,,,,,,,,,
entry_signal,skip,XLF,no_state_data,,,2026-08-03T16:46:15.198598+00:00,2026-08-03T16:46:15.546342+00:00,,,,,,,no_state_data,state_ext=stretched_up + state_slope=flat,,,,,1d,,,,,,insample,False,False,,,,,,,,,,,,,,,,,,,,,,,,,,,,,,
state_unavailable,skip,XLF,no_completed_state,,,2026-08-03T16:46:15.205006+00:00,2026-08-03T16:46:15.582287+00:00,,,,,,,,state_ext=stretched_up + state_slope=flat,,,,,1d,,,,,,insample,,,2026-07-31 04:00:00+00:00,56.93999862670898,{},,,,,,,,,,,,,,,,,,,,,,,,,,,
entry_signal,skip,XLK,no_state_data,,,2026-08-03T16:46:15.217560+00:00,2026-08-03T16:46:15.642168+00:00,,,,,,,no_state_data,cross_TLT_state_slope=uptrend + state_ext=neutral,,,,,1d,,,,,,insample,False,False,,,,,,,,,,,,,,,,,,,,,,,,,,,,,,
state_unavailable,skip,XLK,no_completed_state,,,2026-08-03T16:46:15.223545+00:00,2026-08-03T16:46:15.678600+00:00,,,,,,,,cross_TLT_state_slope=uptrend + state_ext=neutral,,,,,1d,,,,,,insample,,,2026-07-31 04:00:00+00:00,175.35000610351562,{},,,,,,,,,,,,,,,,,,,,,,,,,,,
entry_signal,skip,XLK,no_state_data,,,2026-08-03T16:46:15.233026+00:00,2026-08-03T16:46:15.715695+00:00,,,,,,,no_state_data,cross_USO_state_vol=mid_vol + state_ext=stretched_down,,,,,1h,,,,,,insample,False,False,,,,,,,,,,,,,,,,,,,,,,,,,,,,,,
state_unavailable,skip,XLK,no_completed_state,,,2026-08-03T16:46:15.238760+00:00,2026-08-03T16:46:15.752122+00:00,,,,,,,,cross_USO_state_vol=mid_vol + state_ext=stretched_down,,,,,1h,,,,,,insample,,,2026-07-31 19:30:00+00:00,175.27999877929688,{},,,,,,,,,,,,,,,,,,,,,,,,,,,
entry_signal,skip,SPY,no_state_data,,,2026-08-03T16:46:15.248449+00:00,2026-08-03T16:46:15.789071+00:00,,,,,,,no_state_data,state_session=afternoon + state_slope=downtrend,,,,,1h,,,,,,insample,False,False,,,,,,,,,,,,,,,,,,,,,,,,,,,,,,
state_unavailable,skip,SPY,no_completed_state,,,2026-08-03T16:46:15.253844+00:00,2026-08-03T16:46:15.825261+00:00,,,,,,,,state_session=afternoon + state_slope=downtrend,,,,,1h,,,,,,insample,,,2026-07-31 19:30:00+00:00,746.8099975585938,{},,,,,,,,,,,,,,,,,,,,,,,,,,,
stop_intent,stop_unchanged,AEP,,123.2271,,2026-08-03T17:46:36.873588+00:00,2026-08-03T17:46:36.957087+00:00,initial,7.0,-0.18,,,,,,,,,,,,,,,,,,,,,,,,,,,,,,,,,,,,,,,,,,,,,,,,
stop_intent,stop_unchanged,AMAT,,421.18,,2026-08-03T17:46:36.873596+00:00,2026-08-03T17:46:37.005543+00:00,initial,1.0,0.1,,,,,,,,,,,,,,,,,,,,,,,,,,,,,,,,,,,,,,,,,,,,,,,,
stop_intent,stop_unchanged,ASML,,1510.2835,,2026-08-03T17:46:36.873600+00:00,2026-08-03T17:46:37.052026+00:00,initial,1.0,-0.142,,,,,,,,,,,,,,,,,,,,,,,,,,,,,,,,,,,,,,,,,,,,,,,,
stop_intent,stop_unchanged,HON,,226.51,,2026-08-03T17:46:36.873604+00:00,2026-08-03T17:46:37.098570+00:00,initial,5.0,0.281,,,,,,,,,,,,,,,,,,,,,,,,,,,,,,,,,,,,,,,,,,,,,,,,
stop_intent,stop_unchanged,KLAC,,188.2,,2026-08-03T17:46:36.873608+00:00,2026-08-03T17:46:37.144625+00:00,initial,9.0,0.234,,,,,,,,,,,,,,,,,,,,,,,,,,,,,,,,,,,,,,,,,,,,,,,,
stop_intent,stop_unchanged,NOW,,97.86,,2026-08-03T17:46:36.873611+00:00,2026-08-03T17:46:37.191822+00:00,initial,22.0,0.296,,,,,,,,,,,,,,,,,,,,,,,,,,,,,,,,,,,,,,,,,,,,,,,,
stop_intent,stop_unchanged,SMCI,,22.8,,2026-08-03T17:46:36.873614+00:00,2026-08-03T17:46:37.238157+00:00,initial,32.0,0.229,,,,,,,,,,,,,,,,,,,,,,,,,,,,,,,,,,,,,,,,,,,,,,,,
stop_intent,stop_unchanged,XLB,,48.6258,,2026-08-03T17:46:36.873618+00:00,2026-08-03T17:46:37.284812+00:00,initial,18.0,0.155,,,,,,,,,,,,,,,,,,,,,,,,,,,,,,,,,,,,,,,,,,,,,,,,
entry_signal,skip,XLF,no_state_data,,,2026-08-03T17:46:36.888271+00:00,2026-08-03T17:46:37.330578+00:00,,,,,,,no_state_data,state_ext=stretched_up + state_slope=flat,,,,,1d,,,,,,insample,False,False,,,,,,,,,,,,,,,,,,,,,,,,,,,,,,
state_unavailable,skip,XLF,no_completed_state,,,2026-08-03T17:46:36.897215+00:00,2026-08-03T17:46:37.377460+00:00,,,,,,,,state_ext=stretched_up + state_slope=flat,,,,,1d,,,,,,insample,,,2026-07-31 04:00:00+00:00,56.93999862670898,{},,,,,,,,,,,,,,,,,,,,,,,,,,,
entry_signal,skip,XLK,no_state_data,,,2026-08-03T17:46:36.911589+00:00,2026-08-03T17:46:37.452746+00:00,,,,,,,no_state_data,cross_TLT_state_slope=uptrend + state_ext=neutral,,,,,1d,,,,,,insample,False,False,,,,,,,,,,,,,,,,,,,,,,,,,,,,,,
state_unavailable,skip,XLK,no_completed_state,,,2026-08-03T17:46:36.919104+00:00,2026-08-03T17:46:37.499528+00:00,,,,,,,,cross_TLT_state_slope=uptrend + state_ext=neutral,,,,,1d,,,,,,insample,,,2026-07-31 04:00:00+00:00,175.35000610351562,{},,,,,,,,,,,,,,,,,,,,,,,,,,,
entry_signal,skip,XLK,no_state_data,,,2026-08-03T17:46:36.931583+00:00,2026-08-03T17:46:37.546479+00:00,,,,,,,no_state_data,cross_USO_state_vol=mid_vol + state_ext=stretched_down,,,,,1h,,,,,,insample,False,False,,,,,,,,,,,,,,,,,,,,,,,,,,,,,,
state_unavailable,skip,XLK,no_completed_state,,,2026-08-03T17:46:36.938221+00:00,2026-08-03T17:46:37.593436+00:00,,,,,,,,cross_USO_state_vol=mid_vol + state_ext=stretched_down,,,,,1h,,,,,,insample,,,2026-07-31 19:30:00+00:00,175.27999877929688,{},,,,,,,,,,,,,,,,,,,,,,,,,,,
entry_signal,skip,SPY,no_state_data,,,2026-08-03T17:46:36.950353+00:00,2026-08-03T17:46:37.640452+00:00,,,,,,,no_state_data,state_session=afternoon + state_slope=downtrend,,,,,1h,,,,,,insample,False,False,,,,,,,,,,,,,,,,,,,,,,,,,,,,,,
state_unavailable,skip,SPY,no_completed_state,,,2026-08-03T17:46:36.957032+00:00,2026-08-03T17:46:37.687699+00:00,,,,,,,,state_session=afternoon + state_slope=downtrend,,,,,1h,,,,,,insample,,,2026-07-31 19:30:00+00:00,746.8099975585938,{},,,,,,,,,,,,,,,,,,,,,,,,,,,
stop_intent,stop_unchanged,AEP,,123.2271,,2026-08-03T18:46:14.319703+00:00,2026-08-03T18:46:14.403643+00:00,initial,7.0,-0.147,,,,,,,,,,,,,,,,,,,,,,,,,,,,,,,,,,,,,,,,,,,,,,,,
stop_intent,stop_unchanged,AMAT,,421.18,,2026-08-03T18:46:14.319711+00:00,2026-08-03T18:46:14.448899+00:00,initial,1.0,0.101,,,,,,,,,,,,,,,,,,,,,,,,,,,,,,,,,,,,,,,,,,,,,,,,
stop_intent,stop_unchanged,ASML,,1510.2835,,2026-08-03T18:46:14.319715+00:00,2026-08-03T18:46:14.492613+00:00,initial,1.0,-0.127,,,,,,,,,,,,,,,,,,,,,,,,,,,,,,,,,,,,,,,,,,,,,,,,
stop_intent,stop_unchanged,HON,,226.51,,2026-08-03T18:46:14.319719+00:00,2026-08-03T18:46:14.536241+00:00,initial,5.0,0.33,,,,,,,,,,,,,,,,,,,,,,,,,,,,,,,,,,,,,,,,,,,,,,,,
stop_intent,stop_unchanged,KLAC,,188.2,,2026-08-03T18:46:14.319722+00:00,2026-08-03T18:46:14.580230+00:00,initial,9.0,0.186,,,,,,,,,,,,,,,,,,,,,,,,,,,,,,,,,,,,,,,,,,,,,,,,
stop_intent,stop_unchanged,NOW,,97.86,,2026-08-03T18:46:14.319725+00:00,2026-08-03T18:46:14.624135+00:00,initial,22.0,0.331,,,,,,,,,,,,,,,,,,,,,,,,,,,,,,,,,,,,,,,,,,,,,,,,
stop_intent,stop_unchanged,SMCI,,22.8,,2026-08-03T18:46:14.319727+00:00,2026-08-03T18:46:14.667862+00:00,initial,32.0,0.254,,,,,,,,,,,,,,,,,,,,,,,,,,,,,,,,,,,,,,,,,,,,,,,,
stop_intent,stop_unchanged,XLB,,48.6258,,2026-08-03T18:46:14.319730+00:00,2026-08-03T18:46:14.711478+00:00,initial,18.0,0.163,,,,,,,,,,,,,,,,,,,,,,,,,,,,,,,,,,,,,,,,,,,,,,,,
entry_signal,skip,XLF,no_state_data,,,2026-08-03T18:46:14.333117+00:00,2026-08-03T18:46:14.754721+00:00,,,,,,,no_state_data,state_ext=stretched_up + state_slope=flat,,,,,1d,,,,,,insample,False,False,,,,,,,,,,,,,,,,,,,,,,,,,,,,,,
state_unavailable,skip,XLF,no_completed_state,,,2026-08-03T18:46:14.340241+00:00,2026-08-03T18:46:14.798843+00:00,,,,,,,,state_ext=stretched_up + state_slope=flat,,,,,1d,,,,,,insample,,,2026-07-31 04:00:00+00:00,56.93999862670898,{},,,,,,,,,,,,,,,,,,,,,,,,,,,
entry_signal,skip,XLK,no_state_data,,,2026-08-03T18:46:14.353640+00:00,2026-08-03T18:46:14.872093+00:00,,,,,,,no_state_data,cross_TLT_state_slope=uptrend + state_ext=neutral,,,,,1d,,,,,,insample,False,False,,,,,,,,,,,,,,,,,,,,,,,,,,,,,,
state_unavailable,skip,XLK,no_completed_state,,,2026-08-03T18:46:14.360802+00:00,2026-08-03T18:46:14.916002+00:00,,,,,,,,cross_TLT_state_slope=uptrend + state_ext=neutral,,,,,1d,,,,,,insample,,,2026-07-31 04:00:00+00:00,175.35000610351562,{},,,,,,,,,,,,,,,,,,,,,,,,,,,
entry_signal,skip,XLK,no_state_data,,,2026-08-03T18:46:14.374679+00:00,2026-08-03T18:46:14.960726+00:00,,,,,,,no_state_data,cross_USO_state_vol=mid_vol + state_ext=stretched_down,,,,,1h,,,,,,insample,False,False,,,,,,,,,,,,,,,,,,,,,,,,,,,,,,
state_unavailable,skip,XLK,no_completed_state,,,2026-08-03T18:46:14.384316+00:00,2026-08-03T18:46:15.005612+00:00,,,,,,,,cross_USO_state_vol=mid_vol + state_ext=stretched_down,,,,,1h,,,,,,insample,,,2026-07-31 19:30:00+00:00,175.27999877929688,{},,,,,,,,,,,,,,,,,,,,,,,,,,,
entry_signal,skip,SPY,no_state_data,,,2026-08-03T18:46:14.397293+00:00,2026-08-03T18:46:15.050349+00:00,,,,,,,no_state_data,state_session=afternoon + state_slope=downtrend,,,,,1h,,,,,,insample,False,False,,,,,,,,,,,,,,,,,,,,,,,,,,,,,,
state_unavailable,skip,SPY,no_completed_state,,,2026-08-03T18:46:14.403583+00:00,2026-08-03T18:46:15.094970+00:00,,,,,,,,state_session=afternoon + state_slope=downtrend,,,,,1h,,,,,,insample,,,2026-07-31 19:30:00+00:00,746.8099975585938,{},,,,,,,,,,,,,,,,,,,,,,,,,,,
stop_intent,stop_unchanged,AEP,,123.2271,,2026-08-03T19:46:11.253540+00:00,2026-08-03T19:46:11.341859+00:00,initial,7.0,-0.111,,,,,,,,,,,,,,,,,,,,,,,,,,,,,,,,,,,,,,,,,,,,,,,,
stop_intent,stop_unchanged,AMAT,,421.18,,2026-08-03T19:46:11.253548+00:00,2026-08-03T19:46:11.389642+00:00,initial,1.0,0.119,,,,,,,,,,,,,,,,,,,,,,,,,,,,,,,,,,,,,,,,,,,,,,,,
stop_intent,stop_unchanged,ASML,,1510.2835,,2026-08-03T19:46:11.253553+00:00,2026-08-03T19:46:11.435500+00:00,initial,1.0,-0.153,,,,,,,,,,,,,,,,,,,,,,,,,,,,,,,,,,,,,,,,,,,,,,,,
stop_intent,stop_unchanged,HON,,226.51,,2026-08-03T19:46:11.253557+00:00,2026-08-03T19:46:11.481169+00:00,initial,5.0,0.452,,,,,,,,,,,,,,,,,,,,,,,,,,,,,,,,,,,,,,,,,,,,,,,,
stop_intent,stop_unchanged,KLAC,,188.2,,2026-08-03T19:46:11.253560+00:00,2026-08-03T19:46:11.526623+00:00,initial,9.0,-0.093,,,,,,,,,,,,,,,,,,,,,,,,,,,,,,,,,,,,,,,,,,,,,,,,
stop_intent,stop_unchanged,NOW,,97.86,,2026-08-03T19:46:11.253564+00:00,2026-08-03T19:46:11.572086+00:00,initial,22.0,0.322,,,,,,,,,,,,,,,,,,,,,,,,,,,,,,,,,,,,,,,,,,,,,,,,
stop_intent,stop_unchanged,SMCI,,22.8,,2026-08-03T19:46:11.253568+00:00,2026-08-03T19:46:11.617132+00:00,initial,32.0,0.237,,,,,,,,,,,,,,,,,,,,,,,,,,,,,,,,,,,,,,,,,,,,,,,,
stop_intent,stop_unchanged,XLB,,48.6258,,2026-08-03T19:46:11.253571+00:00,2026-08-03T19:46:11.661728+00:00,initial,18.0,0.224,,,,,,,,,,,,,,,,,,,,,,,,,,,,,,,,,,,,,,,,,,,,,,,,
entry_signal,skip,XLF,no_state_data,,,2026-08-03T19:46:11.272673+00:00,2026-08-03T19:46:11.706334+00:00,,,,,,,no_state_data,state_ext=stretched_up + state_slope=flat,,,,,1d,,,,,,insample,False,False,,,,,,,,,,,,,,,,,,,,,,,,,,,,,,
state_unavailable,skip,XLF,no_completed_state,,,2026-08-03T19:46:11.281062+00:00,2026-08-03T19:46:11.751724+00:00,,,,,,,,state_ext=stretched_up + state_slope=flat,,,,,1d,,,,,,insample,,,2026-07-31 04:00:00+00:00,56.93999862670898,{},,,,,,,,,,,,,,,,,,,,,,,,,,,
entry_signal,skip,XLK,no_state_data,,,2026-08-03T19:46:11.295015+00:00,2026-08-03T19:46:11.824345+00:00,,,,,,,no_state_data,cross_TLT_state_slope=uptrend + state_ext=neutral,,,,,1d,,,,,,insample,False,False,,,,,,,,,,,,,,,,,,,,,,,,,,,,,,
state_unavailable,skip,XLK,no_completed_state,,,2026-08-03T19:46:11.302879+00:00,2026-08-03T19:46:11.870182+00:00,,,,,,,,cross_TLT_state_slope=uptrend + state_ext=neutral,,,,,1d,,,,,,insample,,,2026-07-31 04:00:00+00:00,175.35000610351562,{},,,,,,,,,,,,,,,,,,,,,,,,,,,
entry_signal,skip,XLK,no_state_data,,,2026-08-03T19:46:11.315443+00:00,2026-08-03T19:46:11.916167+00:00,,,,,,,no_state_data,cross_USO_state_vol=mid_vol + state_ext=stretched_down,,,,,1h,,,,,,insample,False,False,,,,,,,,,,,,,,,,,,,,,,,,,,,,,,
state_unavailable,skip,XLK,no_completed_state,,,2026-08-03T19:46:11.322386+00:00,2026-08-03T19:46:11.961823+00:00,,,,,,,,cross_USO_state_vol=mid_vol + state_ext=stretched_down,,,,,1h,,,,,,insample,,,2026-07-31 19:30:00+00:00,175.27999877929688,{},,,,,,,,,,,,,,,,,,,,,,,,,,,
entry_signal,skip,SPY,no_state_data,,,2026-08-03T19:46:11.335053+00:00,2026-08-03T19:46:12.007837+00:00,,,,,,,no_state_data,state_session=afternoon + state_slope=downtrend,,,,,1h,,,,,,insample,False,False,,,,,,,,,,,,,,,,,,,,,,,,,,,,,,
state_unavailable,skip,SPY,no_completed_state,,,2026-08-03T19:46:11.341800+00:00,2026-08-03T19:46:12.053599+00:00,,,,,,,,state_session=afternoon + state_slope=downtrend,,,,,1h,,,,,,insample,,,2026-07-31 19:30:00+00:00,746.8099975585938,{},,,,,,,,,,,,,,,,,,,,,,,,,,,
stop_intent,stop_unchanged,AEP,,123.2271,,2026-08-03T20:46:33.059006+00:00,2026-08-03T20:46:33.140903+00:00,initial,7.0,0.109,,,,,,,,,,,,,,,,,,,,,,,,,,,,,,,,,,,,,,,,,,,,,,,,
stop_intent,stop_unchanged,AMAT,,421.18,,2026-08-03T20:46:33.059018+00:00,2026-08-03T20:46:33.188223+00:00,initial,1.0,0.162,,,,,,,,,,,,,,,,,,,,,,,,,,,,,,,,,,,,,,,,,,,,,,,,
stop_intent,stop_unchanged,ASML,,1510.2835,,2026-08-03T20:46:33.059024+00:00,2026-08-03T20:46:33.233404+00:00,initial,1.0,-0.157,,,,,,,,,,,,,,,,,,,,,,,,,,,,,,,,,,,,,,,,,,,,,,,,
stop_intent,stop_unchanged,HON,,226.51,,2026-08-03T20:46:33.059028+00:00,2026-08-03T20:46:33.278874+00:00,initial,5.0,0.477,,,,,,,,,,,,,,,,,,,,,,,,,,,,,,,,,,,,,,,,,,,,,,,,
stop_intent,stop_unchanged,KLAC,,188.2,,2026-08-03T20:46:33.059032+00:00,2026-08-03T20:46:33.324125+00:00,initial,9.0,-0.257,,,,,,,,,,,,,,,,,,,,,,,,,,,,,,,,,,,,,,,,,,,,,,,,
stop_intent,stop_unchanged,NOW,,97.86,,2026-08-03T20:46:33.059035+00:00,2026-08-03T20:46:33.370499+00:00,initial,22.0,0.312,,,,,,,,,,,,,,,,,,,,,,,,,,,,,,,,,,,,,,,,,,,,,,,,
stop_intent,stop_unchanged,SMCI,,22.8,,2026-08-03T20:46:33.059038+00:00,2026-08-03T20:46:33.416314+00:00,initial,32.0,0.249,,,,,,,,,,,,,,,,,,,,,,,,,,,,,,,,,,,,,,,,,,,,,,,,
stop_intent,stop_unchanged,XLB,,48.6258,,2026-08-03T20:46:33.059042+00:00,2026-08-03T20:46:33.462340+00:00,initial,18.0,0.286,,,,,,,,,,,,,,,,,,,,,,,,,,,,,,,,,,,,,,,,,,,,,,,,
entry_signal,skip,XLF,no_state_data,,,2026-08-03T20:46:33.075108+00:00,2026-08-03T20:46:33.507882+00:00,,,,,,,no_state_data,state_ext=stretched_up + state_slope=flat,,,,,1d,,,,,,insample,False,False,,,,,,,,,,,,,,,,,,,,,,,,,,,,,,
state_unavailable,skip,XLF,no_completed_state,,,2026-08-03T20:46:33.083458+00:00,2026-08-03T20:46:33.554260+00:00,,,,,,,,state_ext=stretched_up + state_slope=flat,,,,,1d,,,,,,insample,,,2026-07-31 04:00:00+00:00,56.93999862670898,{},,,,,,,,,,,,,,,,,,,,,,,,,,,
entry_signal,skip,XLK,no_state_data,,,2026-08-03T20:46:33.096884+00:00,2026-08-03T20:46:33.631830+00:00,,,,,,,no_state_data,cross_TLT_state_slope=uptrend + state_ext=neutral,,,,,1d,,,,,,insample,False,False,,,,,,,,,,,,,,,,,,,,,,,,,,,,,,
state_unavailable,skip,XLK,no_completed_state,,,2026-08-03T20:46:33.104181+00:00,2026-08-03T20:46:33.679045+00:00,,,,,,,,cross_TLT_state_slope=uptrend + state_ext=neutral,,,,,1d,,,,,,insample,,,2026-07-31 04:00:00+00:00,175.35000610351562,{},,,,,,,,,,,,,,,,,,,,,,,,,,,
entry_signal,skip,XLK,no_state_data,,,2026-08-03T20:46:33.116101+00:00,2026-08-03T20:46:33.727098+00:00,,,,,,,no_state_data,cross_USO_state_vol=mid_vol + state_ext=stretched_down,,,,,1h,,,,,,insample,False,False,,,,,,,,,,,,,,,,,,,,,,,,,,,,,,
state_unavailable,skip,XLK,no_completed_state,,,2026-08-03T20:46:33.122555+00:00,2026-08-03T20:46:33.773506+00:00,,,,,,,,cross_USO_state_vol=mid_vol + state_ext=stretched_down,,,,,1h,,,,,,insample,,,2026-07-31 19:30:00+00:00,175.27999877929688,{},,,,,,,,,,,,,,,,,,,,,,,,,,,
entry_signal,skip,SPY,no_state_data,,,2026-08-03T20:46:33.134337+00:00,2026-08-03T20:46:33.819475+00:00,,,,,,,no_state_data,state_session=afternoon + state_slope=downtrend,,,,,1h,,,,,,insample,False,False,,,,,,,,,,,,,,,,,,,,,,,,,,,,,,
state_unavailable,skip,SPY,no_completed_state,,,2026-08-03T20:46:33.140851+00:00,2026-08-03T20:46:33.866398+00:00,,,,,,,,state_session=afternoon + state_slope=downtrend,,,,,1h,,,,,,insample,,,2026-07-31 19:30:00+00:00,746.8099975585938,{},,,,,,,,,,,,,,,,,,,,,,,,,,,
stop_intent,stop_unchanged,AEP,,123.2271,,2026-08-03T21:46:29.179459+00:00,2026-08-03T21:46:29.246890+00:00,initial,7.0,-0.025,,,,,,,,,,,,,,,,,,,,,,,,,,,,,,,,,,,,,,,,,,,,,,,,
stop_intent,stop_unchanged,AMAT,,421.18,,2026-08-03T21:46:29.179466+00:00,2026-08-03T21:46:29.285567+00:00,initial,1.0,0.16,,,,,,,,,,,,,,,,,,,,,,,,,,,,,,,,,,,,,,,,,,,,,,,,
stop_intent,stop_unchanged,ASML,,1510.2835,,2026-08-03T21:46:29.179469+00:00,2026-08-03T21:46:29.322546+00:00,initial,1.0,-0.146,,,,,,,,,,,,,,,,,,,,,,,,,,,,,,,,,,,,,,,,,,,,,,,,
stop_intent,stop_unchanged,HON,,226.51,,2026-08-03T21:46:29.179472+00:00,2026-08-03T21:46:29.358847+00:00,initial,5.0,0.481,,,,,,,,,,,,,,,,,,,,,,,,,,,,,,,,,,,,,,,,,,,,,,,,
stop_intent,stop_unchanged,KLAC,,188.2,,2026-08-03T21:46:29.179475+00:00,2026-08-03T21:46:29.395465+00:00,initial,9.0,-0.249,,,,,,,,,,,,,,,,,,,,,,,,,,,,,,,,,,,,,,,,,,,,,,,,
stop_intent,stop_unchanged,NOW,,97.86,,2026-08-03T21:46:29.179477+00:00,2026-08-03T21:46:29.431879+00:00,initial,22.0,0.306,,,,,,,,,,,,,,,,,,,,,,,,,,,,,,,,,,,,,,,,,,,,,,,,
stop_intent,stop_unchanged,SMCI,,22.8,,2026-08-03T21:46:29.179480+00:00,2026-08-03T21:46:29.468081+00:00,initial,32.0,0.251,,,,,,,,,,,,,,,,,,,,,,,,,,,,,,,,,,,,,,,,,,,,,,,,
stop_intent,stop_unchanged,XLB,,48.6258,,2026-08-03T21:46:29.179482+00:00,2026-08-03T21:46:29.503951+00:00,initial,18.0,0.318,,,,,,,,,,,,,,,,,,,,,,,,,,,,,,,,,,,,,,,,,,,,,,,,
entry_signal,skip,XLF,no_state_data,,,2026-08-03T21:46:29.190769+00:00,2026-08-03T21:46:29.539986+00:00,,,,,,,no_state_data,state_ext=stretched_up + state_slope=flat,,,,,1d,,,,,,insample,False,False,,,,,,,,,,,,,,,,,,,,,,,,,,,,,,
state_unavailable,skip,XLF,no_completed_state,,,2026-08-03T21:46:29.199197+00:00,2026-08-03T21:46:29.576157+00:00,,,,,,,,state_ext=stretched_up + state_slope=flat,,,,,1d,,,,,,insample,,,2026-07-31 04:00:00+00:00,56.93999862670898,{},,,,,,,,,,,,,,,,,,,,,,,,,,,
entry_signal,skip,XLK,no_state_data,,,2026-08-03T21:46:29.211802+00:00,2026-08-03T21:46:29.635986+00:00,,,,,,,no_state_data,cross_TLT_state_slope=uptrend + state_ext=neutral,,,,,1d,,,,,,insample,False,False,,,,,,,,,,,,,,,,,,,,,,,,,,,,,,
state_unavailable,skip,XLK,no_completed_state,,,2026-08-03T21:46:29.217734+00:00,2026-08-03T21:46:29.672270+00:00,,,,,,,,cross_TLT_state_slope=uptrend + state_ext=neutral,,,,,1d,,,,,,insample,,,2026-07-31 04:00:00+00:00,175.35000610351562,{},,,,,,,,,,,,,,,,,,,,,,,,,,,
entry_signal,skip,XLK,no_state_data,,,2026-08-03T21:46:29.227344+00:00,2026-08-03T21:46:29.708711+00:00,,,,,,,no_state_data,cross_USO_state_vol=mid_vol + state_ext=stretched_down,,,,,1h,,,,,,insample,False,False,,,,,,,,,,,,,,,,,,,,,,,,,,,,,,
state_unavailable,skip,XLK,no_completed_state,,,2026-08-03T21:46:29.232727+00:00,2026-08-03T21:46:29.745213+00:00,,,,,,,,cross_USO_state_vol=mid_vol + state_ext=stretched_down,,,,,1h,,,,,,insample,,,2026-07-31 19:30:00+00:00,175.27999877929688,{},,,,,,,,,,,,,,,,,,,,,,,,,,,
entry_signal,skip,SPY,no_state_data,,,2026-08-03T21:46:29.241723+00:00,2026-08-03T21:46:29.781812+00:00,,,,,,,no_state_data,state_session=afternoon + state_slope=downtrend,,,,,1h,,,,,,insample,False,False,,,,,,,,,,,,,,,,,,,,,,,,,,,,,,
state_unavailable,skip,SPY,no_completed_state,,,2026-08-03T21:46:29.246858+00:00,2026-08-03T21:46:29.818097+00:00,,,,,,,,state_session=afternoon + state_slope=downtrend,,,,,1h,,,,,,insample,,,2026-07-31 19:30:00+00:00,746.8099975585938,{},,,,,,,,,,,,,,,,,,,,,,,,,,,
stop_intent,stop_unchanged,AEP,,123.2271,,2026-08-03T23:26:27.577261+00:00,2026-08-03T23:26:27.663861+00:00,initial,7.0,-0.164,,,,,,,,,,,,,,,,,,,,,,,,,,,,,,,,,,,,,,,,,,,,,,,,
stop_intent,stop_unchanged,AMAT,,421.18,,2026-08-03T23:26:27.577271+00:00,2026-08-03T23:26:27.711003+00:00,initial,1.0,0.182,,,,,,,,,,,,,,,,,,,,,,,,,,,,,,,,,,,,,,,,,,,,,,,,
stop_intent,stop_unchanged,ASML,,1510.2835,,2026-08-03T23:26:27.577278+00:00,2026-08-03T23:26:27.755500+00:00,initial,1.0,-0.107,,,,,,,,,,,,,,,,,,,,,,,,,,,,,,,,,,,,,,,,,,,,,,,,
stop_intent,stop_unchanged,HON,,226.51,,2026-08-03T23:26:27.577283+00:00,2026-08-03T23:26:27.799900+00:00,initial,5.0,0.479,,,,,,,,,,,,,,,,,,,,,,,,,,,,,,,,,,,,,,,,,,,,,,,,
stop_intent,stop_unchanged,KLAC,,188.2,,2026-08-03T23:26:27.577289+00:00,2026-08-03T23:26:27.844613+00:00,initial,9.0,-0.282,,,,,,,,,,,,,,,,,,,,,,,,,,,,,,,,,,,,,,,,,,,,,,,,
stop_intent,stop_unchanged,NOW,,97.86,,2026-08-03T23:26:27.577295+00:00,2026-08-03T23:26:27.889408+00:00,initial,22.0,0.284,,,,,,,,,,,,,,,,,,,,,,,,,,,,,,,,,,,,,,,,,,,,,,,,
stop_intent,stop_unchanged,SMCI,,22.8,,2026-08-03T23:26:27.577300+00:00,2026-08-03T23:26:27.934170+00:00,initial,32.0,0.278,,,,,,,,,,,,,,,,,,,,,,,,,,,,,,,,,,,,,,,,,,,,,,,,
stop_intent,stop_unchanged,XLB,,48.6258,,2026-08-03T23:26:27.577306+00:00,2026-08-03T23:26:27.978365+00:00,initial,18.0,0.286,,,,,,,,,,,,,,,,,,,,,,,,,,,,,,,,,,,,,,,,,,,,,,,,
entry_signal,skip,XLF,no_state_data,,,2026-08-03T23:26:27.596360+00:00,2026-08-03T23:26:28.022741+00:00,,,,,,,no_state_data,state_ext=stretched_up + state_slope=flat,,,,,1d,,,,,,insample,False,False,,,,,,,,,,,,,,,,,,,,,,,,,,,,,,
state_unavailable,skip,XLF,no_completed_state,,,2026-08-03T23:26:27.605870+00:00,2026-08-03T23:26:28.068353+00:00,,,,,,,,state_ext=stretched_up + state_slope=flat,,,,,1d,,,,,,insample,,,2026-07-31 04:00:00+00:00,56.93999862670898,{},,,,,,,,,,,,,,,,,,,,,,,,,,,
entry_signal,skip,XLK,no_state_data,,,2026-08-03T23:26:27.619276+00:00,2026-08-03T23:26:28.140571+00:00,,,,,,,no_state_data,cross_TLT_state_slope=uptrend + state_ext=neutral,,,,,1d,,,,,,insample,False,False,,,,,,,,,,,,,,,,,,,,,,,,,,,,,,
state_unavailable,skip,XLK,no_completed_state,,,2026-08-03T23:26:27.626626+00:00,2026-08-03T23:26:28.186086+00:00,,,,,,,,cross_TLT_state_slope=uptrend + state_ext=neutral,,,,,1d,,,,,,insample,,,2026-07-31 04:00:00+00:00,175.35000610351562,{},,,,,,,,,,,,,,,,,,,,,,,,,,,
entry_signal,skip,XLK,no_state_data,,,2026-08-03T23:26:27.638639+00:00,2026-08-03T23:26:28.231251+00:00,,,,,,,no_state_data,cross_USO_state_vol=mid_vol + state_ext=stretched_down,,,,,1h,,,,,,insample,False,False,,,,,,,,,,,,,,,,,,,,,,,,,,,,,,
state_unavailable,skip,XLK,no_completed_state,,,2026-08-03T23:26:27.645528+00:00,2026-08-03T23:26:28.276213+00:00,,,,,,,,cross_USO_state_vol=mid_vol + state_ext=stretched_down,,,,,1h,,,,,,insample,,,2026-07-31 19:30:00+00:00,175.27999877929688,{},,,,,,,,,,,,,,,,,,,,,,,,,,,
entry_signal,skip,SPY,no_state_data,,,2026-08-03T23:26:27.657316+00:00,2026-08-03T23:26:28.321412+00:00,,,,,,,no_state_data,state_session=afternoon + state_slope=downtrend,,,,,1h,,,,,,insample,False,False,,,,,,,,,,,,,,,,,,,,,,,,,,,,,,
state_unavailable,skip,SPY,no_completed_state,,,2026-08-03T23:26:27.663807+00:00,2026-08-03T23:26:28.366659+00:00,,,,,,,,state_session=afternoon + state_slope=downtrend,,,,,1h,,,,,,insample,,,2026-07-31 19:30:00+00:00,746.8099975585938,{},,,,,,,,,,,,,,,,,,,,,,,,,,,
stop_intent,stop_unchanged,AEP,,123.2271,,2026-08-03T23:46:19.366467+00:00,2026-08-03T23:46:19.427053+00:00,initial,7.0,-0.164,,,,,,,,,,,,,,,,,,,,,,,,,,,,,,,,,,,,,,,,,,,,,,,,
stop_intent,stop_unchanged,AMAT,,421.18,,2026-08-03T23:46:19.366474+00:00,2026-08-03T23:46:19.458723+00:00,initial,1.0,0.175,,,,,,,,,,,,,,,,,,,,,,,,,,,,,,,,,,,,,,,,,,,,,,,,
stop_intent,stop_unchanged,ASML,,1510.2835,,2026-08-03T23:46:19.366479+00:00,2026-08-03T23:46:19.821981+00:00,initial,1.0,-0.107,,,,,,,,,,,,,,,,,,,,,,,,,,,,,,,,,,,,,,,,,,,,,,,,
stop_intent,stop_unchanged,HON,,226.51,,2026-08-03T23:46:19.366481+00:00,2026-08-03T23:46:19.866633+00:00,initial,5.0,0.479,,,,,,,,,,,,,,,,,,,,,,,,,,,,,,,,,,,,,,,,,,,,,,,,
stop_intent,stop_unchanged,KLAC,,188.2,,2026-08-03T23:46:19.366483+00:00,2026-08-03T23:46:19.909416+00:00,initial,9.0,-0.369,,,,,,,,,,,,,,,,,,,,,,,,,,,,,,,,,,,,,,,,,,,,,,,,
stop_intent,stop_unchanged,NOW,,97.86,,2026-08-03T23:46:19.366485+00:00,2026-08-03T23:46:19.939372+00:00,initial,22.0,0.262,,,,,,,,,,,,,,,,,,,,,,,,,,,,,,,,,,,,,,,,,,,,,,,,
stop_intent,stop_unchanged,SMCI,,22.8,,2026-08-03T23:46:19.366487+00:00,2026-08-03T23:46:20.072446+00:00,initial,32.0,0.276,,,,,,,,,,,,,,,,,,,,,,,,,,,,,,,,,,,,,,,,,,,,,,,,
stop_intent,stop_unchanged,XLB,,48.6258,,2026-08-03T23:46:19.366489+00:00,2026-08-03T23:46:20.161723+00:00,initial,18.0,0.286,,,,,,,,,,,,,,,,,,,,,,,,,,,,,,,,,,,,,,,,,,,,,,,,
entry_signal,skip,XLF,no_state_data,,,2026-08-03T23:46:19.377872+00:00,2026-08-03T23:46:20.191320+00:00,,,,,,,no_state_data,state_ext=stretched_up + state_slope=flat,,,,,1d,,,,,,insample,False,False,,,,,,,,,,,,,,,,,,,,,,,,,,,,,,
state_unavailable,skip,XLF,no_completed_state,,,2026-08-03T23:46:19.384634+00:00,2026-08-03T23:46:20.234559+00:00,,,,,,,,state_ext=stretched_up + state_slope=flat,,,,,1d,,,,,,insample,,,2026-07-31 04:00:00+00:00,56.93999862670898,{},,,,,,,,,,,,,,,,,,,,,,,,,,,
entry_signal,skip,XLK,no_state_data,,,2026-08-03T23:46:19.396066+00:00,2026-08-03T23:46:20.291908+00:00,,,,,,,no_state_data,cross_TLT_state_slope=uptrend + state_ext=neutral,,,,,1d,,,,,,insample,False,False,,,,,,,,,,,,,,,,,,,,,,,,,,,,,,
state_unavailable,skip,XLK,no_completed_state,,,2026-08-03T23:46:19.401273+00:00,2026-08-03T23:46:20.322771+00:00,,,,,,,,cross_TLT_state_slope=uptrend + state_ext=neutral,,,,,1d,,,,,,insample,,,2026-07-31 04:00:00+00:00,175.35000610351562,{},,,,,,,,,,,,,,,,,,,,,,,,,,,
entry_signal,skip,XLK,no_state_data,,,2026-08-03T23:46:19.409767+00:00,2026-08-03T23:46:20.353172+00:00,,,,,,,no_state_data,cross_USO_state_vol=mid_vol + state_ext=stretched_down,,,,,1h,,,,,,insample,False,False,,,,,,,,,,,,,,,,,,,,,,,,,,,,,,
state_unavailable,skip,XLK,no_completed_state,,,2026-08-03T23:46:19.414444+00:00,2026-08-03T23:46:20.383287+00:00,,,,,,,,cross_USO_state_vol=mid_vol + state_ext=stretched_down,,,,,1h,,,,,,insample,,,2026-07-31 19:30:00+00:00,175.27999877929688,{},,,,,,,,,,,,,,,,,,,,,,,,,,,
entry_signal,skip,SPY,no_state_data,,,2026-08-03T23:46:19.422516+00:00,2026-08-03T23:46:20.426524+00:00,,,,,,,no_state_data,state_session=afternoon + state_slope=downtrend,,,,,1h,,,,,,insample,False,False,,,,,,,,,,,,,,,,,,,,,,,,,,,,,,
state_unavailable,skip,SPY,no_completed_state,,,2026-08-03T23:46:19.426989+00:00,2026-08-03T23:46:20.456474+00:00,,,,,,,,state_session=afternoon + state_slope=downtrend,,,,,1h,,,,,,insample,,,2026-07-31 19:30:00+00:00,746.8099975585938,{},,,,,,,,,,,,,,,,,,,,,,,,,,,
stop_intent,stop_unchanged,AEP,,123.2271,,2026-08-04T00:46:21.943860+00:00,2026-08-04T00:46:22.025707+00:00,initial,7.0,-0.164,,,,,,,,,,,,,,,,,,,,,,,,,,,,,,,,,,,,,,,,,,,,,,,,
stop_intent,stop_unchanged,AMAT,,421.18,,2026-08-04T00:46:21.943870+00:00,2026-08-04T00:46:22.073427+00:00,initial,1.0,0.063,,,,,,,,,,,,,,,,,,,,,,,,,,,,,,,,,,,,,,,,,,,,,,,,
stop_intent,stop_unchanged,ASML,,1510.2835,,2026-08-04T00:46:21.943876+00:00,2026-08-04T00:46:22.118098+00:00,initial,1.0,-0.212,,,,,,,,,,,,,,,,,,,,,,,,,,,,,,,,,,,,,,,,,,,,,,,,
stop_intent,stop_unchanged,HON,,226.51,,2026-08-04T00:46:21.943882+00:00,2026-08-04T00:46:22.162981+00:00,initial,5.0,0.479,,,,,,,,,,,,,,,,,,,,,,,,,,,,,,,,,,,,,,,,,,,,,,,,
stop_intent,stop_unchanged,KLAC,,188.2,,2026-08-04T00:46:21.943887+00:00,2026-08-04T00:46:22.207431+00:00,initial,9.0,0.311,,,,,,,,,,,,,,,,,,,,,,,,,,,,,,,,,,,,,,,,,,,,,,,,
stop_intent,stop_unchanged,NOW,,97.86,,2026-08-04T00:46:21.943892+00:00,2026-08-04T00:46:22.252169+00:00,initial,22.0,0.272,,,,,,,,,,,,,,,,,,,,,,,,,,,,,,,,,,,,,,,,,,,,,,,,
stop_intent,stop_unchanged,SMCI,,22.8,,2026-08-04T00:46:21.943897+00:00,2026-08-04T00:46:22.296623+00:00,initial,32.0,0.234,,,,,,,,,,,,,,,,,,,,,,,,,,,,,,,,,,,,,,,,,,,,,,,,
stop_intent,stop_unchanged,XLB,,48.6258,,2026-08-04T00:46:21.943902+00:00,2026-08-04T00:46:22.340999+00:00,initial,18.0,0.281,,,,,,,,,,,,,,,,,,,,,,,,,,,,,,,,,,,,,,,,,,,,,,,,
entry_signal,skip,XLF,no_state_data,,,2026-08-04T00:46:21.960803+00:00,2026-08-04T00:46:22.385554+00:00,,,,,,,no_state_data,state_ext=stretched_up + state_slope=flat,,,,,1d,,,,,,insample,False,False,,,,,,,,,,,,,,,,,,,,,,,,,,,,,,
state_unavailable,skip,XLF,no_completed_state,,,2026-08-04T00:46:21.969195+00:00,2026-08-04T00:46:22.430541+00:00,,,,,,,,state_ext=stretched_up + state_slope=flat,,,,,1d,,,,,,insample,,,2026-07-31 04:00:00+00:00,56.93999862670898,{},,,,,,,,,,,,,,,,,,,,,,,,,,,
entry_signal,skip,XLK,no_state_data,,,2026-08-04T00:46:21.982517+00:00,2026-08-04T00:46:22.502747+00:00,,,,,,,no_state_data,cross_TLT_state_slope=uptrend + state_ext=neutral,,,,,1d,,,,,,insample,False,False,,,,,,,,,,,,,,,,,,,,,,,,,,,,,,
state_unavailable,skip,XLK,no_completed_state,,,2026-08-04T00:46:21.989772+00:00,2026-08-04T00:46:22.548324+00:00,,,,,,,,cross_TLT_state_slope=uptrend + state_ext=neutral,,,,,1d,,,,,,insample,,,2026-07-31 04:00:00+00:00,175.35000610351562,{},,,,,,,,,,,,,,,,,,,,,,,,,,,
entry_signal,skip,XLK,no_state_data,,,2026-08-04T00:46:22.001442+00:00,2026-08-04T00:46:22.593659+00:00,,,,,,,no_state_data,cross_USO_state_vol=mid_vol + state_ext=stretched_down,,,,,1h,,,,,,insample,False,False,,,,,,,,,,,,,,,,,,,,,,,,,,,,,,
state_unavailable,skip,XLK,no_completed_state,,,2026-08-04T00:46:22.007839+00:00,2026-08-04T00:46:22.638960+00:00,,,,,,,,cross_USO_state_vol=mid_vol + state_ext=stretched_down,,,,,1h,,,,,,insample,,,2026-07-31 19:30:00+00:00,175.27999877929688,{},,,,,,,,,,,,,,,,,,,,,,,,,,,
entry_signal,skip,SPY,no_state_data,,,2026-08-04T00:46:22.019348+00:00,2026-08-04T00:46:22.684169+00:00,,,,,,,no_state_data,state_session=afternoon + state_slope=downtrend,,,,,1h,,,,,,insample,False,False,,,,,,,,,,,,,,,,,,,,,,,,,,,,,,
state_unavailable,skip,SPY,no_completed_state,,,2026-08-04T00:46:22.025658+00:00,2026-08-04T00:46:22.729494+00:00,,,,,,,,state_session=afternoon + state_slope=downtrend,,,,,1h,,,,,,insample,,,2026-07-31 19:30:00+00:00,746.8099975585938,{},,,,,,,,,,,,,,,,,,,,,,,,,,,
stop_intent,stop_unchanged,AEP,,123.2271,,2026-08-04T01:46:07.913016+00:00,2026-08-04T01:46:07.998464+00:00,initial,7.0,-0.164,,,,,,,,,,,,,,,,,,,,,,,,,,,,,,,,,,,,,,,,,,,,,,,,
stop_intent,stop_unchanged,AMAT,,421.18,,2026-08-04T01:46:07.913026+00:00,2026-08-04T01:46:08.047582+00:00,initial,1.0,0.12,,,,,,,,,,,,,,,,,,,,,,,,,,,,,,,,,,,,,,,,,,,,,,,,
stop_intent,stop_unchanged,ASML,,1510.2835,,2026-08-04T01:46:07.913032+00:00,2026-08-04T01:46:08.095303+00:00,initial,1.0,-0.229,,,,,,,,,,,,,,,,,,,,,,,,,,,,,,,,,,,,,,,,,,,,,,,,
stop_intent,stop_unchanged,HON,,226.51,,2026-08-04T01:46:07.913038+00:00,2026-08-04T01:46:08.142725+00:00,initial,5.0,0.479,,,,,,,,,,,,,,,,,,,,,,,,,,,,,,,,,,,,,,,,,,,,,,,,
stop_intent,stop_unchanged,KLAC,,188.2,,2026-08-04T01:46:07.913044+00:00,2026-08-04T01:46:08.190310+00:00,initial,9.0,0.0,,,,,,,,,,,,,,,,,,,,,,,,,,,,,,,,,,,,,,,,,,,,,,,,
stop_intent,stop_unchanged,NOW,,97.86,,2026-08-04T01:46:07.913050+00:00,2026-08-04T01:46:08.238217+00:00,initial,22.0,0.288,,,,,,,,,,,,,,,,,,,,,,,,,,,,,,,,,,,,,,,,,,,,,,,,
stop_intent,stop_unchanged,SMCI,,22.8,,2026-08-04T01:46:07.913055+00:00,2026-08-04T01:46:08.285838+00:00,initial,32.0,0.255,,,,,,,,,,,,,,,,,,,,,,,,,,,,,,,,,,,,,,,,,,,,,,,,
stop_intent,stop_unchanged,XLB,,48.6258,,2026-08-04T01:46:07.913060+00:00,2026-08-04T01:46:08.332883+00:00,initial,18.0,0.281,,,,,,,,,,,,,,,,,,,,,,,,,,,,,,,,,,,,,,,,,,,,,,,,
entry_signal,skip,XLF,no_state_data,,,2026-08-04T01:46:07.929238+00:00,2026-08-04T01:46:08.379545+00:00,,,,,,,no_state_data,state_ext=stretched_up + state_slope=flat,,,,,1d,,,,,,insample,False,False,,,,,,,,,,,,,,,,,,,,,,,,,,,,,,
state_unavailable,skip,XLF,no_completed_state,,,2026-08-04T01:46:07.937253+00:00,2026-08-04T01:46:08.427098+00:00,,,,,,,,state_ext=stretched_up + state_slope=flat,,,,,1d,,,,,,insample,,,2026-07-31 04:00:00+00:00,56.93999862670898,{},,,,,,,,,,,,,,,,,,,,,,,,,,,
entry_signal,skip,XLK,no_state_data,,,2026-08-04T01:46:07.951371+00:00,2026-08-04T01:46:08.505687+00:00,,,,,,,no_state_data,cross_TLT_state_slope=uptrend + state_ext=neutral,,,,,1d,,,,,,insample,False,False,,,,,,,,,,,,,,,,,,,,,,,,,,,,,,
state_unavailable,skip,XLK,no_completed_state,,,2026-08-04T01:46:07.959131+00:00,2026-08-04T01:46:08.554017+00:00,,,,,,,,cross_TLT_state_slope=uptrend + state_ext=neutral,,,,,1d,,,,,,insample,,,2026-07-31 04:00:00+00:00,175.35000610351562,{},,,,,,,,,,,,,,,,,,,,,,,,,,,
entry_signal,skip,XLK,no_state_data,,,2026-08-04T01:46:07.971581+00:00,2026-08-04T01:46:08.601953+00:00,,,,,,,no_state_data,cross_USO_state_vol=mid_vol + state_ext=stretched_down,,,,,1h,,,,,,insample,False,False,,,,,,,,,,,,,,,,,,,,,,,,,,,,,,
state_unavailable,skip,XLK,no_completed_state,,,2026-08-04T01:46:07.978519+00:00,2026-08-04T01:46:08.649728+00:00,,,,,,,,cross_USO_state_vol=mid_vol + state_ext=stretched_down,,,,,1h,,,,,,insample,,,2026-07-31 19:30:00+00:00,175.27999877929688,{},,,,,,,,,,,,,,,,,,,,,,,,,,,
entry_signal,skip,SPY,no_state_data,,,2026-08-04T01:46:07.991376+00:00,2026-08-04T01:46:08.696469+00:00,,,,,,,no_state_data,state_session=afternoon + state_slope=downtrend,,,,,1h,,,,,,insample,False,False,,,,,,,,,,,,,,,,,,,,,,,,,,,,,,
state_unavailable,skip,SPY,no_completed_state,,,2026-08-04T01:46:07.998406+00:00,2026-08-04T01:46:08.743251+00:00,,,,,,,,state_session=afternoon + state_slope=downtrend,,,,,1h,,,,,,insample,,,2026-07-31 19:30:00+00:00,746.8099975585938,{},,,,,,,,,,,,,,,,,,,,,,,,,,,
stop_intent,stop_unchanged,AEP,,123.2271,,2026-08-04T02:46:30.493470+00:00,2026-08-04T02:46:30.574004+00:00,initial,7.0,-0.164,,,,,,,,,,,,,,,,,,,,,,,,,,,,,,,,,,,,,,,,,,,,,,,,
stop_intent,stop_unchanged,AMAT,,421.18,,2026-08-04T02:46:30.493479+00:00,2026-08-04T02:46:30.622025+00:00,initial,1.0,0.135,,,,,,,,,,,,,,,,,,,,,,,,,,,,,,,,,,,,,,,,,,,,,,,,
stop_intent,stop_unchanged,ASML,,1510.2835,,2026-08-04T02:46:30.493483+00:00,2026-08-04T02:46:30.668490+00:00,initial,1.0,-0.141,,,,,,,,,,,,,,,,,,,,,,,,,,,,,,,,,,,,,,,,,,,,,,,,
stop_intent,stop_unchanged,HON,,226.51,,2026-08-04T02:46:30.493487+00:00,2026-08-04T02:46:30.714688+00:00,initial,5.0,0.479,,,,,,,,,,,,,,,,,,,,,,,,,,,,,,,,,,,,,,,,,,,,,,,,
stop_intent,stop_unchanged,KLAC,,188.2,,2026-08-04T02:46:30.493491+00:00,2026-08-04T02:46:30.759859+00:00,initial,9.0,-0.102,,,,,,,,,,,,,,,,,,,,,,,,,,,,,,,,,,,,,,,,,,,,,,,,
stop_intent,stop_unchanged,NOW,,97.86,,2026-08-04T02:46:30.493494+00:00,2026-08-04T02:46:30.805259+00:00,initial,22.0,0.29,,,,,,,,,,,,,,,,,,,,,,,,,,,,,,,,,,,,,,,,,,,,,,,,
stop_intent,stop_unchanged,SMCI,,22.8,,2026-08-04T02:46:30.493497+00:00,2026-08-04T02:46:30.850363+00:00,initial,32.0,0.272,,,,,,,,,,,,,,,,,,,,,,,,,,,,,,,,,,,,,,,,,,,,,,,,
stop_intent,stop_unchanged,XLB,,48.6258,,2026-08-04T02:46:30.493501+00:00,2026-08-04T02:46:30.895495+00:00,initial,18.0,0.281,,,,,,,,,,,,,,,,,,,,,,,,,,,,,,,,,,,,,,,,,,,,,,,,
entry_signal,skip,XLF,no_state_data,,,2026-08-04T02:46:30.508395+00:00,2026-08-04T02:46:30.940901+00:00,,,,,,,no_state_data,state_ext=stretched_up + state_slope=flat,,,,,1d,,,,,,insample,False,False,,,,,,,,,,,,,,,,,,,,,,,,,,,,,,
state_unavailable,skip,XLF,no_completed_state,,,2026-08-04T02:46:30.516167+00:00,2026-08-04T02:46:30.987028+00:00,,,,,,,,state_ext=stretched_up + state_slope=flat,,,,,1d,,,,,,insample,,,2026-07-31 04:00:00+00:00,56.93999862670898,{},,,,,,,,,,,,,,,,,,,,,,,,,,,
entry_signal,skip,XLK,no_state_data,,,2026-08-04T02:46:30.531016+00:00,2026-08-04T02:46:31.058621+00:00,,,,,,,no_state_data,cross_TLT_state_slope=uptrend + state_ext=neutral,,,,,1d,,,,,,insample,False,False,,,,,,,,,,,,,,,,,,,,,,,,,,,,,,
state_unavailable,skip,XLK,no_completed_state,,,2026-08-04T02:46:30.538008+00:00,2026-08-04T02:46:31.104698+00:00,,,,,,,,cross_TLT_state_slope=uptrend + state_ext=neutral,,,,,1d,,,,,,insample,,,2026-07-31 04:00:00+00:00,175.35000610351562,{},,,,,,,,,,,,,,,,,,,,,,,,,,,
entry_signal,skip,XLK,no_state_data,,,2026-08-04T02:46:30.549419+00:00,2026-08-04T02:46:31.150400+00:00,,,,,,,no_state_data,cross_USO_state_vol=mid_vol + state_ext=stretched_down,,,,,1h,,,,,,insample,False,False,,,,,,,,,,,,,,,,,,,,,,,,,,,,,,
state_unavailable,skip,XLK,no_completed_state,,,2026-08-04T02:46:30.555845+00:00,2026-08-04T02:46:31.196360+00:00,,,,,,,,cross_USO_state_vol=mid_vol + state_ext=stretched_down,,,,,1h,,,,,,insample,,,2026-07-31 19:30:00+00:00,175.27999877929688,{},,,,,,,,,,,,,,,,,,,,,,,,,,,
entry_signal,skip,SPY,no_state_data,,,2026-08-04T02:46:30.567415+00:00,2026-08-04T02:46:31.242315+00:00,,,,,,,no_state_data,state_session=afternoon + state_slope=downtrend,,,,,1h,,,,,,insample,False,False,,,,,,,,,,,,,,,,,,,,,,,,,,,,,,
state_unavailable,skip,SPY,no_completed_state,,,2026-08-04T02:46:30.573954+00:00,2026-08-04T02:46:31.288318+00:00,,,,,,,,state_session=afternoon + state_slope=downtrend,,,,,1h,,,,,,insample,,,2026-07-31 19:30:00+00:00,746.8099975585938,{},,,,,,,,,,,,,,,,,,,,,,,,,,,
stop_intent,stop_unchanged,AEP,,123.2271,,2026-08-04T03:46:22.469322+00:00,2026-08-04T03:46:22.520296+00:00,initial,7.0,-0.164,,,,,,,,,,,,,,,,,,,,,,,,,,,,,,,,,,,,,,,,,,,,,,,,
stop_intent,stop_unchanged,AMAT,,421.18,,2026-08-04T03:46:22.469328+00:00,2026-08-04T03:46:22.548336+00:00,initial,1.0,0.101,,,,,,,,,,,,,,,,,,,,,,,,,,,,,,,,,,,,,,,,,,,,,,,,
stop_intent,stop_unchanged,ASML,,1510.2835,,2026-08-04T03:46:22.469331+00:00,2026-08-04T03:46:22.618180+00:00,initial,1.0,-0.18,,,,,,,,,,,,,,,,,,,,,,,,,,,,,,,,,,,,,,,,,,,,,,,,
stop_intent,stop_unchanged,HON,,226.51,,2026-08-04T03:46:22.469333+00:00,2026-08-04T03:46:22.644848+00:00,initial,5.0,0.479,,,,,,,,,,,,,,,,,,,,,,,,,,,,,,,,,,,,,,,,,,,,,,,,
stop_intent,stop_unchanged,KLAC,,188.2,,2026-08-04T03:46:22.469336+00:00,2026-08-04T03:46:22.725256+00:00,initial,9.0,0.035,,,,,,,,,,,,,,,,,,,,,,,,,,,,,,,,,,,,,,,,,,,,,,,,
stop_intent,stop_unchanged,NOW,,97.86,,2026-08-04T03:46:22.469338+00:00,2026-08-04T03:46:22.751756+00:00,initial,22.0,0.298,,,,,,,,,,,,,,,,,,,,,,,,,,,,,,,,,,,,,,,,,,,,,,,,
stop_intent,stop_unchanged,SMCI,,22.8,,2026-08-04T03:46:22.469340+00:00,2026-08-04T03:46:22.816235+00:00,initial,32.0,0.259,,,,,,,,,,,,,,,,,,,,,,,,,,,,,,,,,,,,,,,,,,,,,,,,
stop_intent,stop_unchanged,XLB,,48.6258,,2026-08-04T03:46:22.469342+00:00,2026-08-04T03:46:22.842629+00:00,initial,18.0,0.281,,,,,,,,,,,,,,,,,,,,,,,,,,,,,,,,,,,,,,,,,,,,,,,,
entry_signal,skip,XLF,no_state_data,,,2026-08-04T03:46:22.479955+00:00,2026-08-04T03:46:22.868647+00:00,,,,,,,no_state_data,state_ext=stretched_up + state_slope=flat,,,,,1d,,,,,,insample,False,False,,,,,,,,,,,,,,,,,,,,,,,,,,,,,,
state_unavailable,skip,XLF,no_completed_state,,,2026-08-04T03:46:22.485705+00:00,2026-08-04T03:46:22.895223+00:00,,,,,,,,state_ext=stretched_up + state_slope=flat,,,,,1d,,,,,,insample,,,2026-07-31 04:00:00+00:00,56.93999862670898,{},,,,,,,,,,,,,,,,,,,,,,,,,,,
entry_signal,skip,XLK,no_state_data,,,2026-08-04T03:46:22.494148+00:00,2026-08-04T03:46:22.989402+00:00,,,,,,,no_state_data,cross_TLT_state_slope=uptrend + state_ext=neutral,,,,,1d,,,,,,insample,False,False,,,,,,,,,,,,,,,,,,,,,,,,,,,,,,
state_unavailable,skip,XLK,no_completed_state,,,2026-08-04T03:46:22.498574+00:00,2026-08-04T03:46:23.098270+00:00,,,,,,,,cross_TLT_state_slope=uptrend + state_ext=neutral,,,,,1d,,,,,,insample,,,2026-07-31 04:00:00+00:00,175.35000610351562,{},,,,,,,,,,,,,,,,,,,,,,,,,,,
entry_signal,skip,XLK,no_state_data,,,2026-08-04T03:46:22.505724+00:00,2026-08-04T03:46:23.126013+00:00,,,,,,,no_state_data,cross_USO_state_vol=mid_vol + state_ext=stretched_down,,,,,1h,,,,,,insample,False,False,,,,,,,,,,,,,,,,,,,,,,,,,,,,,,
state_unavailable,skip,XLK,no_completed_state,,,2026-08-04T03:46:22.509606+00:00,2026-08-04T03:46:23.152834+00:00,,,,,,,,cross_USO_state_vol=mid_vol + state_ext=stretched_down,,,,,1h,,,,,,insample,,,2026-07-31 19:30:00+00:00,175.27999877929688,{},,,,,,,,,,,,,,,,,,,,,,,,,,,
entry_signal,skip,SPY,no_state_data,,,2026-08-04T03:46:22.516539+00:00,2026-08-04T03:46:23.210240+00:00,,,,,,,no_state_data,state_session=afternoon + state_slope=downtrend,,,,,1h,,,,,,insample,False,False,,,,,,,,,,,,,,,,,,,,,,,,,,,,,,
state_unavailable,skip,SPY,no_completed_state,,,2026-08-04T03:46:22.520251+00:00,2026-08-04T03:46:23.237166+00:00,,,,,,,,state_session=afternoon + state_slope=downtrend,,,,,1h,,,,,,insample,,,2026-07-31 19:30:00+00:00,746.8099975585938,{},,,,,,,,,,,,,,,,,,,,,,,,,,,
stop_intent,stop_unchanged,AEP,,123.2271,,2026-08-04T04:46:11.241538+00:00,2026-08-04T04:46:11.320188+00:00,initial,7.0,-0.164,,,,,,,,,,,,,,,,,,,,,,,,,,,,,,,,,,,,,,,,,,,,,,,,
stop_intent,stop_unchanged,AMAT,,421.18,,2026-08-04T04:46:11.241547+00:00,2026-08-04T04:46:11.368059+00:00,initial,1.0,0.137,,,,,,,,,,,,,,,,,,,,,,,,,,,,,,,,,,,,,,,,,,,,,,,,
stop_intent,stop_unchanged,ASML,,1510.2835,,2026-08-04T04:46:11.241551+00:00,2026-08-04T04:46:11.413157+00:00,initial,1.0,-0.18,,,,,,,,,,,,,,,,,,,,,,,,,,,,,,,,,,,,,,,,,,,,,,,,
stop_intent,stop_unchanged,HON,,226.51,,2026-08-04T04:46:11.241555+00:00,2026-08-04T04:46:11.458253+00:00,initial,5.0,0.479,,,,,,,,,,,,,,,,,,,,,,,,,,,,,,,,,,,,,,,,,,,,,,,,
stop_intent,stop_unchanged,KLAC,,188.2,,2026-08-04T04:46:11.241558+00:00,2026-08-04T04:46:11.503318+00:00,initial,9.0,-0.219,,,,,,,,,,,,,,,,,,,,,,,,,,,,,,,,,,,,,,,,,,,,,,,,
stop_intent,stop_unchanged,NOW,,97.86,,2026-08-04T04:46:11.241562+00:00,2026-08-04T04:46:11.548410+00:00,initial,22.0,0.298,,,,,,,,,,,,,,,,,,,,,,,,,,,,,,,,,,,,,,,,,,,,,,,,
stop_intent,stop_unchanged,SMCI,,22.8,,2026-08-04T04:46:11.241565+00:00,2026-08-04T04:46:11.593628+00:00,initial,32.0,0.268,,,,,,,,,,,,,,,,,,,,,,,,,,,,,,,,,,,,,,,,,,,,,,,,
stop_intent,stop_unchanged,XLB,,48.6258,,2026-08-04T04:46:11.241568+00:00,2026-08-04T04:46:11.638450+00:00,initial,18.0,0.281,,,,,,,,,,,,,,,,,,,,,,,,,,,,,,,,,,,,,,,,,,,,,,,,
entry_signal,skip,XLF,no_state_data,,,2026-08-04T04:46:11.256669+00:00,2026-08-04T04:46:11.683461+00:00,,,,,,,no_state_data,state_ext=stretched_up + state_slope=flat,,,,,1d,,,,,,insample,False,False,,,,,,,,,,,,,,,,,,,,,,,,,,,,,,
state_unavailable,skip,XLF,no_completed_state,,,2026-08-04T04:46:11.264002+00:00,2026-08-04T04:46:11.729124+00:00,,,,,,,,state_ext=stretched_up + state_slope=flat,,,,,1d,,,,,,insample,,,2026-07-31 04:00:00+00:00,56.93999862670898,{},,,,,,,,,,,,,,,,,,,,,,,,,,,
entry_signal,skip,XLK,no_state_data,,,2026-08-04T04:46:11.277421+00:00,2026-08-04T04:46:11.798440+00:00,,,,,,,no_state_data,cross_TLT_state_slope=uptrend + state_ext=neutral,,,,,1d,,,,,,insample,False,False,,,,,,,,,,,,,,,,,,,,,,,,,,,,,,
state_unavailable,skip,XLK,no_completed_state,,,2026-08-04T04:46:11.284401+00:00,2026-08-04T04:46:11.844831+00:00,,,,,,,,cross_TLT_state_slope=uptrend + state_ext=neutral,,,,,1d,,,,,,insample,,,2026-07-31 04:00:00+00:00,175.35000610351562,{},,,,,,,,,,,,,,,,,,,,,,,,,,,
entry_signal,skip,XLK,no_state_data,,,2026-08-04T04:46:11.295917+00:00,2026-08-04T04:46:11.891268+00:00,,,,,,,no_state_data,cross_USO_state_vol=mid_vol + state_ext=stretched_down,,,,,1h,,,,,,insample,False,False,,,,,,,,,,,,,,,,,,,,,,,,,,,,,,
state_unavailable,skip,XLK,no_completed_state,,,2026-08-04T04:46:11.302279+00:00,2026-08-04T04:46:11.937470+00:00,,,,,,,,cross_USO_state_vol=mid_vol + state_ext=stretched_down,,,,,1h,,,,,,insample,,,2026-07-31 19:30:00+00:00,175.27999877929688,{},,,,,,,,,,,,,,,,,,,,,,,,,,,
entry_signal,skip,SPY,no_state_data,,,2026-08-04T04:46:11.313690+00:00,2026-08-04T04:46:11.983226+00:00,,,,,,,no_state_data,state_session=afternoon + state_slope=downtrend,,,,,1h,,,,,,insample,False,False,,,,,,,,,,,,,,,,,,,,,,,,,,,,,,
state_unavailable,skip,SPY,no_completed_state,,,2026-08-04T04:46:11.320139+00:00,2026-08-04T04:46:12.029016+00:00,,,,,,,,state_session=afternoon + state_slope=downtrend,,,,,1h,,,,,,insample,,,2026-07-31 19:30:00+00:00,746.8099975585938,{},,,,,,,,,,,,,,,,,,,,,,,,,,,
stop_intent,stop_unchanged,AEP,,123.2271,,2026-08-04T05:46:16.456672+00:00,2026-08-04T05:46:16.535570+00:00,initial,7.0,-0.164,,,,,,,,,,,,,,,,,,,,,,,,,,,,,,,,,,,,,,,,,,,,,,,,
stop_intent,stop_unchanged,AMAT,,421.18,,2026-08-04T05:46:16.456679+00:00,2026-08-04T05:46:16.584807+00:00,initial,1.0,0.21,,,,,,,,,,,,,,,,,,,,,,,,,,,,,,,,,,,,,,,,,,,,,,,,
stop_intent,stop_unchanged,ASML,,1510.2835,,2026-08-04T05:46:16.456683+00:00,2026-08-04T05:46:16.631395+00:00,initial,1.0,-0.095,,,,,,,,,,,,,,,,,,,,,,,,,,,,,,,,,,,,,,,,,,,,,,,,
stop_intent,stop_unchanged,HON,,226.51,,2026-08-04T05:46:16.456687+00:00,2026-08-04T05:46:16.678029+00:00,initial,5.0,0.479,,,,,,,,,,,,,,,,,,,,,,,,,,,,,,,,,,,,,,,,,,,,,,,,
stop_intent,stop_unchanged,KLAC,,188.2,,2026-08-04T05:46:16.456690+00:00,2026-08-04T05:46:16.725149+00:00,initial,9.0,-0.52,,,,,,,,,,,,,,,,,,,,,,,,,,,,,,,,,,,,,,,,,,,,,,,,
stop_intent,stop_unchanged,NOW,,97.86,,2026-08-04T05:46:16.456694+00:00,2026-08-04T05:46:16.771838+00:00,initial,22.0,0.294,,,,,,,,,,,,,,,,,,,,,,,,,,,,,,,,,,,,,,,,,,,,,,,,
stop_intent,stop_unchanged,SMCI,,22.8,,2026-08-04T05:46:16.456697+00:00,2026-08-04T05:46:16.818836+00:00,initial,32.0,0.287,,,,,,,,,,,,,,,,,,,,,,,,,,,,,,,,,,,,,,,,,,,,,,,,
stop_intent,stop_unchanged,XLB,,48.6258,,2026-08-04T05:46:16.456700+00:00,2026-08-04T05:46:16.865216+00:00,initial,18.0,0.281,,,,,,,,,,,,,,,,,,,,,,,,,,,,,,,,,,,,,,,,,,,,,,,,
entry_signal,skip,XLF,no_state_data,,,2026-08-04T05:46:16.472038+00:00,2026-08-04T05:46:16.912043+00:00,,,,,,,no_state_data,state_ext=stretched_up + state_slope=flat,,,,,1d,,,,,,insample,False,False,,,,,,,,,,,,,,,,,,,,,,,,,,,,,,
state_unavailable,skip,XLF,no_completed_state,,,2026-08-04T05:46:16.479690+00:00,2026-08-04T05:46:16.959547+00:00,,,,,,,,state_ext=stretched_up + state_slope=flat,,,,,1d,,,,,,insample,,,2026-07-31 04:00:00+00:00,56.93999862670898,{},,,,,,,,,,,,,,,,,,,,,,,,,,,
entry_signal,skip,XLK,no_state_data,,,2026-08-04T05:46:16.492740+00:00,2026-08-04T05:46:17.037966+00:00,,,,,,,no_state_data,cross_TLT_state_slope=uptrend + state_ext=neutral,,,,,1d,,,,,,insample,False,False,,,,,,,,,,,,,,,,,,,,,,,,,,,,,,
state_unavailable,skip,XLK,no_completed_state,,,2026-08-04T05:46:16.499915+00:00,2026-08-04T05:46:17.086002+00:00,,,,,,,,cross_TLT_state_slope=uptrend + state_ext=neutral,,,,,1d,,,,,,insample,,,2026-07-31 04:00:00+00:00,175.35000610351562,{},,,,,,,,,,,,,,,,,,,,,,,,,,,
entry_signal,skip,XLK,no_state_data,,,2026-08-04T05:46:16.511360+00:00,2026-08-04T05:46:17.133257+00:00,,,,,,,no_state_data,cross_USO_state_vol=mid_vol + state_ext=stretched_down,,,,,1h,,,,,,insample,False,False,,,,,,,,,,,,,,,,,,,,,,,,,,,,,,
state_unavailable,skip,XLK,no_completed_state,,,2026-08-04T05:46:16.517961+00:00,2026-08-04T05:46:17.180671+00:00,,,,,,,,cross_USO_state_vol=mid_vol + state_ext=stretched_down,,,,,1h,,,,,,insample,,,2026-07-31 19:30:00+00:00,175.27999877929688,{},,,,,,,,,,,,,,,,,,,,,,,,,,,
entry_signal,skip,SPY,no_state_data,,,2026-08-04T05:46:16.529209+00:00,2026-08-04T05:46:17.228043+00:00,,,,,,,no_state_data,state_session=afternoon + state_slope=downtrend,,,,,1h,,,,,,insample,False,False,,,,,,,,,,,,,,,,,,,,,,,,,,,,,,
state_unavailable,skip,SPY,no_completed_state,,,2026-08-04T05:46:16.535516+00:00,2026-08-04T05:46:17.275555+00:00,,,,,,,,state_session=afternoon + state_slope=downtrend,,,,,1h,,,,,,insample,,,2026-07-31 19:30:00+00:00,746.8099975585938,{},,,,,,,,,,,,,,,,,,,,,,,,,,,
stop_intent,stop_unchanged,AEP,,123.2271,,2026-08-04T06:46:16.309556+00:00,2026-08-04T06:46:16.387869+00:00,initial,7.0,-0.164,,,,,,,,,,,,,,,,,,,,,,,,,,,,,,,,,,,,,,,,,,,,,,,,
stop_intent,stop_unchanged,AMAT,,421.18,,2026-08-04T06:46:16.309564+00:00,2026-08-04T06:46:16.437150+00:00,initial,1.0,0.204,,,,,,,,,,,,,,,,,,,,,,,,,,,,,,,,,,,,,,,,,,,,,,,,
stop_intent,stop_unchanged,ASML,,1510.2835,,2026-08-04T06:46:16.309569+00:00,2026-08-04T06:46:16.483802+00:00,initial,1.0,-0.092,,,,,,,,,,,,,,,,,,,,,,,,,,,,,,,,,,,,,,,,,,,,,,,,
stop_intent,stop_unchanged,HON,,226.51,,2026-08-04T06:46:16.309573+00:00,2026-08-04T06:46:16.530828+00:00,initial,5.0,0.479,,,,,,,,,,,,,,,,,,,,,,,,,,,,,,,,,,,,,,,,,,,,,,,,
stop_intent,stop_unchanged,KLAC,,188.2,,2026-08-04T06:46:16.309577+00:00,2026-08-04T06:46:16.577580+00:00,initial,9.0,-0.393,,,,,,,,,,,,,,,,,,,,,,,,,,,,,,,,,,,,,,,,,,,,,,,,
stop_intent,stop_unchanged,NOW,,97.86,,2026-08-04T06:46:16.309580+00:00,2026-08-04T06:46:16.624897+00:00,initial,22.0,0.225,,,,,,,,,,,,,,,,,,,,,,,,,,,,,,,,,,,,,,,,,,,,,,,,
stop_intent,stop_unchanged,SMCI,,22.8,,2026-08-04T06:46:16.309583+00:00,2026-08-04T06:46:16.671752+00:00,initial,32.0,0.302,,,,,,,,,,,,,,,,,,,,,,,,,,,,,,,,,,,,,,,,,,,,,,,,
stop_intent,stop_unchanged,XLB,,48.6258,,2026-08-04T06:46:16.309587+00:00,2026-08-04T06:46:16.718280+00:00,initial,18.0,0.281,,,,,,,,,,,,,,,,,,,,,,,,,,,,,,,,,,,,,,,,,,,,,,,,
entry_signal,skip,XLF,no_state_data,,,2026-08-04T06:46:16.323747+00:00,2026-08-04T06:46:16.764892+00:00,,,,,,,no_state_data,state_ext=stretched_up + state_slope=flat,,,,,1d,,,,,,insample,False,False,,,,,,,,,,,,,,,,,,,,,,,,,,,,,,
state_unavailable,skip,XLF,no_completed_state,,,2026-08-04T06:46:16.331341+00:00,2026-08-04T06:46:16.812323+00:00,,,,,,,,state_ext=stretched_up + state_slope=flat,,,,,1d,,,,,,insample,,,2026-07-31 04:00:00+00:00,56.93999862670898,{},,,,,,,,,,,,,,,,,,,,,,,,,,,
entry_signal,skip,XLK,no_state_data,,,2026-08-04T06:46:16.345171+00:00,2026-08-04T06:46:16.893237+00:00,,,,,,,no_state_data,cross_TLT_state_slope=uptrend + state_ext=neutral,,,,,1d,,,,,,insample,False,False,,,,,,,,,,,,,,,,,,,,,,,,,,,,,,
state_unavailable,skip,XLK,no_completed_state,,,2026-08-04T06:46:16.352485+00:00,2026-08-04T06:46:16.940458+00:00,,,,,,,,cross_TLT_state_slope=uptrend + state_ext=neutral,,,,,1d,,,,,,insample,,,2026-07-31 04:00:00+00:00,175.35000610351562,{},,,,,,,,,,,,,,,,,,,,,,,,,,,
entry_signal,skip,XLK,no_state_data,,,2026-08-04T06:46:16.363931+00:00,2026-08-04T06:46:16.987611+00:00,,,,,,,no_state_data,cross_USO_state_vol=mid_vol + state_ext=stretched_down,,,,,1h,,,,,,insample,False,False,,,,,,,,,,,,,,,,,,,,,,,,,,,,,,
state_unavailable,skip,XLK,no_completed_state,,,2026-08-04T06:46:16.370283+00:00,2026-08-04T06:46:17.034853+00:00,,,,,,,,cross_USO_state_vol=mid_vol + state_ext=stretched_down,,,,,1h,,,,,,insample,,,2026-07-31 19:30:00+00:00,175.27999877929688,{},,,,,,,,,,,,,,,,,,,,,,,,,,,
entry_signal,skip,SPY,no_state_data,,,2026-08-04T06:46:16.381637+00:00,2026-08-04T06:46:17.082361+00:00,,,,,,,no_state_data,state_session=afternoon + state_slope=downtrend,,,,,1h,,,,,,insample,False,False,,,,,,,,,,,,,,,,,,,,,,,,,,,,,,
state_unavailable,skip,SPY,no_completed_state,,,2026-08-04T06:46:16.387815+00:00,2026-08-04T06:46:17.129415+00:00,,,,,,,,state_session=afternoon + state_slope=downtrend,,,,,1h,,,,,,insample,,,2026-07-31 19:30:00+00:00,746.8099975585938,{},,,,,,,,,,,,,,,,,,,,,,,,,,,
stop_intent,stop_unchanged,AEP,,123.2271,,2026-08-04T07:46:30.024420+00:00,2026-08-04T07:46:30.108433+00:00,initial,7.0,-0.164,,,,,,,,,,,,,,,,,,,,,,,,,,,,,,,,,,,,,,,,,,,,,,,,
stop_intent,stop_unchanged,AMAT,,421.18,,2026-08-04T07:46:30.024427+00:00,2026-08-04T07:46:30.158053+00:00,initial,1.0,0.256,,,,,,,,,,,,,,,,,,,,,,,,,,,,,,,,,,,,,,,,,,,,,,,,
stop_intent,stop_unchanged,ASML,,1510.2835,,2026-08-04T07:46:30.024432+00:00,2026-08-04T07:46:30.206234+00:00,initial,1.0,0.006,,,,,,,,,,,,,,,,,,,,,,,,,,,,,,,,,,,,,,,,,,,,,,,,
stop_intent,stop_unchanged,HON,,226.51,,2026-08-04T07:46:30.024436+00:00,2026-08-04T07:46:30.253149+00:00,initial,5.0,0.479,,,,,,,,,,,,,,,,,,,,,,,,,,,,,,,,,,,,,,,,,,,,,,,,
stop_intent,stop_unchanged,KLAC,,188.2,,2026-08-04T07:46:30.024439+00:00,2026-08-04T07:46:30.299474+00:00,initial,9.0,-0.761,,,,,,,,,,,,,,,,,,,,,,,,,,,,,,,,,,,,,,,,,,,,,,,,
stop_intent,stop_unchanged,NOW,,97.86,,2026-08-04T07:46:30.024443+00:00,2026-08-04T07:46:30.345747+00:00,initial,22.0,0.17,,,,,,,,,,,,,,,,,,,,,,,,,,,,,,,,,,,,,,,,,,,,,,,,
stop_intent,stop_unchanged,SMCI,,22.8,,2026-08-04T07:46:30.024446+00:00,2026-08-04T07:46:30.392451+00:00,initial,32.0,0.314,,,,,,,,,,,,,,,,,,,,,,,,,,,,,,,,,,,,,,,,,,,,,,,,
stop_intent,stop_unchanged,XLB,,48.6258,,2026-08-04T07:46:30.024449+00:00,2026-08-04T07:46:30.438803+00:00,initial,18.0,0.281,,,,,,,,,,,,,,,,,,,,,,,,,,,,,,,,,,,,,,,,,,,,,,,,
entry_signal,skip,XLF,no_state_data,,,2026-08-04T07:46:30.042157+00:00,2026-08-04T07:46:30.485372+00:00,,,,,,,no_state_data,state_ext=stretched_up + state_slope=flat,,,,,1d,,,,,,insample,False,False,,,,,,,,,,,,,,,,,,,,,,,,,,,,,,
state_unavailable,skip,XLF,no_completed_state,,,2026-08-04T07:46:30.049896+00:00,2026-08-04T07:46:30.532347+00:00,,,,,,,,state_ext=stretched_up + state_slope=flat,,,,,1d,,,,,,insample,,,2026-07-31 04:00:00+00:00,56.93999862670898,{},,,,,,,,,,,,,,,,,,,,,,,,,,,
entry_signal,skip,XLK,no_state_data,,,2026-08-04T07:46:30.064313+00:00,2026-08-04T07:46:30.603525+00:00,,,,,,,no_state_data,cross_TLT_state_slope=uptrend + state_ext=neutral,,,,,1d,,,,,,insample,False,False,,,,,,,,,,,,,,,,,,,,,,,,,,,,,,
state_unavailable,skip,XLK,no_completed_state,,,2026-08-04T07:46:30.071657+00:00,2026-08-04T07:46:30.651092+00:00,,,,,,,,cross_TLT_state_slope=uptrend + state_ext=neutral,,,,,1d,,,,,,insample,,,2026-07-31 04:00:00+00:00,175.35000610351562,{},,,,,,,,,,,,,,,,,,,,,,,,,,,
entry_signal,skip,XLK,no_state_data,,,2026-08-04T07:46:30.083623+00:00,2026-08-04T07:46:30.698082+00:00,,,,,,,no_state_data,cross_USO_state_vol=mid_vol + state_ext=stretched_down,,,,,1h,,,,,,insample,False,False,,,,,,,,,,,,,,,,,,,,,,,,,,,,,,
state_unavailable,skip,XLK,no_completed_state,,,2026-08-04T07:46:30.090098+00:00,2026-08-04T07:46:30.745345+00:00,,,,,,,,cross_USO_state_vol=mid_vol + state_ext=stretched_down,,,,,1h,,,,,,insample,,,2026-07-31 19:30:00+00:00,175.27999877929688,{},,,,,,,,,,,,,,,,,,,,,,,,,,,
entry_signal,skip,SPY,no_state_data,,,2026-08-04T07:46:30.101967+00:00,2026-08-04T07:46:30.792694+00:00,,,,,,,no_state_data,state_session=afternoon + state_slope=downtrend,,,,,1h,,,,,,insample,False,False,,,,,,,,,,,,,,,,,,,,,,,,,,,,,,
state_unavailable,skip,SPY,no_completed_state,,,2026-08-04T07:46:30.108382+00:00,2026-08-04T07:46:30.840180+00:00,,,,,,,,state_session=afternoon + state_slope=downtrend,,,,,1h,,,,,,insample,,,2026-07-31 19:30:00+00:00,746.8099975585938,{},,,,,,,,,,,,,,,,,,,,,,,,,,,
stop_intent,stop_unchanged,AEP,,123.2271,,2026-08-04T08:46:30.884564+00:00,2026-08-04T08:46:30.951322+00:00,initial,7.0,-0.076,,,,,,,,,,,,,,,,,,,,,,,,,,,,,,,,,,,,,,,,,,,,,,,,
stop_intent,stop_unchanged,AMAT,,421.18,,2026-08-04T08:46:30.884571+00:00,2026-08-04T08:46:30.993601+00:00,initial,1.0,0.265,,,,,,,,,,,,,,,,,,,,,,,,,,,,,,,,,,,,,,,,,,,,,,,,
stop_intent,stop_unchanged,ASML,,1510.2835,,2026-08-04T08:46:30.884575+00:00,2026-08-04T08:46:31.034331+00:00,initial,1.0,0.049,,,,,,,,,,,,,,,,,,,,,,,,,,,,,,,,,,,,,,,,,,,,,,,,
stop_intent,stop_unchanged,HON,,226.51,,2026-08-04T08:46:30.884578+00:00,2026-08-04T08:46:31.078909+00:00,initial,5.0,0.479,,,,,,,,,,,,,,,,,,,,,,,,,,,,,,,,,,,,,,,,,,,,,,,,
stop_intent,stop_unchanged,KLAC,,188.2,,2026-08-04T08:46:30.884581+00:00,2026-08-04T08:46:31.118472+00:00,initial,9.0,-0.865,,,,,,,,,,,,,,,,,,,,,,,,,,,,,,,,,,,,,,,,,,,,,,,,
stop_intent,stop_unchanged,NOW,,97.86,,2026-08-04T08:46:30.884584+00:00,2026-08-04T08:46:31.160109+00:00,initial,22.0,0.182,,,,,,,,,,,,,,,,,,,,,,,,,,,,,,,,,,,,,,,,,,,,,,,,
stop_intent,stop_unchanged,SMCI,,22.8,,2026-08-04T08:46:30.884587+00:00,2026-08-04T08:46:31.199744+00:00,initial,32.0,0.327,,,,,,,,,,,,,,,,,,,,,,,,,,,,,,,,,,,,,,,,,,,,,,,,
stop_intent,stop_unchanged,XLB,,48.6258,,2026-08-04T08:46:30.884590+00:00,2026-08-04T08:46:31.241619+00:00,initial,18.0,0.281,,,,,,,,,,,,,,,,,,,,,,,,,,,,,,,,,,,,,,,,,,,,,,,,
entry_signal,skip,XLF,no_state_data,,,2026-08-04T08:46:30.897862+00:00,2026-08-04T08:46:31.280929+00:00,,,,,,,no_state_data,state_ext=stretched_up + state_slope=flat,,,,,1d,,,,,,insample,False,False,,,,,,,,,,,,,,,,,,,,,,,,,,,,,,
state_unavailable,skip,XLF,no_completed_state,,,2026-08-04T08:46:30.903886+00:00,2026-08-04T08:46:31.409304+00:00,,,,,,,,state_ext=stretched_up + state_slope=flat,,,,,1d,,,,,,insample,,,2026-07-31 04:00:00+00:00,56.93999862670898,{},,,,,,,,,,,,,,,,,,,,,,,,,,,
entry_signal,skip,XLK,no_state_data,,,2026-08-04T08:46:30.914552+00:00,2026-08-04T08:46:31.479284+00:00,,,,,,,no_state_data,cross_TLT_state_slope=uptrend + state_ext=neutral,,,,,1d,,,,,,insample,False,False,,,,,,,,,,,,,,,,,,,,,,,,,,,,,,
state_unavailable,skip,XLK,no_completed_state,,,2026-08-04T08:46:30.921077+00:00,2026-08-04T08:46:31.522611+00:00,,,,,,,,cross_TLT_state_slope=uptrend + state_ext=neutral,,,,,1d,,,,,,insample,,,2026-07-31 04:00:00+00:00,175.35000610351562,{},,,,,,,,,,,,,,,,,,,,,,,,,,,
entry_signal,skip,XLK,no_state_data,,,2026-08-04T08:46:30.930299+00:00,2026-08-04T08:46:31.565504+00:00,,,,,,,no_state_data,cross_USO_state_vol=mid_vol + state_ext=stretched_down,,,,,1h,,,,,,insample,False,False,,,,,,,,,,,,,,,,,,,,,,,,,,,,,,
state_unavailable,skip,XLK,no_completed_state,,,2026-08-04T08:46:30.935638+00:00,2026-08-04T08:46:31.676911+00:00,,,,,,,,cross_USO_state_vol=mid_vol + state_ext=stretched_down,,,,,1h,,,,,,insample,,,2026-07-31 19:30:00+00:00,175.27999877929688,{},,,,,,,,,,,,,,,,,,,,,,,,,,,
entry_signal,skip,SPY,no_state_data,,,2026-08-04T08:46:30.945615+00:00,2026-08-04T08:46:31.718782+00:00,,,,,,,no_state_data,state_session=afternoon + state_slope=downtrend,,,,,1h,,,,,,insample,False,False,,,,,,,,,,,,,,,,,,,,,,,,,,,,,,
state_unavailable,skip,SPY,no_completed_state,,,2026-08-04T08:46:30.951274+00:00,2026-08-04T08:46:31.762519+00:00,,,,,,,,state_session=afternoon + state_slope=downtrend,,,,,1h,,,,,,insample,,,2026-07-31 19:30:00+00:00,746.8099975585938,{},,,,,,,,,,,,,,,,,,,,,,,,,,,
stop_intent,stop_unchanged,AEP,,123.2271,,2026-08-04T09:46:37.823085+00:00,2026-08-04T09:46:37.901902+00:00,initial,7.0,-0.076,,,,,,,,,,,,,,,,,,,,,,,,,,,,,,,,,,,,,,,,,,,,,,,,
stop_intent,stop_unchanged,AMAT,,421.18,,2026-08-04T09:46:37.823092+00:00,2026-08-04T09:46:37.951313+00:00,initial,1.0,0.295,,,,,,,,,,,,,,,,,,,,,,,,,,,,,,,,,,,,,,,,,,,,,,,,
stop_intent,stop_unchanged,ASML,,1510.2835,,2026-08-04T09:46:37.823097+00:00,2026-08-04T09:46:37.998305+00:00,initial,1.0,0.011,,,,,,,,,,,,,,,,,,,,,,,,,,,,,,,,,,,,,,,,,,,,,,,,
stop_intent,stop_unchanged,HON,,226.51,,2026-08-04T09:46:37.823101+00:00,2026-08-04T09:46:38.047453+00:00,initial,5.0,0.479,,,,,,,,,,,,,,,,,,,,,,,,,,,,,,,,,,,,,,,,,,,,,,,,
stop_intent,stop_unchanged,KLAC,,188.2,,2026-08-04T09:46:37.823104+00:00,2026-08-04T09:46:38.094899+00:00,initial,9.0,-0.89,,,,,,,,,,,,,,,,,,,,,,,,,,,,,,,,,,,,,,,,,,,,,,,,
stop_intent,stop_unchanged,NOW,,97.86,,2026-08-04T09:46:37.823108+00:00,2026-08-04T09:46:38.144525+00:00,initial,22.0,0.162,,,,,,,,,,,,,,,,,,,,,,,,,,,,,,,,,,,,,,,,,,,,,,,,
stop_intent,stop_unchanged,SMCI,,22.8,,2026-08-04T09:46:37.823110+00:00,2026-08-04T09:46:38.191716+00:00,initial,32.0,0.403,,,,,,,,,,,,,,,,,,,,,,,,,,,,,,,,,,,,,,,,,,,,,,,,
stop_intent,stop_unchanged,XLB,,48.6258,,2026-08-04T09:46:37.823114+00:00,2026-08-04T09:46:38.242124+00:00,initial,18.0,0.286,,,,,,,,,,,,,,,,,,,,,,,,,,,,,,,,,,,,,,,,,,,,,,,,
entry_signal,skip,XLF,no_state_data,,,2026-08-04T09:46:37.836944+00:00,2026-08-04T09:46:38.289558+00:00,,,,,,,no_state_data,state_ext=stretched_up + state_slope=flat,,,,,1d,,,,,,insample,False,False,,,,,,,,,,,,,,,,,,,,,,,,,,,,,,
state_unavailable,skip,XLF,no_completed_state,,,2026-08-04T09:46:37.845291+00:00,2026-08-04T09:46:38.340843+00:00,,,,,,,,state_ext=stretched_up + state_slope=flat,,,,,1d,,,,,,insample,,,2026-07-31 04:00:00+00:00,56.93999862670898,{},,,,,,,,,,,,,,,,,,,,,,,,,,,
entry_signal,skip,XLK,no_state_data,,,2026-08-04T09:46:37.858448+00:00,2026-08-04T09:46:38.420385+00:00,,,,,,,no_state_data,cross_TLT_state_slope=uptrend + state_ext=neutral,,,,,1d,,,,,,insample,False,False,,,,,,,,,,,,,,,,,,,,,,,,,,,,,,
state_unavailable,skip,XLK,no_completed_state,,,2026-08-04T09:46:37.865508+00:00,2026-08-04T09:46:38.471444+00:00,,,,,,,,cross_TLT_state_slope=uptrend + state_ext=neutral,,,,,1d,,,,,,insample,,,2026-07-31 04:00:00+00:00,175.35000610351562,{},,,,,,,,,,,,,,,,,,,,,,,,,,,
entry_signal,skip,XLK,no_state_data,,,2026-08-04T09:46:37.877185+00:00,2026-08-04T09:46:38.519916+00:00,,,,,,,no_state_data,cross_USO_state_vol=mid_vol + state_ext=stretched_down,,,,,1h,,,,,,insample,False,False,,,,,,,,,,,,,,,,,,,,,,,,,,,,,,
state_unavailable,skip,XLK,no_completed_state,,,2026-08-04T09:46:37.883524+00:00,2026-08-04T09:46:38.570491+00:00,,,,,,,,cross_USO_state_vol=mid_vol + state_ext=stretched_down,,,,,1h,,,,,,insample,,,2026-07-31 19:30:00+00:00,175.27999877929688,{},,,,,,,,,,,,,,,,,,,,,,,,,,,
entry_signal,skip,SPY,no_state_data,,,2026-08-04T09:46:37.895482+00:00,2026-08-04T09:46:38.618923+00:00,,,,,,,no_state_data,state_session=afternoon + state_slope=downtrend,,,,,1h,,,,,,insample,False,False,,,,,,,,,,,,,,,,,,,,,,,,,,,,,,
state_unavailable,skip,SPY,no_completed_state,,,2026-08-04T09:46:37.901831+00:00,2026-08-04T09:46:38.670006+00:00,,,,,,,,state_session=afternoon + state_slope=downtrend,,,,,1h,,,,,,insample,,,2026-07-31 19:30:00+00:00,746.8099975585938,{},,,,,,,,,,,,,,,,,,,,,,,,,,,
stop_intent,stop_unchanged,AEP,,123.2271,,2026-08-04T10:46:25.903221+00:00,2026-08-04T10:46:25.985226+00:00,initial,7.0,-0.076,,,,,,,,,,,,,,,,,,,,,,,,,,,,,,,,,,,,,,,,,,,,,,,,
stop_intent,stop_unchanged,AMAT,,421.18,,2026-08-04T10:46:25.903229+00:00,2026-08-04T10:46:26.036462+00:00,initial,1.0,0.389,,,,,,,,,,,,,,,,,,,,,,,,,,,,,,,,,,,,,,,,,,,,,,,,
stop_intent,stop_unchanged,ASML,,1510.2835,,2026-08-04T10:46:25.903234+00:00,2026-08-04T10:46:26.086263+00:00,initial,1.0,0.081,,,,,,,,,,,,,,,,,,,,,,,,,,,,,,,,,,,,,,,,,,,,,,,,
stop_intent,stop_unchanged,HON,,226.51,,2026-08-04T10:46:25.903238+00:00,2026-08-04T10:46:26.137776+00:00,initial,5.0,0.479,,,,,,,,,,,,,,,,,,,,,,,,,,,,,,,,,,,,,,,,,,,,,,,,
stop_intent,stop_unchanged,KLAC,,188.2,,2026-08-04T10:46:25.903241+00:00,2026-08-04T10:46:26.186166+00:00,initial,9.0,-1.198,,,,,,,,,,,,,,,,,,,,,,,,,,,,,,,,,,,,,,,,,,,,,,,,
stop_intent,stop_unchanged,NOW,,97.86,,2026-08-04T10:46:25.903245+00:00,2026-08-04T10:46:26.240749+00:00,initial,22.0,0.092,,,,,,,,,,,,,,,,,,,,,,,,,,,,,,,,,,,,,,,,,,,,,,,,
stop_intent,stop_unchanged,SMCI,,22.8,,2026-08-04T10:46:25.903248+00:00,2026-08-04T10:46:26.289766+00:00,initial,32.0,0.42,,,,,,,,,,,,,,,,,,,,,,,,,,,,,,,,,,,,,,,,,,,,,,,,
stop_intent,stop_unchanged,XLB,,48.6258,,2026-08-04T10:46:25.903252+00:00,2026-08-04T10:46:26.339802+00:00,initial,18.0,0.286,,,,,,,,,,,,,,,,,,,,,,,,,,,,,,,,,,,,,,,,,,,,,,,,
entry_signal,skip,XLF,no_state_data,,,2026-08-04T10:46:25.919592+00:00,2026-08-04T10:46:26.387755+00:00,,,,,,,no_state_data,state_ext=stretched_up + state_slope=flat,,,,,1d,,,,,,insample,False,False,,,,,,,,,,,,,,,,,,,,,,,,,,,,,,
state_unavailable,skip,XLF,no_completed_state,,,2026-08-04T10:46:25.927301+00:00,2026-08-04T10:46:26.437920+00:00,,,,,,,,state_ext=stretched_up + state_slope=flat,,,,,1d,,,,,,insample,,,2026-07-31 04:00:00+00:00,56.93999862670898,{},,,,,,,,,,,,,,,,,,,,,,,,,,,
entry_signal,skip,XLK,no_state_data,,,2026-08-04T10:46:25.940621+00:00,2026-08-04T10:46:26.515319+00:00,,,,,,,no_state_data,cross_TLT_state_slope=uptrend + state_ext=neutral,,,,,1d,,,,,,insample,False,False,,,,,,,,,,,,,,,,,,,,,,,,,,,,,,
state_unavailable,skip,XLK,no_completed_state,,,2026-08-04T10:46:25.947834+00:00,2026-08-04T10:46:26.565559+00:00,,,,,,,,cross_TLT_state_slope=uptrend + state_ext=neutral,,,,,1d,,,,,,insample,,,2026-07-31 04:00:00+00:00,175.35000610351562,{},,,,,,,,,,,,,,,,,,,,,,,,,,,
entry_signal,skip,XLK,no_state_data,,,2026-08-04T10:46:25.959627+00:00,2026-08-04T10:46:26.620127+00:00,,,,,,,no_state_data,cross_USO_state_vol=mid_vol + state_ext=stretched_down,,,,,1h,,,,,,insample,False,False,,,,,,,,,,,,,,,,,,,,,,,,,,,,,,
state_unavailable,skip,XLK,no_completed_state,,,2026-08-04T10:46:25.966601+00:00,2026-08-04T10:46:26.671589+00:00,,,,,,,,cross_USO_state_vol=mid_vol + state_ext=stretched_down,,,,,1h,,,,,,insample,,,2026-07-31 19:30:00+00:00,175.27999877929688,{},,,,,,,,,,,,,,,,,,,,,,,,,,,
entry_signal,skip,SPY,no_state_data,,,2026-08-04T10:46:25.978603+00:00,2026-08-04T10:46:26.721232+00:00,,,,,,,no_state_data,state_session=afternoon + state_slope=downtrend,,,,,1h,,,,,,insample,False,False,,,,,,,,,,,,,,,,,,,,,,,,,,,,,,
state_unavailable,skip,SPY,no_completed_state,,,2026-08-04T10:46:25.985172+00:00,2026-08-04T10:46:26.773163+00:00,,,,,,,,state_session=afternoon + state_slope=downtrend,,,,,1h,,,,,,insample,,,2026-07-31 19:30:00+00:00,746.8099975585938,{},,,,,,,,,,,,,,,,,,,,,,,,,,,
stop_intent,stop_unchanged,AEP,,123.2271,,2026-08-04T11:46:11.953418+00:00,2026-08-04T11:46:12.012846+00:00,initial,7.0,-0.076,,,,,,,,,,,,,,,,,,,,,,,,,,,,,,,,,,,,,,,,,,,,,,,,
stop_intent,stop_unchanged,AMAT,,421.18,,2026-08-04T11:46:11.953424+00:00,2026-08-04T11:46:12.051933+00:00,initial,1.0,0.437,,,,,,,,,,,,,,,,,,,,,,,,,,,,,,,,,,,,,,,,,,,,,,,,
stop_intent,stop_unchanged,ASML,,1510.2835,,2026-08-04T11:46:11.953427+00:00,2026-08-04T11:46:12.088177+00:00,initial,1.0,0.119,,,,,,,,,,,,,,,,,,,,,,,,,,,,,,,,,,,,,,,,,,,,,,,,
stop_intent,stop_unchanged,HON,,226.51,,2026-08-04T11:46:11.953431+00:00,2026-08-04T11:46:12.126497+00:00,initial,5.0,0.479,,,,,,,,,,,,,,,,,,,,,,,,,,,,,,,,,,,,,,,,,,,,,,,,
stop_intent,stop_unchanged,KLAC,,188.2,,2026-08-04T11:46:11.953434+00:00,2026-08-04T11:46:12.162447+00:00,initial,9.0,-1.39,,,,,,,,,,,,,,,,,,,,,,,,,,,,,,,,,,,,,,,,,,,,,,,,
stop_intent,stop_unchanged,NOW,,97.86,,2026-08-04T11:46:11.953437+00:00,2026-08-04T11:46:12.201492+00:00,initial,22.0,0.104,,,,,,,,,,,,,,,,,,,,,,,,,,,,,,,,,,,,,,,,,,,,,,,,
stop_intent,stop_unchanged,SMCI,,22.8,,2026-08-04T11:46:11.953439+00:00,2026-08-04T11:46:12.237962+00:00,initial,32.0,0.426,,,,,,,,,,,,,,,,,,,,,,,,,,,,,,,,,,,,,,,,,,,,,,,,
stop_intent,stop_unchanged,XLB,,48.6258,,2026-08-04T11:46:11.953442+00:00,2026-08-04T11:46:12.275943+00:00,initial,18.0,0.34,,,,,,,,,,,,,,,,,,,,,,,,,,,,,,,,,,,,,,,,,,,,,,,,
entry_signal,skip,XLF,no_state_data,,,2026-08-04T11:46:11.964591+00:00,2026-08-04T11:46:12.312187+00:00,,,,,,,no_state_data,state_ext=stretched_up + state_slope=flat,,,,,1d,,,,,,insample,False,False,,,,,,,,,,,,,,,,,,,,,,,,,,,,,,
state_unavailable,skip,XLF,no_completed_state,,,2026-08-04T11:46:11.970235+00:00,2026-08-04T11:46:12.350603+00:00,,,,,,,,state_ext=stretched_up + state_slope=flat,,,,,1d,,,,,,insample,,,2026-07-31 04:00:00+00:00,56.93999862670898,{},,,,,,,,,,,,,,,,,,,,,,,,,,,
entry_signal,skip,XLK,no_state_data,,,2026-08-04T11:46:11.981235+00:00,2026-08-04T11:46:12.414386+00:00,,,,,,,no_state_data,cross_TLT_state_slope=uptrend + state_ext=neutral,,,,,1d,,,,,,insample,False,False,,,,,,,,,,,,,,,,,,,,,,,,,,,,,,
state_unavailable,skip,XLK,no_completed_state,,,2026-08-04T11:46:11.986534+00:00,2026-08-04T11:46:12.453376+00:00,,,,,,,,cross_TLT_state_slope=uptrend + state_ext=neutral,,,,,1d,,,,,,insample,,,2026-07-31 04:00:00+00:00,175.35000610351562,{},,,,,,,,,,,,,,,,,,,,,,,,,,,
entry_signal,skip,XLK,no_state_data,,,2026-08-04T11:46:11.994988+00:00,2026-08-04T11:46:12.490447+00:00,,,,,,,no_state_data,cross_USO_state_vol=mid_vol + state_ext=stretched_down,,,,,1h,,,,,,insample,False,False,,,,,,,,,,,,,,,,,,,,,,,,,,,,,,
state_unavailable,skip,XLK,no_completed_state,,,2026-08-04T11:46:11.999766+00:00,2026-08-04T11:46:12.529739+00:00,,,,,,,,cross_USO_state_vol=mid_vol + state_ext=stretched_down,,,,,1h,,,,,,insample,,,2026-07-31 19:30:00+00:00,175.27999877929688,{},,,,,,,,,,,,,,,,,,,,,,,,,,,
entry_signal,skip,SPY,no_state_data,,,2026-08-04T11:46:12.008184+00:00,2026-08-04T11:46:12.567235+00:00,,,,,,,no_state_data,state_session=afternoon + state_slope=downtrend,,,,,1h,,,,,,insample,False,False,,,,,,,,,,,,,,,,,,,,,,,,,,,,,,
state_unavailable,skip,SPY,no_completed_state,,,2026-08-04T11:46:12.012800+00:00,2026-08-04T11:46:12.606338+00:00,,,,,,,,state_session=afternoon + state_slope=downtrend,,,,,1h,,,,,,insample,,,2026-07-31 19:30:00+00:00,746.8099975585938,{},,,,,,,,,,,,,,,,,,,,,,,,,,,
stop_intent,stop_unchanged,AEP,,123.2271,,2026-08-04T12:46:17.728310+00:00,2026-08-04T12:46:17.816087+00:00,initial,7.0,-0.268,,,,,,,,,,,,,,,,,,,,,,,,,,,,,,,,,,,,,,,,,,,,,,,,
stop_intent,stop_unchanged,AMAT,,421.18,,2026-08-04T12:46:17.728321+00:00,2026-08-04T12:46:17.870294+00:00,initial,1.0,0.452,,,,,,,,,,,,,,,,,,,,,,,,,,,,,,,,,,,,,,,,,,,,,,,,
stop_intent,stop_unchanged,ASML,,1510.2835,,2026-08-04T12:46:17.728329+00:00,2026-08-04T12:46:17.921294+00:00,initial,1.0,0.167,,,,,,,,,,,,,,,,,,,,,,,,,,,,,,,,,,,,,,,,,,,,,,,,
stop_intent,stop_unchanged,HON,,226.51,,2026-08-04T12:46:17.728336+00:00,2026-08-04T12:46:17.973501+00:00,initial,5.0,0.557,,,,,,,,,,,,,,,,,,,,,,,,,,,,,,,,,,,,,,,,,,,,,,,,
stop_intent,stop_unchanged,KLAC,,188.2,,2026-08-04T12:46:17.728342+00:00,2026-08-04T12:46:18.024184+00:00,initial,9.0,-1.459,,,,,,,,,,,,,,,,,,,,,,,,,,,,,,,,,,,,,,,,,,,,,,,,
stop_intent,stop_unchanged,NOW,,97.86,,2026-08-04T12:46:17.728349+00:00,2026-08-04T12:46:18.074098+00:00,initial,22.0,0.07,,,,,,,,,,,,,,,,,,,,,,,,,,,,,,,,,,,,,,,,,,,,,,,,
stop_intent,stop_unchanged,SMCI,,22.8,,2026-08-04T12:46:17.728356+00:00,2026-08-04T12:46:18.127248+00:00,initial,32.0,0.456,,,,,,,,,,,,,,,,,,,,,,,,,,,,,,,,,,,,,,,,,,,,,,,,
stop_intent,stop_unchanged,XLB,,48.6258,,2026-08-04T12:46:17.728363+00:00,2026-08-04T12:46:18.177571+00:00,initial,18.0,0.372,,,,,,,,,,,,,,,,,,,,,,,,,,,,,,,,,,,,,,,,,,,,,,,,
entry_signal,skip,XLF,no_state_data,,,2026-08-04T12:46:17.747207+00:00,2026-08-04T12:46:18.229977+00:00,,,,,,,no_state_data,state_ext=stretched_up + state_slope=flat,,,,,1d,,,,,,insample,False,False,,,,,,,,,,,,,,,,,,,,,,,,,,,,,,
state_unavailable,skip,XLF,no_completed_state,,,2026-08-04T12:46:17.755806+00:00,2026-08-04T12:46:18.281436+00:00,,,,,,,,state_ext=stretched_up + state_slope=flat,,,,,1d,,,,,,insample,,,2026-07-31 04:00:00+00:00,56.93999862670898,{},,,,,,,,,,,,,,,,,,,,,,,,,,,
entry_signal,skip,XLK,no_state_data,,,2026-08-04T12:46:17.769537+00:00,2026-08-04T12:46:18.362869+00:00,,,,,,,no_state_data,cross_TLT_state_slope=uptrend + state_ext=neutral,,,,,1d,,,,,,insample,False,False,,,,,,,,,,,,,,,,,,,,,,,,,,,,,,
state_unavailable,skip,XLK,no_completed_state,,,2026-08-04T12:46:17.777297+00:00,2026-08-04T12:46:18.414129+00:00,,,,,,,,cross_TLT_state_slope=uptrend + state_ext=neutral,,,,,1d,,,,,,insample,,,2026-07-31 04:00:00+00:00,175.35000610351562,{},,,,,,,,,,,,,,,,,,,,,,,,,,,
entry_signal,skip,XLK,no_state_data,,,2026-08-04T12:46:17.789831+00:00,2026-08-04T12:46:18.465621+00:00,,,,,,,no_state_data,cross_USO_state_vol=mid_vol + state_ext=stretched_down,,,,,1h,,,,,,insample,False,False,,,,,,,,,,,,,,,,,,,,,,,,,,,,,,
state_unavailable,skip,XLK,no_completed_state,,,2026-08-04T12:46:17.796480+00:00,2026-08-04T12:46:18.516463+00:00,,,,,,,,cross_USO_state_vol=mid_vol + state_ext=stretched_down,,,,,1h,,,,,,insample,,,2026-07-31 19:30:00+00:00,175.27999877929688,{},,,,,,,,,,,,,,,,,,,,,,,,,,,
entry_signal,skip,SPY,no_state_data,,,2026-08-04T12:46:17.809125+00:00,2026-08-04T12:46:18.567858+00:00,,,,,,,no_state_data,state_session=afternoon + state_slope=downtrend,,,,,1h,,,,,,insample,False,False,,,,,,,,,,,,,,,,,,,,,,,,,,,,,,
state_unavailable,skip,SPY,no_completed_state,,,2026-08-04T12:46:17.816007+00:00,2026-08-04T12:46:18.619134+00:00,,,,,,,,state_session=afternoon + state_slope=downtrend,,,,,1h,,,,,,insample,,,2026-07-31 19:30:00+00:00,746.8099975585938,{},,,,,,,,,,,,,,,,,,,,,,,,,,,
stop_intent,stop_state_cleared,SMCI,position no longer open (stopped out or closed by another exit policy),,,2026-08-04T13:46:12.686449+00:00,2026-08-04T13:46:12.762993+00:00,,,,False,,,,,,,,,,,,,,,,,,,,,,,,,,,,,,,,,,,,,,,,,,,,,,,
stop_intent,stop_state_cleared,KLAC,position no longer open (stopped out or closed by another exit policy),,,2026-08-04T13:46:12.686461+00:00,2026-08-04T13:46:12.812780+00:00,,,,True,190.512222,,,,,,,,,,,,,,,,,,,,,,,,,,,,,,,,,,,,,,,,,,,,,,
stop_intent,stop_unchanged,AEP,,123.2271,,2026-08-04T13:46:12.686466+00:00,2026-08-04T13:46:12.861314+00:00,initial,7.0,-0.313,,,,,,,,,,,,,,,,,,,,,,,,,,,,,,,,,,,,,,,,,,,,,,,,
stop_intent,stop_unchanged,AMAT,,421.18,,2026-08-04T13:46:12.686471+00:00,2026-08-04T13:46:12.910282+00:00,initial,1.0,0.436,,,,,,,,,,,,,,,,,,,,,,,,,,,,,,,,,,,,,,,,,,,,,,,,
stop_intent,stop_unchanged,ASML,,1510.2835,,2026-08-04T13:46:12.686474+00:00,2026-08-04T13:46:12.958792+00:00,initial,1.0,0.249,,,,,,,,,,,,,,,,,,,,,,,,,,,,,,,,,,,,,,,,,,,,,,,,
stop_intent,stop_unchanged,HON,,226.51,,2026-08-04T13:46:12.686478+00:00,2026-08-04T13:46:13.006576+00:00,initial,5.0,0.378,,,,,,,,,,,,,,,,,,,,,,,,,,,,,,,,,,,,,,,,,,,,,,,,
stop_intent,stop_unchanged,NOW,,97.86,,2026-08-04T13:46:12.686481+00:00,2026-08-04T13:46:13.054576+00:00,initial,22.0,0.26,,,,,,,,,,,,,,,,,,,,,,,,,,,,,,,,,,,,,,,,,,,,,,,,
stop_intent,stop_adopted,WMT,found an existing resting stop order (6e14e906-6c79-461c-a56b-8e457c9770ec) at the broker for WMT with no local tracked state -- adopting it instead of submitting a duplicate (local state was likely lost/reset),103.37,6e14e906-6c79-461c-a56b-8e457c9770ec,2026-08-04T13:46:12.686485+00:00,2026-08-04T13:46:13.103759+00:00,,,,,,,,,,,,,,,,,,,,,,,,,,,,,,,,,,,,,,,,,,,,,,,,,,,
stop_intent,stop_unchanged,XLB,,48.6258,,2026-08-04T13:46:12.686488+00:00,2026-08-04T13:46:13.152131+00:00,initial,18.0,0.321,,,,,,,,,,,,,,,,,,,,,,,,,,,,,,,,,,,,,,,,,,,,,,,,
entry_signal,skip,XLF,no_state_data,,,2026-08-04T13:46:12.700092+00:00,2026-08-04T13:46:13.201188+00:00,,,,,,,no_state_data,state_ext=stretched_up + state_slope=flat,,,,,1d,,,,,,insample,False,False,,,,,,,,,,,,,,,,,,,,,,,,,,,,,,
state_unavailable,skip,XLF,no_completed_state,,,2026-08-04T13:46:12.707392+00:00,2026-08-04T13:46:13.250638+00:00,,,,,,,,state_ext=stretched_up + state_slope=flat,,,,,1d,,,,,,insample,,,2026-07-31 04:00:00+00:00,56.93999862670898,{},,,,,,,,,,,,,,,,,,,,,,,,,,,
entry_signal,skip,XLK,no_state_data,,,2026-08-04T13:46:12.720411+00:00,2026-08-04T13:46:13.299803+00:00,,,,,,,no_state_data,cross_TLT_state_slope=uptrend + state_ext=neutral,,,,,1d,,,,,,insample,False,False,,,,,,,,,,,,,,,,,,,,,,,,,,,,,,
state_unavailable,skip,XLK,no_completed_state,,,2026-08-04T13:46:12.727578+00:00,2026-08-04T13:46:13.348470+00:00,,,,,,,,cross_TLT_state_slope=uptrend + state_ext=neutral,,,,,1d,,,,,,insample,,,2026-07-31 04:00:00+00:00,175.35000610351562,{},,,,,,,,,,,,,,,,,,,,,,,,,,,
entry_signal,skip,XLK,no_state_data,,,2026-08-04T13:46:12.739049+00:00,2026-08-04T13:46:13.396759+00:00,,,,,,,no_state_data,cross_USO_state_vol=mid_vol + state_ext=stretched_down,,,,,1h,,,,,,insample,False,False,,,,,,,,,,,,,,,,,,,,,,,,,,,,,,
state_unavailable,skip,XLK,no_completed_state,,,2026-08-04T13:46:12.745355+00:00,2026-08-04T13:46:13.485178+00:00,,,,,,,,cross_USO_state_vol=mid_vol + state_ext=stretched_down,,,,,1h,,,,,,insample,,,2026-07-31 19:30:00+00:00,175.27999877929688,{},,,,,,,,,,,,,,,,,,,,,,,,,,,
entry_signal,skip,SPY,no_state_data,,,2026-08-04T13:46:12.756745+00:00,2026-08-04T13:46:13.534510+00:00,,,,,,,no_state_data,state_session=afternoon + state_slope=downtrend,,,,,1h,,,,,,insample,False,False,,,,,,,,,,,,,,,,,,,,,,,,,,,,,,
state_unavailable,skip,SPY,no_completed_state,,,2026-08-04T13:46:12.762938+00:00,2026-08-04T13:46:13.583334+00:00,,,,,,,,state_session=afternoon + state_slope=downtrend,,,,,1h,,,,,,insample,,,2026-07-31 19:30:00+00:00,746.8099975585938,{},,,,,,,,,,,,,,,,,,,,,,,,,,,
stop_intent,stop_state_cleared,SMCI,position no longer open (stopped out or closed by another exit policy),,,2026-08-04T14:46:08.748746+00:00,2026-08-04T14:46:08.830510+00:00,,,,False,,,,,,,,,,,,,,,,,,,,,,,,,,,,,,,,,,,,,,,,,,,,,,,
stop_intent,stop_state_cleared,KLAC,position no longer open (stopped out or closed by another exit policy),,,2026-08-04T14:46:08.748754+00:00,2026-08-04T14:46:08.881565+00:00,,,,True,190.512222,,,,,,,,,,,,,,,,,,,,,,,,,,,,,,,,,,,,,,,,,,,,,,
stop_intent,stop_unchanged,AEP,,123.2271,,2026-08-04T14:46:08.748759+00:00,2026-08-04T14:46:08.930399+00:00,initial,7.0,-0.211,,,,,,,,,,,,,,,,,,,,,,,,,,,,,,,,,,,,,,,,,,,,,,,,
stop_intent,stop_unchanged,AMAT,,421.18,,2026-08-04T14:46:08.748763+00:00,2026-08-04T14:46:08.978930+00:00,initial,1.0,0.41,,,,,,,,,,,,,,,,,,,,,,,,,,,,,,,,,,,,,,,,,,,,,,,,
stop_intent,stop_unchanged,ASML,,1510.2835,,2026-08-04T14:46:08.748767+00:00,2026-08-04T14:46:09.028805+00:00,initial,1.0,0.163,,,,,,,,,,,,,,,,,,,,,,,,,,,,,,,,,,,,,,,,,,,,,,,,
stop_intent,stop_unchanged,HON,,226.51,,2026-08-04T14:46:08.748771+00:00,2026-08-04T14:46:09.078416+00:00,initial,5.0,0.555,,,,,,,,,,,,,,,,,,,,,,,,,,,,,,,,,,,,,,,,,,,,,,,,
stop_intent,stop_unchanged,NOW,,97.86,,2026-08-04T14:46:08.748774+00:00,2026-08-04T14:46:09.129245+00:00,initial,22.0,0.391,,,,,,,,,,,,,,,,,,,,,,,,,,,,,,,,,,,,,,,,,,,,,,,,
stop_intent,stop_unchanged,WMT,,103.37,,2026-08-04T14:46:08.748777+00:00,2026-08-04T14:46:09.179990+00:00,initial,8.0,0.198,,,,,,,,,,,,,,,,,,,,,,,,,,,,,,,,,,,,,,,,,,,,,,,,
stop_intent,stop_unchanged,XLB,,48.6258,,2026-08-04T14:46:08.748780+00:00,2026-08-04T14:46:09.231329+00:00,initial,18.0,0.434,,,,,,,,,,,,,,,,,,,,,,,,,,,,,,,,,,,,,,,,,,,,,,,,
entry_signal,skip,XLF,no_state_data,,,2026-08-04T14:46:08.764344+00:00,2026-08-04T14:46:09.282928+00:00,,,,,,,no_state_data,state_ext=stretched_up + state_slope=flat,,,,,1d,,,,,,insample,False,False,,,,,,,,,,,,,,,,,,,,,,,,,,,,,,
state_unavailable,skip,XLF,no_completed_state,,,2026-08-04T14:46:08.771912+00:00,2026-08-04T14:46:09.334920+00:00,,,,,,,,state_ext=stretched_up + state_slope=flat,,,,,1d,,,,,,insample,,,2026-07-31 04:00:00+00:00,56.93999862670898,{},,,,,,,,,,,,,,,,,,,,,,,,,,,
entry_signal,skip,XLK,no_state_data,,,2026-08-04T14:46:08.786669+00:00,2026-08-04T14:46:09.387523+00:00,,,,,,,no_state_data,cross_TLT_state_slope=uptrend + state_ext=neutral,,,,,1d,,,,,,insample,False,False,,,,,,,,,,,,,,,,,,,,,,,,,,,,,,
state_unavailable,skip,XLK,no_completed_state,,,2026-08-04T14:46:08.793811+00:00,2026-08-04T14:46:09.468968+00:00,,,,,,,,cross_TLT_state_slope=uptrend + state_ext=neutral,,,,,1d,,,,,,insample,,,2026-07-31 04:00:00+00:00,175.35000610351562,{},,,,,,,,,,,,,,,,,,,,,,,,,,,
entry_signal,skip,XLK,no_state_data,,,2026-08-04T14:46:08.805610+00:00,2026-08-04T14:46:09.519456+00:00,,,,,,,no_state_data,cross_USO_state_vol=mid_vol + state_ext=stretched_down,,,,,1h,,,,,,insample,False,False,,,,,,,,,,,,,,,,,,,,,,,,,,,,,,
state_unavailable,skip,XLK,no_completed_state,,,2026-08-04T14:46:08.812135+00:00,2026-08-04T14:46:09.572888+00:00,,,,,,,,cross_USO_state_vol=mid_vol + state_ext=stretched_down,,,,,1h,,,,,,insample,,,2026-07-31 19:30:00+00:00,175.27999877929688,{},,,,,,,,,,,,,,,,,,,,,,,,,,,
entry_signal,skip,SPY,no_state_data,,,2026-08-04T14:46:08.823960+00:00,2026-08-04T14:46:09.624814+00:00,,,,,,,no_state_data,state_session=afternoon + state_slope=downtrend,,,,,1h,,,,,,insample,False,False,,,,,,,,,,,,,,,,,,,,,,,,,,,,,,
state_unavailable,skip,SPY,no_completed_state,,,2026-08-04T14:46:08.830459+00:00,2026-08-04T14:46:09.676480+00:00,,,,,,,,state_session=afternoon + state_slope=downtrend,,,,,1h,,,,,,insample,,,2026-07-31 19:30:00+00:00,746.8099975585938,{},,,,,,,,,,,,,,,,,,,,,,,,,,,
stop_intent,stop_unchanged,AEP,,123.2271,,2026-08-04T15:46:13.730394+00:00,2026-08-04T15:46:13.809894+00:00,initial,7.0,-0.107,,,,,,,,,,,,,,,,,,,,,,,,,,,,,,,,,,,,,,,,,,,,,,,,
stop_intent,stop_unchanged,AMAT,,421.18,,2026-08-04T15:46:13.730401+00:00,2026-08-04T15:46:13.860566+00:00,initial,1.0,0.481,,,,,,,,,,,,,,,,,,,,,,,,,,,,,,,,,,,,,,,,,,,,,,,,
stop_intent,stop_unchanged,ASML,,1510.2835,,2026-08-04T15:46:13.730406+00:00,2026-08-04T15:46:13.908787+00:00,initial,1.0,0.199,,,,,,,,,,,,,,,,,,,,,,,,,,,,,,,,,,,,,,,,,,,,,,,,
stop_intent,stop_unchanged,HON,,226.51,,2026-08-04T15:46:13.730410+00:00,2026-08-04T15:46:13.956956+00:00,initial,5.0,0.585,,,,,,,,,,,,,,,,,,,,,,,,,,,,,,,,,,,,,,,,,,,,,,,,
stop_intent,stop_unchanged,NOW,,97.86,,2026-08-04T15:46:13.730413+00:00,2026-08-04T15:46:14.005146+00:00,initial,22.0,0.352,,,,,,,,,,,,,,,,,,,,,,,,,,,,,,,,,,,,,,,,,,,,,,,,
stop_intent,stop_unchanged,WMT,,103.37,,2026-08-04T15:46:13.730416+00:00,2026-08-04T15:46:14.053528+00:00,initial,8.0,0.202,,,,,,,,,,,,,,,,,,,,,,,,,,,,,,,,,,,,,,,,,,,,,,,,
stop_intent,stop_unchanged,XLB,,48.6258,,2026-08-04T15:46:13.730419+00:00,2026-08-04T15:46:14.102030+00:00,initial,18.0,0.63,,,,,,,,,,,,,,,,,,,,,,,,,,,,,,,,,,,,,,,,,,,,,,,,
entry_signal,skip,XLF,no_state_data,,,2026-08-04T15:46:13.745377+00:00,2026-08-04T15:46:14.150853+00:00,,,,,,,no_state_data,state_ext=stretched_up + state_slope=flat,,,,,1d,,,,,,insample,False,False,,,,,,,,,,,,,,,,,,,,,,,,,,,,,,
state_unavailable,skip,XLF,no_completed_state,,,2026-08-04T15:46:13.753035+00:00,2026-08-04T15:46:14.200109+00:00,,,,,,,,state_ext=stretched_up + state_slope=flat,,,,,1d,,,,,,insample,,,2026-07-31 04:00:00+00:00,56.93999862670898,{},,,,,,,,,,,,,,,,,,,,,,,,,,,
entry_signal,skip,XLK,no_state_data,,,2026-08-04T15:46:13.766106+00:00,2026-08-04T15:46:14.249001+00:00,,,,,,,no_state_data,cross_TLT_state_slope=uptrend + state_ext=neutral,,,,,1d,,,,,,insample,False,False,,,,,,,,,,,,,,,,,,,,,,,,,,,,,,
state_unavailable,skip,XLK,no_completed_state,,,2026-08-04T15:46:13.773675+00:00,2026-08-04T15:46:14.320277+00:00,,,,,,,,cross_TLT_state_slope=uptrend + state_ext=neutral,,,,,1d,,,,,,insample,,,2026-07-31 04:00:00+00:00,175.35000610351562,{},,,,,,,,,,,,,,,,,,,,,,,,,,,
entry_signal,skip,XLK,no_state_data,,,2026-08-04T15:46:13.785434+00:00,2026-08-04T15:46:14.369981+00:00,,,,,,,no_state_data,cross_USO_state_vol=mid_vol + state_ext=stretched_down,,,,,1h,,,,,,insample,False,False,,,,,,,,,,,,,,,,,,,,,,,,,,,,,,
state_unavailable,skip,XLK,no_completed_state,,,2026-08-04T15:46:13.791883+00:00,2026-08-04T15:46:14.418823+00:00,,,,,,,,cross_USO_state_vol=mid_vol + state_ext=stretched_down,,,,,1h,,,,,,insample,,,2026-07-31 19:30:00+00:00,175.27999877929688,{},,,,,,,,,,,,,,,,,,,,,,,,,,,
entry_signal,skip,SPY,no_state_data,,,2026-08-04T15:46:13.803463+00:00,2026-08-04T15:46:14.467778+00:00,,,,,,,no_state_data,state_session=afternoon + state_slope=downtrend,,,,,1h,,,,,,insample,False,False,,,,,,,,,,,,,,,,,,,,,,,,,,,,,,
state_unavailable,skip,SPY,no_completed_state,,,2026-08-04T15:46:13.809822+00:00,2026-08-04T15:46:14.516637+00:00,,,,,,,,state_session=afternoon + state_slope=downtrend,,,,,1h,,,,,,insample,,,2026-07-31 19:30:00+00:00,746.8099975585938,{},,,,,,,,,,,,,,,,,,,,,,,,,,,
stop_intent,stop_unchanged,AEP,,123.2271,,2026-08-04T16:46:20.147521+00:00,2026-08-04T16:46:20.234382+00:00,initial,7.0,0.008,,,,,,,,,,,,,,,,,,,,,,,,,,,,,,,,,,,,,,,,,,,,,,,,
stop_intent,stop_unchanged,AMAT,,421.18,,2026-08-04T16:46:20.147533+00:00,2026-08-04T16:46:20.287433+00:00,initial,1.0,0.493,,,,,,,,,,,,,,,,,,,,,,,,,,,,,,,,,,,,,,,,,,,,,,,,
stop_intent,stop_unchanged,ASML,,1510.2835,,2026-08-04T16:46:20.147540+00:00,2026-08-04T16:46:20.336844+00:00,initial,1.0,0.187,,,,,,,,,,,,,,,,,,,,,,,,,,,,,,,,,,,,,,,,,,,,,,,,
stop_intent,stop_unchanged,HON,,226.51,,2026-08-04T16:46:20.147545+00:00,2026-08-04T16:46:20.388224+00:00,initial,5.0,0.644,,,,,,,,,,,,,,,,,,,,,,,,,,,,,,,,,,,,,,,,,,,,,,,,
stop_intent,stop_unchanged,NOW,,97.86,,2026-08-04T16:46:20.147551+00:00,2026-08-04T16:46:20.438760+00:00,initial,22.0,0.341,,,,,,,,,,,,,,,,,,,,,,,,,,,,,,,,,,,,,,,,,,,,,,,,
stop_intent,stop_unchanged,WMT,,103.37,,2026-08-04T16:46:20.147557+00:00,2026-08-04T16:46:20.488136+00:00,initial,8.0,0.224,,,,,,,,,,,,,,,,,,,,,,,,,,,,,,,,,,,,,,,,,,,,,,,,
stop_intent,stop_unchanged,XLB,,48.6258,,2026-08-04T16:46:20.147562+00:00,2026-08-04T16:46:20.540109+00:00,initial,18.0,0.789,,,,,,,,,,,,,,,,,,,,,,,,,,,,,,,,,,,,,,,,,,,,,,,,
entry_signal,skip,XLF,no_state_data,,,2026-08-04T16:46:20.163503+00:00,2026-08-04T16:46:20.589904+00:00,,,,,,,no_state_data,state_ext=stretched_up + state_slope=flat,,,,,1d,,,,,,insample,False,False,,,,,,,,,,,,,,,,,,,,,,,,,,,,,,
state_unavailable,skip,XLF,no_completed_state,,,2026-08-04T16:46:20.171700+00:00,2026-08-04T16:46:20.643403+00:00,,,,,,,,state_ext=stretched_up + state_slope=flat,,,,,1d,,,,,,insample,,,2026-07-31 04:00:00+00:00,56.93999862670898,{},,,,,,,,,,,,,,,,,,,,,,,,,,,
entry_signal,skip,XLK,no_state_data,,,2026-08-04T16:46:20.188530+00:00,2026-08-04T16:46:20.694321+00:00,,,,,,,no_state_data,cross_TLT_state_slope=uptrend + state_ext=neutral,,,,,1d,,,,,,insample,False,False,,,,,,,,,,,,,,,,,,,,,,,,,,,,,,
state_unavailable,skip,XLK,no_completed_state,,,2026-08-04T16:46:20.196101+00:00,2026-08-04T16:46:20.773259+00:00,,,,,,,,cross_TLT_state_slope=uptrend + state_ext=neutral,,,,,1d,,,,,,insample,,,2026-07-31 04:00:00+00:00,175.35000610351562,{},,,,,,,,,,,,,,,,,,,,,,,,,,,
entry_signal,skip,XLK,no_state_data,,,2026-08-04T16:46:20.208418+00:00,2026-08-04T16:46:20.823637+00:00,,,,,,,no_state_data,cross_USO_state_vol=mid_vol + state_ext=stretched_down,,,,,1h,,,,,,insample,False,False,,,,,,,,,,,,,,,,,,,,,,,,,,,,,,
state_unavailable,skip,XLK,no_completed_state,,,2026-08-04T16:46:20.215262+00:00,2026-08-04T16:46:20.878336+00:00,,,,,,,,cross_USO_state_vol=mid_vol + state_ext=stretched_down,,,,,1h,,,,,,insample,,,2026-07-31 19:30:00+00:00,175.27999877929688,{},,,,,,,,,,,,,,,,,,,,,,,,,,,
entry_signal,skip,SPY,no_state_data,,,2026-08-04T16:46:20.227437+00:00,2026-08-04T16:46:20.928831+00:00,,,,,,,no_state_data,state_session=afternoon + state_slope=downtrend,,,,,1h,,,,,,insample,False,False,,,,,,,,,,,,,,,,,,,,,,,,,,,,,,
state_unavailable,skip,SPY,no_completed_state,,,2026-08-04T16:46:20.234325+00:00,2026-08-04T16:46:20.982248+00:00,,,,,,,,state_session=afternoon + state_slope=downtrend,,,,,1h,,,,,,insample,,,2026-07-31 19:30:00+00:00,746.8099975585938,{},,,,,,,,,,,,,,,,,,,,,,,,,,,
stop_intent,stop_unchanged,AEP,,123.2271,,2026-08-04T17:46:17.134992+00:00,2026-08-04T17:46:17.219283+00:00,initial,7.0,0.007,,,,,,,,,,,,,,,,,,,,,,,,,,,,,,,,,,,,,,,,,,,,,,,,
stop_intent,stop_unchanged,AMAT,,421.18,,2026-08-04T17:46:17.135000+00:00,2026-08-04T17:46:17.274941+00:00,initial,1.0,0.52,,,,,,,,,,,,,,,,,,,,,,,,,,,,,,,,,,,,,,,,,,,,,,,,
stop_intent,stop_unchanged,ASML,,1510.2835,,2026-08-04T17:46:17.135005+00:00,2026-08-04T17:46:17.326697+00:00,initial,1.0,0.221,,,,,,,,,,,,,,,,,,,,,,,,,,,,,,,,,,,,,,,,,,,,,,,,
stop_intent,stop_unchanged,HON,,226.51,,2026-08-04T17:46:17.135009+00:00,2026-08-04T17:46:17.377943+00:00,initial,5.0,0.69,,,,,,,,,,,,,,,,,,,,,,,,,,,,,,,,,,,,,,,,,,,,,,,,
stop_intent,stop_unchanged,NOW,,97.86,,2026-08-04T17:46:17.135012+00:00,2026-08-04T17:46:17.429559+00:00,initial,22.0,0.369,,,,,,,,,,,,,,,,,,,,,,,,,,,,,,,,,,,,,,,,,,,,,,,,
stop_intent,stop_unchanged,WMT,,103.37,,2026-08-04T17:46:17.135016+00:00,2026-08-04T17:46:17.481299+00:00,initial,8.0,0.302,,,,,,,,,,,,,,,,,,,,,,,,,,,,,,,,,,,,,,,,,,,,,,,,
stop_intent,stop_unchanged,XLB,,48.6258,,2026-08-04T17:46:17.135019+00:00,2026-08-04T17:46:17.534452+00:00,initial,18.0,0.789,,,,,,,,,,,,,,,,,,,,,,,,,,,,,,,,,,,,,,,,,,,,,,,,
entry_signal,skip,XLF,no_state_data,,,2026-08-04T17:46:17.148759+00:00,2026-08-04T17:46:17.586498+00:00,,,,,,,no_state_data,state_ext=stretched_up + state_slope=flat,,,,,1d,,,,,,insample,False,False,,,,,,,,,,,,,,,,,,,,,,,,,,,,,,
state_unavailable,skip,XLF,no_completed_state,,,2026-08-04T17:46:17.156587+00:00,2026-08-04T17:46:17.638722+00:00,,,,,,,,state_ext=stretched_up + state_slope=flat,,,,,1d,,,,,,insample,,,2026-07-31 04:00:00+00:00,56.93999862670898,{},,,,,,,,,,,,,,,,,,,,,,,,,,,
entry_signal,skip,XLK,no_state_data,,,2026-08-04T17:46:17.175360+00:00,2026-08-04T17:46:17.690383+00:00,,,,,,,no_state_data,cross_TLT_state_slope=uptrend + state_ext=neutral,,,,,1d,,,,,,insample,False,False,,,,,,,,,,,,,,,,,,,,,,,,,,,,,,
state_unavailable,skip,XLK,no_completed_state,,,2026-08-04T17:46:17.183316+00:00,2026-08-04T17:46:17.768105+00:00,,,,,,,,cross_TLT_state_slope=uptrend + state_ext=neutral,,,,,1d,,,,,,insample,,,2026-07-31 04:00:00+00:00,175.35000610351562,{},,,,,,,,,,,,,,,,,,,,,,,,,,,
entry_signal,skip,XLK,no_state_data,,,2026-08-04T17:46:17.195245+00:00,2026-08-04T17:46:17.819864+00:00,,,,,,,no_state_data,cross_USO_state_vol=mid_vol + state_ext=stretched_down,,,,,1h,,,,,,insample,False,False,,,,,,,,,,,,,,,,,,,,,,,,,,,,,,
state_unavailable,skip,XLK,no_completed_state,,,2026-08-04T17:46:17.201574+00:00,2026-08-04T17:46:17.871340+00:00,,,,,,,,cross_USO_state_vol=mid_vol + state_ext=stretched_down,,,,,1h,,,,,,insample,,,2026-07-31 19:30:00+00:00,175.27999877929688,{},,,,,,,,,,,,,,,,,,,,,,,,,,,
entry_signal,skip,SPY,no_state_data,,,2026-08-04T17:46:17.213034+00:00,2026-08-04T17:46:17.923032+00:00,,,,,,,no_state_data,state_session=afternoon + state_slope=downtrend,,,,,1h,,,,,,insample,False,False,,,,,,,,,,,,,,,,,,,,,,,,,,,,,,
state_unavailable,skip,SPY,no_completed_state,,,2026-08-04T17:46:17.219229+00:00,2026-08-04T17:46:17.975094+00:00,,,,,,,,state_session=afternoon + state_slope=downtrend,,,,,1h,,,,,,insample,,,2026-07-31 19:30:00+00:00,746.8099975585938,{},,,,,,,,,,,,,,,,,,,,,,,,,,,
stop_intent,stop_unchanged,AEP,,123.2271,,2026-08-04T18:46:17.444870+00:00,2026-08-04T18:46:17.528286+00:00,initial,7.0,-0.011,,,,,,,,,,,,,,,,,,,,,,,,,,,,,,,,,,,,,,,,,,,,,,,,
stop_intent,stop_unchanged,AMAT,,421.18,,2026-08-04T18:46:17.444880+00:00,2026-08-04T18:46:17.580494+00:00,initial,1.0,0.506,,,,,,,,,,,,,,,,,,,,,,,,,,,,,,,,,,,,,,,,,,,,,,,,
stop_intent,stop_unchanged,ASML,,1510.2835,,2026-08-04T18:46:17.444886+00:00,2026-08-04T18:46:17.629387+00:00,initial,1.0,0.247,,,,,,,,,,,,,,,,,,,,,,,,,,,,,,,,,,,,,,,,,,,,,,,,
stop_intent,stop_unchanged,HON,,226.51,,2026-08-04T18:46:17.444891+00:00,2026-08-04T18:46:17.678602+00:00,initial,5.0,0.628,,,,,,,,,,,,,,,,,,,,,,,,,,,,,,,,,,,,,,,,,,,,,,,,
stop_intent,stop_unchanged,NOW,,97.86,,2026-08-04T18:46:17.444896+00:00,2026-08-04T18:46:17.727437+00:00,initial,22.0,0.44,,,,,,,,,,,,,,,,,,,,,,,,,,,,,,,,,,,,,,,,,,,,,,,,
stop_intent,stop_unchanged,WMT,,103.37,,2026-08-04T18:46:17.444902+00:00,2026-08-04T18:46:17.776493+00:00,initial,8.0,0.391,,,,,,,,,,,,,,,,,,,,,,,,,,,,,,,,,,,,,,,,,,,,,,,,
stop_intent,stop_unchanged,XLB,,48.6258,,2026-08-04T18:46:17.444906+00:00,2026-08-04T18:46:17.825740+00:00,initial,18.0,0.724,,,,,,,,,,,,,,,,,,,,,,,,,,,,,,,,,,,,,,,,,,,,,,,,
entry_signal,skip,XLF,no_state_data,,,2026-08-04T18:46:17.463347+00:00,2026-08-04T18:46:17.874936+00:00,,,,,,,no_state_data,state_ext=stretched_up + state_slope=flat,,,,,1d,,,,,,insample,False,False,,,,,,,,,,,,,,,,,,,,,,,,,,,,,,
state_unavailable,skip,XLF,no_completed_state,,,2026-08-04T18:46:17.471859+00:00,2026-08-04T18:46:17.925215+00:00,,,,,,,,state_ext=stretched_up + state_slope=flat,,,,,1d,,,,,,insample,,,2026-07-31 04:00:00+00:00,56.93999862670898,{},,,,,,,,,,,,,,,,,,,,,,,,,,,
entry_signal,skip,XLK,no_state_data,,,2026-08-04T18:46:17.485043+00:00,2026-08-04T18:46:17.976023+00:00,,,,,,,no_state_data,cross_TLT_state_slope=uptrend + state_ext=neutral,,,,,1d,,,,,,insample,False,False,,,,,,,,,,,,,,,,,,,,,,,,,,,,,,
state_unavailable,skip,XLK,no_completed_state,,,2026-08-04T18:46:17.492550+00:00,2026-08-04T18:46:18.057000+00:00,,,,,,,,cross_TLT_state_slope=uptrend + state_ext=neutral,,,,,1d,,,,,,insample,,,2026-07-31 04:00:00+00:00,175.35000610351562,{},,,,,,,,,,,,,,,,,,,,,,,,,,,
entry_signal,skip,XLK,no_state_data,,,2026-08-04T18:46:17.504186+00:00,2026-08-04T18:46:18.106994+00:00,,,,,,,no_state_data,cross_USO_state_vol=mid_vol + state_ext=stretched_down,,,,,1h,,,,,,insample,False,False,,,,,,,,,,,,,,,,,,,,,,,,,,,,,,
state_unavailable,skip,XLK,no_completed_state,,,2026-08-04T18:46:17.510572+00:00,2026-08-04T18:46:18.156911+00:00,,,,,,,,cross_USO_state_vol=mid_vol + state_ext=stretched_down,,,,,1h,,,,,,insample,,,2026-07-31 19:30:00+00:00,175.27999877929688,{},,,,,,,,,,,,,,,,,,,,,,,,,,,
entry_signal,skip,SPY,no_state_data,,,2026-08-04T18:46:17.522024+00:00,2026-08-04T18:46:18.207105+00:00,,,,,,,no_state_data,state_session=afternoon + state_slope=downtrend,,,,,1h,,,,,,insample,False,False,,,,,,,,,,,,,,,,,,,,,,,,,,,,,,
state_unavailable,skip,SPY,no_completed_state,,,2026-08-04T18:46:17.528232+00:00,2026-08-04T18:46:18.256954+00:00,,,,,,,,state_session=afternoon + state_slope=downtrend,,,,,1h,,,,,,insample,,,2026-07-31 19:30:00+00:00,746.8099975585938,{},,,,,,,,,,,,,,,,,,,,,,,,,,,
stop_intent,stop_state_cleared,XLB,position no longer open (stopped out or closed by another exit policy),,,2026-08-04T19:46:47.541857+00:00,2026-08-04T19:46:47.633188+00:00,,,,False,,,,,,,,,,,,,,,,,,,,,,,,,,,,,,,,,,,,,,,,,,,,,,,
stop_intent,stop_unchanged,AEP,,123.2271,,2026-08-04T19:46:47.541874+00:00,2026-08-04T19:46:47.686958+00:00,initial,7.0,0.029,,,,,,,,,,,,,,,,,,,,,,,,,,,,,,,,,,,,,,,,,,,,,,,,
stop_intent,stop_unchanged,AMAT,,421.18,,2026-08-04T19:46:47.541881+00:00,2026-08-04T19:46:47.738593+00:00,initial,1.0,0.513,,,,,,,,,,,,,,,,,,,,,,,,,,,,,,,,,,,,,,,,,,,,,,,,
stop_intent,stop_unchanged,ASML,,1510.2835,,2026-08-04T19:46:47.541887+00:00,2026-08-04T19:46:47.790223+00:00,initial,1.0,0.292,,,,,,,,,,,,,,,,,,,,,,,,,,,,,,,,,,,,,,,,,,,,,,,,
stop_intent,stop_unchanged,HON,,226.51,,2026-08-04T19:46:47.541893+00:00,2026-08-04T19:46:47.842266+00:00,initial,5.0,0.673,,,,,,,,,,,,,,,,,,,,,,,,,,,,,,,,,,,,,,,,,,,,,,,,
stop_intent,stop_unchanged,NOW,,97.86,,2026-08-04T19:46:47.541899+00:00,2026-08-04T19:46:47.893694+00:00,initial,22.0,0.541,,,,,,,,,,,,,,,,,,,,,,,,,,,,,,,,,,,,,,,,,,,,,,,,
stop_intent,stop_unchanged,WMT,,103.37,,2026-08-04T19:46:47.541904+00:00,2026-08-04T19:46:47.946020+00:00,initial,8.0,0.486,,,,,,,,,,,,,,,,,,,,,,,,,,,,,,,,,,,,,,,,,,,,,,,,
entry_signal,skip,XLF,no_state_data,,,2026-08-04T19:46:47.560564+00:00,2026-08-04T19:46:47.998372+00:00,,,,,,,no_state_data,state_ext=stretched_up + state_slope=flat,,,,,1d,,,,,,insample,False,False,,,,,,,,,,,,,,,,,,,,,,,,,,,,,,
state_unavailable,skip,XLF,no_completed_state,,,2026-08-04T19:46:47.569563+00:00,2026-08-04T19:46:48.051720+00:00,,,,,,,,state_ext=stretched_up + state_slope=flat,,,,,1d,,,,,,insample,,,2026-07-31 04:00:00+00:00,56.93999862670898,{},,,,,,,,,,,,,,,,,,,,,,,,,,,
entry_signal,skip,XLK,no_state_data,,,2026-08-04T19:46:47.584122+00:00,2026-08-04T19:46:48.105674+00:00,,,,,,,no_state_data,cross_TLT_state_slope=uptrend + state_ext=neutral,,,,,1d,,,,,,insample,False,False,,,,,,,,,,,,,,,,,,,,,,,,,,,,,,
state_unavailable,skip,XLK,no_completed_state,,,2026-08-04T19:46:47.594650+00:00,2026-08-04T19:46:48.158845+00:00,,,,,,,,cross_TLT_state_slope=uptrend + state_ext=neutral,,,,,1d,,,,,,insample,,,2026-07-31 04:00:00+00:00,175.35000610351562,{},,,,,,,,,,,,,,,,,,,,,,,,,,,
entry_signal,skip,XLK,no_state_data,,,2026-08-04T19:46:47.607191+00:00,2026-08-04T19:46:48.242319+00:00,,,,,,,no_state_data,cross_USO_state_vol=mid_vol + state_ext=stretched_down,,,,,1h,,,,,,insample,False,False,,,,,,,,,,,,,,,,,,,,,,,,,,,,,,
state_unavailable,skip,XLK,no_completed_state,,,2026-08-04T19:46:47.614262+00:00,2026-08-04T19:46:48.295140+00:00,,,,,,,,cross_USO_state_vol=mid_vol + state_ext=stretched_down,,,,,1h,,,,,,insample,,,2026-07-31 19:30:00+00:00,175.27999877929688,{},,,,,,,,,,,,,,,,,,,,,,,,,,,
entry_signal,skip,SPY,no_state_data,,,2026-08-04T19:46:47.626395+00:00,2026-08-04T19:46:48.348044+00:00,,,,,,,no_state_data,state_session=afternoon + state_slope=downtrend,,,,,1h,,,,,,insample,False,False,,,,,,,,,,,,,,,,,,,,,,,,,,,,,,
state_unavailable,skip,SPY,no_completed_state,,,2026-08-04T19:46:47.633134+00:00,2026-08-04T19:46:48.400468+00:00,,,,,,,,state_session=afternoon + state_slope=downtrend,,,,,1h,,,,,,insample,,,2026-07-31 19:30:00+00:00,746.8099975585938,{},,,,,,,,,,,,,,,,,,,,,,,,,,,
stop_intent,stop_unchanged,AEP,,123.2271,,2026-08-04T20:46:23.474716+00:00,2026-08-04T20:46:23.556065+00:00,initial,7.0,0.057,,,,,,,,,,,,,,,,,,,,,,,,,,,,,,,,,,,,,,,,,,,,,,,,
stop_intent,stop_unchanged,AMAT,,421.18,,2026-08-04T20:46:23.474724+00:00,2026-08-04T20:46:23.609368+00:00,initial,1.0,0.437,,,,,,,,,,,,,,,,,,,,,,,,,,,,,,,,,,,,,,,,,,,,,,,,
stop_intent,stop_unchanged,ASML,,1510.2835,,2026-08-04T20:46:23.474729+00:00,2026-08-04T20:46:23.659097+00:00,initial,1.0,0.197,,,,,,,,,,,,,,,,,,,,,,,,,,,,,,,,,,,,,,,,,,,,,,,,
stop_intent,stop_unchanged,HON,,226.51,,2026-08-04T20:46:23.474733+00:00,2026-08-04T20:46:23.709318+00:00,initial,5.0,0.671,,,,,,,,,,,,,,,,,,,,,,,,,,,,,,,,,,,,,,,,,,,,,,,,
stop_intent,stop_unchanged,NOW,,97.86,,2026-08-04T20:46:23.474737+00:00,2026-08-04T20:46:23.758491+00:00,initial,22.0,0.463,,,,,,,,,,,,,,,,,,,,,,,,,,,,,,,,,,,,,,,,,,,,,,,,
stop_intent,stop_unchanged,WMT,,103.37,,2026-08-04T20:46:23.474740+00:00,2026-08-04T20:46:23.807924+00:00,initial,8.0,0.667,,,,,,,,,,,,,,,,,,,,,,,,,,,,,,,,,,,,,,,,,,,,,,,,
entry_signal,skip,XLF,no_state_data,,,2026-08-04T20:46:23.488796+00:00,2026-08-04T20:46:23.857846+00:00,,,,,,,no_state_data,state_ext=stretched_up + state_slope=flat,,,,,1d,,,,,,insample,False,False,,,,,,,,,,,,,,,,,,,,,,,,,,,,,,
state_unavailable,skip,XLF,no_completed_state,,,2026-08-04T20:46:23.497008+00:00,2026-08-04T20:46:23.908544+00:00,,,,,,,,state_ext=stretched_up + state_slope=flat,,,,,1d,,,,,,insample,,,2026-07-31 04:00:00+00:00,56.93999862670898,{},,,,,,,,,,,,,,,,,,,,,,,,,,,
entry_signal,skip,XLK,no_state_data,,,2026-08-04T20:46:23.510866+00:00,2026-08-04T20:46:23.959454+00:00,,,,,,,no_state_data,cross_TLT_state_slope=uptrend + state_ext=neutral,,,,,1d,,,,,,insample,False,False,,,,,,,,,,,,,,,,,,,,,,,,,,,,,,
state_unavailable,skip,XLK,no_completed_state,,,2026-08-04T20:46:23.519591+00:00,2026-08-04T20:46:24.009607+00:00,,,,,,,,cross_TLT_state_slope=uptrend + state_ext=neutral,,,,,1d,,,,,,insample,,,2026-07-31 04:00:00+00:00,175.35000610351562,{},,,,,,,,,,,,,,,,,,,,,,,,,,,
entry_signal,skip,XLK,no_state_data,,,2026-08-04T20:46:23.531926+00:00,2026-08-04T20:46:24.095466+00:00,,,,,,,no_state_data,cross_USO_state_vol=mid_vol + state_ext=stretched_down,,,,,1h,,,,,,insample,False,False,,,,,,,,,,,,,,,,,,,,,,,,,,,,,,
state_unavailable,skip,XLK,no_completed_state,,,2026-08-04T20:46:23.538280+00:00,2026-08-04T20:46:24.147312+00:00,,,,,,,,cross_USO_state_vol=mid_vol + state_ext=stretched_down,,,,,1h,,,,,,insample,,,2026-07-31 19:30:00+00:00,175.27999877929688,{},,,,,,,,,,,,,,,,,,,,,,,,,,,
entry_signal,skip,SPY,no_state_data,,,2026-08-04T20:46:23.549608+00:00,2026-08-04T20:46:24.198042+00:00,,,,,,,no_state_data,state_session=afternoon + state_slope=downtrend,,,,,1h,,,,,,insample,False,False,,,,,,,,,,,,,,,,,,,,,,,,,,,,,,
state_unavailable,skip,SPY,no_completed_state,,,2026-08-04T20:46:23.556011+00:00,2026-08-04T20:46:24.249356+00:00,,,,,,,,state_session=afternoon + state_slope=downtrend,,,,,1h,,,,,,insample,,,2026-07-31 19:30:00+00:00,746.8099975585938,{},,,,,,,,,,,,,,,,,,,,,,,,,,,
stop_intent,stop_unchanged,AEP,,123.2271,,2026-08-04T21:46:41.932295+00:00,2026-08-04T21:46:42.017296+00:00,initial,7.0,0.057,,,,,,,,,,,,,,,,,,,,,,,,,,,,,,,,,,,,,,,,,,,,,,,,
stop_intent,stop_unchanged,AMAT,,421.18,,2026-08-04T21:46:41.932302+00:00,2026-08-04T21:46:42.070411+00:00,initial,1.0,0.444,,,,,,,,,,,,,,,,,,,,,,,,,,,,,,,,,,,,,,,,,,,,,,,,
stop_intent,stop_unchanged,ASML,,1510.2835,,2026-08-04T21:46:41.932307+00:00,2026-08-04T21:46:42.120645+00:00,initial,1.0,0.208,,,,,,,,,,,,,,,,,,,,,,,,,,,,,,,,,,,,,,,,,,,,,,,,
stop_intent,stop_unchanged,HON,,226.51,,2026-08-04T21:46:41.932310+00:00,2026-08-04T21:46:42.170674+00:00,initial,5.0,0.666,,,,,,,,,,,,,,,,,,,,,,,,,,,,,,,,,,,,,,,,,,,,,,,,
stop_intent,stop_unchanged,NOW,,97.86,,2026-08-04T21:46:41.932314+00:00,2026-08-04T21:46:42.222266+00:00,initial,22.0,0.433,,,,,,,,,,,,,,,,,,,,,,,,,,,,,,,,,,,,,,,,,,,,,,,,
stop_intent,stop_unchanged,WMT,,103.37,,2026-08-04T21:46:41.932317+00:00,2026-08-04T21:46:42.272314+00:00,initial,8.0,0.576,,,,,,,,,,,,,,,,,,,,,,,,,,,,,,,,,,,,,,,,,,,,,,,,
entry_signal,skip,XLF,no_state_data,,,2026-08-04T21:46:41.949330+00:00,2026-08-04T21:46:42.322463+00:00,,,,,,,no_state_data,state_ext=stretched_up + state_slope=flat,,,,,1d,,,,,,insample,False,False,,,,,,,,,,,,,,,,,,,,,,,,,,,,,,
state_unavailable,skip,XLF,no_completed_state,,,2026-08-04T21:46:41.958118+00:00,2026-08-04T21:46:42.373159+00:00,,,,,,,,state_ext=stretched_up + state_slope=flat,,,,,1d,,,,,,insample,,,2026-07-31 04:00:00+00:00,56.93999862670898,{},,,,,,,,,,,,,,,,,,,,,,,,,,,
entry_signal,skip,XLK,no_state_data,,,2026-08-04T21:46:41.972287+00:00,2026-08-04T21:46:42.424027+00:00,,,,,,,no_state_data,cross_TLT_state_slope=uptrend + state_ext=neutral,,,,,1d,,,,,,insample,False,False,,,,,,,,,,,,,,,,,,,,,,,,,,,,,,
state_unavailable,skip,XLK,no_completed_state,,,2026-08-04T21:46:41.980313+00:00,2026-08-04T21:46:42.474785+00:00,,,,,,,,cross_TLT_state_slope=uptrend + state_ext=neutral,,,,,1d,,,,,,insample,,,2026-07-31 04:00:00+00:00,175.35000610351562,{},,,,,,,,,,,,,,,,,,,,,,,,,,,
entry_signal,skip,XLK,no_state_data,,,2026-08-04T21:46:41.992701+00:00,2026-08-04T21:46:42.548375+00:00,,,,,,,no_state_data,cross_USO_state_vol=mid_vol + state_ext=stretched_down,,,,,1h,,,,,,insample,False,False,,,,,,,,,,,,,,,,,,,,,,,,,,,,,,
state_unavailable,skip,XLK,no_completed_state,,,2026-08-04T21:46:41.999117+00:00,2026-08-04T21:46:42.599319+00:00,,,,,,,,cross_USO_state_vol=mid_vol + state_ext=stretched_down,,,,,1h,,,,,,insample,,,2026-07-31 19:30:00+00:00,175.27999877929688,{},,,,,,,,,,,,,,,,,,,,,,,,,,,
entry_signal,skip,SPY,no_state_data,,,2026-08-04T21:46:42.010861+00:00,2026-08-04T21:46:42.649911+00:00,,,,,,,no_state_data,state_session=afternoon + state_slope=downtrend,,,,,1h,,,,,,insample,False,False,,,,,,,,,,,,,,,,,,,,,,,,,,,,,,
state_unavailable,skip,SPY,no_completed_state,,,2026-08-04T21:46:42.017247+00:00,2026-08-04T21:46:42.700465+00:00,,,,,,,,state_session=afternoon + state_slope=downtrend,,,,,1h,,,,,,insample,,,2026-07-31 19:30:00+00:00,746.8099975585938,{},,,,,,,,,,,,,,,,,,,,,,,,,,,
stop_intent,stop_unchanged,AEP,,123.2271,,2026-08-04T23:06:30.648919+00:00,2026-08-04T23:07:34.767330+00:00,initial,7.0,0.057,,,,,,,,,,,,,,,,,,,,,,,,,,,,,,,,,,,,,,,,,,,,,,,,
stop_intent,stop_unchanged,AMAT,,421.18,,2026-08-04T23:06:30.648930+00:00,2026-08-04T23:07:34.818307+00:00,initial,1.0,0.484,,,,,,,,,,,,,,,,,,,,,,,,,,,,,,,,,,,,,,,,,,,,,,,,
stop_intent,stop_unchanged,ASML,,1510.2835,,2026-08-04T23:06:30.648937+00:00,2026-08-04T23:07:34.868206+00:00,initial,1.0,0.246,,,,,,,,,,,,,,,,,,,,,,,,,,,,,,,,,,,,,,,,,,,,,,,,
stop_intent,stop_unchanged,HON,,226.51,,2026-08-04T23:06:30.648943+00:00,2026-08-04T23:07:34.917965+00:00,initial,5.0,0.697,,,,,,,,,,,,,,,,,,,,,,,,,,,,,,,,,,,,,,,,,,,,,,,,
stop_intent,stop_unchanged,NOW,,97.86,,2026-08-04T23:06:30.648948+00:00,2026-08-04T23:07:34.967728+00:00,initial,22.0,0.534,,,,,,,,,,,,,,,,,,,,,,,,,,,,,,,,,,,,,,,,,,,,,,,,
stop_intent,stop_unchanged,WMT,,103.37,,2026-08-04T23:06:30.648954+00:00,2026-08-04T23:07:35.017464+00:00,initial,8.0,0.568,,,,,,,,,,,,,,,,,,,,,,,,,,,,,,,,,,,,,,,,,,,,,,,,
entry_signal,enter,XLF,,,26a342d1-0d6a-4c55-a3ae-2b855f8c120d,2026-08-04T23:07:32.276282+00:00,2026-08-04T23:07:35.314383+00:00,,17.0,,,,accepted,,state_ext=stretched_up + state_slope=flat,,,,,1d,,,,,,insample,True,True,2026-08-03 04:00:00+00:00,57.380001068115234,"{'state_ext': 'stretched_up', 'state_slope': 'flat', 'state_vol': 'low_vol', 'state_volume': 'vol_normal', 'state_session': 'afternoon', 'state_dow': 'Mon', 'state_utc_session': 'utc_asia', 'state_weekpart': 'weekday', 'state_ret_1': 'ret_up', 'state_ret_3': 'ret_up', 'state_ret_5': 'ret_flat', 'state_ret_10': 'ret_up', 'state_ret_20': 'ret_flat', 'state_atr_ext': 'atr_up', 'state_vol_regime': 'vol_regime_mid', 'state_trend_strength': 'mod_trend', 'state_gap': 'gap_up', 'state_range_pos': 'range_mid', 'state_ret_day': 'ret_day_up', 'state_vol_day': 'vol_day_low', 'state_funding': 'funding_neutral', 'state_oi': 'oi_flat', 'state_cot': 'cot_neutral', 'state_vix': 'vix_low', 'state_breadth': 'breadth_strong', 'state_dxy': 'dxy_weak'}",state_ext=stretched_up + state_slope=flat,long,17.0,buy,975.460018157959,state_ext=stretched_up + state_slope=flat,5.0,2.0,XLF,gate_disabled,True,,,,conviction_with_vol_rail,1.0,1000.0,0.6529,17.0,459.0,14.0,"{'allowed': True, 'reasons': [], 'details': {'symbol': 'XLF', 'qty': 17, 'price': 57.380001068115234, 'side': 'long', 'notional': 975.460018157959, 'open_position_count': 0, 'today_realized_pnl': 161.4999960000003, 'risk_group': 'state_ext=stretched_up + state_slope=flat', 'aggregate_risk': {'current_open_risk_dollars': 681.64, 'proposed_r_dollars': 22.2, 'projected_open_risk_dollars': 703.83, 'budget_dollars': 2001.47, 'max_aggregate_open_risk_pct': 0.02}, 'gross_notional': {'current_open_notional': 0.0, 'proposed_notional': 975.46, 'projected_open_notional': 975.46, 'budget_notional': 100073.59, 'target_leverage_multiple': 1.0}, 'margin_cushion': {'reason': 'margin cushion check inactive (missing buying_power/equity/multiple/cushion)'}, 'reconciliation_health': {'ok': True, 'total_order_ids': 72, 'resolved_order_ids': 72, 'unresolved_order_ids': [], 'errors': [], 'reason': 'ok'}}}",,,,,skipped_no_price
entry_signal,skip,XLK,no_state_data,,,2026-08-04T23:07:34.742196+00:00,2026-08-04T23:07:35.365419+00:00,,,,,,,no_state_data,cross_USO_state_vol=mid_vol + state_ext=stretched_down,,,,,1h,,,,,,insample,False,False,,,,,,,,,,,,,,,,,,,,,,,,,,,,,,
state_unavailable,skip,XLK,no_completed_state,,,2026-08-04T23:07:34.748907+00:00,2026-08-04T23:07:35.416568+00:00,,,,,,,,cross_USO_state_vol=mid_vol + state_ext=stretched_down,,,,,1h,,,,,,insample,,,2026-08-03 19:30:00+00:00,178.08999633789062,{},,,,,,,,,,,,,,,,,,,,,,,,,,,
entry_signal,skip,SPY,no_state_data,,,2026-08-04T23:07:34.760900+00:00,2026-08-04T23:07:35.467961+00:00,,,,,,,no_state_data,state_session=afternoon + state_slope=downtrend,,,,,1h,,,,,,insample,False,False,,,,,,,,,,,,,,,,,,,,,,,,,,,,,,
state_unavailable,skip,SPY,no_completed_state,,,2026-08-04T23:07:34.767275+00:00,2026-08-04T23:07:35.518908+00:00,,,,,,,,state_session=afternoon + state_slope=downtrend,,,,,1h,,,,,,insample,,,2026-08-03 19:30:00+00:00,757.6699829101562,{},,,,,,,,,,,,,,,,,,,,,,,,,,,
stop_intent,stop_unchanged,AEP,,123.2271,,2026-08-04T23:46:10.275266+00:00,2026-08-04T23:47:14.475690+00:00,initial,7.0,0.101,,,,,,,,,,,,,,,,,,,,,,,,,,,,,,,,,,,,,,,,,,,,,,,,
stop_intent,stop_unchanged,AMAT,,421.18,,2026-08-04T23:46:10.275277+00:00,2026-08-04T23:47:14.528599+00:00,initial,1.0,0.449,,,,,,,,,,,,,,,,,,,,,,,,,,,,,,,,,,,,,,,,,,,,,,,,
stop_intent,stop_unchanged,ASML,,1510.2835,,2026-08-04T23:46:10.275283+00:00,2026-08-04T23:47:14.580932+00:00,initial,1.0,0.245,,,,,,,,,,,,,,,,,,,,,,,,,,,,,,,,,,,,,,,,,,,,,,,,
stop_intent,stop_unchanged,HON,,226.51,,2026-08-04T23:46:10.275289+00:00,2026-08-04T23:47:14.633810+00:00,initial,5.0,0.697,,,,,,,,,,,,,,,,,,,,,,,,,,,,,,,,,,,,,,,,,,,,,,,,
stop_intent,stop_unchanged,NOW,,97.86,,2026-08-04T23:46:10.275294+00:00,2026-08-04T23:47:14.687474+00:00,initial,22.0,0.452,,,,,,,,,,,,,,,,,,,,,,,,,,,,,,,,,,,,,,,,,,,,,,,,
stop_intent,stop_unchanged,WMT,,103.37,,2026-08-04T23:46:10.275300+00:00,2026-08-04T23:47:14.740459+00:00,initial,8.0,0.565,,,,,,,,,,,,,,,,,,,,,,,,,,,,,,,,,,,,,,,,,,,,,,,,
entry_signal,block,XLF,risk_gate,,,2026-08-04T23:47:11.963799+00:00,2026-08-04T23:47:14.793839+00:00,,,,,,,,state_ext=stretched_up + state_slope=flat,,,,,1d,,,,,,insample,True,False,2026-08-03 04:00:00+00:00,57.380001068115234,"{'state_ext': 'stretched_up', 'state_slope': 'flat', 'state_vol': 'low_vol', 'state_volume': 'vol_normal', 'state_session': 'afternoon', 'state_dow': 'Mon', 'state_utc_session': 'utc_asia', 'state_weekpart': 'weekday', 'state_ret_1': 'ret_up', 'state_ret_3': 'ret_up', 'state_ret_5': 'ret_flat', 'state_ret_10': 'ret_up', 'state_ret_20': 'ret_flat', 'state_atr_ext': 'atr_up', 'state_vol_regime': 'vol_regime_mid', 'state_trend_strength': 'mod_trend', 'state_gap': 'gap_up', 'state_range_pos': 'range_mid', 'state_ret_day': 'ret_day_up', 'state_vol_day': 'vol_day_low', 'state_funding': 'funding_neutral', 'state_oi': 'oi_flat', 'state_cot': 'cot_neutral', 'state_vix': 'vix_low', 'state_breadth': 'breadth_strong', 'state_dxy': 'dxy_weak'}",,long,17.0,buy,975.460018157959,state_ext=stretched_up + state_slope=flat,5.0,2.0,XLF,gate_disabled,True,,,,conviction_with_vol_rail,1.0,1000.0,0.6529,17.0,459.0,14.0,"{'allowed': False, 'reasons': ['already have an open position in XLF', 'cooldown active for XLF: 2377s since last entry < 3600s'], 'details': {'symbol': 'XLF', 'qty': 17, 'price': 57.380001068115234, 'side': 'long', 'notional': 975.460018157959, 'open_position_count': 1, 'today_realized_pnl': 161.4999960000003, 'risk_group': 'state_ext=stretched_up + state_slope=flat', 'aggregate_risk': {'current_open_risk_dollars': 681.64, 'proposed_r_dollars': 22.2, 'projected_open_risk_dollars': 703.83, 'budget_dollars': 2000.92, 'max_aggregate_open_risk_pct': 0.02}, 'gross_notional': {'current_open_notional': 0.0, 'proposed_notional': 975.46, 'projected_open_notional': 975.46, 'budget_notional': 100046.1, 'target_leverage_multiple': 1.0}, 'margin_cushion': {'reason': 'margin cushion check inactive (missing buying_power/equity/multiple/cushion)'}, 'reconciliation_health': {'ok': True, 'total_order_ids': 73, 'resolved_order_ids': 73, 'unresolved_order_ids': [], 'errors': [], 'reason': 'ok'}}}",already have an open position in XLF; cooldown active for XLF: 2377s since last entry < 3600s,,,,
entry_signal,skip,XLK,no_state_data,,,2026-08-04T23:47:14.449584+00:00,2026-08-04T23:47:14.847918+00:00,,,,,,,no_state_data,cross_USO_state_vol=mid_vol + state_ext=stretched_down,,,,,1h,,,,,,insample,False,False,,,,,,,,,,,,,,,,,,,,,,,,,,,,,,
state_unavailable,skip,XLK,no_completed_state,,,2026-08-04T23:47:14.456398+00:00,2026-08-04T23:47:14.902659+00:00,,,,,,,,cross_USO_state_vol=mid_vol + state_ext=stretched_down,,,,,1h,,,,,,insample,,,2026-08-03 19:30:00+00:00,178.08999633789062,{},,,,,,,,,,,,,,,,,,,,,,,,,,,
entry_signal,skip,SPY,no_state_data,,,2026-08-04T23:47:14.468897+00:00,2026-08-04T23:47:14.957681+00:00,,,,,,,no_state_data,state_session=afternoon + state_slope=downtrend,,,,,1h,,,,,,insample,False,False,,,,,,,,,,,,,,,,,,,,,,,,,,,,,,
state_unavailable,skip,SPY,no_completed_state,,,2026-08-04T23:47:14.475625+00:00,2026-08-04T23:47:15.013043+00:00,,,,,,,,state_session=afternoon + state_slope=downtrend,,,,,1h,,,,,,insample,,,2026-08-03 19:30:00+00:00,757.6699829101562,{},,,,,,,,,,,,,,,,,,,,,,,,,,,
stop_intent,stop_unchanged,AEP,,123.2271,,2026-08-05T00:46:32.209482+00:00,2026-08-05T00:47:26.166006+00:00,initial,7.0,0.101,,,,,,,,,,,,,,,,,,,,,,,,,,,,,,,,,,,,,,,,,,,,,,,,
stop_intent,stop_unchanged,AMAT,,421.18,,2026-08-05T00:46:32.209490+00:00,2026-08-05T00:47:26.217365+00:00,initial,1.0,0.51,,,,,,,,,,,,,,,,,,,,,,,,,,,,,,,,,,,,,,,,,,,,,,,,
stop_intent,stop_unchanged,ASML,,1510.2835,,2026-08-05T00:46:32.209495+00:00,2026-08-05T00:47:26.268182+00:00,initial,1.0,0.281,,,,,,,,,,,,,,,,,,,,,,,,,,,,,,,,,,,,,,,,,,,,,,,,
stop_intent,stop_unchanged,HON,,226.51,,2026-08-05T00:46:32.209499+00:00,2026-08-05T00:47:26.320281+00:00,initial,5.0,0.697,,,,,,,,,,,,,,,,,,,,,,,,,,,,,,,,,,,,,,,,,,,,,,,,
stop_intent,stop_unchanged,NOW,,97.86,,2026-08-05T00:46:32.209503+00:00,2026-08-05T00:47:26.372537+00:00,initial,22.0,0.48,,,,,,,,,,,,,,,,,,,,,,,,,,,,,,,,,,,,,,,,,,,,,,,,
stop_intent,stop_unchanged,WMT,,103.37,,2026-08-05T00:46:32.209506+00:00,2026-08-05T00:47:26.425433+00:00,initial,8.0,0.55,,,,,,,,,,,,,,,,,,,,,,,,,,,,,,,,,,,,,,,,,,,,,,,,
entry_signal,block,XLF,risk_gate,,,2026-08-05T00:47:24.420452+00:00,2026-08-05T00:47:26.478411+00:00,,,,,,,,state_ext=stretched_up + state_slope=flat,,,,,1d,,,,,,insample,True,False,2026-08-03 04:00:00+00:00,57.380001068115234,"{'state_ext': 'stretched_up', 'state_slope': 'flat', 'state_vol': 'low_vol', 'state_volume': 'vol_normal', 'state_session': 'afternoon', 'state_dow': 'Mon', 'state_utc_session': 'utc_asia', 'state_weekpart': 'weekday', 'state_ret_1': 'ret_up', 'state_ret_3': 'ret_up', 'state_ret_5': 'ret_flat', 'state_ret_10': 'ret_up', 'state_ret_20': 'ret_flat', 'state_atr_ext': 'atr_up', 'state_vol_regime': 'vol_regime_mid', 'state_trend_strength': 'mod_trend', 'state_gap': 'gap_up', 'state_range_pos': 'range_mid', 'state_ret_day': 'ret_day_up', 'state_vol_day': 'vol_day_low', 'state_funding': 'funding_neutral', 'state_oi': 'oi_flat', 'state_cot': 'cot_neutral', 'state_vix': 'vix_low', 'state_breadth': 'breadth_strong', 'state_dxy': 'dxy_weak'}",,long,17.0,buy,975.460018157959,state_ext=stretched_up + state_slope=flat,5.0,2.0,XLF,gate_disabled,True,,,,conviction_with_vol_rail,1.0,1000.0,0.6529,17.0,459.0,14.0,"{'allowed': False, 'reasons': ['already have an open position in XLF'], 'details': {'symbol': 'XLF', 'qty': 17, 'price': 57.380001068115234, 'side': 'long', 'notional': 975.460018157959, 'open_position_count': 1, 'today_realized_pnl': 0.0, 'risk_group': 'state_ext=stretched_up + state_slope=flat', 'aggregate_risk': {'current_open_risk_dollars': 681.64, 'proposed_r_dollars': 22.2, 'projected_open_risk_dollars': 703.83, 'budget_dollars': 2001.19, 'max_aggregate_open_risk_pct': 0.02}, 'gross_notional': {'current_open_notional': 0.0, 'proposed_notional': 975.46, 'projected_open_notional': 975.46, 'budget_notional': 100059.66, 'target_leverage_multiple': 1.0}, 'margin_cushion': {'reason': 'margin cushion check inactive (missing buying_power/equity/multiple/cushion)'}, 'reconciliation_health': {'ok': True, 'total_order_ids': 73, 'resolved_order_ids': 73, 'unresolved_order_ids': [], 'errors': [], 'reason': 'ok'}}}",already have an open position in XLF,,,,
entry_signal,skip,XLK,no_state_data,,,2026-08-05T00:47:26.141863+00:00,2026-08-05T00:47:26.530983+00:00,,,,,,,no_state_data,cross_USO_state_vol=mid_vol + state_ext=stretched_down,,,,,1h,,,,,,insample,False,False,,,,,,,,,,,,,,,,,,,,,,,,,,,,,,
state_unavailable,skip,XLK,no_completed_state,,,2026-08-05T00:47:26.148275+00:00,2026-08-05T00:47:26.583926+00:00,,,,,,,,cross_USO_state_vol=mid_vol + state_ext=stretched_down,,,,,1h,,,,,,insample,,,2026-08-03 19:30:00+00:00,178.08999633789062,{},,,,,,,,,,,,,,,,,,,,,,,,,,,
entry_signal,skip,SPY,no_state_data,,,2026-08-05T00:47:26.159685+00:00,2026-08-05T00:47:26.636924+00:00,,,,,,,no_state_data,state_session=afternoon + state_slope=downtrend,,,,,1h,,,,,,insample,False,False,,,,,,,,,,,,,,,,,,,,,,,,,,,,,,
state_unavailable,skip,SPY,no_completed_state,,,2026-08-05T00:47:26.165936+00:00,2026-08-05T00:47:26.689982+00:00,,,,,,,,state_session=afternoon + state_slope=downtrend,,,,,1h,,,,,,insample,,,2026-08-03 19:30:00+00:00,757.6699829101562,{},,,,,,,,,,,,,,,,,,,,,,,,,,,
stop_intent,stop_unchanged,AEP,,123.2271,,2026-08-05T01:46:18.244043+00:00,2026-08-05T01:47:22.813570+00:00,initial,7.0,0.101,,,,,,,,,,,,,,,,,,,,,,,,,,,,,,,,,,,,,,,,,,,,,,,,
stop_intent,stop_unchanged,AMAT,,421.18,,2026-08-05T01:46:18.244051+00:00,2026-08-05T01:47:22.865905+00:00,initial,1.0,0.502,,,,,,,,,,,,,,,,,,,,,,,,,,,,,,,,,,,,,,,,,,,,,,,,
stop_intent,stop_unchanged,ASML,,1510.2835,,2026-08-05T01:46:18.244055+00:00,2026-08-05T01:47:22.918264+00:00,initial,1.0,0.267,,,,,,,,,,,,,,,,,,,,,,,,,,,,,,,,,,,,,,,,,,,,,,,,
stop_intent,stop_unchanged,HON,,226.51,,2026-08-05T01:46:18.244059+00:00,2026-08-05T01:47:22.970627+00:00,initial,5.0,0.697,,,,,,,,,,,,,,,,,,,,,,,,,,,,,,,,,,,,,,,,,,,,,,,,
stop_intent,stop_unchanged,NOW,,97.86,,2026-08-05T01:46:18.244062+00:00,2026-08-05T01:47:23.021548+00:00,initial,22.0,0.523,,,,,,,,,,,,,,,,,,,,,,,,,,,,,,,,,,,,,,,,,,,,,,,,
stop_intent,stop_unchanged,WMT,,103.37,,2026-08-05T01:46:18.244065+00:00,2026-08-05T01:47:23.072508+00:00,initial,8.0,0.578,,,,,,,,,,,,,,,,,,,,,,,,,,,,,,,,,,,,,,,,,,,,,,,,
entry_signal,block,XLF,risk_gate,,,2026-08-05T01:47:20.339384+00:00,2026-08-05T01:47:23.124153+00:00,,,,,,,,state_ext=stretched_up + state_slope=flat,,,,,1d,,,,,,insample,True,False,2026-08-03 04:00:00+00:00,57.380001068115234,"{'state_ext': 'stretched_up', 'state_slope': 'flat', 'state_vol': 'low_vol', 'state_volume': 'vol_normal', 'state_session': 'afternoon', 'state_dow': 'Mon', 'state_utc_session': 'utc_asia', 'state_weekpart': 'weekday', 'state_ret_1': 'ret_up', 'state_ret_3': 'ret_up', 'state_ret_5': 'ret_flat', 'state_ret_10': 'ret_up', 'state_ret_20': 'ret_flat', 'state_atr_ext': 'atr_up', 'state_vol_regime': 'vol_regime_mid', 'state_trend_strength': 'mod_trend', 'state_gap': 'gap_up', 'state_range_pos': 'range_mid', 'state_ret_day': 'ret_day_up', 'state_vol_day': 'vol_day_low', 'state_funding': 'funding_neutral', 'state_oi': 'oi_flat', 'state_cot': 'cot_neutral', 'state_vix': 'vix_low', 'state_breadth': 'breadth_strong', 'state_dxy': 'dxy_weak'}",,long,17.0,buy,975.460018157959,state_ext=stretched_up + state_slope=flat,5.0,2.0,XLF,gate_disabled,True,,,,conviction_with_vol_rail,1.0,1000.0,0.6529,17.0,459.0,14.0,"{'allowed': False, 'reasons': ['already have an open position in XLF'], 'details': {'symbol': 'XLF', 'qty': 17, 'price': 57.380001068115234, 'side': 'long', 'notional': 975.460018157959, 'open_position_count': 1, 'today_realized_pnl': 0.0, 'risk_group': 'state_ext=stretched_up + state_slope=flat', 'aggregate_risk': {'current_open_risk_dollars': 681.64, 'proposed_r_dollars': 22.2, 'projected_open_risk_dollars': 703.83, 'budget_dollars': 2001.51, 'max_aggregate_open_risk_pct': 0.02}, 'gross_notional': {'current_open_notional': 0.0, 'proposed_notional': 975.46, 'projected_open_notional': 975.46, 'budget_notional': 100075.56, 'target_leverage_multiple': 1.0}, 'margin_cushion': {'reason': 'margin cushion check inactive (missing buying_power/equity/multiple/cushion)'}, 'reconciliation_health': {'ok': True, 'total_order_ids': 73, 'resolved_order_ids': 73, 'unresolved_order_ids': [], 'errors': [], 'reason': 'ok'}}}",already have an open position in XLF,,,,
entry_signal,skip,XLK,no_state_data,,,2026-08-05T01:47:22.788283+00:00,2026-08-05T01:47:23.176341+00:00,,,,,,,no_state_data,cross_USO_state_vol=mid_vol + state_ext=stretched_down,,,,,1h,,,,,,insample,False,False,,,,,,,,,,,,,,,,,,,,,,,,,,,,,,
state_unavailable,skip,XLK,no_completed_state,,,2026-08-05T01:47:22.795053+00:00,2026-08-05T01:47:23.228824+00:00,,,,,,,,cross_USO_state_vol=mid_vol + state_ext=stretched_down,,,,,1h,,,,,,insample,,,2026-08-03 19:30:00+00:00,178.08999633789062,{},,,,,,,,,,,,,,,,,,,,,,,,,,,
entry_signal,skip,SPY,no_state_data,,,2026-08-05T01:47:22.806999+00:00,2026-08-05T01:47:23.281070+00:00,,,,,,,no_state_data,state_session=afternoon + state_slope=downtrend,,,,,1h,,,,,,insample,False,False,,,,,,,,,,,,,,,,,,,,,,,,,,,,,,
state_unavailable,skip,SPY,no_completed_state,,,2026-08-05T01:47:22.813507+00:00,2026-08-05T01:47:23.332800+00:00,,,,,,,,state_session=afternoon + state_slope=downtrend,,,,,1h,,,,,,insample,,,2026-08-03 19:30:00+00:00,757.6699829101562,{},,,,,,,,,,,,,,,,,,,,,,,,,,,
stop_intent,stop_unchanged,AEP,,123.2271,,2026-08-05T02:46:10.815574+00:00,2026-08-05T02:47:00.387760+00:00,initial,7.0,0.101,,,,,,,,,,,,,,,,,,,,,,,,,,,,,,,,,,,,,,,,,,,,,,,,
stop_intent,stop_unchanged,AMAT,,421.18,,2026-08-05T02:46:10.815582+00:00,2026-08-05T02:47:00.437920+00:00,initial,1.0,0.544,,,,,,,,,,,,,,,,,,,,,,,,,,,,,,,,,,,,,,,,,,,,,,,,
stop_intent,stop_unchanged,ASML,,1510.2835,,2026-08-05T02:46:10.815586+00:00,2026-08-05T02:47:00.487146+00:00,initial,1.0,0.267,,,,,,,,,,,,,,,,,,,,,,,,,,,,,,,,,,,,,,,,,,,,,,,,
stop_intent,stop_unchanged,HON,,226.51,,2026-08-05T02:46:10.815590+00:00,2026-08-05T02:47:00.536555+00:00,initial,5.0,0.697,,,,,,,,,,,,,,,,,,,,,,,,,,,,,,,,,,,,,,,,,,,,,,,,
stop_intent,stop_unchanged,NOW,,97.86,,2026-08-05T02:46:10.815593+00:00,2026-08-05T02:47:00.586232+00:00,initial,22.0,0.515,,,,,,,,,,,,,,,,,,,,,,,,,,,,,,,,,,,,,,,,,,,,,,,,
stop_intent,stop_unchanged,WMT,,103.37,,2026-08-05T02:46:10.815596+00:00,2026-08-05T02:47:00.636959+00:00,initial,8.0,0.576,,,,,,,,,,,,,,,,,,,,,,,,,,,,,,,,,,,,,,,,,,,,,,,,
entry_signal,block,XLF,risk_gate,,,2026-08-05T02:46:59.088852+00:00,2026-08-05T02:47:00.687242+00:00,,,,,,,,state_ext=stretched_up + state_slope=flat,,,,,1d,,,,,,insample,True,False,2026-08-03 04:00:00+00:00,57.380001068115234,"{'state_ext': 'stretched_up', 'state_slope': 'flat', 'state_vol': 'low_vol', 'state_volume': 'vol_normal', 'state_session': 'afternoon', 'state_dow': 'Mon', 'state_utc_session': 'utc_asia', 'state_weekpart': 'weekday', 'state_ret_1': 'ret_up', 'state_ret_3': 'ret_up', 'state_ret_5': 'ret_flat', 'state_ret_10': 'ret_up', 'state_ret_20': 'ret_flat', 'state_atr_ext': 'atr_up', 'state_vol_regime': 'vol_regime_mid', 'state_trend_strength': 'mod_trend', 'state_gap': 'gap_up', 'state_range_pos': 'range_mid', 'state_ret_day': 'ret_day_up', 'state_vol_day': 'vol_day_low', 'state_funding': 'funding_neutral', 'state_oi': 'oi_flat', 'state_cot': 'cot_neutral', 'state_vix': 'vix_low', 'state_breadth': 'breadth_strong', 'state_dxy': 'dxy_weak'}",,long,17.0,buy,975.460018157959,state_ext=stretched_up + state_slope=flat,5.0,2.0,XLF,gate_disabled,True,,,,conviction_with_vol_rail,1.0,1000.0,0.6529,17.0,459.0,14.0,"{'allowed': False, 'reasons': ['already have an open position in XLF'], 'details': {'symbol': 'XLF', 'qty': 17, 'price': 57.380001068115234, 'side': 'long', 'notional': 975.460018157959, 'open_position_count': 1, 'today_realized_pnl': 0.0, 'risk_group': 'state_ext=stretched_up + state_slope=flat', 'aggregate_risk': {'current_open_risk_dollars': 681.64, 'proposed_r_dollars': 22.2, 'projected_open_risk_dollars': 703.83, 'budget_dollars': 2001.53, 'max_aggregate_open_risk_pct': 0.02}, 'gross_notional': {'current_open_notional': 0.0, 'proposed_notional': 975.46, 'projected_open_notional': 975.46, 'budget_notional': 100076.56, 'target_leverage_multiple': 1.0}, 'margin_cushion': {'reason': 'margin cushion check inactive (missing buying_power/equity/multiple/cushion)'}, 'reconciliation_health': {'ok': True, 'total_order_ids': 73, 'resolved_order_ids': 73, 'unresolved_order_ids': [], 'errors': [], 'reason': 'ok'}}}",already have an open position in XLF,,,,
entry_signal,skip,XLK,no_state_data,,,2026-08-05T02:47:00.363567+00:00,2026-08-05T02:47:00.737154+00:00,,,,,,,no_state_data,cross_USO_state_vol=mid_vol + state_ext=stretched_down,,,,,1h,,,,,,insample,False,False,,,,,,,,,,,,,,,,,,,,,,,,,,,,,,
state_unavailable,skip,XLK,no_completed_state,,,2026-08-05T02:47:00.370300+00:00,2026-08-05T02:47:00.787955+00:00,,,,,,,,cross_USO_state_vol=mid_vol + state_ext=stretched_down,,,,,1h,,,,,,insample,,,2026-08-03 19:30:00+00:00,178.08999633789062,{},,,,,,,,,,,,,,,,,,,,,,,,,,,
entry_signal,skip,SPY,no_state_data,,,2026-08-05T02:47:00.381365+00:00,2026-08-05T02:47:00.838957+00:00,,,,,,,no_state_data,state_session=afternoon + state_slope=downtrend,,,,,1h,,,,,,insample,False,False,,,,,,,,,,,,,,,,,,,,,,,,,,,,,,
state_unavailable,skip,SPY,no_completed_state,,,2026-08-05T02:47:00.387699+00:00,2026-08-05T02:47:00.889328+00:00,,,,,,,,state_session=afternoon + state_slope=downtrend,,,,,1h,,,,,,insample,,,2026-08-03 19:30:00+00:00,757.6699829101562,{},,,,,,,,,,,,,,,,,,,,,,,,,,,
stop_intent,stop_unchanged,AEP,,123.2271,,2026-08-05T03:46:19.662975+00:00,2026-08-05T03:47:13.303281+00:00,initial,7.0,0.101,,,,,,,,,,,,,,,,,,,,,,,,,,,,,,,,,,,,,,,,,,,,,,,,
stop_intent,stop_unchanged,AMAT,,421.18,,2026-08-05T03:46:19.662984+00:00,2026-08-05T03:47:13.355804+00:00,initial,1.0,0.557,,,,,,,,,,,,,,,,,,,,,,,,,,,,,,,,,,,,,,,,,,,,,,,,
stop_intent,stop_unchanged,ASML,,1510.2835,,2026-08-05T03:46:19.662989+00:00,2026-08-05T03:47:13.409458+00:00,initial,1.0,0.28,,,,,,,,,,,,,,,,,,,,,,,,,,,,,,,,,,,,,,,,,,,,,,,,
stop_intent,stop_unchanged,HON,,226.51,,2026-08-05T03:46:19.662993+00:00,2026-08-05T03:47:13.461625+00:00,initial,5.0,0.697,,,,,,,,,,,,,,,,,,,,,,,,,,,,,,,,,,,,,,,,,,,,,,,,
stop_intent,stop_unchanged,NOW,,97.86,,2026-08-05T03:46:19.662997+00:00,2026-08-05T03:47:13.514318+00:00,initial,22.0,0.494,,,,,,,,,,,,,,,,,,,,,,,,,,,,,,,,,,,,,,,,,,,,,,,,
stop_intent,stop_unchanged,WMT,,103.37,,2026-08-05T03:46:19.663001+00:00,2026-08-05T03:47:13.567558+00:00,initial,8.0,0.576,,,,,,,,,,,,,,,,,,,,,,,,,,,,,,,,,,,,,,,,,,,,,,,,
entry_signal,block,XLF,risk_gate,,,2026-08-05T03:47:11.590936+00:00,2026-08-05T03:47:13.620774+00:00,,,,,,,,state_ext=stretched_up + state_slope=flat,,,,,1d,,,,,,insample,True,False,2026-08-03 04:00:00+00:00,57.380001068115234,"{'state_ext': 'stretched_up', 'state_slope': 'flat', 'state_vol': 'low_vol', 'state_volume': 'vol_normal', 'state_session': 'afternoon', 'state_dow': 'Mon', 'state_utc_session': 'utc_asia', 'state_weekpart': 'weekday', 'state_ret_1': 'ret_up', 'state_ret_3': 'ret_up', 'state_ret_5': 'ret_flat', 'state_ret_10': 'ret_up', 'state_ret_20': 'ret_flat', 'state_atr_ext': 'atr_up', 'state_vol_regime': 'vol_regime_mid', 'state_trend_strength': 'mod_trend', 'state_gap': 'gap_up', 'state_range_pos': 'range_mid', 'state_ret_day': 'ret_day_up', 'state_vol_day': 'vol_day_low', 'state_funding': 'funding_neutral', 'state_oi': 'oi_flat', 'state_cot': 'cot_neutral', 'state_vix': 'vix_low', 'state_breadth': 'breadth_strong', 'state_dxy': 'dxy_weak'}",,long,17.0,buy,975.460018157959,state_ext=stretched_up + state_slope=flat,5.0,2.0,XLF,gate_disabled,True,,,,conviction_with_vol_rail,1.0,1000.0,0.6529,17.0,459.0,14.0,"{'allowed': False, 'reasons': ['already have an open position in XLF'], 'details': {'symbol': 'XLF', 'qty': 17, 'price': 57.380001068115234, 'side': 'long', 'notional': 975.460018157959, 'open_position_count': 1, 'today_realized_pnl': 0.0, 'risk_group': 'state_ext=stretched_up + state_slope=flat', 'aggregate_risk': {'current_open_risk_dollars': 681.64, 'proposed_r_dollars': 22.2, 'projected_open_risk_dollars': 703.83, 'budget_dollars': 2001.47, 'max_aggregate_open_risk_pct': 0.02}, 'gross_notional': {'current_open_notional': 0.0, 'proposed_notional': 975.46, 'projected_open_notional': 975.46, 'budget_notional': 100073.55, 'target_leverage_multiple': 1.0}, 'margin_cushion': {'reason': 'margin cushion check inactive (missing buying_power/equity/multiple/cushion)'}, 'reconciliation_health': {'ok': True, 'total_order_ids': 73, 'resolved_order_ids': 73, 'unresolved_order_ids': [], 'errors': [], 'reason': 'ok'}}}",already have an open position in XLF,,,,
entry_signal,skip,XLK,no_state_data,,,2026-08-05T03:47:13.278055+00:00,2026-08-05T03:47:13.673727+00:00,,,,,,,no_state_data,cross_USO_state_vol=mid_vol + state_ext=stretched_down,,,,,1h,,,,,,insample,False,False,,,,,,,,,,,,,,,,,,,,,,,,,,,,,,
state_unavailable,skip,XLK,no_completed_state,,,2026-08-05T03:47:13.284854+00:00,2026-08-05T03:47:13.727907+00:00,,,,,,,,cross_USO_state_vol=mid_vol + state_ext=stretched_down,,,,,1h,,,,,,insample,,,2026-08-03 19:30:00+00:00,178.08999633789062,{},,,,,,,,,,,,,,,,,,,,,,,,,,,
entry_signal,skip,SPY,no_state_data,,,2026-08-05T03:47:13.296731+00:00,2026-08-05T03:47:13.781505+00:00,,,,,,,no_state_data,state_session=afternoon + state_slope=downtrend,,,,,1h,,,,,,insample,False,False,,,,,,,,,,,,,,,,,,,,,,,,,,,,,,
state_unavailable,skip,SPY,no_completed_state,,,2026-08-05T03:47:13.303209+00:00,2026-08-05T03:47:13.834757+00:00,,,,,,,,state_session=afternoon + state_slope=downtrend,,,,,1h,,,,,,insample,,,2026-08-03 19:30:00+00:00,757.6699829101562,{},,,,,,,,,,,,,,,,,,,,,,,,,,,
