order_id,symbol,qty,side,order_type,stop_price,time_in_force,status,submitted_at,action,timestamp_utc,broker_status,filled_qty,filled_avg_price,filled_at,reconciled_at_utc,limit_price,slice_label,entry_bar_ts,timeframe,bin_mode,avg_entry_price,current_price,client_order_id,error,prior_order_id,exit_horizon,stop_atr_mult,reason
785ae8ed-039d-4824-8034-1a55f7ffc7e9,KLAC,10.0,sell,stop,178.83,gtc,canceled,2026-07-10 14:18:14.284011+00:00,protective_stop_submit,2026-07-10T14:18:14.302438+00:00,canceled,0.0,,,2026-07-15T14:18:18.928495+00:00,,,,,,,,,,,,,
e4f4fa56-3cb1-4931-9843-9f4657493166,HUM,2.0,buy,limit,,day,expired,2026-07-13 14:18:37.680690+00:00,entry,2026-07-13T14:18:37.690429+00:00,expired,0.0,,,2026-07-13T20:18:11.174996+00:00,400.18,cross_TLT_state_slope=flat + state_ext=stretched_up,2026-07-13 13:00:00+00:00,1h,insample,,,,,,,,
7dd232d5-b18b-417d-b08b-d1608462ffb7,MRVL,10.0,buy,limit,,day,filled,2026-07-13 14:18:37.780806+00:00,entry,2026-07-13T14:18:37.797252+00:00,filled,10.0,219.16,2026-07-13 14:18:38.854642+00:00,2026-07-14T13:18:15.750035+00:00,219.62,cross_TLT_state_slope=flat + state_slope=downtrend,2026-07-13 13:00:00+00:00,1h,insample,,,,,,,,
11ab9eea-bd93-4cbd-a097-5938dfa9cc2f,SCHW,21.0,buy,limit,,day,filled,2026-07-13 14:18:37.890759+00:00,entry,2026-07-13T14:18:37.906893+00:00,filled,21.0,102.39,2026-07-13 14:18:40.290599+00:00,2026-07-13T15:18:23.299955+00:00,103.12000274658205,cross_USO_state_slope=downtrend + state_slope=uptrend,2026-07-10 04:00:00+00:00,1d,insample,,,,,,,,
b50bc45f-625f-498e-bfb0-0cbb25bb9031,MRVL,10.0,sell,stop,211.25,gtc,canceled,2026-07-13 15:18:25.387153+00:00,protective_stop_submit,2026-07-13T15:18:25.410532+00:00,canceled,0.0,,,2026-07-13T17:18:21.626015+00:00,,,,,,,,,,,,,
f0d84ec7-cfe9-4066-bc00-beb6de8c0755,SCHW,21.0,sell,stop,97.5,gtc,canceled,2026-07-13 15:18:25.670086+00:00,protective_stop_submit,2026-07-13T15:18:25.698221+00:00,canceled,0.0,,,2026-07-14T14:18:20.383018+00:00,,,,,,,,,,,,,
b50bc45f-625f-498e-bfb0-0cbb25bb9031,,,,,,,canceled,,order_cancel,2026-07-13T16:18:30.895894+00:00,canceled,0.0,,,2026-07-13T17:18:21.626015+00:00,,,,,,,,,,,,,
15e9246e-7f6d-43b7-b57b-eacf00b87331,MRVL,10.0,close,,,,filled,2026-07-13 16:18:31.543383+00:00,exit,2026-07-13T16:18:31.547104+00:00,filled,10.0,220.22,2026-07-13 16:18:33.316897+00:00,2026-07-13T17:18:21.626015+00:00,,,,,,219.16,220.32,,,,,,
a4a8e510-153d-4319-94d6-836cff7355f2,AFRM,15.0,sell,limit,,day,expired,2026-07-13 19:18:24.907498+00:00,entry,2026-07-13T19:18:24.930201+00:00,expired,0.0,,,2026-07-13T20:18:11.174996+00:00,82.37,state_session=afternoon + state_ext=neutral + state_slope=flat,2026-07-13 18:00:00+00:00,1h,insample,,,,,,,,
b2a4042e-9e46-4cb2-ae46-87a245a5f492,AFRM,15.0,sell,limit,,day,filled,2026-07-13 21:18:30.308469+00:00,entry,2026-07-13T21:18:30.318284+00:00,filled,15.0,82.0,2026-07-14 13:31:38.686771+00:00,2026-07-14T14:18:20.383018+00:00,81.915,state_session=afternoon + state_ext=neutral + state_slope=flat,2026-07-13 19:00:00+00:00,1h,insample,,,,,,,,
f0d84ec7-cfe9-4066-bc00-beb6de8c0755,,,,,,,canceled,,order_cancel,2026-07-14T13:18:29.725104+00:00,canceled,0.0,,,2026-07-14T14:18:20.383018+00:00,,,,,,,,,,,,,
90a1163d-a44a-417b-9d65-a8e5848add05,SCHW,21.0,close,,,,filled,2026-07-14 13:18:30.878206+00:00,exit,2026-07-14T13:18:30.891053+00:00,filled,21.0,101.337619,2026-07-14 13:33:23.235110+00:00,2026-07-14T14:18:20.383018+00:00,,,,,,102.39,102.3,,,,,,
d89630f3-0aca-43ec-b245-9a0a422c437f,AFRM,15.0,buy,stop,83.9,gtc,filled,2026-07-14 14:18:21.798046+00:00,protective_stop_submit,2026-07-14T14:18:21.809834+00:00,filled,15.0,84.0,2026-07-14 14:31:58.001032+00:00,2026-07-15T13:18:28.550062+00:00,,,,,,,,,,,,,
d89630f3-0aca-43ec-b245-9a0a422c437f,AFRM,15.0,close,,,,filled,2026-07-14 14:31:58.001031+00:00,exit,2026-07-14T15:18:13.934329+00:00,filled,15.0,84.0,2026-07-14 14:31:58.001032+00:00,2026-07-15T13:18:28.550062+00:00,,,,,,82.0,84.0,,,,,,
785ae8ed-039d-4824-8034-1a55f7ffc7e9,,,,,,,canceled,,order_cancel,2026-07-15T13:18:37.203974+00:00,canceled,0.0,,,2026-07-15T14:18:18.928495+00:00,,,,,,,,,,,,,
cd5ec04c-c9a3-4e1e-8af6-164e91fe33b3,KLAC,10.0,close,,,,filled,2026-07-15 13:18:38.328480+00:00,exit,2026-07-15T13:18:38.360070+00:00,filled,10.0,233.148,2026-07-15 13:32:34.557965+00:00,2026-07-16T13:18:27.792773+00:00,,,,,,225.18,232.49,,,,,,
f86e3270-becf-49d5-9495-6db1fb49d891,KLAC,9.0,buy,limit,,day,filled,2026-07-15 16:18:31.229933+00:00,entry,2026-07-15T16:18:31.245546+00:00,filled,9.0,217.15,2026-07-15 16:18:31.509180+00:00,2026-07-16T13:18:27.792773+00:00,230.3699951171875,state_ext=stretched_down + state_slope=downtrend,2026-07-14 04:00:00+00:00,1d,rolling,,,,,,,,
63cf7840-4e16-421e-98a2-24c67ddb6e3b,KLAC,9.0,sell,stop,174.82,gtc,canceled,2026-07-15 17:18:36.565678+00:00,protective_stop_submit,2026-07-15T17:18:36.594269+00:00,canceled,0.0,,,2026-07-22T13:19:25.208295+00:00,,,,,,,,,,,,,
8049490a-3589-4aec-b65b-35bebc85dd91,AFRM,15.0,sell,limit,,day,filled,2026-07-15 19:18:50.963821+00:00,entry,2026-07-15T19:18:50.999091+00:00,filled,15.0,81.386,2026-07-15 19:27:27.944218+00:00,2026-07-16T13:18:27.792773+00:00,81.375,state_session=afternoon + state_ext=neutral + state_slope=flat,2026-07-15 18:00:00+00:00,1h,rolling,,,,,,,,
756a704c-fca8-4566-a59c-ca9c02aedc9b,AFRM,15.0,buy,stop,84.34,gtc,canceled,2026-07-15 20:18:34.979172+00:00,protective_stop_submit,2026-07-15T20:18:35.021328+00:00,canceled,0.0,,,2026-07-16T14:18:24.628485+00:00,,,,,,,,,,,,,
756a704c-fca8-4566-a59c-ca9c02aedc9b,,,,,,,canceled,,order_cancel,2026-07-16T13:18:46.237367+00:00,canceled,0.0,,,2026-07-16T14:18:24.628485+00:00,,,,,,,,,,,,,
98b845bc-662a-4346-a245-0c56cd376825,AFRM,-15.0,close,,,,filled,2026-07-16 13:18:46.654345+00:00,exit,2026-07-16T13:18:46.698525+00:00,filled,15.0,81.268,2026-07-16 13:33:59.137929+00:00,2026-07-16T14:18:24.628485+00:00,,,,,,81.386,81.31,,,,,,
fdd19d13-870b-48f2-987f-1ff4d3114573,ETN,2.0,buy,limit,,day,filled,2026-07-16 15:18:34.179163+00:00,entry,2026-07-16T15:18:34.209120+00:00,filled,2.0,397.88,2026-07-16 15:18:34.505114+00:00,2026-07-16T16:18:14.265389+00:00,398.12,cross_TLT_state_slope=flat + state_slope=downtrend,2026-07-16 14:00:00+00:00,1h,rolling,,,,,,,,
a559b969-4fc0-415d-9361-1170a7f86efd,,,,,,,canceled,,order_cancel,2026-07-16T19:18:43.212067+00:00,canceled,0.0,,,2026-07-16T20:18:25.096871+00:00,,,,,,,,,,,,,
2f1dbb42-3717-4676-8a66-533ed9b1b99a,ETN,2.0,close,,,,filled,2026-07-16 19:18:43.956928+00:00,exit,2026-07-16T19:18:43.971652+00:00,filled,2.0,396.97,2026-07-16 19:18:45.195843+00:00,2026-07-16T20:18:25.096871+00:00,,,,,,397.88,397.35,,,,,,
7c41e599-b2c4-4c86-b48f-82eda0a8efdf,ETN,2.0,buy,limit,,day,filled,2026-07-16 20:19:01.552070+00:00,entry,2026-07-16T20:19:01.595260+00:00,filled,2.0,385.14,2026-07-17 13:32:34.405494+00:00,2026-07-20T13:18:17.450652+00:00,396.3,cross_TLT_state_slope=flat + state_slope=downtrend,2026-07-16 19:00:00+00:00,1h,rolling,,,,,,,,
827384ac-e649-49ac-8de3-4236d32b4a7a,AMC,514.0,sell,limit,,day,expired,2026-07-17 13:18:52.449980+00:00,entry,2026-07-17T13:18:52.457801+00:00,expired,0.0,,,2026-07-17T20:18:07.255675+00:00,2.05,cross_TLT_state_slope=flat + state_slope=flat,2026-07-16 19:00:00+00:00,1h,rolling,,,,,,,,
b242a70a-74ba-49e3-9f5f-36d86008e627,AMC,480.0,sell,limit,,day,filled,2026-07-20 14:19:00.534992+00:00,entry,2026-07-20T14:19:00.605878+00:00,filled,480.0,2.19,2026-07-20 14:30:32.767576+00:00,2026-07-20T15:18:26.627055+00:00,2.195,cross_TLT_state_slope=flat + state_slope=flat,2026-07-20 13:00:00+00:00,1h,rolling,,,price-eq-AMC-1h-sell-166a1339,,,,,
4ef4d8e2-4757-4b35-a642-81c105fcd516,HUM,2.0,buy,limit,,day,filled,2026-07-20 14:19:00.819642+00:00,entry,2026-07-20T14:19:00.856877+00:00,filled,2.0,402.97,2026-07-20 14:19:02.947419+00:00,2026-07-20T15:18:26.627055+00:00,405.16,cross_TLT_state_slope=flat + state_ext=stretched_up,2026-07-20 13:00:00+00:00,1h,rolling,,,price-eq-HUM-1h-buy-2a3c7036,,,,,
dc3b853a-226a-4ae7-9353-07c91aa4b976,,,,,,,canceled,,order_cancel,2026-07-20T15:19:05.173361+00:00,canceled,0.0,,,2026-07-20T16:18:10.288274+00:00,,,,,,,,,,,,,
f0551c73-ac3c-42a0-960c-fba1092254a9,HUM,2.0,close,,,,filled,2026-07-20 15:19:06.312190+00:00,exit,2026-07-20T15:19:06.348857+00:00,filled,2.0,398.48,2026-07-20 15:19:08.013092+00:00,2026-07-20T16:18:10.288274+00:00,,,,,,402.97,398.77,,,,,,
c10d26b2-5c32-4f02-b617-8a6547b28aa4,AMT,5.0,buy,limit,,day,filled,2026-07-20 21:22:07.274346+00:00,entry,2026-07-20T21:22:07.325478+00:00,filled,5.0,166.224,2026-07-21 13:33:10.252948+00:00,2026-07-21T14:18:52.263614+00:00,167.025,cross_USO_state_slope=uptrend + state_slope=downtrend,2026-07-20 19:00:00+00:00,1h,rolling,,,price-eq-AMT-1h-buy-34fb12c7,,,,,
10fd5bb9-b01a-4f71-9344-93366964c4d6,AMAT,3.0,buy,limit,,day,expired,2026-07-21 13:21:35.573032+00:00,entry,2026-07-21T13:21:35.619731+00:00,expired,0.0,,,2026-07-21T20:18:51.071904+00:00,525.7000122070312,cross_USO_state_vol=high_vol + state_ext=stretched_down,2026-07-20 04:00:00+00:00,1d,rolling,,,price-eq-AMAT-1d-buy-c584d937,,,,,
,LCID,276.0,sell,limit,,,rejected,,entry,2026-07-21T13:21:35.916749+00:00,,,,,,7.110000133514404,cross_TLT_state_slope=downtrend + state_ext=stretched_up,2026-07-20 04:00:00+00:00,1d,rolling,,,price-eq-LCID-1d-sell-ef4be338,"{""code"":42210000,""message"":""asset \""LCID\"" cannot be sold short""}",,,,
f7c88563-bb72-45ab-9789-855d8d9cec14,SBUX,10.0,buy,limit,,day,filled,2026-07-21 13:21:36.122215+00:00,entry,2026-07-21T13:21:36.159956+00:00,filled,10.0,104.745,2026-07-21 13:35:44.898442+00:00,2026-07-22T13:19:25.208295+00:00,104.80999755859376,cross_USO_state_vol=high_vol + state_ext=neutral,2026-07-20 04:00:00+00:00,1d,rolling,,,price-eq-SBUX-1d-buy-6b24409d,,,,,
9ee9c619-617f-4654-944e-1f5c737c97e6,XBI,15.0,buy,limit,,day,filled,2026-07-21 13:21:36.366954+00:00,entry,2026-07-21T13:21:36.403484+00:00,filled,15.0,150.94,2026-07-21 13:34:16.224780+00:00,2026-07-21T14:18:52.263614+00:00,150.94000244140625,cross_USO_state_vol=high_vol + state_ext=stretched_down,2026-07-20 04:00:00+00:00,1d,rolling,,,price-eq-XBI-1d-buy-7e2877fd,,,,,
764c6f4b-d43b-47bc-9114-d741fd4fd8ca,AVGO,2.0,buy,limit,,day,expired,2026-07-21 14:21:39.362904+00:00,entry,2026-07-21T14:21:39.460264+00:00,expired,0.0,,,2026-07-21T20:18:51.071904+00:00,381.25,cross_USO_state_slope=uptrend + cross_TLT_state_slope=downtrend + state_ext=stretched_up,2026-07-21 13:00:00+00:00,1h,rolling,,,price-eq-AVGO-1h-buy-3e9616b4,,,,,
e7dcd695-af18-4c5e-b2ce-f7faa2a8b7d2,BITO,101.0,sell,limit,,day,filled,2026-07-21 14:21:39.707407+00:00,entry,2026-07-21T14:21:39.735341+00:00,filled,101.0,9.06,2026-07-21 14:21:40.708913+00:00,2026-07-21T15:19:23.918309+00:00,9.05,cross_USO_state_slope=uptrend + state_ext=stretched_up,2026-07-21 13:00:00+00:00,1h,rolling,,,price-eq-BITO-1h-sell-3f9bd12c,,,,,
156d4d09-3cc7-4ed4-a521-e27f1cc0a6a6,GOLD,23.0,buy,limit,,day,filled,2026-07-21 14:21:39.955616+00:00,entry,2026-07-21T14:21:39.966350+00:00,filled,23.0,38.78,2026-07-21 14:23:09.965601+00:00,2026-07-22T13:19:25.208295+00:00,38.8,state_ext=stretched_up + state_vol=mid_vol,2026-07-21 13:00:00+00:00,1h,rolling,,,price-eq-GOLD-1h-buy-f9a56bb1,,,,,
e64b2304-9928-4603-8625-dde2046c4299,HUM,2.0,buy,limit,,day,filled,2026-07-21 14:21:40.047982+00:00,entry,2026-07-21T14:21:40.299088+00:00,filled,2.0,404.5,2026-07-21 14:21:40.916525+00:00,2026-07-21T15:19:23.918309+00:00,404.73,state_volume=vol_quiet + state_ext=stretched_up,2026-07-21 13:00:00+00:00,1h,rolling,,,price-eq-HUM-1h-buy-4e476e0a,,,,,
,LCID,276.0,sell,limit,,,rejected,,entry,2026-07-21T14:21:40.398640+00:00,,,,,,7.110000133514404,cross_TLT_state_slope=downtrend + state_ext=stretched_up,2026-07-20 04:00:00+00:00,1d,rolling,,,price-eq-LCID-1d-sell-ef4be338,"{""code"":42210000,""message"":""asset \""LCID\"" cannot be sold short""}",,,,
,XBI,15.0,buy,limit,,,rejected,,entry,2026-07-21T14:21:40.497779+00:00,,,,,,150.94000244140625,cross_USO_state_vol=high_vol + state_ext=stretched_down,2026-07-20 04:00:00+00:00,1d,rolling,,,price-eq-XBI-1d-buy-7e2877fd,"{""code"":40010001,""message"":""client_order_id must be unique""}",,,,
81ca8e8a-3628-4b45-9192-5349f0cf0e59,,,,,,,canceled,,order_cancel,2026-07-21T15:21:58.164674+00:00,canceled,0.0,,,2026-07-21T16:19:27.852870+00:00,,,,,,,,,,,,,
46b05e9b-8d3c-4c5d-bb25-9cd0f01af8c2,HUM,2.0,close,,,,filled,2026-07-21 15:21:58.592385+00:00,exit,2026-07-21T15:21:58.674835+00:00,filled,2.0,404.85,2026-07-21 15:22:00.276493+00:00,2026-07-22T13:19:25.208295+00:00,,,,,,404.5,405.32,,,,,,
,ARKG,23.0,sell,limit,,,rejected,,entry,2026-07-21T15:21:59.015060+00:00,,,,,,39.21,state_volume=vol_quiet + state_ext=neutral,2026-07-21 14:00:00+00:00,1h,rolling,,,price-eq-ARKG-1h-sell-21bfcf68,"{""code"":42210000,""message"":""asset \""ARKG\"" cannot be sold short""}",,,,
,LCID,276.0,sell,limit,,,rejected,,entry,2026-07-21T15:21:59.352846+00:00,,,,,,7.110000133514404,cross_TLT_state_slope=downtrend + state_ext=stretched_up,2026-07-20 04:00:00+00:00,1d,rolling,,,price-eq-LCID-1d-sell-ef4be338,"{""code"":42210000,""message"":""asset \""LCID\"" cannot be sold short""}",,,,
,XBI,15.0,buy,limit,,,rejected,,entry,2026-07-21T15:21:59.626794+00:00,,,,,,150.94000244140625,cross_USO_state_vol=high_vol + state_ext=stretched_down,2026-07-20 04:00:00+00:00,1d,rolling,,,price-eq-XBI-1d-buy-7e2877fd,"{""code"":40010001,""message"":""client_order_id must be unique""}",,,,
,ARKG,23.0,sell,limit,,,rejected,,entry,2026-07-21T16:21:33.627718+00:00,,,,,,39.23,state_volume=vol_quiet + state_ext=neutral,2026-07-21 15:00:00+00:00,1h,rolling,,,price-eq-ARKG-1h-sell-0102b89a,"{""code"":42210000,""message"":""asset \""ARKG\"" cannot be sold short""}",,,,
f5da3643-a9ca-4cd8-a7d0-e5ae810c9ae9,BITO,101.0,sell,limit,,day,expired,2026-07-21 16:21:33.955821+00:00,entry,2026-07-21T16:21:34.135283+00:00,expired,0.0,,,2026-07-21T20:18:51.071904+00:00,9.04,cross_USO_state_slope=uptrend + state_ext=stretched_up,2026-07-21 15:00:00+00:00,1h,rolling,,,price-eq-BITO-1h-sell-5ac1e5e9,,,,,
41fb601c-d771-4ee5-8301-2a660ce36a6d,GOLD,23.0,buy,limit,,day,expired,2026-07-21 16:21:34.321525+00:00,entry,2026-07-21T16:21:34.373378+00:00,expired,0.0,,,2026-07-21T20:18:51.071904+00:00,39.235,state_ext=stretched_up + state_vol=mid_vol,2026-07-21 15:00:00+00:00,1h,rolling,,,price-eq-GOLD-1h-buy-03960fe9,,,,,
89ccea52-b2c8-4891-a92b-7e405e835c17,HUM,2.0,buy,limit,,day,filled,2026-07-21 16:21:34.576458+00:00,entry,2026-07-21T16:21:34.731795+00:00,filled,2.0,405.84,2026-07-21 18:46:52.605841+00:00,2026-07-21T19:19:00.456148+00:00,406.05,state_volume=vol_quiet + state_ext=stretched_up,2026-07-21 15:00:00+00:00,1h,rolling,,,price-eq-HUM-1h-buy-d1d6dd4e,,,,,
,LCID,276.0,sell,limit,,,rejected,,entry,2026-07-21T16:21:34.953423+00:00,,,,,,7.110000133514404,cross_TLT_state_slope=downtrend + state_ext=stretched_up,2026-07-20 04:00:00+00:00,1d,rolling,,,price-eq-LCID-1d-sell-ef4be338,"{""code"":42210000,""message"":""asset \""LCID\"" cannot be sold short""}",,,,
,XBI,15.0,buy,limit,,,rejected,,entry,2026-07-21T16:21:35.164906+00:00,,,,,,150.94000244140625,cross_USO_state_vol=high_vol + state_ext=stretched_down,2026-07-20 04:00:00+00:00,1d,rolling,,,price-eq-XBI-1d-buy-7e2877fd,"{""code"":40010001,""message"":""client_order_id must be unique""}",,,,
3eb7e7fc-eef5-4ce0-8a57-878ac2f2b0a6,,,,,,,canceled,,order_cancel,2026-07-21T17:21:50.410979+00:00,canceled,0.0,,,2026-07-21T18:19:06.665714+00:00,,,,,,,,,,,,,
f9785788-ecca-4a12-b915-22910ac919de,AMT,5.0,close,,,,filled,2026-07-21 17:21:51.021301+00:00,exit,2026-07-21T17:21:51.028295+00:00,filled,5.0,163.74,2026-07-21 17:21:52.237635+00:00,2026-07-22T13:19:25.208295+00:00,,,,,,166.224,163.78,,,,,,
,ARKG,23.0,sell,limit,,,rejected,,entry,2026-07-21T17:21:51.191280+00:00,,,,,,39.29,state_volume=vol_quiet + state_ext=neutral,2026-07-21 16:00:00+00:00,1h,rolling,,,price-eq-ARKG-1h-sell-23f775be,"{""code"":42210000,""message"":""asset \""ARKG\"" cannot be sold short""}",,,,
,LCID,276.0,sell,limit,,,rejected,,entry,2026-07-21T17:21:51.353472+00:00,,,,,,7.110000133514404,cross_TLT_state_slope=downtrend + state_ext=stretched_up,2026-07-20 04:00:00+00:00,1d,rolling,,,price-eq-LCID-1d-sell-ef4be338,"{""code"":42210000,""message"":""asset \""LCID\"" cannot be sold short""}",,,,
,XBI,15.0,buy,limit,,,rejected,,entry,2026-07-21T17:21:51.425916+00:00,,,,,,150.94000244140625,cross_USO_state_vol=high_vol + state_ext=stretched_down,2026-07-20 04:00:00+00:00,1d,rolling,,,price-eq-XBI-1d-buy-7e2877fd,"{""code"":40010001,""message"":""client_order_id must be unique""}",,,,
98656a27-c06b-49f5-88ae-a4f13eaa985c,AMT,5.0,buy,limit,,day,filled,2026-07-21 18:22:00.627384+00:00,entry,2026-07-21T18:22:00.642805+00:00,filled,5.0,163.85,2026-07-21 18:22:03.902669+00:00,2026-07-22T13:19:25.208295+00:00,163.935,cross_USO_state_slope=uptrend + state_slope=downtrend,2026-07-21 17:00:00+00:00,1h,rolling,,,price-eq-AMT-1h-buy-5ffdcfc8,,,,,
,ARKG,23.0,sell,limit,,,rejected,,entry,2026-07-21T18:22:00.807743+00:00,,,,,,39.355,state_volume=vol_quiet + state_ext=neutral,2026-07-21 17:00:00+00:00,1h,rolling,,,price-eq-ARKG-1h-sell-430ace23,"{""code"":42210000,""message"":""asset \""ARKG\"" cannot be sold short""}",,,,
,LCID,276.0,sell,limit,,,rejected,,entry,2026-07-21T18:22:01.045866+00:00,,,,,,7.110000133514404,cross_TLT_state_slope=downtrend + state_ext=stretched_up,2026-07-20 04:00:00+00:00,1d,rolling,,,price-eq-LCID-1d-sell-ef4be338,"{""code"":42210000,""message"":""asset \""LCID\"" cannot be sold short""}",,,,
,XBI,15.0,buy,limit,,,rejected,,entry,2026-07-21T18:22:01.189741+00:00,,,,,,150.94000244140625,cross_USO_state_vol=high_vol + state_ext=stretched_down,2026-07-20 04:00:00+00:00,1d,rolling,,,price-eq-XBI-1d-buy-7e2877fd,"{""code"":40010001,""message"":""client_order_id must be unique""}",,,,
c98beaeb-3a03-4d66-a8c0-0de0a3db8bd7,HUM,2.0,sell,stop,399.84,gtc,canceled,2026-07-21 19:19:08.827602+00:00,protective_stop_submit,2026-07-21T19:19:08.844482+00:00,canceled,0.0,,,2026-07-21T20:18:51.071904+00:00,,,,,,,,,,,,,
c98beaeb-3a03-4d66-a8c0-0de0a3db8bd7,,,,,,,canceled,,order_cancel,2026-07-21T19:21:30.866946+00:00,canceled,0.0,,,2026-07-21T20:18:51.071904+00:00,,,,,,,,,,,,,
83bb75b6-f95b-4024-aa30-176519a235c7,HUM,2.0,close,,,,filled,2026-07-21 19:21:32.450134+00:00,exit,2026-07-21T19:21:32.490356+00:00,filled,2.0,405.56,2026-07-21 19:21:33.921632+00:00,2026-07-21T20:18:51.071904+00:00,,,,,,405.84,405.955,,,,,,
,ARKG,23.0,sell,limit,,,rejected,,entry,2026-07-21T19:21:32.744786+00:00,,,,,,39.305,state_volume=vol_quiet + state_ext=neutral,2026-07-21 18:00:00+00:00,1h,rolling,,,price-eq-ARKG-1h-sell-e206c5c2,"{""code"":42210000,""message"":""asset \""ARKG\"" cannot be sold short""}",,,,
b0289b37-4c89-4cf4-b09f-ccc31e458b30,CVS,8.0,buy,limit,,day,expired,2026-07-21 19:21:32.909941+00:00,entry,2026-07-21T19:21:32.967532+00:00,expired,0.0,,,2026-07-21T20:18:51.071904+00:00,109.57,cross_USO_state_slope=uptrend + state_ext=stretched_up,2026-07-21 18:00:00+00:00,1h,rolling,,,price-eq-CVS-1h-buy-b0a24225,,,,,
,LCID,276.0,sell,limit,,,rejected,,entry,2026-07-21T19:21:33.149485+00:00,,,,,,7.110000133514404,cross_TLT_state_slope=downtrend + state_ext=stretched_up,2026-07-20 04:00:00+00:00,1d,rolling,,,price-eq-LCID-1d-sell-ef4be338,"{""code"":42210000,""message"":""asset \""LCID\"" cannot be sold short""}",,,,
,XBI,15.0,buy,limit,,,rejected,,entry,2026-07-21T19:21:33.291818+00:00,,,,,,150.94000244140625,cross_USO_state_vol=high_vol + state_ext=stretched_down,2026-07-20 04:00:00+00:00,1d,rolling,,,price-eq-XBI-1d-buy-7e2877fd,"{""code"":40010001,""message"":""client_order_id must be unique""}",,,,
,AMAT,3.0,buy,limit,,,rejected,,entry,2026-07-21T20:21:26.905051+00:00,,,,,,525.7000122070312,cross_USO_state_vol=high_vol + state_ext=stretched_down,2026-07-20 04:00:00+00:00,1d,rolling,,,price-eq-AMAT-1d-buy-c584d937,"{""code"":40010001,""message"":""client_order_id must be unique""}",,,,
,ARKG,23.0,sell,limit,,,rejected,,entry,2026-07-21T20:21:26.987675+00:00,,,,,,39.59,state_volume=vol_quiet + state_ext=neutral,2026-07-21 19:00:00+00:00,1h,rolling,,,price-eq-ARKG-1h-sell-8080c32b,"{""code"":42210000,""message"":""asset \""ARKG\"" cannot be sold short""}",,,,
2860407a-0d38-42ba-9e65-5a36bcf0d51a,AVGO,2.0,buy,limit,,day,filled,2026-07-21 20:21:27.048370+00:00,entry,2026-07-21T20:21:27.076819+00:00,filled,2.0,381.985,2026-07-22 13:32:44.479148+00:00,2026-07-22T14:19:05.253797+00:00,386.28,cross_USO_state_slope=uptrend + cross_TLT_state_slope=downtrend + state_ext=stretched_up,2026-07-21 19:00:00+00:00,1h,rolling,,,price-eq-AVGO-1h-buy-eda0425f,,,,,
69f35a7c-7e90-40b9-b962-76929cffe1ef,BITO,102.0,sell,limit,,day,rejected,2026-07-21 20:21:27.248973+00:00,entry,2026-07-21T20:21:27.257533+00:00,rejected,0.0,,,2026-07-22T13:19:25.208295+00:00,9.005,cross_USO_state_slope=uptrend + state_ext=stretched_up,2026-07-21 19:00:00+00:00,1h,rolling,,,price-eq-BITO-1h-sell-36b48ab7,,,,,
ca3c7ec7-5a58-413b-a0a6-f86360efa638,GOLD,23.0,buy,limit,,day,filled,2026-07-21 20:21:27.340739+00:00,entry,2026-07-21T20:21:27.381241+00:00,filled,23.0,39.860435,2026-07-22 18:41:04.182164+00:00,2026-07-23T13:18:47.492345+00:00,39.91,state_ext=stretched_up + state_vol=mid_vol,2026-07-21 19:00:00+00:00,1h,rolling,,,price-eq-GOLD-1h-buy-195b3a50,,,,,
,LCID,276.0,sell,limit,,,rejected,,entry,2026-07-21T20:21:27.472085+00:00,,,,,,7.110000133514404,cross_TLT_state_slope=downtrend + state_ext=stretched_up,2026-07-20 04:00:00+00:00,1d,rolling,,,price-eq-LCID-1d-sell-ef4be338,"{""code"":42210000,""message"":""asset \""LCID\"" cannot be sold short""}",,,,
,XBI,15.0,buy,limit,,,rejected,,entry,2026-07-21T20:21:27.548612+00:00,,,,,,150.94000244140625,cross_USO_state_vol=high_vol + state_ext=stretched_down,2026-07-20 04:00:00+00:00,1d,rolling,,,price-eq-XBI-1d-buy-7e2877fd,"{""code"":40010001,""message"":""client_order_id must be unique""}",,,,
,AMAT,3.0,buy,limit,,,rejected,,entry,2026-07-21T21:22:06.278593+00:00,,,,,,525.7000122070312,cross_USO_state_vol=high_vol + state_ext=stretched_down,2026-07-20 04:00:00+00:00,1d,rolling,,,price-eq-AMAT-1d-buy-c584d937,"{""code"":40010001,""message"":""client_order_id must be unique""}",,,,
,ARKG,23.0,sell,limit,,,rejected,,entry,2026-07-21T21:22:06.441423+00:00,,,,,,39.59,state_volume=vol_quiet + state_ext=neutral,2026-07-21 19:00:00+00:00,1h,rolling,,,price-eq-ARKG-1h-sell-8080c32b,"{""code"":42210000,""message"":""asset \""ARKG\"" cannot be sold short""}",,,,
553bc511-d071-4512-a00d-48a49c09da38,CVS,8.0,buy,limit,,day,filled,2026-07-21 21:22:06.616927+00:00,entry,2026-07-21T21:22:06.640653+00:00,filled,8.0,109.94,2026-07-22 13:31:14.790647+00:00,2026-07-23T13:18:47.492345+00:00,110.575,cross_USO_state_slope=uptrend + state_ext=stretched_up,2026-07-21 19:00:00+00:00,1h,rolling,,,price-eq-CVS-1h-buy-3a88d47c,,,,,
,LCID,276.0,sell,limit,,,rejected,,entry,2026-07-21T21:22:06.879199+00:00,,,,,,7.110000133514404,cross_TLT_state_slope=downtrend + state_ext=stretched_up,2026-07-20 04:00:00+00:00,1d,rolling,,,price-eq-LCID-1d-sell-ef4be338,"{""code"":42210000,""message"":""asset \""LCID\"" cannot be sold short""}",,,,
,XBI,15.0,buy,limit,,,rejected,,entry,2026-07-21T21:22:07.063864+00:00,,,,,,150.94000244140625,cross_USO_state_vol=high_vol + state_ext=stretched_down,2026-07-20 04:00:00+00:00,1d,rolling,,,price-eq-XBI-1d-buy-7e2877fd,"{""code"":40010001,""message"":""client_order_id must be unique""}",,,,
7852991c-47be-470f-b337-0b90e6a0de16,,,,,,,canceled,,order_cancel,2026-07-22T13:22:12.492969+00:00,canceled,0.0,,,2026-07-22T14:19:05.253797+00:00,,,,,,,,,,,,,
b99ee858-6d9a-402e-af91-65eb5d948f0c,KLAC,9.0,close,,,,filled,2026-07-22 13:22:13.646294+00:00,exit,2026-07-22T13:22:13.683576+00:00,filled,9.0,213.473333,2026-07-22 13:33:27.989436+00:00,2026-07-23T13:18:47.492345+00:00,,,,,,217.15,209.37,,,,,,
f4df5a53-e5be-4618-8af3-93b087231b3f,AMAT,3.0,buy,limit,,day,filled,2026-07-22 13:22:13.967422+00:00,entry,2026-07-22T13:22:14.005862+00:00,filled,3.0,550.613333,2026-07-22 13:32:27.403807+00:00,2026-07-22T14:19:05.253797+00:00,564.5499877929688,cross_USO_state_vol=high_vol + state_ext=stretched_down,2026-07-21 04:00:00+00:00,1d,rolling,,,price-eq-AMAT-1d-buy-51dd3c3d,,,,,
9e043450-e86f-42b4-ad58-28fe4c5628e0,CBOE,5.0,buy,limit,,day,expired,2026-07-22 13:22:14.251135+00:00,entry,2026-07-22T13:22:14.290519+00:00,expired,0.0,,,2026-07-22T20:19:13.356287+00:00,274.005,cross_TLT_state_slope=downtrend + state_slope=downtrend,2026-07-21 19:00:00+00:00,1h,rolling,,,price-eq-CBOE-1h-buy-90771144,,,,,
b8473b34-965d-4e25-8adc-9ed76e300d30,JPM,3.0,buy,limit,,day,filled,2026-07-22 13:22:14.559113+00:00,entry,2026-07-22T13:22:14.598585+00:00,filled,3.0,345.07,2026-07-22 13:34:04.634804+00:00,2026-07-22T14:19:05.253797+00:00,345.2300109863281,cross_TLT_state_slope=downtrend + state_ext=stretched_up,2026-07-21 04:00:00+00:00,1d,rolling,,,price-eq-JPM-1d-buy-90eb8d3a,,,,,
,LCID,268.0,sell,limit,,,rejected,,entry,2026-07-22T13:22:14.892950+00:00,,,,,,7.320000171661377,cross_TLT_state_slope=downtrend + state_ext=stretched_up,2026-07-21 04:00:00+00:00,1d,rolling,,,price-eq-LCID-1d-sell-64d69236,"{""code"":42210000,""message"":""asset \""LCID\"" cannot be sold short""}",,,,
ce5318f5-4d64-43bb-a8dc-4307c05b340b,SPG,5.0,buy,limit,,day,filled,2026-07-22 13:22:15.138414+00:00,entry,2026-07-22T13:22:15.177789+00:00,filled,5.0,226.75,2026-07-22 13:46:22.448177+00:00,2026-07-23T13:18:47.492345+00:00,226.7899932861328,cross_USO_state_vol=high_vol + state_ext=neutral,2026-07-21 04:00:00+00:00,1d,rolling,,,price-eq-SPG-1d-buy-4d25eb33,,,,,
443514f6-693a-4fae-8428-4d11a9996437,SPG,5.0,sell,stop,217.8,gtc,canceled,2026-07-22 14:19:16.768574+00:00,protective_stop_submit,2026-07-22T14:19:16.794344+00:00,canceled,0.0,,,2026-07-22T15:19:00.608419+00:00,,,,,,,,,,,,,
,ARKG,23.0,sell,limit,,,rejected,,entry,2026-07-22T14:22:08.481124+00:00,,,,,,38.995,state_volume=vol_quiet + state_ext=neutral,2026-07-22 13:00:00+00:00,1h,rolling,,,price-eq-ARKG-1h-sell-ef3ceddb,"{""code"":42210000,""message"":""asset \""ARKG\"" cannot be sold short""}",,,,
209828c6-df29-42c6-aec8-14be8b8b543b,KLAC,8.0,buy,limit,,day,filled,2026-07-22 14:22:08.690527+00:00,entry,2026-07-22T14:22:08.732220+00:00,filled,8.0,217.15,2026-07-22 14:22:10.612316+00:00,2026-07-23T13:18:47.492345+00:00,217.5599975585937,state_ext=stretched_down + state_slope=downtrend,2026-07-21 04:00:00+00:00,1d,rolling,,,price-eq-KLAC-1d-buy-a9636665,,,,,
,LCID,268.0,sell,limit,,,rejected,,entry,2026-07-22T14:22:08.905007+00:00,,,,,,7.320000171661377,cross_TLT_state_slope=downtrend + state_ext=stretched_up,2026-07-21 04:00:00+00:00,1d,rolling,,,price-eq-LCID-1d-sell-64d69236,"{""code"":42210000,""message"":""asset \""LCID\"" cannot be sold short""}",,,,
,,,,,174.82,,rejected,,protective_stop_replace,2026-07-22T15:19:07.648620+00:00,,,,,,,,,,,,,,"{""code"":42210000,""message"":""order is not open""}",63cf7840-4e16-421e-98a2-24c67ddb6e3b,,,
aa257db4-2c1c-45e6-a189-c0c7db967642,,,,,,,canceled,,order_cancel,2026-07-22T15:22:06.309164+00:00,canceled,0.0,,,2026-07-22T16:18:55.675159+00:00,,,,,,,,,,,,,
8559da27-8188-4326-9be8-1d688f0004d7,AMT,5.0,close,,,,filled,2026-07-22 15:22:06.957269+00:00,exit,2026-07-22T15:22:06.962172+00:00,filled,5.0,165.75,2026-07-22 15:22:07.411147+00:00,2026-07-22T16:18:55.675159+00:00,,,,,,165.037,165.805,,,,,,
e5f3a7b7-11c6-41ba-a115-456f6983528b,,,,,,,canceled,,order_cancel,2026-07-22T15:22:07.158209+00:00,canceled,0.0,,,2026-07-22T16:18:55.675159+00:00,,,,,,,,,,,,,
68ff07c4-07b3-480f-b015-59666aae71a4,CVS,8.0,close,,,,filled,2026-07-22 15:22:07.812180+00:00,exit,2026-07-22T15:22:07.818297+00:00,filled,8.0,109.32,2026-07-22 15:22:09.900762+00:00,2026-07-22T16:18:55.675159+00:00,,,,,,109.94,109.3389,,,,,,
,ARKG,23.0,sell,limit,,,rejected,,entry,2026-07-22T15:22:08.083577+00:00,,,,,,38.81,state_volume=vol_quiet + state_ext=neutral,2026-07-22 14:00:00+00:00,1h,rolling,,,price-eq-ARKG-1h-sell-927e89a5,"{""code"":42210000,""message"":""asset \""ARKG\"" cannot be sold short""}",,,,
92d2a6bc-dad2-4440-8193-47de7f3ec893,AVGO,2.0,buy,limit,,day,expired,2026-07-22 15:22:08.521126+00:00,entry,2026-07-22T15:22:08.529212+00:00,expired,0.0,,,2026-07-22T20:19:13.356287+00:00,389.49,cross_USO_state_slope=uptrend + cross_TLT_state_slope=downtrend + state_ext=stretched_up,2026-07-22 14:00:00+00:00,1h,rolling,,,price-eq-AVGO-1h-buy-b74a6d8f,,,,,
,JPM,3.0,buy,limit,,,rejected,,entry,2026-07-22T15:22:08.609400+00:00,,,,,,345.2300109863281,cross_TLT_state_slope=downtrend + state_ext=stretched_up,2026-07-21 04:00:00+00:00,1d,rolling,,,price-eq-JPM-1d-buy-90eb8d3a,"{""code"":40010001,""message"":""client_order_id must be unique""}",,,,
b82dacd6-e858-4aaa-9c72-da92f43baf53,JPM,2.0,buy,limit,,day,expired,2026-07-22 15:22:08.684936+00:00,entry,2026-07-22T15:22:08.695109+00:00,expired,0.0,,,2026-07-22T20:19:13.356287+00:00,345.2300109863281,cross_USO_state_vol=high_vol + state_ext=stretched_up,2026-07-21 04:00:00+00:00,1d,rolling,,,price-eq-JPM-1d-buy-dd08ccaf,,,,,
,LCID,268.0,sell,limit,,,rejected,,entry,2026-07-22T15:22:08.813282+00:00,,,,,,7.320000171661377,cross_TLT_state_slope=downtrend + state_ext=stretched_up,2026-07-21 04:00:00+00:00,1d,rolling,,,price-eq-LCID-1d-sell-64d69236,"{""code"":42210000,""message"":""asset \""LCID\"" cannot be sold short""}",,,,
,SPG,5.0,buy,limit,,,rejected,,entry,2026-07-22T15:22:08.917420+00:00,,,,,,226.7899932861328,cross_USO_state_vol=high_vol + state_ext=neutral,2026-07-21 04:00:00+00:00,1d,rolling,,,price-eq-SPG-1d-buy-4d25eb33,"{""code"":40010001,""message"":""client_order_id must be unique""}",,,,
,,,,,174.82,,rejected,,protective_stop_replace,2026-07-22T16:18:59.847075+00:00,,,,,,,,,,,,,,"{""code"":42210000,""message"":""order is not open""}",63cf7840-4e16-421e-98a2-24c67ddb6e3b,,,
7046e391-3e81-41e9-9376-714c1dfbc8e5,AMT,5.0,buy,limit,,day,filled,2026-07-22 16:21:16.144130+00:00,entry,2026-07-22T16:21:16.152900+00:00,filled,5.0,165.53,2026-07-22 16:21:16.909425+00:00,2026-07-22T17:19:41.786829+00:00,165.83,cross_USO_state_slope=uptrend + state_slope=downtrend,2026-07-22 15:00:00+00:00,1h,rolling,,,price-eq-AMT-1h-buy-fc21d750,,,,,
,ARKG,23.0,sell,limit,,,rejected,,entry,2026-07-22T16:21:16.221663+00:00,,,,,,39.21,state_volume=vol_quiet + state_ext=neutral,2026-07-22 15:00:00+00:00,1h,rolling,,,price-eq-ARKG-1h-sell-e5c4c556,"{""code"":42210000,""message"":""asset \""ARKG\"" cannot be sold short""}",,,,
,LCID,268.0,sell,limit,,,rejected,,entry,2026-07-22T16:21:16.375051+00:00,,,,,,7.320000171661377,cross_TLT_state_slope=downtrend + state_ext=stretched_up,2026-07-21 04:00:00+00:00,1d,rolling,,,price-eq-LCID-1d-sell-64d69236,"{""code"":42210000,""message"":""asset \""LCID\"" cannot be sold short""}",,,,
,SPG,5.0,buy,limit,,,rejected,,entry,2026-07-22T16:21:16.461907+00:00,,,,,,226.7899932861328,cross_USO_state_vol=high_vol + state_ext=neutral,2026-07-21 04:00:00+00:00,1d,rolling,,,price-eq-SPG-1d-buy-4d25eb33,"{""code"":40010001,""message"":""client_order_id must be unique""}",,,,
,,,,,174.82,,rejected,,protective_stop_replace,2026-07-22T17:19:57.687972+00:00,,,,,,,,,,,,,,"{""code"":42210000,""message"":""order is not open""}",63cf7840-4e16-421e-98a2-24c67ddb6e3b,,,
,ARKG,23.0,sell,limit,,,rejected,,entry,2026-07-22T17:22:55.217588+00:00,,,,,,39.04,state_volume=vol_quiet + state_ext=neutral,2026-07-22 16:00:00+00:00,1h,rolling,,,price-eq-ARKG-1h-sell-3e0e0105,"{""code"":42210000,""message"":""asset \""ARKG\"" cannot be sold short""}",,,,
,LCID,268.0,sell,limit,,,rejected,,entry,2026-07-22T17:22:55.415463+00:00,,,,,,7.320000171661377,cross_TLT_state_slope=downtrend + state_ext=stretched_up,2026-07-21 04:00:00+00:00,1d,rolling,,,price-eq-LCID-1d-sell-64d69236,"{""code"":42210000,""message"":""asset \""LCID\"" cannot be sold short""}",,,,
,SPG,5.0,buy,limit,,,rejected,,entry,2026-07-22T17:22:55.516721+00:00,,,,,,226.7899932861328,cross_USO_state_vol=high_vol + state_ext=neutral,2026-07-21 04:00:00+00:00,1d,rolling,,,price-eq-SPG-1d-buy-4d25eb33,"{""code"":40010001,""message"":""client_order_id must be unique""}",,,,
,,,,,174.82,,rejected,,protective_stop_replace,2026-07-22T18:19:40.031124+00:00,,,,,,,,,,,,,,"{""code"":42210000,""message"":""order is not open""}",63cf7840-4e16-421e-98a2-24c67ddb6e3b,,,
,ARKG,23.0,sell,limit,,,rejected,,entry,2026-07-22T18:22:14.823471+00:00,,,,,,39.05,state_volume=vol_quiet + state_ext=neutral,2026-07-22 17:00:00+00:00,1h,rolling,,,price-eq-ARKG-1h-sell-2178b35d,"{""code"":42210000,""message"":""asset \""ARKG\"" cannot be sold short""}",,,,
,LCID,268.0,sell,limit,,,rejected,,entry,2026-07-22T18:22:15.163466+00:00,,,,,,7.320000171661377,cross_TLT_state_slope=downtrend + state_ext=stretched_up,2026-07-21 04:00:00+00:00,1d,rolling,,,price-eq-LCID-1d-sell-64d69236,"{""code"":42210000,""message"":""asset \""LCID\"" cannot be sold short""}",,,,
,SPG,5.0,buy,limit,,,rejected,,entry,2026-07-22T18:22:15.445029+00:00,,,,,,226.7899932861328,cross_USO_state_vol=high_vol + state_ext=neutral,2026-07-21 04:00:00+00:00,1d,rolling,,,price-eq-SPG-1d-buy-4d25eb33,"{""code"":40010001,""message"":""client_order_id must be unique""}",,,,
,,,,,174.82,,rejected,,protective_stop_replace,2026-07-22T19:19:45.578150+00:00,,,,,,,,,,,,,,"{""code"":42210000,""message"":""order is not open""}",63cf7840-4e16-421e-98a2-24c67ddb6e3b,,,
a606b9b7-9397-4414-a55f-eb61fb9c25f2,,,,,,,canceled,,order_cancel,2026-07-22T19:22:26.916121+00:00,canceled,0.0,,,2026-07-22T20:19:13.356287+00:00,,,,,,,,,,,,,
7310d014-4367-4be0-9fd3-e828723caf84,AMT,5.0,close,,,,filled,2026-07-22 19:22:27.999483+00:00,exit,2026-07-22T19:22:28.027465+00:00,filled,5.0,165.52,2026-07-22 19:22:30.565811+00:00,2026-07-22T20:19:13.356287+00:00,,,,,,165.53,165.5,,,,,,
3fbd0150-1a51-4058-97ba-676ad9dbee45,,,,,,,canceled,,order_cancel,2026-07-22T19:22:29.170480+00:00,canceled,0.0,,,2026-07-22T20:19:13.356287+00:00,,,,,,,,,,,,,
7a2a9448-229a-44b2-ad86-e20c8023008c,GOLD,23.0,close,,,,filled,2026-07-22 19:22:30.525531+00:00,exit,2026-07-22T19:22:30.566469+00:00,filled,23.0,39.477826,2026-07-22 19:22:33.238639+00:00,2026-07-23T13:18:47.492345+00:00,,,,,,39.860435,39.495,,,,,,
,ARKG,23.0,sell,limit,,,rejected,,entry,2026-07-22T19:22:30.969419+00:00,,,,,,39.03,state_volume=vol_quiet + state_ext=neutral,2026-07-22 18:00:00+00:00,1h,rolling,,,price-eq-ARKG-1h-sell-234e0b65,"{""code"":42210000,""message"":""asset \""ARKG\"" cannot be sold short""}",,,,
,LCID,268.0,sell,limit,,,rejected,,entry,2026-07-22T19:22:31.301863+00:00,,,,,,7.320000171661377,cross_TLT_state_slope=downtrend + state_ext=stretched_up,2026-07-21 04:00:00+00:00,1d,rolling,,,price-eq-LCID-1d-sell-64d69236,"{""code"":42210000,""message"":""asset \""LCID\"" cannot be sold short""}",,,,
,SPG,5.0,buy,limit,,,rejected,,entry,2026-07-22T19:22:31.999792+00:00,,,,,,226.7899932861328,cross_USO_state_vol=high_vol + state_ext=neutral,2026-07-21 04:00:00+00:00,1d,rolling,,,price-eq-SPG-1d-buy-4d25eb33,"{""code"":40010001,""message"":""client_order_id must be unique""}",,,,
,,,,,174.82,,rejected,,protective_stop_replace,2026-07-22T20:19:18.140583+00:00,,,,,,,,,,,,,,"{""code"":42210000,""message"":""order is not open""}",63cf7840-4e16-421e-98a2-24c67ddb6e3b,,,
,ARKG,23.0,sell,limit,,,rejected,,entry,2026-07-22T20:21:50.316781+00:00,,,,,,38.86,state_volume=vol_quiet + state_ext=neutral,2026-07-22 19:00:00+00:00,1h,rolling,,,price-eq-ARKG-1h-sell-79253c0b,"{""code"":42210000,""message"":""asset \""ARKG\"" cannot be sold short""}",,,,
ee691cd3-c984-4bcc-8882-512a8adf7f80,AVGO,2.0,buy,limit,,day,filled,2026-07-22 20:21:50.398720+00:00,entry,2026-07-22T20:21:50.395083+00:00,filled,2.0,391.67,2026-07-23 13:32:05.873614+00:00,2026-07-23T14:18:53.013466+00:00,396.88,cross_USO_state_slope=uptrend + cross_TLT_state_slope=downtrend + state_ext=stretched_up,2026-07-22 19:00:00+00:00,1h,rolling,,,price-eq-AVGO-1h-buy-55875165,,,,,
,JPM,3.0,buy,limit,,,rejected,,entry,2026-07-22T20:21:50.467270+00:00,,,,,,345.2300109863281,cross_TLT_state_slope=downtrend + state_ext=stretched_up,2026-07-21 04:00:00+00:00,1d,rolling,,,price-eq-JPM-1d-buy-90eb8d3a,"{""code"":40010001,""message"":""client_order_id must be unique""}",,,,
,JPM,2.0,buy,limit,,,rejected,,entry,2026-07-22T20:21:50.537256+00:00,,,,,,345.2300109863281,cross_USO_state_vol=high_vol + state_ext=stretched_up,2026-07-21 04:00:00+00:00,1d,rolling,,,price-eq-JPM-1d-buy-dd08ccaf,"{""code"":40010001,""message"":""client_order_id must be unique""}",,,,
,LCID,268.0,sell,limit,,,rejected,,entry,2026-07-22T20:21:50.637270+00:00,,,,,,7.320000171661377,cross_TLT_state_slope=downtrend + state_ext=stretched_up,2026-07-21 04:00:00+00:00,1d,rolling,,,price-eq-LCID-1d-sell-64d69236,"{""code"":42210000,""message"":""asset \""LCID\"" cannot be sold short""}",,,,
,SPG,5.0,buy,limit,,,rejected,,entry,2026-07-22T20:21:50.743835+00:00,,,,,,226.7899932861328,cross_USO_state_vol=high_vol + state_ext=neutral,2026-07-21 04:00:00+00:00,1d,rolling,,,price-eq-SPG-1d-buy-4d25eb33,"{""code"":40010001,""message"":""client_order_id must be unique""}",,,,
,,,,,174.82,,rejected,,protective_stop_replace,2026-07-22T21:19:00.556787+00:00,,,,,,,,,,,,,,"{""code"":42210000,""message"":""order is not open""}",63cf7840-4e16-421e-98a2-24c67ddb6e3b,,,
,ARKG,23.0,sell,limit,,,rejected,,entry,2026-07-22T21:21:28.554033+00:00,,,,,,38.86,state_volume=vol_quiet + state_ext=neutral,2026-07-22 19:00:00+00:00,1h,rolling,,,price-eq-ARKG-1h-sell-79253c0b,"{""code"":42210000,""message"":""asset \""ARKG\"" cannot be sold short""}",,,,
,JPM,3.0,buy,limit,,,rejected,,entry,2026-07-22T21:21:28.654015+00:00,,,,,,345.2300109863281,cross_TLT_state_slope=downtrend + state_ext=stretched_up,2026-07-21 04:00:00+00:00,1d,rolling,,,price-eq-JPM-1d-buy-90eb8d3a,"{""code"":40010001,""message"":""client_order_id must be unique""}",,,,
,JPM,2.0,buy,limit,,,rejected,,entry,2026-07-22T21:21:28.726795+00:00,,,,,,345.2300109863281,cross_USO_state_vol=high_vol + state_ext=stretched_up,2026-07-21 04:00:00+00:00,1d,rolling,,,price-eq-JPM-1d-buy-dd08ccaf,"{""code"":40010001,""message"":""client_order_id must be unique""}",,,,
,LCID,268.0,sell,limit,,,rejected,,entry,2026-07-22T21:21:28.825212+00:00,,,,,,7.320000171661377,cross_TLT_state_slope=downtrend + state_ext=stretched_up,2026-07-21 04:00:00+00:00,1d,rolling,,,price-eq-LCID-1d-sell-64d69236,"{""code"":42210000,""message"":""asset \""LCID\"" cannot be sold short""}",,,,
,SPG,5.0,buy,limit,,,rejected,,entry,2026-07-22T21:21:28.929374+00:00,,,,,,226.7899932861328,cross_USO_state_vol=high_vol + state_ext=neutral,2026-07-21 04:00:00+00:00,1d,rolling,,,price-eq-SPG-1d-buy-4d25eb33,"{""code"":40010001,""message"":""client_order_id must be unique""}",,,,
,,,,,174.82,,rejected,,protective_stop_replace,2026-07-23T13:18:57.762205+00:00,,,,,,,,,,,,,,"{""code"":40410000,""message"":""order not found""}",63cf7840-4e16-421e-98a2-24c67ddb6e3b,,,
c2ed5d6f-eb21-4587-8b44-dca2c2a8493e,CSX,34.0,buy,limit,,day,expired,2026-07-23 13:21:02.325163+00:00,entry,2026-07-23T13:21:02.347926+00:00,expired,0.0,,,2026-07-23T20:18:22.744164+00:00,49.93000030517578,cross_USO_state_vol=high_vol + state_ext=neutral,2026-07-22 04:00:00+00:00,1d,rolling,,,price-eq-CSX-1d-buy-783c38b9,,,,,
c516d527-e0d0-4c1f-8c3b-83c14219521a,JPM,3.0,buy,limit,,day,filled,2026-07-23 13:21:02.492173+00:00,entry,2026-07-23T13:21:02.507853+00:00,filled,3.0,348.046667,2026-07-23 13:32:38.018440+00:00,2026-07-24T14:18:57.275041+00:00,348.2099914550781,cross_TLT_state_slope=downtrend + state_ext=stretched_up,2026-07-22 04:00:00+00:00,1d,rolling,,,price-eq-JPM-1d-buy-c7a4200f,,,,,
,LCID,290.0,sell,limit,,,rejected,,entry,2026-07-23T13:21:02.784747+00:00,,,,,,6.78000020980835,cross_TLT_state_slope=downtrend + state_ext=stretched_up,2026-07-22 04:00:00+00:00,1d,rolling,,,price-eq-LCID-1d-sell-e8bc68a6,"{""code"":40310000,""message"":""account is not allowed to short""}",,,,
9f26f931-7f67-4ebc-8d58-5a2dfeb9274d,SPG,5.0,buy,limit,,day,filled,2026-07-23 13:21:03.017647+00:00,entry,2026-07-23T13:21:03.040954+00:00,filled,5.0,226.186,2026-07-23 13:36:12.897354+00:00,2026-07-24T14:18:57.275041+00:00,226.22000122070312,cross_USO_state_vol=high_vol + state_ext=neutral,2026-07-22 04:00:00+00:00,1d,rolling,,,price-eq-SPG-1d-buy-3f366ea5,,,,,
32afbe54-67d4-41f0-ad61-03a0738b1c60,XBI,15.0,buy,limit,,day,filled,2026-07-23 13:21:03.143184+00:00,entry,2026-07-23T13:21:03.161173+00:00,filled,15.0,149.76,2026-07-23 13:30:08.340657+00:00,2026-07-23T14:18:53.013466+00:00,152.11000061035156,cross_USO_state_vol=high_vol + state_ext=stretched_down,2026-07-22 04:00:00+00:00,1d,rolling,,,price-eq-XBI-1d-buy-6a5d8588,,,,,
,,,,,174.82,,rejected,,protective_stop_replace,2026-07-23T14:18:58.385584+00:00,,,,,,,,,,,,,,"{""code"":40410000,""message"":""order not found""}",63cf7840-4e16-421e-98a2-24c67ddb6e3b,,,
,LCID,290.0,sell,limit,,,rejected,,entry,2026-07-23T14:21:06.730441+00:00,,,,,,6.78000020980835,cross_TLT_state_slope=downtrend + state_ext=stretched_up,2026-07-22 04:00:00+00:00,1d,rolling,,,price-eq-LCID-1d-sell-e8bc68a6,"{""code"":40310000,""message"":""account is not allowed to short""}",,,,
,XBI,15.0,buy,limit,,,rejected,,entry,2026-07-23T14:21:06.859507+00:00,,,,,,152.11000061035156,cross_USO_state_vol=high_vol + state_ext=stretched_down,2026-07-22 04:00:00+00:00,1d,rolling,,,price-eq-XBI-1d-buy-6a5d8588,"{""code"":40010001,""message"":""client_order_id must be unique""}",,,,
,,,,,174.82,,rejected,,protective_stop_replace,2026-07-23T15:18:47.417883+00:00,,,,,,,,,,,,,,"{""code"":40410000,""message"":""order not found""}",63cf7840-4e16-421e-98a2-24c67ddb6e3b,,,
,LCID,290.0,sell,limit,,,rejected,,entry,2026-07-23T15:20:43.658967+00:00,,,,,,6.78000020980835,cross_TLT_state_slope=downtrend + state_ext=stretched_up,2026-07-22 04:00:00+00:00,1d,rolling,,,price-eq-LCID-1d-sell-e8bc68a6,"{""code"":40310000,""message"":""account is not allowed to short""}",,,,
,XBI,15.0,buy,limit,,,rejected,,entry,2026-07-23T15:20:44.276159+00:00,,,,,,152.11000061035156,cross_USO_state_vol=high_vol + state_ext=stretched_down,2026-07-22 04:00:00+00:00,1d,rolling,,,price-eq-XBI-1d-buy-6a5d8588,"{""code"":40010001,""message"":""client_order_id must be unique""}",,,,
,,,,,174.82,,rejected,,protective_stop_replace,2026-07-23T16:19:19.626780+00:00,,,,,,,,,,,,,,"{""code"":40410000,""message"":""order not found""}",63cf7840-4e16-421e-98a2-24c67ddb6e3b,,,
,LCID,290.0,sell,limit,,,rejected,,entry,2026-07-23T16:21:23.012544+00:00,,,,,,6.78000020980835,cross_TLT_state_slope=downtrend + state_ext=stretched_up,2026-07-22 04:00:00+00:00,1d,rolling,,,price-eq-LCID-1d-sell-e8bc68a6,"{""code"":40310000,""message"":""account is not allowed to short""}",,,,
,XBI,15.0,buy,limit,,,rejected,,entry,2026-07-23T16:21:23.358952+00:00,,,,,,152.11000061035156,cross_USO_state_vol=high_vol + state_ext=stretched_down,2026-07-22 04:00:00+00:00,1d,rolling,,,price-eq-XBI-1d-buy-6a5d8588,"{""code"":40010001,""message"":""client_order_id must be unique""}",,,,
,,,,,174.82,,rejected,,protective_stop_replace,2026-07-23T17:18:43.143436+00:00,,,,,,,,,,,,,,"{""code"":40410000,""message"":""order not found""}",63cf7840-4e16-421e-98a2-24c67ddb6e3b,,,
,LCID,290.0,sell,limit,,,rejected,,entry,2026-07-23T17:20:33.780671+00:00,,,,,,6.78000020980835,cross_TLT_state_slope=downtrend + state_ext=stretched_up,2026-07-22 04:00:00+00:00,1d,rolling,,,price-eq-LCID-1d-sell-e8bc68a6,"{""code"":40310000,""message"":""account is not allowed to short""}",,,,
,XBI,15.0,buy,limit,,,rejected,,entry,2026-07-23T17:20:33.907516+00:00,,,,,,152.11000061035156,cross_USO_state_vol=high_vol + state_ext=stretched_down,2026-07-22 04:00:00+00:00,1d,rolling,,,price-eq-XBI-1d-buy-6a5d8588,"{""code"":40010001,""message"":""client_order_id must be unique""}",,,,
,,,,,174.82,,rejected,,protective_stop_replace,2026-07-23T18:18:56.393297+00:00,,,,,,,,,,,,,,"{""code"":40410000,""message"":""order not found""}",63cf7840-4e16-421e-98a2-24c67ddb6e3b,,,
,LCID,290.0,sell,limit,,,rejected,,entry,2026-07-23T18:21:13.954256+00:00,,,,,,6.78000020980835,cross_TLT_state_slope=downtrend + state_ext=stretched_up,2026-07-22 04:00:00+00:00,1d,rolling,,,price-eq-LCID-1d-sell-e8bc68a6,"{""code"":40310000,""message"":""account is not allowed to short""}",,,,
,XBI,15.0,buy,limit,,,rejected,,entry,2026-07-23T18:21:14.123954+00:00,,,,,,152.11000061035156,cross_USO_state_vol=high_vol + state_ext=stretched_down,2026-07-22 04:00:00+00:00,1d,rolling,,,price-eq-XBI-1d-buy-6a5d8588,"{""code"":40010001,""message"":""client_order_id must be unique""}",,,,
,,,,,174.82,,rejected,,protective_stop_replace,2026-07-23T19:19:01.658465+00:00,,,,,,,,,,,,,,"{""code"":40410000,""message"":""order not found""}",63cf7840-4e16-421e-98a2-24c67ddb6e3b,,,
,ARKG,23.0,sell,limit,,,rejected,,entry,2026-07-23T19:19:33.032907+00:00,,,,,,38.79,state_volume=vol_quiet + state_ext=neutral + state_slope=flat,2026-07-23 18:00:00+00:00,1h,rolling,,,price-eq-ARKG-1h-sell-087e0c93,"{""code"":40310000,""message"":""account is not allowed to short""}",,,,
,,,,,174.82,,rejected,,protective_stop_replace,2026-07-23T20:18:30.003294+00:00,,,,,,,,,,,,,,"{""code"":40410000,""message"":""order not found""}",63cf7840-4e16-421e-98a2-24c67ddb6e3b,,,
,ARKG,23.0,sell,limit,,,rejected,,entry,2026-07-23T20:19:01.721960+00:00,,,,,,38.81,state_volume=vol_quiet + state_ext=neutral + state_slope=flat,2026-07-23 19:00:00+00:00,1h,rolling,,,price-eq-ARKG-1h-sell-2cfeeffd,"{""code"":40310000,""message"":""account is not allowed to short""}",,,,
,,,,,174.82,,rejected,,protective_stop_replace,2026-07-23T21:18:27.084640+00:00,,,,,,,,,,,,,,"{""code"":40410000,""message"":""order not found""}",63cf7840-4e16-421e-98a2-24c67ddb6e3b,,,
,ARKG,23.0,sell,limit,,,rejected,,entry,2026-07-23T21:18:57.735191+00:00,,,,,,38.81,state_volume=vol_quiet + state_ext=neutral + state_slope=flat,2026-07-23 19:00:00+00:00,1h,rolling,,,price-eq-ARKG-1h-sell-2cfeeffd,"{""code"":40310000,""message"":""account is not allowed to short""}",,,,
,,,,,174.82,,rejected,,protective_stop_replace,2026-07-24T14:19:06.205887+00:00,,,,,,,,,,,,,,"{""code"":40410000,""message"":""order not found""}",63cf7840-4e16-421e-98a2-24c67ddb6e3b,,,
,LCID,305.0,sell,limit,,,rejected,,entry,2026-07-24T14:21:17.347257+00:00,,,,,,6.449999809265137,cross_TLT_state_slope=downtrend + state_ext=stretched_up,2026-07-23 04:00:00+00:00,1d,rolling,,,price-eq-LCID-1d-sell-c273e97b,"{""code"":42210000,""message"":""asset \""LCID\"" cannot be sold short""}",,5.0,2.0,
cda03b60-0eba-42fa-9d58-9b60498867db,TGT,13.0,buy,limit,,day,expired,2026-07-24 14:21:17.530496+00:00,entry,2026-07-24T14:21:17.567967+00:00,expired,0.0,,,2026-07-24T20:18:50.287713+00:00,134.47999572753906,cross_USO_state_vol=high_vol + state_ext=neutral,2026-07-23 04:00:00+00:00,1d,rolling,,,price-eq-TGT-1d-buy-f786e640,,,5.0,2.0,
36afa2cb-e35c-4538-83e3-37279d1f593c,XBI,15.0,buy,limit,,day,filled,2026-07-24 14:21:17.676182+00:00,entry,2026-07-24T14:21:17.746501+00:00,filled,15.0,151.37,2026-07-24 14:21:19.427548+00:00,2026-07-24T15:18:44.924107+00:00,152.22999572753906,cross_USO_state_vol=high_vol + state_ext=stretched_down,2026-07-23 04:00:00+00:00,1d,rolling,,,price-eq-XBI-1d-buy-9cae9124,,,5.0,2.0,
,,,,,174.82,,rejected,,protective_stop_replace,2026-07-24T15:18:50.963894+00:00,,,,,,,,,,,,,,"{""code"":40410000,""message"":""order not found""}",63cf7840-4e16-421e-98a2-24c67ddb6e3b,,,
,LCID,305.0,sell,limit,,,rejected,,entry,2026-07-24T15:20:57.662930+00:00,,,,,,6.449999809265137,cross_TLT_state_slope=downtrend + state_ext=stretched_up,2026-07-23 04:00:00+00:00,1d,rolling,,,price-eq-LCID-1d-sell-c273e97b,"{""code"":42210000,""message"":""asset \""LCID\"" cannot be sold short""}",,5.0,2.0,
,,,,,174.82,,rejected,,protective_stop_replace,2026-07-24T16:19:26.607059+00:00,,,,,,,,,,,,,,"{""code"":40410000,""message"":""order not found""}",63cf7840-4e16-421e-98a2-24c67ddb6e3b,,,
,LCID,305.0,sell,limit,,,rejected,,entry,2026-07-24T16:21:48.323021+00:00,,,,,,6.449999809265137,cross_TLT_state_slope=downtrend + state_ext=stretched_up,2026-07-23 04:00:00+00:00,1d,rolling,,,price-eq-LCID-1d-sell-c273e97b,"{""code"":42210000,""message"":""asset \""LCID\"" cannot be sold short""}",,5.0,2.0,
,,,,,174.82,,rejected,,protective_stop_replace,2026-07-24T17:19:19.719258+00:00,,,,,,,,,,,,,,"{""code"":40410000,""message"":""order not found""}",63cf7840-4e16-421e-98a2-24c67ddb6e3b,,,
,LCID,305.0,sell,limit,,,rejected,,entry,2026-07-24T17:21:30.568674+00:00,,,,,,6.449999809265137,cross_TLT_state_slope=downtrend + state_ext=stretched_up,2026-07-23 04:00:00+00:00,1d,rolling,,,price-eq-LCID-1d-sell-c273e97b,"{""code"":42210000,""message"":""asset \""LCID\"" cannot be sold short""}",,5.0,2.0,
,,,,,174.82,,rejected,,protective_stop_replace,2026-07-24T18:19:15.110995+00:00,,,,,,,,,,,,,,"{""code"":40410000,""message"":""order not found""}",63cf7840-4e16-421e-98a2-24c67ddb6e3b,,,
,LCID,305.0,sell,limit,,,rejected,,entry,2026-07-24T18:21:31.608841+00:00,,,,,,6.449999809265137,cross_TLT_state_slope=downtrend + state_ext=stretched_up,2026-07-23 04:00:00+00:00,1d,rolling,,,price-eq-LCID-1d-sell-c273e97b,"{""code"":42210000,""message"":""asset \""LCID\"" cannot be sold short""}",,5.0,2.0,
,,,,,174.82,,rejected,,protective_stop_replace,2026-07-24T19:19:04.511402+00:00,,,,,,,,,,,,,,"{""code"":40410000,""message"":""order not found""}",63cf7840-4e16-421e-98a2-24c67ddb6e3b,,,
,LCID,305.0,sell,limit,,,rejected,,entry,2026-07-24T19:20:58.652879+00:00,,,,,,6.449999809265137,cross_TLT_state_slope=downtrend + state_ext=stretched_up,2026-07-23 04:00:00+00:00,1d,rolling,,,price-eq-LCID-1d-sell-c273e97b,"{""code"":42210000,""message"":""asset \""LCID\"" cannot be sold short""}",,5.0,2.0,
,,,,,174.82,,rejected,,protective_stop_replace,2026-07-24T20:19:00.676371+00:00,,,,,,,,,,,,,,"{""code"":40410000,""message"":""order not found""}",63cf7840-4e16-421e-98a2-24c67ddb6e3b,,,
,LCID,305.0,sell,limit,,,rejected,,entry,2026-07-24T20:21:43.549139+00:00,,,,,,6.449999809265137,cross_TLT_state_slope=downtrend + state_ext=stretched_up,2026-07-23 04:00:00+00:00,1d,rolling,,,price-eq-LCID-1d-sell-c273e97b,"{""code"":42210000,""message"":""asset \""LCID\"" cannot be sold short""}",,5.0,2.0,
,TGT,13.0,buy,limit,,,rejected,,entry,2026-07-24T20:21:43.740079+00:00,,,,,,134.47999572753906,cross_USO_state_vol=high_vol + state_ext=neutral,2026-07-23 04:00:00+00:00,1d,rolling,,,price-eq-TGT-1d-buy-f786e640,"{""code"":40010001,""message"":""client_order_id must be unique""}",,5.0,2.0,
,,,,,174.82,,rejected,,protective_stop_replace,2026-07-24T21:19:20.930461+00:00,,,,,,,,,,,,,,"{""code"":40410000,""message"":""order not found""}",63cf7840-4e16-421e-98a2-24c67ddb6e3b,,,
,LCID,305.0,sell,limit,,,rejected,,entry,2026-07-24T21:20:59.601599+00:00,,,,,,6.449999809265137,cross_TLT_state_slope=downtrend + state_ext=stretched_up,2026-07-23 04:00:00+00:00,1d,rolling,,,price-eq-LCID-1d-sell-c273e97b,"{""code"":42210000,""message"":""asset \""LCID\"" cannot be sold short""}",,5.0,2.0,
,TGT,13.0,buy,limit,,,rejected,,entry,2026-07-24T21:20:59.908601+00:00,,,,,,134.47999572753906,cross_USO_state_vol=high_vol + state_ext=neutral,2026-07-23 04:00:00+00:00,1d,rolling,,,price-eq-TGT-1d-buy-f786e640,"{""code"":40010001,""message"":""client_order_id must be unique""}",,5.0,2.0,
,,,,,174.82,,rejected,,protective_stop_replace,2026-07-27T13:18:42.862075+00:00,,,,,,,,,,,,,,"{""code"":40410000,""message"":""order not found""}",63cf7840-4e16-421e-98a2-24c67ddb6e3b,,,
c35b43fe-7407-47ea-ad3b-47bcc454d7b0,,,,,,,canceled,,order_cancel,2026-07-27T13:20:24.816460+00:00,canceled,0.0,,,2026-07-27T14:18:44.761215+00:00,,,,,,,,,,,,,
27bb16a8-4787-4be0-8703-5cf20c416b8f,JPM,3.0,close,,,,filled,2026-07-27 13:20:25.468813+00:00,exit,2026-07-27T13:20:25.476128+00:00,filled,3.0,356.69,2026-07-27 13:31:10.090744+00:00,2026-07-28T13:19:16.734438+00:00,,,,,,348.046667,356.85,,,,,,
1e0fcf20-e23f-4c49-934e-ebaeb3a45b96,,,,,,,canceled,,order_cancel,2026-07-27T13:20:25.664217+00:00,canceled,0.0,,,2026-07-27T14:18:44.761215+00:00,,,,,,,,,,,,,
dac49454-6235-4579-8ff3-7663daada758,SBUX,10.0,close,,,,filled,2026-07-27 13:20:26.856602+00:00,exit,2026-07-27T13:20:26.866104+00:00,filled,10.0,104.617,2026-07-27 13:35:05.082979+00:00,2026-07-27T14:18:44.761215+00:00,,,,,,104.745,104.0,,,,,,
dd6e1e3a-20b2-447d-b00a-0890a8f44de8,SPG,5.0,close,,,,filled,2026-07-27 13:20:27.051503+00:00,exit,2026-07-27T13:20:27.061185+00:00,filled,5.0,228.692,2026-07-27 13:34:29.921813+00:00,2026-07-27T14:18:44.761215+00:00,,,,,,226.186,229.78,,,,,,
e8f782d7-e30d-41dd-8db7-20db2d9654a8,,,,,,,canceled,,order_cancel,2026-07-27T13:20:27.243435+00:00,canceled,0.0,,,2026-07-27T14:18:44.761215+00:00,,,,,,,,,,,,,
298c6755-ec12-4c55-b774-1eb2cbfc5aff,XBI,15.0,close,,,,filled,2026-07-27 13:20:27.895551+00:00,exit,2026-07-27T13:20:27.905495+00:00,filled,15.0,151.21,2026-07-27 13:33:03.587522+00:00,2026-07-27T14:18:44.761215+00:00,,,,,,151.37,152.51,,,,,,
8b92cb3e-df28-487e-9709-97902fa13bc1,VRTX,1.0,buy,limit,,day,expired,2026-07-27 13:20:28.204437+00:00,entry,2026-07-27T13:20:28.211636+00:00,expired,0.0,,,2026-07-27T20:18:31.166037+00:00,477.3599853515625,state_ext=stretched_down + state_ret_5=ret_down,2026-07-24 04:00:00+00:00,1d,rolling,,,price-eq-VRTX-1d-buy-5aeecbbf,,,5.0,2.0,
,,,,,174.82,,rejected,,protective_stop_replace,2026-07-27T14:19:08.166694+00:00,,,,,,,,,,,,,,"{""code"":40410000,""message"":""order not found""}",63cf7840-4e16-421e-98a2-24c67ddb6e3b,,,
3e3b0b15-f5a1-45af-96fd-151ffc889c26,,,,,,,canceled,,order_cancel,2026-07-27T14:19:59.929629+00:00,canceled,0.0,,,2026-07-27T15:18:36.078084+00:00,,,,,,,,,,,,,
62b88d8a-56f1-4ed9-825a-1fa2191d5142,AMAT,3.0,close,,,,filled,2026-07-27 14:20:00.987824+00:00,exit,2026-07-27T14:20:01.020073+00:00,filled,3.0,514.32,2026-07-27 14:20:02.010653+00:00,2026-07-27T15:18:36.078084+00:00,,,,,,550.613333,514.8401,,,,,,
2dd52b0d-1fd6-43e1-9d51-05f37b881043,KLAC,8.0,close,,,,filled,2026-07-27 14:20:01.643115+00:00,exit,2026-07-27T14:20:01.704399+00:00,filled,8.0,202.7875,2026-07-27 14:20:03.476269+00:00,2026-07-27T15:18:36.078084+00:00,,,,,,217.15,202.945,,,,,,
57f33c06-15d8-4260-a5ee-84620ac5db05,AEP,6.0,buy,limit,,day,filled,2026-07-28 13:24:23.848444+00:00,entry,2026-07-28T13:24:23.861084+00:00,filled,6.0,133.488333,2026-07-28 19:50:05.186255+00:00,2026-07-29T13:19:47.349576+00:00,133.58999633789062,cross_USO_state_slope=uptrend + state_slope=downtrend,2026-07-27 04:00:00+00:00,1d,rolling,,,price-eq-AEP-1d-buy-5447c9b0,,,5.0,2.0,
1d9c1a0c-3c67-4b74-abe7-437f9bc5de41,AMAT,1.0,buy,limit,,day,filled,2026-07-28 13:24:24.255796+00:00,entry,2026-07-28T13:24:24.266197+00:00,filled,1.0,489.94,2026-07-28 13:31:09.558533+00:00,2026-07-28T14:19:42.344029+00:00,516.8900146484375,state_ext=stretched_down + state_ret_5=ret_down,2026-07-27 04:00:00+00:00,1d,rolling,,,price-eq-AMAT-1d-buy-365ca82c,,,5.0,2.0,
f62c2ccf-4655-48e3-8586-083214c81574,ASML,1.0,buy,limit,,day,filled,2026-07-28 13:24:24.614719+00:00,entry,2026-07-28T13:24:24.622545+00:00,filled,1.0,1579.31,2026-07-28 13:30:48.679308+00:00,2026-07-29T13:19:47.349576+00:00,1655.260009765625,cross_USO_state_vol=high_vol + state_ext=stretched_down,2026-07-27 04:00:00+00:00,1d,rolling,,,price-eq-ASML-1d-buy-176f03b1,,,5.0,2.0,
5b96f78d-b092-42fb-b4b5-3d28136c1028,CMCSA,55.0,buy,limit,,day,expired,2026-07-28 13:24:24.811083+00:00,entry,2026-07-28T13:24:24.815212+00:00,expired,0.0,,,2026-07-28T20:19:34.194103+00:00,22.799999237060547,state_ext=stretched_down + state_ret_5=ret_down,2026-07-27 04:00:00+00:00,1d,rolling,,,price-eq-CMCSA-1d-buy-2b9222cc,,,5.0,2.0,
5c9009b2-f2b9-4633-9569-ce1d5f42005e,DASH,6.0,buy,limit,,day,expired,2026-07-28 13:24:25.295179+00:00,entry,2026-07-28T13:24:25.301433+00:00,expired,0.0,,,2026-07-28T20:19:34.194103+00:00,184.3699951171875,state_ext=stretched_down + state_slope=downtrend + state_vol=high_vol,2026-07-27 04:00:00+00:00,1d,rolling,,,price-eq-DASH-1d-buy-2949f436,,,5.0,2.0,
398ecc5a-52b3-4d0f-8d62-467de54ec66c,KLAC,4.0,buy,limit,,day,filled,2026-07-28 13:24:25.386291+00:00,entry,2026-07-28T13:24:25.390451+00:00,filled,4.0,194.0,2026-07-28 13:31:39.588586+00:00,2026-07-29T13:19:47.349576+00:00,203.3600006103516,state_ext=stretched_down + state_slope=downtrend + state_vol=high_vol,2026-07-27 04:00:00+00:00,1d,rolling,,,price-eq-KLAC-1d-buy-a9172e78,,,5.0,2.0,
ae3e27a3-6305-4688-96c3-5c817eeccc11,LRCX,3.0,buy,limit,,day,filled,2026-07-28 13:24:25.612911+00:00,entry,2026-07-28T13:24:25.616971+00:00,filled,3.0,273.896667,2026-07-28 13:33:57.760479+00:00,2026-07-29T13:19:47.349576+00:00,291.6099853515625,state_volume=vol_normal + state_ext=stretched_down + state_slope=downtrend,2026-07-27 04:00:00+00:00,1d,rolling,,,price-eq-LRCX-1d-buy-1efe0820,,,5.0,2.0,
1dbccf9d-a278-4d96-a0f4-755d7eb96015,XLK,5.0,buy,limit,,day,filled,2026-07-28 13:24:26.202653+00:00,entry,2026-07-28T13:24:26.208911+00:00,filled,5.0,171.238,2026-07-28 13:32:15.405733+00:00,2026-07-29T13:19:47.349576+00:00,174.3000030517578,state_ext=stretched_down + state_ret_1=ret_down,2026-07-27 04:00:00+00:00,1d,rolling,,,price-eq-XLK-1d-buy-2a22c9b2,,,5.0,2.0,
,AMAT,1.0,buy,limit,,,rejected,,entry,2026-07-28T15:24:49.501164+00:00,,,,,,516.8900146484375,state_ext=stretched_down + state_ret_5=ret_down,2026-07-27 04:00:00+00:00,1d,rolling,,,price-eq-AMAT-1d-buy-365ca82c,"{""code"":40010001,""message"":""client_order_id must be unique""}",,5.0,2.0,
,ASML,1.0,buy,limit,,,rejected,,entry,2026-07-28T15:24:49.759091+00:00,,,,,,1655.260009765625,cross_USO_state_vol=high_vol + state_ext=stretched_down,2026-07-27 04:00:00+00:00,1d,rolling,,,price-eq-ASML-1d-buy-176f03b1,"{""code"":40010001,""message"":""client_order_id must be unique""}",,5.0,2.0,
,KLAC,4.0,buy,limit,,,rejected,,entry,2026-07-28T15:24:50.205143+00:00,,,,,,203.3600006103516,state_ext=stretched_down + state_slope=downtrend + state_vol=high_vol,2026-07-27 04:00:00+00:00,1d,rolling,,,price-eq-KLAC-1d-buy-a9172e78,"{""code"":40010001,""message"":""client_order_id must be unique""}",,5.0,2.0,
4bbf2ea3-26ad-4473-901a-9d0a8597c79b,KLAC,8.0,buy,limit,,day,filled,2026-07-28 15:24:50.343670+00:00,entry,2026-07-28T15:24:50.360871+00:00,filled,8.0,191.17,2026-07-28 15:24:51.615297+00:00,2026-07-29T13:19:47.349576+00:00,203.3600006103516,state_slope=downtrend + state_vol=high_vol,2026-07-27 04:00:00+00:00,1d,rolling,,,price-eq-KLAC-1d-buy-983cdb18,,,5.0,2.0,
,LRCX,3.0,buy,limit,,,rejected,,entry,2026-07-28T15:24:50.557975+00:00,,,,,,291.6099853515625,state_volume=vol_normal + state_ext=stretched_down + state_slope=downtrend,2026-07-27 04:00:00+00:00,1d,rolling,,,price-eq-LRCX-1d-buy-1efe0820,"{""code"":40010001,""message"":""client_order_id must be unique""}",,5.0,2.0,
1e6a5239-0912-4857-b9ad-d12609f7a297,LRCX,3.0,buy,limit,,day,filled,2026-07-28 15:24:50.690476+00:00,entry,2026-07-28T15:24:50.709854+00:00,filled,3.0,265.79,2026-07-28 15:24:52.362394+00:00,2026-07-29T13:19:47.349576+00:00,291.6099853515625,state_volume=vol_normal + state_slope=downtrend,2026-07-27 04:00:00+00:00,1d,rolling,,,price-eq-LRCX-1d-buy-ca6628fb,,,5.0,2.0,
,XLK,5.0,buy,limit,,,rejected,,entry,2026-07-28T15:24:50.929935+00:00,,,,,,174.3000030517578,state_ext=stretched_down + state_ret_1=ret_down,2026-07-27 04:00:00+00:00,1d,rolling,,,price-eq-XLK-1d-buy-2a22c9b2,"{""code"":40010001,""message"":""client_order_id must be unique""}",,5.0,2.0,
,AMAT,1.0,buy,limit,,,rejected,,entry,2026-07-28T16:24:47.084610+00:00,,,,,,516.8900146484375,state_ext=stretched_down + state_ret_5=ret_down,2026-07-27 04:00:00+00:00,1d,rolling,,,price-eq-AMAT-1d-buy-365ca82c,"{""code"":40010001,""message"":""client_order_id must be unique""}",,5.0,2.0,
,ASML,1.0,buy,limit,,,rejected,,entry,2026-07-28T16:24:47.255178+00:00,,,,,,1655.260009765625,cross_USO_state_vol=high_vol + state_ext=stretched_down,2026-07-27 04:00:00+00:00,1d,rolling,,,price-eq-ASML-1d-buy-176f03b1,"{""code"":40010001,""message"":""client_order_id must be unique""}",,5.0,2.0,
,XLK,5.0,buy,limit,,,rejected,,entry,2026-07-28T16:24:47.973656+00:00,,,,,,174.3000030517578,state_ext=stretched_down + state_ret_1=ret_down,2026-07-27 04:00:00+00:00,1d,rolling,,,price-eq-XLK-1d-buy-2a22c9b2,"{""code"":40010001,""message"":""client_order_id must be unique""}",,5.0,2.0,
,AMAT,1.0,buy,limit,,,rejected,,entry,2026-07-28T17:24:54.011892+00:00,,,,,,516.8900146484375,state_ext=stretched_down + state_ret_5=ret_down,2026-07-27 04:00:00+00:00,1d,rolling,,,price-eq-AMAT-1d-buy-365ca82c,"{""code"":40010001,""message"":""client_order_id must be unique""}",,5.0,2.0,
,ASML,1.0,buy,limit,,,rejected,,entry,2026-07-28T17:24:54.554627+00:00,,,,,,1655.260009765625,cross_USO_state_vol=high_vol + state_ext=stretched_down,2026-07-27 04:00:00+00:00,1d,rolling,,,price-eq-ASML-1d-buy-176f03b1,"{""code"":40010001,""message"":""client_order_id must be unique""}",,5.0,2.0,
,KLAC,4.0,buy,limit,,,rejected,,entry,2026-07-28T17:24:56.098769+00:00,,,,,,203.3600006103516,state_ext=stretched_down + state_slope=downtrend + state_vol=high_vol,2026-07-27 04:00:00+00:00,1d,rolling,,,price-eq-KLAC-1d-buy-a9172e78,"{""code"":40010001,""message"":""client_order_id must be unique""}",,5.0,2.0,
,KLAC,8.0,buy,limit,,,rejected,,entry,2026-07-28T17:24:56.390851+00:00,,,,,,203.3600006103516,state_slope=downtrend + state_vol=high_vol,2026-07-27 04:00:00+00:00,1d,rolling,,,price-eq-KLAC-1d-buy-983cdb18,"{""code"":40010001,""message"":""client_order_id must be unique""}",,5.0,2.0,
4fc4c83d-1d32-43ee-bd35-567311e95acf,KLAC,4.0,buy,limit,,day,filled,2026-07-28 17:24:56.652255+00:00,entry,2026-07-28T17:24:56.694731+00:00,filled,4.0,191.54,2026-07-28 17:24:58.422014+00:00,2026-07-28T18:19:28.426553+00:00,203.3600006103516,state_ext=stretched_down + state_slope=downtrend,2026-07-27 04:00:00+00:00,1d,rolling,,,price-eq-KLAC-1d-buy-cd3d54a7,,,5.0,2.0,
,LRCX,3.0,buy,limit,,,rejected,,entry,2026-07-28T17:24:57.659004+00:00,,,,,,291.6099853515625,state_volume=vol_normal + state_ext=stretched_down + state_slope=downtrend,2026-07-27 04:00:00+00:00,1d,rolling,,,price-eq-LRCX-1d-buy-1efe0820,"{""code"":40010001,""message"":""client_order_id must be unique""}",,5.0,2.0,
,LRCX,3.0,buy,limit,,,rejected,,entry,2026-07-28T17:24:57.940286+00:00,,,,,,291.6099853515625,state_volume=vol_normal + state_slope=downtrend,2026-07-27 04:00:00+00:00,1d,rolling,,,price-eq-LRCX-1d-buy-ca6628fb,"{""code"":40010001,""message"":""client_order_id must be unique""}",,5.0,2.0,
5828e9dd-7a5c-4378-95e4-3c308fdcaa83,LRCX,3.0,buy,limit,,day,filled,2026-07-28 17:24:58.319875+00:00,entry,2026-07-28T17:24:58.422585+00:00,filled,3.0,269.02,2026-07-28 17:24:59.765768+00:00,2026-07-28T18:19:28.426553+00:00,291.6099853515625,state_volume=vol_normal + state_ext=stretched_down,2026-07-27 04:00:00+00:00,1d,rolling,,,price-eq-LRCX-1d-buy-c9912f1e,,,5.0,2.0,
,XLK,5.0,buy,limit,,,rejected,,entry,2026-07-28T17:25:00.092792+00:00,,,,,,174.3000030517578,state_ext=stretched_down + state_ret_1=ret_down,2026-07-27 04:00:00+00:00,1d,rolling,,,price-eq-XLK-1d-buy-2a22c9b2,"{""code"":40010001,""message"":""client_order_id must be unique""}",,5.0,2.0,
f9cd37ea-3dce-4e42-8059-4ed5c5b99fb5,XLE,15.0,buy,limit,,day,filled,2026-07-28 17:25:00.689376+00:00,entry,2026-07-28T17:25:00.731556+00:00,filled,15.0,57.38,2026-07-28 17:25:02.798744+00:00,2026-07-29T13:19:47.349576+00:00,57.6,state_session=lunch + state_ext=stretched_down,2026-07-28 16:00:00+00:00,1h,rolling,,,price-eq-XLE-1h-buy-985c40f5,,,3.0,2.0,
aa06a0c8-6ac6-4f09-9042-1e1d412728e0,XLE,15.0,sell,stop,56.46,gtc,canceled,2026-07-28 18:19:38.003777+00:00,protective_stop_submit,2026-07-28T18:19:38.014852+00:00,canceled,0.0,,,2026-07-28T20:19:34.194103+00:00,,,,,,,,,,,,,
,AMAT,1.0,buy,limit,,,rejected,,entry,2026-07-28T18:23:20.023491+00:00,,,,,,516.8900146484375,state_ext=stretched_down + state_ret_5=ret_down,2026-07-27 04:00:00+00:00,1d,rolling,,,price-eq-AMAT-1d-buy-365ca82c,"{""code"":40010001,""message"":""client_order_id must be unique""}",,5.0,2.0,
,ASML,1.0,buy,limit,,,rejected,,entry,2026-07-28T18:23:20.151929+00:00,,,,,,1655.260009765625,cross_USO_state_vol=high_vol + state_ext=stretched_down,2026-07-27 04:00:00+00:00,1d,rolling,,,price-eq-ASML-1d-buy-176f03b1,"{""code"":40010001,""message"":""client_order_id must be unique""}",,5.0,2.0,
,XLK,5.0,buy,limit,,,rejected,,entry,2026-07-28T18:23:20.837619+00:00,,,,,,174.3000030517578,state_ext=stretched_down + state_ret_1=ret_down,2026-07-27 04:00:00+00:00,1d,rolling,,,price-eq-XLK-1d-buy-2a22c9b2,"{""code"":40010001,""message"":""client_order_id must be unique""}",,5.0,2.0,
ab3b261c-d583-455e-85b8-c707df223ab2,AMAT,1.0,buy,limit,,day,filled,2026-07-28 18:23:21.003944+00:00,entry,2026-07-28T18:23:21.018053+00:00,filled,1.0,473.59,2026-07-28 18:27:50.694088+00:00,2026-07-28T19:19:26.057688+00:00,473.63,state_session=afternoon + state_ret_5=ret_down,2026-07-28 18:00:00+00:00,15m,rolling,,,price-eq-AMAT-15m-buy-9c5afc76,,,5.0,2.0,
f75d3045-84d8-42ea-85b4-9f39c833cdf4,SMCI,32.0,buy,limit,,day,filled,2026-07-28 18:23:21.141368+00:00,entry,2026-07-28T18:23:21.153478+00:00,filled,32.0,28.17,2026-07-28 18:23:21.443648+00:00,2026-07-29T13:19:47.349576+00:00,28.24,state_session=afternoon + state_ext=neutral + state_slope=uptrend,2026-07-28 18:00:00+00:00,15m,rolling,,,price-eq-SMCI-15m-buy-2d61fc20,,,5.0,2.0,
aa06a0c8-6ac6-4f09-9042-1e1d412728e0,,,,,,,canceled,,order_cancel,2026-07-28T19:23:12.990175+00:00,canceled,0.0,,,2026-07-28T20:19:34.194103+00:00,,,,,,,,,,,,,
9155db7f-897a-480d-9615-5b0f02eb703b,XLE,15.0,close,,,,filled,2026-07-28 19:23:13.936383+00:00,exit,2026-07-28T19:23:13.941351+00:00,filled,15.0,57.73,2026-07-28 19:23:15.293936+00:00,2026-07-29T13:19:47.349576+00:00,,,,,,57.38,57.735,,,,,,
,ASML,1.0,buy,limit,,,rejected,,entry,2026-07-28T19:23:14.218220+00:00,,,,,,1655.260009765625,cross_USO_state_vol=high_vol + state_ext=stretched_down,2026-07-27 04:00:00+00:00,1d,rolling,,,price-eq-ASML-1d-buy-176f03b1,"{""code"":40010001,""message"":""client_order_id must be unique""}",,5.0,2.0,
,KLAC,4.0,buy,limit,,,rejected,,entry,2026-07-28T19:23:14.630191+00:00,,,,,,203.3600006103516,state_ext=stretched_down + state_slope=downtrend + state_vol=high_vol,2026-07-27 04:00:00+00:00,1d,rolling,,,price-eq-KLAC-1d-buy-a9172e78,"{""code"":40010001,""message"":""client_order_id must be unique""}",,5.0,2.0,
,KLAC,8.0,buy,limit,,,rejected,,entry,2026-07-28T19:23:14.727965+00:00,,,,,,203.3600006103516,state_slope=downtrend + state_vol=high_vol,2026-07-27 04:00:00+00:00,1d,rolling,,,price-eq-KLAC-1d-buy-983cdb18,"{""code"":40010001,""message"":""client_order_id must be unique""}",,5.0,2.0,
,KLAC,4.0,buy,limit,,,rejected,,entry,2026-07-28T19:23:14.830878+00:00,,,,,,203.3600006103516,state_ext=stretched_down + state_slope=downtrend,2026-07-27 04:00:00+00:00,1d,rolling,,,price-eq-KLAC-1d-buy-cd3d54a7,"{""code"":40010001,""message"":""client_order_id must be unique""}",,5.0,2.0,
,LRCX,3.0,buy,limit,,,rejected,,entry,2026-07-28T19:23:14.930157+00:00,,,,,,291.6099853515625,state_volume=vol_normal + state_ext=stretched_down + state_slope=downtrend,2026-07-27 04:00:00+00:00,1d,rolling,,,price-eq-LRCX-1d-buy-1efe0820,"{""code"":40010001,""message"":""client_order_id must be unique""}",,5.0,2.0,
,LRCX,3.0,buy,limit,,,rejected,,entry,2026-07-28T19:23:15.031642+00:00,,,,,,291.6099853515625,state_volume=vol_normal + state_slope=downtrend,2026-07-27 04:00:00+00:00,1d,rolling,,,price-eq-LRCX-1d-buy-ca6628fb,"{""code"":40010001,""message"":""client_order_id must be unique""}",,5.0,2.0,
,LRCX,3.0,buy,limit,,,rejected,,entry,2026-07-28T19:23:15.139512+00:00,,,,,,291.6099853515625,state_volume=vol_normal + state_ext=stretched_down,2026-07-27 04:00:00+00:00,1d,rolling,,,price-eq-LRCX-1d-buy-c9912f1e,"{""code"":40010001,""message"":""client_order_id must be unique""}",,5.0,2.0,
,XLK,5.0,buy,limit,,,rejected,,entry,2026-07-28T19:23:15.237277+00:00,,,,,,174.3000030517578,state_ext=stretched_down + state_ret_1=ret_down,2026-07-27 04:00:00+00:00,1d,rolling,,,price-eq-XLK-1d-buy-2a22c9b2,"{""code"":40010001,""message"":""client_order_id must be unique""}",,5.0,2.0,
b3b5d1c3-ac6c-4d24-9f96-590c4e2948e1,AEP,6.0,sell,stop,128.74,gtc,canceled,2026-07-28 20:19:58.348935+00:00,protective_stop_submit,2026-07-28T20:19:58.369640+00:00,canceled,0.0,,,2026-07-28T21:19:20.395629+00:00,,,,,,,,,,,,,
,AMAT,1.0,buy,limit,,,rejected,,entry,2026-07-28T20:24:57.372446+00:00,,,,,,516.8900146484375,state_ext=stretched_down + state_ret_5=ret_down,2026-07-27 04:00:00+00:00,1d,rolling,,,price-eq-AMAT-1d-buy-365ca82c,"{""code"":40010001,""message"":""client_order_id must be unique""}",,5.0,2.0,
,ASML,1.0,buy,limit,,,rejected,,entry,2026-07-28T20:24:57.625062+00:00,,,,,,1655.260009765625,cross_USO_state_vol=high_vol + state_ext=stretched_down,2026-07-27 04:00:00+00:00,1d,rolling,,,price-eq-ASML-1d-buy-176f03b1,"{""code"":40010001,""message"":""client_order_id must be unique""}",,5.0,2.0,
,CMCSA,55.0,buy,limit,,,rejected,,entry,2026-07-28T20:24:58.055630+00:00,,,,,,22.799999237060547,state_ext=stretched_down + state_ret_5=ret_down,2026-07-27 04:00:00+00:00,1d,rolling,,,price-eq-CMCSA-1d-buy-2b9222cc,"{""code"":40010001,""message"":""client_order_id must be unique""}",,5.0,2.0,
5043b66a-388e-464f-a766-9480f6656bd3,CMCSA,60.0,buy,limit,,day,expired,2026-07-28 20:24:58.293041+00:00,entry,2026-07-28T20:24:58.314761+00:00,expired,0.0,,,2026-07-29T20:19:38.502215+00:00,22.799999237060547,cross_TLT_state_slope=downtrend + state_ext=stretched_down,2026-07-27 04:00:00+00:00,1d,rolling,,,price-eq-CMCSA-1d-buy-6c3bf64f,,,5.0,2.0,
,DASH,6.0,buy,limit,,,rejected,,entry,2026-07-28T20:24:58.594025+00:00,,,,,,184.3699951171875,state_ext=stretched_down + state_slope=downtrend + state_vol=high_vol,2026-07-27 04:00:00+00:00,1d,rolling,,,price-eq-DASH-1d-buy-2949f436,"{""code"":40010001,""message"":""client_order_id must be unique""}",,5.0,2.0,
,KLAC,4.0,buy,limit,,,rejected,,entry,2026-07-28T20:24:59.024925+00:00,,,,,,203.3600006103516,state_ext=stretched_down + state_slope=downtrend + state_vol=high_vol,2026-07-27 04:00:00+00:00,1d,rolling,,,price-eq-KLAC-1d-buy-a9172e78,"{""code"":40010001,""message"":""client_order_id must be unique""}",,5.0,2.0,
,KLAC,8.0,buy,limit,,,rejected,,entry,2026-07-28T20:24:59.263250+00:00,,,,,,203.3600006103516,state_slope=downtrend + state_vol=high_vol,2026-07-27 04:00:00+00:00,1d,rolling,,,price-eq-KLAC-1d-buy-983cdb18,"{""code"":40010001,""message"":""client_order_id must be unique""}",,5.0,2.0,
,KLAC,4.0,buy,limit,,,rejected,,entry,2026-07-28T20:24:59.514728+00:00,,,,,,203.3600006103516,state_ext=stretched_down + state_slope=downtrend,2026-07-27 04:00:00+00:00,1d,rolling,,,price-eq-KLAC-1d-buy-cd3d54a7,"{""code"":40010001,""message"":""client_order_id must be unique""}",,5.0,2.0,
,LRCX,3.0,buy,limit,,,rejected,,entry,2026-07-28T20:24:59.770691+00:00,,,,,,291.6099853515625,state_volume=vol_normal + state_ext=stretched_down + state_slope=downtrend,2026-07-27 04:00:00+00:00,1d,rolling,,,price-eq-LRCX-1d-buy-1efe0820,"{""code"":40010001,""message"":""client_order_id must be unique""}",,5.0,2.0,
,LRCX,3.0,buy,limit,,,rejected,,entry,2026-07-28T20:25:00.002325+00:00,,,,,,291.6099853515625,state_volume=vol_normal + state_slope=downtrend,2026-07-27 04:00:00+00:00,1d,rolling,,,price-eq-LRCX-1d-buy-ca6628fb,"{""code"":40010001,""message"":""client_order_id must be unique""}",,5.0,2.0,
,LRCX,3.0,buy,limit,,,rejected,,entry,2026-07-28T20:25:00.253020+00:00,,,,,,291.6099853515625,state_volume=vol_normal + state_ext=stretched_down,2026-07-27 04:00:00+00:00,1d,rolling,,,price-eq-LRCX-1d-buy-c9912f1e,"{""code"":40010001,""message"":""client_order_id must be unique""}",,5.0,2.0,
,XLK,5.0,buy,limit,,,rejected,,entry,2026-07-28T20:25:00.820641+00:00,,,,,,174.3000030517578,state_ext=stretched_down + state_ret_1=ret_down,2026-07-27 04:00:00+00:00,1d,rolling,,,price-eq-XLK-1d-buy-2a22c9b2,"{""code"":40010001,""message"":""client_order_id must be unique""}",,5.0,2.0,
,AMAT,1.0,buy,limit,,,rejected,,entry,2026-07-28T21:23:08.790838+00:00,,,,,,516.8900146484375,state_ext=stretched_down + state_ret_5=ret_down,2026-07-27 04:00:00+00:00,1d,rolling,,,price-eq-AMAT-1d-buy-365ca82c,"{""code"":40010001,""message"":""client_order_id must be unique""}",,5.0,2.0,
,ASML,1.0,buy,limit,,,rejected,,entry,2026-07-28T21:23:08.890504+00:00,,,,,,1655.260009765625,cross_USO_state_vol=high_vol + state_ext=stretched_down,2026-07-27 04:00:00+00:00,1d,rolling,,,price-eq-ASML-1d-buy-176f03b1,"{""code"":40010001,""message"":""client_order_id must be unique""}",,5.0,2.0,
,DASH,6.0,buy,limit,,,rejected,,entry,2026-07-28T21:23:09.272523+00:00,,,,,,184.3699951171875,state_ext=stretched_down + state_slope=downtrend + state_vol=high_vol,2026-07-27 04:00:00+00:00,1d,rolling,,,price-eq-DASH-1d-buy-2949f436,"{""code"":40010001,""message"":""client_order_id must be unique""}",,5.0,2.0,
,KLAC,4.0,buy,limit,,,rejected,,entry,2026-07-28T21:23:09.388742+00:00,,,,,,203.3600006103516,state_ext=stretched_down + state_slope=downtrend + state_vol=high_vol,2026-07-27 04:00:00+00:00,1d,rolling,,,price-eq-KLAC-1d-buy-a9172e78,"{""code"":40010001,""message"":""client_order_id must be unique""}",,5.0,2.0,
,KLAC,8.0,buy,limit,,,rejected,,entry,2026-07-28T21:23:09.489951+00:00,,,,,,203.3600006103516,state_slope=downtrend + state_vol=high_vol,2026-07-27 04:00:00+00:00,1d,rolling,,,price-eq-KLAC-1d-buy-983cdb18,"{""code"":40010001,""message"":""client_order_id must be unique""}",,5.0,2.0,
,KLAC,4.0,buy,limit,,,rejected,,entry,2026-07-28T21:23:09.600455+00:00,,,,,,203.3600006103516,state_ext=stretched_down + state_slope=downtrend,2026-07-27 04:00:00+00:00,1d,rolling,,,price-eq-KLAC-1d-buy-cd3d54a7,"{""code"":40010001,""message"":""client_order_id must be unique""}",,5.0,2.0,
,LRCX,3.0,buy,limit,,,rejected,,entry,2026-07-28T21:23:09.706710+00:00,,,,,,291.6099853515625,state_volume=vol_normal + state_ext=stretched_down + state_slope=downtrend,2026-07-27 04:00:00+00:00,1d,rolling,,,price-eq-LRCX-1d-buy-1efe0820,"{""code"":40010001,""message"":""client_order_id must be unique""}",,5.0,2.0,
,LRCX,3.0,buy,limit,,,rejected,,entry,2026-07-28T21:23:09.807811+00:00,,,,,,291.6099853515625,state_volume=vol_normal + state_slope=downtrend,2026-07-27 04:00:00+00:00,1d,rolling,,,price-eq-LRCX-1d-buy-ca6628fb,"{""code"":40010001,""message"":""client_order_id must be unique""}",,5.0,2.0,
,LRCX,3.0,buy,limit,,,rejected,,entry,2026-07-28T21:23:09.915352+00:00,,,,,,291.6099853515625,state_volume=vol_normal + state_ext=stretched_down,2026-07-27 04:00:00+00:00,1d,rolling,,,price-eq-LRCX-1d-buy-c9912f1e,"{""code"":40010001,""message"":""client_order_id must be unique""}",,5.0,2.0,
,XLK,5.0,buy,limit,,,rejected,,entry,2026-07-28T21:23:10.020422+00:00,,,,,,174.3000030517578,state_ext=stretched_down + state_ret_1=ret_down,2026-07-27 04:00:00+00:00,1d,rolling,,,price-eq-XLK-1d-buy-2a22c9b2,"{""code"":40010001,""message"":""client_order_id must be unique""}",,5.0,2.0,
4fee1cf7-973a-4680-b356-8ddc4018dfec,AMAT,1.0,buy,limit,,day,filled,2026-07-29 13:24:27.402958+00:00,entry,2026-07-29T13:24:27.414253+00:00,filled,1.0,465.37,2026-07-29 13:30:35.259903+00:00,2026-07-29T18:19:47.173132+00:00,476.4599914550781,state_ext=stretched_down + state_ret_5=ret_down,2026-07-28 04:00:00+00:00,1d,rolling,,,price-eq-AMAT-1d-buy-9389545b,,,5.0,2.0,
35018fb4-f2bd-4ead-b4c1-70460ddf70ae,ASML,1.0,buy,limit,,day,filled,2026-07-29 13:24:27.620191+00:00,entry,2026-07-29T13:24:27.632534+00:00,filled,1.0,1573.21,2026-07-29 13:30:26.640917+00:00,2026-07-29T14:19:51.379987+00:00,1582.949951171875,cross_USO_state_vol=high_vol + state_ext=stretched_down,2026-07-28 04:00:00+00:00,1d,rolling,,,price-eq-ASML-1d-buy-0cbdda76,,,5.0,2.0,
c04f0b23-6c2b-4147-aa72-4bf6d38c4505,KLAC,4.0,buy,limit,,day,filled,2026-07-29 13:24:28.308741+00:00,entry,2026-07-29T13:24:28.313172+00:00,filled,4.0,185.15,2026-07-29 13:32:44.764254+00:00,2026-07-29T14:19:51.379987+00:00,190.8000030517578,state_ext=stretched_down + state_slope=downtrend + state_vol=high_vol,2026-07-28 04:00:00+00:00,1d,rolling,,,price-eq-KLAC-1d-buy-74bc801d,,,5.0,2.0,
b1bbffa7-575e-4900-9c27-dc51a34f3c0c,LRCX,3.0,buy,limit,,day,filled,2026-07-29 13:24:28.572862+00:00,entry,2026-07-29T13:24:28.578785+00:00,filled,3.0,268.216667,2026-07-29 13:33:45.775379+00:00,2026-07-29T18:19:47.173132+00:00,269.6099853515625,state_volume=vol_normal + state_ext=stretched_down + state_slope=downtrend,2026-07-28 04:00:00+00:00,1d,rolling,,,price-eq-LRCX-1d-buy-df996ba2,,,5.0,2.0,
d0dcd4c0-ddf3-4939-aab0-40cc7eb63d49,XLK,5.0,buy,limit,,day,filled,2026-07-29 13:24:28.866366+00:00,entry,2026-07-29T13:24:28.870517+00:00,filled,5.0,171.01,2026-07-29 13:31:40.439211+00:00,2026-07-29T14:19:51.379987+00:00,171.08999633789062,state_ext=stretched_down + state_ret_1=ret_down,2026-07-28 04:00:00+00:00,1d,rolling,,,price-eq-XLK-1d-buy-8c8e54d1,,,5.0,2.0,
502181fd-270c-417d-be0a-28b256c2317b,FDX,7.0,buy,limit,,day,filled,2026-07-29 13:24:29.088712+00:00,entry,2026-07-29T13:24:29.112119+00:00,filled,7.0,311.164286,2026-07-29 13:33:22.794959+00:00,2026-07-29T14:19:51.379987+00:00,312.59,cross_USO_state_slope=downtrend + state_slope=flat,2026-07-28 19:00:00+00:00,1h,rolling,,,price-eq-FDX-1h-buy-1944e28f,,,5.0,2.0,
7d6fab13-6b01-41aa-aaed-f237f67cb4da,HON,5.0,buy,limit,,day,filled,2026-07-29 13:24:29.316572+00:00,entry,2026-07-29T13:24:29.325529+00:00,filled,5.0,245.15,2026-07-29 13:32:28.458651+00:00,2026-07-29T14:19:51.379987+00:00,246.93,state_session=afternoon + state_volume=vol_quiet,2026-07-28 19:00:00+00:00,1h,rolling,,,price-eq-HON-1h-buy-0169123e,,,5.0,2.0,
c3735d96-88e5-4148-bd12-70fe6e7f5a5c,NOW,22.0,sell,limit,,day,filled,2026-07-29 13:24:29.817132+00:00,entry,2026-07-29T13:24:29.827067+00:00,filled,22.0,111.7,2026-07-29 13:30:59.107860+00:00,2026-07-29T18:19:47.173132+00:00,110.62,state_volume=vol_quiet + state_ext=stretched_up + state_slope=uptrend,2026-07-28 19:00:00+00:00,1h,rolling,,,price-eq-NOW-1h-sell-bde59bc6,,,3.0,2.0,
a7c533f7-ca20-4d14-928e-65697e1a98e1,AEP,6.0,buy,limit,,day,filled,2026-07-29 14:24:36.324133+00:00,entry,2026-07-29T14:24:36.333989+00:00,filled,6.0,132.351667,2026-07-29 14:24:37.867475+00:00,2026-07-29T15:19:56.942539+00:00,133.02000427246094,cross_USO_state_slope=uptrend + state_slope=downtrend,2026-07-28 04:00:00+00:00,1d,rolling,,,price-eq-AEP-1d-buy-8612d2f1,,,5.0,2.0,
f5849780-0b8f-4bff-9889-5ec92a7f36b2,AEP,6.0,close,,,,filled,2026-07-29 15:22:16.668618+00:00,exit,2026-07-29T15:22:16.713854+00:00,filled,6.0,131.08,2026-07-29 15:22:18.065165+00:00,2026-07-29T16:19:42.513470+00:00,,,,,,132.351667,131.095,,,,,,
e41f020d-a737-4782-9c94-a2f69ac2b267,,,,,,,canceled,,order_cancel,2026-07-29T15:22:18.176155+00:00,canceled,0.0,,,2026-07-29T16:19:42.513470+00:00,,,,,,,,,,,,,
5367866d-b121-4bd4-8174-f570a2055218,AMAT,1.0,close,,,,filled,2026-07-29 15:22:19.984215+00:00,exit,2026-07-29T15:22:20.022773+00:00,filled,1.0,451.46,2026-07-29 15:22:20.522690+00:00,2026-07-29T18:19:47.173132+00:00,,,,,,465.37,451.4,,,,,,
8bd586d6-5433-4836-bbed-cba99b7fbe59,,,,,,,canceled,,order_cancel,2026-07-29T15:22:20.689485+00:00,canceled,0.0,,,2026-07-29T16:19:42.513470+00:00,,,,,,,,,,,,,
58cefa54-ecfe-47dd-8045-1d16c2302abf,ASML,1.0,close,,,,filled,2026-07-29 15:22:21.780284+00:00,exit,2026-07-29T15:22:21.819454+00:00,filled,1.0,1548.31,2026-07-29 15:22:22.318884+00:00,2026-07-29T18:19:47.173132+00:00,,,,,,1573.21,1548.34,,,,,,
d0edb660-b7e9-4d91-b07b-310dbb2d5197,,,,,,,canceled,,order_cancel,2026-07-29T15:22:22.488551+00:00,canceled,0.0,,,2026-07-29T16:19:42.513470+00:00,,,,,,,,,,,,,
7e61ad74-228e-48d7-9b3d-418482707bd2,FDX,7.0,close,,,,filled,2026-07-29 15:22:23.565795+00:00,exit,2026-07-29T15:22:23.597008+00:00,filled,7.0,309.98,2026-07-29 15:22:24.615194+00:00,2026-07-29T16:19:42.513470+00:00,,,,,,311.164286,309.975,,,,,,
85d1a079-ee79-41ab-8b48-ea289daead44,,,,,,,canceled,,order_cancel,2026-07-29T15:22:24.242973+00:00,canceled,0.0,,,2026-07-29T16:19:42.513470+00:00,,,,,,,,,,,,,
29a98d27-420a-4d26-8e8a-42cb1d0c1623,KLAC,4.0,close,,,,filled,2026-07-29 15:22:26.049473+00:00,exit,2026-07-29T15:22:26.080223+00:00,filled,4.0,178.115,2026-07-29 15:22:28.338042+00:00,2026-07-29T16:19:42.513470+00:00,,,,,,185.15,178.005,,,,,,
5ed19dc9-4294-441e-a244-7fadb35740ae,,,,,,,canceled,,order_cancel,2026-07-29T15:22:26.773552+00:00,canceled,0.0,,,2026-07-29T16:19:42.513470+00:00,,,,,,,,,,,,,
27928933-c283-495f-bb94-a4b4d784b95e,LRCX,3.0,close,,,,filled,2026-07-29 15:22:27.862416+00:00,exit,2026-07-29T15:22:27.911496+00:00,filled,3.0,258.35,2026-07-29 15:22:29.545222+00:00,2026-07-29T18:19:47.173132+00:00,,,,,,268.216667,258.165,,,,,,
28213ce7-9434-47b7-b2eb-b18f9584a1d0,,,,,,,canceled,,order_cancel,2026-07-29T15:22:28.588176+00:00,canceled,0.0,,,2026-07-29T16:19:42.513470+00:00,,,,,,,,,,,,,
7313e040-503d-429a-a6b1-cf62d8d66e23,NOW,-22.0,close,,,,filled,2026-07-29 15:22:29.662129+00:00,exit,2026-07-29T15:22:29.690468+00:00,filled,22.0,113.752273,2026-07-29 15:22:32.957170+00:00,2026-07-29T16:19:42.513470+00:00,,,,,,111.7,113.695,,,,,,
d5203eef-26f7-4a9c-8179-7e8e3a382e51,,,,,,,canceled,,order_cancel,2026-07-29T15:22:30.356258+00:00,canceled,0.0,,,2026-07-29T16:19:42.513470+00:00,,,,,,,,,,,,,
c16265c0-6f66-4275-8352-be05c76e90a2,XLK,5.0,close,,,,filled,2026-07-29 15:22:31.430163+00:00,exit,2026-07-29T15:22:31.457635+00:00,filled,5.0,168.52,2026-07-29 15:22:32.097550+00:00,2026-07-29T16:19:42.513470+00:00,,,,,,171.01,168.47,,,,,,
,AEP,6.0,buy,limit,,,rejected,,entry,2026-07-29T16:23:10.085740+00:00,,,,,,133.02000427246094,cross_USO_state_slope=uptrend + state_slope=downtrend,2026-07-28 04:00:00+00:00,1d,rolling,,,price-eq-AEP-1d-buy-8612d2f1,"{""code"":40010001,""message"":""client_order_id must be unique""}",,5.0,2.0,
,AMAT,1.0,buy,limit,,,rejected,,entry,2026-07-29T16:23:10.289712+00:00,,,,,,476.4599914550781,state_ext=stretched_down + state_ret_5=ret_down,2026-07-28 04:00:00+00:00,1d,rolling,,,price-eq-AMAT-1d-buy-9389545b,"{""code"":40010001,""message"":""client_order_id must be unique""}",,5.0,2.0,
,ASML,1.0,buy,limit,,,rejected,,entry,2026-07-29T16:23:10.494494+00:00,,,,,,1582.949951171875,cross_USO_state_vol=high_vol + state_ext=stretched_down,2026-07-28 04:00:00+00:00,1d,rolling,,,price-eq-ASML-1d-buy-0cbdda76,"{""code"":40010001,""message"":""client_order_id must be unique""}",,5.0,2.0,
,KLAC,4.0,buy,limit,,,rejected,,entry,2026-07-29T16:23:11.157890+00:00,,,,,,190.8000030517578,state_ext=stretched_down + state_slope=downtrend + state_vol=high_vol,2026-07-28 04:00:00+00:00,1d,rolling,,,price-eq-KLAC-1d-buy-74bc801d,"{""code"":40010001,""message"":""client_order_id must be unique""}",,5.0,2.0,
33991d1d-f3df-4fc2-93c5-75ba9e51cdea,KLAC,8.0,buy,limit,,day,filled,2026-07-29 16:23:11.322861+00:00,entry,2026-07-29T16:23:11.344799+00:00,filled,8.0,173.5475,2026-07-29 16:23:12.731623+00:00,2026-07-29T17:20:01.165587+00:00,190.8000030517578,state_slope=downtrend + state_vol=high_vol,2026-07-28 04:00:00+00:00,1d,rolling,,,price-eq-KLAC-1d-buy-02ada91d,,,5.0,2.0,
,LRCX,3.0,buy,limit,,,rejected,,entry,2026-07-29T16:23:11.506568+00:00,,,,,,269.6099853515625,state_volume=vol_normal + state_ext=stretched_down + state_slope=downtrend,2026-07-28 04:00:00+00:00,1d,rolling,,,price-eq-LRCX-1d-buy-df996ba2,"{""code"":40010001,""message"":""client_order_id must be unique""}",,5.0,2.0,
fa7fc48d-b67b-4420-94e7-ade4cd11c270,LRCX,3.0,buy,limit,,day,filled,2026-07-29 16:23:11.686554+00:00,entry,2026-07-29T16:23:11.705768+00:00,filled,3.0,253.78,2026-07-29 16:23:12.035538+00:00,2026-07-29T17:20:01.165587+00:00,269.6099853515625,state_volume=vol_normal + state_slope=downtrend,2026-07-28 04:00:00+00:00,1d,rolling,,,price-eq-LRCX-1d-buy-72738555,,,5.0,2.0,
,XLK,5.0,buy,limit,,,rejected,,entry,2026-07-29T16:23:11.973602+00:00,,,,,,171.08999633789062,state_ext=stretched_down + state_ret_1=ret_down,2026-07-28 04:00:00+00:00,1d,rolling,,,price-eq-XLK-1d-buy-8c8e54d1,"{""code"":40010001,""message"":""client_order_id must be unique""}",,5.0,2.0,
c68ec4ed-f985-4fba-8718-a71bf8c038f4,,,,,,,canceled,,order_cancel,2026-07-29T17:22:38.623290+00:00,canceled,0.0,,,2026-07-29T18:19:47.173132+00:00,,,,,,,,,,,,,
f5e983f0-b6e4-423b-998a-6e3b3593f600,HON,5.0,close,,,,filled,2026-07-29 17:22:39.645622+00:00,exit,2026-07-29T17:22:39.682516+00:00,filled,5.0,242.09,2026-07-29 17:22:41.695330+00:00,2026-07-29T18:19:47.173132+00:00,,,,,,245.15,242.215,,,,,,
37a6d1cc-39da-404c-8b0f-e2b37434cd31,,,,,,,canceled,,order_cancel,2026-07-29T17:22:40.903288+00:00,canceled,0.0,,,2026-07-29T18:19:47.173132+00:00,,,,,,,,,,,,,
3a01306d-1b0b-4d11-a924-866e66d1f911,KLAC,8.0,close,,,,filled,2026-07-29 17:22:42.519911+00:00,exit,2026-07-29T17:22:42.562046+00:00,filled,8.0,174.85,2026-07-29 17:22:43.298080+00:00,2026-07-29T18:19:47.173132+00:00,,,,,,173.5475,174.78,,,,,,
1c6ef376-8883-47d0-9a0d-a45051bb341c,,,,,,,canceled,,order_cancel,2026-07-29T17:22:43.321493+00:00,canceled,0.0,,,2026-07-29T18:19:47.173132+00:00,,,,,,,,,,,,,
9514baa2-fd3f-41ad-8ec7-0dfd2747587b,LRCX,3.0,close,,,,filled,2026-07-29 17:22:44.988377+00:00,exit,2026-07-29T17:22:45.031037+00:00,filled,3.0,257.58,2026-07-29 17:22:45.441973+00:00,2026-07-29T18:19:47.173132+00:00,,,,,,253.78,257.83,,,,,,
,AEP,6.0,buy,limit,,,rejected,,entry,2026-07-29T19:23:33.678705+00:00,,,,,,133.02000427246094,cross_USO_state_slope=uptrend + state_slope=downtrend,2026-07-28 04:00:00+00:00,1d,rolling,,,price-eq-AEP-1d-buy-8612d2f1,"{""code"":40010001,""message"":""client_order_id must be unique""}",,5.0,2.0,
,AMAT,1.0,buy,limit,,,rejected,,entry,2026-07-29T19:23:33.925684+00:00,,,,,,476.4599914550781,state_ext=stretched_down + state_ret_5=ret_down,2026-07-28 04:00:00+00:00,1d,rolling,,,price-eq-AMAT-1d-buy-9389545b,"{""code"":40010001,""message"":""client_order_id must be unique""}",,5.0,2.0,
,ASML,1.0,buy,limit,,,rejected,,entry,2026-07-29T19:23:34.173397+00:00,,,,,,1582.949951171875,cross_USO_state_vol=high_vol + state_ext=stretched_down,2026-07-28 04:00:00+00:00,1d,rolling,,,price-eq-ASML-1d-buy-0cbdda76,"{""code"":40010001,""message"":""client_order_id must be unique""}",,5.0,2.0,
,KLAC,4.0,buy,limit,,,rejected,,entry,2026-07-29T19:23:35.661438+00:00,,,,,,190.8000030517578,state_ext=stretched_down + state_slope=downtrend + state_vol=high_vol,2026-07-28 04:00:00+00:00,1d,rolling,,,price-eq-KLAC-1d-buy-74bc801d,"{""code"":40010001,""message"":""client_order_id must be unique""}",,5.0,2.0,
,KLAC,8.0,buy,limit,,,rejected,,entry,2026-07-29T19:23:35.910225+00:00,,,,,,190.8000030517578,state_slope=downtrend + state_vol=high_vol,2026-07-28 04:00:00+00:00,1d,rolling,,,price-eq-KLAC-1d-buy-02ada91d,"{""code"":40010001,""message"":""client_order_id must be unique""}",,5.0,2.0,
,LRCX,3.0,buy,limit,,,rejected,,entry,2026-07-29T19:23:36.162227+00:00,,,,,,269.6099853515625,state_volume=vol_normal + state_ext=stretched_down + state_slope=downtrend,2026-07-28 04:00:00+00:00,1d,rolling,,,price-eq-LRCX-1d-buy-df996ba2,"{""code"":40010001,""message"":""client_order_id must be unique""}",,5.0,2.0,
,LRCX,3.0,buy,limit,,,rejected,,entry,2026-07-29T19:23:36.411539+00:00,,,,,,269.6099853515625,state_volume=vol_normal + state_slope=downtrend,2026-07-28 04:00:00+00:00,1d,rolling,,,price-eq-LRCX-1d-buy-72738555,"{""code"":40010001,""message"":""client_order_id must be unique""}",,5.0,2.0,
e67c91be-a0c5-41ba-bbc4-7dbdd57ac276,LRCX,3.0,buy,limit,,day,filled,2026-07-29 19:23:36.640864+00:00,entry,2026-07-29T19:23:36.673136+00:00,filled,3.0,260.58,2026-07-29 19:23:38.136940+00:00,2026-07-29T20:19:38.502215+00:00,269.6099853515625,state_volume=vol_normal + state_ext=stretched_down,2026-07-28 04:00:00+00:00,1d,rolling,,,price-eq-LRCX-1d-buy-7792fdce,,,5.0,2.0,
,XLK,5.0,buy,limit,,,rejected,,entry,2026-07-29T19:23:36.924023+00:00,,,,,,171.08999633789062,state_ext=stretched_down + state_ret_1=ret_down,2026-07-28 04:00:00+00:00,1d,rolling,,,price-eq-XLK-1d-buy-8c8e54d1,"{""code"":40010001,""message"":""client_order_id must be unique""}",,5.0,2.0,
2b33cc9e-2b85-4dee-86b2-aaa2a0ee12e6,,,,,,,canceled,,order_cancel,2026-07-29T20:24:42.533449+00:00,canceled,0.0,,,2026-07-29T21:19:30.165816+00:00,,,,,,,,,,,,,
f6b2e6ef-68ee-4e3d-8747-e261783e4450,XLF,17.0,close,,,,filled,2026-07-29 20:24:43.720532+00:00,exit,2026-07-29T20:24:43.756964+00:00,filled,17.0,56.81,2026-07-30 13:30:20.516814+00:00,2026-07-31T13:19:38.735836+00:00,,,,,,56.88,56.67,,,,,,
,AEP,6.0,buy,limit,,,rejected,,entry,2026-07-29T20:24:44.408395+00:00,,,,,,133.02000427246094,cross_USO_state_slope=uptrend + state_slope=downtrend,2026-07-28 04:00:00+00:00,1d,rolling,,,price-eq-AEP-1d-buy-8612d2f1,"{""code"":40010001,""message"":""client_order_id must be unique""}",,5.0,2.0,
,AMAT,1.0,buy,limit,,,rejected,,entry,2026-07-29T20:24:44.735062+00:00,,,,,,476.4599914550781,state_ext=stretched_down + state_ret_5=ret_down,2026-07-28 04:00:00+00:00,1d,rolling,,,price-eq-AMAT-1d-buy-9389545b,"{""code"":40010001,""message"":""client_order_id must be unique""}",,5.0,2.0,
,ASML,1.0,buy,limit,,,rejected,,entry,2026-07-29T20:24:45.052815+00:00,,,,,,1582.949951171875,cross_USO_state_vol=high_vol + state_ext=stretched_down,2026-07-28 04:00:00+00:00,1d,rolling,,,price-eq-ASML-1d-buy-0cbdda76,"{""code"":40010001,""message"":""client_order_id must be unique""}",,5.0,2.0,
f2f3fdc6-4110-430d-92fd-5544eb07ae07,CMCSA,81.0,sell,limit,,day,expired,2026-07-29 20:24:45.555114+00:00,entry,2026-07-29T20:24:45.589058+00:00,expired,0.0,,,2026-07-30T20:19:37.927877+00:00,24.190000534057617,cross_USO_state_ext=neutral + cross_TLT_state_slope=downtrend + state_ext=stretched_up,2026-07-28 04:00:00+00:00,1d,rolling,,,price-eq-CMCSA-1d-sell-0e6c9453,,,5.0,2.0,
,KLAC,4.0,buy,limit,,,rejected,,entry,2026-07-29T20:24:46.352189+00:00,,,,,,190.8000030517578,state_ext=stretched_down + state_slope=downtrend + state_vol=high_vol,2026-07-28 04:00:00+00:00,1d,rolling,,,price-eq-KLAC-1d-buy-74bc801d,"{""code"":40010001,""message"":""client_order_id must be unique""}",,5.0,2.0,
,KLAC,8.0,buy,limit,,,rejected,,entry,2026-07-29T20:24:46.981682+00:00,,,,,,190.8000030517578,state_slope=downtrend + state_vol=high_vol,2026-07-28 04:00:00+00:00,1d,rolling,,,price-eq-KLAC-1d-buy-02ada91d,"{""code"":40010001,""message"":""client_order_id must be unique""}",,5.0,2.0,
,XLK,5.0,buy,limit,,,rejected,,entry,2026-07-29T20:24:47.527053+00:00,,,,,,171.08999633789062,state_ext=stretched_down + state_ret_1=ret_down,2026-07-28 04:00:00+00:00,1d,rolling,,,price-eq-XLK-1d-buy-8c8e54d1,"{""code"":40010001,""message"":""client_order_id must be unique""}",,5.0,2.0,
f6b2e6ef-68ee-4e3d-8747-e261783e4450,XLF,17.0,close,,,,filled,2026-07-29 20:24:43.720532+00:00,exit,2026-07-29T21:25:37.877538+00:00,filled,17.0,56.81,2026-07-30 13:30:20.516814+00:00,2026-07-31T13:19:38.735836+00:00,,,,,,56.88,56.6377,,,,,,market close order already pending for XLF; skipping cancel+resubmit to avoid the hourly cancel-resubmit cycle
,AEP,6.0,buy,limit,,,rejected,,entry,2026-07-29T21:25:38.153679+00:00,,,,,,133.02000427246094,cross_USO_state_slope=uptrend + state_slope=downtrend,2026-07-28 04:00:00+00:00,1d,rolling,,,price-eq-AEP-1d-buy-8612d2f1,"{""code"":40010001,""message"":""client_order_id must be unique""}",,5.0,2.0,
,AMAT,1.0,buy,limit,,,rejected,,entry,2026-07-29T21:25:38.279565+00:00,,,,,,476.4599914550781,state_ext=stretched_down + state_ret_5=ret_down,2026-07-28 04:00:00+00:00,1d,rolling,,,price-eq-AMAT-1d-buy-9389545b,"{""code"":40010001,""message"":""client_order_id must be unique""}",,5.0,2.0,
,ASML,1.0,buy,limit,,,rejected,,entry,2026-07-29T21:25:38.406122+00:00,,,,,,1582.949951171875,cross_USO_state_vol=high_vol + state_ext=stretched_down,2026-07-28 04:00:00+00:00,1d,rolling,,,price-eq-ASML-1d-buy-0cbdda76,"{""code"":40010001,""message"":""client_order_id must be unique""}",,5.0,2.0,
,KLAC,4.0,buy,limit,,,rejected,,entry,2026-07-29T21:25:39.286210+00:00,,,,,,190.8000030517578,state_ext=stretched_down + state_slope=downtrend + state_vol=high_vol,2026-07-28 04:00:00+00:00,1d,rolling,,,price-eq-KLAC-1d-buy-74bc801d,"{""code"":40010001,""message"":""client_order_id must be unique""}",,5.0,2.0,
,KLAC,8.0,buy,limit,,,rejected,,entry,2026-07-29T21:25:39.409497+00:00,,,,,,190.8000030517578,state_slope=downtrend + state_vol=high_vol,2026-07-28 04:00:00+00:00,1d,rolling,,,price-eq-KLAC-1d-buy-02ada91d,"{""code"":40010001,""message"":""client_order_id must be unique""}",,5.0,2.0,
,XLK,5.0,buy,limit,,,rejected,,entry,2026-07-29T21:25:39.760512+00:00,,,,,,171.08999633789062,state_ext=stretched_down + state_ret_1=ret_down,2026-07-28 04:00:00+00:00,1d,rolling,,,price-eq-XLK-1d-buy-8c8e54d1,"{""code"":40010001,""message"":""client_order_id must be unique""}",,5.0,2.0,
b9ae401a-71a0-4982-bbaa-11fe79feaab5,FDX,8.0,buy,limit,,day,filled,2026-07-30 14:23:56.954629+00:00,entry,2026-07-30T14:23:56.974785+00:00,filled,8.0,305.62,2026-07-30 14:23:58.514354+00:00,2026-07-31T13:19:38.735836+00:00,305.9334,state_ext=stretched_down + state_ret_1=ret_down,2026-07-30 13:00:00+00:00,1h,rolling,,,price-eq-FDX-1h-buy-f1607629,,,3.0,2.0,
1820720a-dc18-441d-afb0-6d52565500b6,HON,5.0,buy,limit,,day,filled,2026-07-30 14:23:57.708807+00:00,entry,2026-07-30T14:23:57.728173+00:00,filled,5.0,238.63,2026-07-30 14:23:57.910852+00:00,2026-07-30T15:21:20.824995+00:00,239.299475,state_ext=stretched_down + state_ret_1=ret_down,2026-07-30 13:00:00+00:00,1h,rolling,,,price-eq-HON-1h-buy-0dfc73a0,,,3.0,2.0,
be6baa9a-556f-4016-a973-60b8bda12b3e,KLAC,13.0,buy,limit,,day,filled,2026-07-30 14:23:58.287464+00:00,entry,2026-07-30T14:23:58.302774+00:00,filled,13.0,184.99,2026-07-30 14:23:58.772790+00:00,2026-07-30T15:21:20.824995+00:00,186.860275,cross_USO_state_slope=uptrend + state_slope=downtrend,2026-07-30 13:00:00+00:00,1h,rolling,,,price-eq-KLAC-1h-buy-d7fc011a,,,3.0,2.0,
b55b99f2-8015-4fb1-a212-4056c0e243b2,NOW,23.0,buy,limit,,day,filled,2026-07-30 14:23:58.924425+00:00,entry,2026-07-30T14:23:58.952258+00:00,filled,23.0,106.97,2026-07-30 14:23:59.791789+00:00,2026-07-30T15:21:20.824995+00:00,108.855025,state_ext=stretched_down + state_ret_1=ret_down,2026-07-30 13:00:00+00:00,1h,rolling,,,price-eq-NOW-1h-buy-67c56d44,,,3.0,2.0,
3503b3de-e4a3-4040-8249-513a5597f753,CRWD,13.0,sell,limit,,day,filled,2026-07-30 15:27:56.860779+00:00,entry,2026-07-30T15:27:56.895279+00:00,filled,13.0,181.44,2026-07-30 15:31:35.789528+00:00,2026-07-30T16:19:32.468830+00:00,181.20285,state_session=morning + state_volume=vol_quiet,2026-07-30 14:00:00+00:00,1h,rolling,,,price-eq-CRWD-1h-sell-21b4fdcd,,,3.0,2.0,
cebcb68f-9dfa-4270-86f0-278b030e9521,FDX,6.0,buy,limit,,day,expired,2026-07-30 15:27:57.171370+00:00,entry,2026-07-30T15:27:57.203066+00:00,expired,0.0,,,2026-07-30T20:19:37.927877+00:00,305.183025,state_ext=stretched_down + state_ret_5=ret_down,2026-07-30 14:00:00+00:00,1h,rolling,,,price-eq-FDX-1h-buy-0ccc3a15,,,3.0,2.0,
f280b372-6380-42ec-a61a-52309e08fe47,NOW,22.0,buy,limit,,day,filled,2026-07-30 15:27:58.852688+00:00,entry,2026-07-30T15:27:58.896177+00:00,filled,22.0,108.24,2026-07-30 15:28:01.081376+00:00,2026-07-30T16:19:32.468830+00:00,109.514075,state_ext=stretched_down + state_ret_5=ret_down,2026-07-30 14:00:00+00:00,1h,rolling,,,price-eq-NOW-1h-buy-438ed6e0,,,3.0,2.0,
e8a6664b-5daf-4548-b1e7-6d8afed86f37,,,,,,,canceled,,order_cancel,2026-07-30T16:23:32.812437+00:00,canceled,0.0,,,2026-07-30T17:19:30.593054+00:00,,,,,,,,,,,,,
60a8c011-5247-4f4e-87e9-27b393cb90a1,HON,5.0,close,,,,filled,2026-07-30 16:23:34.323225+00:00,exit,2026-07-30T16:23:34.364393+00:00,filled,5.0,239.02,2026-07-30 16:23:36.279971+00:00,2026-07-31T13:19:38.735836+00:00,,,,,,238.63,239.16,,,,,,
534dabf9-c305-4a7a-b651-53e1d3082bf1,,,,,,,canceled,,order_cancel,2026-07-30T16:23:35.117992+00:00,canceled,0.0,,,2026-07-30T17:19:30.593054+00:00,,,,,,,,,,,,,
1cb24def-4429-4097-a11c-8fc733e4101f,KLAC,13.0,close,,,,filled,2026-07-30 16:23:36.987153+00:00,exit,2026-07-30T16:23:37.032020+00:00,filled,13.0,183.19077,2026-07-30 16:23:39.939234+00:00,2026-07-31T13:19:38.735836+00:00,,,,,,184.99,183.19,,,,,,
269fed12-2909-4c64-bcc2-df3440f8321c,,,,,,,canceled,,order_cancel,2026-07-30T17:22:35.139584+00:00,canceled,0.0,,,2026-07-30T18:19:31.697943+00:00,,,,,,,,,,,,,
21137d2c-3ade-47d3-9fa4-bd497dda9a55,CRWD,-13.0,close,,,,filled,2026-07-30 17:22:36.040903+00:00,exit,2026-07-30T17:22:36.056323+00:00,filled,13.0,182.22,2026-07-30 17:22:36.272622+00:00,2026-07-30T18:19:31.697943+00:00,,,,,,181.44,182.145,,,,,,
c89db386-e1be-428c-9040-17b70ddb7e0d,HON,5.0,buy,limit,,day,filled,2026-07-30 17:22:38.393465+00:00,entry,2026-07-30T17:22:38.408696+00:00,filled,5.0,240.23,2026-07-30 17:22:40.027171+00:00,2026-07-31T13:19:38.735836+00:00,240.345275,state_volume=vol_quiet + state_ext=stretched_down + state_slope=downtrend,2026-07-30 16:00:00+00:00,1h,rolling,,,price-eq-HON-1h-buy-a57f5fc3,,,5.0,2.0,
7f7162e9-dddc-46e8-a72a-68c6e23d16b7,KLAC,13.0,buy,limit,,day,filled,2026-07-30 17:22:39.059569+00:00,entry,2026-07-30T17:22:39.074772+00:00,filled,13.0,182.44,2026-07-30 17:22:39.265033+00:00,2026-07-30T18:19:31.697943+00:00,183.84955,cross_USO_state_slope=uptrend + state_slope=downtrend,2026-07-30 16:00:00+00:00,1h,rolling,,,price-eq-KLAC-1h-buy-1f4b8699,,,3.0,2.0,
e40ebcd9-705b-4a39-83af-250a8e3e5ea1,NOW,22.0,buy,limit,,day,filled,2026-07-30 17:22:39.823196+00:00,entry,2026-07-30T17:22:39.841016+00:00,filled,22.0,109.78,2026-07-30 17:22:40.636258+00:00,2026-07-30T18:19:31.697943+00:00,109.7799,state_ext=stretched_down + state_ret_5=ret_down,2026-07-30 16:00:00+00:00,1h,rolling,,,price-eq-NOW-1h-buy-535e5ab1,,,3.0,2.0,
14b4e3e4-e749-410e-9ca8-4ff6c51c7606,CRWD,13.0,sell,limit,,day,filled,2026-07-30 18:24:10.938667+00:00,entry,2026-07-30T18:24:10.939805+00:00,filled,13.0,183.19,2026-07-30 18:24:12.021744+00:00,2026-07-30T19:19:25.011081+00:00,182.428025,state_session=lunch + state_volume=vol_quiet,2026-07-30 17:00:00+00:00,1h,rolling,,,price-eq-CRWD-1h-sell-ea7a3d94,,,3.0,2.0,
958d935f-8600-456a-830c-1df282eac1ef,NOW,22.0,buy,limit,,day,filled,2026-07-30 18:24:13.325075+00:00,entry,2026-07-30T18:24:13.320604+00:00,filled,22.0,110.04,2026-07-30 18:24:14.129457+00:00,2026-07-31T13:19:38.735836+00:00,110.298225,state_ext=stretched_down + state_ret_5=ret_down,2026-07-30 17:00:00+00:00,1h,rolling,,,price-eq-NOW-1h-buy-f65133d7,,,3.0,2.0,
5094a967-f53c-48e2-a574-cee9f8e06990,SMCI,33.0,buy,limit,,day,filled,2026-07-30 18:24:13.686185+00:00,entry,2026-07-30T18:24:13.708261+00:00,filled,33.0,27.69,2026-07-30 18:24:16.074642+00:00,2026-07-30T19:19:25.011081+00:00,27.734725,state_session=afternoon + state_ext=neutral + state_slope=uptrend,2026-07-30 18:00:00+00:00,15m,rolling,,,price-eq-SMCI-15m-buy-25de1717,,,5.0,2.0,
8b570e43-50e2-48db-93ae-c68a0c248f4a,,,,,,,canceled,,order_cancel,2026-07-30T19:23:58.194679+00:00,canceled,0.0,,,2026-07-30T20:19:37.927877+00:00,,,,,,,,,,,,,
37e491f6-4aea-4094-9cc2-903baad9bd95,KLAC,13.0,close,,,,filled,2026-07-30 19:23:58.844039+00:00,exit,2026-07-30T19:23:58.852573+00:00,filled,13.0,180.89,2026-07-30 19:23:59.134922+00:00,2026-07-30T20:19:37.927877+00:00,,,,,,182.44,180.92,,,,,,
9f065e0a-ff53-4311-ab07-d1c010433eb9,,,,,,,canceled,,order_cancel,2026-07-30T19:23:59.116689+00:00,canceled,0.0,,,2026-07-30T20:19:37.927877+00:00,,,,,,,,,,,,,
d05716d0-e470-4669-b247-39286557ae84,LRCX,3.0,close,,,,filled,2026-07-30 19:24:00.140734+00:00,exit,2026-07-30T19:24:00.146946+00:00,filled,3.0,301.46,2026-07-30 19:24:00.652207+00:00,2026-07-31T13:19:38.735836+00:00,,,,,,260.858889,301.61,,,,,,
72a9ce4a-9c13-46e5-99ac-1bf5469d6a5f,AEP,7.0,buy,limit,,day,filled,2026-07-30 19:24:02.591639+00:00,entry,2026-07-30T19:24:02.599414+00:00,filled,7.0,127.85,2026-07-30 19:24:03.910584+00:00,2026-07-31T13:19:38.735836+00:00,127.86705,cross_USO_state_ext=neutral + state_ext=stretched_down,2026-07-30 18:00:00+00:00,1h,rolling,,,price-eq-AEP-1h-buy-9a972f5c,,,5.0,2.0,
7ceb0152-baae-410d-8a6b-9757daeef14e,AEP,7.0,buy,limit,,day,filled,2026-07-30 20:26:19.679133+00:00,entry,2026-07-30T20:26:19.720897+00:00,filled,7.0,127.63,2026-07-31 13:32:46.140773+00:00,2026-07-31T14:19:30.730944+00:00,128.03885,cross_USO_state_ext=neutral + state_ext=stretched_down,2026-07-30 19:00:00+00:00,1h,rolling,,,price-eq-AEP-1h-buy-afc8ba28,,,5.0,2.0,
3c68e092-3ad0-4722-9bf8-51f06c803d22,FDX,8.0,buy,limit,,day,filled,2026-07-30 20:26:20.675550+00:00,entry,2026-07-30T20:26:20.718591+00:00,filled,8.0,309.08,2026-07-31 13:36:51.069663+00:00,2026-07-31T14:19:30.730944+00:00,309.08705000000003,cross_USO_state_slope=uptrend + state_slope=downtrend,2026-07-30 19:00:00+00:00,1h,rolling,,,price-eq-FDX-1h-buy-bd138788,,,3.0,2.0,
9c2c80dc-fb22-4e37-8ec6-c87243d4e7ac,KLAC,13.0,buy,limit,,day,filled,2026-07-30 20:26:21.573997+00:00,entry,2026-07-30T20:26:21.617613+00:00,filled,13.0,181.917692,2026-07-31 13:48:10.665201+00:00,2026-08-03T13:20:06.075379+00:00,181.9783,state_session=afternoon + state_vol=mid_vol,2026-07-30 19:00:00+00:00,1h,rolling,,,price-eq-KLAC-1h-buy-68f62aee,,,5.0,2.0,
80ae55e6-8f17-47f6-8f13-b9d548d4ac91,NOW,22.0,buy,limit,,day,filled,2026-07-30 20:26:21.935128+00:00,entry,2026-07-30T20:26:21.976002+00:00,filled,22.0,108.26,2026-07-31 13:30:26.940143+00:00,2026-08-03T13:20:06.075379+00:00,110.6634,cross_USO_state_ext=neutral + state_ext=stretched_down,2026-07-30 19:00:00+00:00,1h,rolling,,,price-eq-NOW-1h-buy-9ab8d614,,,3.0,2.0,
f55b7ec4-dbd9-43bb-93fe-10be9dc278df,GDXJ,9.0,buy,limit,,day,filled,2026-07-30 20:26:22.820039+00:00,entry,2026-07-30T20:26:22.862412+00:00,filled,9.0,96.846667,2026-07-31 13:32:49.464130+00:00,2026-08-03T13:20:06.075379+00:00,99.123475,state_session=afternoon + state_slope=uptrend + state_vol=low_vol,2026-07-30 19:45:00+00:00,15m,rolling,,,price-eq-GDXJ-15m-buy-d8602903,,,5.0,2.0,
a07955e6-bf17-4ff5-8dad-5074e3883228,ASML,1.0,buy,limit,,day,filled,2026-07-31 13:23:11.561851+00:00,entry,2026-07-31T13:23:11.580931+00:00,filled,1.0,1667.94,2026-07-31 13:38:48.031201+00:00,2026-07-31T14:19:30.730944+00:00,1667.9543408203126,cross_USO_state_vol=high_vol + state_ext=stretched_down,2026-07-30 04:00:00+00:00,1d,rolling,,,price-eq-ASML-1d-buy-b8f119d6,,,5.0,2.5150984879432245,
7a399d40-50ee-497c-a6e3-dbcd4c55a2d9,KLAC,13.0,sell,stop,169.51,gtc,canceled,2026-07-31 14:19:52.264889+00:00,protective_stop_submit,2026-07-31T14:19:52.275103+00:00,canceled,0.0,,,2026-07-31T18:19:32.479119+00:00,,,,,,,,,,,,,
346bc43c-a9af-4b2b-9441-64659e17437d,CRWD,-13.0,close,,,,filled,2026-07-31 14:24:12.019319+00:00,exit,2026-07-31T14:24:12.027806+00:00,filled,13.0,185.27,2026-07-31 14:24:14.144141+00:00,2026-07-31T15:19:35.016404+00:00,,,,,,182.315,185.05,,,,,,
ce9f953b-584c-4bc7-91d5-d33462c330fc,HON,7.0,buy,limit,,day,filled,2026-07-31 14:24:14.713114+00:00,entry,2026-07-31T14:24:14.720064+00:00,filled,7.0,240.38,2026-07-31 14:24:16.853807+00:00,2026-08-03T13:20:06.075379+00:00,240.4384,state_volume=vol_quiet + state_slope=downtrend,2026-07-31 13:00:00+00:00,1h,rolling,,,price-eq-HON-1h-buy-ff814215,,,5.0,1.5,
f228c61a-0fe4-4157-b224-df31b51d4069,XLB,18.0,buy,limit,,day,filled,2026-07-31 14:24:15.891640+00:00,entry,2026-07-31T14:24:15.900190+00:00,filled,18.0,50.41,2026-07-31 14:24:17.498795+00:00,2026-08-03T13:20:06.075379+00:00,50.64455,cross_USO_state_ext=neutral + state_ext=stretched_down,2026-07-31 13:00:00+00:00,1h,rolling,,,price-eq-XLB-1h-buy-de579a79,,,3.0,1.5,
,,,,,226.51,,rejected,,protective_stop_replace,2026-07-31T15:20:00.692376+00:00,,,,,,,,,,,,,,"{""code"":42210000,""message"":""order is not open""}",41680664-e2a5-4194-a0c8-b7f17e75307e,,,
1551c940-32db-44f1-850d-316c946432a5,,,,,,,canceled,,order_cancel,2026-07-31T15:24:29.540618+00:00,canceled,0.0,,,2026-07-31T16:19:43.637512+00:00,,,,,,,,,,,,,
642840c0-bbcb-4ef4-b0d6-70f0558dc5fe,FDX,8.0,close,,,,filled,2026-07-31 15:24:30.231631+00:00,exit,2026-07-31T15:24:30.249768+00:00,filled,8.0,309.14,2026-07-31 15:24:30.583068+00:00,2026-08-03T13:20:06.075379+00:00,,,,,,309.08,309.15,,,,,,
9ad0ba68-b935-4e40-b17a-60786e8370e9,,,,,,,canceled,,order_cancel,2026-07-31T15:24:30.556523+00:00,canceled,0.0,,,2026-07-31T16:19:43.637512+00:00,,,,,,,,,,,,,
5a32983f-8a1d-488a-875c-3af035426e75,GDXJ,9.0,close,,,,filled,2026-07-31 15:24:31.221874+00:00,exit,2026-07-31T15:24:31.224946+00:00,filled,9.0,95.707778,2026-07-31 15:24:33.087002+00:00,2026-07-31T16:19:43.637512+00:00,,,,,,96.846667,95.71,,,,,,
990b43e8-5e83-4818-97b5-ba1a22e63ed0,,,,,,,canceled,,order_cancel,2026-07-31T15:24:31.521735+00:00,canceled,0.0,,,2026-07-31T16:19:43.637512+00:00,,,,,,,,,,,,,
e2fa9e65-98ed-4707-b537-82d9555125b1,NOW,22.0,close,,,,filled,2026-07-31 15:24:32.294112+00:00,exit,2026-07-31T15:24:32.295543+00:00,filled,22.0,109.58,2026-07-31 15:24:32.817311+00:00,2026-08-03T13:20:06.075379+00:00,,,,,,108.26,109.59,,,,,,
dcbd0e53-01ca-4198-8e7f-2b5213093a9c,CRWD,13.0,sell,limit,,day,filled,2026-07-31 15:24:34.233502+00:00,entry,2026-07-31T15:24:34.235903+00:00,filled,13.0,187.46,2026-07-31 15:24:34.881121+00:00,2026-08-03T13:20:06.075379+00:00,185.3675,cross_TLT_state_vol=high_vol + state_ext=stretched_up,2026-07-31 14:00:00+00:00,1h,rolling,,,price-eq-CRWD-1h-sell-e61ce9a1,,,3.0,2.555043210859642,
,,,,,226.51,,rejected,,protective_stop_replace,2026-07-31T16:20:07.855825+00:00,,,,,,,,,,,,,,"{""code"":42210000,""message"":""order is not open""}",41680664-e2a5-4194-a0c8-b7f17e75307e,,,
e6a0f8d2-c2c8-493e-b2d8-2c1d6a56693b,,,,,,,canceled,,order_cancel,2026-07-31T16:26:05.205833+00:00,canceled,0.0,,,2026-07-31T17:19:39.893435+00:00,,,,,,,,,,,,,
37a78005-6538-4a57-bd3f-cda546e3f9ae,XLB,18.0,close,,,,filled,2026-07-31 16:26:05.869066+00:00,exit,2026-07-31T16:26:05.874976+00:00,filled,18.0,50.42,2026-07-31 16:26:06.436803+00:00,2026-07-31T17:19:39.893435+00:00,,,,,,50.41,50.42,,,,,,
8d16a9a8-523c-487f-b5ee-fed48577002b,NOW,22.0,buy,limit,,day,filled,2026-07-31 16:26:10.001352+00:00,entry,2026-07-31T16:26:10.009203+00:00,filled,22.0,111.08,2026-07-31 16:26:10.557764+00:00,2026-07-31T17:19:39.893435+00:00,111.46722499999998,cross_USO_state_slope=flat + state_slope=downtrend,2026-07-31 15:00:00+00:00,1h,rolling,,,price-eq-NOW-1h-buy-776f9db2,,,3.0,1.5,
,,,,,226.51,,rejected,,protective_stop_replace,2026-07-31T17:20:02.977716+00:00,,,,,,,,,,,,,,"{""code"":42210000,""message"":""order is not open""}",41680664-e2a5-4194-a0c8-b7f17e75307e,,,
c803fa0d-3fb2-4589-9632-f9d82a66959d,,,,,,,canceled,,order_cancel,2026-07-31T17:26:01.521722+00:00,canceled,0.0,,,2026-07-31T18:19:32.479119+00:00,,,,,,,,,,,,,
7c4558d4-cbbb-4a3a-aa53-93082491449f,AEP,7.0,close,,,,filled,2026-07-31 17:26:02.707168+00:00,exit,2026-07-31T17:26:02.722661+00:00,filled,7.0,128.414285,2026-07-31 17:26:05.094134+00:00,2026-08-03T13:20:06.075379+00:00,,,,,,127.63,128.41,,,,,,
e8414197-0686-4e75-9516-f04ebb70993e,CRWD,-13.0,close,,,,filled,2026-07-31 17:26:02.958642+00:00,exit,2026-07-31T17:26:02.962805+00:00,filled,13.0,191.433846,2026-07-31 17:26:06.418833+00:00,2026-08-03T13:20:06.075379+00:00,,,,,,187.46,191.42,,,,,,
7a399d40-50ee-497c-a6e3-dbcd4c55a2d9,,,,,,,canceled,,order_cancel,2026-07-31T17:26:03.204615+00:00,canceled,0.0,,,2026-07-31T18:19:32.479119+00:00,,,,,,,,,,,,,
739a2331-fcab-42c1-a46e-dcaf5badca87,KLAC,13.0,close,,,,filled,2026-07-31 17:26:03.820641+00:00,exit,2026-07-31T17:26:03.859621+00:00,filled,13.0,187.112307,2026-07-31 17:26:05.909150+00:00,2026-08-03T13:20:06.075379+00:00,,,,,,181.917692,187.17,,,,,,
8282d975-4534-4a43-94b0-319b79b3e1b3,FDX,5.0,sell,limit,,day,filled,2026-07-31 17:26:06.402361+00:00,entry,2026-07-31T17:26:06.406575+00:00,filled,5.0,308.92,2026-07-31 19:09:02.230341+00:00,2026-07-31T19:19:35.637408+00:00,308.86785,state_session=lunch + state_volume=vol_quiet,2026-07-31 16:00:00+00:00,1h,rolling,,,price-eq-FDX-1h-sell-d02195d0,,,3.0,1.5,
e7251391-ce97-433c-b076-c6fb393c9f8d,XLB,18.0,buy,limit,,day,filled,2026-07-31 17:26:08.861482+00:00,entry,2026-07-31T17:26:08.876179+00:00,filled,18.0,50.57,2026-07-31 17:26:10.866210+00:00,2026-07-31T18:19:32.479119+00:00,50.62715,cross_USO_state_ext=neutral + state_ext=stretched_down,2026-07-31 16:00:00+00:00,1h,rolling,,,price-eq-XLB-1h-buy-bbaeb4c2,,,3.0,1.5,
,,,,,226.51,,rejected,,protective_stop_replace,2026-07-31T18:19:48.409417+00:00,,,,,,,,,,,,,,"{""code"":42210000,""message"":""order is not open""}",41680664-e2a5-4194-a0c8-b7f17e75307e,,,
f64ffc17-051c-427f-804e-3430f9854f3d,HON,7.0,close,,,,filled,2026-07-31 18:24:10.348522+00:00,exit,2026-07-31T18:24:10.352458+00:00,filled,7.0,244.87,2026-07-31 18:24:11.945874+00:00,2026-08-03T13:20:06.075379+00:00,,,,,,240.38,245.07,,,,,,
ff4f019e-936f-4b35-9768-8a8afc40898f,,,,,,,canceled,,order_cancel,2026-07-31T18:24:10.940558+00:00,canceled,0.0,,,2026-07-31T19:19:35.637408+00:00,,,,,,,,,,,,,
1ca44c56-b01b-4055-b2b6-df59e2ec7b16,NOW,22.0,close,,,,filled,2026-07-31 18:24:12.100562+00:00,exit,2026-07-31T18:24:12.104567+00:00,filled,22.0,111.17,2026-07-31 18:24:12.710902+00:00,2026-08-03T13:20:06.075379+00:00,,,,,,111.08,111.195,,,,,,
ae72826a-9807-4506-85d9-68402281bd34,AEP,7.0,buy,limit,,day,filled,2026-07-31 18:24:13.091794+00:00,entry,2026-07-31T18:24:13.096524+00:00,filled,7.0,128.46,2026-07-31 18:37:34.023569+00:00,2026-08-03T13:20:06.075379+00:00,128.46017377929687,cross_USO_state_slope=uptrend + state_slope=downtrend,2026-07-30 04:00:00+00:00,1d,rolling,,,price-eq-AEP-1d-buy-6f16835e,,,5.0,2.0180046689918414,
ce7e114d-591a-45ff-853e-506a1f4d2fa8,KLAC,8.0,buy,limit,,day,expired,2026-07-31 18:24:13.612167+00:00,entry,2026-07-31T18:24:13.618361+00:00,expired,0.0,,,2026-07-31T20:19:41.547012+00:00,182.13330184936524,state_slope=downtrend + state_vol=high_vol,2026-07-30 04:00:00+00:00,1d,rolling,,,price-eq-KLAC-1d-buy-0ead54ae,,,5.0,1.8354711635069565,
7eb5002c-7ad6-47ab-958a-8df431c1577b,CRWD,13.0,sell,limit,,day,filled,2026-07-31 18:24:13.782596+00:00,entry,2026-07-31T18:24:13.788148+00:00,filled,13.0,190.14,2026-07-31 18:24:14.606973+00:00,2026-08-03T13:20:06.075379+00:00,189.286975,cross_TLT_state_vol=high_vol + state_ext=stretched_up,2026-07-31 17:00:00+00:00,1h,rolling,,,price-eq-CRWD-1h-sell-eb5eceb9,,,3.0,2.555043210859642,
c12c240c-0155-44a4-b5fa-7d6664a59f84,AMAT,1.0,buy,limit,,day,filled,2026-07-31 18:24:17.061255+00:00,entry,2026-07-31T18:24:17.066031+00:00,filled,1.0,514.76,2026-07-31 18:24:53.634610+00:00,2026-07-31T19:19:35.637408+00:00,514.820625,state_session=afternoon + state_ret_5=ret_down,2026-07-31 18:00:00+00:00,15m,rolling,,,price-eq-AMAT-15m-buy-ef0dbf6c,,,5.0,3.356425900121794,
7f70b053-e21b-4796-873d-792c0f495876,SMCI,32.0,buy,limit,,day,filled,2026-07-31 18:24:17.235930+00:00,entry,2026-07-31T18:24:17.241653+00:00,filled,32.0,28.25,2026-07-31 18:24:18.086562+00:00,2026-08-03T13:20:06.075379+00:00,28.2667,state_session=afternoon + state_ext=neutral + state_slope=uptrend,2026-07-31 18:00:00+00:00,15m,rolling,,,price-eq-SMCI-15m-buy-877ff840,,,5.0,3.280051349616584,
601196d2-8e46-4dde-80a6-fc5ed34db4a9,FDX,5.0,buy,stop,311.38,gtc,canceled,2026-07-31 19:20:05.776169+00:00,protective_stop_submit,2026-07-31T19:20:05.792432+00:00,canceled,0.0,,,2026-07-31T20:19:41.547012+00:00,,,,,,,,,,,,,
7d99527a-6ce1-4e04-a085-72d2ec8c9bc4,,,,,,,canceled,,order_cancel,2026-07-31T19:23:52.437723+00:00,canceled,0.0,,,2026-07-31T20:19:41.547012+00:00,,,,,,,,,,,,,
72e46ef6-2926-4d9f-9d8f-754e8ed94ad3,AMAT,1.0,close,,,,filled,2026-07-31 19:23:53.215970+00:00,exit,2026-07-31T19:23:53.227783+00:00,filled,1.0,515.24,2026-07-31 19:23:53.941698+00:00,2026-07-31T20:19:41.547012+00:00,,,,,,514.76,515.32,,,,,,
601196d2-8e46-4dde-80a6-fc5ed34db4a9,,,,,,,canceled,,order_cancel,2026-07-31T19:23:53.638838+00:00,canceled,0.0,,,2026-07-31T20:19:41.547012+00:00,,,,,,,,,,,,,
49ef3162-1fe2-4ca2-b9ad-aa55909a5e49,FDX,-5.0,close,,,,filled,2026-07-31 19:23:54.415553+00:00,exit,2026-07-31T19:23:54.426890+00:00,filled,5.0,309.48,2026-07-31 19:23:57.772868+00:00,2026-08-03T13:20:06.075379+00:00,,,,,,308.92,309.38,,,,,,
87b219b9-b0ca-45d6-b7a5-4dd9fb7375bb,,,,,,,canceled,,order_cancel,2026-07-31T19:23:54.816094+00:00,canceled,0.0,,,2026-07-31T20:19:41.547012+00:00,,,,,,,,,,,,,
2a732961-5bb0-4d33-93b5-decaa9744dc2,SMCI,32.0,close,,,,filled,2026-07-31 19:23:55.592087+00:00,exit,2026-07-31T19:23:55.606134+00:00,filled,32.0,28.3,2026-07-31 19:23:55.796542+00:00,2026-07-31T20:19:41.547012+00:00,,,,,,28.25,28.305,,,,,,
3944f1ca-b78a-4c81-9180-a52f38053aef,XLB,18.0,close,,,,filled,2026-07-31 19:23:56.319674+00:00,exit,2026-07-31T19:23:56.331831+00:00,filled,18.0,50.578889,2026-07-31 19:23:58.400469+00:00,2026-07-31T20:19:41.547012+00:00,,,,,,50.57,50.585,,,,,,
32706a93-398b-40ef-b2f0-8b605660b475,HON,5.0,buy,limit,,day,filled,2026-07-31 19:23:59.398571+00:00,entry,2026-07-31T19:23:59.412023+00:00,filled,5.0,244.92,2026-07-31 19:32:03.516067+00:00,2026-07-31T20:19:41.547012+00:00,244.943575,state_session=afternoon + state_volume=vol_quiet,2026-07-31 18:00:00+00:00,1h,rolling,,,price-eq-HON-1h-buy-683ea0c7,,,5.0,1.5,
75116961-d51b-412d-9d4e-9b9df2757ef1,NOW,22.0,buy,limit,,day,filled,2026-07-31 19:24:01.475410+00:00,entry,2026-07-31T19:24:01.490461+00:00,filled,22.0,111.23,2026-07-31 19:24:58.664639+00:00,2026-08-03T13:20:06.075379+00:00,111.227775,cross_USO_state_slope=flat + state_slope=downtrend,2026-07-31 18:00:00+00:00,1h,rolling,,,price-eq-NOW-1h-buy-8e054400,,,3.0,1.5,
,KLAC,8.0,buy,limit,,,rejected,,entry,2026-07-31T20:26:23.209626+00:00,,,,,,182.13330184936524,state_slope=downtrend + state_vol=high_vol,2026-07-30 04:00:00+00:00,1d,rolling,,,price-eq-KLAC-1d-buy-0ead54ae,"{""code"":40010001,""message"":""client_order_id must be unique""}",,5.0,1.8354711635069565,
67d05ee9-e7a6-4e8a-9b14-754690a95ae3,AMAT,1.0,buy,limit,,day,filled,2026-07-31 20:26:23.445745+00:00,entry,2026-07-31T20:26:23.465548+00:00,filled,1.0,505.28,2026-08-03 13:30:19.911759+00:00,2026-08-04T13:20:01.640540+00:00,511.61135,state_session=afternoon + state_ret_5=ret_down,2026-07-31 19:00:00+00:00,1h,rolling,,,price-eq-AMAT-1h-buy-6f900be3,,,5.0,2.3961346606340634,
e64673bf-54a5-4450-9ea8-99e08b866b5c,KLAC,9.0,sell,limit,,day,filled,2026-07-31 20:26:24.855054+00:00,entry,2026-07-31T20:26:24.874629+00:00,filled,9.0,181.54,2026-08-03 14:51:41.811359+00:00,2026-08-04T13:20:01.640540+00:00,181.47295000000005,state_session=afternoon + state_volume=vol_quiet,2026-07-31 19:00:00+00:00,1h,rolling,,,price-eq-KLAC-1h-sell-819d8863,,,3.0,1.5,
cf8b3149-581e-41c6-8695-b17c1206da14,XLB,18.0,buy,limit,,day,filled,2026-07-31 20:26:25.647468+00:00,entry,2026-07-31T20:26:25.665803+00:00,filled,18.0,50.487222,2026-08-03 13:43:55.985752+00:00,2026-08-03T14:20:07.613648+00:00,50.49222499999999,cross_USO_state_ext=neutral + state_ext=stretched_down,2026-07-31 19:00:00+00:00,1h,rolling,,,price-eq-XLB-1h-buy-719877d6,,,3.0,1.5,
f9d74b51-e74d-4b81-8cd3-22a51055bbcf,SMCI,32.0,buy,limit,,day,filled,2026-07-31 20:26:26.150936+00:00,entry,2026-07-31T20:26:26.166745+00:00,filled,32.0,27.54,2026-08-03 13:31:52.796784+00:00,2026-08-03T14:20:07.613648+00:00,28.45125,state_session=afternoon + state_ext=neutral + state_slope=uptrend,2026-07-31 19:45:00+00:00,15m,rolling,,,price-eq-SMCI-15m-buy-4365a00b,,,5.0,3.280051349616584,
ff4be9a6-6a5c-4508-a2f3-a70ccc4981b8,,,,,,,canceled,,order_cancel,2026-08-03T13:20:45.563707+00:00,canceled,0.0,,,2026-08-03T14:20:07.613648+00:00,,,,,,,,,,,,,
3c1c0acc-58fe-4384-b66a-912ade63d69f,CRWD,-13.0,close,,,,filled,2026-08-03 13:20:46.473660+00:00,exit,2026-08-03T13:20:46.487434+00:00,filled,13.0,196.25,2026-08-03 13:31:25.811441+00:00,2026-08-03T14:20:07.613648+00:00,,,,,,188.8,196.5775,,,,,,
750e15ef-1b3c-4674-aabc-9a8c5d806dc7,KLAC,9.0,buy,stop,188.2,gtc,filled,2026-08-03 15:21:16.714293+00:00,protective_stop_submit,2026-08-03T15:21:16.742183+00:00,filled,9.0,190.512222,2026-08-04 13:32:48.370941+00:00,2026-08-04T14:19:50.606376+00:00,,,,,,,,,,,,,
6f1caaa0-f9bd-47fd-854d-a9b0e5ffa31f,,,,,,,canceled,,order_cancel,2026-08-04T13:23:37.103080+00:00,canceled,0.0,,,2026-08-04T14:19:50.606376+00:00,,,,,,,,,,,,,
422326f4-8c19-4653-af41-8bb2d21fda4f,SMCI,32.0,close,,,,filled,2026-08-04 13:23:38.236934+00:00,exit,2026-08-04T13:23:38.271721+00:00,filled,32.0,29.618438,2026-08-04 13:33:44.444432+00:00,2026-08-05T13:20:08.834540+00:00,,,,,,27.54,29.795,,,,,,
37dc19e0-53c2-4a19-bda7-c3ee9e424cd8,ADI,2.0,buy,limit,,day,expired,2026-08-04 13:23:39.796737+00:00,entry,2026-08-04T13:23:39.836119+00:00,expired,0.0,,,2026-08-04T20:20:11.225083+00:00,365.3291048828125,cross_USO_state_ext=neutral + state_ext=stretched_down,2026-08-03 04:00:00+00:00,1d,rolling,,,price-eq-ADI-1d-buy-d3cee0b4,,,5.0,2.212462858258526,
ec8cde3c-f987-4124-b113-30dcf65760ed,LRCX,3.0,buy,limit,,day,expired,2026-08-04 13:23:40.462346+00:00,entry,2026-08-04T13:23:40.501011+00:00,expired,0.0,,,2026-08-04T20:20:11.225083+00:00,297.55608520507815,state_volume=vol_normal + state_slope=downtrend,2026-08-03 04:00:00+00:00,1d,rolling,,,price-eq-LRCX-1d-buy-2e4bfcfb,,,5.0,2.102438106390022,
c45bbf22-6f1a-4bcc-8158-89357e134ebf,VRTX,1.0,buy,limit,,day,expired,2026-08-04 13:23:40.843644+00:00,entry,2026-08-04T13:23:40.886517+00:00,expired,0.0,,,2026-08-04T20:20:11.225083+00:00,473.8067762207031,state_ext=stretched_down + state_ret_1=ret_down,2026-08-03 04:00:00+00:00,1d,rolling,,,price-eq-VRTX-1d-buy-a9e842c9,,,5.0,2.2820294288295764,
86acc273-4fa9-4046-be87-ae230f6edd45,WMT,8.0,buy,limit,,day,filled,2026-08-04 13:23:41.356916+00:00,entry,2026-08-04T13:23:41.394508+00:00,filled,8.0,108.84625,2026-08-04 13:33:41.708810+00:00,2026-08-04T14:19:50.606376+00:00,111.40784908447264,cross_USO_state_ext=neutral + state_ext=neutral,2026-08-03 04:00:00+00:00,1d,rolling,,,price-eq-WMT-1d-buy-244b7233,,,5.0,2.437746655476736,
750e15ef-1b3c-4674-aabc-9a8c5d806dc7,KLAC,9.0,close,,,,filled,2026-08-04 13:32:48.370941+00:00,exit,2026-08-04T14:20:09.076105+00:00,filled,9.0,190.512222,2026-08-04 13:32:48.370941+00:00,2026-08-04T15:20:07.489214+00:00,,,,,,181.54,190.512222,,,,,,
750e15ef-1b3c-4674-aabc-9a8c5d806dc7,KLAC,9.0,close,,,,filled,2026-08-04 13:32:48.370941+00:00,exit,2026-08-04T15:20:42.676970+00:00,filled,9.0,190.512222,2026-08-04 13:32:48.370941+00:00,2026-08-04T16:20:04.518781+00:00,,,,,,181.54,190.512222,,,,,,
b207dd39-fdd7-4147-843b-2e2961f3d9d4,,,,,,,canceled,,order_cancel,2026-08-04T19:25:40.934297+00:00,canceled,0.0,,,2026-08-04T20:20:11.225083+00:00,,,,,,,,,,,,,
9b80268b-a4e8-4513-9071-ec61db7f7d30,XLB,18.0,close,,,,filled,2026-08-04 19:25:41.607002+00:00,exit,2026-08-04T19:25:41.612260+00:00,filled,18.0,51.91,2026-08-04 19:25:42.332006+00:00,2026-08-05T13:20:08.834540+00:00,,,,,,50.487222,51.915,,,,,,
,ADI,2.0,buy,limit,,,rejected,,entry,2026-08-04T20:23:47.573695+00:00,,,,,,365.3291048828125,cross_USO_state_ext=neutral + state_ext=stretched_down,2026-08-03 04:00:00+00:00,1d,rolling,,,price-eq-ADI-1d-buy-d3cee0b4,"{""code"":40010001,""message"":""client_order_id must be unique""}",,5.0,2.212462858258526,
d08bea45-509c-4c69-80ab-7fc01f4dd6a8,ADI,2.0,buy,limit,,day,expired,2026-08-04 20:23:47.854840+00:00,entry,2026-08-04T20:23:47.870041+00:00,expired,0.0,,,2026-08-05T20:20:15.363726+00:00,365.3291048828125,state_ext=stretched_down + state_ret_1=ret_down,2026-08-03 04:00:00+00:00,1d,rolling,,,price-eq-ADI-1d-buy-44bf22ad,,,5.0,2.321492701225474,
,LRCX,3.0,buy,limit,,,rejected,,entry,2026-08-04T20:23:48.344667+00:00,,,,,,297.55608520507815,state_volume=vol_normal + state_slope=downtrend,2026-08-03 04:00:00+00:00,1d,rolling,,,price-eq-LRCX-1d-buy-2e4bfcfb,"{""code"":40010001,""message"":""client_order_id must be unique""}",,5.0,2.102438106390022,
,VRTX,1.0,buy,limit,,,rejected,,entry,2026-08-04T20:23:48.626859+00:00,,,,,,473.8067762207031,state_ext=stretched_down + state_ret_1=ret_down,2026-08-03 04:00:00+00:00,1d,rolling,,,price-eq-VRTX-1d-buy-a9e842c9,"{""code"":40010001,""message"":""client_order_id must be unique""}",,5.0,2.2820294288295764,
91f18ba0-62f8-4e3c-8dc5-22b6a5d2542d,VRTX,1.0,buy,limit,,day,expired,2026-08-04 20:23:48.895229+00:00,entry,2026-08-04T20:23:48.908950+00:00,expired,0.0,,,2026-08-05T20:20:15.363726+00:00,473.8067762207031,state_ext=stretched_down + state_ret_5=ret_down,2026-08-03 04:00:00+00:00,1d,rolling,,,price-eq-VRTX-1d-buy-1bba983a,,,5.0,2.092619089048821,
,LRCX,3.0,buy,limit,,,rejected,,entry,2026-08-04T21:22:35.248415+00:00,,,,,,297.55608520507815,state_volume=vol_normal + state_slope=downtrend,2026-08-03 04:00:00+00:00,1d,rolling,,,price-eq-LRCX-1d-buy-2e4bfcfb,"{""code"":40010001,""message"":""client_order_id must be unique""}",,5.0,2.102438106390022,
e0f02e70-1859-43cf-86d0-0dd51f3c3cca,,,,,,,canceled,,order_cancel,2026-08-05T13:24:30.709767+00:00,canceled,0.0,,,2026-08-05T14:20:03.223620+00:00,,,,,,,,,,,,,
aa7c2353-4b2c-41ec-964d-30e7664e82dd,AMAT,1.0,close,,,,filled,2026-08-05 13:24:30.983588+00:00,exit,2026-08-05T13:24:31.000586+00:00,filled,1.0,542.0,2026-08-05 13:32:34.411194+00:00,2026-08-05T14:20:03.223620+00:00,,,,,,505.28,536.6881,,,,,,
6ae1cf1f-fa57-4d46-b0ff-19fe25ee84f9,HON,5.0,close,,,,filled,2026-08-05 13:24:31.594939+00:00,exit,2026-08-05T13:24:31.617357+00:00,filled,5.0,248.848,2026-08-05 13:34:10.380333+00:00,2026-08-06T13:20:06.167251+00:00,,,,,,242.271667,249.9201,,,,,,
2fc1f0a5-aa22-4d6b-9fcb-6bf83cb85e90,NOW,22.0,close,,,,filled,2026-08-05 13:24:32.156443+00:00,exit,2026-08-05T13:24:32.171973+00:00,filled,22.0,118.73,2026-08-05 13:32:09.911934+00:00,2026-08-06T13:20:06.167251+00:00,,,,,,110.19,120.67,,,,,,
3691cc11-bfad-4921-85d2-3aa4580d4c3b,CMG,44.0,buy,limit,,day,filled,2026-08-05 13:24:33.609591+00:00,entry,2026-08-05T13:24:33.627841+00:00,filled,44.0,34.15,2026-08-05 18:59:10.677379+00:00,2026-08-05T19:20:06.591106+00:00,34.15819969177246,cross_USO_state_ext=stretched_down + cross_TLT_state_slope=downtrend + state_ext=stretched_down,2026-08-04 04:00:00+00:00,1d,rolling,,,price-eq-CMG-1d-buy-664ce80c,,,5.0,2.0768002324304886,
9bac1d81-0d5a-4191-bb00-f0d76af822d3,LRCX,3.0,buy,limit,,day,filled,2026-08-05 13:24:33.940712+00:00,entry,2026-08-05T13:24:33.967084+00:00,filled,3.0,316.783333,2026-08-05 13:34:30.964384+00:00,2026-08-05T14:20:03.223620+00:00,320.9173901367188,cross_TLT_state_vol=low_vol + state_ext=neutral,2026-08-04 04:00:00+00:00,1d,rolling,,,price-eq-LRCX-1d-buy-0b2bf7ee,,,5.0,2.359480115787717,
114f2bea-4697-4a3b-9365-0636d81ff4d0,SHW,2.0,buy,limit,,day,filled,2026-08-05 13:24:34.496523+00:00,entry,2026-08-05T13:24:34.561269+00:00,filled,2.0,363.995,2026-08-05 13:36:08.174856+00:00,2026-08-06T13:20:06.167251+00:00,364.5557323242188,cross_USO_state_slope=uptrend + state_slope=uptrend,2026-08-04 04:00:00+00:00,1d,rolling,,,price-eq-SHW-1d-buy-f1c4ebf6,,,5.0,2.1319937195706564,
dd3d55f2-2c82-440b-ba0b-486bddd48ab2,SMH,1.0,buy,limit,,day,filled,2026-08-05 13:24:34.896971+00:00,entry,2026-08-05T13:24:34.913056+00:00,filled,1.0,577.3,2026-08-05 13:32:15.352041+00:00,2026-08-05T14:20:03.223620+00:00,581.4671221923828,cross_USO_state_ext=stretched_down + state_ext=neutral,2026-08-04 04:00:00+00:00,1d,rolling,,,price-eq-SMH-1d-buy-2999b76f,,,5.0,2.517472523732256,
ebc9bd3c-98c9-4888-ace5-a06fb2730825,SOXX,1.0,buy,limit,,day,filled,2026-08-05 13:24:35.240049+00:00,entry,2026-08-05T13:24:35.256179+00:00,filled,1.0,540.0,2026-08-05 13:31:28.687481+00:00,2026-08-06T13:20:06.167251+00:00,547.6321221923828,cross_USO_state_ext=stretched_down + state_ext=neutral,2026-08-04 04:00:00+00:00,1d,rolling,,,price-eq-SOXX-1d-buy-fd29e2ed,,,5.0,2.680001600610576,
3151669e-1147-4f56-9b97-2956512be053,TSLA,6.0,buy,limit,,day,filled,2026-08-05 13:24:35.555426+00:00,entry,2026-08-05T13:24:35.573162+00:00,filled,6.0,322.24,2026-08-05 13:33:52.480495+00:00,2026-08-06T13:20:06.167251+00:00,330.6235061645508,cross_USO_state_ext=stretched_down + cross_TLT_state_slope=downtrend + state_ext=stretched_down,2026-08-04 04:00:00+00:00,1d,rolling,,,price-eq-TSLA-1d-buy-64653ab3,,,5.0,1.8469424555930831,
23045853-3ab0-4086-8a04-cc15609fb549,AMAT,1.0,buy,limit,,day,filled,2026-08-05 18:24:35.247944+00:00,entry,2026-08-05T18:24:35.263388+00:00,filled,1.0,540.4,2026-08-05 18:30:48.757944+00:00,2026-08-06T13:20:06.167251+00:00,540.53785,state_session=afternoon + state_ret_5=ret_down,2026-08-05 18:00:00+00:00,15m,rolling,,,price-eq-AMAT-15m-buy-40a60146,,,5.0,3.347234108700986,
e2855d83-6621-4c63-877a-a4974c1a3b78,CMG,44.0,sell,stop,30.62,gtc,canceled,2026-08-05 19:20:46.622567+00:00,protective_stop_submit,2026-08-05T19:20:46.685560+00:00,canceled,0.0,,,2026-08-12T13:31:23.626581+00:00,,,,,,,,,,,,,
1d68ef54-e293-4ef9-90c4-35a48b1ebf36,,,,,,,canceled,,order_cancel,2026-08-05T19:24:28.044532+00:00,canceled,0.0,,,2026-08-05T20:20:15.363726+00:00,,,,,,,,,,,,,
cd0a300d-0e85-4277-9668-ec7ec0fe0ff9,AMAT,1.0,close,,,,filled,2026-08-05 19:24:28.943211+00:00,exit,2026-08-05T19:24:28.958559+00:00,filled,1.0,542.41,2026-08-05 19:24:29.485016+00:00,2026-08-05T20:20:15.363726+00:00,,,,,,540.4,542.525,,,,,,
3a42b9f4-fd8e-4e0f-a153-8db057fcd7c3,AMAT,1.0,buy,limit,,day,filled,2026-08-05 20:23:50.667867+00:00,entry,2026-08-05T20:23:50.685085+00:00,filled,1.0,518.46,2026-08-06 13:32:01.052453+00:00,2026-08-07T16:29:10.150953+00:00,534.4337499999999,state_session=afternoon + state_ret_5=ret_down,2026-08-05 19:45:00+00:00,15m,rolling,,,price-eq-AMAT-15m-buy-f4f59f22,,,5.0,3.347234108700986,
57b04e62-0799-4c15-8cd0-29181504126b,,,,,,,canceled,,order_cancel,2026-08-06T15:26:12.767638+00:00,canceled,0.0,,,2026-08-06T16:22:35.406602+00:00,,,,,,,,,,,,,
704f3ef3-6b0b-4f05-8c60-103191ec3be1,AMAT,1.0,close,,,,filled,2026-08-06 15:26:13.525519+00:00,exit,2026-08-06T15:26:13.563955+00:00,filled,1.0,535.17,2026-08-06 15:26:13.790970+00:00,2026-08-06T16:22:35.406602+00:00,,,,,,518.46,535.9599,,,,,,
96468502-9b6d-4386-9b9f-210a20fd35ad,,,,,,,canceled,,order_cancel,2026-08-07T16:30:53.310619+00:00,canceled,0.0,,,2026-08-07T17:19:58.487242+00:00,,,,,,,,,,,,,
1d67ab06-6d46-4c77-9447-8b6de6c5e477,ASML,1.0,close,,,,filled,2026-08-07 16:30:53.974273+00:00,exit,2026-08-07T16:30:53.982952+00:00,filled,1.0,1723.03,2026-08-07 16:30:54.603238+00:00,2026-08-07T17:19:58.487242+00:00,,,,,,1667.94,1724.08,,,,,,
62301a56-9578-4003-b18d-47f4b1d8b30a,AEP,7.0,close,,,,filled,2026-08-10 13:37:26.632436+00:00,exit,2026-08-10T14:21:36.050159+00:00,filled,7.0,123.168571,2026-08-10 13:37:26.632436+00:00,2026-08-10T15:20:20.453020+00:00,,,,,,128.46,123.168571,,,,,,
b326348d-b9f7-469a-ae3a-779d884dac0c,LNG,4.0,buy,limit,,day,expired,2026-08-10 17:22:40.416675+00:00,entry,2026-08-10T17:22:40.427202+00:00,expired,0.0,,,2026-08-10T20:20:02.987610+00:00,258.2685896484375,cross_USO_state_slope=downtrend + cross_TLT_state_ext=neutral + state_ext=stretched_down,2026-08-07 04:00:00+00:00,1d,rolling,,,price-eq-LNG-1d-buy-3531fea7,,,20.0,4.567327727922437,
10e69ada-cf8a-4e3c-85a2-abd6cb2e3a33,PDD,16.0,buy,limit,,day,expired,2026-08-10 17:22:41.145406+00:00,entry,2026-08-10T17:22:41.150670+00:00,expired,0.0,,,2026-08-10T20:20:02.987610+00:00,92.27660213623048,cross_USO_state_slope=downtrend + state_ext=stretched_up,2026-08-07 04:00:00+00:00,1d,rolling,,,price-eq-PDD-1d-buy-a5788b25,,,20.0,4.005262238100273,
2cccb40e-b658-4c22-9cdb-6a3250ea7834,XEL,11.0,buy,limit,,day,filled,2026-08-10 17:22:41.637019+00:00,entry,2026-08-10T17:22:41.654656+00:00,filled,11.0,76.76,2026-08-10 17:22:43.219600+00:00,2026-08-10T18:20:25.295677+00:00,78.50447469482422,cross_USO_state_slope=downtrend + state_ext=neutral,2026-08-07 04:00:00+00:00,1d,rolling,,,price-eq-XEL-1d-buy-63c3e5c0,,,20.0,4.7885415425453,
36fa175d-162c-441c-8fa2-4300f9a815c5,XYZ,23.0,buy,limit,,day,filled,2026-08-10 17:22:42.159115+00:00,entry,2026-08-10T17:22:42.164681+00:00,filled,23.0,78.86,2026-08-10 17:22:43.515229+00:00,2026-08-10T18:20:25.295677+00:00,79.70112499999999,state_ext=stretched_down + state_slope=flat + state_vol=low_vol,2026-08-07 04:00:00+00:00,1d,rolling,,,price-eq-XYZ-1d-buy-d5cf2e64,,,5.0,1.5,
49c05c23-24bf-4975-a002-0692e7a14a4a,XEL,11.0,sell,stop,68.44,gtc,new,2026-08-10 18:21:31.196838+00:00,protective_stop_submit,2026-08-10T18:21:31.238551+00:00,new,0.0,,,2026-08-10T19:20:08.835505+00:00,,,,,,,,,,,,,
1ce6e6f9-a255-44fe-953e-8df7bee798da,XYZ,23.0,sell,stop,74.65,gtc,replaced,2026-08-10 18:21:31.924922+00:00,protective_stop_submit,2026-08-10T18:21:31.974865+00:00,replaced,0.0,,,2026-08-13T19:24:40.217621+00:00,,,,,,,,,,,,,
2a0b4364-1cb5-4e67-b567-f7968c38a815,GDX,10.0,buy,limit,,day,filled,2026-08-10 20:22:08.217348+00:00,entry,2026-08-10T20:22:08.227041+00:00,filled,10.0,90.19,2026-08-11 13:33:31.588640+00:00,2026-08-12T13:01:27.527339+00:00,90.55822499999998,state_session=afternoon + state_slope=uptrend + state_vol=low_vol,2026-08-10 19:45:00+00:00,15m,rolling,,,price-eq-GDX-15m-buy-fecec703,,,20.0,5.0,
6e14e906-6c79-461c-a56b-8e457c9770ec,,,,,,,canceled,,order_cancel,2026-08-11T13:23:53.068020+00:00,canceled,0.0,,,2026-08-11T13:31:34.409373+00:00,,,,,,,,,,,,,
265762d9-47be-4d05-8b66-4512149b252c,WMT,8.0,close,,,,filled,2026-08-11 13:23:54.231424+00:00,exit,2026-08-11T13:23:54.268433+00:00,filled,8.0,112.55,2026-08-11 13:32:27.633582+00:00,2026-08-12T13:01:27.527339+00:00,,,,,,108.84625,112.62,,,,,,
eb8589c0-6755-4961-8f0e-7e346610822e,PDD,16.0,buy,limit,,day,filled,2026-08-11 13:23:57.727336+00:00,entry,2026-08-11T13:23:57.766824+00:00,filled,16.0,91.24,2026-08-11 13:32:13.989795+00:00,2026-08-12T13:01:27.527339+00:00,93.5209,cross_USO_state_slope=downtrend + state_ext=stretched_up,2026-08-10 04:00:00+00:00,1d,rolling,,,price-eq-PDD-1d-buy-21ad1b3d,,,20.0,4.005030291358423,
5ea54a44-5e58-47ca-9d5f-056d00280b9e,VOO,1.0,buy,limit,,day,filled,2026-08-11 13:23:58.525568+00:00,entry,2026-08-11T13:23:58.565471+00:00,filled,1.0,711.48,2026-08-11 13:30:40.289727+00:00,2026-08-12T13:01:27.527339+00:00,712.6882244140625,state_slope=uptrend + state_vol=mid_vol,2026-08-10 04:00:00+00:00,1d,rolling,,,price-eq-VOO-1d-buy-56871a22,,,20.0,4.132945697817828,
,GDX,8.0,sell,stop,88.93,,rejected,,protective_stop_submit,2026-08-11T13:32:44.562315+00:00,,,,,,,,,,,,,,"{""code"":40310000,""existing_order_id"":""2a0b4364-1cb5-4e67-b567-f7968c38a815"",""message"":""potential wash trade detected. use complex orders"",""reject_reason"":""opposite side limit order exists. use complex/limit/stop_limit orders""}",,,,
67e01a4e-e0d3-47e7-b27e-b6a2f58272e9,PDD,16.0,sell,stop,82.9,gtc,new,2026-08-11 13:32:45.236527+00:00,protective_stop_submit,2026-08-11T13:32:45.269765+00:00,new,0.0,,,2026-08-11T13:46:30.428535+00:00,,,,,,,,,,,,,
640017fe-d9e5-4fc1-a1ff-b694478de7dc,VOO,1.0,sell,stop,677.78,gtc,new,2026-08-11 13:32:45.971935+00:00,protective_stop_submit,2026-08-11T13:32:46.027256+00:00,new,0.0,,,2026-08-11T13:46:30.428535+00:00,,,,,,,,,,,,,
fafe7890-7a33-4877-b792-8736c7aecb3b,WMT,8.0,buy,limit,,day,filled,2026-08-11 13:34:14.163047+00:00,entry,2026-08-11T13:34:14.200962+00:00,filled,8.0,113.03375,2026-08-11 13:34:57.244119+00:00,2026-08-11T13:46:30.428535+00:00,113.31125366210937,cross_USO_state_ext=neutral + state_ext=neutral,2026-08-10 04:00:00+00:00,1d,rolling,,,price-eq-WMT-1d-buy-7f99905a,,,20.0,5.0,
a2b0e7a1-06da-4e0c-8d36-e7015740a49f,GDX,10.0,sell,stop,88.83,gtc,canceled,2026-08-11 13:47:10.760738+00:00,protective_stop_submit,2026-08-11T13:47:10.783527+00:00,canceled,0.0,,,2026-08-11T18:32:49.594867+00:00,,,,,,,,,,,,,
60700c78-75b7-4e0a-81e8-4e0bb0b15178,AFRM,12.0,sell,limit,,day,filled,2026-08-11 15:21:06.908999+00:00,entry,2026-08-11T15:21:06.947575+00:00,filled,12.0,76.36,2026-08-11 15:21:08.045913+00:00,2026-08-12T13:01:27.527339+00:00,75.919275,state_session=morning + state_ext=neutral + state_slope=flat,2026-08-11 14:00:00+00:00,1h,rolling,,,price-eq-AFRM-1h-sell-078e29dc,,,10.0,4.279435820151388,
c56f6395-96fd-4ffb-bca3-39a08f0f2e62,CRWD,4.0,buy,limit,,day,filled,2026-08-11 15:21:07.482865+00:00,entry,2026-08-11T15:21:07.542309+00:00,filled,4.0,222.92,2026-08-11 15:21:08.982940+00:00,2026-08-12T13:01:27.527339+00:00,223.653575,cross_USO_state_vol=high_vol + state_ext=stretched_up,2026-08-11 14:00:00+00:00,1h,rolling,,,price-eq-CRWD-1h-buy-817c080e,,,20.0,5.0,
df46eb23-7466-48d8-9cae-cec6755a2201,MRK,7.0,buy,limit,,day,filled,2026-08-11 15:21:08.685326+00:00,entry,2026-08-11T15:21:08.736013+00:00,filled,7.0,130.27,2026-08-11 15:21:10.311321+00:00,2026-08-11T15:25:07.917578+00:00,130.41607499999998,cross_USO_state_slope=flat + cross_TLT_state_slope=flat + state_ext=neutral,2026-08-11 14:15:00+00:00,15m,rolling,,,price-eq-MRK-15m-buy-063162da,,,10.0,5.0,
cd244f6d-b22b-4a1e-9f75-050a834767ad,AFRM,12.0,buy,stop,79.56,gtc,canceled,2026-08-11 15:25:45.696453+00:00,protective_stop_submit,2026-08-11T15:25:45.702925+00:00,canceled,0.0,,,2026-08-12T17:31:29.034815+00:00,,,,,,,,,,,,,
268f4f8a-acc8-4490-8a62-849221efaf85,CRWD,4.0,sell,stop,208.93,gtc,canceled,2026-08-11 15:25:45.844229+00:00,protective_stop_submit,2026-08-11T15:25:45.872438+00:00,canceled,0.0,,,2026-08-14T14:32:16.034923+00:00,,,,,,,,,,,,,
535a50b5-5c38-4d8b-b924-5a3c90330ae5,MRK,7.0,sell,stop,127.3,gtc,canceled,2026-08-11 15:25:46.036751+00:00,protective_stop_submit,2026-08-11T15:25:46.067756+00:00,canceled,0.0,,,2026-08-11T17:31:24.346991+00:00,,,,,,,,,,,,,
b9c71f51-0c5a-40fa-a43d-5204731e1e47,KO,10.0,buy,limit,,day,filled,2026-08-11 17:04:51.510768+00:00,entry,2026-08-11T17:04:51.546355+00:00,filled,10.0,86.77,2026-08-11 17:04:51.906550+00:00,2026-08-12T13:01:27.527339+00:00,86.89552499999999,state_session=lunch + state_slope=flat + state_vol=mid_vol,2026-08-11 16:00:00+00:00,1h,rolling,,,price-eq-KO-1h-buy-d6e93793,,,10.0,3.97430504184352,
29032573-92ef-406c-a12d-4821f2b4138f,XME,7.0,buy,limit,,day,filled,2026-08-11 17:04:51.997812+00:00,entry,2026-08-11T17:04:52.032235+00:00,filled,7.0,117.391429,2026-08-11 17:04:53.309238+00:00,2026-08-11T17:16:14.047529+00:00,117.62955,state_session=lunch + state_slope=uptrend + state_vol=mid_vol,2026-08-11 16:00:00+00:00,1h,rolling,,,price-eq-XME-1h-buy-6d4212b2,,,20.0,4.266181510684268,
41276b3d-9e53-4b98-a8d5-20ee71f98f73,KO,10.0,sell,stop,85.17,gtc,canceled,2026-08-11 17:16:54.966700+00:00,protective_stop_submit,2026-08-11T17:16:54.970654+00:00,canceled,0.0,,,2026-08-12T19:31:21.316830+00:00,,,,,,,,,,,,,
474da79f-15f5-42e2-b53c-7b3a0671bf0f,XME,7.0,sell,stop,114.07,gtc,canceled,2026-08-11 17:16:55.157513+00:00,protective_stop_submit,2026-08-11T17:16:55.162869+00:00,canceled,0.0,,,2026-08-14T15:35:30.357175+00:00,,,,,,,,,,,,,
535a50b5-5c38-4d8b-b924-5a3c90330ae5,,,,,,,canceled,,order_cancel,2026-08-11T17:27:12.427717+00:00,canceled,0.0,,,2026-08-11T17:31:24.346991+00:00,,,,,,,,,,,,,
74386c06-2ad4-49d5-8cfa-fd95b1ed5b20,MRK,7.0,close,,,,filled,2026-08-11 17:27:13.216149+00:00,exit,2026-08-11T17:27:13.234436+00:00,filled,7.0,130.44,2026-08-11 17:27:14.111288+00:00,2026-08-12T13:01:27.527339+00:00,,,,,,130.27,130.475,,,,,,
a2b0e7a1-06da-4e0c-8d36-e7015740a49f,,,,,,,canceled,,order_cancel,2026-08-11T18:30:02.895910+00:00,canceled,0.0,,,2026-08-11T18:32:49.594867+00:00,,,,,,,,,,,,,
7d0cb0d3-dedb-49e0-8b64-2160508b4d65,GDX,10.0,close,,,,filled,2026-08-11 18:30:04.124487+00:00,exit,2026-08-11T18:30:04.222155+00:00,filled,10.0,89.34,2026-08-11 18:30:05.435383+00:00,2026-08-12T13:01:27.527339+00:00,,,,,,90.19,89.36,,,,,,
8eae9617-a5e5-4c64-a963-d959468dbd69,XLI,4.0,buy,limit,,day,filled,2026-08-11 19:06:24.786468+00:00,entry,2026-08-11T19:06:24.829928+00:00,filled,4.0,185.57,2026-08-11 19:06:25.646188+00:00,2026-08-12T13:01:27.527339+00:00,185.9392,state_ext=neutral + state_ret_5=ret_down,2026-08-11 18:00:00+00:00,1h,rolling,,,price-eq-XLI-1h-buy-0fe102fa,,,20.0,5.0,
5a223acc-e80f-453a-8de7-4a60f3c4c29d,XLI,4.0,sell,stop,182.29,gtc,canceled,2026-08-11 19:17:47.045408+00:00,protective_stop_submit,2026-08-11T19:17:47.096271+00:00,canceled,0.0,,,2026-08-14T17:31:19.570527+00:00,,,,,,,,,,,,,
c2b7809b-662c-42b0-b5e4-f0b0e6eeb7f6,WMT,8.0,close,,,,filled,2026-08-11 19:51:09.350219+00:00,exit,2026-08-11T19:51:09.376582+00:00,filled,8.0,113.0675,2026-08-11 19:51:10.625123+00:00,2026-08-12T13:01:27.527339+00:00,,,,,,113.03375,113.085,,,,,,
,WMT,8.0,buy,limit,,,rejected,,entry,2026-08-11T20:06:29.026957+00:00,,,,,,113.31125366210937,cross_USO_state_ext=neutral + state_ext=neutral,2026-08-10 04:00:00+00:00,1d,rolling,,,price-eq-WMT-1d-buy-7f99905a,"{""code"":40010001,""message"":""client_order_id must be unique""}",,20.0,5.0,
,WMT,8.0,buy,limit,,,rejected,,entry,2026-08-11T20:20:28.426484+00:00,,,,,,113.31125366210937,cross_USO_state_ext=neutral + state_ext=neutral,2026-08-10 04:00:00+00:00,1d,rolling,,,price-eq-WMT-1d-buy-7f99905a,"{""code"":40010001,""message"":""client_order_id must be unique""}",,20.0,5.0,
,WMT,8.0,buy,limit,,,rejected,,entry,2026-08-11T20:28:14.713919+00:00,,,,,,113.31125366210937,cross_USO_state_ext=neutral + state_ext=neutral,2026-08-10 04:00:00+00:00,1d,rolling,,,price-eq-WMT-1d-buy-7f99905a,"{""code"":40010001,""message"":""client_order_id must be unique""}",,20.0,5.0,
1792be7b-3f24-4f9d-9ed6-d7328ffc1352,MRK,7.0,buy,limit,,day,filled,2026-08-11 20:28:15.456949+00:00,entry,2026-08-11T20:28:15.481228+00:00,filled,7.0,129.93,2026-08-12 13:33:41.432955+00:00,2026-08-13T13:01:22.584463+00:00,130.39545,cross_USO_state_slope=flat + cross_TLT_state_slope=flat + state_ext=neutral,2026-08-11 19:45:00+00:00,15m,rolling,,,price-eq-MRK-15m-buy-f08ec795,,,10.0,5.0,
,WMT,8.0,buy,limit,,,rejected,,entry,2026-08-11T20:34:28.176273+00:00,,,,,,113.31125366210937,cross_USO_state_ext=neutral + state_ext=neutral,2026-08-10 04:00:00+00:00,1d,rolling,,,price-eq-WMT-1d-buy-7f99905a,"{""code"":40010001,""message"":""client_order_id must be unique""}",,20.0,5.0,
,WMT,8.0,buy,limit,,,rejected,,entry,2026-08-11T20:48:47.150473+00:00,,,,,,113.31125366210937,cross_USO_state_ext=neutral + state_ext=neutral,2026-08-10 04:00:00+00:00,1d,rolling,,,price-eq-WMT-1d-buy-7f99905a,"{""code"":40010001,""message"":""client_order_id must be unique""}",,20.0,5.0,
,WMT,8.0,buy,limit,,,rejected,,entry,2026-08-11T21:06:25.977602+00:00,,,,,,113.31125366210937,cross_USO_state_ext=neutral + state_ext=neutral,2026-08-10 04:00:00+00:00,1d,rolling,,,price-eq-WMT-1d-buy-7f99905a,"{""code"":40010001,""message"":""client_order_id must be unique""}",,20.0,5.0,
,WMT,8.0,buy,limit,,,rejected,,entry,2026-08-11T21:19:27.123051+00:00,,,,,,113.31125366210937,cross_USO_state_ext=neutral + state_ext=neutral,2026-08-10 04:00:00+00:00,1d,rolling,,,price-eq-WMT-1d-buy-7f99905a,"{""code"":40010001,""message"":""client_order_id must be unique""}",,20.0,5.0,
,WMT,8.0,buy,limit,,,rejected,,entry,2026-08-11T21:25:48.084381+00:00,,,,,,113.31125366210937,cross_USO_state_ext=neutral + state_ext=neutral,2026-08-10 04:00:00+00:00,1d,rolling,,,price-eq-WMT-1d-buy-7f99905a,"{""code"":40010001,""message"":""client_order_id must be unique""}",,20.0,5.0,
,WMT,8.0,buy,limit,,,rejected,,entry,2026-08-11T21:34:02.463354+00:00,,,,,,113.31125366210937,cross_USO_state_ext=neutral + state_ext=neutral,2026-08-10 04:00:00+00:00,1d,rolling,,,price-eq-WMT-1d-buy-7f99905a,"{""code"":40010001,""message"":""client_order_id must be unique""}",,20.0,5.0,
,WMT,8.0,buy,limit,,,rejected,,entry,2026-08-11T21:49:12.004545+00:00,,,,,,113.31125366210937,cross_USO_state_ext=neutral + state_ext=neutral,2026-08-10 04:00:00+00:00,1d,rolling,,,price-eq-WMT-1d-buy-7f99905a,"{""code"":40010001,""message"":""client_order_id must be unique""}",,20.0,5.0,
e2855d83-6621-4c63-877a-a4974c1a3b78,,,,,,,canceled,,order_cancel,2026-08-12T13:26:50.090129+00:00,canceled,0.0,,,2026-08-12T13:31:23.626581+00:00,,,,,,,,,,,,,
70b5098a-8c1d-43fe-9069-d221c8083594,CMG,44.0,close,,,,filled,2026-08-12 13:26:51.275707+00:00,exit,2026-08-12T13:26:51.314521+00:00,filled,44.0,32.24,2026-08-12 13:30:42.823963+00:00,2026-08-13T13:01:22.584463+00:00,,,,,,34.15,32.7,,,,,,
bd10a83f-3d5e-41ae-b675-7d4563b6cff3,,,,,,,canceled,,order_cancel,2026-08-12T13:26:52.373892+00:00,canceled,0.0,,,2026-08-12T13:31:23.626581+00:00,,,,,,,,,,,,,
187f68fd-37e9-49c7-aa8e-ac6333c1d7bd,LRCX,3.0,close,,,,filled,2026-08-12 13:26:53.563807+00:00,exit,2026-08-12T13:26:53.602846+00:00,filled,3.0,326.976667,2026-08-12 13:33:19.413774+00:00,2026-08-12T13:46:17.720448+00:00,,,,,,316.783333,328.59,,,,,,
fd3971b0-453e-43aa-a18a-1b39634a7a3f,,,,,,,canceled,,order_cancel,2026-08-12T13:26:54.699952+00:00,canceled,0.0,,,2026-08-12T13:31:23.626581+00:00,,,,,,,,,,,,,
ea050f3d-56a1-4d8a-96d9-09af74cdb783,SHW,2.0,close,,,,filled,2026-08-12 13:26:55.881093+00:00,exit,2026-08-12T13:26:55.930618+00:00,filled,2.0,362.11,2026-08-12 13:32:58.531623+00:00,2026-08-13T13:01:22.584463+00:00,,,,,,363.995,365.25,,,,,,
f101bfb7-110f-4b1c-b822-0f8a0fe9aac2,,,,,,,canceled,,order_cancel,2026-08-12T13:26:56.988015+00:00,canceled,0.0,,,2026-08-12T13:31:23.626581+00:00,,,,,,,,,,,,,
d545241e-dc49-4a9d-85fd-7ca220866f2c,SMH,1.0,close,,,,filled,2026-08-12 13:26:58.171596+00:00,exit,2026-08-12T13:26:58.237776+00:00,filled,1.0,589.86,2026-08-12 13:30:54.356566+00:00,2026-08-12T13:31:23.626581+00:00,,,,,,577.3,590.4,,,,,,
ff54032d-b798-4808-836b-e75fa3005c0f,,,,,,,canceled,,order_cancel,2026-08-12T13:26:59.306652+00:00,canceled,0.0,,,2026-08-12T13:31:23.626581+00:00,,,,,,,,,,,,,
b353320a-68ea-4bed-95fc-12dc39ac700d,SOXX,1.0,close,,,,filled,2026-08-12 13:27:00.501644+00:00,exit,2026-08-12T13:27:00.581687+00:00,filled,1.0,551.27,2026-08-12 13:31:38.340485+00:00,2026-08-12T13:31:23.626581+00:00,,,,,,540.0,554.01,,,,,,
1b6a4437-20c7-444a-b477-a727e2382a76,,,,,,,canceled,,order_cancel,2026-08-12T13:27:01.690853+00:00,canceled,0.0,,,2026-08-12T13:31:23.626581+00:00,,,,,,,,,,,,,
951a6ed6-4ad5-4faa-bb6c-b75185da0bd9,TSLA,6.0,close,,,,filled,2026-08-12 13:27:02.875132+00:00,exit,2026-08-12T13:27:02.927867+00:00,filled,6.0,333.61,2026-08-12 13:30:30.114664+00:00,2026-08-13T13:01:22.584463+00:00,,,,,,322.24,334.5474,,,,,,
,,,,,264.91,,rejected,,protective_stop_replace,2026-08-12T13:32:09.300981+00:00,,,,,,,,,,,,,,"{""code"":42210000,""message"":""order is not open""}",bd10a83f-3d5e-41ae-b675-7d4563b6cff3,,,
,MRK,5.0,sell,stop,128.85,,rejected,,protective_stop_submit,2026-08-12T13:32:09.725445+00:00,,,,,,,,,,,,,,"{""code"":40310000,""existing_order_id"":""1792be7b-3f24-4f9d-9ed6-d7328ffc1352"",""message"":""potential wash trade detected. use complex orders"",""reject_reason"":""opposite side limit order exists. use complex/limit/stop_limit orders""}",,,,
,,,,,340.58,,rejected,,protective_stop_replace,2026-08-12T13:32:09.859347+00:00,,,,,,,,,,,,,,"{""code"":42210000,""message"":""order is not open""}",fd3971b0-453e-43aa-a18a-1b39634a7a3f,,,
187f68fd-37e9-49c7-aa8e-ac6333c1d7bd,LRCX,1.0,close,,,,filled,2026-08-12 13:26:53.567768+00:00,exit,2026-08-12T13:32:40.821143+00:00,filled,3.0,326.976667,2026-08-12 13:33:19.413774+00:00,2026-08-12T13:46:17.720448+00:00,,,,,,316.783333,327.64,,,,,,market close order already pending for LRCX; skipping cancel+resubmit to avoid the hourly cancel-resubmit cycle
ea050f3d-56a1-4d8a-96d9-09af74cdb783,SHW,1.0,close,,,,filled,2026-08-12 13:26:55.895355+00:00,exit,2026-08-12T13:32:41.420446+00:00,filled,2.0,362.11,2026-08-12 13:32:58.531623+00:00,2026-08-13T13:01:22.584463+00:00,,,,,,363.995,363.81,,,,,,market close order already pending for SHW; skipping cancel+resubmit to avoid the hourly cancel-resubmit cycle
52cae608-8bce-40a4-ae3b-2c7fee704c7d,MRK,7.0,sell,stop,128.72,gtc,replaced,2026-08-12 13:46:58.245420+00:00,protective_stop_submit,2026-08-12T13:46:58.252152+00:00,replaced,0.0,,,2026-08-12T14:16:25.837082+00:00,,,,,,,,,,,,,
e341d73c-aa82-44ae-abb5-067c6a8edc3b,,,,,131.62,,filled,,protective_stop_replace,2026-08-12T14:02:57.741715+00:00,filled,7.0,131.57,2026-08-12 14:07:04.097196+00:00,2026-08-13T13:01:22.584463+00:00,,,,,,,,,,52cae608-8bce-40a4-ae3b-2c7fee704c7d,,,
e341d73c-aa82-44ae-abb5-067c6a8edc3b,MRK,7.0,close,,,,filled,2026-08-12 14:07:04.097195+00:00,exit,2026-08-12T14:17:32.951710+00:00,filled,7.0,131.57,2026-08-12 14:07:04.097196+00:00,2026-08-13T13:01:22.584463+00:00,,,,,,129.93,131.57,,,,,,
cd244f6d-b22b-4a1e-9f75-050a834767ad,,,,,,,canceled,,order_cancel,2026-08-12T17:27:11.840993+00:00,canceled,0.0,,,2026-08-12T17:31:29.034815+00:00,,,,,,,,,,,,,
f9ddb611-1672-4140-afc8-5b4173236191,AFRM,-12.0,close,,,,filled,2026-08-12 17:27:13.277183+00:00,exit,2026-08-12T17:27:13.282201+00:00,filled,12.0,74.05,2026-08-12 17:27:14.018449+00:00,2026-08-12T17:31:29.034815+00:00,,,,,,76.36,73.98,,,,,,
41276b3d-9e53-4b98-a8d5-20ee71f98f73,,,,,,,canceled,,order_cancel,2026-08-12T19:28:13.363933+00:00,canceled,0.0,,,2026-08-12T19:31:21.316830+00:00,,,,,,,,,,,,,
8f03753d-471b-4cd8-8d42-80816d48d96f,KO,10.0,close,,,,filled,2026-08-12 19:28:14.548702+00:00,exit,2026-08-12T19:28:14.611777+00:00,filled,10.0,86.788,2026-08-12 19:28:16.173244+00:00,2026-08-13T13:01:22.584463+00:00,,,,,,86.77,86.805,,,,,,
ad992e2c-93ec-4361-9c09-226b341cfe72,,,,,78.86,,canceled,,protective_stop_replace,2026-08-13T19:17:26.773046+00:00,canceled,0.0,,,2026-08-13T19:24:40.217621+00:00,,,,,,,,,,1ce6e6f9-a255-44fe-953e-8df7bee798da,,,
ad992e2c-93ec-4361-9c09-226b341cfe72,,,,,,,canceled,,order_cancel,2026-08-13T19:19:21.306080+00:00,canceled,0.0,,,2026-08-13T19:24:40.217621+00:00,,,,,,,,,,,,,
94708a69-ce0c-4c68-b05f-5dbe00fdcedf,XYZ,23.0,close,,,,filled,2026-08-13 19:19:22.417449+00:00,exit,2026-08-13T19:19:22.458813+00:00,filled,23.0,83.31,2026-08-13 19:19:26.733112+00:00,2026-08-14T13:01:22.213642+00:00,,,,,,78.86,83.32,,,,,,
268f4f8a-acc8-4490-8a62-849221efaf85,,,,,,,canceled,,order_cancel,2026-08-14T14:28:56.242470+00:00,canceled,0.0,,,2026-08-14T14:32:16.034923+00:00,,,,,,,,,,,,,
330ef548-4c5c-4a97-ad66-1fbb553b26aa,CRWD,4.0,close,,,,filled,2026-08-14 14:28:56.904770+00:00,exit,2026-08-14T14:28:56.917433+00:00,filled,4.0,221.1575,2026-08-14 14:29:00.131259+00:00,2026-08-14T14:32:16.034923+00:00,,,,,,222.92,221.325,,,,,,
474da79f-15f5-42e2-b53c-7b3a0671bf0f,,,,,,,canceled,,order_cancel,2026-08-14T15:31:49.544380+00:00,canceled,0.0,,,2026-08-14T15:35:30.357175+00:00,,,,,,,,,,,,,
ce288fcf-d971-45de-9cfd-84690eaa1402,XME,7.0,close,,,,filled,2026-08-14 15:31:51.290019+00:00,exit,2026-08-14T15:31:51.318328+00:00,filled,7.0,117.512857,2026-08-14 15:31:55.606995+00:00,2026-08-17T13:01:22.763185+00:00,,,,,,117.391429,117.51,,,,,,
5a223acc-e80f-453a-8de7-4a60f3c4c29d,,,,,,,canceled,,order_cancel,2026-08-14T17:27:40.746568+00:00,canceled,0.0,,,2026-08-14T17:31:19.570527+00:00,,,,,,,,,,,,,
235ed7c7-5c09-4933-a3e7-29affbcc305e,XLI,4.0,close,,,,filled,2026-08-14 17:27:41.913974+00:00,exit,2026-08-14T17:27:41.941703+00:00,filled,4.0,186.44,2026-08-14 17:27:43.832516+00:00,2026-08-14T17:31:19.570527+00:00,,,,,,185.57,186.48,,,,,,
c43c20cc-c556-461a-a997-e2f52523e703,ARKW,8.0,buy,limit,,day,filled,2026-08-17 13:28:03.358488+00:00,entry,2026-08-17T13:28:03.397456+00:00,filled,8.0,153.0,2026-08-17 13:30:31.716034+00:00,2026-08-18T13:01:40.012583+00:00,153.2801061035156,state_volume=vol_normal + state_slope=uptrend,2026-08-14 04:00:00+00:00,1d,rolling,,,price-eq-ARKW-1d-buy-95e4c313,,,20.0,5.0,
8635d90f-c231-49e1-a789-e7bafc60b57a,AVGO,4.0,buy,limit,,day,filled,2026-08-17 13:28:04.368154+00:00,entry,2026-08-17T13:28:04.407329+00:00,filled,4.0,395.7,2026-08-17 13:34:17.116051+00:00,2026-08-18T13:01:40.012583+00:00,396.9198901367188,state_volume=vol_surge + state_ext=stretched_down,2026-08-14 04:00:00+00:00,1d,rolling,,,price-eq-AVGO-1d-buy-286d7285,,,20.0,4.434096621344078,
92082814-611f-4df0-b4e5-36a231dce99f,NVDA,4.0,buy,limit,,day,filled,2026-08-17 13:28:06.658004+00:00,entry,2026-08-17T13:28:06.695781+00:00,filled,4.0,226.1975,2026-08-17 13:35:50.072783+00:00,2026-08-18T13:01:40.012583+00:00,226.87035366210927,state_ext=stretched_up + state_slope=uptrend,2026-08-14 04:00:00+00:00,1d,rolling,,,price-eq-NVDA-1d-buy-4b3538a7,,,20.0,5.0,
7006268f-817a-4ac6-ba52-f5dd8a914629,SHW,3.0,buy,limit,,day,filled,2026-08-17 13:28:08.111070+00:00,entry,2026-08-17T13:28:08.146892+00:00,filled,3.0,356.673333,2026-08-17 13:35:19.449594+00:00,2026-08-18T13:01:40.012583+00:00,361.6669811035156,state_ext=stretched_up + state_ret_1=ret_down,2026-08-14 04:00:00+00:00,1d,rolling,,,price-eq-SHW-1d-buy-79f93113,,,20.0,4.344932122832837,
1e9f816a-c61b-4c22-8794-78f9b539b3b6,XLY,10.0,buy,limit,,day,filled,2026-08-17 13:28:09.973396+00:00,entry,2026-08-17T13:28:10.012485+00:00,filled,10.0,117.5,2026-08-17 13:35:49.031224+00:00,2026-08-18T13:01:40.012583+00:00,118.6358969482422,state_ext=stretched_up + state_ret_5=ret_down,2026-08-14 04:00:00+00:00,1d,rolling,,,price-eq-XLY-1d-buy-93964d24,,,10.0,2.211975266283152,
1c34c011-392c-422e-8087-2130bfeb6255,ARKW,8.0,sell,stop,134.4,gtc,new,2026-08-17 13:33:16.308144+00:00,protective_stop_submit,2026-08-17T13:33:16.326536+00:00,new,0.0,,,2026-08-17T13:46:22.331365+00:00,,,,,,,,,,,,,
,NVDA,2.0,sell,stop,192.6,,rejected,,protective_stop_submit,2026-08-17T13:33:16.496653+00:00,,,,,,,,,,,,,,"{""code"":40310000,""existing_order_id"":""92082814-611f-4df0-b4e5-36a231dce99f"",""message"":""potential wash trade detected. use complex orders"",""reject_reason"":""opposite side limit order exists. use complex/limit/stop_limit orders""}",,,,
,SHW,2.0,sell,stop,312.45,,rejected,,protective_stop_submit,2026-08-17T13:33:16.671637+00:00,,,,,,,,,,,,,,"{""code"":40310000,""existing_order_id"":""7006268f-817a-4ac6-ba52-f5dd8a914629"",""message"":""potential wash trade detected. use complex orders"",""reject_reason"":""opposite side limit order exists. use complex/limit/stop_limit orders""}",,,,
,XLY,1.0,sell,stop,113.84,,rejected,,protective_stop_submit,2026-08-17T13:33:16.855484+00:00,,,,,,,,,,,,,,"{""code"":40310000,""existing_order_id"":""1e9f816a-c61b-4c22-8794-78f9b539b3b6"",""message"":""potential wash trade detected. use complex orders"",""reject_reason"":""opposite side limit order exists. use complex/limit/stop_limit orders""}",,,,
edb51391-ab7d-4b78-af0b-fc4d149c30d1,AVGO,4.0,sell,stop,321.03,gtc,new,2026-08-17 13:46:58.815920+00:00,protective_stop_submit,2026-08-17T13:46:58.825948+00:00,new,0.0,,,2026-08-17T14:01:24.446558+00:00,,,,,,,,,,,,,
9975d2cf-49bc-4797-8915-98118ff14ec6,NVDA,4.0,sell,stop,191.99,gtc,new,2026-08-17 13:46:59.003069+00:00,protective_stop_submit,2026-08-17T13:46:59.010226+00:00,new,0.0,,,2026-08-17T14:01:24.446558+00:00,,,,,,,,,,,,,
e0f19b5a-a658-44be-b9d6-6e090d960c8f,SHW,3.0,sell,stop,312.06,gtc,new,2026-08-17 13:46:59.185863+00:00,protective_stop_submit,2026-08-17T13:46:59.191265+00:00,new,0.0,,,2026-08-17T14:01:24.446558+00:00,,,,,,,,,,,,,
29156805-63f3-4afe-b898-a6208e5b5a09,XLY,10.0,sell,stop,113.64,gtc,new,2026-08-17 13:46:59.381247+00:00,protective_stop_submit,2026-08-17T13:46:59.388174+00:00,new,0.0,,,2026-08-17T14:01:24.446558+00:00,,,,,,,,,,,,,
eba437cf-e599-4fb9-bc13-75f76c80c451,ICE,5.0,buy,limit,,day,filled,2026-08-17 14:30:36.757120+00:00,entry,2026-08-17T14:30:36.764518+00:00,filled,5.0,155.456,2026-08-17 14:30:39.091347+00:00,2026-08-17T14:33:28.284380+00:00,155.73874999999998,cross_USO_state_vol=mid_vol + state_ext=stretched_up,2026-08-17 13:00:00+00:00,1h,rolling,,,price-eq-ICE-1h-buy-14e5e72d,,,20.0,4.2055080707461405,
96155bd3-b0b8-4c56-b3c0-299e8c822354,PLTR,12.0,buy,limit,,day,filled,2026-08-17 14:30:38.093702+00:00,entry,2026-08-17T14:30:38.105211+00:00,filled,12.0,174.9,2026-08-17 14:30:41.734317+00:00,2026-08-17T14:33:28.284380+00:00,175.020975,cross_USO_state_ext=neutral + cross_TLT_state_slope=downtrend + state_ext=neutral,2026-08-17 13:00:00+00:00,1h,rolling,,,price-eq-PLTR-1h-buy-cb28d69f,,,20.0,5.0,
727e39f3-ffb8-40e9-8889-f27a96e9a3dd,SLB,17.0,buy,limit,,day,filled,2026-08-17 14:30:38.833171+00:00,entry,2026-08-17T14:30:38.837372+00:00,filled,17.0,53.459412,2026-08-17 14:30:41.563156+00:00,2026-08-18T13:01:40.012583+00:00,53.48285,state_ext=neutral + state_ret_5=ret_down,2026-08-17 13:00:00+00:00,1h,rolling,,,price-eq-SLB-1h-buy-82d13d96,,,10.0,3.4350974700219568,
f60ee9f4-9799-4d08-b147-9a717be4997e,XLP,10.0,sell,limit,,day,filled,2026-08-17 14:30:40.788785+00:00,entry,2026-08-17T14:30:40.794713+00:00,filled,10.0,85.239,2026-08-17 14:30:43.175136+00:00,2026-08-17T14:33:28.284380+00:00,85.091075,state_volume=vol_quiet + state_ext=neutral + state_slope=uptrend,2026-08-17 13:00:00+00:00,1h,rolling,,,price-eq-XLP-1h-sell-306b231c,,,10.0,3.0194998387839123,
69bacac3-68ce-49e9-96db-ccd00e74f763,HUM,2.0,buy,limit,,day,filled,2026-08-17 14:30:42.085150+00:00,entry,2026-08-17T14:30:42.134400+00:00,filled,2.0,384.18,2026-08-17 14:30:44.405190+00:00,2026-08-18T13:01:40.012583+00:00,385.897225,state_session=morning + state_vol=high_vol,2026-08-17 14:00:00+00:00,15m,rolling,,,price-eq-HUM-15m-buy-37b62815,,,20.0,5.0,
fd9b24ca-7f2a-4fa3-b517-4c6901dc83c1,HUM,2.0,sell,stop,375.84,gtc,canceled,2026-08-17 14:34:10.483931+00:00,protective_stop_submit,2026-08-17T14:34:10.491066+00:00,canceled,0.0,,,2026-08-17T19:36:28.138826+00:00,,,,,,,,,,,,,
43b79e5e-34cc-43ac-8b4e-2160f6e92b86,ICE,5.0,sell,stop,151.69,gtc,replaced,2026-08-17 14:34:10.650119+00:00,protective_stop_submit,2026-08-17T14:34:10.661188+00:00,replaced,0.0,,,2026-08-19T15:16:22.844811+00:00,,,,,,,,,,,,,
7103e42f-a570-468e-b9f6-e4fb4879ec0f,PLTR,12.0,sell,stop,165.38,gtc,canceled,2026-08-17 14:34:10.846706+00:00,protective_stop_submit,2026-08-17T14:34:10.855329+00:00,canceled,0.0,,,2026-08-19T19:37:29.820614+00:00,,,,,,,,,,,,,
1a8a04b9-fdd9-4196-a7b1-ff5cd8781269,SLB,17.0,sell,stop,51.91,gtc,canceled,2026-08-17 14:34:11.041308+00:00,protective_stop_submit,2026-08-17T14:34:11.049839+00:00,canceled,0.0,,,2026-08-18T16:35:48.289854+00:00,,,,,,,,,,,,,
37c57ee0-5e65-4367-a1b0-81fe0215fb0d,XLP,10.0,buy,stop,86.13,gtc,filled,2026-08-17 14:34:11.218654+00:00,protective_stop_submit,2026-08-17T14:34:11.229642+00:00,filled,10.0,86.14,2026-08-18 14:53:04.437095+00:00,2026-08-19T13:01:27.821134+00:00,,,,,,,,,,,,,
d278a178-18b8-42d4-a92c-22e2aa6a552f,MRK,6.0,buy,limit,,day,filled,2026-08-17 15:30:08.773513+00:00,entry,2026-08-17T15:30:08.786611+00:00,filled,6.0,135.41,2026-08-17 18:51:41.367211+00:00,2026-08-18T13:01:40.012583+00:00,135.445725,cross_USO_state_slope=flat + cross_TLT_state_slope=flat + state_ext=neutral,2026-08-17 15:00:00+00:00,15m,rolling,,,price-eq-MRK-15m-buy-e97d86fd,,,10.0,5.0,
18be8308-1f1e-4d71-b1a1-4f8e9a757223,RIVN,61.0,sell,limit,,day,filled,2026-08-17 16:52:14.135179+00:00,entry,2026-08-17T16:52:14.176715+00:00,filled,61.0,14.82,2026-08-17 16:56:14.571953+00:00,2026-08-17T17:01:25.706179+00:00,14.820725,state_relvol=relvol_quiet + state_ext=stretched_down,2026-08-17 16:30:00+00:00,15m,rolling,,,price-eq-RIVN-15m-sell-be7e7253,,,10.0,3.3174269005847736,
347707e6-c7e4-4e04-9f9e-73e3275048a0,RIVN,61.0,buy,stop,15.21,gtc,canceled,2026-08-17 17:02:07.540081+00:00,protective_stop_submit,2026-08-17T17:02:07.553970+00:00,canceled,0.0,,,2026-08-17T19:36:28.138826+00:00,,,,,,,,,,,,,
fb9d6fc4-55b1-411b-b579-116084075ca5,TGT,6.0,buy,limit,,day,filled,2026-08-17 18:30:37.713749+00:00,entry,2026-08-17T18:30:37.717115+00:00,filled,6.0,152.14,2026-08-17 18:30:53.626485+00:00,2026-08-17T18:46:27.835879+00:00,152.16884999999996,state_volume=vol_surge + state_ext=stretched_down,2026-08-17 17:00:00+00:00,1h,rolling,,,price-eq-TGT-1h-buy-99e66edf,,,20.0,3.3777863548405835,
b5b6eae2-4b89-4bdb-8487-4911a1942097,CBOE,3.0,buy,limit,,day,expired,2026-08-17 18:30:39.030580+00:00,entry,2026-08-17T18:30:39.072434+00:00,expired,0.0,,,2026-08-17T20:01:30.216036+00:00,293.607325,cross_USO_state_ext=stretched_up + cross_TLT_state_slope=downtrend + state_ext=neutral,2026-08-17 18:00:00+00:00,15m,rolling,,,price-eq-CBOE-15m-buy-e1dc6280,,,10.0,3.848601433150095,
ac58ab19-8d40-43fb-9737-4167f8ef4531,TGT,6.0,sell,stop,148.78,gtc,replaced,2026-08-17 18:47:15.133794+00:00,protective_stop_submit,2026-08-17T18:47:15.154974+00:00,replaced,0.0,,,2026-08-19T13:46:25.687629+00:00,,,,,,,,,,,,,
d611c4ec-e013-48a4-89fa-95de89037a28,MRK,6.0,sell,stop,133.38,gtc,canceled,2026-08-17 19:03:09.541407+00:00,protective_stop_submit,2026-08-17T19:03:09.577183+00:00,canceled,0.0,,,2026-08-17T19:16:26.896119+00:00,,,,,,,,,,,,,
d611c4ec-e013-48a4-89fa-95de89037a28,,,,,,,canceled,,order_cancel,2026-08-17T19:07:00.306358+00:00,canceled,0.0,,,2026-08-17T19:16:26.896119+00:00,,,,,,,,,,,,,
4b8accf6-f1f7-4b95-ac54-42bd01e645a6,MRK,6.0,close,,,,filled,2026-08-17 19:07:01.608551+00:00,exit,2026-08-17T19:07:01.708148+00:00,filled,6.0,135.6,2026-08-17 19:07:02.023545+00:00,2026-08-18T13:01:40.012583+00:00,,,,,,135.41,135.62,,,,,,
fd9b24ca-7f2a-4fa3-b517-4c6901dc83c1,,,,,,,canceled,,order_cancel,2026-08-17T19:32:49.806681+00:00,canceled,0.0,,,2026-08-17T19:36:28.138826+00:00,,,,,,,,,,,,,
2cad848b-5562-406f-877f-efb69bc59239,HUM,2.0,close,,,,filled,2026-08-17 19:32:51.227960+00:00,exit,2026-08-17T19:32:51.261702+00:00,filled,2.0,381.01,2026-08-17 19:32:52.973242+00:00,2026-08-18T13:01:40.012583+00:00,,,,,,384.18,381.38,,,,,,
347707e6-c7e4-4e04-9f9e-73e3275048a0,,,,,,,canceled,,order_cancel,2026-08-17T19:32:52.685628+00:00,canceled,0.0,,,2026-08-17T19:36:28.138826+00:00,,,,,,,,,,,,,
96531562-dbb5-473f-a93f-4a4f149cb3dd,RIVN,-61.0,close,,,,filled,2026-08-17 19:32:53.913284+00:00,exit,2026-08-17T19:32:53.949396+00:00,filled,61.0,14.86,2026-08-17 19:32:57.745584+00:00,2026-08-18T13:01:40.012583+00:00,,,,,,14.82,14.86,,,,,,
96fe3dfe-4d85-4b31-a6c9-bfea6de26839,BAC,1.0,buy,limit,,day,filled,2026-08-17 19:33:15.072194+00:00,entry,2026-08-17T19:33:15.110849+00:00,filled,1.0,64.03,2026-08-17 19:33:15.657949+00:00,2026-08-18T13:01:40.012583+00:00,64.20572500000002,state_session=afternoon + state_vol=low_vol,2026-08-17 19:15:00+00:00,15m,rolling,,,price-eq-BAC-15m-buy-412853d7,,,10.0,5.0,
389fb8a4-6bae-441a-8d14-083d5c94d7e1,BAC,1.0,sell,stop,63.22,gtc,canceled,2026-08-17 19:37:16.198495+00:00,protective_stop_submit,2026-08-17T19:37:16.215290+00:00,canceled,0.0,,,2026-08-18T15:51:25.333906+00:00,,,,,,,,,,,,,
74470970-a01d-4744-a2f0-e4633f6b2d22,PSX,3.0,sell,limit,,day,filled,2026-08-17 20:07:01.606501+00:00,entry,2026-08-17T20:07:01.611427+00:00,filled,3.0,240.126667,2026-08-18 13:34:54.049130+00:00,2026-08-19T13:01:27.821134+00:00,238.570725,state_ext=stretched_up + state_slope=uptrend + state_vol=low_vol,2026-08-17 19:00:00+00:00,1h,rolling,,,price-eq-PSX-1h-sell-052ab54a,,,10.0,2.3311304707369005,
a313942d-e855-43f4-b05e-bfec6aeb612c,XLI,4.0,buy,limit,,day,filled,2026-08-17 20:34:20.148940+00:00,entry,2026-08-17T20:34:20.155268+00:00,filled,4.0,185.15,2026-08-18 13:32:23.194546+00:00,2026-08-19T13:01:27.821134+00:00,186.43545,state_ext=neutral + state_ret_5=ret_down,2026-08-17 19:00:00+00:00,1h,rolling,,,price-eq-XLI-1h-buy-8475c9ec,,,20.0,5.0,
865c748a-97e8-4b92-808f-52a63790e380,PSX,3.0,buy,stop,244.54,gtc,canceled,2026-08-18 13:39:02.329642+00:00,protective_stop_submit,2026-08-18T13:39:02.389547+00:00,canceled,0.0,,,2026-08-19T15:36:15.258431+00:00,,,,,,,,,,,,,
a60e2c3c-55f9-448e-9ee5-ec80f33303e7,XLI,4.0,sell,stop,182.24,gtc,filled,2026-08-18 13:39:02.961190+00:00,protective_stop_submit,2026-08-18T13:39:02.988809+00:00,filled,4.0,182.24,2026-08-19 18:07:36.938037+00:00,2026-08-19T18:16:25.223321+00:00,,,,,,,,,,,,,
37c57ee0-5e65-4367-a1b0-81fe0215fb0d,XLP,10.0,close,,,,filled,2026-08-18 14:53:04.437094+00:00,exit,2026-08-18T15:14:24.341683+00:00,filled,10.0,86.14,2026-08-18 14:53:04.437095+00:00,2026-08-19T13:01:27.821134+00:00,,,,,,85.239,86.14,,,,,,
389fb8a4-6bae-441a-8d14-083d5c94d7e1,,,,,,,canceled,,order_cancel,2026-08-18T15:47:09.285600+00:00,canceled,0.0,,,2026-08-18T15:51:25.333906+00:00,,,,,,,,,,,,,
2759e4b2-8594-485e-b791-2e5b4be01f1f,BAC,1.0,close,,,,filled,2026-08-18 15:47:10.958981+00:00,exit,2026-08-18T15:47:10.988955+00:00,filled,1.0,63.81,2026-08-18 15:47:11.759434+00:00,2026-08-18T15:51:25.333906+00:00,,,,,,64.03,63.8101,,,,,,
88c0aaaf-dff4-4f5d-87f3-1806da20d623,DE,1.0,buy,limit,,day,filled,2026-08-18 15:47:27.890915+00:00,entry,2026-08-18T15:47:27.940439+00:00,filled,1.0,595.61,2026-08-18 15:47:28.786522+00:00,2026-08-19T13:01:27.821134+00:00,603.6385579101562,state_ext=stretched_down + state_ret_5=ret_down,2026-08-17 04:00:00+00:00,1d,rolling,,,price-eq-DE-1d-buy-beb19f1b,,,20.0,3.988491173229797,
a6eecb72-34e6-4056-a9e5-38049d01d185,PM,5.0,buy,limit,,day,expired,2026-08-18 15:47:29.923653+00:00,entry,2026-08-18T15:47:29.958283+00:00,expired,0.0,,,2026-08-18T20:01:25.367702+00:00,185.6476792724609,state_volume=vol_normal + state_ext=stretched_down + state_slope=downtrend,2026-08-17 04:00:00+00:00,1d,rolling,,,price-eq-PM-1d-buy-17e2e11e,,,20.0,4.459835646529002,
1187415b-e9b4-43e9-95d8-8d8d2e0f77eb,DE,1.0,sell,stop,536.28,gtc,canceled,2026-08-18 15:52:14.671339+00:00,protective_stop_submit,2026-08-18T15:52:14.686607+00:00,canceled,0.0,,,2026-08-21T19:28:02.709947+00:00,,,,,,,,,,,,,
1a8a04b9-fdd9-4196-a7b1-ff5cd8781269,,,,,,,canceled,,order_cancel,2026-08-18T16:32:04.241192+00:00,canceled,0.0,,,2026-08-18T16:35:48.289854+00:00,,,,,,,,,,,,,
b2816e4b-6e6a-4cde-a821-c8ef5de9819d,SLB,17.0,close,,,,filled,2026-08-18 16:32:05.430140+00:00,exit,2026-08-18T16:32:05.473091+00:00,filled,17.0,53.34,2026-08-18 16:32:06.348351+00:00,2026-08-18T16:35:48.289854+00:00,,,,,,53.459412,53.345,,,,,,
62baaf4d-6ace-48b1-8b79-ecc570c9c042,ABNB,4.0,buy,limit,,day,filled,2026-08-18 17:05:53.677314+00:00,entry,2026-08-18T17:05:53.699915+00:00,filled,4.0,184.69,2026-08-18 17:05:55.522110+00:00,2026-08-18T17:16:30.674518+00:00,185.7342,state_session=lunch + state_ext=neutral + state_slope=downtrend,2026-08-18 16:00:00+00:00,1h,rolling,,,price-eq-ABNB-1h-buy-a53110b9,,,20.0,5.0,
2f47fc67-a879-4308-a163-103a575b8e23,KO,10.0,buy,limit,,day,filled,2026-08-18 17:05:54.824499+00:00,entry,2026-08-18T17:05:54.841120+00:00,filled,10.0,88.64,2026-08-18 17:05:57.760589+00:00,2026-08-18T17:16:30.674518+00:00,88.84909999999999,state_session=lunch + state_slope=flat + state_vol=mid_vol,2026-08-18 16:00:00+00:00,1h,rolling,,,price-eq-KO-1h-buy-c73ca979,,,10.0,3.97430504184352,
d781fe1c-77ec-491d-b7a7-dc177df5c50a,SLB,17.0,buy,limit,,day,filled,2026-08-18 17:05:57.504754+00:00,entry,2026-08-18T17:05:57.534600+00:00,filled,17.0,53.29,2026-08-18 17:05:58.523420+00:00,2026-08-19T13:01:27.821134+00:00,53.412775,state_ext=neutral + state_ret_5=ret_down,2026-08-18 16:00:00+00:00,1h,rolling,,,price-eq-SLB-1h-buy-b4d2190e,,,10.0,3.4350974700219568,
1118990d-6d83-430a-b8ad-a800b4cbd59f,ABNB,4.0,sell,stop,177.81,gtc,canceled,2026-08-18 17:17:54.729540+00:00,protective_stop_submit,2026-08-18T17:17:54.768600+00:00,canceled,0.0,,,2026-08-21T15:37:42.959602+00:00,,,,,,,,,,,,,
135233d9-28ab-4426-8ed8-c248b59e7087,KO,10.0,sell,stop,86.91,gtc,replaced,2026-08-18 17:17:55.428644+00:00,protective_stop_submit,2026-08-18T17:17:55.462733+00:00,replaced,0.0,,,2026-08-19T18:26:48.133855+00:00,,,,,,,,,,,,,
e6c55121-a1a3-4789-a2b4-6cc4423ab312,SLB,17.0,sell,stop,52.02,gtc,canceled,2026-08-18 17:17:56.125137+00:00,protective_stop_submit,2026-08-18T17:17:56.161816+00:00,canceled,0.0,,,2026-08-19T19:37:29.820614+00:00,,,,,,,,,,,,,
2a6ba99e-5395-442f-b25f-09f89f1eed9f,BAC,1.0,buy,limit,,day,filled,2026-08-18 18:29:14.574686+00:00,entry,2026-08-18T18:29:14.579485+00:00,filled,1.0,64.06,2026-08-18 18:29:15.662415+00:00,2026-08-18T18:32:35.893763+00:00,64.06009999999999,state_session=afternoon + state_vol=low_vol,2026-08-18 18:00:00+00:00,15m,rolling,,,price-eq-BAC-15m-buy-47746529,,,10.0,5.0,
62f6abc2-9216-4644-9a47-113a14878dc9,IBIT,25.0,sell,limit,,day,filled,2026-08-18 18:29:15.459941+00:00,entry,2026-08-18T18:29:15.495642+00:00,filled,25.0,36.69,2026-08-18 18:29:16.543410+00:00,2026-08-19T13:01:27.821134+00:00,36.6209,state_session=afternoon + state_slope=uptrend + state_vol=mid_vol,2026-08-18 18:00:00+00:00,15m,rolling,,,price-eq-IBIT-15m-sell-df896a03,,,20.0,5.0,
fd11c2de-ea59-43ed-9373-014feed7f7c2,BAC,1.0,sell,stop,63.46,gtc,canceled,2026-08-18 18:34:10.240128+00:00,protective_stop_submit,2026-08-18T18:34:10.275436+00:00,canceled,0.0,,,2026-08-19T14:36:53.987959+00:00,,,,,,,,,,,,,
98772eea-ff87-4917-9acb-7626a74343cd,IBIT,25.0,buy,stop,36.97,gtc,filled,2026-08-18 18:34:10.929272+00:00,protective_stop_submit,2026-08-18T18:34:10.979852+00:00,filled,25.0,36.97,2026-08-19 14:06:09.770222+00:00,2026-08-20T13:01:28.161969+00:00,,,,,,,,,,,,,
bfc62f30-a7e6-4a1c-ae83-2ffdfa1df7fd,PM,5.0,buy,limit,,day,expired,2026-08-18 20:05:25.943525+00:00,entry,2026-08-18T20:05:25.954363+00:00,expired,0.0,,,2026-08-19T20:01:22.197653+00:00,185.6476792724609,state_volume=vol_normal + state_ext=stretched_down + state_slope=downtrend,2026-08-17 04:00:00+00:00,1d,rolling,,,price-eq-PM-1d-buy-17e2e11e-r2,,,20.0,4.459835646529002,
d5a4308d-2d28-4714-a3bc-85a9c684ec78,,,,,154.32,,replaced,,protective_stop_replace,2026-08-19T13:37:43.790601+00:00,replaced,0.0,,,2026-08-19T14:01:23.209195+00:00,,,,,,,,,,ac58ab19-8d40-43fb-9737-4167f8ef4531,,,
d65aa612-fad3-4a8c-afac-9ec951a28691,,,,,156.72,,replaced,,protective_stop_replace,2026-08-19T13:47:58.938000+00:00,replaced,0.0,,,2026-08-19T14:16:32.920898+00:00,,,,,,,,,,d5a4308d-2d28-4714-a3bc-85a9c684ec78,,,
ec044209-1de6-4da7-8545-e81397b204f9,,,,,157.31,,canceled,,protective_stop_replace,2026-08-19T14:02:22.115611+00:00,canceled,0.0,,,2026-08-19T19:27:57.428222+00:00,,,,,,,,,,d65aa612-fad3-4a8c-afac-9ec951a28691,,,
98772eea-ff87-4917-9acb-7626a74343cd,IBIT,25.0,close,,,,filled,2026-08-19 14:06:09.770221+00:00,exit,2026-08-19T14:17:50.254841+00:00,filled,25.0,36.97,2026-08-19 14:06:09.770222+00:00,2026-08-20T13:01:28.161969+00:00,,,,,,36.69,36.97,,,,,,
fd11c2de-ea59-43ed-9373-014feed7f7c2,,,,,,,canceled,,order_cancel,2026-08-19T14:32:37.715009+00:00,canceled,0.0,,,2026-08-19T14:36:53.987959+00:00,,,,,,,,,,,,,
cebceed4-f9c5-4bc1-b877-2c16b3793454,BAC,1.0,close,,,,filled,2026-08-19 14:32:39.593244+00:00,exit,2026-08-19T14:32:39.631374+00:00,filled,1.0,63.76,2026-08-19 14:32:40.332445+00:00,2026-08-20T13:01:28.161969+00:00,,,,,,64.06,63.775,,,,,,
be5f376a-6ec4-428e-a686-6ed6b0db71f4,,,,,156.86,,filled,,protective_stop_replace,2026-08-19T15:02:34.129060+00:00,filled,5.0,156.65,2026-08-19 19:19:51.654933+00:00,2026-08-20T13:01:28.161969+00:00,,,,,,,,,,43b79e5e-34cc-43ac-8b4e-2160f6e92b86,,,
865c748a-97e8-4b92-808f-52a63790e380,,,,,,,canceled,,order_cancel,2026-08-19T15:32:06.358016+00:00,canceled,0.0,,,2026-08-19T15:36:15.258431+00:00,,,,,,,,,,,,,
32abc733-a687-44f7-8129-52aecab62558,PSX,-3.0,close,,,,filled,2026-08-19 15:32:07.531244+00:00,exit,2026-08-19T15:32:07.574685+00:00,filled,3.0,243.93,2026-08-19 15:32:10.152245+00:00,2026-08-19T15:36:15.258431+00:00,,,,,,240.126667,243.87,,,,,,
565ddbc8-7243-44d9-b55d-de8968c91cf4,PSX,3.0,sell,limit,,day,filled,2026-08-19 15:41:20.608372+00:00,entry,2026-08-19T15:41:20.625643+00:00,filled,3.0,243.02,2026-08-19 15:41:21.662495+00:00,2026-08-19T15:46:25.815049+00:00,242.06435,state_ext=stretched_up + state_slope=uptrend + state_vol=low_vol,2026-08-19 14:00:00+00:00,1h,rolling,,,price-eq-PSX-1h-sell-85c80510,,,10.0,2.3311304707369005,
9fe6fd4f-546d-47d8-b88f-2bb897fbdda7,PSX,3.0,buy,stop,246.94,gtc,canceled,2026-08-19 15:47:27.920139+00:00,protective_stop_submit,2026-08-19T15:47:27.934955+00:00,canceled,0.0,,,2026-08-20T17:36:56.667952+00:00,,,,,,,,,,,,,
35e2ebf8-e808-47f9-b1aa-65e57e791ca5,KMB,8.0,sell,limit,,day,filled,2026-08-19 16:07:09.132942+00:00,entry,2026-08-19T16:07:09.183112+00:00,filled,8.0,109.0125,2026-08-19 16:35:46.723334+00:00,2026-08-19T16:46:26.790164+00:00,109.011425,cross_USO_state_ext=stretched_up + cross_TLT_state_slope=uptrend + state_ext=neutral,2026-08-19 15:00:00+00:00,1h,rolling,,,price-eq-KMB-1h-sell-94629338,,,10.0,3.015730328659992,
e0cda91d-42c0-4a4a-a800-3e0252c2ea73,KMB,2.0,buy,stop,111.52,gtc,replaced,2026-08-19 16:35:54.839659+00:00,protective_stop_submit,2026-08-19T16:35:54.872525+00:00,replaced,0.0,,,2026-08-19T17:01:34.732167+00:00,,,,,,,,,,,,,
eaeaf2eb-0074-43e2-bfa2-b9cef6f46ecf,,8.0,,,111.52,,canceled,,protective_stop_replace,2026-08-19T16:47:46.605831+00:00,canceled,0.0,,,2026-08-20T18:35:12.254830+00:00,,,,,,,,,,e0cda91d-42c0-4a4a-a800-3e0252c2ea73,,,
5d6ddac1-f13f-492d-9bdf-4e4cca496057,,,,,89.47,,replaced,,protective_stop_replace,2026-08-19T18:17:27.462367+00:00,replaced,0.0,,,2026-08-19T19:01:25.037735+00:00,,,,,,,,,,135233d9-28ab-4426-8ed8-c248b59e7087,,,
e4023169-5b3f-4d9a-ace1-64cb46b172d2,XLI,4.0,buy,stop,185.72,gtc,new,2026-08-19 18:17:27.902190+00:00,protective_stop_submit,2026-08-19T18:17:27.915304+00:00,new,0.0,,,2026-08-19T18:26:48.133855+00:00,,,,,,,,,,,,,
70464612-d137-49a1-a842-3da7899dd0da,BAC,1.0,buy,limit,,day,filled,2026-08-19 18:32:26.879060+00:00,entry,2026-08-19T18:32:26.914706+00:00,filled,1.0,63.17,2026-08-19 18:32:28.060205+00:00,2026-08-20T13:01:28.161969+00:00,63.209825,state_session=afternoon + state_vol=low_vol,2026-08-19 18:15:00+00:00,15m,rolling,,,price-eq-BAC-15m-buy-0e316a22,,,10.0,5.0,
126adc8c-6156-42b7-b6f2-6f044e551e9f,BAC,1.0,sell,stop,62.37,gtc,canceled,2026-08-19 18:36:53.584331+00:00,protective_stop_submit,2026-08-19T18:36:53.591722+00:00,canceled,0.0,,,2026-08-20T14:38:39.549131+00:00,,,,,,,,,,,,,
ef18ca4e-538e-469f-bf31-624fb2fb3789,,,,,89.48,,replaced,,protective_stop_replace,2026-08-19T18:47:23.175943+00:00,replaced,0.0,,,2026-08-19T19:16:33.308675+00:00,,,,,,,,,,5d6ddac1-f13f-492d-9bdf-4e4cca496057,,,
740d98f6-e629-49d2-8521-c84d2aab3fbc,,,,,89.64,,canceled,,protective_stop_replace,2026-08-19T19:02:32.120350+00:00,canceled,0.0,,,2026-08-19T19:27:57.428222+00:00,,,,,,,,,,ef18ca4e-538e-469f-bf31-624fb2fb3789,,,
740d98f6-e629-49d2-8521-c84d2aab3fbc,,,,,,,canceled,,order_cancel,2026-08-19T19:22:02.552910+00:00,canceled,0.0,,,2026-08-19T19:27:57.428222+00:00,,,,,,,,,,,,,
3e987498-5777-47b6-b0d0-bfbcac2e1085,KO,10.0,close,,,,filled,2026-08-19 19:22:03.812031+00:00,exit,2026-08-19T19:22:03.849215+00:00,filled,10.0,90.54,2026-08-19 19:22:08.649301+00:00,2026-08-20T13:01:28.161969+00:00,,,,,,88.64,90.56,,,,,,
ec044209-1de6-4da7-8545-e81397b204f9,,,,,,,canceled,,order_cancel,2026-08-19T19:22:05.406105+00:00,canceled,0.0,,,2026-08-19T19:27:57.428222+00:00,,,,,,,,,,,,,
d8d82b09-b463-48da-9c7a-e6ca893f7f70,TGT,6.0,close,,,,filled,2026-08-19 19:22:06.547779+00:00,exit,2026-08-19T19:22:06.583132+00:00,filled,6.0,161.02,2026-08-19 19:22:09.129242+00:00,2026-08-19T19:27:57.428222+00:00,,,,,,152.14,161.11,,,,,,
be5f376a-6ec4-428e-a686-6ed6b0db71f4,ICE,5.0,close,,,,filled,2026-08-19 19:19:51.654932+00:00,exit,2026-08-19T19:29:37.946167+00:00,filled,5.0,156.65,2026-08-19 19:19:51.654933+00:00,2026-08-20T13:01:28.161969+00:00,,,,,,155.456,156.65,,,,,,
7103e42f-a570-468e-b9f6-e4fb4879ec0f,,,,,,,canceled,,order_cancel,2026-08-19T19:33:17.876178+00:00,canceled,0.0,,,2026-08-19T19:37:29.820614+00:00,,,,,,,,,,,,,
19a1919f-be4d-47bf-b66e-666851e8976a,PLTR,12.0,close,,,,filled,2026-08-19 19:33:19.047571+00:00,exit,2026-08-19T19:33:19.081264+00:00,filled,12.0,176.17,2026-08-19 19:33:19.951921+00:00,2026-08-19T19:37:29.820614+00:00,,,,,,174.9,176.22,,,,,,
e6c55121-a1a3-4789-a2b4-6cc4423ab312,,,,,,,canceled,,order_cancel,2026-08-19T19:33:20.670941+00:00,canceled,0.0,,,2026-08-19T19:37:29.820614+00:00,,,,,,,,,,,,,
796e6201-4f94-445c-b982-8932bf2b8278,SLB,17.0,close,,,,filled,2026-08-19 19:33:21.116039+00:00,exit,2026-08-19T19:33:21.149741+00:00,filled,17.0,53.34,2026-08-19 19:33:21.744021+00:00,2026-08-20T13:01:28.161969+00:00,,,,,,53.29,53.345,,,,,,
51605eda-4c94-462b-b9e8-bf92dcacf399,JPM,2.0,buy,limit,,day,filled,2026-08-19 19:33:47.099499+00:00,entry,2026-08-19T19:33:47.148250+00:00,filled,2.0,357.03,2026-08-19 19:35:21.754703+00:00,2026-08-19T19:37:29.820614+00:00,357.0749,state_session=afternoon + state_slope=downtrend + state_vol=low_vol,2026-08-19 18:00:00+00:00,1h,rolling,,,price-eq-JPM-1h-buy-b8522993,,,20.0,4.372418461126686,
472f0f69-b98a-4334-a0a5-d0d50a6dea40,MS,4.0,buy,limit,,day,filled,2026-08-19 19:33:48.474353+00:00,entry,2026-08-19T19:33:48.518926+00:00,filled,4.0,214.1,2026-08-19 19:36:08.443480+00:00,2026-08-19T19:37:29.820614+00:00,214.18590000000003,state_session=afternoon + state_slope=downtrend + state_vol=low_vol,2026-08-19 18:00:00+00:00,1h,rolling,,,price-eq-MS-1h-buy-30643a2b,,,20.0,4.701801317511292,
2a186584-0eca-456d-9ecb-23cc9b149397,JPM,2.0,sell,stop,346.05,gtc,canceled,2026-08-19 19:38:31.662893+00:00,protective_stop_submit,2026-08-19T19:38:31.699532+00:00,canceled,0.0,,,2026-08-19T19:46:24.586936+00:00,,,,,,,,,,,,,
507a862a-3369-4460-8ce8-864c550cfef8,MS,4.0,sell,stop,206.84,gtc,canceled,2026-08-19 19:38:32.117866+00:00,protective_stop_submit,2026-08-19T19:38:32.123351+00:00,canceled,0.0,,,2026-08-24T17:34:57.275831+00:00,,,,,,,,,,,,,
2a186584-0eca-456d-9ecb-23cc9b149397,,,,,,,canceled,,order_cancel,2026-08-19T19:41:10.768049+00:00,canceled,0.0,,,2026-08-19T19:46:24.586936+00:00,,,,,,,,,,,,,
c6b8e82a-e3ad-473b-a52f-1e2c14c2cfed,JPM,2.0,close,,,,filled,2026-08-19 19:41:11.460989+00:00,exit,2026-08-19T19:41:11.467132+00:00,filled,2.0,356.53,2026-08-19 19:41:12.963059+00:00,2026-08-20T13:01:28.161969+00:00,,,,,,357.03,356.57,,,,,,
538ee20a-9f90-47d6-8057-516b2a5b1953,SLB,17.0,buy,limit,,day,filled,2026-08-19 19:41:37.793518+00:00,entry,2026-08-19T19:41:37.800986+00:00,filled,17.0,53.45,2026-08-19 19:41:38.698217+00:00,2026-08-20T13:01:28.161969+00:00,53.476600000000005,state_ext=neutral + state_ret_5=ret_down,2026-08-19 18:00:00+00:00,1h,rolling,,,price-eq-SLB-1h-buy-80aabd8d,,,10.0,3.4350974700219568,
a24dd5b8-e6c5-49f2-9fa1-7c868c7dd975,GD,2.0,buy,limit,,day,filled,2026-08-20 13:03:54.529361+00:00,entry,2026-08-20T13:03:54.541732+00:00,filled,2.0,392.6,2026-08-20 13:32:47.189097+00:00,2026-08-20T13:37:27.900482+00:00,395.08591098632814,state_volume=vol_normal + state_ext=neutral,2026-08-18 04:00:00+00:00,1d,rolling,,,price-eq-GD-1d-buy-6ce8018b,,,20.0,5.0,
7270f5ec-98ee-4dce-bf10-09f4d90496f0,GD,2.0,sell,stop,361.34,gtc,new,2026-08-20 13:38:28.702109+00:00,protective_stop_submit,2026-08-20T13:38:28.785442+00:00,new,0.0,,,2026-08-20T13:46:40.596651+00:00,,,,,,,,,,,,,
126adc8c-6156-42b7-b6f2-6f044e551e9f,,,,,,,canceled,,order_cancel,2026-08-20T14:34:16.567556+00:00,canceled,0.0,,,2026-08-20T14:38:39.549131+00:00,,,,,,,,,,,,,
b704ba71-3eb8-4e68-b04a-2189ae743d79,BAC,1.0,close,,,,filled,2026-08-20 14:34:17.729346+00:00,exit,2026-08-20T14:34:17.768760+00:00,filled,1.0,63.04,2026-08-20 14:34:18.774730+00:00,2026-08-20T14:38:39.549131+00:00,,,,,,63.17,63.04,,,,,,
46975ee1-6aac-407e-ac7c-b30f3890bf8c,COF,4.0,buy,limit,,day,filled,2026-08-20 14:34:50.664341+00:00,entry,2026-08-20T14:34:50.705267+00:00,filled,4.0,213.39,2026-08-20 14:34:52.077239+00:00,2026-08-20T14:38:39.549131+00:00,213.73635,state_session=morning + state_slope=downtrend + state_vol=high_vol,2026-08-20 13:00:00+00:00,1h,rolling,,,price-eq-COF-1h-buy-0e22cb9b,,,20.0,4.498245234088609,
1e71a8ec-c15b-4660-b85d-3d0beb65589d,LOW,4.0,sell,limit,,day,filled,2026-08-20 14:34:53.037331+00:00,entry,2026-08-20T14:34:53.095641+00:00,filled,4.0,218.515,2026-08-20 14:59:08.048198+00:00,2026-08-20T15:01:13.482948+00:00,218.410725,cross_TLT_state_slope=uptrend + state_ext=neutral,2026-08-20 13:00:00+00:00,1h,rolling,,,price-eq-LOW-1h-sell-f8bce25c,,,20.0,5.0,
18174a0a-0aee-49bc-b348-e5a90bca8d22,HUM,2.0,buy,limit,,day,filled,2026-08-20 14:34:55.392798+00:00,entry,2026-08-20T14:34:55.433393+00:00,filled,2.0,386.405,2026-08-20 14:35:09.656771+00:00,2026-08-21T13:01:30.144740+00:00,386.935625,state_session=morning + state_vol=high_vol,2026-08-20 14:15:00+00:00,15m,rolling,,,price-eq-HUM-15m-buy-12d41273,,,20.0,5.0,
cb3b0e2a-5ee5-4cbc-8b57-49ee9953271e,COF,4.0,sell,stop,205.36,gtc,canceled,2026-08-20 14:39:45.578174+00:00,protective_stop_submit,2026-08-20T14:39:45.591950+00:00,canceled,0.0,,,2026-08-24T19:35:22.158725+00:00,,,,,,,,,,,,,
9ac37775-3add-4b8c-b1ee-8097c4fececd,HUM,2.0,sell,stop,377.29,gtc,filled,2026-08-20 14:39:46.021897+00:00,protective_stop_submit,2026-08-20T14:39:46.042686+00:00,filled,2.0,377.24,2026-08-20 15:23:29.145284+00:00,2026-08-21T13:01:30.144740+00:00,,,,,,,,,,,,,
4532f82c-a465-4433-97a3-1e7c0faf7134,LOW,4.0,buy,stop,232.9,gtc,canceled,2026-08-20 15:02:17.509088+00:00,protective_stop_submit,2026-08-20T15:02:17.573621+00:00,canceled,0.0,,,2026-08-24T19:35:22.158725+00:00,,,,,,,,,,,,,
6b734d54-9af5-4b30-a89a-b88e15000291,XRT,10.0,buy,limit,,day,filled,2026-08-20 15:04:30.922681+00:00,entry,2026-08-20T15:04:30.937437+00:00,filled,10.0,86.749,2026-08-20 15:08:44.008964+00:00,2026-08-20T15:16:11.523061+00:00,86.751775,state_volume=vol_surge + state_ext=stretched_down,2026-08-20 14:00:00+00:00,1h,rolling,,,price-eq-XRT-1h-buy-e3b5d4f7,,,20.0,5.0,
c7b8a589-d401-4c6d-b343-aa98a545a1e5,XRT,10.0,sell,stop,83.71,gtc,canceled,2026-08-20 15:17:23.458926+00:00,protective_stop_submit,2026-08-20T15:17:23.468951+00:00,canceled,0.0,,,2026-08-25T13:41:31.074385+00:00,,,,,,,,,,,,,
4ec46b8a-8d57-4616-ad40-2ba6dd636714,XLP,10.0,sell,limit,,day,filled,2026-08-20 15:21:55.364792+00:00,entry,2026-08-20T15:21:55.381666+00:00,filled,10.0,85.584,2026-08-20 15:21:59.323839+00:00,2026-08-21T13:01:30.144740+00:00,85.268225,state_volume=vol_quiet + state_ext=neutral + state_slope=uptrend,2026-08-20 14:00:00+00:00,1h,rolling,,,price-eq-XLP-1h-sell-cf77f7e7,,,10.0,3.010535386250348,
9ac37775-3add-4b8c-b1ee-8097c4fececd,HUM,2.0,close,,,,filled,2026-08-20 15:23:29.145283+00:00,exit,2026-08-20T15:28:33.765798+00:00,filled,2.0,377.24,2026-08-20 15:23:29.145284+00:00,2026-08-21T13:01:30.144740+00:00,,,,,,386.405,377.24,,,,,,
72a31af6-2112-4785-a1bc-5289d67616b5,XLP,10.0,buy,stop,87.22,gtc,canceled,2026-08-20 15:28:34.234514+00:00,protective_stop_submit,2026-08-20T15:28:34.251130+00:00,canceled,0.0,,,2026-08-21T17:37:07.242680+00:00,,,,,,,,,,,,,
e66e8aac-f78c-49fa-b474-c43cfe6799f1,XBI,5.0,buy,limit,,day,filled,2026-08-20 15:32:02.165801+00:00,entry,2026-08-20T15:32:02.180366+00:00,filled,5.0,165.234,2026-08-20 15:32:04.351807+00:00,2026-08-21T13:01:30.144740+00:00,165.59392499999998,state_volume=vol_surge + state_slope=downtrend,2026-08-20 15:15:00+00:00,15m,rolling,,,price-eq-XBI-15m-buy-617add83,,,20.0,5.0,
9ac37775-3add-4b8c-b1ee-8097c4fececd,HUM,2.0,close,,,,filled,2026-08-20 15:23:29.145283+00:00,exit,2026-08-20T15:36:03.175988+00:00,filled,2.0,377.24,2026-08-20 15:23:29.145284+00:00,2026-08-21T13:01:30.144740+00:00,,,,,,386.405,377.24,,,,,,
16165e71-38d8-4b06-87b5-e52f38742d0b,XBI,5.0,sell,stop,157.09,gtc,canceled,2026-08-20 15:36:03.392067+00:00,protective_stop_submit,2026-08-20T15:36:03.396452+00:00,canceled,0.0,,,2026-08-20T15:46:07.093195+00:00,,,,,,,,,,,,,
16165e71-38d8-4b06-87b5-e52f38742d0b,,,,,,,canceled,,order_cancel,2026-08-20T15:38:49.864826+00:00,canceled,0.0,,,2026-08-20T15:46:07.093195+00:00,,,,,,,,,,,,,
634d7612-e560-4820-8a08-c91851076d45,XBI,5.0,close,,,,filled,2026-08-20 15:38:49.954718+00:00,exit,2026-08-20T15:38:49.965494+00:00,filled,5.0,164.886,2026-08-20 15:38:53.378775+00:00,2026-08-20T15:46:07.093195+00:00,,,,,,165.234,164.955,,,,,,
9ac37775-3add-4b8c-b1ee-8097c4fececd,HUM,2.0,close,,,,filled,2026-08-20 15:23:29.145283+00:00,exit,2026-08-20T15:47:18.418834+00:00,filled,2.0,377.24,2026-08-20 15:23:29.145284+00:00,2026-08-21T13:01:30.144740+00:00,,,,,,386.405,377.24,,,,,,
b68fe179-6b54-4f81-93a9-926544a2da95,CME,3.0,buy,limit,,day,filled,2026-08-20 16:05:41.396815+00:00,entry,2026-08-20T16:05:41.417366+00:00,filled,3.0,272.66,2026-08-20 16:11:46.631343+00:00,2026-08-20T16:16:05.118348+00:00,272.663025,state_slope=flat + state_vol=high_vol,2026-08-20 15:00:00+00:00,1h,rolling,,,price-eq-CME-1h-buy-c1c9cc03,,,20.0,4.194913095452627,
a9846ad6-f97b-44b7-b480-96b883a5ad06,CME,3.0,sell,stop,262.54,gtc,canceled,2026-08-20 16:17:16.275734+00:00,protective_stop_submit,2026-08-20T16:17:16.281775+00:00,canceled,0.0,,,2026-08-25T14:38:16.035212+00:00,,,,,,,,,,,,,
9fe6fd4f-546d-47d8-b88f-2bb897fbdda7,,,,,,,canceled,,order_cancel,2026-08-20T17:33:05.736513+00:00,canceled,0.0,,,2026-08-20T17:36:56.667952+00:00,,,,,,,,,,,,,
91ba442a-27b9-4027-ae12-a45d6f4861ce,PSX,-3.0,close,,,,filled,2026-08-20 17:33:06.624971+00:00,exit,2026-08-20T17:33:06.705707+00:00,filled,3.0,243.79,2026-08-20 17:33:07.548355+00:00,2026-08-20T17:36:56.667952+00:00,,,,,,243.02,243.685,,,,,,
36762349-df65-4efc-9370-a45d8eec1a88,PM,4.0,buy,limit,,day,filled,2026-08-20 17:40:47.789072+00:00,entry,2026-08-20T17:40:47.793017+00:00,filled,4.0,193.61,2026-08-20 17:40:49.130267+00:00,2026-08-21T13:01:30.144740+00:00,193.9134,state_volume=vol_normal + state_ext=stretched_up + state_slope=uptrend,2026-08-20 16:00:00+00:00,1h,rolling,,,price-eq-PM-1h-buy-ddc9dde2,,,10.0,3.672237629287672,
fb409eb1-b62c-4f1b-af84-433638f0db87,PM,4.0,sell,stop,188.13,gtc,filled,2026-08-20 17:48:00.750970+00:00,protective_stop_submit,2026-08-20T17:48:00.787397+00:00,filled,4.0,188.05,2026-08-21 15:55:15.528231+00:00,2026-08-24T13:01:16.243408+00:00,,,,,,,,,,,,,
eaeaf2eb-0074-43e2-bfa2-b9cef6f46ecf,,,,,,,canceled,,order_cancel,2026-08-20T18:31:02.835051+00:00,canceled,0.0,,,2026-08-20T18:35:12.254830+00:00,,,,,,,,,,,,,
82755fc4-b75c-4622-8dfb-5ede57738b9d,KMB,-8.0,close,,,,filled,2026-08-20 18:31:03.273017+00:00,exit,2026-08-20T18:31:03.317054+00:00,filled,8.0,108.97,2026-08-20 18:31:04.734691+00:00,2026-08-21T13:01:30.144740+00:00,,,,,,109.0125,108.94,,,,,,
d3b316c5-0e61-4eac-8708-3251472cb356,KMB,8.0,sell,limit,,day,filled,2026-08-20 18:41:09.453580+00:00,entry,2026-08-20T18:41:09.481471+00:00,filled,8.0,108.91,2026-08-20 18:41:19.839551+00:00,2026-08-21T13:01:30.144740+00:00,108.91,cross_USO_state_ext=stretched_up + cross_TLT_state_slope=uptrend + state_ext=neutral,2026-08-20 17:00:00+00:00,1h,rolling,,,price-eq-KMB-1h-sell-10ecd515,,,10.0,3.015730328659992,
d8ecbd06-9d6d-4d2d-a808-163a726413b9,KMB,8.0,buy,stop,111.38,gtc,filled,2026-08-20 18:47:48.108965+00:00,protective_stop_submit,2026-08-20T18:47:48.143903+00:00,filled,8.0,111.68,2026-08-24 13:38:32.709876+00:00,2026-08-24T13:40:18.811665+00:00,,,,,,,,,,,,,
20c9bd3a-3944-4f7f-9c65-130d0692b3af,SLB,17.0,close,,,,filled,2026-08-21 14:31:48.270148+00:00,exit,2026-08-21T14:31:48.276844+00:00,filled,17.0,53.39,2026-08-21 14:31:50.822531+00:00,2026-08-24T13:01:16.243408+00:00,,,,,,53.45,53.395,,,,,,
1118990d-6d83-430a-b8ad-a800b4cbd59f,,,,,,,canceled,,order_cancel,2026-08-21T15:33:17.496706+00:00,canceled,0.0,,,2026-08-21T15:37:42.959602+00:00,,,,,,,,,,,,,
c4d45763-ea14-4fdb-9113-ec9042a98201,ABNB,4.0,close,,,,filled,2026-08-21 15:33:18.679323+00:00,exit,2026-08-21T15:33:18.690166+00:00,filled,4.0,187.805,2026-08-21 15:33:21.375754+00:00,2026-08-21T15:37:42.959602+00:00,,,,,,184.69,187.855,,,,,,
fb409eb1-b62c-4f1b-af84-433638f0db87,PM,4.0,close,,,,filled,2026-08-21 15:55:15.528230+00:00,exit,2026-08-21T16:02:35.748709+00:00,filled,4.0,188.05,2026-08-21 15:55:15.528231+00:00,2026-08-24T13:01:16.243408+00:00,,,,,,193.61,188.05,,,,,,
72a31af6-2112-4785-a1bc-5289d67616b5,,,,,,,canceled,,order_cancel,2026-08-21T17:32:28.173352+00:00,canceled,0.0,,,2026-08-21T17:37:07.242680+00:00,,,,,,,,,,,,,
72fe28d6-9146-4d9e-94b6-013e0bf71bce,XLP,-10.0,close,,,,filled,2026-08-21 17:32:29.260758+00:00,exit,2026-08-21T17:32:29.290895+00:00,filled,10.0,85.86,2026-08-21 17:32:32.833995+00:00,2026-08-24T13:01:16.243408+00:00,,,,,,85.584,85.85,,,,,,
1187415b-e9b4-43e9-95d8-8d8d2e0f77eb,,,,,,,canceled,,order_cancel,2026-08-21T19:21:25.130907+00:00,canceled,0.0,,,2026-08-21T19:28:02.709947+00:00,,,,,,,,,,,,,
5f342746-2aa8-469d-9fa3-7d77b9744777,DE,1.0,close,,,,filled,2026-08-21 19:21:25.765540+00:00,exit,2026-08-21T19:21:25.770647+00:00,filled,1.0,650.07,2026-08-21 19:21:26.721202+00:00,2026-08-24T13:01:16.243408+00:00,,,,,,595.61,650.2525,,,,,,
d8ecbd06-9d6d-4d2d-a808-163a726413b9,KMB,8.0,close,,,,filled,2026-08-24 13:38:32.709876+00:00,exit,2026-08-24T13:41:30.073534+00:00,filled,8.0,111.68,2026-08-24 13:38:32.709876+00:00,2026-08-24T13:49:18.216221+00:00,,,,,,108.91,111.68,,,,,,
6bb6a3c0-b0f9-414a-9d75-e8464d85232e,GDX,8.0,buy,limit,,day,filled,2026-08-24 14:30:51.268900+00:00,entry,2026-08-24T14:30:51.291461+00:00,filled,8.0,103.54,2026-08-24 14:38:23.403604+00:00,2026-08-25T13:01:12.300531+00:00,103.542775,state_ext=stretched_up + state_ret_5=ret_flat,2026-08-24 13:00:00+00:00,1h,rolling,,,price-eq-GDX-1h-buy-14cfc830,,,20.0,5.0,
8e48a046-86b2-47e4-a2ff-357c6bd45aaa,GDXJ,6.0,buy,limit,,day,filled,2026-08-24 14:30:52.547840+00:00,entry,2026-08-24T14:30:52.605662+00:00,filled,6.0,133.09,2026-08-24 14:42:51.519666+00:00,2026-08-24T14:46:21.002953+00:00,133.104475,state_ext=stretched_up + state_ret_5=ret_flat,2026-08-24 13:00:00+00:00,1h,rolling,,,price-eq-GDXJ-1h-buy-6d9573da,,,10.0,4.408512238450959,
28ecf42c-cf5f-4064-b576-2b57f7fd08d3,MO,13.0,buy,limit,,day,expired,2026-08-24 14:30:53.762380+00:00,entry,2026-08-24T14:30:53.777609+00:00,expired,0.0,,,2026-08-24T20:01:30.188698+00:00,67.81160000000001,cross_USO_state_ext=neutral + state_ext=stretched_up,2026-08-24 13:00:00+00:00,1h,rolling,,,price-eq-MO-1h-buy-2cce0ad3,,,10.0,2.509141091586577,
b24fe729-8845-41a2-b2d5-00ba7f625b68,PLTR,9.0,buy,limit,,day,filled,2026-08-24 14:30:54.955085+00:00,entry,2026-08-24T14:30:54.985972+00:00,filled,9.0,173.997778,2026-08-24 14:30:57.360963+00:00,2026-08-25T13:01:12.300531+00:00,175.73365,cross_USO_state_ext=neutral + cross_TLT_state_slope=downtrend + state_ext=neutral,2026-08-24 13:00:00+00:00,1h,rolling,,,price-eq-PLTR-1h-buy-5b14da0c,,,20.0,5.0,
2ab49a6a-3a0a-42bf-8d14-ac12988b7aa7,CAT,1.0,buy,limit,,day,filled,2026-08-24 14:30:56.951756+00:00,entry,2026-08-24T14:30:56.966536+00:00,filled,1.0,810.54,2026-08-24 14:30:57.593469+00:00,2026-08-25T13:01:12.300531+00:00,810.5453500000001,cross_USO_state_slope=downtrend + cross_TLT_state_slope=uptrend + state_ext=stretched_down,2026-08-24 14:15:00+00:00,15m,rolling,,,price-eq-CAT-15m-buy-d6b8d89c,,,5.0,2.1670323306717645,
37932c79-1aa1-4779-ba7b-6a37d92ddd57,ETN,2.0,buy,limit,,day,filled,2026-08-24 14:30:58.086206+00:00,entry,2026-08-24T14:30:58.131435+00:00,filled,2.0,409.44,2026-08-24 14:58:27.735567+00:00,2026-08-24T15:01:29.318233+00:00,409.4726,cross_USO_state_slope=downtrend + cross_TLT_state_slope=uptrend + state_ext=stretched_down,2026-08-24 14:15:00+00:00,15m,rolling,,,price-eq-ETN-15m-buy-ba217715,,,10.0,1.580821222182473,
268c0458-9471-41b4-b1c5-ba339a85df20,CAT,1.0,sell,stop,801.05,gtc,canceled,2026-08-24 14:35:48.538972+00:00,protective_stop_submit,2026-08-24T14:35:48.548906+00:00,canceled,0.0,,,2026-08-24T16:35:58.917619+00:00,,,,,,,,,,,,,
16fd958c-1a74-4a48-9608-f33b3662a96c,PLTR,9.0,sell,stop,159.72,gtc,canceled,2026-08-24 14:35:48.751672+00:00,protective_stop_submit,2026-08-24T14:35:48.755991+00:00,canceled,0.0,,,2026-08-26T19:36:40.463392+00:00,,,,,,,,,,,,,
be3b0a68-60b8-4690-bc09-5b478e85dbdd,GDX,8.0,sell,stop,98.28,gtc,canceled,2026-08-24 14:47:37.872823+00:00,protective_stop_submit,2026-08-24T14:47:37.873383+00:00,canceled,0.0,,,2026-08-26T19:36:40.463392+00:00,,,,,,,,,,,,,
e82e684f-a706-4c71-836d-08123ab456fa,GDXJ,6.0,sell,stop,126.84,gtc,canceled,2026-08-24 14:47:38.011372+00:00,protective_stop_submit,2026-08-24T14:47:38.011995+00:00,canceled,0.0,,,2026-08-25T16:36:06.844479+00:00,,,,,,,,,,,,,
34ded5e5-6709-4b6e-b38a-ea4467161eee,ETN,2.0,sell,stop,402.57,gtc,canceled,2026-08-24 15:03:15.568211+00:00,protective_stop_submit,2026-08-24T15:03:15.614826+00:00,canceled,0.0,,,2026-08-24T15:16:29.770081+00:00,,,,,,,,,,,,,
34ded5e5-6709-4b6e-b38a-ea4467161eee,,,,,,,canceled,,order_cancel,2026-08-24T15:05:26.927230+00:00,canceled,0.0,,,2026-08-24T15:16:29.770081+00:00,,,,,,,,,,,,,
f55845f5-27fd-45a1-b15c-cc61d3c7b497,ETN,2.0,close,,,,filled,2026-08-24 15:05:27.522807+00:00,exit,2026-08-24T15:05:27.561518+00:00,filled,2.0,408.15,2026-08-24 15:05:28.674636+00:00,2026-08-25T13:01:12.300531+00:00,,,,,,409.44,408.15,,,,,,
baa28ba0-e8c0-4cf1-87b5-0b8221038953,HUM,2.0,buy,limit,,day,filled,2026-08-24 15:22:35.380840+00:00,entry,2026-08-24T15:22:35.415342+00:00,filled,2.0,384.97,2026-08-24 15:22:36.413129+00:00,2026-08-24T15:28:02.576303+00:00,388.90965,cross_USO_state_ext=neutral + state_ext=stretched_up,2026-08-24 14:00:00+00:00,1h,rolling,,,price-eq-HUM-1h-buy-1d9d8ee1,,,10.0,3.701736877826395,
a5be9cc4-4fa2-4776-af7e-5bd56fbf27e9,HUM,2.0,sell,stop,371.77,gtc,canceled,2026-08-24 15:29:20.564462+00:00,protective_stop_submit,2026-08-24T15:29:20.581225+00:00,canceled,0.0,,,2026-08-25T17:36:23.236733+00:00,,,,,,,,,,,,,
268c0458-9471-41b4-b1c5-ba339a85df20,,,,,,,canceled,,order_cancel,2026-08-24T16:32:07.211324+00:00,canceled,0.0,,,2026-08-24T16:35:58.917619+00:00,,,,,,,,,,,,,
222336fb-41aa-44cb-9fc5-d370e4aaf23b,CAT,1.0,close,,,,filled,2026-08-24 16:32:08.368096+00:00,exit,2026-08-24T16:32:08.407317+00:00,filled,1.0,808.7,2026-08-24 16:32:09.140795+00:00,2026-08-25T13:01:12.300531+00:00,,,,,,810.54,809.115,,,,,,
c71a1034-8e68-48bd-a34c-b8d29a49ea83,AFRM,11.0,sell,limit,,day,filled,2026-08-24 16:40:40.844439+00:00,entry,2026-08-24T16:40:40.851388+00:00,filled,11.0,77.25,2026-08-24 16:48:59.449926+00:00,2026-08-25T13:01:12.300531+00:00,77.201775,state_session=morning + state_ext=neutral + state_slope=flat,2026-08-24 15:00:00+00:00,1h,rolling,,,price-eq-AFRM-1h-sell-ed713d27,,,10.0,4.278060460282402,
f8837fe0-a923-4539-91d2-ad05003cf44f,AFRM,11.0,buy,stop,80.64,gtc,canceled,2026-08-24 17:02:55.236535+00:00,protective_stop_submit,2026-08-24T17:02:55.243387+00:00,canceled,0.0,,,2026-08-25T18:34:22.355562+00:00,,,,,,,,,,,,,
507a862a-3369-4460-8ce8-864c550cfef8,,,,,,,canceled,,order_cancel,2026-08-24T17:31:16.177448+00:00,canceled,0.0,,,2026-08-24T17:34:57.275831+00:00,,,,,,,,,,,,,
c20466b5-2c63-4c71-b696-99c017ca5223,MS,4.0,close,,,,filled,2026-08-24 17:31:16.533270+00:00,exit,2026-08-24T17:31:16.582491+00:00,filled,4.0,213.3325,2026-08-24 17:31:18.109601+00:00,2026-08-24T17:34:57.275831+00:00,,,,,,214.1,213.4,,,,,,
5e4c40d0-6dc4-4418-9a89-481e939a7ac1,SLB,17.0,buy,limit,,day,expired,2026-08-24 18:28:40.066243+00:00,entry,2026-08-24T18:28:40.111528+00:00,expired,0.0,,,2026-08-24T20:01:30.188698+00:00,53.544475,state_ext=neutral + state_ret_5=ret_down,2026-08-24 17:00:00+00:00,1h,rolling,,,price-eq-SLB-1h-buy-b1fdfbce,,,20.0,5.0,
cb3b0e2a-5ee5-4cbc-8b57-49ee9953271e,,,,,,,canceled,,order_cancel,2026-08-24T19:31:40.468066+00:00,canceled,0.0,,,2026-08-24T19:35:22.158725+00:00,,,,,,,,,,,,,
12c6f47c-9861-4ddb-8d6a-2138ab1a6472,COF,4.0,close,,,,filled,2026-08-24 19:31:41.143472+00:00,exit,2026-08-24T19:31:41.162109+00:00,filled,4.0,216.27,2026-08-24 19:31:41.933308+00:00,2026-08-25T13:01:12.300531+00:00,,,,,,213.39,216.2701,,,,,,
4532f82c-a465-4433-97a3-1e7c0faf7134,,,,,,,canceled,,order_cancel,2026-08-24T19:31:42.565638+00:00,canceled,0.0,,,2026-08-24T19:35:22.158725+00:00,,,,,,,,,,,,,
46888390-4331-4df7-8ecd-a1cf85f01b08,LOW,-4.0,close,,,,filled,2026-08-24 19:31:43.775700+00:00,exit,2026-08-24T19:31:43.801662+00:00,filled,4.0,216.74,2026-08-24 19:31:44.440389+00:00,2026-08-25T13:01:12.300531+00:00,,,,,,218.515,216.715,,,,,,
3b82fdf8-c637-4a1f-9f38-4cabebf4898f,XLP,10.0,sell,limit,,day,filled,2026-08-24 19:41:29.431891+00:00,entry,2026-08-24T19:41:29.465967+00:00,filled,10.0,87.24,2026-08-24 19:41:31.041722+00:00,2026-08-24T19:46:21.577381+00:00,87.08670000000001,state_volume=vol_quiet + state_ext=neutral + state_slope=uptrend,2026-08-24 18:00:00+00:00,1h,rolling,,,price-eq-XLP-1h-sell-01b79a58,,,10.0,3.010535386250348,
a4297a65-883d-4a1e-a932-b502239ab323,BAC,2.0,buy,limit,,day,filled,2026-08-24 19:41:32.265687+00:00,entry,2026-08-24T19:41:32.313377+00:00,filled,2.0,62.41,2026-08-24 19:41:32.887507+00:00,2026-08-25T13:01:12.300531+00:00,62.422775,state_session=afternoon + state_vol=low_vol,2026-08-24 19:15:00+00:00,15m,rolling,,,price-eq-BAC-15m-buy-1bf94869,,,10.0,5.0,
8f3d7998-fcf9-48d4-9bb6-0b7159c05495,BAC,2.0,sell,stop,61.75,gtc,canceled,2026-08-24 19:47:43.959402+00:00,protective_stop_submit,2026-08-24T19:47:43.972801+00:00,canceled,0.0,,,2026-08-25T15:36:40.571531+00:00,,,,,,,,,,,,,
afdfda65-2277-496b-ae6e-b7773e6609d2,XLP,10.0,buy,stop,88.18,gtc,canceled,2026-08-24 19:47:44.421254+00:00,protective_stop_submit,2026-08-24T19:47:44.434760+00:00,canceled,0.0,,,2026-08-25T19:46:24.490327+00:00,,,,,,,,,,,,,
8cc759a3-c376-40a5-8f5d-8f5037a128e6,MO,13.0,buy,limit,,day,filled,2026-08-24 20:11:06.538864+00:00,entry,2026-08-24T20:11:06.572056+00:00,filled,13.0,68.227692,2026-08-25 13:33:59.972714+00:00,2026-08-25T13:41:31.074385+00:00,68.2317,cross_USO_state_ext=neutral + state_ext=stretched_up,2026-08-24 19:00:00+00:00,1h,rolling,,,price-eq-MO-1h-buy-2fdfa673,,,10.0,2.509141091586577,
a51042a1-fe59-4f14-98ae-a295597dbd47,MRK,6.0,buy,limit,,day,expired,2026-08-24 20:11:11.884139+00:00,entry,2026-08-24T20:11:11.917162+00:00,expired,0.0,,,2026-08-25T20:01:03.035124+00:00,150.86874999999998,cross_USO_state_slope=flat + cross_TLT_state_slope=flat + state_ext=neutral,2026-08-24 19:15:00+00:00,15m,rolling,,,price-eq-MRK-15m-buy-d3a45e98,,,10.0,5.0,
96072d29-fd2f-46ee-89e4-82ce8921f64e,MO,10.0,sell,stop,66.96,gtc,replaced,2026-08-25 13:34:02.778140+00:00,protective_stop_submit,2026-08-25T13:34:02.780696+00:00,replaced,0.0,,,2026-08-25T13:49:23.073248+00:00,,,,,,,,,,,,,
c7b8a589-d401-4c6d-b343-aa98a545a1e5,,,,,,,canceled,,order_cancel,2026-08-25T13:37:30.984587+00:00,canceled,0.0,,,2026-08-25T13:41:31.074385+00:00,,,,,,,,,,,,,
60d7fc71-c730-4b2d-98f4-c25f5c05e8d4,XRT,10.0,close,,,,filled,2026-08-25 13:37:31.620861+00:00,exit,2026-08-25T13:37:31.651683+00:00,filled,10.0,87.77,2026-08-25 13:37:32.707904+00:00,2026-08-25T13:41:31.074385+00:00,,,,,,86.749,87.81,,,,,,
a3c2f4e0-6c3b-40cc-86ae-cfad626e63bd,,13.0,,,66.96,,canceled,,protective_stop_replace,2026-08-25T13:42:53.520373+00:00,canceled,0.0,,,2026-08-26T16:35:13.548914+00:00,,,,,,,,,,96072d29-fd2f-46ee-89e4-82ce8921f64e,,,
ff00b683-905a-48b2-9d63-642b305d1c64,ADI,4.0,buy,limit,,day,filled,2026-08-25 13:45:59.002458+00:00,entry,2026-08-25T13:45:59.101864+00:00,filled,4.0,372.77,2026-08-25 13:46:01.006451+00:00,2026-08-25T13:49:23.073248+00:00,374.0420134277344,state_ext=stretched_down + state_vol=mid_vol,2026-08-24 04:00:00+00:00,1d,rolling,,,price-eq-ADI-1d-buy-d3fcad92,,,20.0,4.605445818938514,
81edab14-e6a4-4250-88ee-5f2aa883d556,ADI,4.0,sell,stop,319.86,gtc,new,2026-08-25 13:50:43.104670+00:00,protective_stop_submit,2026-08-25T13:50:43.112535+00:00,new,0.0,,,2026-08-25T14:01:11.951165+00:00,,,,,,,,,,,,,
a9846ad6-f97b-44b7-b480-96b883a5ad06,,,,,,,canceled,,order_cancel,2026-08-25T14:33:59.555009+00:00,canceled,0.0,,,2026-08-25T14:38:16.035212+00:00,,,,,,,,,,,,,
4338d344-b87b-45bd-a546-e308790ffa1c,CME,3.0,close,,,,filled,2026-08-25 14:34:00.739948+00:00,exit,2026-08-25T14:34:00.797338+00:00,filled,3.0,278.72,2026-08-25 14:34:02.611353+00:00,2026-08-25T14:38:16.035212+00:00,,,,,,272.66,278.89,,,,,,
fcef5bc2-62fa-4736-88c0-8f957a55ea97,CBOE,5.0,buy,limit,,day,filled,2026-08-25 14:42:22.195924+00:00,entry,2026-08-25T14:42:22.238088+00:00,filled,5.0,306.61,2026-08-25 14:42:22.661238+00:00,2026-08-26T13:01:33.328928+00:00,310.4166963378906,cross_USO_state_slope=uptrend + state_slope=flat,2026-08-24 04:00:00+00:00,1d,rolling,,,price-eq-CBOE-1d-buy-dbae641c,,,20.0,3.200661158579695,
565e0b95-c97e-448e-b0d0-5c4fead96fd4,CBOE,5.0,sell,stop,276.82,gtc,new,2026-08-25 14:47:33.607620+00:00,protective_stop_submit,2026-08-25T14:47:33.676656+00:00,new,0.0,,,2026-08-25T15:01:25.716751+00:00,,,,,,,,,,,,,
8f3d7998-fcf9-48d4-9bb6-0b7159c05495,,,,,,,canceled,,order_cancel,2026-08-25T15:32:56.112902+00:00,canceled,0.0,,,2026-08-25T15:36:40.571531+00:00,,,,,,,,,,,,,
21e2e16e-6dab-4175-8bed-64a05b12c9e4,BAC,2.0,close,,,,filled,2026-08-25 15:32:57.177428+00:00,exit,2026-08-25T15:32:57.181545+00:00,filled,2.0,62.17,2026-08-25 15:32:57.859422+00:00,2026-08-25T15:36:40.571531+00:00,,,,,,62.41,62.175,,,,,,
ed947a82-253f-4903-92b2-8851aabe1387,WFC,22.0,buy,limit,,day,filled,2026-08-25 15:41:22.919112+00:00,entry,2026-08-25T15:41:22.973418+00:00,filled,22.0,84.16,2026-08-25 15:41:24.193500+00:00,2026-08-26T13:01:33.328928+00:00,85.15640122070313,state_volume=vol_quiet + state_ext=stretched_down,2026-08-24 04:00:00+00:00,1d,rolling,,,price-eq-WFC-1d-buy-4b0f210a,,,10.0,2.974661932806188,
2c3debca-c203-4de0-a8bf-810101c98eff,WFC,22.0,sell,stop,78.97,gtc,new,2026-08-25 15:47:33.045325+00:00,protective_stop_submit,2026-08-25T15:47:33.053334+00:00,new,0.0,,,2026-08-25T16:01:17.133487+00:00,,,,,,,,,,,,,
e82e684f-a706-4c71-836d-08123ab456fa,,,,,,,canceled,,order_cancel,2026-08-25T16:31:53.938749+00:00,canceled,0.0,,,2026-08-25T16:36:06.844479+00:00,,,,,,,,,,,,,
69f9d988-47a9-483f-91f3-6ab195a97ae9,GDXJ,6.0,close,,,,filled,2026-08-25 16:31:55.074342+00:00,exit,2026-08-25T16:31:55.113388+00:00,filled,6.0,135.16,2026-08-25 16:31:55.970134+00:00,2026-08-25T16:36:06.844479+00:00,,,,,,133.09,135.17,,,,,,
1355a7db-b925-487c-a278-fc30b9ae6dae,LOW,4.0,sell,limit,,day,filled,2026-08-25 16:40:58.385970+00:00,entry,2026-08-25T16:40:58.390568+00:00,filled,4.0,215.77,2026-08-25 16:40:58.606189+00:00,2026-08-25T16:46:08.123430+00:00,215.6701,cross_TLT_state_slope=uptrend + state_ext=neutral,2026-08-25 15:00:00+00:00,1h,rolling,,,price-eq-LOW-1h-sell-9a77c87d,,,20.0,5.0,
18344674-834b-45f7-80f4-791a1461f62b,LOW,4.0,buy,stop,223.67,gtc,replaced,2026-08-25 16:47:31.756995+00:00,protective_stop_submit,2026-08-25T16:47:31.778722+00:00,replaced,0.0,,,2026-08-27T14:00:59.192694+00:00,,,,,,,,,,,,,
a5be9cc4-4fa2-4776-af7e-5bd56fbf27e9,,,,,,,canceled,,order_cancel,2026-08-25T17:32:01.574582+00:00,canceled,0.0,,,2026-08-25T17:36:23.236733+00:00,,,,,,,,,,,,,
3c46d8d3-15ab-4fe0-8c5c-cd7ccf366b25,HUM,2.0,close,,,,filled,2026-08-25 17:32:02.289822+00:00,exit,2026-08-25T17:32:02.339462+00:00,filled,2.0,386.32,2026-08-25 17:32:03.247391+00:00,2026-08-26T13:01:33.328928+00:00,,,,,,384.97,386.645,,,,,,
788f0453-c873-4e76-be47-fb67c86107fb,GDXJ,6.0,buy,limit,,day,filled,2026-08-25 18:06:24.130593+00:00,entry,2026-08-25T18:06:24.142275+00:00,filled,6.0,135.45,2026-08-25 18:06:25.570512+00:00,2026-08-25T18:15:56.142907+00:00,135.56472499999998,state_ext=stretched_up + state_ret_5=ret_flat,2026-08-25 17:00:00+00:00,1h,rolling,,,price-eq-GDXJ-1h-buy-c0537153,,,10.0,4.408512238450959,
c6741dba-cacc-4cf1-96f5-241a7f824396,GDXJ,6.0,sell,stop,129.37,gtc,canceled,2026-08-25 18:17:22.546450+00:00,protective_stop_submit,2026-08-25T18:17:22.552431+00:00,canceled,0.0,,,2026-08-27T14:39:04.788286+00:00,,,,,,,,,,,,,
f8837fe0-a923-4539-91d2-ad05003cf44f,,,,,,,canceled,,order_cancel,2026-08-25T18:30:11.660918+00:00,canceled,0.0,,,2026-08-25T18:34:22.355562+00:00,,,,,,,,,,,,,
dec5e808-3509-43e8-8015-627d734ad42a,AFRM,-11.0,close,,,,filled,2026-08-25 18:30:12.040375+00:00,exit,2026-08-25T18:30:12.072313+00:00,filled,11.0,77.32,2026-08-25 18:30:13.318802+00:00,2026-08-25T18:34:22.355562+00:00,,,,,,77.25,77.28,,,,,,
6dfb2e32-414a-465b-a8f5-6fd5843216ba,BAC,2.0,buy,limit,,day,filled,2026-08-25 18:39:30.449514+00:00,entry,2026-08-25T18:39:30.476603+00:00,filled,2.0,62.45,2026-08-25 18:39:31.478400+00:00,2026-08-25T18:45:53.973710+00:00,62.46527499999999,state_session=afternoon + state_vol=low_vol,2026-08-25 18:15:00+00:00,15m,rolling,,,price-eq-BAC-15m-buy-04da6238,,,10.0,5.0,
8ef2d477-7e47-461d-b5d3-133835d57e66,BAC,2.0,sell,stop,61.94,gtc,canceled,2026-08-25 18:47:21.525025+00:00,protective_stop_submit,2026-08-25T18:47:21.530716+00:00,canceled,0.0,,,2026-08-26T14:37:32.083869+00:00,,,,,,,,,,,,,
afdfda65-2277-496b-ae6e-b7773e6609d2,,,,,,,canceled,,order_cancel,2026-08-25T19:39:14.973915+00:00,canceled,0.0,,,2026-08-25T19:46:24.490327+00:00,,,,,,,,,,,,,
84bc0405-1b9b-43eb-994e-294dda03ed9a,XLP,-10.0,close,,,,filled,2026-08-25 19:39:16.450418+00:00,exit,2026-08-25T19:39:16.471469+00:00,filled,10.0,86.48,2026-08-25 19:39:17.114205+00:00,2026-08-25T19:46:24.490327+00:00,,,,,,87.24,86.485,,,,,,
41826e50-3f21-4e2e-9c5a-94a45363dde1,XLP,10.0,sell,limit,,day,filled,2026-08-25 19:50:46.456338+00:00,entry,2026-08-25T19:50:46.481553+00:00,filled,10.0,86.502,2026-08-25 19:50:48.705914+00:00,2026-08-26T13:01:33.328928+00:00,86.42295,state_volume=vol_quiet + state_ext=neutral + state_slope=uptrend,2026-08-25 18:00:00+00:00,1h,rolling,,,price-eq-XLP-1h-sell-79174cd4,,,10.0,3.010535386250348,
7978a2dd-8036-415d-a604-2aba9297b7cf,XLP,10.0,buy,stop,87.61,gtc,replaced,2026-08-25 20:02:27.766004+00:00,protective_stop_submit,2026-08-25T20:02:27.779823+00:00,replaced,0.0,,,2026-08-27T13:47:16.641620+00:00,,,,,,,,,,,,,
b8b4ecea-0c99-4ae1-b464-f3c2201871a8,F,65.0,buy,limit,,day,filled,2026-08-25 20:04:37.859130+00:00,entry,2026-08-25T20:04:37.875941+00:00,filled,65.0,13.95,2026-08-26 13:30:30.027137+00:00,2026-08-27T13:01:00.433463+00:00,13.97875,state_ext=neutral + state_slope=downtrend + state_vol=mid_vol,2026-08-25 19:00:00+00:00,1h,rolling,,,price-eq-F-1h-buy-2e8b59e4,,,5.0,2.2737208177673733,
25fb01dd-0aa4-4d2d-b3d1-5c28f00bdd13,F,65.0,sell,stop,13.68,gtc,canceled,2026-08-26 13:31:22.504009+00:00,protective_stop_submit,2026-08-26T13:31:22.527133+00:00,canceled,0.0,,,2026-08-26T17:35:49.949508+00:00,,,,,,,,,,,,,
8ef2d477-7e47-461d-b5d3-133835d57e66,,,,,,,canceled,,order_cancel,2026-08-26T14:33:32.790716+00:00,canceled,0.0,,,2026-08-26T14:37:32.083869+00:00,,,,,,,,,,,,,
7f3f553e-db98-4722-b28b-6727cb6a2cad,BAC,2.0,close,,,,filled,2026-08-26 14:33:32.893343+00:00,exit,2026-08-26T14:33:32.898846+00:00,filled,2.0,62.15,2026-08-26 14:33:33.573904+00:00,2026-08-26T14:37:32.083869+00:00,,,,,,62.45,62.165,,,,,,
f8f16f84-698b-4816-9c4b-9e014fd9a071,ITA,5.0,buy,limit,,day,expired,2026-08-26 14:40:53.865360+00:00,entry,2026-08-26T14:40:53.932110+00:00,expired,0.0,,,2026-08-26T20:01:39.045379+00:00,235.36302805175785,cross_USO_state_slope=uptrend + state_slope=downtrend,2026-08-25 04:00:00+00:00,1d,rolling,,,price-eq-ITA-1d-buy-faa2cb49,,,20.0,5.0,
a3c2f4e0-6c3b-40cc-86ae-cfad626e63bd,,,,,,,canceled,,order_cancel,2026-08-26T16:31:06.662633+00:00,canceled,0.0,,,2026-08-26T16:35:13.548914+00:00,,,,,,,,,,,,,
71b1d7a3-c841-4557-9ea9-5cec003e9fee,MO,13.0,close,,,,filled,2026-08-26 16:31:07.545524+00:00,exit,2026-08-26T16:31:07.576734+00:00,filled,13.0,68.87,2026-08-26 16:31:08.960773+00:00,2026-08-27T13:01:00.433463+00:00,,,,,,68.227692,68.875,,,,,,
cb644c9b-acfa-49d7-8cbe-ddffeea569fa,AFRM,11.0,sell,limit,,day,filled,2026-08-26 16:39:59.916781+00:00,entry,2026-08-26T16:39:59.922044+00:00,filled,11.0,76.76,2026-08-26 16:40:02.191451+00:00,2026-08-26T16:46:39.144056+00:00,76.59705,state_session=morning + state_ext=neutral + state_slope=flat,2026-08-26 15:00:00+00:00,1h,rolling,,,price-eq-AFRM-1h-sell-d6360d8e,,,10.0,4.259043601696132,
992a8dc1-e788-4d21-8245-b047642c1af9,AFRM,11.0,buy,stop,79.71,gtc,canceled,2026-08-26 16:48:08.914078+00:00,protective_stop_submit,2026-08-26T16:48:08.924195+00:00,canceled,0.0,,,2026-08-27T18:33:01.598535+00:00,,,,,,,,,,,,,
25fb01dd-0aa4-4d2d-b3d1-5c28f00bdd13,,,,,,,canceled,,order_cancel,2026-08-26T17:31:44.727094+00:00,canceled,0.0,,,2026-08-26T17:35:49.949508+00:00,,,,,,,,,,,,,
186c80d5-8e75-417d-9a51-2c1385b604bd,F,65.0,close,,,,filled,2026-08-26 17:31:46.243565+00:00,exit,2026-08-26T17:31:46.258921+00:00,filled,65.0,13.88,2026-08-26 17:31:47.180671+00:00,2026-08-26T17:35:49.949508+00:00,,,,,,13.95,13.885,,,,,,
6c6e02e7-9600-43e5-afbe-22e078d0a064,F,66.0,buy,limit,,day,filled,2026-08-26 17:42:03.686711+00:00,entry,2026-08-26T17:42:03.725302+00:00,filled,66.0,13.88,2026-08-26 17:42:06.606446+00:00,2026-08-27T13:01:00.433463+00:00,13.905975,state_ext=neutral + state_slope=downtrend + state_vol=mid_vol,2026-08-26 16:00:00+00:00,1h,rolling,,,price-eq-F-1h-buy-57144bcb,,,5.0,2.2737208177673733,
e09d37ef-617b-4c50-97f9-78cacfc26b23,F,66.0,sell,stop,13.69,gtc,canceled,2026-08-26 17:48:30.841353+00:00,protective_stop_submit,2026-08-26T17:48:30.875729+00:00,canceled,0.0,,,2026-08-27T14:39:04.788286+00:00,,,,,,,,,,,,,
be3b0a68-60b8-4690-bc09-5b478e85dbdd,,,,,,,canceled,,order_cancel,2026-08-26T19:32:26.354243+00:00,canceled,0.0,,,2026-08-26T19:36:40.463392+00:00,,,,,,,,,,,,,
f69c2596-a8fa-4ceb-b791-634fb15eacc9,GDX,8.0,close,,,,filled,2026-08-26 19:32:27.506678+00:00,exit,2026-08-26T19:32:27.540467+00:00,filled,8.0,103.14,2026-08-26 19:32:28.866675+00:00,2026-08-27T13:01:00.433463+00:00,,,,,,103.54,103.155,,,,,,
16fd958c-1a74-4a48-9608-f33b3662a96c,,,,,,,canceled,,order_cancel,2026-08-26T19:32:29.616223+00:00,canceled,0.0,,,2026-08-26T19:36:40.463392+00:00,,,,,,,,,,,,,
a0c51e4b-aea5-4dc6-9ae8-6a89db90f05e,PLTR,9.0,close,,,,filled,2026-08-26 19:32:30.879020+00:00,exit,2026-08-26T19:32:30.917083+00:00,filled,9.0,178.162222,2026-08-26 19:32:32.036915+00:00,2026-08-27T13:01:00.433463+00:00,,,,,,173.997778,178.13,,,,,,
746a25ed-46af-4975-b991-2b915fac96bc,BAC,2.0,buy,limit,,day,filled,2026-08-26 19:43:00.984708+00:00,entry,2026-08-26T19:43:01.021177+00:00,filled,2.0,62.4,2026-08-26 19:50:33.750348+00:00,2026-08-26T20:01:39.045379+00:00,62.403225,state_session=afternoon + state_vol=low_vol,2026-08-26 19:15:00+00:00,15m,rolling,,,price-eq-BAC-15m-buy-ec4ed7a0,,,10.0,5.0,
d732ad0e-bada-4c32-9cae-e01f90b6c4c3,MRK,6.0,buy,limit,,day,filled,2026-08-26 19:43:02.891973+00:00,entry,2026-08-26T19:43:02.928274+00:00,filled,6.0,152.88,2026-08-26 19:43:04.265919+00:00,2026-08-26T19:46:26.644059+00:00,153.11455,cross_USO_state_slope=flat + cross_TLT_state_slope=flat + state_ext=neutral,2026-08-26 19:15:00+00:00,15m,rolling,,,price-eq-MRK-15m-buy-b1905869,,,10.0,5.0,
e007aa86-adfd-4c33-bdd4-5f1dd8b42e9d,MRK,6.0,sell,stop,150.99,gtc,filled,2026-08-26 19:48:06.322446+00:00,protective_stop_submit,2026-08-26T19:48:06.325060+00:00,filled,6.0,149.623333,2026-08-27 13:34:26.815881+00:00,2026-08-27T13:38:43.223823+00:00,,,,,,,,,,,,,
15077052-f163-439e-b513-dd1a0d5827b8,BAC,2.0,sell,stop,62.04,gtc,filled,2026-08-26 20:03:49.732869+00:00,protective_stop_submit,2026-08-26T20:03:49.766689+00:00,filled,2.0,61.41,2026-08-27 13:32:42.476065+00:00,2026-08-28T13:01:29.091438+00:00,,,,,,,,,,,,,
687b34ea-1447-47c2-a28f-c9be83df6350,ITA,5.0,buy,limit,,day,filled,2026-08-26 20:08:02.517085+00:00,entry,2026-08-26T20:08:02.554508+00:00,filled,5.0,235.35,2026-08-27 13:34:24.044427+00:00,2026-08-28T13:01:29.091438+00:00,235.36302805175785,cross_USO_state_slope=uptrend + state_slope=downtrend,2026-08-25 04:00:00+00:00,1d,rolling,,,price-eq-ITA-1d-buy-faa2cb49-r2,,,20.0,5.0,
e007aa86-adfd-4c33-bdd4-5f1dd8b42e9d,MRK,6.0,close,,,,filled,2026-08-27 13:34:26.815881+00:00,exit,2026-08-27T13:40:12.176177+00:00,filled,6.0,149.623333,2026-08-27 13:34:26.815881+00:00,2026-08-27T13:47:16.641620+00:00,,,,,,152.88,149.623333,,,,,,
15077052-f163-439e-b513-dd1a0d5827b8,BAC,2.0,close,,,,filled,2026-08-27 13:32:42.476064+00:00,exit,2026-08-27T13:40:12.449901+00:00,filled,2.0,61.41,2026-08-27 13:32:42.476065+00:00,2026-08-28T13:01:29.091438+00:00,,,,,,62.4,61.41,,,,,,
ad8274e0-7c9f-4381-a4e9-f00fa53a7854,ITA,5.0,sell,stop,215.64,gtc,new,2026-08-27 13:40:12.890063+00:00,protective_stop_submit,2026-08-27T13:40:12.911729+00:00,new,0.0,,,2026-08-27T13:47:16.641620+00:00,,,,,,,,,,,,,
561238ff-ac35-46ce-a1cf-2d9f47f61922,,,,,85.88,,replaced,,protective_stop_replace,2026-08-27T13:40:13.088625+00:00,replaced,0.0,,,2026-08-27T14:29:45.067299+00:00,,,,,,,,,,7978a2dd-8036-415d-a604-2aba9297b7cf,,,
e007aa86-adfd-4c33-bdd4-5f1dd8b42e9d,MRK,6.0,close,,,,filled,2026-08-27 13:34:26.815881+00:00,exit,2026-08-27T13:48:48.938525+00:00,filled,6.0,149.623333,2026-08-27 13:34:26.815881+00:00,2026-08-27T14:00:59.192694+00:00,,,,,,152.88,149.623333,,,,,,
15077052-f163-439e-b513-dd1a0d5827b8,BAC,2.0,close,,,,filled,2026-08-27 13:32:42.476064+00:00,exit,2026-08-27T13:48:49.023612+00:00,filled,2.0,61.41,2026-08-27 13:32:42.476065+00:00,2026-08-28T13:01:29.091438+00:00,,,,,,62.4,61.41,,,,,,
78064b6e-91aa-4e77-986e-11409569af83,,,,,210.42,,replaced,,protective_stop_replace,2026-08-27T13:48:49.129166+00:00,replaced,0.0,,,2026-08-27T14:15:59.423423+00:00,,,,,,,,,,18344674-834b-45f7-80f4-791a1461f62b,,,
e007aa86-adfd-4c33-bdd4-5f1dd8b42e9d,MRK,6.0,close,,,,filled,2026-08-27 13:34:26.815881+00:00,exit,2026-08-27T14:02:38.558424+00:00,filled,6.0,149.623333,2026-08-27 13:34:26.815881+00:00,2026-08-27T14:15:59.423423+00:00,,,,,,152.88,149.623333,,,,,,
15077052-f163-439e-b513-dd1a0d5827b8,BAC,2.0,close,,,,filled,2026-08-27 13:32:42.476064+00:00,exit,2026-08-27T14:02:38.728658+00:00,filled,2.0,61.41,2026-08-27 13:32:42.476065+00:00,2026-08-28T13:01:29.091438+00:00,,,,,,62.4,61.41,,,,,,
ba13e72e-f89c-469a-b7dc-888f5747f2f0,,,,,209.53,,replaced,,protective_stop_replace,2026-08-27T14:02:38.889759+00:00,replaced,0.0,,,2026-08-27T14:29:45.067299+00:00,,,,,,,,,,78064b6e-91aa-4e77-986e-11409569af83,,,
e007aa86-adfd-4c33-bdd4-5f1dd8b42e9d,MRK,6.0,close,,,,filled,2026-08-27 13:34:26.815881+00:00,exit,2026-08-27T14:18:05.038201+00:00,filled,6.0,149.623333,2026-08-27 13:34:26.815881+00:00,2026-08-27T14:29:45.067299+00:00,,,,,,152.88,149.623333,,,,,,
15077052-f163-439e-b513-dd1a0d5827b8,BAC,2.0,close,,,,filled,2026-08-27 13:32:42.476064+00:00,exit,2026-08-27T14:18:05.510991+00:00,filled,2.0,61.41,2026-08-27 13:32:42.476065+00:00,2026-08-28T13:01:29.091438+00:00,,,,,,62.4,61.41,,,,,,
2a9d27e1-f4d6-4523-a3d9-95e0a6a57431,,,,,209.17,,replaced,,protective_stop_replace,2026-08-27T14:18:05.820538+00:00,replaced,0.0,,,2026-08-27T14:39:04.788286+00:00,,,,,,,,,,ba13e72e-f89c-469a-b7dc-888f5747f2f0,,,
bb9756dd-071b-41d4-9200-f08e52b01db9,,,,,85.79,,canceled,,protective_stop_replace,2026-08-27T14:18:06.113682+00:00,canceled,0.0,,,2026-08-27T14:39:04.788286+00:00,,,,,,,,,,561238ff-ac35-46ce-a1cf-2d9f47f61922,,,
e007aa86-adfd-4c33-bdd4-5f1dd8b42e9d,MRK,6.0,close,,,,filled,2026-08-27 13:34:26.815881+00:00,exit,2026-08-27T14:31:25.090429+00:00,filled,6.0,149.623333,2026-08-27 13:34:26.815881+00:00,2026-08-27T14:39:04.788286+00:00,,,,,,152.88,149.623333,,,,,,
15077052-f163-439e-b513-dd1a0d5827b8,BAC,2.0,close,,,,filled,2026-08-27 13:32:42.476064+00:00,exit,2026-08-27T14:31:25.390597+00:00,filled,2.0,61.41,2026-08-27 13:32:42.476065+00:00,2026-08-28T13:01:29.091438+00:00,,,,,,62.4,61.41,,,,,,
45b35585-8b6e-4f2a-9448-df793a35f425,,,,,209.13,,replaced,,protective_stop_replace,2026-08-27T14:31:25.575105+00:00,replaced,0.0,,,2026-08-27T17:45:54.251111+00:00,,,,,,,,,,2a9d27e1-f4d6-4523-a3d9-95e0a6a57431,,,
,,,,,85.79,,rejected,,protective_stop_replace,2026-08-27T14:31:25.768819+00:00,,,,,,,,,,,,,,"{""code"":42210000,""message"":""order parameters are not changed""}",bb9756dd-071b-41d4-9200-f08e52b01db9,,,
e09d37ef-617b-4c50-97f9-78cacfc26b23,,,,,,,canceled,,order_cancel,2026-08-27T14:35:17.644888+00:00,canceled,0.0,,,2026-08-27T14:39:04.788286+00:00,,,,,,,,,,,,,
ce2c1dfe-c2aa-4cfd-b6ff-17c15516a667,F,66.0,close,,,,filled,2026-08-27 14:35:18.956124+00:00,exit,2026-08-27T14:35:19.027942+00:00,filled,66.0,13.98,2026-08-27 14:35:19.166288+00:00,2026-08-28T13:01:29.091438+00:00,,,,,,13.914733,13.99,,,,,,
c6741dba-cacc-4cf1-96f5-241a7f824396,,,,,,,canceled,,order_cancel,2026-08-27T14:35:21.047871+00:00,canceled,0.0,,,2026-08-27T14:39:04.788286+00:00,,,,,,,,,,,,,
c42d5d7c-ee69-4b45-831b-a5b9d18304b6,GDXJ,6.0,close,,,,filled,2026-08-27 14:35:21.930979+00:00,exit,2026-08-27T14:35:21.945333+00:00,filled,6.0,134.53,2026-08-27 14:35:22.210531+00:00,2026-08-28T13:01:29.091438+00:00,,,,,,135.45,134.655,,,,,,
bb9756dd-071b-41d4-9200-f08e52b01db9,,,,,,,canceled,,order_cancel,2026-08-27T14:35:23.797134+00:00,canceled,0.0,,,2026-08-27T14:39:04.788286+00:00,,,,,,,,,,,,,
429de6dc-a7b5-4665-861b-7b6c6ee87e12,XLP,-10.0,close,,,,filled,2026-08-27 14:35:24.697429+00:00,exit,2026-08-27T14:35:24.717130+00:00,filled,10.0,85.44,2026-08-27 14:35:25.681136+00:00,2026-08-27T14:39:04.788286+00:00,,,,,,86.502,85.43,,,,,,
fe19abbe-3699-4039-bf36-48c03e439805,JNJ,3.0,buy,limit,,day,expired,2026-08-27 14:36:13.413727+00:00,entry,2026-08-27T14:36:13.514252+00:00,expired,0.0,,,2026-08-27T20:00:56.262844+00:00,264.51187500000003,state_ext=stretched_down + state_slope=downtrend + state_vol=high_vol,2026-08-27 13:00:00+00:00,1h,rolling,,,price-eq-JNJ-1h-buy-d5daf16a,,,20.0,4.271000197259943,
e007aa86-adfd-4c33-bdd4-5f1dd8b42e9d,MRK,6.0,close,,,,filled,2026-08-27 13:34:26.815881+00:00,exit,2026-08-27T14:41:08.298053+00:00,filled,6.0,149.623333,2026-08-27 13:34:26.815881+00:00,2026-08-27T14:48:26.828728+00:00,,,,,,152.88,149.623333,,,,,,
15077052-f163-439e-b513-dd1a0d5827b8,BAC,2.0,close,,,,filled,2026-08-27 13:32:42.476064+00:00,exit,2026-08-27T14:41:08.781472+00:00,filled,2.0,61.41,2026-08-27 13:32:42.476065+00:00,2026-08-28T13:01:29.091438+00:00,,,,,,62.4,61.41,,,,,,
77c18f9e-03be-4eb7-b67b-f36b8183adfd,SPOT,1.0,buy,limit,,day,filled,2026-08-27 16:38:09.712918+00:00,entry,2026-08-27T16:38:09.719676+00:00,filled,1.0,524.8,2026-08-27 16:40:00.755274+00:00,2026-08-27T16:45:54.003044+00:00,524.898475,state_volume=vol_normal + state_ext=stretched_down,2026-08-27 16:15:00+00:00,15m,rolling,,,price-eq-SPOT-15m-buy-7f5c9478,,,20.0,4.094889767100226,
1bd2ad56-30ea-4a4f-8115-07a7ca4301e6,SPOT,1.0,sell,stop,506.64,gtc,replaced,2026-08-27 16:47:27.249003+00:00,protective_stop_submit,2026-08-27T16:47:27.252374+00:00,replaced,0.0,,,2026-08-28T14:46:29.579016+00:00,,,,,,,,,,,,,
7e708107-4803-413b-8eaa-d9bd8a140655,ABNB,4.0,buy,limit,,day,filled,2026-08-27 17:07:08.666053+00:00,entry,2026-08-27T17:07:08.681658+00:00,filled,4.0,186.33,2026-08-27 17:07:10.159222+00:00,2026-08-27T17:16:05.822961+00:00,186.525525,state_session=lunch + state_ext=neutral + state_slope=downtrend,2026-08-27 16:00:00+00:00,1h,rolling,,,price-eq-ABNB-1h-buy-db46c735,,,20.0,5.0,
66a1bb9e-7b06-485d-8186-5b14073af076,ABNB,4.0,sell,stop,181.02,gtc,new,2026-08-27 17:17:50.394702+00:00,protective_stop_submit,2026-08-27T17:17:50.423471+00:00,new,0.0,,,2026-08-27T17:26:26.753391+00:00,,,,,,,,,,,,,
862538c7-3f97-4b2f-bffc-0d2feca5f964,,,,,208.97,,canceled,,protective_stop_replace,2026-08-27T17:37:42.975414+00:00,canceled,0.0,,,2026-08-27T19:26:24.620177+00:00,,,,,,,,,,45b35585-8b6e-4f2a-9448-df793a35f425,,,
992a8dc1-e788-4d21-8245-b047642c1af9,,,,,,,canceled,,order_cancel,2026-08-27T18:29:26.661155+00:00,canceled,0.0,,,2026-08-27T18:33:01.598535+00:00,,,,,,,,,,,,,
8de756ac-554b-4ffe-b079-1f8bb820a72e,AFRM,-11.0,close,,,,filled,2026-08-27 18:29:27.589527+00:00,exit,2026-08-27T18:29:27.623073+00:00,filled,11.0,77.06,2026-08-27 18:29:27.993748+00:00,2026-08-27T18:33:01.598535+00:00,,,,,,76.76,76.98,,,,,,
e524ca84-9355-42fe-a472-503abe373126,BITO,85.0,sell,limit,,day,filled,2026-08-27 18:30:02.754093+00:00,entry,2026-08-27T18:30:02.791482+00:00,filled,85.0,10.79,2026-08-27 18:38:35.010200+00:00,2026-08-27T18:46:00.068223+00:00,10.7909,state_session=afternoon + state_slope=uptrend + state_vol=mid_vol,2026-08-27 18:00:00+00:00,15m,rolling,,,price-eq-BITO-15m-sell-9e9741b8,,,20.0,5.0,
dafb613b-ce3b-43c5-a277-536bf19f34e8,GE,2.0,buy,limit,,day,filled,2026-08-27 18:30:04.178957+00:00,entry,2026-08-27T18:30:04.218149+00:00,filled,2.0,342.81,2026-08-27 18:30:05.658843+00:00,2026-08-28T13:01:29.091438+00:00,343.771425,state_session=afternoon + state_ret_5=ret_down,2026-08-27 18:00:00+00:00,15m,rolling,,,price-eq-GE-15m-buy-cb785245,,,20.0,5.0,
88c630f7-8f13-4049-89ec-5bc1f94712df,GE,2.0,sell,stop,338.38,gtc,canceled,2026-08-27 18:34:51.993703+00:00,protective_stop_submit,2026-08-27T18:34:52.032526+00:00,canceled,0.0,,,2026-08-28T17:35:26.980428+00:00,,,,,,,,,,,,,
4de4b8a2-805a-4027-92a7-23635f36c53a,IBIT,20.0,sell,limit,,day,filled,2026-08-27 18:39:31.230186+00:00,entry,2026-08-27T18:39:31.258746+00:00,filled,20.0,45.32,2026-08-27 18:39:31.776133+00:00,2026-08-28T13:01:29.091438+00:00,45.232775,state_session=afternoon + state_slope=uptrend + state_vol=mid_vol,2026-08-27 18:15:00+00:00,15m,rolling,,,price-eq-IBIT-15m-sell-4024c384,,,20.0,5.0,
6af1bcea-a49a-4abd-bbbb-5b7c8f313ad2,BITO,85.0,buy,stop,10.95,gtc,canceled,2026-08-27 18:47:39.757000+00:00,protective_stop_submit,2026-08-27T18:47:39.771897+00:00,canceled,0.0,,,2026-08-27T19:00:58.180628+00:00,,,,,,,,,,,,,
54129fd3-c467-480e-ae71-a15acdf78978,IBIT,20.0,buy,stop,46.26,gtc,replaced,2026-08-27 18:47:40.178887+00:00,protective_stop_submit,2026-08-27T18:47:40.213923+00:00,replaced,0.0,,,2026-08-28T16:16:29.952078+00:00,,,,,,,,,,,,,
6af1bcea-a49a-4abd-bbbb-5b7c8f313ad2,,,,,,,canceled,,order_cancel,2026-08-27T18:49:23.233775+00:00,canceled,0.0,,,2026-08-27T19:00:58.180628+00:00,,,,,,,,,,,,,
4a68a73a-11db-4a77-8573-9774a97ae887,BITO,-85.0,close,,,,filled,2026-08-27 18:49:24.078544+00:00,exit,2026-08-27T18:49:24.107956+00:00,filled,85.0,10.8,2026-08-27 18:49:24.671045+00:00,2026-08-28T13:01:29.091438+00:00,,,,,,10.79,10.7901,,,,,,
8bc90847-8601-40a5-a384-c7a0f5dc1fa8,HUM,2.0,buy,limit,,day,filled,2026-08-27 19:06:14.979464+00:00,entry,2026-08-27T19:06:14.993412+00:00,filled,2.0,395.96,2026-08-27 19:06:15.476090+00:00,2026-08-28T13:01:29.091438+00:00,397.054025,cross_USO_state_ext=neutral + state_ext=stretched_up,2026-08-27 18:00:00+00:00,1h,rolling,,,price-eq-HUM-1h-buy-ce189575,,,10.0,3.6990198781768497,
c69d8feb-55d7-4e6a-897d-6750491d175e,HUM,2.0,sell,stop,381.25,gtc,new,2026-08-27 19:18:10.512403+00:00,protective_stop_submit,2026-08-27T19:18:10.536957+00:00,new,0.0,,,2026-08-27T19:26:24.620177+00:00,,,,,,,,,,,,,
862538c7-3f97-4b2f-bffc-0d2feca5f964,,,,,,,canceled,,order_cancel,2026-08-27T19:20:24.928135+00:00,canceled,0.0,,,2026-08-27T19:26:24.620177+00:00,,,,,,,,,,,,,
d41b9cfa-6633-4547-a961-1ba16c21416d,LOW,-4.0,close,,,,filled,2026-08-27 19:20:26.022078+00:00,exit,2026-08-27T19:20:26.049123+00:00,filled,4.0,206.73,2026-08-27 19:20:27.299434+00:00,2026-08-27T19:26:24.620177+00:00,,,,,,215.77,206.695,,,,,,
,LCID,268.0,sell,limit,,,rejected,,entry,2026-08-28T14:35:05.194924+00:00,,,,,,5.002775,cross_USO_state_vol=mid_vol + state_ext=neutral,2026-08-28 13:00:00+00:00,1h,rolling,,,price-eq-LCID-1h-sell-36d11c69,"{""code"":42210000,""message"":""asset \""LCID\"" cannot be sold short""}",,20.0,4.1279358573495255,
bd0f53e5-0fa8-41c9-b845-4a99e4e05678,NEM,12.0,buy,limit,,day,filled,2026-08-28 14:35:06.827198+00:00,entry,2026-08-28T14:35:06.832193+00:00,filled,12.0,130.5,2026-08-28 14:35:07.267903+00:00,2026-08-28T14:38:03.272169+00:00,132.53839999999997,state_slope=downtrend + state_vol=low_vol,2026-08-28 13:00:00+00:00,1h,rolling,,,price-eq-NEM-1h-buy-b8353012,,,20.0,4.493555930529858,
64c3dd6a-fa77-44e7-9b1a-ee2362580353,NEM,12.0,sell,stop,125.59,gtc,new,2026-08-28 14:39:44.335419+00:00,protective_stop_submit,2026-08-28T14:39:44.353791+00:00,new,0.0,,,2026-08-28T14:46:29.579016+00:00,,,,,,,,,,,,,
115515c9-a2b5-4307-920f-91c449f25296,,,,,539.45,,replaced,,protective_stop_replace,2026-08-28T14:39:44.464617+00:00,replaced,0.0,,,2026-08-28T15:01:23.864799+00:00,,,,,,,,,,1bd2ad56-30ea-4a4f-8115-07a7ca4301e6,,,
,LCID,268.0,sell,limit,,,rejected,,entry,2026-08-28T14:42:19.656902+00:00,,,,,,5.002775,cross_USO_state_vol=mid_vol + state_ext=neutral,2026-08-28 13:00:00+00:00,1h,rolling,,,price-eq-LCID-1h-sell-36d11c69-r2,"{""code"":42210000,""message"":""asset \""LCID\"" cannot be sold short""}",,20.0,4.1279358573495255,
8106b0e3-3bf7-4b52-9616-e219199339d0,,,,,542.52,,replaced,,protective_stop_replace,2026-08-28T14:48:39.340661+00:00,replaced,0.0,,,2026-08-28T15:27:27.953732+00:00,,,,,,,,,,115515c9-a2b5-4307-920f-91c449f25296,,,
,LCID,268.0,sell,limit,,,rejected,,entry,2026-08-28T14:52:55.905178+00:00,,,,,,5.002775,cross_USO_state_vol=mid_vol + state_ext=neutral,2026-08-28 13:00:00+00:00,1h,rolling,,,price-eq-LCID-1h-sell-36d11c69-r3,"{""code"":42210000,""message"":""asset \""LCID\"" cannot be sold short""}",,20.0,4.1279358573495255,
,LCID,265.0,sell,limit,,,rejected,,entry,2026-08-28T15:06:22.537979+00:00,,,,,,5.057775,cross_USO_state_vol=mid_vol + state_ext=neutral,2026-08-28 14:00:00+00:00,1h,rolling,,,price-eq-LCID-1h-sell-b36221cf,"{""code"":42210000,""message"":""asset \""LCID\"" cannot be sold short""}",,20.0,4.1279358573495255,
3627d877-831c-4813-bb3e-ed43a789aea1,,,,,543.21,,replaced,,protective_stop_replace,2026-08-28T15:18:15.145506+00:00,replaced,0.0,,,2026-08-28T15:37:11.361887+00:00,,,,,,,,,,8106b0e3-3bf7-4b52-9616-e219199339d0,,,
,LCID,265.0,sell,limit,,,rejected,,entry,2026-08-28T15:22:29.769830+00:00,,,,,,5.057775,cross_USO_state_vol=mid_vol + state_ext=neutral,2026-08-28 14:00:00+00:00,1h,rolling,,,price-eq-LCID-1h-sell-b36221cf-r2,"{""code"":42210000,""message"":""asset \""LCID\"" cannot be sold short""}",,20.0,4.1279358573495255,
9382d495-c817-43b1-903f-607390d6accb,,,,,543.51,,canceled,,protective_stop_replace,2026-08-28T15:29:38.131436+00:00,canceled,0.0,,,2026-08-28T15:37:11.361887+00:00,,,,,,,,,,3627d877-831c-4813-bb3e-ed43a789aea1,,,
9382d495-c817-43b1-903f-607390d6accb,,,,,,,canceled,,order_cancel,2026-08-28T15:33:11.836178+00:00,canceled,0.0,,,2026-08-28T15:37:11.361887+00:00,,,,,,,,,,,,,
646a0539-4ee6-4770-a660-75a633e4dd9b,SPOT,1.0,close,,,,filled,2026-08-28 15:33:12.252437+00:00,exit,2026-08-28T15:33:12.287060+00:00,filled,1.0,551.14,2026-08-28 15:33:12.860126+00:00,2026-08-28T15:37:11.361887+00:00,,,,,,524.8,551.255,,,,,,
,LCID,263.0,sell,limit,,,rejected,,entry,2026-08-28T15:33:50.559910+00:00,,,,,,5.091075,cross_USO_state_vol=mid_vol + state_ext=neutral,2026-08-28 14:00:00+00:00,1h,rolling,,,price-eq-LCID-1h-sell-b36221cf-r3,"{""code"":42210000,""message"":""asset \""LCID\"" cannot be sold short""}",,20.0,4.1279358573495255,
,LCID,263.0,sell,limit,,,rejected,,entry,2026-08-28T15:40:59.162264+00:00,,,,,,5.091075,cross_USO_state_vol=mid_vol + state_ext=neutral,2026-08-28 14:00:00+00:00,1h,rolling,,,price-eq-LCID-1h-sell-b36221cf-r4,"{""code"":42210000,""message"":""asset \""LCID\"" cannot be sold short""}",,20.0,4.1279358573495255,
cc4ddae2-e145-4961-9a70-4e17523889cf,XLB,17.0,buy,limit,,day,filled,2026-08-28 15:41:01.635424+00:00,entry,2026-08-28T15:41:01.672533+00:00,filled,17.0,53.075882,2026-08-28 15:41:04.699703+00:00,2026-08-28T15:46:20.012836+00:00,53.229725,state_relvol=relvol_elevated + state_ext=neutral,2026-08-28 14:00:00+00:00,1h,rolling,,,price-eq-XLB-1h-buy-fe7cb515,,,20.0,4.882492569938424,
a9eb94da-90e7-484d-bfcd-89868d000ef5,XLB,17.0,sell,stop,51.91,gtc,new,2026-08-28 15:48:08.380516+00:00,protective_stop_submit,2026-08-28T15:48:08.385004+00:00,new,0.0,,,2026-08-28T16:01:29.463679+00:00,,,,,,,,,,,,,
,LCID,263.0,sell,limit,,,rejected,,entry,2026-08-28T15:52:14.589049+00:00,,,,,,5.091075,cross_USO_state_vol=mid_vol + state_ext=neutral,2026-08-28 14:00:00+00:00,1h,rolling,,,price-eq-LCID-1h-sell-b36221cf-r5,"{""code"":42210000,""message"":""asset \""LCID\"" cannot be sold short""}",,20.0,4.1279358573495255,
fa292a47-4ae1-46df-9bac-213fc7a5818d,,,,,44.78,,replaced,,protective_stop_replace,2026-08-28T16:03:11.296913+00:00,replaced,0.0,,,2026-08-28T16:26:13.089861+00:00,,,,,,,,,,54129fd3-c467-480e-ae71-a15acdf78978,,,
9fb50d7b-1a60-45de-8691-9bf9cd4a0c84,,,,,44.52,,canceled,,protective_stop_replace,2026-08-28T16:18:29.095084+00:00,canceled,0.0,,,2026-08-28T17:35:26.980428+00:00,,,,,,,,,,fa292a47-4ae1-46df-9bac-213fc7a5818d,,,
a9af3b9c-ada7-4b61-b77c-001e02001efd,MDT,1.0,sell,limit,,day,filled,2026-08-28 16:32:11.248740+00:00,entry,2026-08-28T16:32:11.270107+00:00,filled,1.0,91.1,2026-08-28 16:32:11.752817+00:00,2026-08-28T16:35:02.613517+00:00,91.04455,state_session=lunch + state_slope=uptrend + state_vol=mid_vol,2026-08-28 16:15:00+00:00,15m,rolling,,,price-eq-MDT-15m-sell-d239d169,,,20.0,5.0,
e02506b7-553c-45e3-8ef5-93d2d46f5d2d,MDT,1.0,buy,stop,92.51,gtc,new,2026-08-28 16:36:50.566859+00:00,protective_stop_submit,2026-08-28T16:36:50.578537+00:00,new,0.0,,,2026-08-28T16:46:39.557361+00:00,,,,,,,,,,,,,
88c630f7-8f13-4049-89ec-5bc1f94712df,,,,,,,canceled,,order_cancel,2026-08-28T17:31:48.094887+00:00,canceled,0.0,,,2026-08-28T17:35:26.980428+00:00,,,,,,,,,,,,,
2b17ab25-f707-48cb-bf22-c709941a22a0,GE,2.0,close,,,,filled,2026-08-28 17:31:48.726589+00:00,exit,2026-08-28T17:31:48.729479+00:00,filled,2.0,341.44,2026-08-28 17:31:49.453605+00:00,2026-08-28T17:35:26.980428+00:00,,,,,,342.81,341.66,,,,,,
9fb50d7b-1a60-45de-8691-9bf9cd4a0c84,,,,,,,canceled,,order_cancel,2026-08-28T17:31:50.411175+00:00,canceled,0.0,,,2026-08-28T17:35:26.980428+00:00,,,,,,,,,,,,,
5fa9b575-5d72-48a2-bf95-a59695cad171,IBIT,-20.0,close,,,,filled,2026-08-28 17:31:51.045620+00:00,exit,2026-08-28T17:31:51.057476+00:00,filled,20.0,44.16,2026-08-28 17:31:52.208699+00:00,2026-08-28T17:35:26.980428+00:00,,,,,,45.32,44.1501,,,,,,
,LCID,272.0,sell,limit,,,rejected,,entry,2026-08-28T18:05:43.652975+00:00,,,,,,4.931775,cross_USO_state_vol=mid_vol + state_ext=neutral,2026-08-28 17:00:00+00:00,1h,rolling,,,price-eq-LCID-1h-sell-c8157355,"{""code"":42210000,""message"":""asset \""LCID\"" cannot be sold short""}",,20.0,4.1279358573495255,
,LCID,272.0,sell,limit,,,rejected,,entry,2026-08-28T18:21:01.914663+00:00,,,,,,4.931775,cross_USO_state_vol=mid_vol + state_ext=neutral,2026-08-28 17:00:00+00:00,1h,rolling,,,price-eq-LCID-1h-sell-c8157355-r2,"{""code"":42210000,""message"":""asset \""LCID\"" cannot be sold short""}",,20.0,4.1279358573495255,
,LCID,271.0,sell,limit,,,rejected,,entry,2026-08-28T18:30:49.856929+00:00,,,,,,4.947225,cross_USO_state_vol=mid_vol + state_ext=neutral,2026-08-28 17:00:00+00:00,1h,rolling,,,price-eq-LCID-1h-sell-c8157355-r3,"{""code"":42210000,""message"":""asset \""LCID\"" cannot be sold short""}",,20.0,4.1279358573495255,
