symbol,timeframe,slice_combination,window,diagnostic_status,window_start_utc,window_end_utc,window_rows,slice_n,slice_mean_ret_costadj,slice_win_rate,slice_t_stat_nw,slice_p_value_nw,slice_pass,baseline_n,baseline_mean_ret_costadj,excess_vs_baseline,best_parent_filter,best_parent_n,best_parent_mean_ret_costadj,excess_vs_best_parent,best_parent_p_value_nw,bin_mode
ABBV,1d,state_ext=stretched_down + state_vol=low_vol,all,ok,2013-01-02 05:00:00+00:00,2026-10-02 04:00:00+00:00,3459,191,0.0124962947453948,0.675392670157068,4.435497231472223,9.186001235894636e-06,True,3459,0.0042664146622306,0.0082298800831641,state_ext=stretched_down,866,0.0077813329651567,0.0047149617802381,0.0054308756147951,rolling
ABBV,1d,state_ext=stretched_down + state_vol=low_vol,calendar_2024,ok,2024-01-02 05:00:00+00:00,2024-12-31 05:00:00+00:00,252,11,0.0377045446859913,0.9090909090909092,3.281604206753613,0.0010321837685571,False,252,0.0033809755907679,0.0343235690952233,state_ext=stretched_down,50,0.0202160522462287,0.0174884924397626,0.0045083657089,rolling
ABBV,1d,state_ext=stretched_down + state_vol=low_vol,calendar_2025,ok,2025-01-02 05:00:00+00:00,2025-12-31 05:00:00+00:00,250,5,0.0220329019685856,0.8,1.3434095819165577,0.1791393859193037,False,250,0.0057906361644601,0.0162422658041254,state_ext=stretched_down,50,0.0129118370459499,0.0091210649226356,0.346969844504394,rolling
ABBV,1d,state_ext=stretched_down + state_vol=low_vol,calendar_2026_ytd,ok,2026-01-02 05:00:00+00:00,2026-10-02 04:00:00+00:00,189,0,,,,,False,189,0.0058100148136918,,state_vol=low_vol,7,0.0144137140671675,,0.361761260512017,rolling
ABBV,1d,state_ext=stretched_down + state_vol=low_vol,latest_12m,ok,2025-10-02 04:00:00+00:00,2026-10-02 04:00:00+00:00,252,1,-0.0373768241665383,0.0,,,False,252,0.0039614562972489,-0.0413382804637872,state_ext=stretched_down,58,0.0154173104793868,-0.0527941346459251,0.055995548459808,rolling
ABBV,1d,state_ext=stretched_down + state_vol=low_vol,latest_6m,ok,2026-04-02 04:00:00+00:00,2026-10-02 04:00:00+00:00,127,0,,,,,False,127,0.0112245192430357,,state_ext=stretched_down,20,0.0310733140693784,,0.0026863806750956,rolling
ABBV,1d,state_ext=stretched_down + state_slope=downtrend + state_vol=low_vol,all,ok,2013-01-02 05:00:00+00:00,2026-10-02 04:00:00+00:00,3459,153,0.0142985339041427,0.6797385620915033,4.245918497885626,2.1769975951935198e-05,True,3459,0.0042664146622306,0.010032119241912,state_ext=stretched_down + state_vol=low_vol,191,0.0124962947453948,0.0018022391587478,9.186001235894636e-06,rolling
ABBV,1d,state_ext=stretched_down + state_slope=downtrend + state_vol=low_vol,calendar_2024,ok,2024-01-02 05:00:00+00:00,2024-12-31 05:00:00+00:00,252,8,0.0493802282350155,1.0,4.742312186600721,2.112926841935092e-06,False,252,0.0033809755907679,0.0459992526442475,state_ext=stretched_down + state_vol=low_vol,11,0.0377045446859913,0.0116756835490242,0.0010321837685571,rolling
ABBV,1d,state_ext=stretched_down + state_slope=downtrend + state_vol=low_vol,calendar_2025,ok,2025-01-02 05:00:00+00:00,2025-12-31 05:00:00+00:00,250,4,0.0250606471511014,0.75,1.1902167418912073,0.2339612145827949,False,250,0.0057906361644601,0.0192700109866412,state_slope=downtrend + state_vol=low_vol,5,0.0244800363733097,0.0005806107777916,0.1575268742811044,rolling
ABBV,1d,state_ext=stretched_down + state_slope=downtrend + state_vol=low_vol,calendar_2026_ytd,ok,2026-01-02 05:00:00+00:00,2026-10-02 04:00:00+00:00,189,0,,,,,False,189,0.0058100148136918,,state_vol=low_vol,7,0.0144137140671675,,0.361761260512017,rolling
ABBV,1d,state_ext=stretched_down + state_slope=downtrend + state_vol=low_vol,latest_12m,ok,2025-10-02 04:00:00+00:00,2026-10-02 04:00:00+00:00,252,1,-0.0373768241665383,0.0,,,False,252,0.0039614562972489,-0.0413382804637872,state_ext=stretched_down + state_slope=downtrend,44,0.0171288069053722,-0.0545056310719106,0.0168629823528601,rolling
ABBV,1d,state_ext=stretched_down + state_slope=downtrend + state_vol=low_vol,latest_6m,ok,2026-04-02 04:00:00+00:00,2026-10-02 04:00:00+00:00,127,0,,,,,False,127,0.0112245192430357,,state_ext=stretched_down,20,0.0310733140693784,,0.0026863806750956,rolling
ACWI,1d,state_volume=vol_surge + state_ext=stretched_down + state_slope=downtrend,all,ok,2008-03-28 04:00:00+00:00,2026-10-02 04:00:00+00:00,4659,223,0.0093703800213002,0.6502242152466368,2.947257355945305,0.0032060625507932,True,4659,0.0017568475337856,0.0076135324875145,state_volume=vol_surge + state_slope=downtrend,312,0.0076815914811853,0.0016887885401149,0.0024557361827426,rolling
ACWI,1d,state_volume=vol_surge + state_ext=stretched_down + state_slope=downtrend,calendar_2024,ok,2024-01-02 05:00:00+00:00,2024-12-31 05:00:00+00:00,252,9,0.0201382284957051,0.7777777777777778,2.850184913020123,0.0043693818513805,False,252,0.0035179581601513,0.0166202703355538,state_volume=vol_surge + state_slope=downtrend,12,0.0187104984237076,0.0014277300719975,0.0018617995949314,rolling
ACWI,1d,state_volume=vol_surge + state_ext=stretched_down + state_slope=downtrend,calendar_2025,ok,2025-01-02 05:00:00+00:00,2025-12-31 05:00:00+00:00,250,13,0.0327984440841017,0.8461538461538461,4.057349726708611,4.963273211155972e-05,False,250,0.0042595672225147,0.028538876861587,state_volume=vol_surge + state_ext=stretched_down,13,0.0327984440841017,0.0,4.963273211155972e-05,rolling
ACWI,1d,state_volume=vol_surge + state_ext=stretched_down + state_slope=downtrend,calendar_2026_ytd,ok,2026-01-02 05:00:00+00:00,2026-10-02 04:00:00+00:00,189,2,-0.0140217909554423,0.0,-4.520673183426906,6.1643291786595e-06,False,189,0.0031429766894045,-0.0171647676448469,state_volume=vol_surge,35,0.0059064199568553,-0.0199282109122976,0.0548689770274264,rolling
ACWI,1d,state_volume=vol_surge + state_ext=stretched_down + state_slope=downtrend,latest_12m,ok,2025-10-02 04:00:00+00:00,2026-10-02 04:00:00+00:00,252,5,0.0121756224077658,0.6,1.1310259564423748,0.2580441666549762,False,252,0.0030772211101334,0.0090984012976323,state_volume=vol_surge + state_ext=stretched_down,6,0.0093822488489936,0.0027933735587722,0.4064485221738345,rolling
ACWI,1d,state_volume=vol_surge + state_ext=stretched_down + state_slope=downtrend,latest_6m,ok,2026-04-02 04:00:00+00:00,2026-10-02 04:00:00+00:00,127,0,,,,,False,127,0.0051687524798794,,state_ext=stretched_down + state_slope=downtrend,2,0.0344129782911343,,0.0001376154573282,rolling
ADBE,1d,cross_USO_state_slope=downtrend + cross_TLT_state_ext=stretched_up + state_ext=stretched_down,all,ok,2006-08-14 04:00:00+00:00,2026-10-02 04:00:00+00:00,5066,246,0.0164374345534322,0.6422764227642277,3.2368138275192373,0.0012087223983092,True,5066,0.0027946416051525,0.0136427929482796,cross_TLT_state_ext=stretched_up + state_ext=stretched_down,461,0.0126424052804897,0.0037950292729424,0.0006430290627901,rolling
ADBE,1d,cross_USO_state_slope=downtrend + cross_TLT_state_ext=stretched_up + state_ext=stretched_down,calendar_2024,ok,2024-01-02 05:00:00+00:00,2024-12-31 05:00:00+00:00,252,9,0.0182890609116111,0.8888888888888888,2.474940990774951,0.0133258191368323,False,252,-0.0046537223637275,0.0229427832753386,cross_TLT_state_ext=stretched_up + state_ext=stretched_down,15,0.0263847931379989,-0.0080957322263878,0.0415113030543228,rolling
ADBE,1d,cross_USO_state_slope=downtrend + cross_TLT_state_ext=stretched_up + state_ext=stretched_down,calendar_2025,ok,2025-01-02 05:00:00+00:00,2025-12-31 05:00:00+00:00,250,4,0.0468321509113764,0.75,2.7279075144662177,0.0063737475466463,False,250,-0.0042347285728165,0.0510668794841929,cross_USO_state_slope=downtrend + cross_TLT_state_ext=stretched_up,14,0.0273834315462017,0.0194487193651746,0.0256082853315378,rolling
ADBE,1d,cross_USO_state_slope=downtrend + cross_TLT_state_ext=stretched_up + state_ext=stretched_down,calendar_2026_ytd,ok,2026-01-02 05:00:00+00:00,2026-10-02 04:00:00+00:00,189,6,0.0479580185837259,0.8333333333333334,1.408931826718199,0.1588553274979227,False,189,-0.0070649203798272,0.0550229389635531,cross_USO_state_slope=downtrend + cross_TLT_state_ext=stretched_up,6,0.0479580185837259,0.0,0.1588553274979227,rolling
ADBE,1d,cross_USO_state_slope=downtrend + cross_TLT_state_ext=stretched_up + state_ext=stretched_down,latest_12m,ok,2025-10-02 04:00:00+00:00,2026-10-02 04:00:00+00:00,252,10,0.0475076715147861,0.8,2.381688349914829,0.0172334752378289,False,252,-0.005942998113988,0.0534506696287741,cross_USO_state_slope=downtrend + cross_TLT_state_ext=stretched_up,13,0.0367057682579585,0.0108019032568275,0.0936374623523912,rolling
ADBE,1d,cross_USO_state_slope=downtrend + cross_TLT_state_ext=stretched_up + state_ext=stretched_down,latest_6m,ok,2026-04-02 04:00:00+00:00,2026-10-02 04:00:00+00:00,127,6,0.0479580185837259,0.8333333333333334,1.408931826718199,0.1588553274979227,False,127,0.0020561051126926,0.0459019134710333,cross_TLT_state_ext=stretched_up,6,0.0479580185837259,0.0,0.1588553274979227,rolling
ADI,1d,state_ext=stretched_down + state_ret_1=ret_down,all,ok,2006-08-14 04:00:00+00:00,2026-10-02 04:00:00+00:00,5066,710,0.0105954593134735,0.6140845070422535,4.410529167806113,1.031183143185288e-05,True,5066,0.0037247321115165,0.0068707272019569,state_ext=stretched_down,1403,0.0090640941622333,0.0015313651512402,2.329473401063709e-05,rolling
ADI,1d,state_ext=stretched_down + state_ret_1=ret_down,calendar_2024,ok,2024-01-02 05:00:00+00:00,2024-12-31 05:00:00+00:00,252,33,0.018604863549936,0.6666666666666666,2.4548371240391127,0.0140948434129031,True,252,0.0034940021344157,0.0151108614155202,state_ext=stretched_down,67,0.0194133949418814,-0.0008085313919454,0.010019409245292,rolling
ADI,1d,state_ext=stretched_down + state_ret_1=ret_down,calendar_2025,ok,2025-01-02 05:00:00+00:00,2025-12-31 05:00:00+00:00,250,39,0.0148351218611114,0.6153846153846154,0.9174015068475274,0.3589322834300796,False,250,0.0072818493222119,0.0075532725388994,state_ext=stretched_down,79,0.011010210814829,0.0038249110462823,0.3415715697880097,rolling
ADI,1d,state_ext=stretched_down + state_ret_1=ret_down,calendar_2026_ytd,ok,2026-01-02 05:00:00+00:00,2026-10-02 04:00:00+00:00,189,31,0.0193857481890413,0.7096774193548387,2.2875757792826623,0.0221622377378478,True,189,0.0106497253116119,0.0087360228774293,state_ret_1=ret_down,63,0.0122292405206817,0.0071565076683596,0.0789984133946202,rolling
ADI,1d,state_ext=stretched_down + state_ret_1=ret_down,latest_12m,ok,2025-10-02 04:00:00+00:00,2026-10-02 04:00:00+00:00,252,41,0.0262433150588985,0.7560975609756098,3.578526088462308,0.0003455373816545,True,252,0.0119215202139423,0.0143217948449562,state_ret_1=ret_down,82,0.0135259147508792,0.0127174003080192,0.0208664094318593,rolling
ADI,1d,state_ext=stretched_down + state_ret_1=ret_down,latest_6m,ok,2026-04-02 04:00:00+00:00,2026-10-02 04:00:00+00:00,127,24,0.0202801092107852,0.7083333333333334,2.667960558222089,0.007631321621162,True,127,0.0093638526257954,0.0109162565849898,state_ret_1=ret_down,46,0.0144336606230973,0.0058464485876878,0.0215323750548948,rolling
ADI,1d,state_volume=vol_normal + state_slope=downtrend,all,ok,2006-08-14 04:00:00+00:00,2026-10-02 04:00:00+00:00,5066,1259,0.0084743556492241,0.5988880063542494,4.198306905305791,2.6891801662154435e-05,True,5066,0.0037247321115165,0.0047496235377076,state_slope=downtrend,1691,0.0073991070103389,0.0010752486388852,8.512972311680578e-05,rolling
ADI,1d,state_volume=vol_normal + state_slope=downtrend,calendar_2024,ok,2024-01-02 05:00:00+00:00,2024-12-31 05:00:00+00:00,252,53,0.0131210124478824,0.6981132075471698,1.7493947773250582,0.0802228030252436,False,252,0.0034940021344157,0.0096270103134667,state_slope=downtrend,82,0.0130394623413433,8.155010653910014e-05,0.0463094680568691,rolling
ADI,1d,state_volume=vol_normal + state_slope=downtrend,calendar_2025,ok,2025-01-02 05:00:00+00:00,2025-12-31 05:00:00+00:00,250,64,0.0189766929683607,0.59375,1.211679032461274,0.225635268359541,False,250,0.0072818493222119,0.0116948436461488,state_slope=downtrend,92,0.0149049768600497,0.004071716108311,0.2097402958673395,rolling
ADI,1d,state_volume=vol_normal + state_slope=downtrend,calendar_2026_ytd,ok,2026-01-02 05:00:00+00:00,2026-10-02 04:00:00+00:00,189,49,0.0165563119946808,0.6326530612244898,2.2025057347235584,0.0276296044909107,True,189,0.0106497253116119,0.0059065866830688,state_slope=downtrend,63,0.0126104652868595,0.0039458467078212,0.0674921916830488,rolling
ADI,1d,state_volume=vol_normal + state_slope=downtrend,latest_12m,ok,2025-10-02 04:00:00+00:00,2026-10-02 04:00:00+00:00,252,66,0.019720729130684,0.6212121212121212,2.179002036170208,0.02933151695422,True,252,0.0119215202139423,0.0077992089167417,state_slope=downtrend,88,0.0161350472092247,0.0035856819214592,0.0425667252873429,rolling
ADI,1d,state_volume=vol_normal + state_slope=downtrend,latest_6m,ok,2026-04-02 04:00:00+00:00,2026-10-02 04:00:00+00:00,127,36,0.010973061938111,0.5833333333333334,1.3025045140193232,0.1927439758710534,False,127,0.0093638526257954,0.0016092093123155,state_volume=vol_normal,99,0.010055597436102,0.0009174645020089,0.1706133973761237,rolling
ADI,1d,state_ext=stretched_down + state_vol=mid_vol,all,ok,2006-08-14 04:00:00+00:00,2026-10-02 04:00:00+00:00,5066,430,0.0131802211382239,0.6395348837209303,3.899627552754255,9.634077292197674e-05,True,5066,0.0037247321115165,0.0094554890267073,state_ext=stretched_down,1403,0.0090640941622333,0.0041161269759905,2.329473401063709e-05,rolling
ADI,1d,state_ext=stretched_down + state_vol=mid_vol,calendar_2024,ok,2024-01-02 05:00:00+00:00,2024-12-31 05:00:00+00:00,252,32,0.0199519378992827,0.75,2.7957429141407677,0.0051780572301152,True,252,0.0034940021344157,0.0164579357648669,state_ext=stretched_down,67,0.0194133949418814,0.0005385429574012,0.010019409245292,rolling
ADI,1d,state_ext=stretched_down + state_vol=mid_vol,calendar_2025,ok,2025-01-02 05:00:00+00:00,2025-12-31 05:00:00+00:00,250,10,0.0846856851312657,0.8,2.810211908660157,0.0049508890550962,False,250,0.0072818493222119,0.0774038358090537,state_vol=mid_vol,73,0.0211449321831293,0.0635407529481363,0.0358761858848226,rolling
ADI,1d,state_ext=stretched_down + state_vol=mid_vol,calendar_2026_ytd,ok,2026-01-02 05:00:00+00:00,2026-10-02 04:00:00+00:00,189,10,0.0003562482563539,0.5,0.0292894721055385,0.9766337233443434,False,189,0.0106497253116119,-0.010293477055258,state_ext=stretched_down,60,0.0092198136956408,-0.0088635654392868,0.1670642949785163,rolling
ADI,1d,state_ext=stretched_down + state_vol=mid_vol,latest_12m,ok,2025-10-02 04:00:00+00:00,2026-10-02 04:00:00+00:00,252,17,0.0235104456549062,0.5882352941176471,1.7846074401190894,0.0743250137618454,False,252,0.0119215202139423,0.0115889254409639,state_ext=stretched_down,81,0.0135188415076061,0.0099916041473001,0.0287093483326561,rolling
ADI,1d,state_ext=stretched_down + state_vol=mid_vol,latest_6m,ok,2026-04-02 04:00:00+00:00,2026-10-02 04:00:00+00:00,127,7,0.0153998052328481,0.7142857142857143,2.022934437892784,0.0430799074197087,False,127,0.0093638526257954,0.0060359526070527,state_vol=mid_vol,12,0.0134498650247626,0.0019499402080854,0.1700379862647352,rolling
ADI,1d,cross_USO_state_ext=neutral + state_ext=stretched_down,all,ok,2006-08-14 04:00:00+00:00,2026-10-02 04:00:00+00:00,5066,315,0.0115519458362539,0.6126984126984127,4.1738734813273775,2.9946409966452592e-05,True,5066,0.0037247321115165,0.0078272137247373,state_ext=stretched_down,1403,0.0090640941622333,0.0024878516740205,2.329473401063709e-05,rolling
ADI,1d,cross_USO_state_ext=neutral + state_ext=stretched_down,calendar_2024,ok,2024-01-02 05:00:00+00:00,2024-12-31 05:00:00+00:00,252,23,0.0312885893269431,0.8260869565217391,5.199227035029187,2.001189725042707e-07,True,252,0.0034940021344157,0.0277945871925273,state_ext=stretched_down,67,0.0194133949418814,0.0118751943850616,0.010019409245292,rolling
ADI,1d,cross_USO_state_ext=neutral + state_ext=stretched_down,calendar_2025,ok,2025-01-02 05:00:00+00:00,2025-12-31 05:00:00+00:00,250,23,0.0198838353470008,0.6956521739130435,1.9171185169960567,0.0552228766979245,False,250,0.0072818493222119,0.0126019860247888,state_ext=stretched_down,79,0.011010210814829,0.0088736245321718,0.3415715697880097,rolling
ADI,1d,cross_USO_state_ext=neutral + state_ext=stretched_down,calendar_2026_ytd,ok,2026-01-02 05:00:00+00:00,2026-10-02 04:00:00+00:00,189,4,0.0414643390220365,1.0,3.401680865781404,0.0006697279574714,False,189,0.0106497253116119,0.0308146137104245,cross_USO_state_ext=neutral,27,0.032067556478102,0.0093967825439344,0.0150242786601488,rolling
ADI,1d,cross_USO_state_ext=neutral + state_ext=stretched_down,latest_12m,ok,2025-10-02 04:00:00+00:00,2026-10-02 04:00:00+00:00,252,15,0.0314473229960605,0.8666666666666667,2.609907785753681,0.0090566632313473,True,252,0.0119215202139423,0.0195258027821182,cross_USO_state_ext=neutral,58,0.0289008777161042,0.0025464452799563,0.0026538953455901,rolling
ADI,1d,cross_USO_state_ext=neutral + state_ext=stretched_down,latest_6m,ok,2026-04-02 04:00:00+00:00,2026-10-02 04:00:00+00:00,127,4,0.0414643390220365,1.0,3.401680865781404,0.0006697279574714,False,127,0.0093638526257954,0.0321004863962411,cross_USO_state_ext=neutral,21,0.0246070700322985,0.0168572689897379,0.1195576148457646,rolling
ADI,1d,cross_USO_state_vol=mid_vol + state_ext=stretched_down,all,ok,2006-08-14 04:00:00+00:00,2026-10-02 04:00:00+00:00,5066,397,0.0146444066358862,0.6876574307304786,4.923361756938046,8.506997997148602e-07,True,5066,0.0037247321115165,0.0109196745243696,state_ext=stretched_down,1403,0.0090640941622333,0.0055803124736529,2.329473401063709e-05,rolling
ADI,1d,cross_USO_state_vol=mid_vol + state_ext=stretched_down,calendar_2024,ok,2024-01-02 05:00:00+00:00,2024-12-31 05:00:00+00:00,252,42,0.023281299664427,0.7619047619047619,3.6594276664125807,0.0002527791801441,True,252,0.0034940021344157,0.0197872975300112,state_ext=stretched_down,67,0.0194133949418814,0.0038679047225455,0.010019409245292,rolling
ADI,1d,cross_USO_state_vol=mid_vol + state_ext=stretched_down,calendar_2025,ok,2025-01-02 05:00:00+00:00,2025-12-31 05:00:00+00:00,250,45,0.0122107049324026,0.6,1.6022665843860044,0.1090966716157395,False,250,0.0072818493222119,0.0049288556101906,state_ext=stretched_down,79,0.011010210814829,0.0012004941175735,0.3415715697880097,rolling
ADI,1d,cross_USO_state_vol=mid_vol + state_ext=stretched_down,calendar_2026_ytd,ok,2026-01-02 05:00:00+00:00,2026-10-02 04:00:00+00:00,189,1,-0.0052936289684403,0.0,,,False,189,0.0106497253116119,-0.0159433542800523,cross_USO_state_vol=mid_vol,22,0.0246413088981265,-0.0299349378665669,4.948637307489179e-06,rolling
ADI,1d,cross_USO_state_vol=mid_vol + state_ext=stretched_down,latest_12m,ok,2025-10-02 04:00:00+00:00,2026-10-02 04:00:00+00:00,252,16,0.0271697727470106,0.6875,2.374468555866581,0.0175742330171391,True,252,0.0119215202139423,0.0152482525330683,cross_USO_state_vol=mid_vol,69,0.0178365064346164,0.0093332663123942,0.0191632844047746,rolling
ADI,1d,cross_USO_state_vol=mid_vol + state_ext=stretched_down,latest_6m,ok,2026-04-02 04:00:00+00:00,2026-10-02 04:00:00+00:00,127,1,-0.0052936289684403,0.0,,,False,127,0.0093638526257954,-0.0146574815942357,state_ext=stretched_down,44,0.0114213554061509,-0.0167149843745912,0.1185507426694418,rolling
ADI,1d,state_ext=stretched_down + state_slope=downtrend,all,ok,2006-08-14 04:00:00+00:00,2026-10-02 04:00:00+00:00,5066,1057,0.0098266766340378,0.609271523178808,3.991603561723592,6.562801734633084e-05,True,5066,0.0037247321115165,0.0061019445225212,state_ext=stretched_down,1403,0.0090640941622333,0.0007625824718044,2.329473401063709e-05,rolling
ADI,1d,state_ext=stretched_down + state_slope=downtrend,calendar_2024,ok,2024-01-02 05:00:00+00:00,2024-12-31 05:00:00+00:00,252,41,0.0272246567824442,0.8048780487804879,3.4303606138139093,0.0006027795743415,True,252,0.0034940021344157,0.0237306546480284,state_ext=stretched_down,67,0.0194133949418814,0.0078112618405628,0.010019409245292,rolling
ADI,1d,state_ext=stretched_down + state_slope=downtrend,calendar_2025,ok,2025-01-02 05:00:00+00:00,2025-12-31 05:00:00+00:00,250,63,0.015584426767241,0.6031746031746031,1.083415454111765,0.2786240591767637,False,250,0.0072818493222119,0.0083025774450291,state_slope=downtrend,92,0.0149049768600497,0.0006794499071913,0.2097402958673395,rolling
ADI,1d,state_ext=stretched_down + state_slope=downtrend,calendar_2026_ytd,ok,2026-01-02 05:00:00+00:00,2026-10-02 04:00:00+00:00,189,47,0.0087902975419523,0.5531914893617021,1.3385278354749297,0.1807244327202739,False,189,0.0106497253116119,-0.0018594277696595,state_slope=downtrend,63,0.0126104652868595,-0.0038201677449071,0.0674921916830488,rolling
ADI,1d,state_ext=stretched_down + state_slope=downtrend,latest_12m,ok,2025-10-02 04:00:00+00:00,2026-10-02 04:00:00+00:00,252,61,0.0157631563339328,0.6065573770491803,2.168377199340938,0.0301299990356571,True,252,0.0119215202139423,0.0038416361199905,state_slope=downtrend,88,0.0161350472092247,-0.0003718908752919,0.0425667252873429,rolling
ADI,1d,state_ext=stretched_down + state_slope=downtrend,latest_6m,ok,2026-04-02 04:00:00+00:00,2026-10-02 04:00:00+00:00,127,34,0.006925640763223,0.5,0.8653685724731325,0.3868365247243628,False,127,0.0093638526257954,-0.0024382118625723,state_ext=stretched_down,44,0.0114213554061509,-0.0044957146429278,0.1185507426694418,rolling
ADI,1d,state_volume=vol_normal + state_ext=stretched_down,all,ok,2006-08-14 04:00:00+00:00,2026-10-02 04:00:00+00:00,5066,1025,0.0097112578486929,0.6117073170731707,4.098483004664661,4.158667670850491e-05,True,5066,0.0037247321115165,0.0059865257371763,state_ext=stretched_down,1403,0.0090640941622333,0.0006471636864595,2.329473401063709e-05,rolling
ADI,1d,state_volume=vol_normal + state_ext=stretched_down,calendar_2024,ok,2024-01-02 05:00:00+00:00,2024-12-31 05:00:00+00:00,252,49,0.0161986406002694,0.7142857142857143,2.1257713046053994,0.0335223064413892,True,252,0.0034940021344157,0.0127046384658536,state_ext=stretched_down,67,0.0194133949418814,-0.003214754341612,0.010019409245292,rolling
ADI,1d,state_volume=vol_normal + state_ext=stretched_down,calendar_2025,ok,2025-01-02 05:00:00+00:00,2025-12-31 05:00:00+00:00,250,56,0.0089301996721222,0.5178571428571429,0.5887571570914567,0.5560241895587021,False,250,0.0072818493222119,0.0016483503499102,state_ext=stretched_down,79,0.011010210814829,-0.0020800111427067,0.3415715697880097,rolling
ADI,1d,state_volume=vol_normal + state_ext=stretched_down,calendar_2026_ytd,ok,2026-01-02 05:00:00+00:00,2026-10-02 04:00:00+00:00,189,45,0.0131266393182107,0.6222222222222222,1.7705419386643924,0.076636904419822,False,189,0.0106497253116119,0.0024769140065987,state_volume=vol_normal,150,0.0106586660693867,0.0024679732488239,0.106773003755731,rolling
ADI,1d,state_volume=vol_normal + state_ext=stretched_down,latest_12m,ok,2025-10-02 04:00:00+00:00,2026-10-02 04:00:00+00:00,252,61,0.0143336375872172,0.6065573770491803,2.316072999127145,0.0205542832676435,True,252,0.0119215202139423,0.0024121173732749,state_ext=stretched_down,81,0.0135188415076061,0.000814796079611,0.0287093483326561,rolling
ADI,1d,state_volume=vol_normal + state_ext=stretched_down,latest_6m,ok,2026-04-02 04:00:00+00:00,2026-10-02 04:00:00+00:00,127,33,0.0162588951470498,0.6363636363636364,2.1275754562320275,0.0333722989794744,True,127,0.0093638526257954,0.0068950425212544,state_ext=stretched_down,44,0.0114213554061509,0.0048375397408989,0.1185507426694418,rolling
ADI,1d,state_volume=vol_normal + state_ext=stretched_down + state_slope=downtrend,all,ok,2006-08-14 04:00:00+00:00,2026-10-02 04:00:00+00:00,5066,784,0.0099668873130311,0.6135204081632653,3.672938748348331,0.0002397769729176,True,5066,0.0037247321115165,0.0062421552015145,state_ext=stretched_down + state_slope=downtrend,1057,0.0098266766340378,0.0001402106789933,6.562801734633084e-05,rolling
ADI,1d,state_volume=vol_normal + state_ext=stretched_down + state_slope=downtrend,calendar_2024,ok,2024-01-02 05:00:00+00:00,2024-12-31 05:00:00+00:00,252,30,0.0246315073254988,0.8,3.448350122229316,0.0005640223957992,True,252,0.0034940021344157,0.021137505191083,state_ext=stretched_down + state_slope=downtrend,41,0.0272246567824442,-0.0025931494569454,0.0006027795743415,rolling
ADI,1d,state_volume=vol_normal + state_ext=stretched_down + state_slope=downtrend,calendar_2025,ok,2025-01-02 05:00:00+00:00,2025-12-31 05:00:00+00:00,250,43,0.0139296860314914,0.5813953488372093,0.7117363563943724,0.4766280498473592,False,250,0.0072818493222119,0.0066478367092794,state_volume=vol_normal + state_slope=downtrend,64,0.0189766929683607,-0.0050470069368693,0.225635268359541,rolling
ADI,1d,state_volume=vol_normal + state_ext=stretched_down + state_slope=downtrend,calendar_2026_ytd,ok,2026-01-02 05:00:00+00:00,2026-10-02 04:00:00+00:00,189,36,0.0138014277060373,0.6111111111111112,2.004431049873521,0.0450239060111261,True,189,0.0106497253116119,0.0031517023944253,state_volume=vol_normal + state_slope=downtrend,49,0.0165563119946808,-0.0027548842886434,0.0276296044909107,rolling
ADI,1d,state_volume=vol_normal + state_ext=stretched_down + state_slope=downtrend,latest_12m,ok,2025-10-02 04:00:00+00:00,2026-10-02 04:00:00+00:00,252,45,0.017490571831969,0.6222222222222222,2.381722433637105,0.0172318804060247,True,252,0.0119215202139423,0.0055690516180266,state_volume=vol_normal + state_slope=downtrend,66,0.019720729130684,-0.002230157298715,0.02933151695422,rolling
ADI,1d,state_volume=vol_normal + state_ext=stretched_down + state_slope=downtrend,latest_6m,ok,2026-04-02 04:00:00+00:00,2026-10-02 04:00:00+00:00,127,27,0.0116915982702274,0.5555555555555556,1.4473867641386335,0.1477886306946103,False,127,0.0093638526257954,0.002327745644432,state_volume=vol_normal + state_ext=stretched_down,33,0.0162588951470498,-0.0045672968768224,0.0333722989794744,rolling
ADI,1d,state_relvol=relvol_normal + state_ext=stretched_down,all,ok,2006-08-14 04:00:00+00:00,2026-10-02 04:00:00+00:00,5066,1201,0.0093332225177034,0.604496253122398,4.110779074679997,3.943263600358904e-05,True,5066,0.0037247321115165,0.0056084904061869,state_ext=stretched_down,1403,0.0090640941622333,0.0002691283554701,2.329473401063709e-05,rolling
ADI,1d,state_relvol=relvol_normal + state_ext=stretched_down,calendar_2024,ok,2024-01-02 05:00:00+00:00,2024-12-31 05:00:00+00:00,252,58,0.0163918042467572,0.6896551724137931,1.9839945092554756,0.0472564520374518,True,252,0.0034940021344157,0.0128978021123415,state_ext=stretched_down,67,0.0194133949418814,-0.0030215906951241,0.010019409245292,rolling
ADI,1d,state_relvol=relvol_normal + state_ext=stretched_down,calendar_2025,ok,2025-01-02 05:00:00+00:00,2025-12-31 05:00:00+00:00,250,65,0.0090904951885203,0.5076923076923077,0.6745685389801259,0.4999499268710434,False,250,0.0072818493222119,0.0018086458663083,state_ext=stretched_down,79,0.011010210814829,-0.0019197156263087,0.3415715697880097,rolling
ADI,1d,state_relvol=relvol_normal + state_ext=stretched_down,calendar_2026_ytd,ok,2026-01-02 05:00:00+00:00,2026-10-02 04:00:00+00:00,189,49,0.0122829353264032,0.6122448979591837,1.7654410842872106,0.0774896636875142,False,189,0.0106497253116119,0.0016332100147912,state_relvol=relvol_normal,165,0.0111886318495935,0.0010943034768096,0.0734603065044376,rolling
ADI,1d,state_relvol=relvol_normal + state_ext=stretched_down,latest_12m,ok,2025-10-02 04:00:00+00:00,2026-10-02 04:00:00+00:00,252,69,0.0150841128517768,0.6231884057971014,2.59946087858533,0.0093370320552834,True,252,0.0119215202139423,0.0031625926378345,state_ext=stretched_down,81,0.0135188415076061,0.0015652713441706,0.0287093483326561,rolling
ADI,1d,state_relvol=relvol_normal + state_ext=stretched_down,latest_6m,ok,2026-04-02 04:00:00+00:00,2026-10-02 04:00:00+00:00,127,36,0.0153983267290586,0.6388888888888888,2.125189232374891,0.0335708261490328,True,127,0.0093638526257954,0.0060344741032631,state_ext=stretched_down,44,0.0114213554061509,0.0039769713229076,0.1185507426694418,rolling
ADI,1d,state_ext=stretched_down + state_slope=downtrend + state_vol=mid_vol,all,ok,2006-08-14 04:00:00+00:00,2026-10-02 04:00:00+00:00,5066,332,0.0135848870488943,0.6445783132530121,3.6037135669253257,0.0003137027567294,True,5066,0.0037247321115165,0.0098601549373777,state_ext=stretched_down + state_vol=mid_vol,430,0.0131802211382239,0.0004046659106704,9.634077292197674e-05,rolling
ADI,1d,state_ext=stretched_down + state_slope=downtrend + state_vol=mid_vol,calendar_2024,ok,2024-01-02 05:00:00+00:00,2024-12-31 05:00:00+00:00,252,18,0.0175316217617236,0.7222222222222222,2.1248877075771224,0.0335959839159349,True,252,0.0034940021344157,0.0140376196273079,state_ext=stretched_down + state_slope=downtrend,41,0.0272246567824442,-0.0096930350207205,0.0006027795743415,rolling
ADI,1d,state_ext=stretched_down + state_slope=downtrend + state_vol=mid_vol,calendar_2025,ok,2025-01-02 05:00:00+00:00,2025-12-31 05:00:00+00:00,250,10,0.0846856851312657,0.8,2.810211908660157,0.0049508890550962,False,250,0.0072818493222119,0.0774038358090537,state_ext=stretched_down + state_vol=mid_vol,10,0.0846856851312657,0.0,0.0049508890550962,rolling
ADI,1d,state_ext=stretched_down + state_slope=downtrend + state_vol=mid_vol,calendar_2026_ytd,ok,2026-01-02 05:00:00+00:00,2026-10-02 04:00:00+00:00,189,9,0.0079834043360138,0.5555555555555556,0.9182236849882766,0.3585017711924043,False,189,0.0106497253116119,-0.0026663209755981,state_slope=downtrend + state_vol=mid_vol,13,0.0133665596307557,-0.0053831552947419,0.1348835120602025,rolling
ADI,1d,state_ext=stretched_down + state_slope=downtrend + state_vol=mid_vol,latest_12m,ok,2025-10-02 04:00:00+00:00,2026-10-02 04:00:00+00:00,252,16,0.0292478582871244,0.625,2.164494927859548,0.0304263854487705,True,252,0.0119215202139423,0.0173263380731821,state_slope=downtrend + state_vol=mid_vol,25,0.0290277525929928,0.0002201056941316,0.0660876994377632,rolling
ADI,1d,state_ext=stretched_down + state_slope=downtrend + state_vol=mid_vol,latest_6m,ok,2026-04-02 04:00:00+00:00,2026-10-02 04:00:00+00:00,127,7,0.0153998052328481,0.7142857142857143,2.022934437892784,0.0430799074197087,False,127,0.0093638526257954,0.0060359526070527,state_slope=downtrend + state_vol=mid_vol,11,0.0190648429823306,-0.0036650377494825,0.0319385350810164,rolling
ADI,1d,cross_USO_state_slope=downtrend + cross_TLT_state_ext=stretched_up + state_ext=stretched_down,all,ok,2006-08-14 04:00:00+00:00,2026-10-02 04:00:00+00:00,5066,267,0.0136924590033218,0.6704119850187266,2.827324002269825,0.0046938809263479,True,5066,0.0037247321115165,0.0099677268918052,cross_TLT_state_ext=stretched_up + state_ext=stretched_down,506,0.0110158819815169,0.0026765770218049,0.0009270738817002,rolling
ADI,1d,cross_USO_state_slope=downtrend + cross_TLT_state_ext=stretched_up + state_ext=stretched_down,calendar_2024,ok,2024-01-02 05:00:00+00:00,2024-12-31 05:00:00+00:00,252,10,0.0409779216411382,0.9,3.732010658129396,0.0001899574622155,False,252,0.0034940021344157,0.0374839195067224,cross_TLT_state_ext=stretched_up + state_ext=stretched_down,13,0.0337737289124333,0.0072041927287049,0.0113952082650037,rolling
ADI,1d,cross_USO_state_slope=downtrend + cross_TLT_state_ext=stretched_up + state_ext=stretched_down,calendar_2025,ok,2025-01-02 05:00:00+00:00,2025-12-31 05:00:00+00:00,250,6,0.0381802899150782,0.8333333333333334,2.0968018576636283,0.036011119088392,False,250,0.0072818493222119,0.0308984405928662,cross_USO_state_slope=downtrend + state_ext=stretched_down,27,0.0423108515806552,-0.004130561665577,0.0036833359395496,rolling
ADI,1d,cross_USO_state_slope=downtrend + cross_TLT_state_ext=stretched_up + state_ext=stretched_down,calendar_2026_ytd,ok,2026-01-02 05:00:00+00:00,2026-10-02 04:00:00+00:00,189,2,-0.013990712265263,0.5,-1.4920989398142428,0.1356732097891151,False,189,0.0106497253116119,-0.024640437576875,state_ext=stretched_down,60,0.0092198136956408,-0.0232105259609038,0.1670642949785163,rolling
ADI,1d,cross_USO_state_slope=downtrend + cross_TLT_state_ext=stretched_up + state_ext=stretched_down,latest_12m,ok,2025-10-02 04:00:00+00:00,2026-10-02 04:00:00+00:00,252,4,0.0240273306316065,0.75,1.0223472195071337,0.3066165918092913,False,252,0.0119215202139423,0.0121058104176642,cross_TLT_state_ext=stretched_up + state_ext=stretched_down,4,0.0240273306316065,0.0,0.3066165918092913,rolling
ADI,1d,cross_USO_state_slope=downtrend + cross_TLT_state_ext=stretched_up + state_ext=stretched_down,latest_6m,ok,2026-04-02 04:00:00+00:00,2026-10-02 04:00:00+00:00,127,2,-0.013990712265263,0.5,-1.4920989398142428,0.1356732097891151,False,127,0.0093638526257954,-0.0233545648910585,state_ext=stretched_down,44,0.0114213554061509,-0.0254120676714139,0.1185507426694418,rolling
ADI,1d,cross_USO_state_ext=stretched_down + cross_TLT_state_slope=uptrend + state_ext=stretched_down,all,ok,2006-08-14 04:00:00+00:00,2026-10-02 04:00:00+00:00,5066,319,0.0130491696236822,0.6551724137931034,2.94315208744332,0.0032488876790131,True,5066,0.0037247321115165,0.0093244375121656,cross_USO_state_ext=stretched_down + state_ext=stretched_down,640,0.0100448518956968,0.0030043177279854,0.0024291425597096,rolling
ADI,1d,cross_USO_state_ext=stretched_down + cross_TLT_state_slope=uptrend + state_ext=stretched_down,calendar_2024,ok,2024-01-02 05:00:00+00:00,2024-12-31 05:00:00+00:00,252,9,0.0392364845533396,0.8888888888888888,4.047012008636643,5.1875580930449416e-05,False,252,0.0034940021344157,0.0357424824189238,cross_TLT_state_slope=uptrend + state_ext=stretched_down,20,0.0287467860106528,0.0104896985426867,0.0025926153615212,rolling
ADI,1d,cross_USO_state_ext=stretched_down + cross_TLT_state_slope=uptrend + state_ext=stretched_down,calendar_2025,ok,2025-01-02 05:00:00+00:00,2025-12-31 05:00:00+00:00,250,18,0.0269173137784524,0.6666666666666666,1.9632541642801256,0.0496166484987936,True,250,0.0072818493222119,0.0196354644562404,cross_USO_state_ext=stretched_down + state_ext=stretched_down,41,0.0326508226573983,-0.0057335088789458,0.0033356193754241,rolling
ADI,1d,cross_USO_state_ext=stretched_down + cross_TLT_state_slope=uptrend + state_ext=stretched_down,calendar_2026_ytd,ok,2026-01-02 05:00:00+00:00,2026-10-02 04:00:00+00:00,189,7,0.0122828237090738,0.7142857142857143,0.9289584470200268,0.3529106212702175,False,189,0.0106497253116119,0.0016330983974618,state_ext=stretched_down,60,0.0092198136956408,0.0030630100134329,0.1670642949785163,rolling
ADI,1d,cross_USO_state_ext=stretched_down + cross_TLT_state_slope=uptrend + state_ext=stretched_down,latest_12m,ok,2025-10-02 04:00:00+00:00,2026-10-02 04:00:00+00:00,252,7,0.0122828237090738,0.7142857142857143,0.9289584470200268,0.3529106212702175,False,252,0.0119215202139423,0.0003613034951314,cross_USO_state_ext=stretched_down + state_ext=stretched_down,22,0.0177665032251418,-0.005483679516068,0.1737583080591276,rolling
ADI,1d,cross_USO_state_ext=stretched_down + cross_TLT_state_slope=uptrend + state_ext=stretched_down,latest_6m,ok,2026-04-02 04:00:00+00:00,2026-10-02 04:00:00+00:00,127,7,0.0122828237090738,0.7142857142857143,0.9289584470200268,0.3529106212702175,False,127,0.0093638526257954,0.0029189710832783,cross_TLT_state_slope=uptrend + state_ext=stretched_down,7,0.0122828237090738,0.0,0.3529106212702175,rolling
AMAT,1d,state_ext=stretched_down + state_ret_1=ret_down,all,ok,2006-08-14 04:00:00+00:00,2026-10-02 04:00:00+00:00,5066,823,0.0092190342838214,0.5722964763061968,3.411711113519586,0.000645564900344,True,5066,0.004936113374602,0.0042829209092194,state_ext=stretched_down,1660,0.0084171557851919,0.0008018784986295,0.000623737232817,rolling
AMAT,1d,state_ext=stretched_down + state_ret_1=ret_down,calendar_2024,ok,2024-01-02 05:00:00+00:00,2024-12-31 05:00:00+00:00,252,46,0.0103168531191528,0.6086956521739131,1.3608712146806636,0.173554391673286,False,252,0.0041897701011942,0.0061270830179585,state_ext=stretched_down,99,0.0128840628579452,-0.0025672097387924,0.1325315428655833,rolling
AMAT,1d,state_ext=stretched_down + state_ret_1=ret_down,calendar_2025,ok,2025-01-02 05:00:00+00:00,2025-12-31 05:00:00+00:00,250,38,0.0148133407699776,0.6052631578947368,1.0100374915476265,0.3124773280998143,False,250,0.0117956471201786,0.0030176936497989,state_ret_1=ret_down,81,0.0125816969184561,0.0022316438515214,0.1413849539659661,rolling
AMAT,1d,state_ext=stretched_down + state_ret_1=ret_down,calendar_2026_ytd,ok,2026-01-02 05:00:00+00:00,2026-10-02 04:00:00+00:00,189,36,0.0152501386036354,0.5833333333333334,0.8698050507580883,0.3844069508312371,False,189,0.019459473424185,-0.0042093348205495,state_ret_1=ret_down,71,0.0251026144019564,-0.009852475798321,0.0479952158928269,rolling
AMAT,1d,state_ext=stretched_down + state_ret_1=ret_down,latest_12m,ok,2025-10-02 04:00:00+00:00,2026-10-02 04:00:00+00:00,252,41,0.0221301662156121,0.6097560975609756,1.307339418207217,0.1910974624477401,False,252,0.0201597079583048,0.0019704582573073,state_ret_1=ret_down,92,0.0248583881728134,-0.0027282219572012,0.0156550797827832,rolling
AMAT,1d,state_ext=stretched_down + state_ret_1=ret_down,latest_6m,ok,2026-04-02 04:00:00+00:00,2026-10-02 04:00:00+00:00,127,29,0.0048808914905982,0.5172413793103449,0.2492160167438747,0.8031936906488522,False,127,0.0176865023506825,-0.0128056108600843,state_ret_1=ret_down,50,0.0205952852455443,-0.015714393754946,0.2141738242613509,rolling
ARKW,1d,state_volume=vol_normal + state_ext=neutral + state_slope=uptrend,all,ok,2014-09-30 04:00:00+00:00,2026-10-02 04:00:00+00:00,3020,74,0.022578585070139,0.7567567567567568,4.728815914392652,2.2583302325962507e-06,True,3020,0.004967303993695,0.0176112810764439,state_volume=vol_normal + state_slope=uptrend,675,0.0126581813817884,0.0099204036883506,4.526059917964176e-06,rolling
ARKW,1d,state_volume=vol_normal + state_ext=neutral + state_slope=uptrend,calendar_2024,ok,2024-01-02 05:00:00+00:00,2024-12-31 05:00:00+00:00,252,11,0.0351626444732509,0.8181818181818182,2.882879442983606,0.0039405822221012,False,252,0.0096010948812696,0.0255615495919812,state_ext=neutral + state_slope=uptrend,15,0.0329492502926954,0.0022133941805554,0.0014582546944226,rolling
ARKW,1d,state_volume=vol_normal + state_ext=neutral + state_slope=uptrend,calendar_2025,ok,2025-01-02 05:00:00+00:00,2025-12-31 05:00:00+00:00,250,3,0.0229317625627044,1.0,18.040432103093973,0.0,False,250,0.0075269267414983,0.015404835821206,state_volume=vol_normal + state_slope=uptrend,72,0.0280102309393533,-0.0050784683766488,0.0003237522104775,rolling
ARKW,1d,state_volume=vol_normal + state_ext=neutral + state_slope=uptrend,calendar_2026_ytd,ok,2026-01-02 05:00:00+00:00,2026-10-02 04:00:00+00:00,189,5,0.025190293543478,1.0,8.329344176260634,0.0,False,189,0.0033437120996223,0.0218465814438556,state_ext=neutral + state_slope=uptrend,8,0.018945478946862,0.0062448145966159,0.0158015144759271,rolling
ARKW,1d,state_volume=vol_normal + state_ext=neutral + state_slope=uptrend,latest_12m,ok,2025-10-02 04:00:00+00:00,2026-10-02 04:00:00+00:00,252,7,0.0248337080881673,1.0,9.905439589952394,0.0,False,252,-0.0003597820456078,0.0251934901337752,state_ext=neutral + state_slope=uptrend,13,0.0150517935786859,0.0097819145094814,0.0061660212619212,rolling
ARKW,1d,state_volume=vol_normal + state_ext=neutral + state_slope=uptrend,latest_6m,ok,2026-04-02 04:00:00+00:00,2026-10-02 04:00:00+00:00,127,5,0.025190293543478,1.0,8.329344176260634,0.0,False,127,0.0126293890507126,0.0125609044927653,state_ext=neutral + state_slope=uptrend,6,0.0274038453763478,-0.0022135518328698,7.105427357601002e-15,rolling
ARKW,1d,state_volume=vol_normal + state_slope=uptrend,all,ok,2014-09-30 04:00:00+00:00,2026-10-02 04:00:00+00:00,3020,675,0.0126581813817884,0.64,4.585636253621371,4.526059917964176e-06,True,3020,0.004967303993695,0.0076908773880933,state_slope=uptrend,1111,0.0097172137558701,0.0029409676259183,0.0001343407920495,rolling
ARKW,1d,state_volume=vol_normal + state_slope=uptrend,calendar_2024,ok,2024-01-02 05:00:00+00:00,2024-12-31 05:00:00+00:00,252,64,0.0048135993161876,0.5625,0.6481706769409604,0.5168745653219275,False,252,0.0096010948812696,-0.0047874955650819,state_volume=vol_normal,178,0.0090386304394303,-0.0042250311232426,0.0482401897076174,rolling
ARKW,1d,state_volume=vol_normal + state_slope=uptrend,calendar_2025,ok,2025-01-02 05:00:00+00:00,2025-12-31 05:00:00+00:00,250,72,0.0280102309393533,0.7361111111111112,3.5955136023587007,0.0003237522104775,True,250,0.0075269267414983,0.0204833041978549,state_slope=uptrend,105,0.0222773597657285,0.0057328711736248,0.001142417251013,rolling
ARKW,1d,state_volume=vol_normal + state_slope=uptrend,calendar_2026_ytd,ok,2026-01-02 05:00:00+00:00,2026-10-02 04:00:00+00:00,189,30,0.0149973517118181,0.7333333333333333,2.5610803677635485,0.010434721442353,True,189,0.0033437120996223,0.0116536396121958,state_slope=uptrend,47,0.0089075027768952,0.0060898489349229,0.161133217850055,rolling
ARKW,1d,state_volume=vol_normal + state_slope=uptrend,latest_12m,ok,2025-10-02 04:00:00+00:00,2026-10-02 04:00:00+00:00,252,37,0.0114532101627784,0.6756756756756757,1.9189331019992204,0.0549928007220901,False,252,-0.0003597820456078,0.0118129922083862,state_slope=uptrend,61,0.0044374870948344,0.0070157230679439,0.4506470848315316,rolling
ARKW,1d,state_volume=vol_normal + state_slope=uptrend,latest_6m,ok,2026-04-02 04:00:00+00:00,2026-10-02 04:00:00+00:00,127,30,0.0149973517118181,0.7333333333333333,2.5610803677635485,0.010434721442353,True,127,0.0126293890507126,0.0023679626611054,state_slope=uptrend,42,0.0126326742035574,0.0023646775082607,0.0431110090533035,rolling
AVGO,1d,cross_USO_state_ext=stretched_down + state_ext=stretched_down,all,ok,2009-08-06 04:00:00+00:00,2026-10-02 04:00:00+00:00,4316,499,0.0194663604569313,0.6332665330661322,3.716514116462678,0.0002019903604153,True,4316,0.0078429499359067,0.0116234105210245,state_ext=stretched_down,1142,0.0139630826740659,0.0055032777828653,8.075673398000305e-06,rolling
AVGO,1d,cross_USO_state_ext=stretched_down + state_ext=stretched_down,calendar_2024,ok,2024-01-02 05:00:00+00:00,2024-12-31 05:00:00+00:00,252,32,0.0483352529850298,0.6875,3.032764476426679,0.0024232464842166,True,252,0.0184532882970668,0.029881964687963,state_ext=stretched_down,63,0.0413791701398803,0.0069560828451495,0.0001815976894183,rolling
AVGO,1d,cross_USO_state_ext=stretched_down + state_ext=stretched_down,calendar_2025,ok,2025-01-02 05:00:00+00:00,2025-12-31 05:00:00+00:00,250,42,0.0369389696121961,0.7142857142857143,2.3076228286629834,0.0210201236640514,True,250,0.0103017239832039,0.0266372456289921,cross_USO_state_ext=stretched_down,90,0.0230272623326318,0.0139117072795642,0.0409445490949846,rolling
AVGO,1d,cross_USO_state_ext=stretched_down + state_ext=stretched_down,calendar_2026_ytd,ok,2026-01-02 05:00:00+00:00,2026-10-02 04:00:00+00:00,189,22,0.0059731402145822,0.4545454545454545,0.4549776821618855,0.6491252949143589,False,189,0.0038703397750092,0.002102800439573,state_ext=stretched_down,88,0.0170778803016021,-0.0111047400870198,0.062337926586512,rolling
AVGO,1d,cross_USO_state_ext=stretched_down + state_ext=stretched_down,latest_12m,ok,2025-10-02 04:00:00+00:00,2026-10-02 04:00:00+00:00,252,36,0.0192154676240066,0.5833333333333334,1.6233642640891464,0.1045115592454644,False,252,0.0037657492559312,0.0154497183680753,state_ext=stretched_down,113,0.0196955904442911,-0.0004801228202844,0.0153679255424314,rolling
AVGO,1d,cross_USO_state_ext=stretched_down + state_ext=stretched_down,latest_6m,ok,2026-04-02 04:00:00+00:00,2026-10-02 04:00:00+00:00,127,21,0.0067675451424092,0.4761904761904761,0.4994956761186804,0.6174302321174263,False,127,0.006119847109968,0.0006476980324411,state_ext=stretched_down,53,0.0112057719425848,-0.0044382268001756,0.2870461758445715,rolling
AVGO,1d,cross_USO_state_slope=downtrend + cross_TLT_state_ext=stretched_up + state_ext=stretched_down,all,ok,2009-08-06 04:00:00+00:00,2026-10-02 04:00:00+00:00,4316,204,0.0263397625623587,0.6715686274509803,3.003780391196892,0.0026664771960585,True,4316,0.0078429499359067,0.0184968126264519,cross_USO_state_slope=downtrend + state_ext=stretched_down,415,0.0195644869579638,0.0067752756043948,0.0011312287075662,rolling
AVGO,1d,cross_USO_state_slope=downtrend + cross_TLT_state_ext=stretched_up + state_ext=stretched_down,calendar_2024,ok,2024-01-02 05:00:00+00:00,2024-12-31 05:00:00+00:00,252,12,0.0952477920631102,0.9166666666666666,4.395748110063425,1.1039188949846236e-05,False,252,0.0184532882970668,0.0767945037660433,cross_TLT_state_ext=stretched_up + state_ext=stretched_down,17,0.0888218405945296,0.0064259514685805,1.3929859932204636e-08,rolling
AVGO,1d,cross_USO_state_slope=downtrend + cross_TLT_state_ext=stretched_up + state_ext=stretched_down,calendar_2025,ok,2025-01-02 05:00:00+00:00,2025-12-31 05:00:00+00:00,250,3,0.0246080087801199,0.6666666666666666,1.1309442638603184,0.2580785512343748,False,250,0.0103017239832039,0.0143062847969159,cross_USO_state_slope=downtrend + cross_TLT_state_ext=stretched_up,14,0.0289897439608593,-0.0043817351807394,0.0420725531042434,rolling
AVGO,1d,cross_USO_state_slope=downtrend + cross_TLT_state_ext=stretched_up + state_ext=stretched_down,calendar_2026_ytd,ok,2026-01-02 05:00:00+00:00,2026-10-02 04:00:00+00:00,189,5,0.0007336650076671,0.4,0.0614510522369928,0.9509999953434972,False,189,0.0038703397750092,-0.0031366747673421,state_ext=stretched_down,88,0.0170778803016021,-0.0163442152939349,0.062337926586512,rolling
AVGO,1d,cross_USO_state_slope=downtrend + cross_TLT_state_ext=stretched_up + state_ext=stretched_down,latest_12m,ok,2025-10-02 04:00:00+00:00,2026-10-02 04:00:00+00:00,252,6,0.0132591557745036,0.5,0.6884814889027916,0.4911496233550019,False,252,0.0037657492559312,0.0094934065185723,state_ext=stretched_down,113,0.0196955904442911,-0.0064364346697875,0.0153679255424314,rolling
AVGO,1d,cross_USO_state_slope=downtrend + cross_TLT_state_ext=stretched_up + state_ext=stretched_down,latest_6m,ok,2026-04-02 04:00:00+00:00,2026-10-02 04:00:00+00:00,127,5,0.0007336650076671,0.4,0.0614510522369928,0.9509999953434972,False,127,0.006119847109968,-0.0053861821023009,state_ext=stretched_down,53,0.0112057719425848,-0.0104721069349177,0.2870461758445715,rolling
AVGO,1d,state_ext=stretched_down + state_slope=downtrend,all,ok,2009-08-06 04:00:00+00:00,2026-10-02 04:00:00+00:00,4316,820,0.0146642498987584,0.6182926829268293,3.606179072962227,0.0003107387408793,True,4316,0.0078429499359067,0.0068212999628516,state_ext=stretched_down,1142,0.0139630826740659,0.0007011672246924,8.075673398000305e-06,rolling
AVGO,1d,state_ext=stretched_down + state_slope=downtrend,calendar_2024,ok,2024-01-02 05:00:00+00:00,2024-12-31 05:00:00+00:00,252,41,0.0535352365067238,0.7560975609756098,3.36991354913567,0.0007519176961867,True,252,0.0184532882970668,0.0350819482096569,state_ext=stretched_down,63,0.0413791701398803,0.0121560663668435,0.0001815976894183,rolling
AVGO,1d,state_ext=stretched_down + state_slope=downtrend,calendar_2025,ok,2025-01-02 05:00:00+00:00,2025-12-31 05:00:00+00:00,250,59,0.0262043328492289,0.5932203389830508,1.6165121666462363,0.1059836250381338,False,250,0.0103017239832039,0.0159026088660249,state_slope=downtrend,86,0.0231374626751766,0.0030668701740523,0.1087973870933054,rolling
AVGO,1d,state_ext=stretched_down + state_slope=downtrend,calendar_2026_ytd,ok,2026-01-02 05:00:00+00:00,2026-10-02 04:00:00+00:00,189,68,0.0224381445822519,0.6323529411764706,1.9760030858858748,0.0481544276998509,True,189,0.0038703397750092,0.0185678048072427,state_ext=stretched_down,88,0.0170778803016021,0.0053602642806498,0.062337926586512,rolling
AVGO,1d,state_ext=stretched_down + state_slope=downtrend,latest_12m,ok,2025-10-02 04:00:00+00:00,2026-10-02 04:00:00+00:00,252,88,0.0258129069311834,0.625,2.5315168150623597,0.0113570371878466,True,252,0.0037657492559312,0.0220471576752522,state_ext=stretched_down,113,0.0196955904442911,0.0061173164868923,0.0153679255424314,rolling
AVGO,1d,state_ext=stretched_down + state_slope=downtrend,latest_6m,ok,2026-04-02 04:00:00+00:00,2026-10-02 04:00:00+00:00,127,40,0.0176432392165718,0.575,1.2781792339471316,0.2011862363959811,False,127,0.006119847109968,0.0115233921066038,state_slope=downtrend,56,0.0139511505760983,0.0036920886404734,0.2930047497297925,rolling
BAC,1d,state_volume=vol_quiet + state_slope=downtrend,all,ok,2006-08-14 04:00:00+00:00,2026-10-02 04:00:00+00:00,5066,135,0.0337259442206148,0.6444444444444445,2.43246592482395,0.0149964025023074,True,5066,0.0023598674521723,0.0313660767684424,state_volume=vol_quiet,488,0.0147928187248439,0.0189331254957708,0.0542153235698354,rolling
BAC,1d,state_volume=vol_quiet + state_slope=downtrend,calendar_2024,ok,2024-01-02 05:00:00+00:00,2024-12-31 05:00:00+00:00,252,9,0.0188678512227215,0.7777777777777778,2.213583212139623,0.0268574632188725,False,252,0.0065984794837528,0.0122693717389687,state_slope=downtrend,38,0.0247454345707452,-0.0058775833480236,3.1985449646665387e-06,rolling
BAC,1d,state_volume=vol_quiet + state_slope=downtrend,calendar_2025,ok,2025-01-02 05:00:00+00:00,2025-12-31 05:00:00+00:00,250,3,0.0014462230839121,0.6666666666666666,0.0983255256205549,0.9216738098721712,False,250,0.0053659027775045,-0.0039196796935924,state_slope=downtrend,57,0.0156098826271261,-0.014163659543214,0.0959933246208448,rolling
BAC,1d,state_volume=vol_quiet + state_slope=downtrend,calendar_2026_ytd,ok,2026-01-02 05:00:00+00:00,2026-10-02 04:00:00+00:00,189,0,,,,,False,189,-0.0005354105630608,,state_volume=vol_quiet,4,0.0312045686143458,,0.0023011459020583,rolling
BAC,1d,state_volume=vol_quiet + state_slope=downtrend,latest_12m,ok,2025-10-02 04:00:00+00:00,2026-10-02 04:00:00+00:00,252,0,,,,,False,252,0.0019811045221746,,state_volume=vol_quiet,13,0.0086816813344823,,0.3664170301793885,rolling
BAC,1d,state_volume=vol_quiet + state_slope=downtrend,latest_6m,ok,2026-04-02 04:00:00+00:00,2026-10-02 04:00:00+00:00,127,0,,,,,False,127,0.0027863862777222,,state_volume=vol_quiet,4,0.0312045686143458,,0.0023011459020583,rolling
BLK,1d,cross_USO_state_ext=neutral + cross_TLT_state_slope=flat + state_ext=neutral,all,ok,2006-08-14 04:00:00+00:00,2026-10-02 04:00:00+00:00,5066,135,0.0114284050378774,0.6370370370370371,3.972706176420289,7.106068261863996e-05,True,5066,0.0032969912211291,0.0081314138167482,cross_USO_state_ext=neutral + cross_TLT_state_slope=flat,393,0.0056580253449833,0.0057703796928941,0.0097228807528186,rolling
BLK,1d,cross_USO_state_ext=neutral + cross_TLT_state_slope=flat + state_ext=neutral,calendar_2024,ok,2024-01-02 05:00:00+00:00,2024-12-31 05:00:00+00:00,252,10,0.0095792730980348,0.7,1.809559796214277,0.0703640793159698,False,252,0.0053554421371398,0.004223830960895,cross_TLT_state_slope=flat + state_ext=neutral,34,0.0124815925735048,-0.0029023194754699,0.0088806350909527,rolling
BLK,1d,cross_USO_state_ext=neutral + cross_TLT_state_slope=flat + state_ext=neutral,calendar_2025,ok,2025-01-02 05:00:00+00:00,2025-12-31 05:00:00+00:00,250,18,0.017680307985535,0.7777777777777778,2.879961050639705,0.0039772430232618,True,250,0.0026143944480312,0.0150659135375038,cross_USO_state_ext=neutral + state_ext=neutral,28,0.0130557640982889,0.004624543887246,0.0254962735817032,rolling
BLK,1d,cross_USO_state_ext=neutral + cross_TLT_state_slope=flat + state_ext=neutral,calendar_2026_ytd,ok,2026-01-02 05:00:00+00:00,2026-10-02 04:00:00+00:00,189,1,-0.0001632539774725,0.0,,,False,189,0.0002383936340519,-0.0004016476115245,cross_USO_state_ext=neutral + cross_TLT_state_slope=flat,13,0.0077150536097581,-0.0078783075872306,0.4593637550177063,rolling
BLK,1d,cross_USO_state_ext=neutral + cross_TLT_state_slope=flat + state_ext=neutral,latest_12m,ok,2025-10-02 04:00:00+00:00,2026-10-02 04:00:00+00:00,252,8,0.0193479909913578,0.75,3.062799379888163,0.0021927701315791,False,252,-0.0008836289635179,0.0202316199548757,cross_USO_state_ext=neutral + cross_TLT_state_slope=flat,30,0.0129889127077746,0.0063590782835831,0.0088202576400404,rolling
BLK,1d,cross_USO_state_ext=neutral + cross_TLT_state_slope=flat + state_ext=neutral,latest_6m,ok,2026-04-02 04:00:00+00:00,2026-10-02 04:00:00+00:00,127,0,,,,,False,127,0.0043617628042662,,cross_USO_state_ext=neutral + cross_TLT_state_slope=flat,8,0.0141751310908456,,0.3261800097307303,rolling
CAT,1d,state_ext=stretched_up + state_ret_1=ret_flat,all,ok,2006-08-14 04:00:00+00:00,2026-10-02 04:00:00+00:00,5066,771,0.0078108741013237,0.6005188067444877,4.414236567675993,1.0136706558139252e-05,True,5066,0.0038101885777836,0.0040006855235401,state_ext=stretched_up,2232,0.0052701092378279,0.0025407648634957,0.0011472182218117,rolling
CAT,1d,state_ext=stretched_up + state_ret_1=ret_flat,calendar_2024,ok,2024-01-02 05:00:00+00:00,2024-12-31 05:00:00+00:00,252,44,0.0077020157338956,0.6136363636363636,1.4293152842377133,0.1529136349554249,False,252,0.0052889027705055,0.0024131129633901,state_ret_1=ret_flat,93,0.0032757249409399,0.0044262907929557,0.4796899797924678,rolling
CAT,1d,state_ext=stretched_up + state_ret_1=ret_flat,calendar_2025,ok,2025-01-02 05:00:00+00:00,2025-12-31 05:00:00+00:00,250,42,0.0207861343885172,0.6190476190476191,2.483827536683033,0.0129978740628766,True,250,0.0115489731488392,0.009237161239678,state_ext=stretched_up,141,0.0160936575568492,0.0046924768316679,0.0124329583683291,rolling
CAT,1d,state_ext=stretched_up + state_ret_1=ret_flat,calendar_2026_ytd,ok,2026-01-02 05:00:00+00:00,2026-10-02 04:00:00+00:00,189,23,0.0279045467376414,0.782608695652174,3.451377423679447,0.0005577330335437,True,189,0.0092735656743107,0.0186309810633306,state_ext=stretched_up,96,0.0184229583416471,0.0094815883959942,0.0309742720804249,rolling
CAT,1d,state_ext=stretched_up + state_ret_1=ret_flat,latest_12m,ok,2025-10-02 04:00:00+00:00,2026-10-02 04:00:00+00:00,252,33,0.0251364662248411,0.696969696969697,3.391434327341398,0.0006952782355829,True,252,0.0113586560126019,0.0137778102122391,state_ext=stretched_up,138,0.0166916753124616,0.0084447909123794,0.0223444078129766,rolling
CAT,1d,state_ext=stretched_up + state_ret_1=ret_flat,latest_6m,ok,2026-04-02 04:00:00+00:00,2026-10-02 04:00:00+00:00,127,14,0.0356578577036999,0.9285714285714286,3.77748389798559,0.0001584207438667,False,127,0.0053290114279042,0.0303288462757957,state_ext=stretched_up,58,0.0136056724813001,0.0220521852223998,0.2366524333311896,rolling
CBOE,1d,state_ext=stretched_down + state_vol=low_vol,all,ok,2010-06-15 04:00:00+00:00,2026-10-02 04:00:00+00:00,4101,160,0.0098040815486108,0.63125,3.209384922437943,0.0013301928209381,True,4101,0.0033706033712259,0.0064334781773849,state_vol=low_vol,1303,0.005350179555145,0.0044539019934658,5.372301875827823e-05,rolling
CBOE,1d,state_ext=stretched_down + state_vol=low_vol,calendar_2024,ok,2024-01-02 05:00:00+00:00,2024-12-31 05:00:00+00:00,252,5,0.0071919171063038,0.6,1.6782196312580355,0.0933042307233629,False,252,0.0024374352929682,0.0047544818133355,state_ext=stretched_down,69,0.0031946571254524,0.0039972599808513,0.4626222965757565,rolling
CBOE,1d,state_ext=stretched_down + state_vol=low_vol,calendar_2025,ok,2025-01-02 05:00:00+00:00,2025-12-31 05:00:00+00:00,250,7,0.0160558650711118,0.8571428571428571,2.303096766340432,0.0212733992144795,False,250,0.0057306258378753,0.0103252392332364,state_ext=stretched_down,39,0.0182601146971865,-0.0022042496260747,0.0030707586559421,rolling
CBOE,1d,state_ext=stretched_down + state_vol=low_vol,calendar_2026_ytd,ok,2026-01-02 05:00:00+00:00,2026-10-02 04:00:00+00:00,189,1,0.0515512818034708,1.0,,,False,189,0.0051816126002241,0.0463696692032467,state_ext=stretched_down,56,-0.0034829474472843,0.0550342292507552,0.8123390686618019,rolling
CBOE,1d,state_ext=stretched_down + state_vol=low_vol,latest_12m,ok,2025-10-02 04:00:00+00:00,2026-10-02 04:00:00+00:00,252,8,0.0204927921626566,0.875,2.418885430517599,0.0155681427242777,False,252,0.0049741867430812,0.0155186054195754,state_ext=stretched_down,67,0.0004457113311346,0.020047080831522,0.9716060307539464,rolling
CBOE,1d,state_ext=stretched_down + state_vol=low_vol,latest_6m,ok,2026-04-02 04:00:00+00:00,2026-10-02 04:00:00+00:00,127,0,,,,,False,127,0.0013987497094494,,state_ext=stretched_down,43,-0.010516293108024,,0.5704901392009998,rolling
COST,1d,state_ext=stretched_up + state_ret_1=ret_flat,all,ok,2006-08-14 04:00:00+00:00,2026-10-02 04:00:00+00:00,5066,719,0.0041632914526909,0.5924895688456189,3.308104540592448,0.000939297394888,True,5066,0.0034871337702736,0.0006761576824172,state_ret_1=ret_flat,1710,0.0037851591728185,0.0003781322798723,2.865332735191295e-05,rolling
COST,1d,state_ext=stretched_up + state_ret_1=ret_flat,calendar_2024,ok,2024-01-02 05:00:00+00:00,2024-12-31 05:00:00+00:00,252,45,0.0079213838161095,0.7555555555555555,2.139105882084804,0.0324270941444462,True,252,0.0070867380926696,0.0008346457234398,state_ext=stretched_up,134,0.0083233717770847,-0.0004019879609751,0.0121340258872062,rolling
COST,1d,state_ext=stretched_up + state_ret_1=ret_flat,calendar_2025,ok,2025-01-02 05:00:00+00:00,2025-12-31 05:00:00+00:00,250,23,0.0041055109781586,0.5217391304347826,0.6349811094804227,0.5254407354709723,False,250,-0.0004340156100149,0.0045395265881736,state_ext=stretched_up,69,0.0002928848393785,0.0038126261387801,0.962604854324898,rolling
COST,1d,state_ext=stretched_up + state_ret_1=ret_flat,calendar_2026_ytd,ok,2026-01-02 05:00:00+00:00,2026-10-02 04:00:00+00:00,189,7,-0.0031085680238828,0.4285714285714285,-0.2619171392196499,0.7933853255767567,False,189,0.0019674534437543,-0.0050760214676371,state_ret_1=ret_flat,51,0.0037268697807014,-0.0068354378045843,0.3685291268571256,rolling
COST,1d,state_ext=stretched_up + state_ret_1=ret_flat,latest_12m,ok,2025-10-02 04:00:00+00:00,2026-10-02 04:00:00+00:00,252,7,-0.0031085680238828,0.4285714285714285,-0.2619171392196499,0.7933853255767567,False,252,0.0008312640878513,-0.0039398321117341,state_ret_1=ret_flat,74,0.0013675097861215,-0.0044760778100043,0.7138304293702173,rolling
COST,1d,state_ext=stretched_up + state_ret_1=ret_flat,latest_6m,ok,2026-04-02 04:00:00+00:00,2026-10-02 04:00:00+00:00,127,4,-0.0176604889490788,0.25,-1.3480258076630536,0.1776500821473712,False,127,-0.0029826814485086,-0.0146778075005701,state_ret_1=ret_flat,37,-0.0003765862523322,-0.0172839026967465,0.9368904430184348,rolling
DASH,1d,cross_USO_state_ext=stretched_down + state_ext=stretched_down,all,ok,2020-12-09 05:00:00+00:00,2026-10-02 04:00:00+00:00,1460,151,0.0256828682047046,0.6291390728476821,3.2639320515183687,0.0010987751342199,True,1460,0.0030652567602763,0.0226176114444282,cross_USO_state_ext=stretched_down,421,0.0136195952473672,0.0120632729573373,0.0085469446488382,rolling
DASH,1d,cross_USO_state_ext=stretched_down + state_ext=stretched_down,calendar_2024,ok,2024-01-02 05:00:00+00:00,2024-12-31 05:00:00+00:00,252,28,0.0077892221018896,0.5714285714285714,0.7570794915787431,0.4490022399663198,False,252,0.0126115960867911,-0.0048223739849014,cross_USO_state_ext=stretched_down,72,0.0254087077562168,-0.0176194856543271,0.0031285104333504,rolling
DASH,1d,cross_USO_state_ext=stretched_down + state_ext=stretched_down,calendar_2025,ok,2025-01-02 05:00:00+00:00,2025-12-31 05:00:00+00:00,250,31,0.0354586861680076,0.7419354838709677,3.072855495673145,0.0021202112958693,True,250,0.0068402889840181,0.0286183971839894,cross_USO_state_ext=stretched_down,90,0.0082113374936776,0.0272473486743299,0.3262690684155853,rolling
DASH,1d,cross_USO_state_ext=stretched_down + state_ext=stretched_down,calendar_2026_ytd,ok,2026-01-02 05:00:00+00:00,2026-10-02 04:00:00+00:00,189,11,0.0537367431592362,0.8181818181818182,2.6047142244526125,0.0091950918426682,False,189,-0.0023172914444355,0.0560540346036717,cross_USO_state_ext=stretched_down,40,0.0229957218198922,0.0307410213393439,0.0910956350971279,rolling
DASH,1d,cross_USO_state_ext=stretched_down + state_ext=stretched_down,latest_12m,ok,2025-10-02 04:00:00+00:00,2026-10-02 04:00:00+00:00,252,19,0.0437474807243183,0.6842105263157895,2.7352539479794475,0.0062332167342249,True,252,-0.0050025885918704,0.0487500693161887,cross_USO_state_ext=stretched_down,65,0.0159191109312884,0.0278283697930298,0.1251086548990498,rolling
DASH,1d,cross_USO_state_ext=stretched_down + state_ext=stretched_down,latest_6m,ok,2026-04-02 04:00:00+00:00,2026-10-02 04:00:00+00:00,127,11,0.0537367431592362,0.8181818181818182,2.6047142244526125,0.0091950918426682,False,127,0.010195891696461,0.0435408514627751,cross_USO_state_ext=stretched_down,39,0.0255247950925003,0.0282119480667358,0.0531921488739142,rolling
DE,1d,state_slope=downtrend + state_vol=mid_vol,all,ok,2006-08-14 04:00:00+00:00,2026-10-02 04:00:00+00:00,5066,543,0.0136266573250827,0.6316758747697975,4.1316624108643145,3.601490908322624e-05,True,5066,0.0041036351659523,0.0095230221591304,state_slope=downtrend,1667,0.0082318123663862,0.0053948449586964,0.0009767046467668,rolling
DE,1d,state_slope=downtrend + state_vol=mid_vol,calendar_2024,ok,2024-01-02 05:00:00+00:00,2024-12-31 05:00:00+00:00,252,58,0.0310069541470866,0.8103448275862069,3.4869337611783897,0.0004885923539488,True,252,0.0017415742639685,0.0292653798831181,state_slope=downtrend,90,0.0208611811192313,0.0101457730278553,0.0021241008635104,rolling
DE,1d,state_slope=downtrend + state_vol=mid_vol,calendar_2025,ok,2025-01-02 05:00:00+00:00,2025-12-31 05:00:00+00:00,250,11,0.054044592471558,0.8181818181818182,4.815985043032438,1.464754955993186e-06,False,250,0.0034521633580837,0.0505924291134743,state_slope=downtrend,88,0.0117516489554147,0.0422929435161432,0.0572910651177269,rolling
DE,1d,state_slope=downtrend + state_vol=mid_vol,calendar_2026_ytd,ok,2026-01-02 05:00:00+00:00,2026-10-02 04:00:00+00:00,189,16,0.0299094854431404,0.6875,2.241502024403036,0.0249935745440208,True,189,0.0094510927271782,0.0204583927159621,state_slope=downtrend,49,0.0196505075339463,0.010258977909194,0.0267000512866004,rolling
DE,1d,state_slope=downtrend + state_vol=mid_vol,latest_12m,ok,2025-10-02 04:00:00+00:00,2026-10-02 04:00:00+00:00,252,18,0.0307078088495985,0.7222222222222222,2.579718243190862,0.0098880955698206,True,252,0.007956805104838,0.0227510037447604,state_slope=downtrend,66,0.0184232443891653,0.0122845644604331,0.0121614751102685,rolling
DE,1d,state_slope=downtrend + state_vol=mid_vol,latest_6m,ok,2026-04-02 04:00:00+00:00,2026-10-02 04:00:00+00:00,127,6,0.0488106747691849,0.8333333333333334,5.592316757818353,2.24059570896884e-08,False,127,0.0052047623753735,0.0436059123938114,state_slope=downtrend,32,0.0253825149417615,0.0234281598274234,0.02053374768668,rolling
DE,1d,state_volume=vol_surge + state_slope=downtrend,all,ok,2006-08-14 04:00:00+00:00,2026-10-02 04:00:00+00:00,5066,224,0.0177213919633354,0.625,3.8280478982389456,0.0001291636240856,True,5066,0.0041036351659523,0.013617756797383,state_slope=downtrend,1667,0.0082318123663862,0.0094895795969491,0.0009767046467668,rolling
DE,1d,state_volume=vol_surge + state_slope=downtrend,calendar_2024,ok,2024-01-02 05:00:00+00:00,2024-12-31 05:00:00+00:00,252,8,0.0184940103406937,0.625,2.24984482499068,0.0244587974313921,False,252,0.0017415742639685,0.0167524360767252,state_slope=downtrend,90,0.0208611811192313,-0.0023671707785376,0.0021241008635104,rolling
DE,1d,state_volume=vol_surge + state_slope=downtrend,calendar_2025,ok,2025-01-02 05:00:00+00:00,2025-12-31 05:00:00+00:00,250,10,0.0395562876901584,0.7,2.794599851740569,0.0051963990509473,False,250,0.0034521633580837,0.0361041243320746,state_volume=vol_surge,33,0.0178978843661812,0.0216584033239771,0.0470467605965767,rolling
DE,1d,state_volume=vol_surge + state_slope=downtrend,calendar_2026_ytd,ok,2026-01-02 05:00:00+00:00,2026-10-02 04:00:00+00:00,189,10,0.0362373208053323,0.8,3.1921936082155824,0.0014119665536673,False,189,0.0094510927271782,0.026786228078154,state_slope=downtrend,49,0.0196505075339463,0.016586813271386,0.0267000512866004,rolling
DE,1d,state_volume=vol_surge + state_slope=downtrend,latest_12m,ok,2025-10-02 04:00:00+00:00,2026-10-02 04:00:00+00:00,252,10,0.0362373208053323,0.8,3.1921936082155824,0.0014119665536673,False,252,0.007956805104838,0.0282805157004942,state_slope=downtrend,66,0.0184232443891653,0.017814076416167,0.0121614751102685,rolling
DE,1d,state_volume=vol_surge + state_slope=downtrend,latest_6m,ok,2026-04-02 04:00:00+00:00,2026-10-02 04:00:00+00:00,127,9,0.0389142121576619,0.7777777777777778,3.3078961115288243,0.0009399967297083,False,127,0.0052047623753735,0.0337094497822883,state_slope=downtrend,32,0.0253825149417615,0.0135316972159004,0.02053374768668,rolling
DE,1d,state_volume=vol_surge + state_ext=stretched_down + state_slope=downtrend,all,ok,2006-08-14 04:00:00+00:00,2026-10-02 04:00:00+00:00,5066,168,0.0196223882556412,0.6190476190476191,3.6353945273330415,0.0002775555363747,True,5066,0.0041036351659523,0.0155187530896889,state_volume=vol_surge + state_slope=downtrend,224,0.0177213919633354,0.0019009962923058,0.0001291636240856,rolling
DE,1d,state_volume=vol_surge + state_ext=stretched_down + state_slope=downtrend,calendar_2024,ok,2024-01-02 05:00:00+00:00,2024-12-31 05:00:00+00:00,252,7,0.0198901095717899,0.5714285714285714,2.350339800979262,0.0187562795593045,False,252,0.0017415742639685,0.0181485353078213,state_slope=downtrend,90,0.0208611811192313,-0.0009710715474414,0.0021241008635104,rolling
DE,1d,state_volume=vol_surge + state_ext=stretched_down + state_slope=downtrend,calendar_2025,ok,2025-01-02 05:00:00+00:00,2025-12-31 05:00:00+00:00,250,9,0.0353827159129976,0.6666666666666666,2.6106230810017346,0.0090377443327784,False,250,0.0034521633580837,0.0319305525549139,state_volume=vol_surge + state_slope=downtrend,10,0.0395562876901584,-0.0041735717771607,0.0051963990509473,rolling
DE,1d,state_volume=vol_surge + state_ext=stretched_down + state_slope=downtrend,calendar_2026_ytd,ok,2026-01-02 05:00:00+00:00,2026-10-02 04:00:00+00:00,189,7,0.0544017844965073,1.0,3.6750990703908335,0.0002377571371847,False,189,0.0094510927271782,0.0449506917693291,state_volume=vol_surge + state_ext=stretched_down,8,0.042790310165451,0.0116114743310562,0.033972724228509,rolling
DE,1d,state_volume=vol_surge + state_ext=stretched_down + state_slope=downtrend,latest_12m,ok,2025-10-02 04:00:00+00:00,2026-10-02 04:00:00+00:00,252,7,0.0544017844965073,1.0,3.6750990703908335,0.0002377571371847,False,252,0.007956805104838,0.0464449793916693,state_volume=vol_surge + state_ext=stretched_down,8,0.042790310165451,0.0116114743310562,0.033972724228509,rolling
DE,1d,state_volume=vol_surge + state_ext=stretched_down + state_slope=downtrend,latest_6m,ok,2026-04-02 04:00:00+00:00,2026-10-02 04:00:00+00:00,127,6,0.0614445321401976,1.0,5.162732828418316,2.433703798487841e-07,False,127,0.0052047623753735,0.056239769764824,state_ext=stretched_down + state_slope=downtrend,13,0.0677746432378497,-0.0063301110976521,3.509299517645559e-10,rolling
DE,1d,state_ext=stretched_down + state_slope=downtrend,all,ok,2006-08-14 04:00:00+00:00,2026-10-02 04:00:00+00:00,5066,1064,0.0108964166553823,0.599624060150376,3.2091689098051277,0.0013311926373495,True,5066,0.0041036351659523,0.0067927814894299,state_ext=stretched_down,1372,0.0088669968930619,0.0020294197623203,0.0013595704662239,rolling
DE,1d,state_ext=stretched_down + state_slope=downtrend,calendar_2024,ok,2024-01-02 05:00:00+00:00,2024-12-31 05:00:00+00:00,252,57,0.0198594457209448,0.7368421052631579,2.8353054945984044,0.0045781883637672,True,252,0.0017415742639685,0.0181178714569763,state_slope=downtrend,90,0.0208611811192313,-0.0010017353982864,0.0021241008635104,rolling
DE,1d,state_ext=stretched_down + state_slope=downtrend,calendar_2025,ok,2025-01-02 05:00:00+00:00,2025-12-31 05:00:00+00:00,250,50,0.017070648897581,0.66,2.5596751246534923,0.0104770053932101,True,250,0.0034521633580837,0.0136184855394973,state_ext=stretched_down,62,0.0162662633552718,0.0008043855423092,0.0044013636650994,rolling
DE,1d,state_ext=stretched_down + state_slope=downtrend,calendar_2026_ytd,ok,2026-01-02 05:00:00+00:00,2026-10-02 04:00:00+00:00,189,27,0.033717362558747,0.7407407407407407,2.5195014906194206,0.0117521142772722,True,189,0.0094510927271782,0.0242662698315687,state_slope=downtrend,49,0.0196505075339463,0.0140668550248006,0.0267000512866004,rolling
DE,1d,state_ext=stretched_down + state_slope=downtrend,latest_12m,ok,2025-10-02 04:00:00+00:00,2026-10-02 04:00:00+00:00,252,34,0.0311135118272996,0.7647058823529411,2.63273275251901,0.0084700965445148,True,252,0.007956805104838,0.0231567067224615,state_slope=downtrend,66,0.0184232443891653,0.0126902674381343,0.0121614751102685,rolling
DE,1d,state_ext=stretched_down + state_slope=downtrend,latest_6m,ok,2026-04-02 04:00:00+00:00,2026-10-02 04:00:00+00:00,127,13,0.0677746432378497,1.0,6.274424417798071,3.509299517645559e-10,False,127,0.0052047623753735,0.0625698808624762,state_ext=stretched_down,28,0.0311159025740708,0.0366587406637789,0.0288567228670704,rolling
DE,1d,cross_TLT_state_ext=stretched_up + state_ext=stretched_down,all,ok,2006-08-14 04:00:00+00:00,2026-10-02 04:00:00+00:00,5066,477,0.0137213799531615,0.6184486373165619,3.2239392586170705,0.0012644021606174,True,5066,0.0041036351659523,0.0096177447872092,state_ext=stretched_down,1372,0.0088669968930619,0.0048543830600996,0.0013595704662239,rolling
DE,1d,cross_TLT_state_ext=stretched_up + state_ext=stretched_down,calendar_2024,ok,2024-01-02 05:00:00+00:00,2024-12-31 05:00:00+00:00,252,15,0.0101516433496688,0.5333333333333333,0.5699774603419627,0.5686929856829548,False,252,0.0017415742639685,0.0084100690857003,state_ext=stretched_down,79,0.0097184200939485,0.0004332232557202,0.1014517896525735,rolling
DE,1d,cross_TLT_state_ext=stretched_up + state_ext=stretched_down,calendar_2025,ok,2025-01-02 05:00:00+00:00,2025-12-31 05:00:00+00:00,250,15,0.0150517435508898,0.5333333333333333,2.122148436674554,0.0338252750016994,True,250,0.0034521633580837,0.0115995801928061,state_ext=stretched_down,62,0.0162662633552718,-0.0012145198043819,0.0044013636650994,rolling
DE,1d,cross_TLT_state_ext=stretched_up + state_ext=stretched_down,calendar_2026_ytd,ok,2026-01-02 05:00:00+00:00,2026-10-02 04:00:00+00:00,189,0,,,,,False,189,0.0094510927271782,,state_ext=stretched_down,46,0.0172723431718152,,0.1182128645405873,rolling
DE,1d,cross_TLT_state_ext=stretched_up + state_ext=stretched_down,latest_12m,ok,2025-10-02 04:00:00+00:00,2026-10-02 04:00:00+00:00,252,2,0.02665961649685,1.0,147.6258990515455,0.0,False,252,0.007956805104838,0.018702811392012,state_ext=stretched_down,58,0.01743354817749,0.00922606831936,0.0506699397188414,rolling
DE,1d,cross_TLT_state_ext=stretched_up + state_ext=stretched_down,latest_6m,ok,2026-04-02 04:00:00+00:00,2026-10-02 04:00:00+00:00,127,0,,,,,False,127,0.0052047623753735,,state_ext=stretched_down,28,0.0311159025740708,,0.0288567228670704,rolling
DE,1d,cross_USO_state_slope=downtrend + cross_TLT_state_ext=stretched_up + state_ext=stretched_down,all,ok,2006-08-14 04:00:00+00:00,2026-10-02 04:00:00+00:00,5066,276,0.0164566118039685,0.644927536231884,2.8937669220072486,0.0038065060344902,True,5066,0.0041036351659523,0.0123529766380162,cross_TLT_state_ext=stretched_up + state_ext=stretched_down,477,0.0137213799531615,0.0027352318508069,0.0012644021606174,rolling
DE,1d,cross_USO_state_slope=downtrend + cross_TLT_state_ext=stretched_up + state_ext=stretched_down,calendar_2024,ok,2024-01-02 05:00:00+00:00,2024-12-31 05:00:00+00:00,252,13,0.0069841023150396,0.5384615384615384,0.3802556284393254,0.703755669395868,False,252,0.0017415742639685,0.0052425280510711,cross_USO_state_slope=downtrend + state_ext=stretched_down,22,0.0117982199608904,-0.0048141176458508,0.3674754513298031,rolling
DE,1d,cross_USO_state_slope=downtrend + cross_TLT_state_ext=stretched_up + state_ext=stretched_down,calendar_2025,ok,2025-01-02 05:00:00+00:00,2025-12-31 05:00:00+00:00,250,4,0.0348837645315219,1.0,6.779223180886672,1.2082335132390654e-11,False,250,0.0034521633580837,0.0314316011734381,cross_USO_state_slope=downtrend + cross_TLT_state_ext=stretched_up,14,0.0302619476365837,0.0046218168949381,1.9965362696439115e-11,rolling
DE,1d,cross_USO_state_slope=downtrend + cross_TLT_state_ext=stretched_up + state_ext=stretched_down,calendar_2026_ytd,ok,2026-01-02 05:00:00+00:00,2026-10-02 04:00:00+00:00,189,0,,,,,False,189,0.0094510927271782,,cross_USO_state_slope=downtrend + state_ext=stretched_down,7,0.0572704511825094,,1.4590702625438824e-05,rolling
DE,1d,cross_USO_state_slope=downtrend + cross_TLT_state_ext=stretched_up + state_ext=stretched_down,latest_12m,ok,2025-10-02 04:00:00+00:00,2026-10-02 04:00:00+00:00,252,2,0.02665961649685,1.0,147.6258990515455,0.0,False,252,0.007956805104838,0.018702811392012,cross_USO_state_slope=downtrend + state_ext=stretched_down,13,0.0417011579050888,-0.0150415414082387,1.315928273459832e-06,rolling
DE,1d,cross_USO_state_slope=downtrend + cross_TLT_state_ext=stretched_up + state_ext=stretched_down,latest_6m,ok,2026-04-02 04:00:00+00:00,2026-10-02 04:00:00+00:00,127,0,,,,,False,127,0.0052047623753735,,cross_USO_state_slope=downtrend + state_ext=stretched_down,7,0.0572704511825094,,1.4590702625438824e-05,rolling
DE,1d,state_ext=stretched_down + state_ret_5=ret_down,all,ok,2006-08-14 04:00:00+00:00,2026-10-02 04:00:00+00:00,5066,1015,0.009403262061095,0.5832512315270936,3.0763627402516085,0.0020954275419762,True,5066,0.0041036351659523,0.0052996268951426,state_ext=stretched_down,1372,0.0088669968930619,0.000536265168033,0.0013595704662239,rolling
DE,1d,state_ext=stretched_down + state_ret_5=ret_down,calendar_2024,ok,2024-01-02 05:00:00+00:00,2024-12-31 05:00:00+00:00,252,57,0.0073304918324665,0.6140350877192983,1.163979242537473,0.2444324239344004,False,252,0.0017415742639685,0.005588917568498,state_ext=stretched_down,79,0.0097184200939485,-0.0023879282614819,0.1014517896525735,rolling
DE,1d,state_ext=stretched_down + state_ret_5=ret_down,calendar_2025,ok,2025-01-02 05:00:00+00:00,2025-12-31 05:00:00+00:00,250,49,0.020301328081428,0.7755102040816326,3.1685426922556963,0.0015320524639887,True,250,0.0034521633580837,0.0168491647233443,state_ext=stretched_down,62,0.0162662633552718,0.0040350647261562,0.0044013636650994,rolling
DE,1d,state_ext=stretched_down + state_ret_5=ret_down,calendar_2026_ytd,ok,2026-01-02 05:00:00+00:00,2026-10-02 04:00:00+00:00,189,36,0.0155701509137118,0.6388888888888888,1.320379046959672,0.1867084956885647,False,189,0.0094510927271782,0.0061190581865335,state_ext=stretched_down,46,0.0172723431718152,-0.0017021922581033,0.1182128645405873,rolling
DE,1d,state_ext=stretched_down + state_ret_5=ret_down,latest_12m,ok,2025-10-02 04:00:00+00:00,2026-10-02 04:00:00+00:00,252,47,0.0155510153931131,0.6808510638297872,1.6833026759346874,0.0923165126648599,False,252,0.007956805104838,0.007594210288275,state_ext=stretched_down,58,0.01743354817749,-0.0018825327843769,0.0506699397188414,rolling
DE,1d,state_ext=stretched_down + state_ret_5=ret_down,latest_6m,ok,2026-04-02 04:00:00+00:00,2026-10-02 04:00:00+00:00,127,23,0.0242813661008512,0.7391304347826086,1.6602244576176768,0.0968693061918464,False,127,0.0052047623753735,0.0190766037254776,state_ext=stretched_down,28,0.0311159025740708,-0.0068345364732196,0.0288567228670704,rolling
DUK,1d,cross_USO_state_slope=downtrend + cross_TLT_state_slope=uptrend + state_ext=neutral,all,ok,2006-08-14 04:00:00+00:00,2026-10-02 04:00:00+00:00,5066,274,0.0074152481993909,0.6532846715328468,3.4944825038651675,0.0004749817407929,True,5066,0.0017909725100553,0.0056242756893355,cross_TLT_state_slope=uptrend + state_ext=neutral,631,0.0054489144667897,0.0019663337326011,0.0002074362123407,rolling
DUK,1d,cross_USO_state_slope=downtrend + cross_TLT_state_slope=uptrend + state_ext=neutral,calendar_2024,ok,2024-01-02 05:00:00+00:00,2024-12-31 05:00:00+00:00,252,5,-0.0001952022828433,0.6,-0.0354592141200167,0.9717135683247476,False,252,0.0025840678196964,-0.0027792701025398,cross_USO_state_slope=downtrend,59,0.0025245122042092,-0.0027197144870526,0.523151992148126,rolling
DUK,1d,cross_USO_state_slope=downtrend + cross_TLT_state_slope=uptrend + state_ext=neutral,calendar_2025,ok,2025-01-02 05:00:00+00:00,2025-12-31 05:00:00+00:00,250,9,0.017527411514766,0.7777777777777778,1.7197031156519662,0.0854864212058186,False,250,0.0024835216753711,0.0150438898393948,cross_TLT_state_slope=uptrend + state_ext=neutral,35,0.0069758057503055,0.0105516057644604,0.1271031686227184,rolling
DUK,1d,cross_USO_state_slope=downtrend + cross_TLT_state_slope=uptrend + state_ext=neutral,calendar_2026_ytd,ok,2026-01-02 05:00:00+00:00,2026-10-02 04:00:00+00:00,189,8,0.0062293752769274,0.375,0.9917810773089782,0.3213043303246667,False,189,0.0001523794593454,0.0060769958175819,cross_TLT_state_slope=uptrend,27,0.0072102130636824,-0.000980837786755,0.122629968975009,rolling
DUK,1d,cross_USO_state_slope=downtrend + cross_TLT_state_slope=uptrend + state_ext=neutral,latest_12m,ok,2025-10-02 04:00:00+00:00,2026-10-02 04:00:00+00:00,252,10,0.0009223210111098,0.3,0.1456808435490286,0.8841733446500217,False,252,-0.0008565137960993,0.0017788348072091,cross_USO_state_slope=downtrend + state_ext=neutral,29,0.0015330435928002,-0.0006107225816904,0.7268061984361429,rolling
DUK,1d,cross_USO_state_slope=downtrend + cross_TLT_state_slope=uptrend + state_ext=neutral,latest_6m,ok,2026-04-02 04:00:00+00:00,2026-10-02 04:00:00+00:00,127,8,0.0062293752769274,0.375,0.9917810773089782,0.3213043303246667,False,127,-0.0048492991184535,0.011078674395381,cross_TLT_state_slope=uptrend + state_ext=neutral,8,0.0062293752769274,0.0,0.3213043303246667,rolling
EEM,1d,state_relvol=relvol_elevated + state_ext=stretched_down,all,ok,2006-08-14 04:00:00+00:00,2026-10-02 04:00:00+00:00,5066,101,0.01485982166047,0.6336633663366337,3.472379387022763,0.0005158667559359,True,5066,0.0015130860628471,0.0133467355976228,state_relvol=relvol_elevated,151,0.0104229434957366,0.0044368781647333,0.0008441069054176,rolling
EEM,1d,state_relvol=relvol_elevated + state_ext=stretched_down,calendar_2024,ok,2024-01-02 05:00:00+00:00,2024-12-31 05:00:00+00:00,252,2,0.0248099746427106,1.0,2.6077719495875145,0.0091133647230607,False,252,0.0017024222145629,0.0231075524281476,state_relvol=relvol_elevated,6,0.0173861134380837,0.0074238612046268,4.3146952677375334e-10,rolling
EEM,1d,state_relvol=relvol_elevated + state_ext=stretched_down,calendar_2025,ok,2025-01-02 05:00:00+00:00,2025-12-31 05:00:00+00:00,250,5,0.050382536134318,1.0,5.596835661094396,2.1829945406892648e-08,False,250,0.0066369112211757,0.0437456249131423,state_relvol=relvol_elevated,7,0.0395552778111175,0.0108272583232005,0.0003300435934108,rolling
EEM,1d,state_relvol=relvol_elevated + state_ext=stretched_down,calendar_2026_ytd,ok,2026-01-02 05:00:00+00:00,2026-10-02 04:00:00+00:00,189,1,0.0042505303256006,1.0,,,False,189,0.0050433198030451,-0.0007927894774445,state_relvol=relvol_elevated,2,0.010460461390615,-0.0062099310650144,0.0007545619444924,rolling
EEM,1d,state_relvol=relvol_elevated + state_ext=stretched_down,latest_12m,ok,2025-10-02 04:00:00+00:00,2026-10-02 04:00:00+00:00,252,2,0.0235885941594355,1.0,2.439602471283981,0.0147034319615464,False,252,0.0049841755258034,0.0186044186336321,state_relvol=relvol_elevated,3,0.0212825269248335,0.002306067234602,0.0204386443952511,rolling
EEM,1d,state_relvol=relvol_elevated + state_ext=stretched_down,latest_6m,ok,2026-04-02 04:00:00+00:00,2026-10-02 04:00:00+00:00,127,0,,,,,False,127,0.0063289386235551,,state_ext=stretched_down,24,0.0185961920705421,,0.051658117945295,rolling
EQIX,1d,cross_USO_state_slope=downtrend + cross_TLT_state_slope=uptrend + state_ext=stretched_down,all,ok,2006-08-14 04:00:00+00:00,2026-10-02 04:00:00+00:00,5066,203,0.0205877599828953,0.6551724137931034,3.2695903795225227,0.001077033243404,True,5066,0.003962549210785,0.0166252107721103,cross_TLT_state_slope=uptrend + state_ext=stretched_down,355,0.0172447115364255,0.0033430484464698,0.0006867547208257,rolling
EQIX,1d,cross_USO_state_slope=downtrend + cross_TLT_state_slope=uptrend + state_ext=stretched_down,calendar_2024,ok,2024-01-02 05:00:00+00:00,2024-12-31 05:00:00+00:00,252,1,0.0659902879345446,1.0,,,False,252,0.0041483565350993,0.0618419313994453,cross_USO_state_slope=downtrend + state_ext=stretched_down,11,0.0638811761023304,0.0021091118322141,0.0010503377930761,rolling
EQIX,1d,cross_USO_state_slope=downtrend + cross_TLT_state_slope=uptrend + state_ext=stretched_down,calendar_2025,ok,2025-01-02 05:00:00+00:00,2025-12-31 05:00:00+00:00,250,7,-0.0020381554583742,0.5714285714285714,-0.2318733962481374,0.8166363481587235,False,250,-0.0031377192255673,0.0010995637671931,cross_USO_state_slope=downtrend + state_ext=stretched_down,25,0.0144501833723852,-0.0164883388307595,0.0606858571285697,rolling
EQIX,1d,cross_USO_state_slope=downtrend + cross_TLT_state_slope=uptrend + state_ext=stretched_down,calendar_2026_ytd,ok,2026-01-02 05:00:00+00:00,2026-10-02 04:00:00+00:00,189,5,0.0278056263588718,0.8,3.093870116745462,0.0019756395647361,False,189,0.0081311498594379,0.0196744764994339,cross_TLT_state_slope=uptrend + state_ext=stretched_down,5,0.0278056263588718,0.0,0.0019756395647361,rolling
EQIX,1d,cross_USO_state_slope=downtrend + cross_TLT_state_slope=uptrend + state_ext=stretched_down,latest_12m,ok,2025-10-02 04:00:00+00:00,2026-10-02 04:00:00+00:00,252,5,0.0278056263588718,0.8,3.093870116745462,0.0019756395647361,False,252,0.0060012573741106,0.0218043689847612,cross_TLT_state_slope=uptrend + state_ext=stretched_down,6,0.0282337305951493,-0.0004281042362774,0.0002572980082726,rolling
EQIX,1d,cross_USO_state_slope=downtrend + cross_TLT_state_slope=uptrend + state_ext=stretched_down,latest_6m,ok,2026-04-02 04:00:00+00:00,2026-10-02 04:00:00+00:00,127,5,0.0278056263588718,0.8,3.093870116745462,0.0019756395647361,False,127,0.0009929841789113,0.0268126421799604,cross_TLT_state_slope=uptrend + state_ext=stretched_down,5,0.0278056263588718,0.0,0.0019756395647361,rolling
EQIX,1d,cross_USO_state_ext=stretched_down + cross_TLT_state_slope=uptrend + state_ext=stretched_down,all,ok,2006-08-14 04:00:00+00:00,2026-10-02 04:00:00+00:00,5066,208,0.020127795007331,0.6442307692307693,3.045834922018766,0.0023203519165564,True,5066,0.003962549210785,0.016165245796546,cross_TLT_state_slope=uptrend + state_ext=stretched_down,355,0.0172447115364255,0.0028830834709055,0.0006867547208257,rolling
EQIX,1d,cross_USO_state_ext=stretched_down + cross_TLT_state_slope=uptrend + state_ext=stretched_down,calendar_2024,ok,2024-01-02 05:00:00+00:00,2024-12-31 05:00:00+00:00,252,1,0.0659902879345446,1.0,,,False,252,0.0041483565350993,0.0618419313994453,cross_USO_state_ext=stretched_down + state_ext=stretched_down,14,0.0455300401716657,0.0204602477628789,0.0413410548491373,rolling
EQIX,1d,cross_USO_state_ext=stretched_down + cross_TLT_state_slope=uptrend + state_ext=stretched_down,calendar_2025,ok,2025-01-02 05:00:00+00:00,2025-12-31 05:00:00+00:00,250,8,-0.0062208529544009,0.5,-0.7255525822708186,0.4681130988919091,False,250,-0.0031377192255673,-0.0030831337288335,cross_USO_state_ext=stretched_down + state_ext=stretched_down,28,0.0083514007051738,-0.0145722536595747,0.1742363181078927,rolling
EQIX,1d,cross_USO_state_ext=stretched_down + cross_TLT_state_slope=uptrend + state_ext=stretched_down,calendar_2026_ytd,ok,2026-01-02 05:00:00+00:00,2026-10-02 04:00:00+00:00,189,5,0.0278056263588718,0.8,3.093870116745462,0.0019756395647361,False,189,0.0081311498594379,0.0196744764994339,cross_TLT_state_slope=uptrend + state_ext=stretched_down,5,0.0278056263588718,0.0,0.0019756395647361,rolling
EQIX,1d,cross_USO_state_ext=stretched_down + cross_TLT_state_slope=uptrend + state_ext=stretched_down,latest_12m,ok,2025-10-02 04:00:00+00:00,2026-10-02 04:00:00+00:00,252,5,0.0278056263588718,0.8,3.093870116745462,0.0019756395647361,False,252,0.0060012573741106,0.0218043689847612,cross_TLT_state_slope=uptrend + state_ext=stretched_down,6,0.0282337305951493,-0.0004281042362774,0.0002572980082726,rolling
EQIX,1d,cross_USO_state_ext=stretched_down + cross_TLT_state_slope=uptrend + state_ext=stretched_down,latest_6m,ok,2026-04-02 04:00:00+00:00,2026-10-02 04:00:00+00:00,127,5,0.0278056263588718,0.8,3.093870116745462,0.0019756395647361,False,127,0.0009929841789113,0.0268126421799604,cross_TLT_state_slope=uptrend + state_ext=stretched_down,5,0.0278056263588718,0.0,0.0019756395647361,rolling
ETN,1d,cross_USO_state_slope=downtrend + cross_TLT_state_ext=stretched_up + state_ext=stretched_down,all,ok,2006-08-14 04:00:00+00:00,2026-10-02 04:00:00+00:00,5066,296,0.0138456453068649,0.625,2.600517800087576,0.0093083189872427,True,5066,0.0037148083524269,0.010130836954438,cross_USO_state_slope=downtrend + cross_TLT_state_ext=stretched_up,559,0.0114410663875304,0.0024045789193344,0.0012516491281351,rolling
ETN,1d,cross_USO_state_slope=downtrend + cross_TLT_state_ext=stretched_up + state_ext=stretched_down,calendar_2024,ok,2024-01-02 05:00:00+00:00,2024-12-31 05:00:00+00:00,252,15,0.0347354568459141,0.8666666666666667,2.487382450615048,0.0128686973397824,True,252,0.0081423882378165,0.0265930686080975,cross_USO_state_slope=downtrend + cross_TLT_state_ext=stretched_up,29,0.0318965307137308,0.0028389261321832,0.0031650049930893,rolling
ETN,1d,cross_USO_state_slope=downtrend + cross_TLT_state_ext=stretched_up + state_ext=stretched_down,calendar_2025,ok,2025-01-02 05:00:00+00:00,2025-12-31 05:00:00+00:00,250,7,0.0018919504280442,0.4285714285714285,0.1280736123019563,0.8980907183811473,False,250,4.691964600988663e-05,0.0018450307820343,cross_USO_state_slope=downtrend,78,0.011666944779625,-0.0097749943515808,0.0867242210309171,rolling
ETN,1d,cross_USO_state_slope=downtrend + cross_TLT_state_ext=stretched_up + state_ext=stretched_down,calendar_2026_ytd,ok,2026-01-02 05:00:00+00:00,2026-10-02 04:00:00+00:00,189,0,,,,,False,189,0.0089977289077859,,cross_USO_state_slope=downtrend + state_ext=stretched_down,4,0.0489111237090739,,7.501178513891205e-07,rolling
ETN,1d,cross_USO_state_slope=downtrend + cross_TLT_state_ext=stretched_up + state_ext=stretched_down,latest_12m,ok,2025-10-02 04:00:00+00:00,2026-10-02 04:00:00+00:00,252,1,0.0750911233779853,1.0,,,False,252,0.0040772763441695,0.0710138470338158,cross_TLT_state_ext=stretched_up + state_ext=stretched_down,2,0.0586442864744538,0.0164468369035315,9.938716516444401e-13,rolling
ETN,1d,cross_USO_state_slope=downtrend + cross_TLT_state_ext=stretched_up + state_ext=stretched_down,latest_6m,ok,2026-04-02 04:00:00+00:00,2026-10-02 04:00:00+00:00,127,0,,,,,False,127,0.0072097864993137,,cross_USO_state_slope=downtrend + state_ext=stretched_down,4,0.0489111237090739,,7.501178513891205e-07,rolling
GD,1d,state_ext=neutral + state_slope=uptrend + state_vol=high_vol,all,ok,2006-08-14 04:00:00+00:00,2026-10-02 04:00:00+00:00,5066,85,0.0180996920942304,0.7647058823529411,4.6996579852601,2.605975559788476e-06,True,5066,0.0023338848131969,0.0157658072810335,state_slope=uptrend + state_vol=high_vol,492,0.0075934127642729,0.0105062793299575,0.0086338071551304,rolling
GD,1d,state_ext=neutral + state_slope=uptrend + state_vol=high_vol,calendar_2024,ok,2024-01-02 05:00:00+00:00,2024-12-31 05:00:00+00:00,252,0,,,,,False,252,0.0008794717679897,,state_slope=uptrend + state_vol=high_vol,5,0.0107639092767151,,4.538856007929581e-06,rolling
GD,1d,state_ext=neutral + state_slope=uptrend + state_vol=high_vol,calendar_2025,ok,2025-01-02 05:00:00+00:00,2025-12-31 05:00:00+00:00,250,11,0.0036269717519581,0.7272727272727273,1.167604598449918,0.2429662944723585,False,250,0.0065759749700116,-0.0029490032180534,state_ext=neutral,120,0.0137239482016778,-0.0100969764497197,1.0851748478479806e-05,rolling
GD,1d,state_ext=neutral + state_slope=uptrend + state_vol=high_vol,calendar_2026_ytd,ok,2026-01-02 05:00:00+00:00,2026-10-02 04:00:00+00:00,189,16,0.0114250144650317,0.625,1.9107243655151789,0.0560400118964501,False,189,-0.0009617917924832,0.012386806257515,state_ext=neutral + state_vol=high_vol,33,0.0128730981884231,-0.0014480837233913,0.1602768109922165,rolling
GD,1d,state_ext=neutral + state_slope=uptrend + state_vol=high_vol,latest_12m,ok,2025-10-02 04:00:00+00:00,2026-10-02 04:00:00+00:00,252,16,0.0114250144650317,0.625,1.9107243655151789,0.0560400118964501,False,252,-0.0002210580109094,0.0116460724759412,state_ext=neutral + state_vol=high_vol,33,0.0128730981884231,-0.0014480837233913,0.1602768109922165,rolling
GD,1d,state_ext=neutral + state_slope=uptrend + state_vol=high_vol,latest_6m,ok,2026-04-02 04:00:00+00:00,2026-10-02 04:00:00+00:00,127,10,0.0165884658220288,0.8,3.4551215720871857,0.0005500447430444,False,127,-0.0013593181963299,0.0179477840183588,state_ext=neutral + state_vol=high_vol,17,0.0237270757782573,-0.0071386099562284,0.0583712139897976,rolling
GE,1d,cross_TLT_state_vol=high_vol + state_ext=stretched_up,all,ok,2006-08-14 04:00:00+00:00,2026-10-02 04:00:00+00:00,5066,714,0.0108622978028496,0.5882352941176471,3.544916600089005,0.000392737330028,True,5066,0.0020518569361345,0.0088104408667151,state_ext=stretched_up,1943,0.0049779319735794,0.0058843658292702,0.0089212136299838,rolling
GE,1d,cross_TLT_state_vol=high_vol + state_ext=stretched_up,calendar_2024,ok,2024-01-02 05:00:00+00:00,2024-12-31 05:00:00+00:00,252,47,0.0118725083416967,0.6595744680851063,1.4034199776650722,0.1604916391211006,False,252,0.0113591335509891,0.0005133747907075,cross_TLT_state_vol=high_vol,94,0.0105450031019952,0.0013275052397015,0.0702088806796563,rolling
GE,1d,cross_TLT_state_vol=high_vol + state_ext=stretched_up,calendar_2025,ok,2025-01-02 05:00:00+00:00,2025-12-31 05:00:00+00:00,250,12,0.0474922889916411,1.0,10.84711547787258,0.0,False,250,0.0134648258315597,0.0340274631600814,cross_TLT_state_vol=high_vol,24,0.0464571194671999,0.0010351695244411,3.0637121106735776e-07,rolling
GE,1d,cross_TLT_state_vol=high_vol + state_ext=stretched_up,calendar_2026_ytd,ok,2026-01-02 05:00:00+00:00,2026-10-02 04:00:00+00:00,189,0,,,,,False,189,-0.0003169920441686,,state_ext=stretched_up,82,-0.0019507373742003,,0.8210975193527146,rolling
GE,1d,cross_TLT_state_vol=high_vol + state_ext=stretched_up,latest_12m,ok,2025-10-02 04:00:00+00:00,2026-10-02 04:00:00+00:00,252,0,,,,,False,252,0.0012710692424617,,state_ext=stretched_up,108,0.000218191338885,,0.975860992041158,rolling
GE,1d,cross_TLT_state_vol=high_vol + state_ext=stretched_up,latest_6m,ok,2026-04-02 04:00:00+00:00,2026-10-02 04:00:00+00:00,127,0,,,,,False,127,0.0023910606439219,,state_ext=stretched_up,56,-0.0013559588844187,,0.9031998971961146,rolling
GILD,1d,cross_TLT_state_slope=uptrend + state_slope=downtrend,all,ok,2006-08-14 04:00:00+00:00,2026-10-02 04:00:00+00:00,5066,541,0.0124979353517281,0.6395563770794824,4.412647598682873,1.021141335022513e-05,True,5066,0.0030706531077025,0.0094272822440255,cross_TLT_state_slope=uptrend,1529,0.0064639053895269,0.0060340299622011,0.0003795503938395,rolling
GILD,1d,cross_TLT_state_slope=uptrend + state_slope=downtrend,calendar_2024,ok,2024-01-02 05:00:00+00:00,2024-12-31 05:00:00+00:00,252,14,0.0431886638677765,0.8571428571428571,3.1972433911985823,0.0013874779995244,False,252,0.0028269740472061,0.0403616898205703,cross_TLT_state_slope=uptrend,77,0.0081017857079244,0.035086878159852,0.2093394963869368,rolling
GILD,1d,cross_TLT_state_slope=uptrend + state_slope=downtrend,calendar_2025,ok,2025-01-02 05:00:00+00:00,2025-12-31 05:00:00+00:00,250,5,-0.008772288610908,0.4,-0.9276564862028688,0.3535857868669487,False,250,0.0067452173838014,-0.0155175059947095,state_slope=downtrend,68,0.0082442967069407,-0.0170165853178488,0.2602329395452183,rolling
GILD,1d,cross_TLT_state_slope=uptrend + state_slope=downtrend,calendar_2026_ytd,ok,2026-01-02 05:00:00+00:00,2026-10-02 04:00:00+00:00,189,13,0.0151123330021294,0.6923076923076923,1.6729437281259123,0.0943383743141732,False,189,0.0058296880275398,0.0092826449745896,cross_TLT_state_slope=uptrend,27,0.0053921143672925,0.0097202186348368,0.5620344529060259,rolling
GILD,1d,cross_TLT_state_slope=uptrend + state_slope=downtrend,latest_12m,ok,2025-10-02 04:00:00+00:00,2026-10-02 04:00:00+00:00,252,13,0.0151123330021294,0.6923076923076923,1.6729437281259123,0.0943383743141732,False,252,0.0057197791574541,0.0093925538446752,cross_TLT_state_slope=uptrend,40,0.0044895339120666,0.0106227990900627,0.5582764313976991,rolling
GILD,1d,cross_TLT_state_slope=uptrend + state_slope=downtrend,latest_6m,ok,2026-04-02 04:00:00+00:00,2026-10-02 04:00:00+00:00,127,11,0.0192141615566446,0.7272727272727273,1.888359205522757,0.058977744024725,False,127,0.0023183655669331,0.0168957959897114,cross_TLT_state_slope=uptrend,14,0.0246596614494536,-0.0054454998928089,0.0277826961138836,rolling
GILD,1d,cross_TLT_state_slope=uptrend + state_ext=stretched_down,all,ok,2006-08-14 04:00:00+00:00,2026-10-02 04:00:00+00:00,5066,426,0.0124582733858199,0.6291079812206573,3.670553922243995,0.000242025403645,True,5066,0.0030706531077025,0.0093876202781173,state_ext=stretched_down,1444,0.0082674148667569,0.004190858519063,1.5633261298830805e-06,rolling
GILD,1d,cross_TLT_state_slope=uptrend + state_ext=stretched_down,calendar_2024,ok,2024-01-02 05:00:00+00:00,2024-12-31 05:00:00+00:00,252,3,0.0494470236179683,1.0,2.7021144457546766,0.0068900041920221,False,252,0.0028269740472061,0.0466200495707621,cross_TLT_state_slope=uptrend,77,0.0081017857079244,0.0413452379100438,0.2093394963869368,rolling
GILD,1d,cross_TLT_state_slope=uptrend + state_ext=stretched_down,calendar_2025,ok,2025-01-02 05:00:00+00:00,2025-12-31 05:00:00+00:00,250,3,0.0267114687957052,0.6666666666666666,1.996141265224332,0.0459185484736281,False,250,0.0067452173838014,0.0199662514119037,state_ext=stretched_down,58,0.0229730272570682,0.0037384415386369,5.813818945510363e-05,rolling
GILD,1d,cross_TLT_state_slope=uptrend + state_ext=stretched_down,calendar_2026_ytd,ok,2026-01-02 05:00:00+00:00,2026-10-02 04:00:00+00:00,189,10,0.014491334054422,0.8,2.150727749277036,0.0314976947703065,False,189,0.0058296880275398,0.0086616460268821,cross_TLT_state_slope=uptrend,27,0.0053921143672925,0.0090992196871294,0.5620344529060259,rolling
GILD,1d,cross_TLT_state_slope=uptrend + state_ext=stretched_down,latest_12m,ok,2025-10-02 04:00:00+00:00,2026-10-02 04:00:00+00:00,252,10,0.014491334054422,0.8,2.150727749277036,0.0314976947703065,False,252,0.0057197791574541,0.0087715548969678,state_ext=stretched_down,60,0.0059117074750937,0.0085796265793282,0.3015796323754411,rolling
GILD,1d,cross_TLT_state_slope=uptrend + state_ext=stretched_down,latest_6m,ok,2026-04-02 04:00:00+00:00,2026-10-02 04:00:00+00:00,127,8,0.0169127454721592,0.75,1.965639949280677,0.0493402159911524,False,127,0.0023183655669331,0.014594379905226,cross_TLT_state_slope=uptrend,14,0.0246596614494536,-0.0077469159772943,0.0277826961138836,rolling
GILD,1d,cross_TLT_state_ext=stretched_up + state_ext=stretched_down,all,ok,2006-08-14 04:00:00+00:00,2026-10-02 04:00:00+00:00,5066,368,0.0122940313837058,0.6195652173913043,3.4269069398895518,0.0006104982519405,True,5066,0.0030706531077025,0.0092233782760032,state_ext=stretched_down,1444,0.0082674148667569,0.0040266165169489,1.5633261298830805e-06,rolling
GILD,1d,cross_TLT_state_ext=stretched_up + state_ext=stretched_down,calendar_2024,ok,2024-01-02 05:00:00+00:00,2024-12-31 05:00:00+00:00,252,8,0.0232998825270049,0.75,1.7335834962737824,0.0829920108363904,False,252,0.0028269740472061,0.0204729084797988,cross_TLT_state_ext=stretched_up,60,0.0123936948038477,0.0109061877231572,0.0829813102021761,rolling
GILD,1d,cross_TLT_state_ext=stretched_up + state_ext=stretched_down,calendar_2025,ok,2025-01-02 05:00:00+00:00,2025-12-31 05:00:00+00:00,250,5,0.0062741265987446,0.6,0.2869989605355325,0.7741131161432562,False,250,0.0067452173838014,-0.0004710907850568,state_ext=stretched_down,58,0.0229730272570682,-0.0166989006583236,5.813818945510363e-05,rolling
GILD,1d,cross_TLT_state_ext=stretched_up + state_ext=stretched_down,calendar_2026_ytd,ok,2026-01-02 05:00:00+00:00,2026-10-02 04:00:00+00:00,189,5,0.0195972816643752,0.8,1.983579721294937,0.0473027117045394,False,189,0.0058296880275398,0.0137675936368354,state_ext=stretched_down,51,0.0024325074186798,0.0171647742456954,0.6879656276218757,rolling
GILD,1d,cross_TLT_state_ext=stretched_up + state_ext=stretched_down,latest_12m,ok,2025-10-02 04:00:00+00:00,2026-10-02 04:00:00+00:00,252,5,0.0195972816643752,0.8,1.983579721294937,0.0473027117045394,False,252,0.0057197791574541,0.0138775025069211,state_ext=stretched_down,60,0.0059117074750937,0.0136855741892815,0.3015796323754411,rolling
GILD,1d,cross_TLT_state_ext=stretched_up + state_ext=stretched_down,latest_6m,ok,2026-04-02 04:00:00+00:00,2026-10-02 04:00:00+00:00,127,4,0.0221643356359975,0.75,2.133638995452252,0.0328723433104545,False,127,0.0023183655669331,0.0198459700690643,cross_TLT_state_ext=stretched_up,6,0.0301968167938221,-0.0080324811578245,0.0087745973744646,rolling
GILD,1d,cross_TLT_state_slope=uptrend + state_ext=neutral,all,ok,2006-08-14 04:00:00+00:00,2026-10-02 04:00:00+00:00,5066,496,0.0091833804390815,0.592741935483871,3.4204482066040818,0.0006251803908039,True,5066,0.0030706531077025,0.006112727331379,cross_TLT_state_slope=uptrend,1529,0.0064639053895269,0.0027194750495546,0.0003795503938395,rolling
GILD,1d,cross_TLT_state_slope=uptrend + state_ext=neutral,calendar_2024,ok,2024-01-02 05:00:00+00:00,2024-12-31 05:00:00+00:00,252,27,0.018324305280327,0.7037037037037037,2.4907843911397163,0.0127461442520897,True,252,0.0028269740472061,0.0154973312331209,state_ext=neutral,61,0.0126992538947985,0.0056250513855285,0.0427154031444811,rolling
GILD,1d,cross_TLT_state_slope=uptrend + state_ext=neutral,calendar_2025,ok,2025-01-02 05:00:00+00:00,2025-12-31 05:00:00+00:00,250,28,0.013067452474505,0.5357142857142857,1.4048258046894455,0.1600730837378718,False,250,0.0067452173838014,0.0063222350907036,cross_TLT_state_slope=uptrend,76,0.0074494809762478,0.0056179714982572,0.3279542745275801,rolling
GILD,1d,cross_TLT_state_slope=uptrend + state_ext=neutral,calendar_2026_ytd,ok,2026-01-02 05:00:00+00:00,2026-10-02 04:00:00+00:00,189,12,0.013616443057421,0.6666666666666666,0.8754375431580053,0.3813358796734052,False,189,0.0058296880275398,0.0077867550298812,state_ext=neutral,73,0.0058213084670497,0.0077951345903713,0.3959518641559247,rolling
GILD,1d,cross_TLT_state_slope=uptrend + state_ext=neutral,latest_12m,ok,2025-10-02 04:00:00+00:00,2026-10-02 04:00:00+00:00,252,16,0.0171505590795294,0.6875,1.3912065459745602,0.1641628028194479,False,252,0.0057197791574541,0.0114307799220752,state_ext=neutral,91,0.0063940165315585,0.0107565425479709,0.2740566078903248,rolling
GILD,1d,cross_TLT_state_slope=uptrend + state_ext=neutral,latest_6m,ok,2026-04-02 04:00:00+00:00,2026-10-02 04:00:00+00:00,127,5,0.0442206143491619,0.8,2.2587202903128807,0.0239007895071292,False,127,0.0023183655669331,0.0419022487822288,cross_TLT_state_slope=uptrend,14,0.0246596614494536,0.0195609528997083,0.0277826961138836,rolling
GLD,1d,cross_USO_state_slope=downtrend + cross_TLT_state_ext=stretched_up + state_ext=neutral,all,ok,2006-08-14 04:00:00+00:00,2026-10-02 04:00:00+00:00,5066,202,0.0097172289598615,0.6633663366336634,3.861064018111774,0.0001128943161465,True,5066,0.0019115832477422,0.0078056457121193,cross_USO_state_slope=downtrend + cross_TLT_state_ext=stretched_up,559,0.0069641124132333,0.0027531165466282,0.0006631310720355,rolling
GLD,1d,cross_USO_state_slope=downtrend + cross_TLT_state_ext=stretched_up + state_ext=neutral,calendar_2024,ok,2024-01-02 05:00:00+00:00,2024-12-31 05:00:00+00:00,252,18,0.0127389808186085,0.7222222222222222,2.01381922142502,0.044028516903368,True,252,0.0050964741127978,0.0076425067058107,cross_USO_state_slope=downtrend + state_ext=neutral,34,0.0101563115755769,0.0025826692430316,0.0450707897672024,rolling
GLD,1d,cross_USO_state_slope=downtrend + cross_TLT_state_ext=stretched_up + state_ext=neutral,calendar_2025,ok,2025-01-02 05:00:00+00:00,2025-12-31 05:00:00+00:00,250,2,-0.001326261386554,0.5,-1.7707704721881783,0.0765988780498732,False,250,0.0104307764315015,-0.0117570378180556,cross_USO_state_slope=downtrend + state_ext=neutral,26,0.0132823159312957,-0.0146085773178498,0.0106880603028047,rolling
GLD,1d,cross_USO_state_slope=downtrend + cross_TLT_state_ext=stretched_up + state_ext=neutral,calendar_2026_ytd,ok,2026-01-02 05:00:00+00:00,2026-10-02 04:00:00+00:00,189,0,,,,,False,189,-0.0012261198509777,,cross_TLT_state_ext=stretched_up + state_ext=neutral,4,0.0374342201258829,,0.0,rolling
GLD,1d,cross_USO_state_slope=downtrend + cross_TLT_state_ext=stretched_up + state_ext=neutral,latest_12m,ok,2025-10-02 04:00:00+00:00,2026-10-02 04:00:00+00:00,252,0,,,,,False,252,0.0014897021554007,,cross_TLT_state_ext=stretched_up + state_ext=neutral,4,0.0374342201258829,,0.0,rolling
GLD,1d,cross_USO_state_slope=downtrend + cross_TLT_state_ext=stretched_up + state_ext=neutral,latest_6m,ok,2026-04-02 04:00:00+00:00,2026-10-02 04:00:00+00:00,127,0,,,,,False,127,-0.0047565094612118,,cross_TLT_state_ext=stretched_up,6,0.0082006273110616,,0.3805817822722641,rolling
GOLD,1d,cross_USO_state_slope=downtrend + cross_TLT_state_slope=uptrend + state_ext=stretched_down,all,ok,2014-03-17 04:00:00+00:00,2026-08-31 04:00:00+00:00,3134,127,0.0296314910490851,0.7244094488188977,4.992945871707178,5.94652274088503e-07,True,3134,0.0053208112349922,0.0243106798140928,cross_USO_state_slope=downtrend + cross_TLT_state_slope=uptrend,489,0.0139228162124029,0.0157086748366821,0.000674943041024,rolling
GOLD,1d,cross_USO_state_slope=downtrend + cross_TLT_state_slope=uptrend + state_ext=stretched_down,calendar_2024,ok,2024-01-02 05:00:00+00:00,2024-12-31 05:00:00+00:00,252,14,0.0186847164855623,0.6428571428571429,1.6573802308781371,0.0974426256858325,False,252,0.0016272229246535,0.0170574935609088,cross_USO_state_slope=downtrend + cross_TLT_state_slope=uptrend,32,0.0100842430834346,0.0086004734021277,0.3599197396383142,rolling
GOLD,1d,cross_USO_state_slope=downtrend + cross_TLT_state_slope=uptrend + state_ext=stretched_down,calendar_2025,ok,2025-01-02 05:00:00+00:00,2025-12-31 05:00:00+00:00,250,4,0.0407063854221028,0.75,2.8876345038956104,0.0038815061227917,False,250,0.0078034985806828,0.0329028868414199,cross_USO_state_slope=downtrend + state_ext=stretched_down,17,0.0362240739476648,0.004482311474438,0.0149755210018778,rolling
GOLD,1d,cross_USO_state_slope=downtrend + cross_TLT_state_slope=uptrend + state_ext=stretched_down,calendar_2026_ytd,ok,2026-01-02 05:00:00+00:00,2026-08-31 04:00:00+00:00,166,0,,,,,False,166,0.0086399959367748,,cross_USO_state_slope=downtrend + state_ext=stretched_down,7,0.0040502268872687,,0.8691046940124842,rolling
GOLD,1d,cross_USO_state_slope=downtrend + cross_TLT_state_slope=uptrend + state_ext=stretched_down,latest_12m,ok,2025-09-02 04:00:00+00:00,2026-08-31 04:00:00+00:00,251,0,,,,,False,251,0.0151202340286734,,cross_USO_state_slope=downtrend + state_ext=stretched_down,7,0.0040502268872687,,0.8691046940124842,rolling
GOLD,1d,cross_USO_state_slope=downtrend + cross_TLT_state_slope=uptrend + state_ext=stretched_down,latest_6m,ok,2026-03-02 05:00:00+00:00,2026-08-31 04:00:00+00:00,127,0,,,,,False,127,-0.0064699401953003,,cross_USO_state_slope=downtrend + state_ext=stretched_down,7,0.0040502268872687,,0.8691046940124842,rolling
GOOG,1d,state_ext=neutral + state_slope=flat + state_vol=low_vol,all,ok,2006-08-14 04:00:00+00:00,2026-10-02 04:00:00+00:00,5066,430,0.0064321951951582,0.627906976744186,2.661139144843065,0.0077876766875937,True,5066,0.0041724367323403,0.0022597584628179,state_ext=neutral + state_vol=low_vol,616,0.0068775890102931,-0.0004453938151348,0.0030645699516127,rolling
GOOG,1d,state_ext=neutral + state_slope=flat + state_vol=low_vol,calendar_2024,ok,2024-01-02 05:00:00+00:00,2024-12-31 05:00:00+00:00,252,26,0.0197075676754552,0.8076923076923077,3.579826924034156,0.0003438218563509,True,252,0.0072459586044882,0.0124616090709669,state_slope=flat + state_vol=low_vol,36,0.0199029579505969,-0.0001953902751416,0.0002629708737296,rolling
GOOG,1d,state_ext=neutral + state_slope=flat + state_vol=low_vol,calendar_2025,ok,2025-01-02 05:00:00+00:00,2025-12-31 05:00:00+00:00,250,0,,,,,False,250,0.0107386695305926,,state_ext=neutral + state_vol=low_vol,1,0.0637115058691543,,,rolling
GOOG,1d,state_ext=neutral + state_slope=flat + state_vol=low_vol,calendar_2026_ytd,ok,2026-01-02 05:00:00+00:00,2026-10-02 04:00:00+00:00,189,0,,,,,False,189,0.0030291788337909,,state_ext=neutral + state_vol=low_vol,5,0.0208589481169666,,0.0004171179195462,rolling
GOOG,1d,state_ext=neutral + state_slope=flat + state_vol=low_vol,latest_12m,ok,2025-10-02 04:00:00+00:00,2026-10-02 04:00:00+00:00,252,0,,,,,False,252,0.0075441189791958,,state_ext=neutral + state_vol=low_vol,5,0.0208589481169666,,0.0004171179195462,rolling
GOOG,1d,state_ext=neutral + state_slope=flat + state_vol=low_vol,latest_6m,ok,2026-04-02 04:00:00+00:00,2026-10-02 04:00:00+00:00,127,0,,,,,False,127,0.0058369771570063,,state_vol=low_vol,7,0.0183501075936386,,0.0356028982494185,rolling
GOOGL,1d,state_ext=neutral + state_slope=flat + state_vol=low_vol,all,ok,2006-08-14 04:00:00+00:00,2026-10-02 04:00:00+00:00,5066,425,0.0072504866345586,0.6329411764705882,2.8040654481467957,0.0050462660462291,True,5066,0.0041791759773816,0.003071310657177,state_ext=neutral + state_vol=low_vol,609,0.0072453571726106,5.129461948028859e-06,0.0020853160873413,rolling
GOOGL,1d,state_ext=neutral + state_slope=flat + state_vol=low_vol,calendar_2024,ok,2024-01-02 05:00:00+00:00,2024-12-31 05:00:00+00:00,252,25,0.018442416592545,0.8,3.397455615707184,0.000680156203781,True,252,0.0073510745433978,0.0110913420491471,state_ext=neutral + state_vol=low_vol,30,0.0199096825895649,-0.0014672659970199,0.0002311418680773,rolling
GOOGL,1d,state_ext=neutral + state_slope=flat + state_vol=low_vol,calendar_2025,ok,2025-01-02 05:00:00+00:00,2025-12-31 05:00:00+00:00,250,0,,,,,False,250,0.0108653569382825,,state_vol=low_vol,13,0.0275872735873776,,0.0251811632774392,rolling
GOOGL,1d,state_ext=neutral + state_slope=flat + state_vol=low_vol,calendar_2026_ytd,ok,2026-01-02 05:00:00+00:00,2026-10-02 04:00:00+00:00,189,1,-0.0673697959344073,0.0,,,False,189,0.0033567327446136,-0.070726528679021,state_ext=neutral + state_vol=low_vol,4,0.0085818936847641,-0.0759516896191714,0.6244063400224773,rolling
GOOGL,1d,state_ext=neutral + state_slope=flat + state_vol=low_vol,latest_12m,ok,2025-10-02 04:00:00+00:00,2026-10-02 04:00:00+00:00,252,1,-0.0673697959344073,0.0,,,False,252,0.0078520698526254,-0.0752218657870327,state_ext=neutral + state_vol=low_vol,4,0.0085818936847641,-0.0759516896191714,0.6244063400224773,rolling
GOOGL,1d,state_ext=neutral + state_slope=flat + state_vol=low_vol,latest_6m,ok,2026-04-02 04:00:00+00:00,2026-10-02 04:00:00+00:00,127,0,,,,,False,127,0.0059936271077449,,state_vol=low_vol,3,0.0377531286665733,,0.0,rolling
